familia,unidade_geografica,ano,variavel,valor,unidade_medida,selo,nivel_fonte,fonte,metodo,nota
demografia,Cidade de Tete,2025,cagr_2017_2025,5.177,%/ano,modelado,A,"HDX COD-PS (UNFPA/OCHA), vintage 2017, alinhado ao IV RGPH — data/raw/hdx_cod-ps-moz_admpop_adm2_2017_v2.csv; HDX COD-PS (UNFPA/OCHA), vintage 2025, projeção do INE — data/raw/hdx_cod-ps-moz_admpop_adm2_2025.csv",CAGR geométrico entre 2017 (observado) e 2025 (modelado): (pop2025/pop2017)^(1/8)-1,Dois pontos não fazem série de tendência; este número mistura uma ponta observada com uma ponta modelada e HERDA o risco de circularidade da nota de 2025 acima. Não usar como evidência independente de aceleração/desaceleração para H1/H4 sem essa ressalva.
demografia,Cidade de Tete,2017,populacao_homens,151816,pessoas,observado,A,"HDX COD-PS (UNFPA/OCHA), vintage 2017, alinhado ao IV RGPH — data/raw/hdx_cod-ps-moz_admpop_adm2_2017_v2.csv","contagem censitária (IV RGPH 2017), reprocessada por COD-PS","Contagem residente do IV RGPH 2017 reprocessada pelo COD-PS (CC BY-IGO, nível A independente do documento do INE, que é nível C — data/DATA_AUDIT.md §0.1). NÃO ajustada pela subenumeração de 3,7-3,8% (verificado: o total do quadro provincial bate com a 'População Residente' não ajustada, não com o total ajustado da brochura nacional — data/provenance_parts/demograficas.md)."
demografia,Cidade de Tete,2025,populacao_homens,229296,pessoas,modelado,A,"HDX COD-PS (UNFPA/OCHA), vintage 2025, projeção do INE — data/raw/hdx_cod-ps-moz_admpop_adm2_2025.csv",projeção demográfica institucional do INE (método interno não publicado),"Projeção institucional do INE, não recontagem. Método de projeção não publicado no dataset. Risco de circularidade para H4 (§1): se a projeção assume taxa geométrica fixa, não pode por construção revelar desaceleração real — usar só com esta ressalva visível (data/DATA_AUDIT.md §0, item 2)."
demografia,Cidade de Tete,2017,populacao_mulheres,155522,pessoas,observado,A,"HDX COD-PS (UNFPA/OCHA), vintage 2017, alinhado ao IV RGPH — data/raw/hdx_cod-ps-moz_admpop_adm2_2017_v2.csv","contagem censitária (IV RGPH 2017), reprocessada por COD-PS","Contagem residente do IV RGPH 2017 reprocessada pelo COD-PS (CC BY-IGO, nível A independente do documento do INE, que é nível C — data/DATA_AUDIT.md §0.1). NÃO ajustada pela subenumeração de 3,7-3,8% (verificado: o total do quadro provincial bate com a 'População Residente' não ajustada, não com o total ajustado da brochura nacional — data/provenance_parts/demograficas.md)."
demografia,Cidade de Tete,2025,populacao_mulheres,230952,pessoas,modelado,A,"HDX COD-PS (UNFPA/OCHA), vintage 2025, projeção do INE — data/raw/hdx_cod-ps-moz_admpop_adm2_2025.csv",projeção demográfica institucional do INE (método interno não publicado),"Projeção institucional do INE, não recontagem. Método de projeção não publicado no dataset. Risco de circularidade para H4 (§1): se a projeção assume taxa geométrica fixa, não pode por construção revelar desaceleração real — usar só com esta ressalva visível (data/DATA_AUDIT.md §0, item 2)."
demografia,Cidade de Tete,2017,populacao_total_residente,307338,pessoas,observado,A,"HDX COD-PS (UNFPA/OCHA), vintage 2017, alinhado ao IV RGPH — data/raw/hdx_cod-ps-moz_admpop_adm2_2017_v2.csv","contagem censitária (IV RGPH 2017), reprocessada por COD-PS","Contagem residente do IV RGPH 2017 reprocessada pelo COD-PS (CC BY-IGO, nível A independente do documento do INE, que é nível C — data/DATA_AUDIT.md §0.1). NÃO ajustada pela subenumeração de 3,7-3,8% (verificado: o total do quadro provincial bate com a 'População Residente' não ajustada, não com o total ajustado da brochura nacional — data/provenance_parts/demograficas.md)."
demografia,Cidade de Tete,2025,populacao_total_residente,460248,pessoas,modelado,A,"HDX COD-PS (UNFPA/OCHA), vintage 2025, projeção do INE — data/raw/hdx_cod-ps-moz_admpop_adm2_2025.csv",projeção demográfica institucional do INE (método interno não publicado),"Projeção institucional do INE, não recontagem. Método de projeção não publicado no dataset. Risco de circularidade para H4 (§1): se a projeção assume taxa geométrica fixa, não pode por construção revelar desaceleração real — usar só com esta ressalva visível (data/DATA_AUDIT.md §0, item 2)."
demografia,Distrito de Moatize,2025,cagr_2017_2025,3.71,%/ano,modelado,A,"HDX COD-PS (UNFPA/OCHA), vintage 2017, alinhado ao IV RGPH — data/raw/hdx_cod-ps-moz_admpop_adm2_2017_v2.csv; HDX COD-PS (UNFPA/OCHA), vintage 2025, projeção do INE — data/raw/hdx_cod-ps-moz_admpop_adm2_2025.csv",CAGR geométrico entre 2017 (observado) e 2025 (modelado): (pop2025/pop2017)^(1/8)-1,Dois pontos não fazem série de tendência; este número mistura uma ponta observada com uma ponta modelada e HERDA o risco de circularidade da nota de 2025 acima. Não usar como evidência independente de aceleração/desaceleração para H1/H4 sem essa ressalva.
demografia,Distrito de Moatize,2017,populacao_homens,127210,pessoas,observado,A,"HDX COD-PS (UNFPA/OCHA), vintage 2017, alinhado ao IV RGPH — data/raw/hdx_cod-ps-moz_admpop_adm2_2017_v2.csv","contagem censitária (IV RGPH 2017), reprocessada por COD-PS","Contagem residente do IV RGPH 2017 reprocessada pelo COD-PS (CC BY-IGO, nível A independente do documento do INE, que é nível C — data/DATA_AUDIT.md §0.1). NÃO ajustada pela subenumeração de 3,7-3,8% (verificado: o total do quadro provincial bate com a 'População Residente' não ajustada, não com o total ajustado da brochura nacional — data/provenance_parts/demograficas.md)."
demografia,Distrito de Moatize,2025,populacao_homens,171221,pessoas,modelado,A,"HDX COD-PS (UNFPA/OCHA), vintage 2025, projeção do INE — data/raw/hdx_cod-ps-moz_admpop_adm2_2025.csv",projeção demográfica institucional do INE (método interno não publicado),"Projeção institucional do INE, não recontagem. Método de projeção não publicado no dataset. Risco de circularidade para H4 (§1): se a projeção assume taxa geométrica fixa, não pode por construção revelar desaceleração real — usar só com esta ressalva visível (data/DATA_AUDIT.md §0, item 2)."
demografia,Distrito de Moatize,2017,populacao_mulheres,133633,pessoas,observado,A,"HDX COD-PS (UNFPA/OCHA), vintage 2017, alinhado ao IV RGPH — data/raw/hdx_cod-ps-moz_admpop_adm2_2017_v2.csv","contagem censitária (IV RGPH 2017), reprocessada por COD-PS","Contagem residente do IV RGPH 2017 reprocessada pelo COD-PS (CC BY-IGO, nível A independente do documento do INE, que é nível C — data/DATA_AUDIT.md §0.1). NÃO ajustada pela subenumeração de 3,7-3,8% (verificado: o total do quadro provincial bate com a 'População Residente' não ajustada, não com o total ajustado da brochura nacional — data/provenance_parts/demograficas.md)."
demografia,Distrito de Moatize,2025,populacao_mulheres,177882,pessoas,modelado,A,"HDX COD-PS (UNFPA/OCHA), vintage 2025, projeção do INE — data/raw/hdx_cod-ps-moz_admpop_adm2_2025.csv",projeção demográfica institucional do INE (método interno não publicado),"Projeção institucional do INE, não recontagem. Método de projeção não publicado no dataset. Risco de circularidade para H4 (§1): se a projeção assume taxa geométrica fixa, não pode por construção revelar desaceleração real — usar só com esta ressalva visível (data/DATA_AUDIT.md §0, item 2)."
demografia,Distrito de Moatize,2017,populacao_total_residente,260843,pessoas,observado,A,"HDX COD-PS (UNFPA/OCHA), vintage 2017, alinhado ao IV RGPH — data/raw/hdx_cod-ps-moz_admpop_adm2_2017_v2.csv","contagem censitária (IV RGPH 2017), reprocessada por COD-PS","Contagem residente do IV RGPH 2017 reprocessada pelo COD-PS (CC BY-IGO, nível A independente do documento do INE, que é nível C — data/DATA_AUDIT.md §0.1). NÃO ajustada pela subenumeração de 3,7-3,8% (verificado: o total do quadro provincial bate com a 'População Residente' não ajustada, não com o total ajustado da brochura nacional — data/provenance_parts/demograficas.md)."
demografia,Distrito de Moatize,2025,populacao_total_residente,349103,pessoas,modelado,A,"HDX COD-PS (UNFPA/OCHA), vintage 2025, projeção do INE — data/raw/hdx_cod-ps-moz_admpop_adm2_2025.csv",projeção demográfica institucional do INE (método interno não publicado),"Projeção institucional do INE, não recontagem. Método de projeção não publicado no dataset. Risco de circularidade para H4 (§1): se a projeção assume taxa geométrica fixa, não pode por construção revelar desaceleração real — usar só com esta ressalva visível (data/DATA_AUDIT.md §0, item 2)."
forma_urbana,aoi,2000,area_media_manchas_km2_industrial,,km2,observado,A,pylandstats 3.1.0 sobre data/processed/imagery/industrial_2000_30m_32736.tif,"Landscape binário (classe=camada, res=30m), pylandstats.Landscape, neighborhood_rule='8' (padrão).","n_pixels_camada=0. Sensível à comissão medida (acurácia do usuário 0,27-0,63, ADR 0009): comissão tende a inflar n_manchas/densidade_borda e a deprimir tamanho médio de mancha/largest_patch_index — direção declarada, magnitude não corrigida."
forma_urbana,aoi,2005,area_media_manchas_km2_industrial,,km2,observado,A,pylandstats 3.1.0 sobre data/processed/imagery/industrial_2005_30m_32736.tif,"Landscape binário (classe=camada, res=30m), pylandstats.Landscape, neighborhood_rule='8' (padrão).","n_pixels_camada=0. Sensível à comissão medida (acurácia do usuário 0,27-0,63, ADR 0009): comissão tende a inflar n_manchas/densidade_borda e a deprimir tamanho médio de mancha/largest_patch_index — direção declarada, magnitude não corrigida."
forma_urbana,aoi,2010,area_media_manchas_km2_industrial,0.0312,km2,observado,A,pylandstats 3.1.0 sobre data/processed/imagery/industrial_2010_30m_32736.tif,"Landscape binário (classe=camada, res=30m), pylandstats.Landscape, neighborhood_rule='8' (padrão).","n_pixels_camada=8281. Sensível à comissão medida (acurácia do usuário 0,27-0,63, ADR 0009): comissão tende a inflar n_manchas/densidade_borda e a deprimir tamanho médio de mancha/largest_patch_index — direção declarada, magnitude não corrigida. 2010 usa Landsat 7 SLC-off (docs/ADR/0005): 26,64% dos pixels da AOI têm menos de 4 observações válidas no composto de estação seca (data/interim/slc_off_2010_cobertura.csv). Métricas derivadas da classificação própria de 2010 (ou de período que usa 2010 como t0/t1) herdam essa cobertura desigual — não é um viés de comissão adicional, é ruído de amostragem de composto que pode inflar heterogeneidade espacial espúria (manchas, densidade de borda, tipologia)."
forma_urbana,aoi,2015,area_media_manchas_km2_industrial,0.1073,km2,observado,A,pylandstats 3.1.0 sobre data/processed/imagery/industrial_2015_30m_32736.tif,"Landscape binário (classe=camada, res=30m), pylandstats.Landscape, neighborhood_rule='8' (padrão).","n_pixels_camada=33503. Sensível à comissão medida (acurácia do usuário 0,27-0,63, ADR 0009): comissão tende a inflar n_manchas/densidade_borda e a deprimir tamanho médio de mancha/largest_patch_index — direção declarada, magnitude não corrigida."
forma_urbana,aoi,2020,area_media_manchas_km2_industrial,0.1895,km2,observado,A,pylandstats 3.1.0 sobre data/processed/imagery/industrial_2020_30m_32736.tif,"Landscape binário (classe=camada, res=30m), pylandstats.Landscape, neighborhood_rule='8' (padrão).","n_pixels_camada=51592. Sensível à comissão medida (acurácia do usuário 0,27-0,63, ADR 0009): comissão tende a inflar n_manchas/densidade_borda e a deprimir tamanho médio de mancha/largest_patch_index — direção declarada, magnitude não corrigida."
forma_urbana,aoi,2025,area_media_manchas_km2_industrial,0.3005,km2,observado,A,pylandstats 3.1.0 sobre data/processed/imagery/industrial_2025_30m_32736.tif,"Landscape binário (classe=camada, res=30m), pylandstats.Landscape, neighborhood_rule='8' (padrão).","n_pixels_camada=69443. Sensível à comissão medida (acurácia do usuário 0,27-0,63, ADR 0009): comissão tende a inflar n_manchas/densidade_borda e a deprimir tamanho médio de mancha/largest_patch_index — direção declarada, magnitude não corrigida."
forma_urbana,aoi,2000,area_media_manchas_km2_reassentamento,,km2,observado,A,pylandstats 3.1.0 sobre data/processed/imagery/reassentamento_2000_30m_32736.tif,"Landscape binário (classe=camada, res=30m), pylandstats.Landscape, neighborhood_rule='8' (padrão).","n_pixels_camada=0. Sensível à comissão medida (acurácia do usuário 0,27-0,63, ADR 0009): comissão tende a inflar n_manchas/densidade_borda e a deprimir tamanho médio de mancha/largest_patch_index — direção declarada, magnitude não corrigida."
forma_urbana,aoi,2005,area_media_manchas_km2_reassentamento,,km2,observado,A,pylandstats 3.1.0 sobre data/processed/imagery/reassentamento_2005_30m_32736.tif,"Landscape binário (classe=camada, res=30m), pylandstats.Landscape, neighborhood_rule='8' (padrão).","n_pixels_camada=0. Sensível à comissão medida (acurácia do usuário 0,27-0,63, ADR 0009): comissão tende a inflar n_manchas/densidade_borda e a deprimir tamanho médio de mancha/largest_patch_index — direção declarada, magnitude não corrigida."
forma_urbana,aoi,2010,area_media_manchas_km2_reassentamento,1.2042,km2,observado,A,pylandstats 3.1.0 sobre data/processed/imagery/reassentamento_2010_30m_32736.tif,"Landscape binário (classe=camada, res=30m), pylandstats.Landscape, neighborhood_rule='8' (padrão).","n_pixels_camada=1338. Sensível à comissão medida (acurácia do usuário 0,27-0,63, ADR 0009): comissão tende a inflar n_manchas/densidade_borda e a deprimir tamanho médio de mancha/largest_patch_index — direção declarada, magnitude não corrigida. 2010 usa Landsat 7 SLC-off (docs/ADR/0005): 26,64% dos pixels da AOI têm menos de 4 observações válidas no composto de estação seca (data/interim/slc_off_2010_cobertura.csv). Métricas derivadas da classificação própria de 2010 (ou de período que usa 2010 como t0/t1) herdam essa cobertura desigual — não é um viés de comissão adicional, é ruído de amostragem de composto que pode inflar heterogeneidade espacial espúria (manchas, densidade de borda, tipologia)."
forma_urbana,aoi,2015,area_media_manchas_km2_reassentamento,0.0495,km2,observado,A,pylandstats 3.1.0 sobre data/processed/imagery/reassentamento_2015_30m_32736.tif,"Landscape binário (classe=camada, res=30m), pylandstats.Landscape, neighborhood_rule='8' (padrão).","n_pixels_camada=2145. Sensível à comissão medida (acurácia do usuário 0,27-0,63, ADR 0009): comissão tende a inflar n_manchas/densidade_borda e a deprimir tamanho médio de mancha/largest_patch_index — direção declarada, magnitude não corrigida."
forma_urbana,aoi,2020,area_media_manchas_km2_reassentamento,0.05,km2,observado,A,pylandstats 3.1.0 sobre data/processed/imagery/reassentamento_2020_30m_32736.tif,"Landscape binário (classe=camada, res=30m), pylandstats.Landscape, neighborhood_rule='8' (padrão).","n_pixels_camada=2223. Sensível à comissão medida (acurácia do usuário 0,27-0,63, ADR 0009): comissão tende a inflar n_manchas/densidade_borda e a deprimir tamanho médio de mancha/largest_patch_index — direção declarada, magnitude não corrigida."
forma_urbana,aoi,2025,area_media_manchas_km2_reassentamento,0.0539,km2,observado,A,pylandstats 3.1.0 sobre data/processed/imagery/reassentamento_2025_30m_32736.tif,"Landscape binário (classe=camada, res=30m), pylandstats.Landscape, neighborhood_rule='8' (padrão).","n_pixels_camada=2574. Sensível à comissão medida (acurácia do usuário 0,27-0,63, ADR 0009): comissão tende a inflar n_manchas/densidade_borda e a deprimir tamanho médio de mancha/largest_patch_index — direção declarada, magnitude não corrigida."
forma_urbana,aoi,2000,area_media_manchas_km2_urbano,0.0551,km2,observado,A,pylandstats 3.1.0 sobre data/processed/imagery/urbano_2000_30m_32736.tif,"Landscape binário (classe=camada, res=30m), pylandstats.Landscape, neighborhood_rule='8' (padrão).","n_pixels_camada=15604. Sensível à comissão medida (acurácia do usuário 0,27-0,63, ADR 0009): comissão tende a inflar n_manchas/densidade_borda e a deprimir tamanho médio de mancha/largest_patch_index — direção declarada, magnitude não corrigida."
forma_urbana,aoi,2005,area_media_manchas_km2_urbano,0.0606,km2,observado,A,pylandstats 3.1.0 sobre data/processed/imagery/urbano_2005_30m_32736.tif,"Landscape binário (classe=camada, res=30m), pylandstats.Landscape, neighborhood_rule='8' (padrão).","n_pixels_camada=23036. Sensível à comissão medida (acurácia do usuário 0,27-0,63, ADR 0009): comissão tende a inflar n_manchas/densidade_borda e a deprimir tamanho médio de mancha/largest_patch_index — direção declarada, magnitude não corrigida."
forma_urbana,aoi,2010,area_media_manchas_km2_urbano,0.0834,km2,observado,A,pylandstats 3.1.0 sobre data/processed/imagery/urbano_2010_30m_32736.tif,"Landscape binário (classe=camada, res=30m), pylandstats.Landscape, neighborhood_rule='8' (padrão).","n_pixels_camada=31404. Sensível à comissão medida (acurácia do usuário 0,27-0,63, ADR 0009): comissão tende a inflar n_manchas/densidade_borda e a deprimir tamanho médio de mancha/largest_patch_index — direção declarada, magnitude não corrigida. 2010 usa Landsat 7 SLC-off (docs/ADR/0005): 26,64% dos pixels da AOI têm menos de 4 observações válidas no composto de estação seca (data/interim/slc_off_2010_cobertura.csv). Métricas derivadas da classificação própria de 2010 (ou de período que usa 2010 como t0/t1) herdam essa cobertura desigual — não é um viés de comissão adicional, é ruído de amostragem de composto que pode inflar heterogeneidade espacial espúria (manchas, densidade de borda, tipologia)."
forma_urbana,aoi,2015,area_media_manchas_km2_urbano,0.0967,km2,observado,A,pylandstats 3.1.0 sobre data/processed/imagery/urbano_2015_30m_32736.tif,"Landscape binário (classe=camada, res=30m), pylandstats.Landscape, neighborhood_rule='8' (padrão).","n_pixels_camada=40845. Sensível à comissão medida (acurácia do usuário 0,27-0,63, ADR 0009): comissão tende a inflar n_manchas/densidade_borda e a deprimir tamanho médio de mancha/largest_patch_index — direção declarada, magnitude não corrigida."
forma_urbana,aoi,2020,area_media_manchas_km2_urbano,0.0968,km2,observado,A,pylandstats 3.1.0 sobre data/processed/imagery/urbano_2020_30m_32736.tif,"Landscape binário (classe=camada, res=30m), pylandstats.Landscape, neighborhood_rule='8' (padrão).","n_pixels_camada=43562. Sensível à comissão medida (acurácia do usuário 0,27-0,63, ADR 0009): comissão tende a inflar n_manchas/densidade_borda e a deprimir tamanho médio de mancha/largest_patch_index — direção declarada, magnitude não corrigida."
forma_urbana,aoi,2025,area_media_manchas_km2_urbano,0.0917,km2,observado,A,pylandstats 3.1.0 sobre data/processed/imagery/urbano_2025_30m_32736.tif,"Landscape binário (classe=camada, res=30m), pylandstats.Landscape, neighborhood_rule='8' (padrão).","n_pixels_camada=47598. Sensível à comissão medida (acurácia do usuário 0,27-0,63, ADR 0009): comissão tende a inflar n_manchas/densidade_borda e a deprimir tamanho médio de mancha/largest_patch_index — direção declarada, magnitude não corrigida."
forma_urbana,aoi,2000,densidade_borda_m_ha_industrial,,m/ha,observado,A,pylandstats 3.1.0 sobre data/processed/imagery/industrial_2000_30m_32736.tif,"Landscape binário (classe=camada, res=30m), pylandstats.Landscape, neighborhood_rule='8' (padrão).","n_pixels_camada=0. Sensível à comissão medida (acurácia do usuário 0,27-0,63, ADR 0009): comissão tende a inflar n_manchas/densidade_borda e a deprimir tamanho médio de mancha/largest_patch_index — direção declarada, magnitude não corrigida."
forma_urbana,aoi,2005,densidade_borda_m_ha_industrial,,m/ha,observado,A,pylandstats 3.1.0 sobre data/processed/imagery/industrial_2005_30m_32736.tif,"Landscape binário (classe=camada, res=30m), pylandstats.Landscape, neighborhood_rule='8' (padrão).","n_pixels_camada=0. Sensível à comissão medida (acurácia do usuário 0,27-0,63, ADR 0009): comissão tende a inflar n_manchas/densidade_borda e a deprimir tamanho médio de mancha/largest_patch_index — direção declarada, magnitude não corrigida."
forma_urbana,aoi,2010,densidade_borda_m_ha_industrial,0.7179,m/ha,observado,A,pylandstats 3.1.0 sobre data/processed/imagery/industrial_2010_30m_32736.tif,"Landscape binário (classe=camada, res=30m), pylandstats.Landscape, neighborhood_rule='8' (padrão).","n_pixels_camada=8281. Sensível à comissão medida (acurácia do usuário 0,27-0,63, ADR 0009): comissão tende a inflar n_manchas/densidade_borda e a deprimir tamanho médio de mancha/largest_patch_index — direção declarada, magnitude não corrigida. 2010 usa Landsat 7 SLC-off (docs/ADR/0005): 26,64% dos pixels da AOI têm menos de 4 observações válidas no composto de estação seca (data/interim/slc_off_2010_cobertura.csv). Métricas derivadas da classificação própria de 2010 (ou de período que usa 2010 como t0/t1) herdam essa cobertura desigual — não é um viés de comissão adicional, é ruído de amostragem de composto que pode inflar heterogeneidade espacial espúria (manchas, densidade de borda, tipologia)."
forma_urbana,aoi,2015,densidade_borda_m_ha_industrial,1.4851,m/ha,observado,A,pylandstats 3.1.0 sobre data/processed/imagery/industrial_2015_30m_32736.tif,"Landscape binário (classe=camada, res=30m), pylandstats.Landscape, neighborhood_rule='8' (padrão).","n_pixels_camada=33503. Sensível à comissão medida (acurácia do usuário 0,27-0,63, ADR 0009): comissão tende a inflar n_manchas/densidade_borda e a deprimir tamanho médio de mancha/largest_patch_index — direção declarada, magnitude não corrigida."
forma_urbana,aoi,2020,densidade_borda_m_ha_industrial,1.7343,m/ha,observado,A,pylandstats 3.1.0 sobre data/processed/imagery/industrial_2020_30m_32736.tif,"Landscape binário (classe=camada, res=30m), pylandstats.Landscape, neighborhood_rule='8' (padrão).","n_pixels_camada=51592. Sensível à comissão medida (acurácia do usuário 0,27-0,63, ADR 0009): comissão tende a inflar n_manchas/densidade_borda e a deprimir tamanho médio de mancha/largest_patch_index — direção declarada, magnitude não corrigida."
forma_urbana,aoi,2025,densidade_borda_m_ha_industrial,1.4975,m/ha,observado,A,pylandstats 3.1.0 sobre data/processed/imagery/industrial_2025_30m_32736.tif,"Landscape binário (classe=camada, res=30m), pylandstats.Landscape, neighborhood_rule='8' (padrão).","n_pixels_camada=69443. Sensível à comissão medida (acurácia do usuário 0,27-0,63, ADR 0009): comissão tende a inflar n_manchas/densidade_borda e a deprimir tamanho médio de mancha/largest_patch_index — direção declarada, magnitude não corrigida."
forma_urbana,aoi,2000,densidade_borda_m_ha_reassentamento,,m/ha,observado,A,pylandstats 3.1.0 sobre data/processed/imagery/reassentamento_2000_30m_32736.tif,"Landscape binário (classe=camada, res=30m), pylandstats.Landscape, neighborhood_rule='8' (padrão).","n_pixels_camada=0. Sensível à comissão medida (acurácia do usuário 0,27-0,63, ADR 0009): comissão tende a inflar n_manchas/densidade_borda e a deprimir tamanho médio de mancha/largest_patch_index — direção declarada, magnitude não corrigida."
forma_urbana,aoi,2005,densidade_borda_m_ha_reassentamento,,m/ha,observado,A,pylandstats 3.1.0 sobre data/processed/imagery/reassentamento_2005_30m_32736.tif,"Landscape binário (classe=camada, res=30m), pylandstats.Landscape, neighborhood_rule='8' (padrão).","n_pixels_camada=0. Sensível à comissão medida (acurácia do usuário 0,27-0,63, ADR 0009): comissão tende a inflar n_manchas/densidade_borda e a deprimir tamanho médio de mancha/largest_patch_index — direção declarada, magnitude não corrigida."
forma_urbana,aoi,2010,densidade_borda_m_ha_reassentamento,0.1135,m/ha,observado,A,pylandstats 3.1.0 sobre data/processed/imagery/reassentamento_2010_30m_32736.tif,"Landscape binário (classe=camada, res=30m), pylandstats.Landscape, neighborhood_rule='8' (padrão).","n_pixels_camada=1338. Sensível à comissão medida (acurácia do usuário 0,27-0,63, ADR 0009): comissão tende a inflar n_manchas/densidade_borda e a deprimir tamanho médio de mancha/largest_patch_index — direção declarada, magnitude não corrigida. 2010 usa Landsat 7 SLC-off (docs/ADR/0005): 26,64% dos pixels da AOI têm menos de 4 observações válidas no composto de estação seca (data/interim/slc_off_2010_cobertura.csv). Métricas derivadas da classificação própria de 2010 (ou de período que usa 2010 como t0/t1) herdam essa cobertura desigual — não é um viés de comissão adicional, é ruído de amostragem de composto que pode inflar heterogeneidade espacial espúria (manchas, densidade de borda, tipologia)."
forma_urbana,aoi,2015,densidade_borda_m_ha_reassentamento,0.2063,m/ha,observado,A,pylandstats 3.1.0 sobre data/processed/imagery/reassentamento_2015_30m_32736.tif,"Landscape binário (classe=camada, res=30m), pylandstats.Landscape, neighborhood_rule='8' (padrão).","n_pixels_camada=2145. Sensível à comissão medida (acurácia do usuário 0,27-0,63, ADR 0009): comissão tende a inflar n_manchas/densidade_borda e a deprimir tamanho médio de mancha/largest_patch_index — direção declarada, magnitude não corrigida."
forma_urbana,aoi,2020,densidade_borda_m_ha_reassentamento,0.2078,m/ha,observado,A,pylandstats 3.1.0 sobre data/processed/imagery/reassentamento_2020_30m_32736.tif,"Landscape binário (classe=camada, res=30m), pylandstats.Landscape, neighborhood_rule='8' (padrão).","n_pixels_camada=2223. Sensível à comissão medida (acurácia do usuário 0,27-0,63, ADR 0009): comissão tende a inflar n_manchas/densidade_borda e a deprimir tamanho médio de mancha/largest_patch_index — direção declarada, magnitude não corrigida."
forma_urbana,aoi,2025,densidade_borda_m_ha_reassentamento,0.2446,m/ha,observado,A,pylandstats 3.1.0 sobre data/processed/imagery/reassentamento_2025_30m_32736.tif,"Landscape binário (classe=camada, res=30m), pylandstats.Landscape, neighborhood_rule='8' (padrão).","n_pixels_camada=2574. Sensível à comissão medida (acurácia do usuário 0,27-0,63, ADR 0009): comissão tende a inflar n_manchas/densidade_borda e a deprimir tamanho médio de mancha/largest_patch_index — direção declarada, magnitude não corrigida."
forma_urbana,aoi,2000,densidade_borda_m_ha_urbano,1.1887,m/ha,observado,A,pylandstats 3.1.0 sobre data/processed/imagery/urbano_2000_30m_32736.tif,"Landscape binário (classe=camada, res=30m), pylandstats.Landscape, neighborhood_rule='8' (padrão).","n_pixels_camada=15604. Sensível à comissão medida (acurácia do usuário 0,27-0,63, ADR 0009): comissão tende a inflar n_manchas/densidade_borda e a deprimir tamanho médio de mancha/largest_patch_index — direção declarada, magnitude não corrigida."
forma_urbana,aoi,2005,densidade_borda_m_ha_urbano,1.7173,m/ha,observado,A,pylandstats 3.1.0 sobre data/processed/imagery/urbano_2005_30m_32736.tif,"Landscape binário (classe=camada, res=30m), pylandstats.Landscape, neighborhood_rule='8' (padrão).","n_pixels_camada=23036. Sensível à comissão medida (acurácia do usuário 0,27-0,63, ADR 0009): comissão tende a inflar n_manchas/densidade_borda e a deprimir tamanho médio de mancha/largest_patch_index — direção declarada, magnitude não corrigida."
forma_urbana,aoi,2010,densidade_borda_m_ha_urbano,1.9388,m/ha,observado,A,pylandstats 3.1.0 sobre data/processed/imagery/urbano_2010_30m_32736.tif,"Landscape binário (classe=camada, res=30m), pylandstats.Landscape, neighborhood_rule='8' (padrão).","n_pixels_camada=31404. Sensível à comissão medida (acurácia do usuário 0,27-0,63, ADR 0009): comissão tende a inflar n_manchas/densidade_borda e a deprimir tamanho médio de mancha/largest_patch_index — direção declarada, magnitude não corrigida. 2010 usa Landsat 7 SLC-off (docs/ADR/0005): 26,64% dos pixels da AOI têm menos de 4 observações válidas no composto de estação seca (data/interim/slc_off_2010_cobertura.csv). Métricas derivadas da classificação própria de 2010 (ou de período que usa 2010 como t0/t1) herdam essa cobertura desigual — não é um viés de comissão adicional, é ruído de amostragem de composto que pode inflar heterogeneidade espacial espúria (manchas, densidade de borda, tipologia)."
forma_urbana,aoi,2015,densidade_borda_m_ha_urbano,2.3984,m/ha,observado,A,pylandstats 3.1.0 sobre data/processed/imagery/urbano_2015_30m_32736.tif,"Landscape binário (classe=camada, res=30m), pylandstats.Landscape, neighborhood_rule='8' (padrão).","n_pixels_camada=40845. Sensível à comissão medida (acurácia do usuário 0,27-0,63, ADR 0009): comissão tende a inflar n_manchas/densidade_borda e a deprimir tamanho médio de mancha/largest_patch_index — direção declarada, magnitude não corrigida."
forma_urbana,aoi,2020,densidade_borda_m_ha_urbano,2.3588,m/ha,observado,A,pylandstats 3.1.0 sobre data/processed/imagery/urbano_2020_30m_32736.tif,"Landscape binário (classe=camada, res=30m), pylandstats.Landscape, neighborhood_rule='8' (padrão).","n_pixels_camada=43562. Sensível à comissão medida (acurácia do usuário 0,27-0,63, ADR 0009): comissão tende a inflar n_manchas/densidade_borda e a deprimir tamanho médio de mancha/largest_patch_index — direção declarada, magnitude não corrigida."
forma_urbana,aoi,2025,densidade_borda_m_ha_urbano,2.4993,m/ha,observado,A,pylandstats 3.1.0 sobre data/processed/imagery/urbano_2025_30m_32736.tif,"Landscape binário (classe=camada, res=30m), pylandstats.Landscape, neighborhood_rule='8' (padrão).","n_pixels_camada=47598. Sensível à comissão medida (acurácia do usuário 0,27-0,63, ADR 0009): comissão tende a inflar n_manchas/densidade_borda e a deprimir tamanho médio de mancha/largest_patch_index — direção declarada, magnitude não corrigida."
forma_urbana,aoi,2000,indice_forma_medio_industrial,,adimensional,observado,A,pylandstats 3.1.0 sobre data/processed/imagery/industrial_2000_30m_32736.tif,"Landscape binário (classe=camada, res=30m), pylandstats.Landscape, neighborhood_rule='8' (padrão).","n_pixels_camada=0. Sensível à comissão medida (acurácia do usuário 0,27-0,63, ADR 0009): comissão tende a inflar n_manchas/densidade_borda e a deprimir tamanho médio de mancha/largest_patch_index — direção declarada, magnitude não corrigida."
forma_urbana,aoi,2005,indice_forma_medio_industrial,,adimensional,observado,A,pylandstats 3.1.0 sobre data/processed/imagery/industrial_2005_30m_32736.tif,"Landscape binário (classe=camada, res=30m), pylandstats.Landscape, neighborhood_rule='8' (padrão).","n_pixels_camada=0. Sensível à comissão medida (acurácia do usuário 0,27-0,63, ADR 0009): comissão tende a inflar n_manchas/densidade_borda e a deprimir tamanho médio de mancha/largest_patch_index — direção declarada, magnitude não corrigida."
forma_urbana,aoi,2010,indice_forma_medio_industrial,1.2725,adimensional,observado,A,pylandstats 3.1.0 sobre data/processed/imagery/industrial_2010_30m_32736.tif,"Landscape binário (classe=camada, res=30m), pylandstats.Landscape, neighborhood_rule='8' (padrão).","n_pixels_camada=8281. Sensível à comissão medida (acurácia do usuário 0,27-0,63, ADR 0009): comissão tende a inflar n_manchas/densidade_borda e a deprimir tamanho médio de mancha/largest_patch_index — direção declarada, magnitude não corrigida. 2010 usa Landsat 7 SLC-off (docs/ADR/0005): 26,64% dos pixels da AOI têm menos de 4 observações válidas no composto de estação seca (data/interim/slc_off_2010_cobertura.csv). Métricas derivadas da classificação própria de 2010 (ou de período que usa 2010 como t0/t1) herdam essa cobertura desigual — não é um viés de comissão adicional, é ruído de amostragem de composto que pode inflar heterogeneidade espacial espúria (manchas, densidade de borda, tipologia)."
forma_urbana,aoi,2015,indice_forma_medio_industrial,1.3091,adimensional,observado,A,pylandstats 3.1.0 sobre data/processed/imagery/industrial_2015_30m_32736.tif,"Landscape binário (classe=camada, res=30m), pylandstats.Landscape, neighborhood_rule='8' (padrão).","n_pixels_camada=33503. Sensível à comissão medida (acurácia do usuário 0,27-0,63, ADR 0009): comissão tende a inflar n_manchas/densidade_borda e a deprimir tamanho médio de mancha/largest_patch_index — direção declarada, magnitude não corrigida."
forma_urbana,aoi,2020,indice_forma_medio_industrial,1.3118,adimensional,observado,A,pylandstats 3.1.0 sobre data/processed/imagery/industrial_2020_30m_32736.tif,"Landscape binário (classe=camada, res=30m), pylandstats.Landscape, neighborhood_rule='8' (padrão).","n_pixels_camada=51592. Sensível à comissão medida (acurácia do usuário 0,27-0,63, ADR 0009): comissão tende a inflar n_manchas/densidade_borda e a deprimir tamanho médio de mancha/largest_patch_index — direção declarada, magnitude não corrigida."
forma_urbana,aoi,2025,indice_forma_medio_industrial,1.2832,adimensional,observado,A,pylandstats 3.1.0 sobre data/processed/imagery/industrial_2025_30m_32736.tif,"Landscape binário (classe=camada, res=30m), pylandstats.Landscape, neighborhood_rule='8' (padrão).","n_pixels_camada=69443. Sensível à comissão medida (acurácia do usuário 0,27-0,63, ADR 0009): comissão tende a inflar n_manchas/densidade_borda e a deprimir tamanho médio de mancha/largest_patch_index — direção declarada, magnitude não corrigida."
forma_urbana,aoi,2000,indice_forma_medio_reassentamento,,adimensional,observado,A,pylandstats 3.1.0 sobre data/processed/imagery/reassentamento_2000_30m_32736.tif,"Landscape binário (classe=camada, res=30m), pylandstats.Landscape, neighborhood_rule='8' (padrão).","n_pixels_camada=0. Sensível à comissão medida (acurácia do usuário 0,27-0,63, ADR 0009): comissão tende a inflar n_manchas/densidade_borda e a deprimir tamanho médio de mancha/largest_patch_index — direção declarada, magnitude não corrigida."
forma_urbana,aoi,2005,indice_forma_medio_reassentamento,,adimensional,observado,A,pylandstats 3.1.0 sobre data/processed/imagery/reassentamento_2005_30m_32736.tif,"Landscape binário (classe=camada, res=30m), pylandstats.Landscape, neighborhood_rule='8' (padrão).","n_pixels_camada=0. Sensível à comissão medida (acurácia do usuário 0,27-0,63, ADR 0009): comissão tende a inflar n_manchas/densidade_borda e a deprimir tamanho médio de mancha/largest_patch_index — direção declarada, magnitude não corrigida."
forma_urbana,aoi,2010,indice_forma_medio_reassentamento,6.4054,adimensional,observado,A,pylandstats 3.1.0 sobre data/processed/imagery/reassentamento_2010_30m_32736.tif,"Landscape binário (classe=camada, res=30m), pylandstats.Landscape, neighborhood_rule='8' (padrão).","n_pixels_camada=1338. Sensível à comissão medida (acurácia do usuário 0,27-0,63, ADR 0009): comissão tende a inflar n_manchas/densidade_borda e a deprimir tamanho médio de mancha/largest_patch_index — direção declarada, magnitude não corrigida. 2010 usa Landsat 7 SLC-off (docs/ADR/0005): 26,64% dos pixels da AOI têm menos de 4 observações válidas no composto de estação seca (data/interim/slc_off_2010_cobertura.csv). Métricas derivadas da classificação própria de 2010 (ou de período que usa 2010 como t0/t1) herdam essa cobertura desigual — não é um viés de comissão adicional, é ruído de amostragem de composto que pode inflar heterogeneidade espacial espúria (manchas, densidade de borda, tipologia)."
forma_urbana,aoi,2015,indice_forma_medio_reassentamento,1.5384,adimensional,observado,A,pylandstats 3.1.0 sobre data/processed/imagery/reassentamento_2015_30m_32736.tif,"Landscape binário (classe=camada, res=30m), pylandstats.Landscape, neighborhood_rule='8' (padrão).","n_pixels_camada=2145. Sensível à comissão medida (acurácia do usuário 0,27-0,63, ADR 0009): comissão tende a inflar n_manchas/densidade_borda e a deprimir tamanho médio de mancha/largest_patch_index — direção declarada, magnitude não corrigida."
forma_urbana,aoi,2020,indice_forma_medio_reassentamento,1.5134,adimensional,observado,A,pylandstats 3.1.0 sobre data/processed/imagery/reassentamento_2020_30m_32736.tif,"Landscape binário (classe=camada, res=30m), pylandstats.Landscape, neighborhood_rule='8' (padrão).","n_pixels_camada=2223. Sensível à comissão medida (acurácia do usuário 0,27-0,63, ADR 0009): comissão tende a inflar n_manchas/densidade_borda e a deprimir tamanho médio de mancha/largest_patch_index — direção declarada, magnitude não corrigida."
forma_urbana,aoi,2025,indice_forma_medio_reassentamento,1.523,adimensional,observado,A,pylandstats 3.1.0 sobre data/processed/imagery/reassentamento_2025_30m_32736.tif,"Landscape binário (classe=camada, res=30m), pylandstats.Landscape, neighborhood_rule='8' (padrão).","n_pixels_camada=2574. Sensível à comissão medida (acurácia do usuário 0,27-0,63, ADR 0009): comissão tende a inflar n_manchas/densidade_borda e a deprimir tamanho médio de mancha/largest_patch_index — direção declarada, magnitude não corrigida."
forma_urbana,aoi,2000,indice_forma_medio_urbano,1.3709,adimensional,observado,A,pylandstats 3.1.0 sobre data/processed/imagery/urbano_2000_30m_32736.tif,"Landscape binário (classe=camada, res=30m), pylandstats.Landscape, neighborhood_rule='8' (padrão).","n_pixels_camada=15604. Sensível à comissão medida (acurácia do usuário 0,27-0,63, ADR 0009): comissão tende a inflar n_manchas/densidade_borda e a deprimir tamanho médio de mancha/largest_patch_index — direção declarada, magnitude não corrigida."
forma_urbana,aoi,2005,indice_forma_medio_urbano,1.3483,adimensional,observado,A,pylandstats 3.1.0 sobre data/processed/imagery/urbano_2005_30m_32736.tif,"Landscape binário (classe=camada, res=30m), pylandstats.Landscape, neighborhood_rule='8' (padrão).","n_pixels_camada=23036. Sensível à comissão medida (acurácia do usuário 0,27-0,63, ADR 0009): comissão tende a inflar n_manchas/densidade_borda e a deprimir tamanho médio de mancha/largest_patch_index — direção declarada, magnitude não corrigida."
forma_urbana,aoi,2010,indice_forma_medio_urbano,1.3354,adimensional,observado,A,pylandstats 3.1.0 sobre data/processed/imagery/urbano_2010_30m_32736.tif,"Landscape binário (classe=camada, res=30m), pylandstats.Landscape, neighborhood_rule='8' (padrão).","n_pixels_camada=31404. Sensível à comissão medida (acurácia do usuário 0,27-0,63, ADR 0009): comissão tende a inflar n_manchas/densidade_borda e a deprimir tamanho médio de mancha/largest_patch_index — direção declarada, magnitude não corrigida. 2010 usa Landsat 7 SLC-off (docs/ADR/0005): 26,64% dos pixels da AOI têm menos de 4 observações válidas no composto de estação seca (data/interim/slc_off_2010_cobertura.csv). Métricas derivadas da classificação própria de 2010 (ou de período que usa 2010 como t0/t1) herdam essa cobertura desigual — não é um viés de comissão adicional, é ruído de amostragem de composto que pode inflar heterogeneidade espacial espúria (manchas, densidade de borda, tipologia)."
forma_urbana,aoi,2015,indice_forma_medio_urbano,1.3101,adimensional,observado,A,pylandstats 3.1.0 sobre data/processed/imagery/urbano_2015_30m_32736.tif,"Landscape binário (classe=camada, res=30m), pylandstats.Landscape, neighborhood_rule='8' (padrão).","n_pixels_camada=40845. Sensível à comissão medida (acurácia do usuário 0,27-0,63, ADR 0009): comissão tende a inflar n_manchas/densidade_borda e a deprimir tamanho médio de mancha/largest_patch_index — direção declarada, magnitude não corrigida."
forma_urbana,aoi,2020,indice_forma_medio_urbano,1.2845,adimensional,observado,A,pylandstats 3.1.0 sobre data/processed/imagery/urbano_2020_30m_32736.tif,"Landscape binário (classe=camada, res=30m), pylandstats.Landscape, neighborhood_rule='8' (padrão).","n_pixels_camada=43562. Sensível à comissão medida (acurácia do usuário 0,27-0,63, ADR 0009): comissão tende a inflar n_manchas/densidade_borda e a deprimir tamanho médio de mancha/largest_patch_index — direção declarada, magnitude não corrigida."
forma_urbana,aoi,2025,indice_forma_medio_urbano,1.2681,adimensional,observado,A,pylandstats 3.1.0 sobre data/processed/imagery/urbano_2025_30m_32736.tif,"Landscape binário (classe=camada, res=30m), pylandstats.Landscape, neighborhood_rule='8' (padrão).","n_pixels_camada=47598. Sensível à comissão medida (acurácia do usuário 0,27-0,63, ADR 0009): comissão tende a inflar n_manchas/densidade_borda e a deprimir tamanho médio de mancha/largest_patch_index — direção declarada, magnitude não corrigida."
forma_urbana,aoi,2000,largest_patch_index_pct_industrial,,%,observado,A,pylandstats 3.1.0 sobre data/processed/imagery/industrial_2000_30m_32736.tif,"Landscape binário (classe=camada, res=30m), pylandstats.Landscape, neighborhood_rule='8' (padrão).","n_pixels_camada=0. Sensível à comissão medida (acurácia do usuário 0,27-0,63, ADR 0009): comissão tende a inflar n_manchas/densidade_borda e a deprimir tamanho médio de mancha/largest_patch_index — direção declarada, magnitude não corrigida."
forma_urbana,aoi,2005,largest_patch_index_pct_industrial,,%,observado,A,pylandstats 3.1.0 sobre data/processed/imagery/industrial_2005_30m_32736.tif,"Landscape binário (classe=camada, res=30m), pylandstats.Landscape, neighborhood_rule='8' (padrão).","n_pixels_camada=0. Sensível à comissão medida (acurácia do usuário 0,27-0,63, ADR 0009): comissão tende a inflar n_manchas/densidade_borda e a deprimir tamanho médio de mancha/largest_patch_index — direção declarada, magnitude não corrigida."
forma_urbana,aoi,2010,largest_patch_index_pct_industrial,0.0992,%,observado,A,pylandstats 3.1.0 sobre data/processed/imagery/industrial_2010_30m_32736.tif,"Landscape binário (classe=camada, res=30m), pylandstats.Landscape, neighborhood_rule='8' (padrão).","n_pixels_camada=8281. Sensível à comissão medida (acurácia do usuário 0,27-0,63, ADR 0009): comissão tende a inflar n_manchas/densidade_borda e a deprimir tamanho médio de mancha/largest_patch_index — direção declarada, magnitude não corrigida. 2010 usa Landsat 7 SLC-off (docs/ADR/0005): 26,64% dos pixels da AOI têm menos de 4 observações válidas no composto de estação seca (data/interim/slc_off_2010_cobertura.csv). Métricas derivadas da classificação própria de 2010 (ou de período que usa 2010 como t0/t1) herdam essa cobertura desigual — não é um viés de comissão adicional, é ruído de amostragem de composto que pode inflar heterogeneidade espacial espúria (manchas, densidade de borda, tipologia)."
forma_urbana,aoi,2015,largest_patch_index_pct_industrial,0.5004,%,observado,A,pylandstats 3.1.0 sobre data/processed/imagery/industrial_2015_30m_32736.tif,"Landscape binário (classe=camada, res=30m), pylandstats.Landscape, neighborhood_rule='8' (padrão).","n_pixels_camada=33503. Sensível à comissão medida (acurácia do usuário 0,27-0,63, ADR 0009): comissão tende a inflar n_manchas/densidade_borda e a deprimir tamanho médio de mancha/largest_patch_index — direção declarada, magnitude não corrigida."
forma_urbana,aoi,2020,largest_patch_index_pct_industrial,1.1667,%,observado,A,pylandstats 3.1.0 sobre data/processed/imagery/industrial_2020_30m_32736.tif,"Landscape binário (classe=camada, res=30m), pylandstats.Landscape, neighborhood_rule='8' (padrão).","n_pixels_camada=51592. Sensível à comissão medida (acurácia do usuário 0,27-0,63, ADR 0009): comissão tende a inflar n_manchas/densidade_borda e a deprimir tamanho médio de mancha/largest_patch_index — direção declarada, magnitude não corrigida."
forma_urbana,aoi,2025,largest_patch_index_pct_industrial,1.6177,%,observado,A,pylandstats 3.1.0 sobre data/processed/imagery/industrial_2025_30m_32736.tif,"Landscape binário (classe=camada, res=30m), pylandstats.Landscape, neighborhood_rule='8' (padrão).","n_pixels_camada=69443. Sensível à comissão medida (acurácia do usuário 0,27-0,63, ADR 0009): comissão tende a inflar n_manchas/densidade_borda e a deprimir tamanho médio de mancha/largest_patch_index — direção declarada, magnitude não corrigida."
forma_urbana,aoi,2000,largest_patch_index_pct_reassentamento,,%,observado,A,pylandstats 3.1.0 sobre data/processed/imagery/reassentamento_2000_30m_32736.tif,"Landscape binário (classe=camada, res=30m), pylandstats.Landscape, neighborhood_rule='8' (padrão).","n_pixels_camada=0. Sensível à comissão medida (acurácia do usuário 0,27-0,63, ADR 0009): comissão tende a inflar n_manchas/densidade_borda e a deprimir tamanho médio de mancha/largest_patch_index — direção declarada, magnitude não corrigida."
forma_urbana,aoi,2005,largest_patch_index_pct_reassentamento,,%,observado,A,pylandstats 3.1.0 sobre data/processed/imagery/reassentamento_2005_30m_32736.tif,"Landscape binário (classe=camada, res=30m), pylandstats.Landscape, neighborhood_rule='8' (padrão).","n_pixels_camada=0. Sensível à comissão medida (acurácia do usuário 0,27-0,63, ADR 0009): comissão tende a inflar n_manchas/densidade_borda e a deprimir tamanho médio de mancha/largest_patch_index — direção declarada, magnitude não corrigida."
forma_urbana,aoi,2010,largest_patch_index_pct_reassentamento,0.048,%,observado,A,pylandstats 3.1.0 sobre data/processed/imagery/reassentamento_2010_30m_32736.tif,"Landscape binário (classe=camada, res=30m), pylandstats.Landscape, neighborhood_rule='8' (padrão).","n_pixels_camada=1338. Sensível à comissão medida (acurácia do usuário 0,27-0,63, ADR 0009): comissão tende a inflar n_manchas/densidade_borda e a deprimir tamanho médio de mancha/largest_patch_index — direção declarada, magnitude não corrigida. 2010 usa Landsat 7 SLC-off (docs/ADR/0005): 26,64% dos pixels da AOI têm menos de 4 observações válidas no composto de estação seca (data/interim/slc_off_2010_cobertura.csv). Métricas derivadas da classificação própria de 2010 (ou de período que usa 2010 como t0/t1) herdam essa cobertura desigual — não é um viés de comissão adicional, é ruído de amostragem de composto que pode inflar heterogeneidade espacial espúria (manchas, densidade de borda, tipologia)."
forma_urbana,aoi,2015,largest_patch_index_pct_reassentamento,0.0637,%,observado,A,pylandstats 3.1.0 sobre data/processed/imagery/reassentamento_2015_30m_32736.tif,"Landscape binário (classe=camada, res=30m), pylandstats.Landscape, neighborhood_rule='8' (padrão).","n_pixels_camada=2145. Sensível à comissão medida (acurácia do usuário 0,27-0,63, ADR 0009): comissão tende a inflar n_manchas/densidade_borda e a deprimir tamanho médio de mancha/largest_patch_index — direção declarada, magnitude não corrigida."
forma_urbana,aoi,2020,largest_patch_index_pct_reassentamento,0.066,%,observado,A,pylandstats 3.1.0 sobre data/processed/imagery/reassentamento_2020_30m_32736.tif,"Landscape binário (classe=camada, res=30m), pylandstats.Landscape, neighborhood_rule='8' (padrão).","n_pixels_camada=2223. Sensível à comissão medida (acurácia do usuário 0,27-0,63, ADR 0009): comissão tende a inflar n_manchas/densidade_borda e a deprimir tamanho médio de mancha/largest_patch_index — direção declarada, magnitude não corrigida."
forma_urbana,aoi,2025,largest_patch_index_pct_reassentamento,0.0708,%,observado,A,pylandstats 3.1.0 sobre data/processed/imagery/reassentamento_2025_30m_32736.tif,"Landscape binário (classe=camada, res=30m), pylandstats.Landscape, neighborhood_rule='8' (padrão).","n_pixels_camada=2574. Sensível à comissão medida (acurácia do usuário 0,27-0,63, ADR 0009): comissão tende a inflar n_manchas/densidade_borda e a deprimir tamanho médio de mancha/largest_patch_index — direção declarada, magnitude não corrigida."
forma_urbana,aoi,2000,largest_patch_index_pct_urbano,0.1803,%,observado,A,pylandstats 3.1.0 sobre data/processed/imagery/urbano_2000_30m_32736.tif,"Landscape binário (classe=camada, res=30m), pylandstats.Landscape, neighborhood_rule='8' (padrão).","n_pixels_camada=15604. Sensível à comissão medida (acurácia do usuário 0,27-0,63, ADR 0009): comissão tende a inflar n_manchas/densidade_borda e a deprimir tamanho médio de mancha/largest_patch_index — direção declarada, magnitude não corrigida."
forma_urbana,aoi,2005,largest_patch_index_pct_urbano,0.1901,%,observado,A,pylandstats 3.1.0 sobre data/processed/imagery/urbano_2005_30m_32736.tif,"Landscape binário (classe=camada, res=30m), pylandstats.Landscape, neighborhood_rule='8' (padrão).","n_pixels_camada=23036. Sensível à comissão medida (acurácia do usuário 0,27-0,63, ADR 0009): comissão tende a inflar n_manchas/densidade_borda e a deprimir tamanho médio de mancha/largest_patch_index — direção declarada, magnitude não corrigida."
forma_urbana,aoi,2010,largest_patch_index_pct_urbano,0.3427,%,observado,A,pylandstats 3.1.0 sobre data/processed/imagery/urbano_2010_30m_32736.tif,"Landscape binário (classe=camada, res=30m), pylandstats.Landscape, neighborhood_rule='8' (padrão).","n_pixels_camada=31404. Sensível à comissão medida (acurácia do usuário 0,27-0,63, ADR 0009): comissão tende a inflar n_manchas/densidade_borda e a deprimir tamanho médio de mancha/largest_patch_index — direção declarada, magnitude não corrigida. 2010 usa Landsat 7 SLC-off (docs/ADR/0005): 26,64% dos pixels da AOI têm menos de 4 observações válidas no composto de estação seca (data/interim/slc_off_2010_cobertura.csv). Métricas derivadas da classificação própria de 2010 (ou de período que usa 2010 como t0/t1) herdam essa cobertura desigual — não é um viés de comissão adicional, é ruído de amostragem de composto que pode inflar heterogeneidade espacial espúria (manchas, densidade de borda, tipologia)."
forma_urbana,aoi,2015,largest_patch_index_pct_urbano,0.4444,%,observado,A,pylandstats 3.1.0 sobre data/processed/imagery/urbano_2015_30m_32736.tif,"Landscape binário (classe=camada, res=30m), pylandstats.Landscape, neighborhood_rule='8' (padrão).","n_pixels_camada=40845. Sensível à comissão medida (acurácia do usuário 0,27-0,63, ADR 0009): comissão tende a inflar n_manchas/densidade_borda e a deprimir tamanho médio de mancha/largest_patch_index — direção declarada, magnitude não corrigida."
forma_urbana,aoi,2020,largest_patch_index_pct_urbano,0.4772,%,observado,A,pylandstats 3.1.0 sobre data/processed/imagery/urbano_2020_30m_32736.tif,"Landscape binário (classe=camada, res=30m), pylandstats.Landscape, neighborhood_rule='8' (padrão).","n_pixels_camada=43562. Sensível à comissão medida (acurácia do usuário 0,27-0,63, ADR 0009): comissão tende a inflar n_manchas/densidade_borda e a deprimir tamanho médio de mancha/largest_patch_index — direção declarada, magnitude não corrigida."
forma_urbana,aoi,2025,largest_patch_index_pct_urbano,0.5244,%,observado,A,pylandstats 3.1.0 sobre data/processed/imagery/urbano_2025_30m_32736.tif,"Landscape binário (classe=camada, res=30m), pylandstats.Landscape, neighborhood_rule='8' (padrão).","n_pixels_camada=47598. Sensível à comissão medida (acurácia do usuário 0,27-0,63, ADR 0009): comissão tende a inflar n_manchas/densidade_borda e a deprimir tamanho médio de mancha/largest_patch_index — direção declarada, magnitude não corrigida."
forma_urbana,aoi,2000,n_manchas_industrial,,n,observado,A,pylandstats 3.1.0 sobre data/processed/imagery/industrial_2000_30m_32736.tif,"Landscape binário (classe=camada, res=30m), pylandstats.Landscape, neighborhood_rule='8' (padrão).","n_pixels_camada=0. Sensível à comissão medida (acurácia do usuário 0,27-0,63, ADR 0009): comissão tende a inflar n_manchas/densidade_borda e a deprimir tamanho médio de mancha/largest_patch_index — direção declarada, magnitude não corrigida."
forma_urbana,aoi,2005,n_manchas_industrial,,n,observado,A,pylandstats 3.1.0 sobre data/processed/imagery/industrial_2005_30m_32736.tif,"Landscape binário (classe=camada, res=30m), pylandstats.Landscape, neighborhood_rule='8' (padrão).","n_pixels_camada=0. Sensível à comissão medida (acurácia do usuário 0,27-0,63, ADR 0009): comissão tende a inflar n_manchas/densidade_borda e a deprimir tamanho médio de mancha/largest_patch_index — direção declarada, magnitude não corrigida."
forma_urbana,aoi,2010,n_manchas_industrial,239.0,n,observado,A,pylandstats 3.1.0 sobre data/processed/imagery/industrial_2010_30m_32736.tif,"Landscape binário (classe=camada, res=30m), pylandstats.Landscape, neighborhood_rule='8' (padrão).","n_pixels_camada=8281. Sensível à comissão medida (acurácia do usuário 0,27-0,63, ADR 0009): comissão tende a inflar n_manchas/densidade_borda e a deprimir tamanho médio de mancha/largest_patch_index — direção declarada, magnitude não corrigida. 2010 usa Landsat 7 SLC-off (docs/ADR/0005): 26,64% dos pixels da AOI têm menos de 4 observações válidas no composto de estação seca (data/interim/slc_off_2010_cobertura.csv). Métricas derivadas da classificação própria de 2010 (ou de período que usa 2010 como t0/t1) herdam essa cobertura desigual — não é um viés de comissão adicional, é ruído de amostragem de composto que pode inflar heterogeneidade espacial espúria (manchas, densidade de borda, tipologia)."
forma_urbana,aoi,2015,n_manchas_industrial,281.0,n,observado,A,pylandstats 3.1.0 sobre data/processed/imagery/industrial_2015_30m_32736.tif,"Landscape binário (classe=camada, res=30m), pylandstats.Landscape, neighborhood_rule='8' (padrão).","n_pixels_camada=33503. Sensível à comissão medida (acurácia do usuário 0,27-0,63, ADR 0009): comissão tende a inflar n_manchas/densidade_borda e a deprimir tamanho médio de mancha/largest_patch_index — direção declarada, magnitude não corrigida."
forma_urbana,aoi,2020,n_manchas_industrial,245.0,n,observado,A,pylandstats 3.1.0 sobre data/processed/imagery/industrial_2020_30m_32736.tif,"Landscape binário (classe=camada, res=30m), pylandstats.Landscape, neighborhood_rule='8' (padrão).","n_pixels_camada=51592. Sensível à comissão medida (acurácia do usuário 0,27-0,63, ADR 0009): comissão tende a inflar n_manchas/densidade_borda e a deprimir tamanho médio de mancha/largest_patch_index — direção declarada, magnitude não corrigida."
forma_urbana,aoi,2025,n_manchas_industrial,208.0,n,observado,A,pylandstats 3.1.0 sobre data/processed/imagery/industrial_2025_30m_32736.tif,"Landscape binário (classe=camada, res=30m), pylandstats.Landscape, neighborhood_rule='8' (padrão).","n_pixels_camada=69443. Sensível à comissão medida (acurácia do usuário 0,27-0,63, ADR 0009): comissão tende a inflar n_manchas/densidade_borda e a deprimir tamanho médio de mancha/largest_patch_index — direção declarada, magnitude não corrigida."
forma_urbana,aoi,2000,n_manchas_reassentamento,,n,observado,A,pylandstats 3.1.0 sobre data/processed/imagery/reassentamento_2000_30m_32736.tif,"Landscape binário (classe=camada, res=30m), pylandstats.Landscape, neighborhood_rule='8' (padrão).","n_pixels_camada=0. Sensível à comissão medida (acurácia do usuário 0,27-0,63, ADR 0009): comissão tende a inflar n_manchas/densidade_borda e a deprimir tamanho médio de mancha/largest_patch_index — direção declarada, magnitude não corrigida."
forma_urbana,aoi,2005,n_manchas_reassentamento,,n,observado,A,pylandstats 3.1.0 sobre data/processed/imagery/reassentamento_2005_30m_32736.tif,"Landscape binário (classe=camada, res=30m), pylandstats.Landscape, neighborhood_rule='8' (padrão).","n_pixels_camada=0. Sensível à comissão medida (acurácia do usuário 0,27-0,63, ADR 0009): comissão tende a inflar n_manchas/densidade_borda e a deprimir tamanho médio de mancha/largest_patch_index — direção declarada, magnitude não corrigida."
forma_urbana,aoi,2010,n_manchas_reassentamento,1.0,n,observado,A,pylandstats 3.1.0 sobre data/processed/imagery/reassentamento_2010_30m_32736.tif,"Landscape binário (classe=camada, res=30m), pylandstats.Landscape, neighborhood_rule='8' (padrão).","n_pixels_camada=1338. Sensível à comissão medida (acurácia do usuário 0,27-0,63, ADR 0009): comissão tende a inflar n_manchas/densidade_borda e a deprimir tamanho médio de mancha/largest_patch_index — direção declarada, magnitude não corrigida. 2010 usa Landsat 7 SLC-off (docs/ADR/0005): 26,64% dos pixels da AOI têm menos de 4 observações válidas no composto de estação seca (data/interim/slc_off_2010_cobertura.csv). Métricas derivadas da classificação própria de 2010 (ou de período que usa 2010 como t0/t1) herdam essa cobertura desigual — não é um viés de comissão adicional, é ruído de amostragem de composto que pode inflar heterogeneidade espacial espúria (manchas, densidade de borda, tipologia)."
forma_urbana,aoi,2015,n_manchas_reassentamento,39.0,n,observado,A,pylandstats 3.1.0 sobre data/processed/imagery/reassentamento_2015_30m_32736.tif,"Landscape binário (classe=camada, res=30m), pylandstats.Landscape, neighborhood_rule='8' (padrão).","n_pixels_camada=2145. Sensível à comissão medida (acurácia do usuário 0,27-0,63, ADR 0009): comissão tende a inflar n_manchas/densidade_borda e a deprimir tamanho médio de mancha/largest_patch_index — direção declarada, magnitude não corrigida."
forma_urbana,aoi,2020,n_manchas_reassentamento,40.0,n,observado,A,pylandstats 3.1.0 sobre data/processed/imagery/reassentamento_2020_30m_32736.tif,"Landscape binário (classe=camada, res=30m), pylandstats.Landscape, neighborhood_rule='8' (padrão).","n_pixels_camada=2223. Sensível à comissão medida (acurácia do usuário 0,27-0,63, ADR 0009): comissão tende a inflar n_manchas/densidade_borda e a deprimir tamanho médio de mancha/largest_patch_index — direção declarada, magnitude não corrigida."
forma_urbana,aoi,2025,n_manchas_reassentamento,43.0,n,observado,A,pylandstats 3.1.0 sobre data/processed/imagery/reassentamento_2025_30m_32736.tif,"Landscape binário (classe=camada, res=30m), pylandstats.Landscape, neighborhood_rule='8' (padrão).","n_pixels_camada=2574. Sensível à comissão medida (acurácia do usuário 0,27-0,63, ADR 0009): comissão tende a inflar n_manchas/densidade_borda e a deprimir tamanho médio de mancha/largest_patch_index — direção declarada, magnitude não corrigida."
forma_urbana,aoi,2000,n_manchas_urbano,255.0,n,observado,A,pylandstats 3.1.0 sobre data/processed/imagery/urbano_2000_30m_32736.tif,"Landscape binário (classe=camada, res=30m), pylandstats.Landscape, neighborhood_rule='8' (padrão).","n_pixels_camada=15604. Sensível à comissão medida (acurácia do usuário 0,27-0,63, ADR 0009): comissão tende a inflar n_manchas/densidade_borda e a deprimir tamanho médio de mancha/largest_patch_index — direção declarada, magnitude não corrigida."
forma_urbana,aoi,2005,n_manchas_urbano,342.0,n,observado,A,pylandstats 3.1.0 sobre data/processed/imagery/urbano_2005_30m_32736.tif,"Landscape binário (classe=camada, res=30m), pylandstats.Landscape, neighborhood_rule='8' (padrão).","n_pixels_camada=23036. Sensível à comissão medida (acurácia do usuário 0,27-0,63, ADR 0009): comissão tende a inflar n_manchas/densidade_borda e a deprimir tamanho médio de mancha/largest_patch_index — direção declarada, magnitude não corrigida."
forma_urbana,aoi,2010,n_manchas_urbano,339.0,n,observado,A,pylandstats 3.1.0 sobre data/processed/imagery/urbano_2010_30m_32736.tif,"Landscape binário (classe=camada, res=30m), pylandstats.Landscape, neighborhood_rule='8' (padrão).","n_pixels_camada=31404. Sensível à comissão medida (acurácia do usuário 0,27-0,63, ADR 0009): comissão tende a inflar n_manchas/densidade_borda e a deprimir tamanho médio de mancha/largest_patch_index — direção declarada, magnitude não corrigida. 2010 usa Landsat 7 SLC-off (docs/ADR/0005): 26,64% dos pixels da AOI têm menos de 4 observações válidas no composto de estação seca (data/interim/slc_off_2010_cobertura.csv). Métricas derivadas da classificação própria de 2010 (ou de período que usa 2010 como t0/t1) herdam essa cobertura desigual — não é um viés de comissão adicional, é ruído de amostragem de composto que pode inflar heterogeneidade espacial espúria (manchas, densidade de borda, tipologia)."
forma_urbana,aoi,2015,n_manchas_urbano,380.0,n,observado,A,pylandstats 3.1.0 sobre data/processed/imagery/urbano_2015_30m_32736.tif,"Landscape binário (classe=camada, res=30m), pylandstats.Landscape, neighborhood_rule='8' (padrão).","n_pixels_camada=40845. Sensível à comissão medida (acurácia do usuário 0,27-0,63, ADR 0009): comissão tende a inflar n_manchas/densidade_borda e a deprimir tamanho médio de mancha/largest_patch_index — direção declarada, magnitude não corrigida."
forma_urbana,aoi,2020,n_manchas_urbano,405.0,n,observado,A,pylandstats 3.1.0 sobre data/processed/imagery/urbano_2020_30m_32736.tif,"Landscape binário (classe=camada, res=30m), pylandstats.Landscape, neighborhood_rule='8' (padrão).","n_pixels_camada=43562. Sensível à comissão medida (acurácia do usuário 0,27-0,63, ADR 0009): comissão tende a inflar n_manchas/densidade_borda e a deprimir tamanho médio de mancha/largest_patch_index — direção declarada, magnitude não corrigida."
forma_urbana,aoi,2025,n_manchas_urbano,467.0,n,observado,A,pylandstats 3.1.0 sobre data/processed/imagery/urbano_2025_30m_32736.tif,"Landscape binário (classe=camada, res=30m), pylandstats.Landscape, neighborhood_rule='8' (padrão).","n_pixels_camada=47598. Sensível à comissão medida (acurácia do usuário 0,27-0,63, ADR 0009): comissão tende a inflar n_manchas/densidade_borda e a deprimir tamanho médio de mancha/largest_patch_index — direção declarada, magnitude não corrigida."
forma_urbana,cateme,2000,area_km2_assentamento_wsf,0.018,km2,observado,A,"WSF Evolution (DLR), 30 m, ano de primeira detecção — data/raw/wsf_evolution_*.tif","Área cumulativa (ano de detecção <= ano-âncora) do WSF Evolution, menos pegada industrial (Maus et al. 2022 + 150 m), atribuída ao ponto-sede mais próximo (partição de Voronoi entre tete/moatize/cateme/mwaladzi). Ver docstring de pipeline/02_metrics/_common.py.",Robusta à comissão do mapa (ADR 0009): fonte é o WSF Evolution ou uma métrica declarada robusta a falsos positivos dispersos (direção/tipologia de expansão).
forma_urbana,cateme,2005,area_km2_assentamento_wsf,0.0405,km2,observado,A,"WSF Evolution (DLR), 30 m, ano de primeira detecção — data/raw/wsf_evolution_*.tif","Área cumulativa (ano de detecção <= ano-âncora) do WSF Evolution, menos pegada industrial (Maus et al. 2022 + 150 m), atribuída ao ponto-sede mais próximo (partição de Voronoi entre tete/moatize/cateme/mwaladzi). Ver docstring de pipeline/02_metrics/_common.py.",Robusta à comissão do mapa (ADR 0009): fonte é o WSF Evolution ou uma métrica declarada robusta a falsos positivos dispersos (direção/tipologia de expansão).
forma_urbana,cateme,2010,area_km2_assentamento_wsf,0.9423,km2,observado,A,"WSF Evolution (DLR), 30 m, ano de primeira detecção — data/raw/wsf_evolution_*.tif","Área cumulativa (ano de detecção <= ano-âncora) do WSF Evolution, menos pegada industrial (Maus et al. 2022 + 150 m), atribuída ao ponto-sede mais próximo (partição de Voronoi entre tete/moatize/cateme/mwaladzi). Ver docstring de pipeline/02_metrics/_common.py.",Robusta à comissão do mapa (ADR 0009): fonte é o WSF Evolution ou uma métrica declarada robusta a falsos positivos dispersos (direção/tipologia de expansão).
forma_urbana,cateme,2015,area_km2_assentamento_wsf,1.1961,km2,observado,A,"WSF Evolution (DLR), 30 m, ano de primeira detecção — data/raw/wsf_evolution_*.tif","Área cumulativa (ano de detecção <= ano-âncora) do WSF Evolution, menos pegada industrial (Maus et al. 2022 + 150 m), atribuída ao ponto-sede mais próximo (partição de Voronoi entre tete/moatize/cateme/mwaladzi). Ver docstring de pipeline/02_metrics/_common.py.",Robusta à comissão do mapa (ADR 0009): fonte é o WSF Evolution ou uma métrica declarada robusta a falsos positivos dispersos (direção/tipologia de expansão).
forma_urbana,cateme,2000,area_km2_reassentamento,0.0,km2,observado,A,"Classificação própria (Random Forest, protocolo único todos os anos) — data/processed/imagery/reassentamento_2000_30m_32736.tif","Pixel classificado na camada, atribuído ao ponto-sede mais próximo (industrial não é atribuído — é a própria camada).","Área SENSÍVEL à comissão medida (acuracia_por_ano.csv: acurácia do usuário de construído = 0,27-0,63, ADR 0009). Não usar para CAGR nem para 'quanto cresceu' — só para a PROPORÇÃO entre camadas no mesmo ano/unidade."
forma_urbana,cateme,2005,area_km2_reassentamento,0.0,km2,observado,A,"Classificação própria (Random Forest, protocolo único todos os anos) — data/processed/imagery/reassentamento_2005_30m_32736.tif","Pixel classificado na camada, atribuído ao ponto-sede mais próximo (industrial não é atribuído — é a própria camada).","Área SENSÍVEL à comissão medida (acuracia_por_ano.csv: acurácia do usuário de construído = 0,27-0,63, ADR 0009). Não usar para CAGR nem para 'quanto cresceu' — só para a PROPORÇÃO entre camadas no mesmo ano/unidade."
forma_urbana,cateme,2010,area_km2_reassentamento,1.2042,km2,observado,A,"Classificação própria (Random Forest, protocolo único todos os anos) — data/processed/imagery/reassentamento_2010_30m_32736.tif","Pixel classificado na camada, atribuído ao ponto-sede mais próximo (industrial não é atribuído — é a própria camada).","Área SENSÍVEL à comissão medida (acuracia_por_ano.csv: acurácia do usuário de construído = 0,27-0,63, ADR 0009). Não usar para CAGR nem para 'quanto cresceu' — só para a PROPORÇÃO entre camadas no mesmo ano/unidade. 2010 usa Landsat 7 SLC-off (docs/ADR/0005): 26,64% dos pixels da AOI têm menos de 4 observações válidas no composto de estação seca (data/interim/slc_off_2010_cobertura.csv). Métricas derivadas da classificação própria de 2010 (ou de período que usa 2010 como t0/t1) herdam essa cobertura desigual — não é um viés de comissão adicional, é ruído de amostragem de composto que pode inflar heterogeneidade espacial espúria (manchas, densidade de borda, tipologia)."
forma_urbana,cateme,2015,area_km2_reassentamento,1.5975,km2,observado,A,"Classificação própria (Random Forest, protocolo único todos os anos) — data/processed/imagery/reassentamento_2015_30m_32736.tif","Pixel classificado na camada, atribuído ao ponto-sede mais próximo (industrial não é atribuído — é a própria camada).","Área SENSÍVEL à comissão medida (acuracia_por_ano.csv: acurácia do usuário de construído = 0,27-0,63, ADR 0009). Não usar para CAGR nem para 'quanto cresceu' — só para a PROPORÇÃO entre camadas no mesmo ano/unidade."
forma_urbana,cateme,2020,area_km2_reassentamento,1.6542,km2,observado,A,"Classificação própria (Random Forest, protocolo único todos os anos) — data/processed/imagery/reassentamento_2020_30m_32736.tif","Pixel classificado na camada, atribuído ao ponto-sede mais próximo (industrial não é atribuído — é a própria camada).","Área SENSÍVEL à comissão medida (acuracia_por_ano.csv: acurácia do usuário de construído = 0,27-0,63, ADR 0009). Não usar para CAGR nem para 'quanto cresceu' — só para a PROPORÇÃO entre camadas no mesmo ano/unidade."
forma_urbana,cateme,2025,area_km2_reassentamento,1.7784,km2,observado,A,"Classificação própria (Random Forest, protocolo único todos os anos) — data/processed/imagery/reassentamento_2025_30m_32736.tif","Pixel classificado na camada, atribuído ao ponto-sede mais próximo (industrial não é atribuído — é a própria camada).","Área SENSÍVEL à comissão medida (acuracia_por_ano.csv: acurácia do usuário de construído = 0,27-0,63, ADR 0009). Não usar para CAGR nem para 'quanto cresceu' — só para a PROPORÇÃO entre camadas no mesmo ano/unidade."
forma_urbana,cateme,2023,area_media_edificacao_m2,27.63,m2,observado,A,"Google Open Buildings v3, recorte AOI — data/raw/open_buildings_v3_aoi.csv (ver data/raw/open_buildings_v3_aoi.csv.meta.json)","Google Open Buildings v3, edificações atribuídas ao ponto-sede mais próximo (mesma partição de Voronoi das demais métricas de forma urbana), confidence >= 0,65 (piso do próprio recorte, ver docstring).","Epoch de Open Buildings v3 aproximado como 2023 (Google não publica data de aquisição por edifício nesta AOI). Não é série temporal — comparável só ao ano informado. Sensível à comissão do mapa (ADR 0009, acurácia do usuário do construído = 0,27-0,63): não interpretar como medição absoluta livre de erro."
forma_urbana,cateme,2005,cagr_pct_ano_desde_2000_assentamento_wsf,17.6079,%/ano,observado,A,"WSF Evolution (DLR), 30 m, ano de primeira detecção — data/raw/wsf_evolution_*.tif","CAGR = (area(2005)/area(2000))^(1/5) - 1, sobre a série WSF acima.",Robusta à comissão do mapa (ADR 0009): fonte é o WSF Evolution ou uma métrica declarada robusta a falsos positivos dispersos (direção/tipologia de expansão).
forma_urbana,cateme,2015,cagr_pct_ano_desde_2000_assentamento_wsf,32.2817,%/ano,observado,A,"WSF Evolution (DLR), 30 m, ano de primeira detecção — data/raw/wsf_evolution_*.tif",CAGR do intervalo inteiro observado pelo WSF: 2000-2015.,"Nota do ADR 0008: 2005-2010 e 2010-2015 têm a mesma mediana de observações da classificação própria (4) e são o trecho menos contaminado por viés de sensor — mas esta linha já é WSF, que não tem esse viés por construção; a nota vale para quem comparar com a série de classificação em paralelo. Robusta à comissão do mapa (ADR 0009): fonte é o WSF Evolution ou uma métrica declarada robusta a falsos positivos dispersos (direção/tipologia de expansão)."
forma_urbana,cateme,2010,cagr_pct_ano_desde_2005_assentamento_wsf,87.6493,%/ano,observado,A,"WSF Evolution (DLR), 30 m, ano de primeira detecção — data/raw/wsf_evolution_*.tif","CAGR = (area(2010)/area(2005))^(1/5) - 1, sobre a série WSF acima.",Robusta à comissão do mapa (ADR 0009): fonte é o WSF Evolution ou uma métrica declarada robusta a falsos positivos dispersos (direção/tipologia de expansão).
forma_urbana,cateme,2015,cagr_pct_ano_desde_2010_assentamento_wsf,4.8855,%/ano,observado,A,"WSF Evolution (DLR), 30 m, ano de primeira detecção — data/raw/wsf_evolution_*.tif","CAGR = (area(2015)/area(2010))^(1/5) - 1, sobre a série WSF acima.",Robusta à comissão do mapa (ADR 0009): fonte é o WSF Evolution ou uma métrica declarada robusta a falsos positivos dispersos (direção/tipologia de expansão).
forma_urbana,cateme,2005,concentracao_direcional_r_desde_2000,0.1968,adimensional_0_1,observado,A,WSF Evolution (DLR) — ano de primeira detecção,"Estatística circular (Rayleigh) do ângulo entre o centróide do construído em t0 (na unidade) e cada pixel novo em t1; 0°=Norte, sentido horário, 16 setores de 22,5°. n_pixels_novos=25.",Robusta à comissão do mapa (ADR 0009): fonte é o WSF Evolution ou uma métrica declarada robusta a falsos positivos dispersos (direção/tipologia de expansão).
forma_urbana,cateme,2010,concentracao_direcional_r_desde_2005,0.9801,adimensional_0_1,observado,A,WSF Evolution (DLR) — ano de primeira detecção,"Estatística circular (Rayleigh) do ângulo entre o centróide do construído em t0 (na unidade) e cada pixel novo em t1; 0°=Norte, sentido horário, 16 setores de 22,5°. n_pixels_novos=1002.",Robusta à comissão do mapa (ADR 0009): fonte é o WSF Evolution ou uma métrica declarada robusta a falsos positivos dispersos (direção/tipologia de expansão).
forma_urbana,cateme,2015,concentracao_direcional_r_desde_2010,0.298,adimensional_0_1,observado,A,WSF Evolution (DLR) — ano de primeira detecção,"Estatística circular (Rayleigh) do ângulo entre o centróide do construído em t0 (na unidade) e cada pixel novo em t1; 0°=Norte, sentido horário, 16 setores de 22,5°. n_pixels_novos=282.",Robusta à comissão do mapa (ADR 0009): fonte é o WSF Evolution ou uma métrica declarada robusta a falsos positivos dispersos (direção/tipologia de expansão).
forma_urbana,cateme,2020,concentracao_direcional_r_desde_2015,0.5183,adimensional_0_1,observado,A,Classificação própria (urbano ∪ industrial ∪ reassentamento),"Estatística circular (Rayleigh) do ângulo entre o centróide do construído em t0 (na unidade) e cada pixel novo em t1; 0°=Norte, sentido horário, 16 setores de 22,5°. n_pixels_novos=65.",Robusta à comissão do mapa (ADR 0009): fonte é o WSF Evolution ou uma métrica declarada robusta a falsos positivos dispersos (direção/tipologia de expansão).
forma_urbana,cateme,2025,concentracao_direcional_r_desde_2020,0.3372,adimensional_0_1,observado,A,Classificação própria (urbano ∪ industrial ∪ reassentamento),"Estatística circular (Rayleigh) do ângulo entre o centróide do construído em t0 (na unidade) e cada pixel novo em t1; 0°=Norte, sentido horário, 16 setores de 22,5°. n_pixels_novos=142.",Robusta à comissão do mapa (ADR 0009): fonte é o WSF Evolution ou uma métrica declarada robusta a falsos positivos dispersos (direção/tipologia de expansão).
forma_urbana,cateme,2023,densidade_edificacoes_km2,4396.47,edificacoes_por_km2,observado,A,"Google Open Buildings v3, recorte AOI — data/raw/open_buildings_v3_aoi.csv (ver data/raw/open_buildings_v3_aoi.csv.meta.json)","Google Open Buildings v3, edificações atribuídas ao ponto-sede mais próximo (mesma partição de Voronoi das demais métricas de forma urbana), confidence >= 0,65 (piso do próprio recorte, ver docstring).","Denominador: área construída (classificação própria, ano 2020, urbano+industrial+reassentamento) = 1.6884 km2 — SENSÍVEL à comissão medida (acurácia do usuário 0,27-0,63, ADR 0009) porque o denominador vem da classificação própria, não do WSF."
forma_urbana,cateme,2005,direcao_expansao_graus_desde_2000,32.66,graus_a_partir_do_norte,observado,A,WSF Evolution (DLR) — ano de primeira detecção,"Estatística circular (Rayleigh) do ângulo entre o centróide do construído em t0 (na unidade) e cada pixel novo em t1; 0°=Norte, sentido horário, 16 setores de 22,5°. n_pixels_novos=25.",Robusta à comissão do mapa (ADR 0009): fonte é o WSF Evolution ou uma métrica declarada robusta a falsos positivos dispersos (direção/tipologia de expansão).
forma_urbana,cateme,2010,direcao_expansao_graus_desde_2005,69.34,graus_a_partir_do_norte,observado,A,WSF Evolution (DLR) — ano de primeira detecção,"Estatística circular (Rayleigh) do ângulo entre o centróide do construído em t0 (na unidade) e cada pixel novo em t1; 0°=Norte, sentido horário, 16 setores de 22,5°. n_pixels_novos=1002.",Robusta à comissão do mapa (ADR 0009): fonte é o WSF Evolution ou uma métrica declarada robusta a falsos positivos dispersos (direção/tipologia de expansão).
forma_urbana,cateme,2015,direcao_expansao_graus_desde_2010,29.19,graus_a_partir_do_norte,observado,A,WSF Evolution (DLR) — ano de primeira detecção,"Estatística circular (Rayleigh) do ângulo entre o centróide do construído em t0 (na unidade) e cada pixel novo em t1; 0°=Norte, sentido horário, 16 setores de 22,5°. n_pixels_novos=282.",Robusta à comissão do mapa (ADR 0009): fonte é o WSF Evolution ou uma métrica declarada robusta a falsos positivos dispersos (direção/tipologia de expansão).
forma_urbana,cateme,2020,direcao_expansao_graus_desde_2015,42.85,graus_a_partir_do_norte,observado,A,Classificação própria (urbano ∪ industrial ∪ reassentamento),"Estatística circular (Rayleigh) do ângulo entre o centróide do construído em t0 (na unidade) e cada pixel novo em t1; 0°=Norte, sentido horário, 16 setores de 22,5°. n_pixels_novos=65.",Robusta à comissão do mapa (ADR 0009): fonte é o WSF Evolution ou uma métrica declarada robusta a falsos positivos dispersos (direção/tipologia de expansão).
forma_urbana,cateme,2025,direcao_expansao_graus_desde_2020,82.2,graus_a_partir_do_norte,observado,A,Classificação própria (urbano ∪ industrial ∪ reassentamento),"Estatística circular (Rayleigh) do ângulo entre o centróide do construído em t0 (na unidade) e cada pixel novo em t1; 0°=Norte, sentido horário, 16 setores de 22,5°. n_pixels_novos=142.",Robusta à comissão do mapa (ADR 0009): fonte é o WSF Evolution ou uma métrica declarada robusta a falsos positivos dispersos (direção/tipologia de expansão).
forma_urbana,cateme,2023,dist_media_vizinho_mais_proximo_m,22.43,m,observado,A,"Google Open Buildings v3, recorte AOI — data/raw/open_buildings_v3_aoi.csv (ver data/raw/open_buildings_v3_aoi.csv.meta.json)","Google Open Buildings v3, edificações atribuídas ao ponto-sede mais próximo (mesma partição de Voronoi das demais métricas de forma urbana), confidence >= 0,65 (piso do próprio recorte, ver docstring).","Epoch de Open Buildings v3 aproximado como 2023 (Google não publica data de aquisição por edifício nesta AOI). Não é série temporal — comparável só ao ano informado. Sensível à comissão do mapa (ADR 0009, acurácia do usuário do construído = 0,27-0,63): não interpretar como medição absoluta livre de erro."
forma_urbana,cateme,2005,frac_novo_setor_00_desde_2000,0.0,fracao_pixels_novos,observado,A,WSF Evolution (DLR) — ano de primeira detecção,"Setor 0 = [0.0°, 22.5°) a partir do Norte, sentido horário, sobre o mesmo vetor centróide-t0 -> pixel-novo-t1 da rosa de expansão (ver métrica direcao_expansao_graus).",Robusta à comissão do mapa (ADR 0009): fonte é o WSF Evolution ou uma métrica declarada robusta a falsos positivos dispersos (direção/tipologia de expansão).
forma_urbana,cateme,2010,frac_novo_setor_00_desde_2005,0.001,fracao_pixels_novos,observado,A,WSF Evolution (DLR) — ano de primeira detecção,"Setor 0 = [0.0°, 22.5°) a partir do Norte, sentido horário, sobre o mesmo vetor centróide-t0 -> pixel-novo-t1 da rosa de expansão (ver métrica direcao_expansao_graus).",Robusta à comissão do mapa (ADR 0009): fonte é o WSF Evolution ou uma métrica declarada robusta a falsos positivos dispersos (direção/tipologia de expansão).
forma_urbana,cateme,2015,frac_novo_setor_00_desde_2010,0.0745,fracao_pixels_novos,observado,A,WSF Evolution (DLR) — ano de primeira detecção,"Setor 0 = [0.0°, 22.5°) a partir do Norte, sentido horário, sobre o mesmo vetor centróide-t0 -> pixel-novo-t1 da rosa de expansão (ver métrica direcao_expansao_graus).",Robusta à comissão do mapa (ADR 0009): fonte é o WSF Evolution ou uma métrica declarada robusta a falsos positivos dispersos (direção/tipologia de expansão).
forma_urbana,cateme,2020,frac_novo_setor_00_desde_2015,0.1692,fracao_pixels_novos,observado,A,Classificação própria (urbano ∪ industrial ∪ reassentamento),"Setor 0 = [0.0°, 22.5°) a partir do Norte, sentido horário, sobre o mesmo vetor centróide-t0 -> pixel-novo-t1 da rosa de expansão (ver métrica direcao_expansao_graus).",Robusta à comissão do mapa (ADR 0009): fonte é o WSF Evolution ou uma métrica declarada robusta a falsos positivos dispersos (direção/tipologia de expansão).
forma_urbana,cateme,2025,frac_novo_setor_00_desde_2020,0.007,fracao_pixels_novos,observado,A,Classificação própria (urbano ∪ industrial ∪ reassentamento),"Setor 0 = [0.0°, 22.5°) a partir do Norte, sentido horário, sobre o mesmo vetor centróide-t0 -> pixel-novo-t1 da rosa de expansão (ver métrica direcao_expansao_graus).",Robusta à comissão do mapa (ADR 0009): fonte é o WSF Evolution ou uma métrica declarada robusta a falsos positivos dispersos (direção/tipologia de expansão).
forma_urbana,cateme,2005,frac_novo_setor_01_desde_2000,0.0,fracao_pixels_novos,observado,A,WSF Evolution (DLR) — ano de primeira detecção,"Setor 1 = [22.5°, 45.0°) a partir do Norte, sentido horário, sobre o mesmo vetor centróide-t0 -> pixel-novo-t1 da rosa de expansão (ver métrica direcao_expansao_graus).",Robusta à comissão do mapa (ADR 0009): fonte é o WSF Evolution ou uma métrica declarada robusta a falsos positivos dispersos (direção/tipologia de expansão).
forma_urbana,cateme,2010,frac_novo_setor_01_desde_2005,0.0,fracao_pixels_novos,observado,A,WSF Evolution (DLR) — ano de primeira detecção,"Setor 1 = [22.5°, 45.0°) a partir do Norte, sentido horário, sobre o mesmo vetor centróide-t0 -> pixel-novo-t1 da rosa de expansão (ver métrica direcao_expansao_graus).",Robusta à comissão do mapa (ADR 0009): fonte é o WSF Evolution ou uma métrica declarada robusta a falsos positivos dispersos (direção/tipologia de expansão).
forma_urbana,cateme,2015,frac_novo_setor_01_desde_2010,0.0142,fracao_pixels_novos,observado,A,WSF Evolution (DLR) — ano de primeira detecção,"Setor 1 = [22.5°, 45.0°) a partir do Norte, sentido horário, sobre o mesmo vetor centróide-t0 -> pixel-novo-t1 da rosa de expansão (ver métrica direcao_expansao_graus).",Robusta à comissão do mapa (ADR 0009): fonte é o WSF Evolution ou uma métrica declarada robusta a falsos positivos dispersos (direção/tipologia de expansão).
forma_urbana,cateme,2020,frac_novo_setor_01_desde_2015,0.0923,fracao_pixels_novos,observado,A,Classificação própria (urbano ∪ industrial ∪ reassentamento),"Setor 1 = [22.5°, 45.0°) a partir do Norte, sentido horário, sobre o mesmo vetor centróide-t0 -> pixel-novo-t1 da rosa de expansão (ver métrica direcao_expansao_graus).",Robusta à comissão do mapa (ADR 0009): fonte é o WSF Evolution ou uma métrica declarada robusta a falsos positivos dispersos (direção/tipologia de expansão).
forma_urbana,cateme,2025,frac_novo_setor_01_desde_2020,0.0282,fracao_pixels_novos,observado,A,Classificação própria (urbano ∪ industrial ∪ reassentamento),"Setor 1 = [22.5°, 45.0°) a partir do Norte, sentido horário, sobre o mesmo vetor centróide-t0 -> pixel-novo-t1 da rosa de expansão (ver métrica direcao_expansao_graus).",Robusta à comissão do mapa (ADR 0009): fonte é o WSF Evolution ou uma métrica declarada robusta a falsos positivos dispersos (direção/tipologia de expansão).
forma_urbana,cateme,2005,frac_novo_setor_02_desde_2000,0.2,fracao_pixels_novos,observado,A,WSF Evolution (DLR) — ano de primeira detecção,"Setor 2 = [45.0°, 67.5°) a partir do Norte, sentido horário, sobre o mesmo vetor centróide-t0 -> pixel-novo-t1 da rosa de expansão (ver métrica direcao_expansao_graus).",Robusta à comissão do mapa (ADR 0009): fonte é o WSF Evolution ou uma métrica declarada robusta a falsos positivos dispersos (direção/tipologia de expansão).
forma_urbana,cateme,2010,frac_novo_setor_02_desde_2005,0.4142,fracao_pixels_novos,observado,A,WSF Evolution (DLR) — ano de primeira detecção,"Setor 2 = [45.0°, 67.5°) a partir do Norte, sentido horário, sobre o mesmo vetor centróide-t0 -> pixel-novo-t1 da rosa de expansão (ver métrica direcao_expansao_graus).",Robusta à comissão do mapa (ADR 0009): fonte é o WSF Evolution ou uma métrica declarada robusta a falsos positivos dispersos (direção/tipologia de expansão).
forma_urbana,cateme,2015,frac_novo_setor_02_desde_2010,0.2553,fracao_pixels_novos,observado,A,WSF Evolution (DLR) — ano de primeira detecção,"Setor 2 = [45.0°, 67.5°) a partir do Norte, sentido horário, sobre o mesmo vetor centróide-t0 -> pixel-novo-t1 da rosa de expansão (ver métrica direcao_expansao_graus).",Robusta à comissão do mapa (ADR 0009): fonte é o WSF Evolution ou uma métrica declarada robusta a falsos positivos dispersos (direção/tipologia de expansão).
forma_urbana,cateme,2020,frac_novo_setor_02_desde_2015,0.0615,fracao_pixels_novos,observado,A,Classificação própria (urbano ∪ industrial ∪ reassentamento),"Setor 2 = [45.0°, 67.5°) a partir do Norte, sentido horário, sobre o mesmo vetor centróide-t0 -> pixel-novo-t1 da rosa de expansão (ver métrica direcao_expansao_graus).",Robusta à comissão do mapa (ADR 0009): fonte é o WSF Evolution ou uma métrica declarada robusta a falsos positivos dispersos (direção/tipologia de expansão).
forma_urbana,cateme,2025,frac_novo_setor_02_desde_2020,0.1268,fracao_pixels_novos,observado,A,Classificação própria (urbano ∪ industrial ∪ reassentamento),"Setor 2 = [45.0°, 67.5°) a partir do Norte, sentido horário, sobre o mesmo vetor centróide-t0 -> pixel-novo-t1 da rosa de expansão (ver métrica direcao_expansao_graus).",Robusta à comissão do mapa (ADR 0009): fonte é o WSF Evolution ou uma métrica declarada robusta a falsos positivos dispersos (direção/tipologia de expansão).
forma_urbana,cateme,2005,frac_novo_setor_03_desde_2000,0.04,fracao_pixels_novos,observado,A,WSF Evolution (DLR) — ano de primeira detecção,"Setor 3 = [67.5°, 90.0°) a partir do Norte, sentido horário, sobre o mesmo vetor centróide-t0 -> pixel-novo-t1 da rosa de expansão (ver métrica direcao_expansao_graus).",Robusta à comissão do mapa (ADR 0009): fonte é o WSF Evolution ou uma métrica declarada robusta a falsos positivos dispersos (direção/tipologia de expansão).
forma_urbana,cateme,2010,frac_novo_setor_03_desde_2005,0.5758,fracao_pixels_novos,observado,A,WSF Evolution (DLR) — ano de primeira detecção,"Setor 3 = [67.5°, 90.0°) a partir do Norte, sentido horário, sobre o mesmo vetor centróide-t0 -> pixel-novo-t1 da rosa de expansão (ver métrica direcao_expansao_graus).",Robusta à comissão do mapa (ADR 0009): fonte é o WSF Evolution ou uma métrica declarada robusta a falsos positivos dispersos (direção/tipologia de expansão).
forma_urbana,cateme,2015,frac_novo_setor_03_desde_2010,0.0887,fracao_pixels_novos,observado,A,WSF Evolution (DLR) — ano de primeira detecção,"Setor 3 = [67.5°, 90.0°) a partir do Norte, sentido horário, sobre o mesmo vetor centróide-t0 -> pixel-novo-t1 da rosa de expansão (ver métrica direcao_expansao_graus).",Robusta à comissão do mapa (ADR 0009): fonte é o WSF Evolution ou uma métrica declarada robusta a falsos positivos dispersos (direção/tipologia de expansão).
forma_urbana,cateme,2020,frac_novo_setor_03_desde_2015,0.0769,fracao_pixels_novos,observado,A,Classificação própria (urbano ∪ industrial ∪ reassentamento),"Setor 3 = [67.5°, 90.0°) a partir do Norte, sentido horário, sobre o mesmo vetor centróide-t0 -> pixel-novo-t1 da rosa de expansão (ver métrica direcao_expansao_graus).",Robusta à comissão do mapa (ADR 0009): fonte é o WSF Evolution ou uma métrica declarada robusta a falsos positivos dispersos (direção/tipologia de expansão).
forma_urbana,cateme,2025,frac_novo_setor_03_desde_2020,0.2324,fracao_pixels_novos,observado,A,Classificação própria (urbano ∪ industrial ∪ reassentamento),"Setor 3 = [67.5°, 90.0°) a partir do Norte, sentido horário, sobre o mesmo vetor centróide-t0 -> pixel-novo-t1 da rosa de expansão (ver métrica direcao_expansao_graus).",Robusta à comissão do mapa (ADR 0009): fonte é o WSF Evolution ou uma métrica declarada robusta a falsos positivos dispersos (direção/tipologia de expansão).
forma_urbana,cateme,2005,frac_novo_setor_04_desde_2000,0.12,fracao_pixels_novos,observado,A,WSF Evolution (DLR) — ano de primeira detecção,"Setor 4 = [90.0°, 112.5°) a partir do Norte, sentido horário, sobre o mesmo vetor centróide-t0 -> pixel-novo-t1 da rosa de expansão (ver métrica direcao_expansao_graus).",Robusta à comissão do mapa (ADR 0009): fonte é o WSF Evolution ou uma métrica declarada robusta a falsos positivos dispersos (direção/tipologia de expansão).
forma_urbana,cateme,2010,frac_novo_setor_04_desde_2005,0.0,fracao_pixels_novos,observado,A,WSF Evolution (DLR) — ano de primeira detecção,"Setor 4 = [90.0°, 112.5°) a partir do Norte, sentido horário, sobre o mesmo vetor centróide-t0 -> pixel-novo-t1 da rosa de expansão (ver métrica direcao_expansao_graus).",Robusta à comissão do mapa (ADR 0009): fonte é o WSF Evolution ou uma métrica declarada robusta a falsos positivos dispersos (direção/tipologia de expansão).
forma_urbana,cateme,2015,frac_novo_setor_04_desde_2010,0.0461,fracao_pixels_novos,observado,A,WSF Evolution (DLR) — ano de primeira detecção,"Setor 4 = [90.0°, 112.5°) a partir do Norte, sentido horário, sobre o mesmo vetor centróide-t0 -> pixel-novo-t1 da rosa de expansão (ver métrica direcao_expansao_graus).",Robusta à comissão do mapa (ADR 0009): fonte é o WSF Evolution ou uma métrica declarada robusta a falsos positivos dispersos (direção/tipologia de expansão).
forma_urbana,cateme,2020,frac_novo_setor_04_desde_2015,0.0769,fracao_pixels_novos,observado,A,Classificação própria (urbano ∪ industrial ∪ reassentamento),"Setor 4 = [90.0°, 112.5°) a partir do Norte, sentido horário, sobre o mesmo vetor centróide-t0 -> pixel-novo-t1 da rosa de expansão (ver métrica direcao_expansao_graus).",Robusta à comissão do mapa (ADR 0009): fonte é o WSF Evolution ou uma métrica declarada robusta a falsos positivos dispersos (direção/tipologia de expansão).
forma_urbana,cateme,2025,frac_novo_setor_04_desde_2020,0.1761,fracao_pixels_novos,observado,A,Classificação própria (urbano ∪ industrial ∪ reassentamento),"Setor 4 = [90.0°, 112.5°) a partir do Norte, sentido horário, sobre o mesmo vetor centróide-t0 -> pixel-novo-t1 da rosa de expansão (ver métrica direcao_expansao_graus).",Robusta à comissão do mapa (ADR 0009): fonte é o WSF Evolution ou uma métrica declarada robusta a falsos positivos dispersos (direção/tipologia de expansão).
forma_urbana,cateme,2005,frac_novo_setor_05_desde_2000,0.0,fracao_pixels_novos,observado,A,WSF Evolution (DLR) — ano de primeira detecção,"Setor 5 = [112.5°, 135.0°) a partir do Norte, sentido horário, sobre o mesmo vetor centróide-t0 -> pixel-novo-t1 da rosa de expansão (ver métrica direcao_expansao_graus).",Robusta à comissão do mapa (ADR 0009): fonte é o WSF Evolution ou uma métrica declarada robusta a falsos positivos dispersos (direção/tipologia de expansão).
forma_urbana,cateme,2010,frac_novo_setor_05_desde_2005,0.0,fracao_pixels_novos,observado,A,WSF Evolution (DLR) — ano de primeira detecção,"Setor 5 = [112.5°, 135.0°) a partir do Norte, sentido horário, sobre o mesmo vetor centróide-t0 -> pixel-novo-t1 da rosa de expansão (ver métrica direcao_expansao_graus).",Robusta à comissão do mapa (ADR 0009): fonte é o WSF Evolution ou uma métrica declarada robusta a falsos positivos dispersos (direção/tipologia de expansão).
forma_urbana,cateme,2015,frac_novo_setor_05_desde_2010,0.0355,fracao_pixels_novos,observado,A,WSF Evolution (DLR) — ano de primeira detecção,"Setor 5 = [112.5°, 135.0°) a partir do Norte, sentido horário, sobre o mesmo vetor centróide-t0 -> pixel-novo-t1 da rosa de expansão (ver métrica direcao_expansao_graus).",Robusta à comissão do mapa (ADR 0009): fonte é o WSF Evolution ou uma métrica declarada robusta a falsos positivos dispersos (direção/tipologia de expansão).
forma_urbana,cateme,2020,frac_novo_setor_05_desde_2015,0.1692,fracao_pixels_novos,observado,A,Classificação própria (urbano ∪ industrial ∪ reassentamento),"Setor 5 = [112.5°, 135.0°) a partir do Norte, sentido horário, sobre o mesmo vetor centróide-t0 -> pixel-novo-t1 da rosa de expansão (ver métrica direcao_expansao_graus).",Robusta à comissão do mapa (ADR 0009): fonte é o WSF Evolution ou uma métrica declarada robusta a falsos positivos dispersos (direção/tipologia de expansão).
forma_urbana,cateme,2025,frac_novo_setor_05_desde_2020,0.0915,fracao_pixels_novos,observado,A,Classificação própria (urbano ∪ industrial ∪ reassentamento),"Setor 5 = [112.5°, 135.0°) a partir do Norte, sentido horário, sobre o mesmo vetor centróide-t0 -> pixel-novo-t1 da rosa de expansão (ver métrica direcao_expansao_graus).",Robusta à comissão do mapa (ADR 0009): fonte é o WSF Evolution ou uma métrica declarada robusta a falsos positivos dispersos (direção/tipologia de expansão).
forma_urbana,cateme,2005,frac_novo_setor_06_desde_2000,0.0,fracao_pixels_novos,observado,A,WSF Evolution (DLR) — ano de primeira detecção,"Setor 6 = [135.0°, 157.5°) a partir do Norte, sentido horário, sobre o mesmo vetor centróide-t0 -> pixel-novo-t1 da rosa de expansão (ver métrica direcao_expansao_graus).",Robusta à comissão do mapa (ADR 0009): fonte é o WSF Evolution ou uma métrica declarada robusta a falsos positivos dispersos (direção/tipologia de expansão).
forma_urbana,cateme,2010,frac_novo_setor_06_desde_2005,0.0,fracao_pixels_novos,observado,A,WSF Evolution (DLR) — ano de primeira detecção,"Setor 6 = [135.0°, 157.5°) a partir do Norte, sentido horário, sobre o mesmo vetor centróide-t0 -> pixel-novo-t1 da rosa de expansão (ver métrica direcao_expansao_graus).",Robusta à comissão do mapa (ADR 0009): fonte é o WSF Evolution ou uma métrica declarada robusta a falsos positivos dispersos (direção/tipologia de expansão).
forma_urbana,cateme,2015,frac_novo_setor_06_desde_2010,0.0177,fracao_pixels_novos,observado,A,WSF Evolution (DLR) — ano de primeira detecção,"Setor 6 = [135.0°, 157.5°) a partir do Norte, sentido horário, sobre o mesmo vetor centróide-t0 -> pixel-novo-t1 da rosa de expansão (ver métrica direcao_expansao_graus).",Robusta à comissão do mapa (ADR 0009): fonte é o WSF Evolution ou uma métrica declarada robusta a falsos positivos dispersos (direção/tipologia de expansão).
forma_urbana,cateme,2020,frac_novo_setor_06_desde_2015,0.0462,fracao_pixels_novos,observado,A,Classificação própria (urbano ∪ industrial ∪ reassentamento),"Setor 6 = [135.0°, 157.5°) a partir do Norte, sentido horário, sobre o mesmo vetor centróide-t0 -> pixel-novo-t1 da rosa de expansão (ver métrica direcao_expansao_graus).",Robusta à comissão do mapa (ADR 0009): fonte é o WSF Evolution ou uma métrica declarada robusta a falsos positivos dispersos (direção/tipologia de expansão).
forma_urbana,cateme,2025,frac_novo_setor_06_desde_2020,0.0352,fracao_pixels_novos,observado,A,Classificação própria (urbano ∪ industrial ∪ reassentamento),"Setor 6 = [135.0°, 157.5°) a partir do Norte, sentido horário, sobre o mesmo vetor centróide-t0 -> pixel-novo-t1 da rosa de expansão (ver métrica direcao_expansao_graus).",Robusta à comissão do mapa (ADR 0009): fonte é o WSF Evolution ou uma métrica declarada robusta a falsos positivos dispersos (direção/tipologia de expansão).
forma_urbana,cateme,2005,frac_novo_setor_07_desde_2000,0.0,fracao_pixels_novos,observado,A,WSF Evolution (DLR) — ano de primeira detecção,"Setor 7 = [157.5°, 180.0°) a partir do Norte, sentido horário, sobre o mesmo vetor centróide-t0 -> pixel-novo-t1 da rosa de expansão (ver métrica direcao_expansao_graus).",Robusta à comissão do mapa (ADR 0009): fonte é o WSF Evolution ou uma métrica declarada robusta a falsos positivos dispersos (direção/tipologia de expansão).
forma_urbana,cateme,2010,frac_novo_setor_07_desde_2005,0.001,fracao_pixels_novos,observado,A,WSF Evolution (DLR) — ano de primeira detecção,"Setor 7 = [157.5°, 180.0°) a partir do Norte, sentido horário, sobre o mesmo vetor centróide-t0 -> pixel-novo-t1 da rosa de expansão (ver métrica direcao_expansao_graus).",Robusta à comissão do mapa (ADR 0009): fonte é o WSF Evolution ou uma métrica declarada robusta a falsos positivos dispersos (direção/tipologia de expansão).
forma_urbana,cateme,2015,frac_novo_setor_07_desde_2010,0.0213,fracao_pixels_novos,observado,A,WSF Evolution (DLR) — ano de primeira detecção,"Setor 7 = [157.5°, 180.0°) a partir do Norte, sentido horário, sobre o mesmo vetor centróide-t0 -> pixel-novo-t1 da rosa de expansão (ver métrica direcao_expansao_graus).",Robusta à comissão do mapa (ADR 0009): fonte é o WSF Evolution ou uma métrica declarada robusta a falsos positivos dispersos (direção/tipologia de expansão).
forma_urbana,cateme,2020,frac_novo_setor_07_desde_2015,0.0,fracao_pixels_novos,observado,A,Classificação própria (urbano ∪ industrial ∪ reassentamento),"Setor 7 = [157.5°, 180.0°) a partir do Norte, sentido horário, sobre o mesmo vetor centróide-t0 -> pixel-novo-t1 da rosa de expansão (ver métrica direcao_expansao_graus).",Robusta à comissão do mapa (ADR 0009): fonte é o WSF Evolution ou uma métrica declarada robusta a falsos positivos dispersos (direção/tipologia de expansão).
forma_urbana,cateme,2025,frac_novo_setor_07_desde_2020,0.007,fracao_pixels_novos,observado,A,Classificação própria (urbano ∪ industrial ∪ reassentamento),"Setor 7 = [157.5°, 180.0°) a partir do Norte, sentido horário, sobre o mesmo vetor centróide-t0 -> pixel-novo-t1 da rosa de expansão (ver métrica direcao_expansao_graus).",Robusta à comissão do mapa (ADR 0009): fonte é o WSF Evolution ou uma métrica declarada robusta a falsos positivos dispersos (direção/tipologia de expansão).
forma_urbana,cateme,2005,frac_novo_setor_08_desde_2000,0.28,fracao_pixels_novos,observado,A,WSF Evolution (DLR) — ano de primeira detecção,"Setor 8 = [180.0°, 202.5°) a partir do Norte, sentido horário, sobre o mesmo vetor centróide-t0 -> pixel-novo-t1 da rosa de expansão (ver métrica direcao_expansao_graus).",Robusta à comissão do mapa (ADR 0009): fonte é o WSF Evolution ou uma métrica declarada robusta a falsos positivos dispersos (direção/tipologia de expansão).
forma_urbana,cateme,2010,frac_novo_setor_08_desde_2005,0.001,fracao_pixels_novos,observado,A,WSF Evolution (DLR) — ano de primeira detecção,"Setor 8 = [180.0°, 202.5°) a partir do Norte, sentido horário, sobre o mesmo vetor centróide-t0 -> pixel-novo-t1 da rosa de expansão (ver métrica direcao_expansao_graus).",Robusta à comissão do mapa (ADR 0009): fonte é o WSF Evolution ou uma métrica declarada robusta a falsos positivos dispersos (direção/tipologia de expansão).
forma_urbana,cateme,2015,frac_novo_setor_08_desde_2010,0.039,fracao_pixels_novos,observado,A,WSF Evolution (DLR) — ano de primeira detecção,"Setor 8 = [180.0°, 202.5°) a partir do Norte, sentido horário, sobre o mesmo vetor centróide-t0 -> pixel-novo-t1 da rosa de expansão (ver métrica direcao_expansao_graus).",Robusta à comissão do mapa (ADR 0009): fonte é o WSF Evolution ou uma métrica declarada robusta a falsos positivos dispersos (direção/tipologia de expansão).
forma_urbana,cateme,2020,frac_novo_setor_08_desde_2015,0.0,fracao_pixels_novos,observado,A,Classificação própria (urbano ∪ industrial ∪ reassentamento),"Setor 8 = [180.0°, 202.5°) a partir do Norte, sentido horário, sobre o mesmo vetor centróide-t0 -> pixel-novo-t1 da rosa de expansão (ver métrica direcao_expansao_graus).",Robusta à comissão do mapa (ADR 0009): fonte é o WSF Evolution ou uma métrica declarada robusta a falsos positivos dispersos (direção/tipologia de expansão).
forma_urbana,cateme,2025,frac_novo_setor_08_desde_2020,0.0,fracao_pixels_novos,observado,A,Classificação própria (urbano ∪ industrial ∪ reassentamento),"Setor 8 = [180.0°, 202.5°) a partir do Norte, sentido horário, sobre o mesmo vetor centróide-t0 -> pixel-novo-t1 da rosa de expansão (ver métrica direcao_expansao_graus).",Robusta à comissão do mapa (ADR 0009): fonte é o WSF Evolution ou uma métrica declarada robusta a falsos positivos dispersos (direção/tipologia de expansão).
forma_urbana,cateme,2005,frac_novo_setor_09_desde_2000,0.0,fracao_pixels_novos,observado,A,WSF Evolution (DLR) — ano de primeira detecção,"Setor 9 = [202.5°, 225.0°) a partir do Norte, sentido horário, sobre o mesmo vetor centróide-t0 -> pixel-novo-t1 da rosa de expansão (ver métrica direcao_expansao_graus).",Robusta à comissão do mapa (ADR 0009): fonte é o WSF Evolution ou uma métrica declarada robusta a falsos positivos dispersos (direção/tipologia de expansão).
forma_urbana,cateme,2010,frac_novo_setor_09_desde_2005,0.0,fracao_pixels_novos,observado,A,WSF Evolution (DLR) — ano de primeira detecção,"Setor 9 = [202.5°, 225.0°) a partir do Norte, sentido horário, sobre o mesmo vetor centróide-t0 -> pixel-novo-t1 da rosa de expansão (ver métrica direcao_expansao_graus).",Robusta à comissão do mapa (ADR 0009): fonte é o WSF Evolution ou uma métrica declarada robusta a falsos positivos dispersos (direção/tipologia de expansão).
forma_urbana,cateme,2015,frac_novo_setor_09_desde_2010,0.0603,fracao_pixels_novos,observado,A,WSF Evolution (DLR) — ano de primeira detecção,"Setor 9 = [202.5°, 225.0°) a partir do Norte, sentido horário, sobre o mesmo vetor centróide-t0 -> pixel-novo-t1 da rosa de expansão (ver métrica direcao_expansao_graus).",Robusta à comissão do mapa (ADR 0009): fonte é o WSF Evolution ou uma métrica declarada robusta a falsos positivos dispersos (direção/tipologia de expansão).
forma_urbana,cateme,2020,frac_novo_setor_09_desde_2015,0.0,fracao_pixels_novos,observado,A,Classificação própria (urbano ∪ industrial ∪ reassentamento),"Setor 9 = [202.5°, 225.0°) a partir do Norte, sentido horário, sobre o mesmo vetor centróide-t0 -> pixel-novo-t1 da rosa de expansão (ver métrica direcao_expansao_graus).",Robusta à comissão do mapa (ADR 0009): fonte é o WSF Evolution ou uma métrica declarada robusta a falsos positivos dispersos (direção/tipologia de expansão).
forma_urbana,cateme,2025,frac_novo_setor_09_desde_2020,0.0,fracao_pixels_novos,observado,A,Classificação própria (urbano ∪ industrial ∪ reassentamento),"Setor 9 = [202.5°, 225.0°) a partir do Norte, sentido horário, sobre o mesmo vetor centróide-t0 -> pixel-novo-t1 da rosa de expansão (ver métrica direcao_expansao_graus).",Robusta à comissão do mapa (ADR 0009): fonte é o WSF Evolution ou uma métrica declarada robusta a falsos positivos dispersos (direção/tipologia de expansão).
forma_urbana,cateme,2005,frac_novo_setor_10_desde_2000,0.0,fracao_pixels_novos,observado,A,WSF Evolution (DLR) — ano de primeira detecção,"Setor 10 = [225.0°, 247.5°) a partir do Norte, sentido horário, sobre o mesmo vetor centróide-t0 -> pixel-novo-t1 da rosa de expansão (ver métrica direcao_expansao_graus).",Robusta à comissão do mapa (ADR 0009): fonte é o WSF Evolution ou uma métrica declarada robusta a falsos positivos dispersos (direção/tipologia de expansão).
forma_urbana,cateme,2010,frac_novo_setor_10_desde_2005,0.0,fracao_pixels_novos,observado,A,WSF Evolution (DLR) — ano de primeira detecção,"Setor 10 = [225.0°, 247.5°) a partir do Norte, sentido horário, sobre o mesmo vetor centróide-t0 -> pixel-novo-t1 da rosa de expansão (ver métrica direcao_expansao_graus).",Robusta à comissão do mapa (ADR 0009): fonte é o WSF Evolution ou uma métrica declarada robusta a falsos positivos dispersos (direção/tipologia de expansão).
forma_urbana,cateme,2015,frac_novo_setor_10_desde_2010,0.0319,fracao_pixels_novos,observado,A,WSF Evolution (DLR) — ano de primeira detecção,"Setor 10 = [225.0°, 247.5°) a partir do Norte, sentido horário, sobre o mesmo vetor centróide-t0 -> pixel-novo-t1 da rosa de expansão (ver métrica direcao_expansao_graus).",Robusta à comissão do mapa (ADR 0009): fonte é o WSF Evolution ou uma métrica declarada robusta a falsos positivos dispersos (direção/tipologia de expansão).
forma_urbana,cateme,2020,frac_novo_setor_10_desde_2015,0.0,fracao_pixels_novos,observado,A,Classificação própria (urbano ∪ industrial ∪ reassentamento),"Setor 10 = [225.0°, 247.5°) a partir do Norte, sentido horário, sobre o mesmo vetor centróide-t0 -> pixel-novo-t1 da rosa de expansão (ver métrica direcao_expansao_graus).",Robusta à comissão do mapa (ADR 0009): fonte é o WSF Evolution ou uma métrica declarada robusta a falsos positivos dispersos (direção/tipologia de expansão).
forma_urbana,cateme,2025,frac_novo_setor_10_desde_2020,0.0352,fracao_pixels_novos,observado,A,Classificação própria (urbano ∪ industrial ∪ reassentamento),"Setor 10 = [225.0°, 247.5°) a partir do Norte, sentido horário, sobre o mesmo vetor centróide-t0 -> pixel-novo-t1 da rosa de expansão (ver métrica direcao_expansao_graus).",Robusta à comissão do mapa (ADR 0009): fonte é o WSF Evolution ou uma métrica declarada robusta a falsos positivos dispersos (direção/tipologia de expansão).
forma_urbana,cateme,2005,frac_novo_setor_11_desde_2000,0.0,fracao_pixels_novos,observado,A,WSF Evolution (DLR) — ano de primeira detecção,"Setor 11 = [247.5°, 270.0°) a partir do Norte, sentido horário, sobre o mesmo vetor centróide-t0 -> pixel-novo-t1 da rosa de expansão (ver métrica direcao_expansao_graus).",Robusta à comissão do mapa (ADR 0009): fonte é o WSF Evolution ou uma métrica declarada robusta a falsos positivos dispersos (direção/tipologia de expansão).
forma_urbana,cateme,2010,frac_novo_setor_11_desde_2005,0.0,fracao_pixels_novos,observado,A,WSF Evolution (DLR) — ano de primeira detecção,"Setor 11 = [247.5°, 270.0°) a partir do Norte, sentido horário, sobre o mesmo vetor centróide-t0 -> pixel-novo-t1 da rosa de expansão (ver métrica direcao_expansao_graus).",Robusta à comissão do mapa (ADR 0009): fonte é o WSF Evolution ou uma métrica declarada robusta a falsos positivos dispersos (direção/tipologia de expansão).
forma_urbana,cateme,2015,frac_novo_setor_11_desde_2010,0.0426,fracao_pixels_novos,observado,A,WSF Evolution (DLR) — ano de primeira detecção,"Setor 11 = [247.5°, 270.0°) a partir do Norte, sentido horário, sobre o mesmo vetor centróide-t0 -> pixel-novo-t1 da rosa de expansão (ver métrica direcao_expansao_graus).",Robusta à comissão do mapa (ADR 0009): fonte é o WSF Evolution ou uma métrica declarada robusta a falsos positivos dispersos (direção/tipologia de expansão).
forma_urbana,cateme,2020,frac_novo_setor_11_desde_2015,0.0308,fracao_pixels_novos,observado,A,Classificação própria (urbano ∪ industrial ∪ reassentamento),"Setor 11 = [247.5°, 270.0°) a partir do Norte, sentido horário, sobre o mesmo vetor centróide-t0 -> pixel-novo-t1 da rosa de expansão (ver métrica direcao_expansao_graus).",Robusta à comissão do mapa (ADR 0009): fonte é o WSF Evolution ou uma métrica declarada robusta a falsos positivos dispersos (direção/tipologia de expansão).
forma_urbana,cateme,2025,frac_novo_setor_11_desde_2020,0.0986,fracao_pixels_novos,observado,A,Classificação própria (urbano ∪ industrial ∪ reassentamento),"Setor 11 = [247.5°, 270.0°) a partir do Norte, sentido horário, sobre o mesmo vetor centróide-t0 -> pixel-novo-t1 da rosa de expansão (ver métrica direcao_expansao_graus).",Robusta à comissão do mapa (ADR 0009): fonte é o WSF Evolution ou uma métrica declarada robusta a falsos positivos dispersos (direção/tipologia de expansão).
forma_urbana,cateme,2005,frac_novo_setor_12_desde_2000,0.04,fracao_pixels_novos,observado,A,WSF Evolution (DLR) — ano de primeira detecção,"Setor 12 = [270.0°, 292.5°) a partir do Norte, sentido horário, sobre o mesmo vetor centróide-t0 -> pixel-novo-t1 da rosa de expansão (ver métrica direcao_expansao_graus).",Robusta à comissão do mapa (ADR 0009): fonte é o WSF Evolution ou uma métrica declarada robusta a falsos positivos dispersos (direção/tipologia de expansão).
forma_urbana,cateme,2010,frac_novo_setor_12_desde_2005,0.0,fracao_pixels_novos,observado,A,WSF Evolution (DLR) — ano de primeira detecção,"Setor 12 = [270.0°, 292.5°) a partir do Norte, sentido horário, sobre o mesmo vetor centróide-t0 -> pixel-novo-t1 da rosa de expansão (ver métrica direcao_expansao_graus).",Robusta à comissão do mapa (ADR 0009): fonte é o WSF Evolution ou uma métrica declarada robusta a falsos positivos dispersos (direção/tipologia de expansão).
forma_urbana,cateme,2015,frac_novo_setor_12_desde_2010,0.0461,fracao_pixels_novos,observado,A,WSF Evolution (DLR) — ano de primeira detecção,"Setor 12 = [270.0°, 292.5°) a partir do Norte, sentido horário, sobre o mesmo vetor centróide-t0 -> pixel-novo-t1 da rosa de expansão (ver métrica direcao_expansao_graus).",Robusta à comissão do mapa (ADR 0009): fonte é o WSF Evolution ou uma métrica declarada robusta a falsos positivos dispersos (direção/tipologia de expansão).
forma_urbana,cateme,2020,frac_novo_setor_12_desde_2015,0.0308,fracao_pixels_novos,observado,A,Classificação própria (urbano ∪ industrial ∪ reassentamento),"Setor 12 = [270.0°, 292.5°) a partir do Norte, sentido horário, sobre o mesmo vetor centróide-t0 -> pixel-novo-t1 da rosa de expansão (ver métrica direcao_expansao_graus).",Robusta à comissão do mapa (ADR 0009): fonte é o WSF Evolution ou uma métrica declarada robusta a falsos positivos dispersos (direção/tipologia de expansão).
forma_urbana,cateme,2025,frac_novo_setor_12_desde_2020,0.1338,fracao_pixels_novos,observado,A,Classificação própria (urbano ∪ industrial ∪ reassentamento),"Setor 12 = [270.0°, 292.5°) a partir do Norte, sentido horário, sobre o mesmo vetor centróide-t0 -> pixel-novo-t1 da rosa de expansão (ver métrica direcao_expansao_graus).",Robusta à comissão do mapa (ADR 0009): fonte é o WSF Evolution ou uma métrica declarada robusta a falsos positivos dispersos (direção/tipologia de expansão).
forma_urbana,cateme,2005,frac_novo_setor_13_desde_2000,0.0,fracao_pixels_novos,observado,A,WSF Evolution (DLR) — ano de primeira detecção,"Setor 13 = [292.5°, 315.0°) a partir do Norte, sentido horário, sobre o mesmo vetor centróide-t0 -> pixel-novo-t1 da rosa de expansão (ver métrica direcao_expansao_graus).",Robusta à comissão do mapa (ADR 0009): fonte é o WSF Evolution ou uma métrica declarada robusta a falsos positivos dispersos (direção/tipologia de expansão).
forma_urbana,cateme,2010,frac_novo_setor_13_desde_2005,0.002,fracao_pixels_novos,observado,A,WSF Evolution (DLR) — ano de primeira detecção,"Setor 13 = [292.5°, 315.0°) a partir do Norte, sentido horário, sobre o mesmo vetor centróide-t0 -> pixel-novo-t1 da rosa de expansão (ver métrica direcao_expansao_graus).",Robusta à comissão do mapa (ADR 0009): fonte é o WSF Evolution ou uma métrica declarada robusta a falsos positivos dispersos (direção/tipologia de expansão).
forma_urbana,cateme,2015,frac_novo_setor_13_desde_2010,0.0532,fracao_pixels_novos,observado,A,WSF Evolution (DLR) — ano de primeira detecção,"Setor 13 = [292.5°, 315.0°) a partir do Norte, sentido horário, sobre o mesmo vetor centróide-t0 -> pixel-novo-t1 da rosa de expansão (ver métrica direcao_expansao_graus).",Robusta à comissão do mapa (ADR 0009): fonte é o WSF Evolution ou uma métrica declarada robusta a falsos positivos dispersos (direção/tipologia de expansão).
forma_urbana,cateme,2020,frac_novo_setor_13_desde_2015,0.0,fracao_pixels_novos,observado,A,Classificação própria (urbano ∪ industrial ∪ reassentamento),"Setor 13 = [292.5°, 315.0°) a partir do Norte, sentido horário, sobre o mesmo vetor centróide-t0 -> pixel-novo-t1 da rosa de expansão (ver métrica direcao_expansao_graus).",Robusta à comissão do mapa (ADR 0009): fonte é o WSF Evolution ou uma métrica declarada robusta a falsos positivos dispersos (direção/tipologia de expansão).
forma_urbana,cateme,2025,frac_novo_setor_13_desde_2020,0.0211,fracao_pixels_novos,observado,A,Classificação própria (urbano ∪ industrial ∪ reassentamento),"Setor 13 = [292.5°, 315.0°) a partir do Norte, sentido horário, sobre o mesmo vetor centróide-t0 -> pixel-novo-t1 da rosa de expansão (ver métrica direcao_expansao_graus).",Robusta à comissão do mapa (ADR 0009): fonte é o WSF Evolution ou uma métrica declarada robusta a falsos positivos dispersos (direção/tipologia de expansão).
forma_urbana,cateme,2005,frac_novo_setor_14_desde_2000,0.04,fracao_pixels_novos,observado,A,WSF Evolution (DLR) — ano de primeira detecção,"Setor 14 = [315.0°, 337.5°) a partir do Norte, sentido horário, sobre o mesmo vetor centróide-t0 -> pixel-novo-t1 da rosa de expansão (ver métrica direcao_expansao_graus).",Robusta à comissão do mapa (ADR 0009): fonte é o WSF Evolution ou uma métrica declarada robusta a falsos positivos dispersos (direção/tipologia de expansão).
forma_urbana,cateme,2010,frac_novo_setor_14_desde_2005,0.0,fracao_pixels_novos,observado,A,WSF Evolution (DLR) — ano de primeira detecção,"Setor 14 = [315.0°, 337.5°) a partir do Norte, sentido horário, sobre o mesmo vetor centróide-t0 -> pixel-novo-t1 da rosa de expansão (ver métrica direcao_expansao_graus).",Robusta à comissão do mapa (ADR 0009): fonte é o WSF Evolution ou uma métrica declarada robusta a falsos positivos dispersos (direção/tipologia de expansão).
forma_urbana,cateme,2015,frac_novo_setor_14_desde_2010,0.1028,fracao_pixels_novos,observado,A,WSF Evolution (DLR) — ano de primeira detecção,"Setor 14 = [315.0°, 337.5°) a partir do Norte, sentido horário, sobre o mesmo vetor centróide-t0 -> pixel-novo-t1 da rosa de expansão (ver métrica direcao_expansao_graus).",Robusta à comissão do mapa (ADR 0009): fonte é o WSF Evolution ou uma métrica declarada robusta a falsos positivos dispersos (direção/tipologia de expansão).
forma_urbana,cateme,2020,frac_novo_setor_14_desde_2015,0.0,fracao_pixels_novos,observado,A,Classificação própria (urbano ∪ industrial ∪ reassentamento),"Setor 14 = [315.0°, 337.5°) a partir do Norte, sentido horário, sobre o mesmo vetor centróide-t0 -> pixel-novo-t1 da rosa de expansão (ver métrica direcao_expansao_graus).",Robusta à comissão do mapa (ADR 0009): fonte é o WSF Evolution ou uma métrica declarada robusta a falsos positivos dispersos (direção/tipologia de expansão).
forma_urbana,cateme,2025,frac_novo_setor_14_desde_2020,0.007,fracao_pixels_novos,observado,A,Classificação própria (urbano ∪ industrial ∪ reassentamento),"Setor 14 = [315.0°, 337.5°) a partir do Norte, sentido horário, sobre o mesmo vetor centróide-t0 -> pixel-novo-t1 da rosa de expansão (ver métrica direcao_expansao_graus).",Robusta à comissão do mapa (ADR 0009): fonte é o WSF Evolution ou uma métrica declarada robusta a falsos positivos dispersos (direção/tipologia de expansão).
forma_urbana,cateme,2005,frac_novo_setor_15_desde_2000,0.28,fracao_pixels_novos,observado,A,WSF Evolution (DLR) — ano de primeira detecção,"Setor 15 = [337.5°, 360.0°) a partir do Norte, sentido horário, sobre o mesmo vetor centróide-t0 -> pixel-novo-t1 da rosa de expansão (ver métrica direcao_expansao_graus).",Robusta à comissão do mapa (ADR 0009): fonte é o WSF Evolution ou uma métrica declarada robusta a falsos positivos dispersos (direção/tipologia de expansão).
forma_urbana,cateme,2010,frac_novo_setor_15_desde_2005,0.005,fracao_pixels_novos,observado,A,WSF Evolution (DLR) — ano de primeira detecção,"Setor 15 = [337.5°, 360.0°) a partir do Norte, sentido horário, sobre o mesmo vetor centróide-t0 -> pixel-novo-t1 da rosa de expansão (ver métrica direcao_expansao_graus).",Robusta à comissão do mapa (ADR 0009): fonte é o WSF Evolution ou uma métrica declarada robusta a falsos positivos dispersos (direção/tipologia de expansão).
forma_urbana,cateme,2015,frac_novo_setor_15_desde_2010,0.0709,fracao_pixels_novos,observado,A,WSF Evolution (DLR) — ano de primeira detecção,"Setor 15 = [337.5°, 360.0°) a partir do Norte, sentido horário, sobre o mesmo vetor centróide-t0 -> pixel-novo-t1 da rosa de expansão (ver métrica direcao_expansao_graus).",Robusta à comissão do mapa (ADR 0009): fonte é o WSF Evolution ou uma métrica declarada robusta a falsos positivos dispersos (direção/tipologia de expansão).
forma_urbana,cateme,2020,frac_novo_setor_15_desde_2015,0.2462,fracao_pixels_novos,observado,A,Classificação própria (urbano ∪ industrial ∪ reassentamento),"Setor 15 = [337.5°, 360.0°) a partir do Norte, sentido horário, sobre o mesmo vetor centróide-t0 -> pixel-novo-t1 da rosa de expansão (ver métrica direcao_expansao_graus).",Robusta à comissão do mapa (ADR 0009): fonte é o WSF Evolution ou uma métrica declarada robusta a falsos positivos dispersos (direção/tipologia de expansão).
forma_urbana,cateme,2025,frac_novo_setor_15_desde_2020,0.0,fracao_pixels_novos,observado,A,Classificação própria (urbano ∪ industrial ∪ reassentamento),"Setor 15 = [337.5°, 360.0°) a partir do Norte, sentido horário, sobre o mesmo vetor centróide-t0 -> pixel-novo-t1 da rosa de expansão (ver métrica direcao_expansao_graus).",Robusta à comissão do mapa (ADR 0009): fonte é o WSF Evolution ou uma métrica declarada robusta a falsos positivos dispersos (direção/tipologia de expansão).
forma_urbana,cateme,2023,n_edificacoes,7423,contagem,observado,A,"Google Open Buildings v3, recorte AOI — data/raw/open_buildings_v3_aoi.csv (ver data/raw/open_buildings_v3_aoi.csv.meta.json)","Google Open Buildings v3, edificações atribuídas ao ponto-sede mais próximo (mesma partição de Voronoi das demais métricas de forma urbana), confidence >= 0,65 (piso do próprio recorte, ver docstring).","Epoch de Open Buildings v3 aproximado como 2023 (Google não publica data de aquisição por edifício nesta AOI). Não é série temporal — comparável só ao ano informado. confiança mín/méd/máx na unidade: 0.65/0.76/0.96. Sensível à comissão do mapa (ADR 0009, acurácia do usuário do construído = 0,27-0,63): não interpretar como medição absoluta livre de erro."
forma_urbana,cateme,2005,prop_borda_desde_2000,0.96,fracao_pixels_novos,observado,A,WSF Evolution (DLR) — ano de primeira detecção,Pixel novo em t1 classificado por densidade de construído em t0 num disco de raio 90 m (limiar infill >= 0.5); leapfrog = densidade 0. n_pixels_novos=25.,proporção sensível a comissão do mapa; tende a inflar leapfrog (ver docstring do módulo).
forma_urbana,cateme,2010,prop_borda_desde_2005,0.5289,fracao_pixels_novos,observado,A,WSF Evolution (DLR) — ano de primeira detecção,Pixel novo em t1 classificado por densidade de construído em t0 num disco de raio 90 m (limiar infill >= 0.5); leapfrog = densidade 0. n_pixels_novos=1002.,proporção sensível a comissão do mapa; tende a inflar leapfrog (ver docstring do módulo).
forma_urbana,cateme,2015,prop_borda_desde_2010,0.8369,fracao_pixels_novos,observado,A,WSF Evolution (DLR) — ano de primeira detecção,Pixel novo em t1 classificado por densidade de construído em t0 num disco de raio 90 m (limiar infill >= 0.5); leapfrog = densidade 0. n_pixels_novos=282.,proporção sensível a comissão do mapa; tende a inflar leapfrog (ver docstring do módulo).
forma_urbana,cateme,2020,prop_borda_desde_2015,0.7231,fracao_pixels_novos,observado,A,Classificação própria (urbano ∪ industrial ∪ reassentamento),Pixel novo em t1 classificado por densidade de construído em t0 num disco de raio 90 m (limiar infill >= 0.5); leapfrog = densidade 0. n_pixels_novos=65.,proporção sensível a comissão do mapa; tende a inflar leapfrog (ver docstring do módulo).
forma_urbana,cateme,2025,prop_borda_desde_2020,0.8169,fracao_pixels_novos,observado,A,Classificação própria (urbano ∪ industrial ∪ reassentamento),Pixel novo em t1 classificado por densidade de construído em t0 num disco de raio 90 m (limiar infill >= 0.5); leapfrog = densidade 0. n_pixels_novos=142.,proporção sensível a comissão do mapa; tende a inflar leapfrog (ver docstring do módulo).
forma_urbana,cateme,2005,prop_infill_desde_2000,0.0,fracao_pixels_novos,observado,A,WSF Evolution (DLR) — ano de primeira detecção,Pixel novo em t1 classificado por densidade de construído em t0 num disco de raio 90 m (limiar infill >= 0.5); leapfrog = densidade 0. n_pixels_novos=25.,proporção sensível a comissão do mapa; tende a inflar leapfrog (ver docstring do módulo).
forma_urbana,cateme,2010,prop_infill_desde_2005,0.0,fracao_pixels_novos,observado,A,WSF Evolution (DLR) — ano de primeira detecção,Pixel novo em t1 classificado por densidade de construído em t0 num disco de raio 90 m (limiar infill >= 0.5); leapfrog = densidade 0. n_pixels_novos=1002.,proporção sensível a comissão do mapa; tende a inflar leapfrog (ver docstring do módulo).
forma_urbana,cateme,2015,prop_infill_desde_2010,0.0355,fracao_pixels_novos,observado,A,WSF Evolution (DLR) — ano de primeira detecção,Pixel novo em t1 classificado por densidade de construído em t0 num disco de raio 90 m (limiar infill >= 0.5); leapfrog = densidade 0. n_pixels_novos=282.,proporção sensível a comissão do mapa; tende a inflar leapfrog (ver docstring do módulo).
forma_urbana,cateme,2020,prop_infill_desde_2015,0.2462,fracao_pixels_novos,observado,A,Classificação própria (urbano ∪ industrial ∪ reassentamento),Pixel novo em t1 classificado por densidade de construído em t0 num disco de raio 90 m (limiar infill >= 0.5); leapfrog = densidade 0. n_pixels_novos=65.,proporção sensível a comissão do mapa; tende a inflar leapfrog (ver docstring do módulo).
forma_urbana,cateme,2025,prop_infill_desde_2020,0.1479,fracao_pixels_novos,observado,A,Classificação própria (urbano ∪ industrial ∪ reassentamento),Pixel novo em t1 classificado por densidade de construído em t0 num disco de raio 90 m (limiar infill >= 0.5); leapfrog = densidade 0. n_pixels_novos=142.,proporção sensível a comissão do mapa; tende a inflar leapfrog (ver docstring do módulo).
forma_urbana,cateme,2005,prop_leapfrog_desde_2000,0.04,fracao_pixels_novos,observado,A,WSF Evolution (DLR) — ano de primeira detecção,Pixel novo em t1 classificado por densidade de construído em t0 num disco de raio 90 m (limiar infill >= 0.5); leapfrog = densidade 0. n_pixels_novos=25.,proporção sensível a comissão do mapa; tende a inflar leapfrog (ver docstring do módulo).
forma_urbana,cateme,2010,prop_leapfrog_desde_2005,0.4711,fracao_pixels_novos,observado,A,WSF Evolution (DLR) — ano de primeira detecção,Pixel novo em t1 classificado por densidade de construído em t0 num disco de raio 90 m (limiar infill >= 0.5); leapfrog = densidade 0. n_pixels_novos=1002.,proporção sensível a comissão do mapa; tende a inflar leapfrog (ver docstring do módulo).
forma_urbana,cateme,2015,prop_leapfrog_desde_2010,0.1277,fracao_pixels_novos,observado,A,WSF Evolution (DLR) — ano de primeira detecção,Pixel novo em t1 classificado por densidade de construído em t0 num disco de raio 90 m (limiar infill >= 0.5); leapfrog = densidade 0. n_pixels_novos=282.,proporção sensível a comissão do mapa; tende a inflar leapfrog (ver docstring do módulo).
forma_urbana,cateme,2020,prop_leapfrog_desde_2015,0.0308,fracao_pixels_novos,observado,A,Classificação própria (urbano ∪ industrial ∪ reassentamento),Pixel novo em t1 classificado por densidade de construído em t0 num disco de raio 90 m (limiar infill >= 0.5); leapfrog = densidade 0. n_pixels_novos=65.,proporção sensível a comissão do mapa; tende a inflar leapfrog (ver docstring do módulo).
forma_urbana,cateme,2025,prop_leapfrog_desde_2020,0.0352,fracao_pixels_novos,observado,A,Classificação própria (urbano ∪ industrial ∪ reassentamento),Pixel novo em t1 classificado por densidade de construído em t0 num disco de raio 90 m (limiar infill >= 0.5); leapfrog = densidade 0. n_pixels_novos=142.,proporção sensível a comissão do mapa; tende a inflar leapfrog (ver docstring do módulo).
forma_urbana,cateme,2023,regularidade_espacamento_cv,3.6107,adimensional_cv,observado,A,"Google Open Buildings v3, recorte AOI — data/raw/open_buildings_v3_aoi.csv (ver data/raw/open_buildings_v3_aoi.csv.meta.json)","Google Open Buildings v3, edificações atribuídas ao ponto-sede mais próximo (mesma partição de Voronoi das demais métricas de forma urbana), confidence >= 0,65 (piso do próprio recorte, ver docstring).","Coeficiente de variação da distância ao vizinho mais próximo entre edificações. Menor = espaçamento mais uniforme (malha regular, proxy de formal); maior = espaçamento errático (proxy de informal). Componente de rede viária OSM NÃO incluída — não há extrator de malha viária OSM neste repositório (ver docstring do módulo). Proxy parcial, só geometria de edificação. Epoch de Open Buildings v3 aproximado como 2023 (Google não publica data de aquisição por edifício nesta AOI). Não é série temporal — comparável só ao ano informado. Sensível à comissão do mapa (ADR 0009, acurácia do usuário do construído = 0,27-0,63): não interpretar como medição absoluta livre de erro."
forma_urbana,cateme,2023,regularidade_tamanho_cv,2.4789,adimensional_cv,observado,A,"Google Open Buildings v3, recorte AOI — data/raw/open_buildings_v3_aoi.csv (ver data/raw/open_buildings_v3_aoi.csv.meta.json)","Google Open Buildings v3, edificações atribuídas ao ponto-sede mais próximo (mesma partição de Voronoi das demais métricas de forma urbana), confidence >= 0,65 (piso do próprio recorte, ver docstring).","Coeficiente de variação (desvio-padrão/média) da área das edificações. Menor = tamanhos mais homogêneos = proxy de malha mais regular/planejada; maior = mistura de portes = proxy de informalidade. Proxy indireto, não validado em campo. Epoch de Open Buildings v3 aproximado como 2023 (Google não publica data de aquisição por edifício nesta AOI). Não é série temporal — comparável só ao ano informado. Sensível à comissão do mapa (ADR 0009, acurácia do usuário do construído = 0,27-0,63): não interpretar como medição absoluta livre de erro."
forma_urbana,industrial,2000,area_km2_industrial,0.0,km2,observado,A,"Classificação própria (Random Forest, protocolo único todos os anos) — data/processed/imagery/industrial_2000_30m_32736.tif","Soma da camada 'industrial' inteira (já é uma unidade, sem split espacial).","Área SENSÍVEL à comissão medida (acuracia_por_ano.csv: acurácia do usuário de construído = 0,27-0,63, ADR 0009). Não usar para CAGR nem para 'quanto cresceu' — só para a PROPORÇÃO entre camadas no mesmo ano/unidade."
forma_urbana,industrial,2005,area_km2_industrial,0.0,km2,observado,A,"Classificação própria (Random Forest, protocolo único todos os anos) — data/processed/imagery/industrial_2005_30m_32736.tif","Soma da camada 'industrial' inteira (já é uma unidade, sem split espacial).","Área SENSÍVEL à comissão medida (acuracia_por_ano.csv: acurácia do usuário de construído = 0,27-0,63, ADR 0009). Não usar para CAGR nem para 'quanto cresceu' — só para a PROPORÇÃO entre camadas no mesmo ano/unidade."
forma_urbana,industrial,2010,area_km2_industrial,7.4529,km2,observado,A,"Classificação própria (Random Forest, protocolo único todos os anos) — data/processed/imagery/industrial_2010_30m_32736.tif","Soma da camada 'industrial' inteira (já é uma unidade, sem split espacial).","Área SENSÍVEL à comissão medida (acuracia_por_ano.csv: acurácia do usuário de construído = 0,27-0,63, ADR 0009). Não usar para CAGR nem para 'quanto cresceu' — só para a PROPORÇÃO entre camadas no mesmo ano/unidade. 2010 usa Landsat 7 SLC-off (docs/ADR/0005): 26,64% dos pixels da AOI têm menos de 4 observações válidas no composto de estação seca (data/interim/slc_off_2010_cobertura.csv). Métricas derivadas da classificação própria de 2010 (ou de período que usa 2010 como t0/t1) herdam essa cobertura desigual — não é um viés de comissão adicional, é ruído de amostragem de composto que pode inflar heterogeneidade espacial espúria (manchas, densidade de borda, tipologia)."
forma_urbana,industrial,2015,area_km2_industrial,30.1527,km2,observado,A,"Classificação própria (Random Forest, protocolo único todos os anos) — data/processed/imagery/industrial_2015_30m_32736.tif","Soma da camada 'industrial' inteira (já é uma unidade, sem split espacial).","Área SENSÍVEL à comissão medida (acuracia_por_ano.csv: acurácia do usuário de construído = 0,27-0,63, ADR 0009). Não usar para CAGR nem para 'quanto cresceu' — só para a PROPORÇÃO entre camadas no mesmo ano/unidade."
forma_urbana,industrial,2020,area_km2_industrial,46.4328,km2,observado,A,"Classificação própria (Random Forest, protocolo único todos os anos) — data/processed/imagery/industrial_2020_30m_32736.tif","Soma da camada 'industrial' inteira (já é uma unidade, sem split espacial).","Área SENSÍVEL à comissão medida (acuracia_por_ano.csv: acurácia do usuário de construído = 0,27-0,63, ADR 0009). Não usar para CAGR nem para 'quanto cresceu' — só para a PROPORÇÃO entre camadas no mesmo ano/unidade."
forma_urbana,industrial,2025,area_km2_industrial,62.4987,km2,observado,A,"Classificação própria (Random Forest, protocolo único todos os anos) — data/processed/imagery/industrial_2025_30m_32736.tif","Soma da camada 'industrial' inteira (já é uma unidade, sem split espacial).","Área SENSÍVEL à comissão medida (acuracia_por_ano.csv: acurácia do usuário de construído = 0,27-0,63, ADR 0009). Não usar para CAGR nem para 'quanto cresceu' — só para a PROPORÇÃO entre camadas no mesmo ano/unidade."
forma_urbana,moatize_vila,2000,area_km2_assentamento_wsf,9.2196,km2,observado,A,"WSF Evolution (DLR), 30 m, ano de primeira detecção — data/raw/wsf_evolution_*.tif","Área cumulativa (ano de detecção <= ano-âncora) do WSF Evolution, menos pegada industrial (Maus et al. 2022 + 150 m), atribuída ao ponto-sede mais próximo (partição de Voronoi entre tete/moatize/cateme/mwaladzi). Ver docstring de pipeline/02_metrics/_common.py.","'moatize_vila' inclui qualquer pixel do povoado '25 de Setembro' (geometry: null, não localizável) por ser o ponto-sede mais próximo — infla moatize com reassentamento não separável, magnitude não estimável (ver restrição 3 da tarefa). Robusta à comissão do mapa (ADR 0009): fonte é o WSF Evolution ou uma métrica declarada robusta a falsos positivos dispersos (direção/tipologia de expansão)."
forma_urbana,moatize_vila,2005,area_km2_assentamento_wsf,9.8262,km2,observado,A,"WSF Evolution (DLR), 30 m, ano de primeira detecção — data/raw/wsf_evolution_*.tif","Área cumulativa (ano de detecção <= ano-âncora) do WSF Evolution, menos pegada industrial (Maus et al. 2022 + 150 m), atribuída ao ponto-sede mais próximo (partição de Voronoi entre tete/moatize/cateme/mwaladzi). Ver docstring de pipeline/02_metrics/_common.py.","'moatize_vila' inclui qualquer pixel do povoado '25 de Setembro' (geometry: null, não localizável) por ser o ponto-sede mais próximo — infla moatize com reassentamento não separável, magnitude não estimável (ver restrição 3 da tarefa). Robusta à comissão do mapa (ADR 0009): fonte é o WSF Evolution ou uma métrica declarada robusta a falsos positivos dispersos (direção/tipologia de expansão)."
forma_urbana,moatize_vila,2010,area_km2_assentamento_wsf,10.7217,km2,observado,A,"WSF Evolution (DLR), 30 m, ano de primeira detecção — data/raw/wsf_evolution_*.tif","Área cumulativa (ano de detecção <= ano-âncora) do WSF Evolution, menos pegada industrial (Maus et al. 2022 + 150 m), atribuída ao ponto-sede mais próximo (partição de Voronoi entre tete/moatize/cateme/mwaladzi). Ver docstring de pipeline/02_metrics/_common.py.","'moatize_vila' inclui qualquer pixel do povoado '25 de Setembro' (geometry: null, não localizável) por ser o ponto-sede mais próximo — infla moatize com reassentamento não separável, magnitude não estimável (ver restrição 3 da tarefa). Robusta à comissão do mapa (ADR 0009): fonte é o WSF Evolution ou uma métrica declarada robusta a falsos positivos dispersos (direção/tipologia de expansão)."
forma_urbana,moatize_vila,2015,area_km2_assentamento_wsf,12.8862,km2,observado,A,"WSF Evolution (DLR), 30 m, ano de primeira detecção — data/raw/wsf_evolution_*.tif","Área cumulativa (ano de detecção <= ano-âncora) do WSF Evolution, menos pegada industrial (Maus et al. 2022 + 150 m), atribuída ao ponto-sede mais próximo (partição de Voronoi entre tete/moatize/cateme/mwaladzi). Ver docstring de pipeline/02_metrics/_common.py.","'moatize_vila' inclui qualquer pixel do povoado '25 de Setembro' (geometry: null, não localizável) por ser o ponto-sede mais próximo — infla moatize com reassentamento não separável, magnitude não estimável (ver restrição 3 da tarefa). Robusta à comissão do mapa (ADR 0009): fonte é o WSF Evolution ou uma métrica declarada robusta a falsos positivos dispersos (direção/tipologia de expansão)."
forma_urbana,moatize_vila,2000,area_km2_urbano,2.8413,km2,observado,A,"Classificação própria (Random Forest, protocolo único todos os anos) — data/processed/imagery/urbano_2000_30m_32736.tif","Pixel classificado na camada, atribuído ao ponto-sede mais próximo (industrial não é atribuído — é a própria camada).","Área SENSÍVEL à comissão medida (acuracia_por_ano.csv: acurácia do usuário de construído = 0,27-0,63, ADR 0009). Não usar para CAGR nem para 'quanto cresceu' — só para a PROPORÇÃO entre camadas no mesmo ano/unidade. Inclui pixels do povoado '25 de Setembro' (geometry null, não localizável), atribuídos a moatize por proximidade — não separável de crescimento orgânico com os dados disponíveis (restrição 3)."
forma_urbana,moatize_vila,2005,area_km2_urbano,4.0158,km2,observado,A,"Classificação própria (Random Forest, protocolo único todos os anos) — data/processed/imagery/urbano_2005_30m_32736.tif","Pixel classificado na camada, atribuído ao ponto-sede mais próximo (industrial não é atribuído — é a própria camada).","Área SENSÍVEL à comissão medida (acuracia_por_ano.csv: acurácia do usuário de construído = 0,27-0,63, ADR 0009). Não usar para CAGR nem para 'quanto cresceu' — só para a PROPORÇÃO entre camadas no mesmo ano/unidade. Inclui pixels do povoado '25 de Setembro' (geometry null, não localizável), atribuídos a moatize por proximidade — não separável de crescimento orgânico com os dados disponíveis (restrição 3)."
forma_urbana,moatize_vila,2010,area_km2_urbano,4.6251,km2,observado,A,"Classificação própria (Random Forest, protocolo único todos os anos) — data/processed/imagery/urbano_2010_30m_32736.tif","Pixel classificado na camada, atribuído ao ponto-sede mais próximo (industrial não é atribuído — é a própria camada).","Área SENSÍVEL à comissão medida (acuracia_por_ano.csv: acurácia do usuário de construído = 0,27-0,63, ADR 0009). Não usar para CAGR nem para 'quanto cresceu' — só para a PROPORÇÃO entre camadas no mesmo ano/unidade. Inclui pixels do povoado '25 de Setembro' (geometry null, não localizável), atribuídos a moatize por proximidade — não separável de crescimento orgânico com os dados disponíveis (restrição 3). 2010 usa Landsat 7 SLC-off (docs/ADR/0005): 26,64% dos pixels da AOI têm menos de 4 observações válidas no composto de estação seca (data/interim/slc_off_2010_cobertura.csv). Métricas derivadas da classificação própria de 2010 (ou de período que usa 2010 como t0/t1) herdam essa cobertura desigual — não é um viés de comissão adicional, é ruído de amostragem de composto que pode inflar heterogeneidade espacial espúria (manchas, densidade de borda, tipologia)."
forma_urbana,moatize_vila,2015,area_km2_urbano,7.2207,km2,observado,A,"Classificação própria (Random Forest, protocolo único todos os anos) — data/processed/imagery/urbano_2015_30m_32736.tif","Pixel classificado na camada, atribuído ao ponto-sede mais próximo (industrial não é atribuído — é a própria camada).","Área SENSÍVEL à comissão medida (acuracia_por_ano.csv: acurácia do usuário de construído = 0,27-0,63, ADR 0009). Não usar para CAGR nem para 'quanto cresceu' — só para a PROPORÇÃO entre camadas no mesmo ano/unidade. Inclui pixels do povoado '25 de Setembro' (geometry null, não localizável), atribuídos a moatize por proximidade — não separável de crescimento orgânico com os dados disponíveis (restrição 3)."
forma_urbana,moatize_vila,2020,area_km2_urbano,7.9065,km2,observado,A,"Classificação própria (Random Forest, protocolo único todos os anos) — data/processed/imagery/urbano_2020_30m_32736.tif","Pixel classificado na camada, atribuído ao ponto-sede mais próximo (industrial não é atribuído — é a própria camada).","Área SENSÍVEL à comissão medida (acuracia_por_ano.csv: acurácia do usuário de construído = 0,27-0,63, ADR 0009). Não usar para CAGR nem para 'quanto cresceu' — só para a PROPORÇÃO entre camadas no mesmo ano/unidade. Inclui pixels do povoado '25 de Setembro' (geometry null, não localizável), atribuídos a moatize por proximidade — não separável de crescimento orgânico com os dados disponíveis (restrição 3)."
forma_urbana,moatize_vila,2025,area_km2_urbano,9.0963,km2,observado,A,"Classificação própria (Random Forest, protocolo único todos os anos) — data/processed/imagery/urbano_2025_30m_32736.tif","Pixel classificado na camada, atribuído ao ponto-sede mais próximo (industrial não é atribuído — é a própria camada).","Área SENSÍVEL à comissão medida (acuracia_por_ano.csv: acurácia do usuário de construído = 0,27-0,63, ADR 0009). Não usar para CAGR nem para 'quanto cresceu' — só para a PROPORÇÃO entre camadas no mesmo ano/unidade. Inclui pixels do povoado '25 de Setembro' (geometry null, não localizável), atribuídos a moatize por proximidade — não separável de crescimento orgânico com os dados disponíveis (restrição 3)."
forma_urbana,moatize_vila,2023,area_media_edificacao_m2,43.3,m2,observado,A,"Google Open Buildings v3, recorte AOI — data/raw/open_buildings_v3_aoi.csv (ver data/raw/open_buildings_v3_aoi.csv.meta.json)","Google Open Buildings v3, edificações atribuídas ao ponto-sede mais próximo (mesma partição de Voronoi das demais métricas de forma urbana), confidence >= 0,65 (piso do próprio recorte, ver docstring).","Epoch de Open Buildings v3 aproximado como 2023 (Google não publica data de aquisição por edifício nesta AOI). Não é série temporal — comparável só ao ano informado. Sensível à comissão do mapa (ADR 0009, acurácia do usuário do construído = 0,27-0,63): não interpretar como medição absoluta livre de erro."
forma_urbana,moatize_vila,2000,area_media_manchas_km2_urbano,0.0395,km2,observado,A,pylandstats 3.1.0 sobre data/processed/imagery/urbano_2000_30m_32736.tif,"Landscape binário (classe=camada, res=30m), pylandstats.Landscape, neighborhood_rule='8' (padrão).","n_pixels_camada=3157. Sensível à comissão medida (acurácia do usuário 0,27-0,63, ADR 0009): comissão tende a inflar n_manchas/densidade_borda e a deprimir tamanho médio de mancha/largest_patch_index — direção declarada, magnitude não corrigida."
forma_urbana,moatize_vila,2005,area_media_manchas_km2_urbano,0.0496,km2,observado,A,pylandstats 3.1.0 sobre data/processed/imagery/urbano_2005_30m_32736.tif,"Landscape binário (classe=camada, res=30m), pylandstats.Landscape, neighborhood_rule='8' (padrão).","n_pixels_camada=4462. Sensível à comissão medida (acurácia do usuário 0,27-0,63, ADR 0009): comissão tende a inflar n_manchas/densidade_borda e a deprimir tamanho médio de mancha/largest_patch_index — direção declarada, magnitude não corrigida."
forma_urbana,moatize_vila,2010,area_media_manchas_km2_urbano,0.0585,km2,observado,A,pylandstats 3.1.0 sobre data/processed/imagery/urbano_2010_30m_32736.tif,"Landscape binário (classe=camada, res=30m), pylandstats.Landscape, neighborhood_rule='8' (padrão).","n_pixels_camada=5139. Sensível à comissão medida (acurácia do usuário 0,27-0,63, ADR 0009): comissão tende a inflar n_manchas/densidade_borda e a deprimir tamanho médio de mancha/largest_patch_index — direção declarada, magnitude não corrigida. 2010 usa Landsat 7 SLC-off (docs/ADR/0005): 26,64% dos pixels da AOI têm menos de 4 observações válidas no composto de estação seca (data/interim/slc_off_2010_cobertura.csv). Métricas derivadas da classificação própria de 2010 (ou de período que usa 2010 como t0/t1) herdam essa cobertura desigual — não é um viés de comissão adicional, é ruído de amostragem de composto que pode inflar heterogeneidade espacial espúria (manchas, densidade de borda, tipologia)."
forma_urbana,moatize_vila,2015,area_media_manchas_km2_urbano,0.0722,km2,observado,A,pylandstats 3.1.0 sobre data/processed/imagery/urbano_2015_30m_32736.tif,"Landscape binário (classe=camada, res=30m), pylandstats.Landscape, neighborhood_rule='8' (padrão).","n_pixels_camada=8023. Sensível à comissão medida (acurácia do usuário 0,27-0,63, ADR 0009): comissão tende a inflar n_manchas/densidade_borda e a deprimir tamanho médio de mancha/largest_patch_index — direção declarada, magnitude não corrigida."
forma_urbana,moatize_vila,2020,area_media_manchas_km2_urbano,0.0739,km2,observado,A,pylandstats 3.1.0 sobre data/processed/imagery/urbano_2020_30m_32736.tif,"Landscape binário (classe=camada, res=30m), pylandstats.Landscape, neighborhood_rule='8' (padrão).","n_pixels_camada=8785. Sensível à comissão medida (acurácia do usuário 0,27-0,63, ADR 0009): comissão tende a inflar n_manchas/densidade_borda e a deprimir tamanho médio de mancha/largest_patch_index — direção declarada, magnitude não corrigida."
forma_urbana,moatize_vila,2025,area_media_manchas_km2_urbano,0.0664,km2,observado,A,pylandstats 3.1.0 sobre data/processed/imagery/urbano_2025_30m_32736.tif,"Landscape binário (classe=camada, res=30m), pylandstats.Landscape, neighborhood_rule='8' (padrão).","n_pixels_camada=10107. Sensível à comissão medida (acurácia do usuário 0,27-0,63, ADR 0009): comissão tende a inflar n_manchas/densidade_borda e a deprimir tamanho médio de mancha/largest_patch_index — direção declarada, magnitude não corrigida."
forma_urbana,moatize_vila,2005,cagr_pct_ano_desde_2000_assentamento_wsf,1.2826,%/ano,observado,A,"WSF Evolution (DLR), 30 m, ano de primeira detecção — data/raw/wsf_evolution_*.tif","CAGR = (area(2005)/area(2000))^(1/5) - 1, sobre a série WSF acima.",Robusta à comissão do mapa (ADR 0009): fonte é o WSF Evolution ou uma métrica declarada robusta a falsos positivos dispersos (direção/tipologia de expansão).
forma_urbana,moatize_vila,2015,cagr_pct_ano_desde_2000_assentamento_wsf,2.2573,%/ano,observado,A,"WSF Evolution (DLR), 30 m, ano de primeira detecção — data/raw/wsf_evolution_*.tif",CAGR do intervalo inteiro observado pelo WSF: 2000-2015.,"Nota do ADR 0008: 2005-2010 e 2010-2015 têm a mesma mediana de observações da classificação própria (4) e são o trecho menos contaminado por viés de sensor — mas esta linha já é WSF, que não tem esse viés por construção; a nota vale para quem comparar com a série de classificação em paralelo. Robusta à comissão do mapa (ADR 0009): fonte é o WSF Evolution ou uma métrica declarada robusta a falsos positivos dispersos (direção/tipologia de expansão)."
forma_urbana,moatize_vila,2010,cagr_pct_ano_desde_2005_assentamento_wsf,1.7597,%/ano,observado,A,"WSF Evolution (DLR), 30 m, ano de primeira detecção — data/raw/wsf_evolution_*.tif","CAGR = (area(2010)/area(2005))^(1/5) - 1, sobre a série WSF acima.",Robusta à comissão do mapa (ADR 0009): fonte é o WSF Evolution ou uma métrica declarada robusta a falsos positivos dispersos (direção/tipologia de expansão).
forma_urbana,moatize_vila,2015,cagr_pct_ano_desde_2010_assentamento_wsf,3.7462,%/ano,observado,A,"WSF Evolution (DLR), 30 m, ano de primeira detecção — data/raw/wsf_evolution_*.tif","CAGR = (area(2015)/area(2010))^(1/5) - 1, sobre a série WSF acima.",Robusta à comissão do mapa (ADR 0009): fonte é o WSF Evolution ou uma métrica declarada robusta a falsos positivos dispersos (direção/tipologia de expansão).
forma_urbana,moatize_vila,2005,concentracao_direcional_r_desde_2000,0.2883,adimensional_0_1,observado,A,WSF Evolution (DLR) — ano de primeira detecção,"Estatística circular (Rayleigh) do ângulo entre o centróide do construído em t0 (na unidade) e cada pixel novo em t1; 0°=Norte, sentido horário, 16 setores de 22,5°. n_pixels_novos=674.",Robusta à comissão do mapa (ADR 0009): fonte é o WSF Evolution ou uma métrica declarada robusta a falsos positivos dispersos (direção/tipologia de expansão).
forma_urbana,moatize_vila,2010,concentracao_direcional_r_desde_2005,0.3589,adimensional_0_1,observado,A,WSF Evolution (DLR) — ano de primeira detecção,"Estatística circular (Rayleigh) do ângulo entre o centróide do construído em t0 (na unidade) e cada pixel novo em t1; 0°=Norte, sentido horário, 16 setores de 22,5°. n_pixels_novos=995.",Robusta à comissão do mapa (ADR 0009): fonte é o WSF Evolution ou uma métrica declarada robusta a falsos positivos dispersos (direção/tipologia de expansão).
forma_urbana,moatize_vila,2015,concentracao_direcional_r_desde_2010,0.3142,adimensional_0_1,observado,A,WSF Evolution (DLR) — ano de primeira detecção,"Estatística circular (Rayleigh) do ângulo entre o centróide do construído em t0 (na unidade) e cada pixel novo em t1; 0°=Norte, sentido horário, 16 setores de 22,5°. n_pixels_novos=2405.",Robusta à comissão do mapa (ADR 0009): fonte é o WSF Evolution ou uma métrica declarada robusta a falsos positivos dispersos (direção/tipologia de expansão).
forma_urbana,moatize_vila,2020,concentracao_direcional_r_desde_2015,0.1373,adimensional_0_1,observado,A,Classificação própria (urbano ∪ industrial ∪ reassentamento),"Estatística circular (Rayleigh) do ângulo entre o centróide do construído em t0 (na unidade) e cada pixel novo em t1; 0°=Norte, sentido horário, 16 setores de 22,5°. n_pixels_novos=17745.",Robusta à comissão do mapa (ADR 0009): fonte é o WSF Evolution ou uma métrica declarada robusta a falsos positivos dispersos (direção/tipologia de expansão).
forma_urbana,moatize_vila,2025,concentracao_direcional_r_desde_2020,0.1053,adimensional_0_1,observado,A,Classificação própria (urbano ∪ industrial ∪ reassentamento),"Estatística circular (Rayleigh) do ângulo entre o centróide do construído em t0 (na unidade) e cada pixel novo em t1; 0°=Norte, sentido horário, 16 setores de 22,5°. n_pixels_novos=17486.",Robusta à comissão do mapa (ADR 0009): fonte é o WSF Evolution ou uma métrica declarada robusta a falsos positivos dispersos (direção/tipologia de expansão).
forma_urbana,moatize_vila,2000,densidade_borda_m_ha_urbano,0.3667,m/ha,observado,A,pylandstats 3.1.0 sobre data/processed/imagery/urbano_2000_30m_32736.tif,"Landscape binário (classe=camada, res=30m), pylandstats.Landscape, neighborhood_rule='8' (padrão).","n_pixels_camada=3157. Sensível à comissão medida (acurácia do usuário 0,27-0,63, ADR 0009): comissão tende a inflar n_manchas/densidade_borda e a deprimir tamanho médio de mancha/largest_patch_index — direção declarada, magnitude não corrigida."
forma_urbana,moatize_vila,2005,densidade_borda_m_ha_urbano,0.4318,m/ha,observado,A,pylandstats 3.1.0 sobre data/processed/imagery/urbano_2005_30m_32736.tif,"Landscape binário (classe=camada, res=30m), pylandstats.Landscape, neighborhood_rule='8' (padrão).","n_pixels_camada=4462. Sensível à comissão medida (acurácia do usuário 0,27-0,63, ADR 0009): comissão tende a inflar n_manchas/densidade_borda e a deprimir tamanho médio de mancha/largest_patch_index — direção declarada, magnitude não corrigida."
forma_urbana,moatize_vila,2010,densidade_borda_m_ha_urbano,0.4036,m/ha,observado,A,pylandstats 3.1.0 sobre data/processed/imagery/urbano_2010_30m_32736.tif,"Landscape binário (classe=camada, res=30m), pylandstats.Landscape, neighborhood_rule='8' (padrão).","n_pixels_camada=5139. Sensível à comissão medida (acurácia do usuário 0,27-0,63, ADR 0009): comissão tende a inflar n_manchas/densidade_borda e a deprimir tamanho médio de mancha/largest_patch_index — direção declarada, magnitude não corrigida. 2010 usa Landsat 7 SLC-off (docs/ADR/0005): 26,64% dos pixels da AOI têm menos de 4 observações válidas no composto de estação seca (data/interim/slc_off_2010_cobertura.csv). Métricas derivadas da classificação própria de 2010 (ou de período que usa 2010 como t0/t1) herdam essa cobertura desigual — não é um viés de comissão adicional, é ruído de amostragem de composto que pode inflar heterogeneidade espacial espúria (manchas, densidade de borda, tipologia)."
forma_urbana,moatize_vila,2015,densidade_borda_m_ha_urbano,0.568,m/ha,observado,A,pylandstats 3.1.0 sobre data/processed/imagery/urbano_2015_30m_32736.tif,"Landscape binário (classe=camada, res=30m), pylandstats.Landscape, neighborhood_rule='8' (padrão).","n_pixels_camada=8023. Sensível à comissão medida (acurácia do usuário 0,27-0,63, ADR 0009): comissão tende a inflar n_manchas/densidade_borda e a deprimir tamanho médio de mancha/largest_patch_index — direção declarada, magnitude não corrigida."
forma_urbana,moatize_vila,2020,densidade_borda_m_ha_urbano,0.5687,m/ha,observado,A,pylandstats 3.1.0 sobre data/processed/imagery/urbano_2020_30m_32736.tif,"Landscape binário (classe=camada, res=30m), pylandstats.Landscape, neighborhood_rule='8' (padrão).","n_pixels_camada=8785. Sensível à comissão medida (acurácia do usuário 0,27-0,63, ADR 0009): comissão tende a inflar n_manchas/densidade_borda e a deprimir tamanho médio de mancha/largest_patch_index — direção declarada, magnitude não corrigida."
forma_urbana,moatize_vila,2025,densidade_borda_m_ha_urbano,0.648,m/ha,observado,A,pylandstats 3.1.0 sobre data/processed/imagery/urbano_2025_30m_32736.tif,"Landscape binário (classe=camada, res=30m), pylandstats.Landscape, neighborhood_rule='8' (padrão).","n_pixels_camada=10107. Sensível à comissão medida (acurácia do usuário 0,27-0,63, ADR 0009): comissão tende a inflar n_manchas/densidade_borda e a deprimir tamanho médio de mancha/largest_patch_index — direção declarada, magnitude não corrigida."
forma_urbana,moatize_vila,2023,densidade_edificacoes_km2,1268.97,edificacoes_por_km2,observado,A,"Google Open Buildings v3, recorte AOI — data/raw/open_buildings_v3_aoi.csv (ver data/raw/open_buildings_v3_aoi.csv.meta.json)","Google Open Buildings v3, edificações atribuídas ao ponto-sede mais próximo (mesma partição de Voronoi das demais métricas de forma urbana), confidence >= 0,65 (piso do próprio recorte, ver docstring).","Denominador: área construída (classificação própria, ano 2020, urbano+industrial+reassentamento) = 47.8782 km2 — SENSÍVEL à comissão medida (acurácia do usuário 0,27-0,63, ADR 0009) porque o denominador vem da classificação própria, não do WSF."
forma_urbana,moatize_vila,2005,direcao_expansao_graus_desde_2000,266.66,graus_a_partir_do_norte,observado,A,WSF Evolution (DLR) — ano de primeira detecção,"Estatística circular (Rayleigh) do ângulo entre o centróide do construído em t0 (na unidade) e cada pixel novo em t1; 0°=Norte, sentido horário, 16 setores de 22,5°. n_pixels_novos=674.",Robusta à comissão do mapa (ADR 0009): fonte é o WSF Evolution ou uma métrica declarada robusta a falsos positivos dispersos (direção/tipologia de expansão).
forma_urbana,moatize_vila,2010,direcao_expansao_graus_desde_2005,261.04,graus_a_partir_do_norte,observado,A,WSF Evolution (DLR) — ano de primeira detecção,"Estatística circular (Rayleigh) do ângulo entre o centróide do construído em t0 (na unidade) e cada pixel novo em t1; 0°=Norte, sentido horário, 16 setores de 22,5°. n_pixels_novos=995.",Robusta à comissão do mapa (ADR 0009): fonte é o WSF Evolution ou uma métrica declarada robusta a falsos positivos dispersos (direção/tipologia de expansão).
forma_urbana,moatize_vila,2015,direcao_expansao_graus_desde_2010,293.81,graus_a_partir_do_norte,observado,A,WSF Evolution (DLR) — ano de primeira detecção,"Estatística circular (Rayleigh) do ângulo entre o centróide do construído em t0 (na unidade) e cada pixel novo em t1; 0°=Norte, sentido horário, 16 setores de 22,5°. n_pixels_novos=2405.",Robusta à comissão do mapa (ADR 0009): fonte é o WSF Evolution ou uma métrica declarada robusta a falsos positivos dispersos (direção/tipologia de expansão).
forma_urbana,moatize_vila,2020,direcao_expansao_graus_desde_2015,12.36,graus_a_partir_do_norte,observado,A,Classificação própria (urbano ∪ industrial ∪ reassentamento),"Estatística circular (Rayleigh) do ângulo entre o centróide do construído em t0 (na unidade) e cada pixel novo em t1; 0°=Norte, sentido horário, 16 setores de 22,5°. n_pixels_novos=17745.",Robusta à comissão do mapa (ADR 0009): fonte é o WSF Evolution ou uma métrica declarada robusta a falsos positivos dispersos (direção/tipologia de expansão).
forma_urbana,moatize_vila,2025,direcao_expansao_graus_desde_2020,57.94,graus_a_partir_do_norte,observado,A,Classificação própria (urbano ∪ industrial ∪ reassentamento),"Estatística circular (Rayleigh) do ângulo entre o centróide do construído em t0 (na unidade) e cada pixel novo em t1; 0°=Norte, sentido horário, 16 setores de 22,5°. n_pixels_novos=17486.",Robusta à comissão do mapa (ADR 0009): fonte é o WSF Evolution ou uma métrica declarada robusta a falsos positivos dispersos (direção/tipologia de expansão).
forma_urbana,moatize_vila,2023,dist_media_vizinho_mais_proximo_m,12.04,m,observado,A,"Google Open Buildings v3, recorte AOI — data/raw/open_buildings_v3_aoi.csv (ver data/raw/open_buildings_v3_aoi.csv.meta.json)","Google Open Buildings v3, edificações atribuídas ao ponto-sede mais próximo (mesma partição de Voronoi das demais métricas de forma urbana), confidence >= 0,65 (piso do próprio recorte, ver docstring).","Epoch de Open Buildings v3 aproximado como 2023 (Google não publica data de aquisição por edifício nesta AOI). Não é série temporal — comparável só ao ano informado. Sensível à comissão do mapa (ADR 0009, acurácia do usuário do construído = 0,27-0,63): não interpretar como medição absoluta livre de erro."
forma_urbana,moatize_vila,2005,frac_novo_setor_00_desde_2000,0.0059,fracao_pixels_novos,observado,A,WSF Evolution (DLR) — ano de primeira detecção,"Setor 0 = [0.0°, 22.5°) a partir do Norte, sentido horário, sobre o mesmo vetor centróide-t0 -> pixel-novo-t1 da rosa de expansão (ver métrica direcao_expansao_graus).",Robusta à comissão do mapa (ADR 0009): fonte é o WSF Evolution ou uma métrica declarada robusta a falsos positivos dispersos (direção/tipologia de expansão).
forma_urbana,moatize_vila,2010,frac_novo_setor_00_desde_2005,0.0151,fracao_pixels_novos,observado,A,WSF Evolution (DLR) — ano de primeira detecção,"Setor 0 = [0.0°, 22.5°) a partir do Norte, sentido horário, sobre o mesmo vetor centróide-t0 -> pixel-novo-t1 da rosa de expansão (ver métrica direcao_expansao_graus).",Robusta à comissão do mapa (ADR 0009): fonte é o WSF Evolution ou uma métrica declarada robusta a falsos positivos dispersos (direção/tipologia de expansão).
forma_urbana,moatize_vila,2015,frac_novo_setor_00_desde_2010,0.0295,fracao_pixels_novos,observado,A,WSF Evolution (DLR) — ano de primeira detecção,"Setor 0 = [0.0°, 22.5°) a partir do Norte, sentido horário, sobre o mesmo vetor centróide-t0 -> pixel-novo-t1 da rosa de expansão (ver métrica direcao_expansao_graus).",Robusta à comissão do mapa (ADR 0009): fonte é o WSF Evolution ou uma métrica declarada robusta a falsos positivos dispersos (direção/tipologia de expansão).
forma_urbana,moatize_vila,2020,frac_novo_setor_00_desde_2015,0.007,fracao_pixels_novos,observado,A,Classificação própria (urbano ∪ industrial ∪ reassentamento),"Setor 0 = [0.0°, 22.5°) a partir do Norte, sentido horário, sobre o mesmo vetor centróide-t0 -> pixel-novo-t1 da rosa de expansão (ver métrica direcao_expansao_graus).",Robusta à comissão do mapa (ADR 0009): fonte é o WSF Evolution ou uma métrica declarada robusta a falsos positivos dispersos (direção/tipologia de expansão).
forma_urbana,moatize_vila,2025,frac_novo_setor_00_desde_2020,0.0245,fracao_pixels_novos,observado,A,Classificação própria (urbano ∪ industrial ∪ reassentamento),"Setor 0 = [0.0°, 22.5°) a partir do Norte, sentido horário, sobre o mesmo vetor centróide-t0 -> pixel-novo-t1 da rosa de expansão (ver métrica direcao_expansao_graus).",Robusta à comissão do mapa (ADR 0009): fonte é o WSF Evolution ou uma métrica declarada robusta a falsos positivos dispersos (direção/tipologia de expansão).
forma_urbana,moatize_vila,2005,frac_novo_setor_01_desde_2000,0.0045,fracao_pixels_novos,observado,A,WSF Evolution (DLR) — ano de primeira detecção,"Setor 1 = [22.5°, 45.0°) a partir do Norte, sentido horário, sobre o mesmo vetor centróide-t0 -> pixel-novo-t1 da rosa de expansão (ver métrica direcao_expansao_graus).",Robusta à comissão do mapa (ADR 0009): fonte é o WSF Evolution ou uma métrica declarada robusta a falsos positivos dispersos (direção/tipologia de expansão).
forma_urbana,moatize_vila,2010,frac_novo_setor_01_desde_2005,0.007,fracao_pixels_novos,observado,A,WSF Evolution (DLR) — ano de primeira detecção,"Setor 1 = [22.5°, 45.0°) a partir do Norte, sentido horário, sobre o mesmo vetor centróide-t0 -> pixel-novo-t1 da rosa de expansão (ver métrica direcao_expansao_graus).",Robusta à comissão do mapa (ADR 0009): fonte é o WSF Evolution ou uma métrica declarada robusta a falsos positivos dispersos (direção/tipologia de expansão).
forma_urbana,moatize_vila,2015,frac_novo_setor_01_desde_2010,0.0042,fracao_pixels_novos,observado,A,WSF Evolution (DLR) — ano de primeira detecção,"Setor 1 = [22.5°, 45.0°) a partir do Norte, sentido horário, sobre o mesmo vetor centróide-t0 -> pixel-novo-t1 da rosa de expansão (ver métrica direcao_expansao_graus).",Robusta à comissão do mapa (ADR 0009): fonte é o WSF Evolution ou uma métrica declarada robusta a falsos positivos dispersos (direção/tipologia de expansão).
forma_urbana,moatize_vila,2020,frac_novo_setor_01_desde_2015,0.0245,fracao_pixels_novos,observado,A,Classificação própria (urbano ∪ industrial ∪ reassentamento),"Setor 1 = [22.5°, 45.0°) a partir do Norte, sentido horário, sobre o mesmo vetor centróide-t0 -> pixel-novo-t1 da rosa de expansão (ver métrica direcao_expansao_graus).",Robusta à comissão do mapa (ADR 0009): fonte é o WSF Evolution ou uma métrica declarada robusta a falsos positivos dispersos (direção/tipologia de expansão).
forma_urbana,moatize_vila,2025,frac_novo_setor_01_desde_2020,0.0023,fracao_pixels_novos,observado,A,Classificação própria (urbano ∪ industrial ∪ reassentamento),"Setor 1 = [22.5°, 45.0°) a partir do Norte, sentido horário, sobre o mesmo vetor centróide-t0 -> pixel-novo-t1 da rosa de expansão (ver métrica direcao_expansao_graus).",Robusta à comissão do mapa (ADR 0009): fonte é o WSF Evolution ou uma métrica declarada robusta a falsos positivos dispersos (direção/tipologia de expansão).
forma_urbana,moatize_vila,2005,frac_novo_setor_02_desde_2000,0.0074,fracao_pixels_novos,observado,A,WSF Evolution (DLR) — ano de primeira detecção,"Setor 2 = [45.0°, 67.5°) a partir do Norte, sentido horário, sobre o mesmo vetor centróide-t0 -> pixel-novo-t1 da rosa de expansão (ver métrica direcao_expansao_graus).",Robusta à comissão do mapa (ADR 0009): fonte é o WSF Evolution ou uma métrica declarada robusta a falsos positivos dispersos (direção/tipologia de expansão).
forma_urbana,moatize_vila,2010,frac_novo_setor_02_desde_2005,0.004,fracao_pixels_novos,observado,A,WSF Evolution (DLR) — ano de primeira detecção,"Setor 2 = [45.0°, 67.5°) a partir do Norte, sentido horário, sobre o mesmo vetor centróide-t0 -> pixel-novo-t1 da rosa de expansão (ver métrica direcao_expansao_graus).",Robusta à comissão do mapa (ADR 0009): fonte é o WSF Evolution ou uma métrica declarada robusta a falsos positivos dispersos (direção/tipologia de expansão).
forma_urbana,moatize_vila,2015,frac_novo_setor_02_desde_2010,0.0195,fracao_pixels_novos,observado,A,WSF Evolution (DLR) — ano de primeira detecção,"Setor 2 = [45.0°, 67.5°) a partir do Norte, sentido horário, sobre o mesmo vetor centróide-t0 -> pixel-novo-t1 da rosa de expansão (ver métrica direcao_expansao_graus).",Robusta à comissão do mapa (ADR 0009): fonte é o WSF Evolution ou uma métrica declarada robusta a falsos positivos dispersos (direção/tipologia de expansão).
forma_urbana,moatize_vila,2020,frac_novo_setor_02_desde_2015,0.029,fracao_pixels_novos,observado,A,Classificação própria (urbano ∪ industrial ∪ reassentamento),"Setor 2 = [45.0°, 67.5°) a partir do Norte, sentido horário, sobre o mesmo vetor centróide-t0 -> pixel-novo-t1 da rosa de expansão (ver métrica direcao_expansao_graus).",Robusta à comissão do mapa (ADR 0009): fonte é o WSF Evolution ou uma métrica declarada robusta a falsos positivos dispersos (direção/tipologia de expansão).
forma_urbana,moatize_vila,2025,frac_novo_setor_02_desde_2020,0.016,fracao_pixels_novos,observado,A,Classificação própria (urbano ∪ industrial ∪ reassentamento),"Setor 2 = [45.0°, 67.5°) a partir do Norte, sentido horário, sobre o mesmo vetor centróide-t0 -> pixel-novo-t1 da rosa de expansão (ver métrica direcao_expansao_graus).",Robusta à comissão do mapa (ADR 0009): fonte é o WSF Evolution ou uma métrica declarada robusta a falsos positivos dispersos (direção/tipologia de expansão).
forma_urbana,moatize_vila,2005,frac_novo_setor_03_desde_2000,0.0564,fracao_pixels_novos,observado,A,WSF Evolution (DLR) — ano de primeira detecção,"Setor 3 = [67.5°, 90.0°) a partir do Norte, sentido horário, sobre o mesmo vetor centróide-t0 -> pixel-novo-t1 da rosa de expansão (ver métrica direcao_expansao_graus).",Robusta à comissão do mapa (ADR 0009): fonte é o WSF Evolution ou uma métrica declarada robusta a falsos positivos dispersos (direção/tipologia de expansão).
forma_urbana,moatize_vila,2010,frac_novo_setor_03_desde_2005,0.0372,fracao_pixels_novos,observado,A,WSF Evolution (DLR) — ano de primeira detecção,"Setor 3 = [67.5°, 90.0°) a partir do Norte, sentido horário, sobre o mesmo vetor centróide-t0 -> pixel-novo-t1 da rosa de expansão (ver métrica direcao_expansao_graus).",Robusta à comissão do mapa (ADR 0009): fonte é o WSF Evolution ou uma métrica declarada robusta a falsos positivos dispersos (direção/tipologia de expansão).
forma_urbana,moatize_vila,2015,frac_novo_setor_03_desde_2010,0.0328,fracao_pixels_novos,observado,A,WSF Evolution (DLR) — ano de primeira detecção,"Setor 3 = [67.5°, 90.0°) a partir do Norte, sentido horário, sobre o mesmo vetor centróide-t0 -> pixel-novo-t1 da rosa de expansão (ver métrica direcao_expansao_graus).",Robusta à comissão do mapa (ADR 0009): fonte é o WSF Evolution ou uma métrica declarada robusta a falsos positivos dispersos (direção/tipologia de expansão).
forma_urbana,moatize_vila,2020,frac_novo_setor_03_desde_2015,0.0951,fracao_pixels_novos,observado,A,Classificação própria (urbano ∪ industrial ∪ reassentamento),"Setor 3 = [67.5°, 90.0°) a partir do Norte, sentido horário, sobre o mesmo vetor centróide-t0 -> pixel-novo-t1 da rosa de expansão (ver métrica direcao_expansao_graus).",Robusta à comissão do mapa (ADR 0009): fonte é o WSF Evolution ou uma métrica declarada robusta a falsos positivos dispersos (direção/tipologia de expansão).
forma_urbana,moatize_vila,2025,frac_novo_setor_03_desde_2020,0.12,fracao_pixels_novos,observado,A,Classificação própria (urbano ∪ industrial ∪ reassentamento),"Setor 3 = [67.5°, 90.0°) a partir do Norte, sentido horário, sobre o mesmo vetor centróide-t0 -> pixel-novo-t1 da rosa de expansão (ver métrica direcao_expansao_graus).",Robusta à comissão do mapa (ADR 0009): fonte é o WSF Evolution ou uma métrica declarada robusta a falsos positivos dispersos (direção/tipologia de expansão).
forma_urbana,moatize_vila,2005,frac_novo_setor_04_desde_2000,0.1128,fracao_pixels_novos,observado,A,WSF Evolution (DLR) — ano de primeira detecção,"Setor 4 = [90.0°, 112.5°) a partir do Norte, sentido horário, sobre o mesmo vetor centróide-t0 -> pixel-novo-t1 da rosa de expansão (ver métrica direcao_expansao_graus).",Robusta à comissão do mapa (ADR 0009): fonte é o WSF Evolution ou uma métrica declarada robusta a falsos positivos dispersos (direção/tipologia de expansão).
forma_urbana,moatize_vila,2010,frac_novo_setor_04_desde_2005,0.0322,fracao_pixels_novos,observado,A,WSF Evolution (DLR) — ano de primeira detecção,"Setor 4 = [90.0°, 112.5°) a partir do Norte, sentido horário, sobre o mesmo vetor centróide-t0 -> pixel-novo-t1 da rosa de expansão (ver métrica direcao_expansao_graus).",Robusta à comissão do mapa (ADR 0009): fonte é o WSF Evolution ou uma métrica declarada robusta a falsos positivos dispersos (direção/tipologia de expansão).
forma_urbana,moatize_vila,2015,frac_novo_setor_04_desde_2010,0.0333,fracao_pixels_novos,observado,A,WSF Evolution (DLR) — ano de primeira detecção,"Setor 4 = [90.0°, 112.5°) a partir do Norte, sentido horário, sobre o mesmo vetor centróide-t0 -> pixel-novo-t1 da rosa de expansão (ver métrica direcao_expansao_graus).",Robusta à comissão do mapa (ADR 0009): fonte é o WSF Evolution ou uma métrica declarada robusta a falsos positivos dispersos (direção/tipologia de expansão).
forma_urbana,moatize_vila,2020,frac_novo_setor_04_desde_2015,0.1775,fracao_pixels_novos,observado,A,Classificação própria (urbano ∪ industrial ∪ reassentamento),"Setor 4 = [90.0°, 112.5°) a partir do Norte, sentido horário, sobre o mesmo vetor centróide-t0 -> pixel-novo-t1 da rosa de expansão (ver métrica direcao_expansao_graus).",Robusta à comissão do mapa (ADR 0009): fonte é o WSF Evolution ou uma métrica declarada robusta a falsos positivos dispersos (direção/tipologia de expansão).
forma_urbana,moatize_vila,2025,frac_novo_setor_04_desde_2020,0.1045,fracao_pixels_novos,observado,A,Classificação própria (urbano ∪ industrial ∪ reassentamento),"Setor 4 = [90.0°, 112.5°) a partir do Norte, sentido horário, sobre o mesmo vetor centróide-t0 -> pixel-novo-t1 da rosa de expansão (ver métrica direcao_expansao_graus).",Robusta à comissão do mapa (ADR 0009): fonte é o WSF Evolution ou uma métrica declarada robusta a falsos positivos dispersos (direção/tipologia de expansão).
forma_urbana,moatize_vila,2005,frac_novo_setor_05_desde_2000,0.0831,fracao_pixels_novos,observado,A,WSF Evolution (DLR) — ano de primeira detecção,"Setor 5 = [112.5°, 135.0°) a partir do Norte, sentido horário, sobre o mesmo vetor centróide-t0 -> pixel-novo-t1 da rosa de expansão (ver métrica direcao_expansao_graus).",Robusta à comissão do mapa (ADR 0009): fonte é o WSF Evolution ou uma métrica declarada robusta a falsos positivos dispersos (direção/tipologia de expansão).
forma_urbana,moatize_vila,2010,frac_novo_setor_05_desde_2005,0.0492,fracao_pixels_novos,observado,A,WSF Evolution (DLR) — ano de primeira detecção,"Setor 5 = [112.5°, 135.0°) a partir do Norte, sentido horário, sobre o mesmo vetor centróide-t0 -> pixel-novo-t1 da rosa de expansão (ver métrica direcao_expansao_graus).",Robusta à comissão do mapa (ADR 0009): fonte é o WSF Evolution ou uma métrica declarada robusta a falsos positivos dispersos (direção/tipologia de expansão).
forma_urbana,moatize_vila,2015,frac_novo_setor_05_desde_2010,0.1235,fracao_pixels_novos,observado,A,WSF Evolution (DLR) — ano de primeira detecção,"Setor 5 = [112.5°, 135.0°) a partir do Norte, sentido horário, sobre o mesmo vetor centróide-t0 -> pixel-novo-t1 da rosa de expansão (ver métrica direcao_expansao_graus).",Robusta à comissão do mapa (ADR 0009): fonte é o WSF Evolution ou uma métrica declarada robusta a falsos positivos dispersos (direção/tipologia de expansão).
forma_urbana,moatize_vila,2020,frac_novo_setor_05_desde_2015,0.1311,fracao_pixels_novos,observado,A,Classificação própria (urbano ∪ industrial ∪ reassentamento),"Setor 5 = [112.5°, 135.0°) a partir do Norte, sentido horário, sobre o mesmo vetor centróide-t0 -> pixel-novo-t1 da rosa de expansão (ver métrica direcao_expansao_graus).",Robusta à comissão do mapa (ADR 0009): fonte é o WSF Evolution ou uma métrica declarada robusta a falsos positivos dispersos (direção/tipologia de expansão).
forma_urbana,moatize_vila,2025,frac_novo_setor_05_desde_2020,0.2304,fracao_pixels_novos,observado,A,Classificação própria (urbano ∪ industrial ∪ reassentamento),"Setor 5 = [112.5°, 135.0°) a partir do Norte, sentido horário, sobre o mesmo vetor centróide-t0 -> pixel-novo-t1 da rosa de expansão (ver métrica direcao_expansao_graus).",Robusta à comissão do mapa (ADR 0009): fonte é o WSF Evolution ou uma métrica declarada robusta a falsos positivos dispersos (direção/tipologia de expansão).
forma_urbana,moatize_vila,2005,frac_novo_setor_06_desde_2000,0.0208,fracao_pixels_novos,observado,A,WSF Evolution (DLR) — ano de primeira detecção,"Setor 6 = [135.0°, 157.5°) a partir do Norte, sentido horário, sobre o mesmo vetor centróide-t0 -> pixel-novo-t1 da rosa de expansão (ver métrica direcao_expansao_graus).",Robusta à comissão do mapa (ADR 0009): fonte é o WSF Evolution ou uma métrica declarada robusta a falsos positivos dispersos (direção/tipologia de expansão).
forma_urbana,moatize_vila,2010,frac_novo_setor_06_desde_2005,0.004,fracao_pixels_novos,observado,A,WSF Evolution (DLR) — ano de primeira detecção,"Setor 6 = [135.0°, 157.5°) a partir do Norte, sentido horário, sobre o mesmo vetor centróide-t0 -> pixel-novo-t1 da rosa de expansão (ver métrica direcao_expansao_graus).",Robusta à comissão do mapa (ADR 0009): fonte é o WSF Evolution ou uma métrica declarada robusta a falsos positivos dispersos (direção/tipologia de expansão).
forma_urbana,moatize_vila,2015,frac_novo_setor_06_desde_2010,0.0333,fracao_pixels_novos,observado,A,WSF Evolution (DLR) — ano de primeira detecção,"Setor 6 = [135.0°, 157.5°) a partir do Norte, sentido horário, sobre o mesmo vetor centróide-t0 -> pixel-novo-t1 da rosa de expansão (ver métrica direcao_expansao_graus).",Robusta à comissão do mapa (ADR 0009): fonte é o WSF Evolution ou uma métrica declarada robusta a falsos positivos dispersos (direção/tipologia de expansão).
forma_urbana,moatize_vila,2020,frac_novo_setor_06_desde_2015,0.025,fracao_pixels_novos,observado,A,Classificação própria (urbano ∪ industrial ∪ reassentamento),"Setor 6 = [135.0°, 157.5°) a partir do Norte, sentido horário, sobre o mesmo vetor centróide-t0 -> pixel-novo-t1 da rosa de expansão (ver métrica direcao_expansao_graus).",Robusta à comissão do mapa (ADR 0009): fonte é o WSF Evolution ou uma métrica declarada robusta a falsos positivos dispersos (direção/tipologia de expansão).
forma_urbana,moatize_vila,2025,frac_novo_setor_06_desde_2020,0.0431,fracao_pixels_novos,observado,A,Classificação própria (urbano ∪ industrial ∪ reassentamento),"Setor 6 = [135.0°, 157.5°) a partir do Norte, sentido horário, sobre o mesmo vetor centróide-t0 -> pixel-novo-t1 da rosa de expansão (ver métrica direcao_expansao_graus).",Robusta à comissão do mapa (ADR 0009): fonte é o WSF Evolution ou uma métrica declarada robusta a falsos positivos dispersos (direção/tipologia de expansão).
forma_urbana,moatize_vila,2005,frac_novo_setor_07_desde_2000,0.0223,fracao_pixels_novos,observado,A,WSF Evolution (DLR) — ano de primeira detecção,"Setor 7 = [157.5°, 180.0°) a partir do Norte, sentido horário, sobre o mesmo vetor centróide-t0 -> pixel-novo-t1 da rosa de expansão (ver métrica direcao_expansao_graus).",Robusta à comissão do mapa (ADR 0009): fonte é o WSF Evolution ou uma métrica declarada robusta a falsos positivos dispersos (direção/tipologia de expansão).
forma_urbana,moatize_vila,2010,frac_novo_setor_07_desde_2005,0.193,fracao_pixels_novos,observado,A,WSF Evolution (DLR) — ano de primeira detecção,"Setor 7 = [157.5°, 180.0°) a partir do Norte, sentido horário, sobre o mesmo vetor centróide-t0 -> pixel-novo-t1 da rosa de expansão (ver métrica direcao_expansao_graus).",Robusta à comissão do mapa (ADR 0009): fonte é o WSF Evolution ou uma métrica declarada robusta a falsos positivos dispersos (direção/tipologia de expansão).
forma_urbana,moatize_vila,2015,frac_novo_setor_07_desde_2010,0.042,fracao_pixels_novos,observado,A,WSF Evolution (DLR) — ano de primeira detecção,"Setor 7 = [157.5°, 180.0°) a partir do Norte, sentido horário, sobre o mesmo vetor centróide-t0 -> pixel-novo-t1 da rosa de expansão (ver métrica direcao_expansao_graus).",Robusta à comissão do mapa (ADR 0009): fonte é o WSF Evolution ou uma métrica declarada robusta a falsos positivos dispersos (direção/tipologia de expansão).
forma_urbana,moatize_vila,2020,frac_novo_setor_07_desde_2015,0.0121,fracao_pixels_novos,observado,A,Classificação própria (urbano ∪ industrial ∪ reassentamento),"Setor 7 = [157.5°, 180.0°) a partir do Norte, sentido horário, sobre o mesmo vetor centróide-t0 -> pixel-novo-t1 da rosa de expansão (ver métrica direcao_expansao_graus).",Robusta à comissão do mapa (ADR 0009): fonte é o WSF Evolution ou uma métrica declarada robusta a falsos positivos dispersos (direção/tipologia de expansão).
forma_urbana,moatize_vila,2025,frac_novo_setor_07_desde_2020,0.0057,fracao_pixels_novos,observado,A,Classificação própria (urbano ∪ industrial ∪ reassentamento),"Setor 7 = [157.5°, 180.0°) a partir do Norte, sentido horário, sobre o mesmo vetor centróide-t0 -> pixel-novo-t1 da rosa de expansão (ver métrica direcao_expansao_graus).",Robusta à comissão do mapa (ADR 0009): fonte é o WSF Evolution ou uma métrica declarada robusta a falsos positivos dispersos (direção/tipologia de expansão).
forma_urbana,moatize_vila,2005,frac_novo_setor_08_desde_2000,0.0697,fracao_pixels_novos,observado,A,WSF Evolution (DLR) — ano de primeira detecção,"Setor 8 = [180.0°, 202.5°) a partir do Norte, sentido horário, sobre o mesmo vetor centróide-t0 -> pixel-novo-t1 da rosa de expansão (ver métrica direcao_expansao_graus).",Robusta à comissão do mapa (ADR 0009): fonte é o WSF Evolution ou uma métrica declarada robusta a falsos positivos dispersos (direção/tipologia de expansão).
forma_urbana,moatize_vila,2010,frac_novo_setor_08_desde_2005,0.0382,fracao_pixels_novos,observado,A,WSF Evolution (DLR) — ano de primeira detecção,"Setor 8 = [180.0°, 202.5°) a partir do Norte, sentido horário, sobre o mesmo vetor centróide-t0 -> pixel-novo-t1 da rosa de expansão (ver métrica direcao_expansao_graus).",Robusta à comissão do mapa (ADR 0009): fonte é o WSF Evolution ou uma métrica declarada robusta a falsos positivos dispersos (direção/tipologia de expansão).
forma_urbana,moatize_vila,2015,frac_novo_setor_08_desde_2010,0.0541,fracao_pixels_novos,observado,A,WSF Evolution (DLR) — ano de primeira detecção,"Setor 8 = [180.0°, 202.5°) a partir do Norte, sentido horário, sobre o mesmo vetor centróide-t0 -> pixel-novo-t1 da rosa de expansão (ver métrica direcao_expansao_graus).",Robusta à comissão do mapa (ADR 0009): fonte é o WSF Evolution ou uma métrica declarada robusta a falsos positivos dispersos (direção/tipologia de expansão).
forma_urbana,moatize_vila,2020,frac_novo_setor_08_desde_2015,0.0037,fracao_pixels_novos,observado,A,Classificação própria (urbano ∪ industrial ∪ reassentamento),"Setor 8 = [180.0°, 202.5°) a partir do Norte, sentido horário, sobre o mesmo vetor centróide-t0 -> pixel-novo-t1 da rosa de expansão (ver métrica direcao_expansao_graus).",Robusta à comissão do mapa (ADR 0009): fonte é o WSF Evolution ou uma métrica declarada robusta a falsos positivos dispersos (direção/tipologia de expansão).
forma_urbana,moatize_vila,2025,frac_novo_setor_08_desde_2020,0.0002,fracao_pixels_novos,observado,A,Classificação própria (urbano ∪ industrial ∪ reassentamento),"Setor 8 = [180.0°, 202.5°) a partir do Norte, sentido horário, sobre o mesmo vetor centróide-t0 -> pixel-novo-t1 da rosa de expansão (ver métrica direcao_expansao_graus).",Robusta à comissão do mapa (ADR 0009): fonte é o WSF Evolution ou uma métrica declarada robusta a falsos positivos dispersos (direção/tipologia de expansão).
forma_urbana,moatize_vila,2005,frac_novo_setor_09_desde_2000,0.0074,fracao_pixels_novos,observado,A,WSF Evolution (DLR) — ano de primeira detecção,"Setor 9 = [202.5°, 225.0°) a partir do Norte, sentido horário, sobre o mesmo vetor centróide-t0 -> pixel-novo-t1 da rosa de expansão (ver métrica direcao_expansao_graus).",Robusta à comissão do mapa (ADR 0009): fonte é o WSF Evolution ou uma métrica declarada robusta a falsos positivos dispersos (direção/tipologia de expansão).
forma_urbana,moatize_vila,2010,frac_novo_setor_09_desde_2005,0.008,fracao_pixels_novos,observado,A,WSF Evolution (DLR) — ano de primeira detecção,"Setor 9 = [202.5°, 225.0°) a partir do Norte, sentido horário, sobre o mesmo vetor centróide-t0 -> pixel-novo-t1 da rosa de expansão (ver métrica direcao_expansao_graus).",Robusta à comissão do mapa (ADR 0009): fonte é o WSF Evolution ou uma métrica declarada robusta a falsos positivos dispersos (direção/tipologia de expansão).
forma_urbana,moatize_vila,2015,frac_novo_setor_09_desde_2010,0.0112,fracao_pixels_novos,observado,A,WSF Evolution (DLR) — ano de primeira detecção,"Setor 9 = [202.5°, 225.0°) a partir do Norte, sentido horário, sobre o mesmo vetor centróide-t0 -> pixel-novo-t1 da rosa de expansão (ver métrica direcao_expansao_graus).",Robusta à comissão do mapa (ADR 0009): fonte é o WSF Evolution ou uma métrica declarada robusta a falsos positivos dispersos (direção/tipologia de expansão).
forma_urbana,moatize_vila,2020,frac_novo_setor_09_desde_2015,0.0033,fracao_pixels_novos,observado,A,Classificação própria (urbano ∪ industrial ∪ reassentamento),"Setor 9 = [202.5°, 225.0°) a partir do Norte, sentido horário, sobre o mesmo vetor centróide-t0 -> pixel-novo-t1 da rosa de expansão (ver métrica direcao_expansao_graus).",Robusta à comissão do mapa (ADR 0009): fonte é o WSF Evolution ou uma métrica declarada robusta a falsos positivos dispersos (direção/tipologia de expansão).
forma_urbana,moatize_vila,2025,frac_novo_setor_09_desde_2020,0.0009,fracao_pixels_novos,observado,A,Classificação própria (urbano ∪ industrial ∪ reassentamento),"Setor 9 = [202.5°, 225.0°) a partir do Norte, sentido horário, sobre o mesmo vetor centróide-t0 -> pixel-novo-t1 da rosa de expansão (ver métrica direcao_expansao_graus).",Robusta à comissão do mapa (ADR 0009): fonte é o WSF Evolution ou uma métrica declarada robusta a falsos positivos dispersos (direção/tipologia de expansão).
forma_urbana,moatize_vila,2005,frac_novo_setor_10_desde_2000,0.0415,fracao_pixels_novos,observado,A,WSF Evolution (DLR) — ano de primeira detecção,"Setor 10 = [225.0°, 247.5°) a partir do Norte, sentido horário, sobre o mesmo vetor centróide-t0 -> pixel-novo-t1 da rosa de expansão (ver métrica direcao_expansao_graus).",Robusta à comissão do mapa (ADR 0009): fonte é o WSF Evolution ou uma métrica declarada robusta a falsos positivos dispersos (direção/tipologia de expansão).
forma_urbana,moatize_vila,2010,frac_novo_setor_10_desde_2005,0.0171,fracao_pixels_novos,observado,A,WSF Evolution (DLR) — ano de primeira detecção,"Setor 10 = [225.0°, 247.5°) a partir do Norte, sentido horário, sobre o mesmo vetor centróide-t0 -> pixel-novo-t1 da rosa de expansão (ver métrica direcao_expansao_graus).",Robusta à comissão do mapa (ADR 0009): fonte é o WSF Evolution ou uma métrica declarada robusta a falsos positivos dispersos (direção/tipologia de expansão).
forma_urbana,moatize_vila,2015,frac_novo_setor_10_desde_2010,0.0096,fracao_pixels_novos,observado,A,WSF Evolution (DLR) — ano de primeira detecção,"Setor 10 = [225.0°, 247.5°) a partir do Norte, sentido horário, sobre o mesmo vetor centróide-t0 -> pixel-novo-t1 da rosa de expansão (ver métrica direcao_expansao_graus).",Robusta à comissão do mapa (ADR 0009): fonte é o WSF Evolution ou uma métrica declarada robusta a falsos positivos dispersos (direção/tipologia de expansão).
forma_urbana,moatize_vila,2020,frac_novo_setor_10_desde_2015,0.0041,fracao_pixels_novos,observado,A,Classificação própria (urbano ∪ industrial ∪ reassentamento),"Setor 10 = [225.0°, 247.5°) a partir do Norte, sentido horário, sobre o mesmo vetor centróide-t0 -> pixel-novo-t1 da rosa de expansão (ver métrica direcao_expansao_graus).",Robusta à comissão do mapa (ADR 0009): fonte é o WSF Evolution ou uma métrica declarada robusta a falsos positivos dispersos (direção/tipologia de expansão).
forma_urbana,moatize_vila,2025,frac_novo_setor_10_desde_2020,0.0148,fracao_pixels_novos,observado,A,Classificação própria (urbano ∪ industrial ∪ reassentamento),"Setor 10 = [225.0°, 247.5°) a partir do Norte, sentido horário, sobre o mesmo vetor centróide-t0 -> pixel-novo-t1 da rosa de expansão (ver métrica direcao_expansao_graus).",Robusta à comissão do mapa (ADR 0009): fonte é o WSF Evolution ou uma métrica declarada robusta a falsos positivos dispersos (direção/tipologia de expansão).
forma_urbana,moatize_vila,2005,frac_novo_setor_11_desde_2000,0.0727,fracao_pixels_novos,observado,A,WSF Evolution (DLR) — ano de primeira detecção,"Setor 11 = [247.5°, 270.0°) a partir do Norte, sentido horário, sobre o mesmo vetor centróide-t0 -> pixel-novo-t1 da rosa de expansão (ver métrica direcao_expansao_graus).",Robusta à comissão do mapa (ADR 0009): fonte é o WSF Evolution ou uma métrica declarada robusta a falsos positivos dispersos (direção/tipologia de expansão).
forma_urbana,moatize_vila,2010,frac_novo_setor_11_desde_2005,0.0583,fracao_pixels_novos,observado,A,WSF Evolution (DLR) — ano de primeira detecção,"Setor 11 = [247.5°, 270.0°) a partir do Norte, sentido horário, sobre o mesmo vetor centróide-t0 -> pixel-novo-t1 da rosa de expansão (ver métrica direcao_expansao_graus).",Robusta à comissão do mapa (ADR 0009): fonte é o WSF Evolution ou uma métrica declarada robusta a falsos positivos dispersos (direção/tipologia de expansão).
forma_urbana,moatize_vila,2015,frac_novo_setor_11_desde_2010,0.0308,fracao_pixels_novos,observado,A,WSF Evolution (DLR) — ano de primeira detecção,"Setor 11 = [247.5°, 270.0°) a partir do Norte, sentido horário, sobre o mesmo vetor centróide-t0 -> pixel-novo-t1 da rosa de expansão (ver métrica direcao_expansao_graus).",Robusta à comissão do mapa (ADR 0009): fonte é o WSF Evolution ou uma métrica declarada robusta a falsos positivos dispersos (direção/tipologia de expansão).
forma_urbana,moatize_vila,2020,frac_novo_setor_11_desde_2015,0.0489,fracao_pixels_novos,observado,A,Classificação própria (urbano ∪ industrial ∪ reassentamento),"Setor 11 = [247.5°, 270.0°) a partir do Norte, sentido horário, sobre o mesmo vetor centróide-t0 -> pixel-novo-t1 da rosa de expansão (ver métrica direcao_expansao_graus).",Robusta à comissão do mapa (ADR 0009): fonte é o WSF Evolution ou uma métrica declarada robusta a falsos positivos dispersos (direção/tipologia de expansão).
forma_urbana,moatize_vila,2025,frac_novo_setor_11_desde_2020,0.0332,fracao_pixels_novos,observado,A,Classificação própria (urbano ∪ industrial ∪ reassentamento),"Setor 11 = [247.5°, 270.0°) a partir do Norte, sentido horário, sobre o mesmo vetor centróide-t0 -> pixel-novo-t1 da rosa de expansão (ver métrica direcao_expansao_graus).",Robusta à comissão do mapa (ADR 0009): fonte é o WSF Evolution ou uma métrica declarada robusta a falsos positivos dispersos (direção/tipologia de expansão).
forma_urbana,moatize_vila,2005,frac_novo_setor_12_desde_2000,0.3234,fracao_pixels_novos,observado,A,WSF Evolution (DLR) — ano de primeira detecção,"Setor 12 = [270.0°, 292.5°) a partir do Norte, sentido horário, sobre o mesmo vetor centróide-t0 -> pixel-novo-t1 da rosa de expansão (ver métrica direcao_expansao_graus).",Robusta à comissão do mapa (ADR 0009): fonte é o WSF Evolution ou uma métrica declarada robusta a falsos positivos dispersos (direção/tipologia de expansão).
forma_urbana,moatize_vila,2010,frac_novo_setor_12_desde_2005,0.3447,fracao_pixels_novos,observado,A,WSF Evolution (DLR) — ano de primeira detecção,"Setor 12 = [270.0°, 292.5°) a partir do Norte, sentido horário, sobre o mesmo vetor centróide-t0 -> pixel-novo-t1 da rosa de expansão (ver métrica direcao_expansao_graus).",Robusta à comissão do mapa (ADR 0009): fonte é o WSF Evolution ou uma métrica declarada robusta a falsos positivos dispersos (direção/tipologia de expansão).
forma_urbana,moatize_vila,2015,frac_novo_setor_12_desde_2010,0.185,fracao_pixels_novos,observado,A,WSF Evolution (DLR) — ano de primeira detecção,"Setor 12 = [270.0°, 292.5°) a partir do Norte, sentido horário, sobre o mesmo vetor centróide-t0 -> pixel-novo-t1 da rosa de expansão (ver métrica direcao_expansao_graus).",Robusta à comissão do mapa (ADR 0009): fonte é o WSF Evolution ou uma métrica declarada robusta a falsos positivos dispersos (direção/tipologia de expansão).
forma_urbana,moatize_vila,2020,frac_novo_setor_12_desde_2015,0.1325,fracao_pixels_novos,observado,A,Classificação própria (urbano ∪ industrial ∪ reassentamento),"Setor 12 = [270.0°, 292.5°) a partir do Norte, sentido horário, sobre o mesmo vetor centróide-t0 -> pixel-novo-t1 da rosa de expansão (ver métrica direcao_expansao_graus).",Robusta à comissão do mapa (ADR 0009): fonte é o WSF Evolution ou uma métrica declarada robusta a falsos positivos dispersos (direção/tipologia de expansão).
forma_urbana,moatize_vila,2025,frac_novo_setor_12_desde_2020,0.1063,fracao_pixels_novos,observado,A,Classificação própria (urbano ∪ industrial ∪ reassentamento),"Setor 12 = [270.0°, 292.5°) a partir do Norte, sentido horário, sobre o mesmo vetor centróide-t0 -> pixel-novo-t1 da rosa de expansão (ver métrica direcao_expansao_graus).",Robusta à comissão do mapa (ADR 0009): fonte é o WSF Evolution ou uma métrica declarada robusta a falsos positivos dispersos (direção/tipologia de expansão).
forma_urbana,moatize_vila,2005,frac_novo_setor_13_desde_2000,0.0816,fracao_pixels_novos,observado,A,WSF Evolution (DLR) — ano de primeira detecção,"Setor 13 = [292.5°, 315.0°) a partir do Norte, sentido horário, sobre o mesmo vetor centróide-t0 -> pixel-novo-t1 da rosa de expansão (ver métrica direcao_expansao_graus).",Robusta à comissão do mapa (ADR 0009): fonte é o WSF Evolution ou uma métrica declarada robusta a falsos positivos dispersos (direção/tipologia de expansão).
forma_urbana,moatize_vila,2010,frac_novo_setor_13_desde_2005,0.0985,fracao_pixels_novos,observado,A,WSF Evolution (DLR) — ano de primeira detecção,"Setor 13 = [292.5°, 315.0°) a partir do Norte, sentido horário, sobre o mesmo vetor centróide-t0 -> pixel-novo-t1 da rosa de expansão (ver métrica direcao_expansao_graus).",Robusta à comissão do mapa (ADR 0009): fonte é o WSF Evolution ou uma métrica declarada robusta a falsos positivos dispersos (direção/tipologia de expansão).
forma_urbana,moatize_vila,2015,frac_novo_setor_13_desde_2010,0.2711,fracao_pixels_novos,observado,A,WSF Evolution (DLR) — ano de primeira detecção,"Setor 13 = [292.5°, 315.0°) a partir do Norte, sentido horário, sobre o mesmo vetor centróide-t0 -> pixel-novo-t1 da rosa de expansão (ver métrica direcao_expansao_graus).",Robusta à comissão do mapa (ADR 0009): fonte é o WSF Evolution ou uma métrica declarada robusta a falsos positivos dispersos (direção/tipologia de expansão).
forma_urbana,moatize_vila,2020,frac_novo_setor_13_desde_2015,0.2051,fracao_pixels_novos,observado,A,Classificação própria (urbano ∪ industrial ∪ reassentamento),"Setor 13 = [292.5°, 315.0°) a partir do Norte, sentido horário, sobre o mesmo vetor centróide-t0 -> pixel-novo-t1 da rosa de expansão (ver métrica direcao_expansao_graus).",Robusta à comissão do mapa (ADR 0009): fonte é o WSF Evolution ou uma métrica declarada robusta a falsos positivos dispersos (direção/tipologia de expansão).
forma_urbana,moatize_vila,2025,frac_novo_setor_13_desde_2020,0.2266,fracao_pixels_novos,observado,A,Classificação própria (urbano ∪ industrial ∪ reassentamento),"Setor 13 = [292.5°, 315.0°) a partir do Norte, sentido horário, sobre o mesmo vetor centróide-t0 -> pixel-novo-t1 da rosa de expansão (ver métrica direcao_expansao_graus).",Robusta à comissão do mapa (ADR 0009): fonte é o WSF Evolution ou uma métrica declarada robusta a falsos positivos dispersos (direção/tipologia de expansão).
forma_urbana,moatize_vila,2005,frac_novo_setor_14_desde_2000,0.0653,fracao_pixels_novos,observado,A,WSF Evolution (DLR) — ano de primeira detecção,"Setor 14 = [315.0°, 337.5°) a partir do Norte, sentido horário, sobre o mesmo vetor centróide-t0 -> pixel-novo-t1 da rosa de expansão (ver métrica direcao_expansao_graus).",Robusta à comissão do mapa (ADR 0009): fonte é o WSF Evolution ou uma métrica declarada robusta a falsos positivos dispersos (direção/tipologia de expansão).
forma_urbana,moatize_vila,2010,frac_novo_setor_14_desde_2005,0.0352,fracao_pixels_novos,observado,A,WSF Evolution (DLR) — ano de primeira detecção,"Setor 14 = [315.0°, 337.5°) a partir do Norte, sentido horário, sobre o mesmo vetor centróide-t0 -> pixel-novo-t1 da rosa de expansão (ver métrica direcao_expansao_graus).",Robusta à comissão do mapa (ADR 0009): fonte é o WSF Evolution ou uma métrica declarada robusta a falsos positivos dispersos (direção/tipologia de expansão).
forma_urbana,moatize_vila,2015,frac_novo_setor_14_desde_2010,0.0678,fracao_pixels_novos,observado,A,WSF Evolution (DLR) — ano de primeira detecção,"Setor 14 = [315.0°, 337.5°) a partir do Norte, sentido horário, sobre o mesmo vetor centróide-t0 -> pixel-novo-t1 da rosa de expansão (ver métrica direcao_expansao_graus).",Robusta à comissão do mapa (ADR 0009): fonte é o WSF Evolution ou uma métrica declarada robusta a falsos positivos dispersos (direção/tipologia de expansão).
forma_urbana,moatize_vila,2020,frac_novo_setor_14_desde_2015,0.0835,fracao_pixels_novos,observado,A,Classificação própria (urbano ∪ industrial ∪ reassentamento),"Setor 14 = [315.0°, 337.5°) a partir do Norte, sentido horário, sobre o mesmo vetor centróide-t0 -> pixel-novo-t1 da rosa de expansão (ver métrica direcao_expansao_graus).",Robusta à comissão do mapa (ADR 0009): fonte é o WSF Evolution ou uma métrica declarada robusta a falsos positivos dispersos (direção/tipologia de expansão).
forma_urbana,moatize_vila,2025,frac_novo_setor_14_desde_2020,0.032,fracao_pixels_novos,observado,A,Classificação própria (urbano ∪ industrial ∪ reassentamento),"Setor 14 = [315.0°, 337.5°) a partir do Norte, sentido horário, sobre o mesmo vetor centróide-t0 -> pixel-novo-t1 da rosa de expansão (ver métrica direcao_expansao_graus).",Robusta à comissão do mapa (ADR 0009): fonte é o WSF Evolution ou uma métrica declarada robusta a falsos positivos dispersos (direção/tipologia de expansão).
forma_urbana,moatize_vila,2005,frac_novo_setor_15_desde_2000,0.0252,fracao_pixels_novos,observado,A,WSF Evolution (DLR) — ano de primeira detecção,"Setor 15 = [337.5°, 360.0°) a partir do Norte, sentido horário, sobre o mesmo vetor centróide-t0 -> pixel-novo-t1 da rosa de expansão (ver métrica direcao_expansao_graus).",Robusta à comissão do mapa (ADR 0009): fonte é o WSF Evolution ou uma métrica declarada robusta a falsos positivos dispersos (direção/tipologia de expansão).
forma_urbana,moatize_vila,2010,frac_novo_setor_15_desde_2005,0.0583,fracao_pixels_novos,observado,A,WSF Evolution (DLR) — ano de primeira detecção,"Setor 15 = [337.5°, 360.0°) a partir do Norte, sentido horário, sobre o mesmo vetor centróide-t0 -> pixel-novo-t1 da rosa de expansão (ver métrica direcao_expansao_graus).",Robusta à comissão do mapa (ADR 0009): fonte é o WSF Evolution ou uma métrica declarada robusta a falsos positivos dispersos (direção/tipologia de expansão).
forma_urbana,moatize_vila,2015,frac_novo_setor_15_desde_2010,0.0524,fracao_pixels_novos,observado,A,WSF Evolution (DLR) — ano de primeira detecção,"Setor 15 = [337.5°, 360.0°) a partir do Norte, sentido horário, sobre o mesmo vetor centróide-t0 -> pixel-novo-t1 da rosa de expansão (ver métrica direcao_expansao_graus).",Robusta à comissão do mapa (ADR 0009): fonte é o WSF Evolution ou uma métrica declarada robusta a falsos positivos dispersos (direção/tipologia de expansão).
forma_urbana,moatize_vila,2020,frac_novo_setor_15_desde_2015,0.0176,fracao_pixels_novos,observado,A,Classificação própria (urbano ∪ industrial ∪ reassentamento),"Setor 15 = [337.5°, 360.0°) a partir do Norte, sentido horário, sobre o mesmo vetor centróide-t0 -> pixel-novo-t1 da rosa de expansão (ver métrica direcao_expansao_graus).",Robusta à comissão do mapa (ADR 0009): fonte é o WSF Evolution ou uma métrica declarada robusta a falsos positivos dispersos (direção/tipologia de expansão).
forma_urbana,moatize_vila,2025,frac_novo_setor_15_desde_2020,0.0396,fracao_pixels_novos,observado,A,Classificação própria (urbano ∪ industrial ∪ reassentamento),"Setor 15 = [337.5°, 360.0°) a partir do Norte, sentido horário, sobre o mesmo vetor centróide-t0 -> pixel-novo-t1 da rosa de expansão (ver métrica direcao_expansao_graus).",Robusta à comissão do mapa (ADR 0009): fonte é o WSF Evolution ou uma métrica declarada robusta a falsos positivos dispersos (direção/tipologia de expansão).
forma_urbana,moatize_vila,2000,indice_forma_medio_urbano,1.4401,adimensional,observado,A,pylandstats 3.1.0 sobre data/processed/imagery/urbano_2000_30m_32736.tif,"Landscape binário (classe=camada, res=30m), pylandstats.Landscape, neighborhood_rule='8' (padrão).","n_pixels_camada=3157. Sensível à comissão medida (acurácia do usuário 0,27-0,63, ADR 0009): comissão tende a inflar n_manchas/densidade_borda e a deprimir tamanho médio de mancha/largest_patch_index — direção declarada, magnitude não corrigida."
forma_urbana,moatize_vila,2005,indice_forma_medio_urbano,1.39,adimensional,observado,A,pylandstats 3.1.0 sobre data/processed/imagery/urbano_2005_30m_32736.tif,"Landscape binário (classe=camada, res=30m), pylandstats.Landscape, neighborhood_rule='8' (padrão).","n_pixels_camada=4462. Sensível à comissão medida (acurácia do usuário 0,27-0,63, ADR 0009): comissão tende a inflar n_manchas/densidade_borda e a deprimir tamanho médio de mancha/largest_patch_index — direção declarada, magnitude não corrigida."
forma_urbana,moatize_vila,2010,indice_forma_medio_urbano,1.3511,adimensional,observado,A,pylandstats 3.1.0 sobre data/processed/imagery/urbano_2010_30m_32736.tif,"Landscape binário (classe=camada, res=30m), pylandstats.Landscape, neighborhood_rule='8' (padrão).","n_pixels_camada=5139. Sensível à comissão medida (acurácia do usuário 0,27-0,63, ADR 0009): comissão tende a inflar n_manchas/densidade_borda e a deprimir tamanho médio de mancha/largest_patch_index — direção declarada, magnitude não corrigida. 2010 usa Landsat 7 SLC-off (docs/ADR/0005): 26,64% dos pixels da AOI têm menos de 4 observações válidas no composto de estação seca (data/interim/slc_off_2010_cobertura.csv). Métricas derivadas da classificação própria de 2010 (ou de período que usa 2010 como t0/t1) herdam essa cobertura desigual — não é um viés de comissão adicional, é ruído de amostragem de composto que pode inflar heterogeneidade espacial espúria (manchas, densidade de borda, tipologia)."
forma_urbana,moatize_vila,2015,indice_forma_medio_urbano,1.3342,adimensional,observado,A,pylandstats 3.1.0 sobre data/processed/imagery/urbano_2015_30m_32736.tif,"Landscape binário (classe=camada, res=30m), pylandstats.Landscape, neighborhood_rule='8' (padrão).","n_pixels_camada=8023. Sensível à comissão medida (acurácia do usuário 0,27-0,63, ADR 0009): comissão tende a inflar n_manchas/densidade_borda e a deprimir tamanho médio de mancha/largest_patch_index — direção declarada, magnitude não corrigida."
forma_urbana,moatize_vila,2020,indice_forma_medio_urbano,1.3267,adimensional,observado,A,pylandstats 3.1.0 sobre data/processed/imagery/urbano_2020_30m_32736.tif,"Landscape binário (classe=camada, res=30m), pylandstats.Landscape, neighborhood_rule='8' (padrão).","n_pixels_camada=8785. Sensível à comissão medida (acurácia do usuário 0,27-0,63, ADR 0009): comissão tende a inflar n_manchas/densidade_borda e a deprimir tamanho médio de mancha/largest_patch_index — direção declarada, magnitude não corrigida."
forma_urbana,moatize_vila,2025,indice_forma_medio_urbano,1.2808,adimensional,observado,A,pylandstats 3.1.0 sobre data/processed/imagery/urbano_2025_30m_32736.tif,"Landscape binário (classe=camada, res=30m), pylandstats.Landscape, neighborhood_rule='8' (padrão).","n_pixels_camada=10107. Sensível à comissão medida (acurácia do usuário 0,27-0,63, ADR 0009): comissão tende a inflar n_manchas/densidade_borda e a deprimir tamanho médio de mancha/largest_patch_index — direção declarada, magnitude não corrigida."
forma_urbana,moatize_vila,2000,largest_patch_index_pct_urbano,0.0739,%,observado,A,pylandstats 3.1.0 sobre data/processed/imagery/urbano_2000_30m_32736.tif,"Landscape binário (classe=camada, res=30m), pylandstats.Landscape, neighborhood_rule='8' (padrão).","n_pixels_camada=3157. Sensível à comissão medida (acurácia do usuário 0,27-0,63, ADR 0009): comissão tende a inflar n_manchas/densidade_borda e a deprimir tamanho médio de mancha/largest_patch_index — direção declarada, magnitude não corrigida."
forma_urbana,moatize_vila,2005,largest_patch_index_pct_urbano,0.1064,%,observado,A,pylandstats 3.1.0 sobre data/processed/imagery/urbano_2005_30m_32736.tif,"Landscape binário (classe=camada, res=30m), pylandstats.Landscape, neighborhood_rule='8' (padrão).","n_pixels_camada=4462. Sensível à comissão medida (acurácia do usuário 0,27-0,63, ADR 0009): comissão tende a inflar n_manchas/densidade_borda e a deprimir tamanho médio de mancha/largest_patch_index — direção declarada, magnitude não corrigida."
forma_urbana,moatize_vila,2010,largest_patch_index_pct_urbano,0.1366,%,observado,A,pylandstats 3.1.0 sobre data/processed/imagery/urbano_2010_30m_32736.tif,"Landscape binário (classe=camada, res=30m), pylandstats.Landscape, neighborhood_rule='8' (padrão).","n_pixels_camada=5139. Sensível à comissão medida (acurácia do usuário 0,27-0,63, ADR 0009): comissão tende a inflar n_manchas/densidade_borda e a deprimir tamanho médio de mancha/largest_patch_index — direção declarada, magnitude não corrigida. 2010 usa Landsat 7 SLC-off (docs/ADR/0005): 26,64% dos pixels da AOI têm menos de 4 observações válidas no composto de estação seca (data/interim/slc_off_2010_cobertura.csv). Métricas derivadas da classificação própria de 2010 (ou de período que usa 2010 como t0/t1) herdam essa cobertura desigual — não é um viés de comissão adicional, é ruído de amostragem de composto que pode inflar heterogeneidade espacial espúria (manchas, densidade de borda, tipologia)."
forma_urbana,moatize_vila,2015,largest_patch_index_pct_urbano,0.2455,%,observado,A,pylandstats 3.1.0 sobre data/processed/imagery/urbano_2015_30m_32736.tif,"Landscape binário (classe=camada, res=30m), pylandstats.Landscape, neighborhood_rule='8' (padrão).","n_pixels_camada=8023. Sensível à comissão medida (acurácia do usuário 0,27-0,63, ADR 0009): comissão tende a inflar n_manchas/densidade_borda e a deprimir tamanho médio de mancha/largest_patch_index — direção declarada, magnitude não corrigida."
forma_urbana,moatize_vila,2020,largest_patch_index_pct_urbano,0.2676,%,observado,A,pylandstats 3.1.0 sobre data/processed/imagery/urbano_2020_30m_32736.tif,"Landscape binário (classe=camada, res=30m), pylandstats.Landscape, neighborhood_rule='8' (padrão).","n_pixels_camada=8785. Sensível à comissão medida (acurácia do usuário 0,27-0,63, ADR 0009): comissão tende a inflar n_manchas/densidade_borda e a deprimir tamanho médio de mancha/largest_patch_index — direção declarada, magnitude não corrigida."
forma_urbana,moatize_vila,2025,largest_patch_index_pct_urbano,0.305,%,observado,A,pylandstats 3.1.0 sobre data/processed/imagery/urbano_2025_30m_32736.tif,"Landscape binário (classe=camada, res=30m), pylandstats.Landscape, neighborhood_rule='8' (padrão).","n_pixels_camada=10107. Sensível à comissão medida (acurácia do usuário 0,27-0,63, ADR 0009): comissão tende a inflar n_manchas/densidade_borda e a deprimir tamanho médio de mancha/largest_patch_index — direção declarada, magnitude não corrigida."
forma_urbana,moatize_vila,2023,n_edificacoes,60756,contagem,observado,A,"Google Open Buildings v3, recorte AOI — data/raw/open_buildings_v3_aoi.csv (ver data/raw/open_buildings_v3_aoi.csv.meta.json)","Google Open Buildings v3, edificações atribuídas ao ponto-sede mais próximo (mesma partição de Voronoi das demais métricas de forma urbana), confidence >= 0,65 (piso do próprio recorte, ver docstring).","Epoch de Open Buildings v3 aproximado como 2023 (Google não publica data de aquisição por edifício nesta AOI). Não é série temporal — comparável só ao ano informado. Inclui edificações do povoado '25 de Setembro' (geometry: null, não localizável), atribuídas a moatize por proximidade — não separável de crescimento orgânico com os dados disponíveis (restrição 3). confiança mín/méd/máx na unidade: 0.65/0.78/0.96. Sensível à comissão do mapa (ADR 0009, acurácia do usuário do construído = 0,27-0,63): não interpretar como medição absoluta livre de erro."
forma_urbana,moatize_vila,2000,n_manchas_urbano,72.0,n,observado,A,pylandstats 3.1.0 sobre data/processed/imagery/urbano_2000_30m_32736.tif,"Landscape binário (classe=camada, res=30m), pylandstats.Landscape, neighborhood_rule='8' (padrão).","n_pixels_camada=3157. Sensível à comissão medida (acurácia do usuário 0,27-0,63, ADR 0009): comissão tende a inflar n_manchas/densidade_borda e a deprimir tamanho médio de mancha/largest_patch_index — direção declarada, magnitude não corrigida."
forma_urbana,moatize_vila,2005,n_manchas_urbano,81.0,n,observado,A,pylandstats 3.1.0 sobre data/processed/imagery/urbano_2005_30m_32736.tif,"Landscape binário (classe=camada, res=30m), pylandstats.Landscape, neighborhood_rule='8' (padrão).","n_pixels_camada=4462. Sensível à comissão medida (acurácia do usuário 0,27-0,63, ADR 0009): comissão tende a inflar n_manchas/densidade_borda e a deprimir tamanho médio de mancha/largest_patch_index — direção declarada, magnitude não corrigida."
forma_urbana,moatize_vila,2010,n_manchas_urbano,79.0,n,observado,A,pylandstats 3.1.0 sobre data/processed/imagery/urbano_2010_30m_32736.tif,"Landscape binário (classe=camada, res=30m), pylandstats.Landscape, neighborhood_rule='8' (padrão).","n_pixels_camada=5139. Sensível à comissão medida (acurácia do usuário 0,27-0,63, ADR 0009): comissão tende a inflar n_manchas/densidade_borda e a deprimir tamanho médio de mancha/largest_patch_index — direção declarada, magnitude não corrigida. 2010 usa Landsat 7 SLC-off (docs/ADR/0005): 26,64% dos pixels da AOI têm menos de 4 observações válidas no composto de estação seca (data/interim/slc_off_2010_cobertura.csv). Métricas derivadas da classificação própria de 2010 (ou de período que usa 2010 como t0/t1) herdam essa cobertura desigual — não é um viés de comissão adicional, é ruído de amostragem de composto que pode inflar heterogeneidade espacial espúria (manchas, densidade de borda, tipologia)."
forma_urbana,moatize_vila,2015,n_manchas_urbano,100.0,n,observado,A,pylandstats 3.1.0 sobre data/processed/imagery/urbano_2015_30m_32736.tif,"Landscape binário (classe=camada, res=30m), pylandstats.Landscape, neighborhood_rule='8' (padrão).","n_pixels_camada=8023. Sensível à comissão medida (acurácia do usuário 0,27-0,63, ADR 0009): comissão tende a inflar n_manchas/densidade_borda e a deprimir tamanho médio de mancha/largest_patch_index — direção declarada, magnitude não corrigida."
forma_urbana,moatize_vila,2020,n_manchas_urbano,107.0,n,observado,A,pylandstats 3.1.0 sobre data/processed/imagery/urbano_2020_30m_32736.tif,"Landscape binário (classe=camada, res=30m), pylandstats.Landscape, neighborhood_rule='8' (padrão).","n_pixels_camada=8785. Sensível à comissão medida (acurácia do usuário 0,27-0,63, ADR 0009): comissão tende a inflar n_manchas/densidade_borda e a deprimir tamanho médio de mancha/largest_patch_index — direção declarada, magnitude não corrigida."
forma_urbana,moatize_vila,2025,n_manchas_urbano,137.0,n,observado,A,pylandstats 3.1.0 sobre data/processed/imagery/urbano_2025_30m_32736.tif,"Landscape binário (classe=camada, res=30m), pylandstats.Landscape, neighborhood_rule='8' (padrão).","n_pixels_camada=10107. Sensível à comissão medida (acurácia do usuário 0,27-0,63, ADR 0009): comissão tende a inflar n_manchas/densidade_borda e a deprimir tamanho médio de mancha/largest_patch_index — direção declarada, magnitude não corrigida."
forma_urbana,moatize_vila,2005,prop_borda_desde_2000,0.5964,fracao_pixels_novos,observado,A,WSF Evolution (DLR) — ano de primeira detecção,Pixel novo em t1 classificado por densidade de construído em t0 num disco de raio 90 m (limiar infill >= 0.5); leapfrog = densidade 0. n_pixels_novos=674.,proporção sensível a comissão do mapa; tende a inflar leapfrog (ver docstring do módulo).
forma_urbana,moatize_vila,2010,prop_borda_desde_2005,0.6683,fracao_pixels_novos,observado,A,WSF Evolution (DLR) — ano de primeira detecção,Pixel novo em t1 classificado por densidade de construído em t0 num disco de raio 90 m (limiar infill >= 0.5); leapfrog = densidade 0. n_pixels_novos=995.,proporção sensível a comissão do mapa; tende a inflar leapfrog (ver docstring do módulo).
forma_urbana,moatize_vila,2015,prop_borda_desde_2010,0.7505,fracao_pixels_novos,observado,A,WSF Evolution (DLR) — ano de primeira detecção,Pixel novo em t1 classificado por densidade de construído em t0 num disco de raio 90 m (limiar infill >= 0.5); leapfrog = densidade 0. n_pixels_novos=2405.,proporção sensível a comissão do mapa; tende a inflar leapfrog (ver docstring do módulo).
forma_urbana,moatize_vila,2020,prop_borda_desde_2015,0.6222,fracao_pixels_novos,observado,A,Classificação própria (urbano ∪ industrial ∪ reassentamento),Pixel novo em t1 classificado por densidade de construído em t0 num disco de raio 90 m (limiar infill >= 0.5); leapfrog = densidade 0. n_pixels_novos=17745.,proporção sensível a comissão do mapa; tende a inflar leapfrog (ver docstring do módulo).
forma_urbana,moatize_vila,2025,prop_borda_desde_2020,0.7495,fracao_pixels_novos,observado,A,Classificação própria (urbano ∪ industrial ∪ reassentamento),Pixel novo em t1 classificado por densidade de construído em t0 num disco de raio 90 m (limiar infill >= 0.5); leapfrog = densidade 0. n_pixels_novos=17486.,proporção sensível a comissão do mapa; tende a inflar leapfrog (ver docstring do módulo).
forma_urbana,moatize_vila,2005,prop_infill_desde_2000,0.3887,fracao_pixels_novos,observado,A,WSF Evolution (DLR) — ano de primeira detecção,Pixel novo em t1 classificado por densidade de construído em t0 num disco de raio 90 m (limiar infill >= 0.5); leapfrog = densidade 0. n_pixels_novos=674.,proporção sensível a comissão do mapa; tende a inflar leapfrog (ver docstring do módulo).
forma_urbana,moatize_vila,2010,prop_infill_desde_2005,0.2281,fracao_pixels_novos,observado,A,WSF Evolution (DLR) — ano de primeira detecção,Pixel novo em t1 classificado por densidade de construído em t0 num disco de raio 90 m (limiar infill >= 0.5); leapfrog = densidade 0. n_pixels_novos=995.,proporção sensível a comissão do mapa; tende a inflar leapfrog (ver docstring do módulo).
forma_urbana,moatize_vila,2015,prop_infill_desde_2010,0.1813,fracao_pixels_novos,observado,A,WSF Evolution (DLR) — ano de primeira detecção,Pixel novo em t1 classificado por densidade de construído em t0 num disco de raio 90 m (limiar infill >= 0.5); leapfrog = densidade 0. n_pixels_novos=2405.,proporção sensível a comissão do mapa; tende a inflar leapfrog (ver docstring do módulo).
forma_urbana,moatize_vila,2020,prop_infill_desde_2015,0.0529,fracao_pixels_novos,observado,A,Classificação própria (urbano ∪ industrial ∪ reassentamento),Pixel novo em t1 classificado por densidade de construído em t0 num disco de raio 90 m (limiar infill >= 0.5); leapfrog = densidade 0. n_pixels_novos=17745.,proporção sensível a comissão do mapa; tende a inflar leapfrog (ver docstring do módulo).
forma_urbana,moatize_vila,2025,prop_infill_desde_2020,0.1147,fracao_pixels_novos,observado,A,Classificação própria (urbano ∪ industrial ∪ reassentamento),Pixel novo em t1 classificado por densidade de construído em t0 num disco de raio 90 m (limiar infill >= 0.5); leapfrog = densidade 0. n_pixels_novos=17486.,proporção sensível a comissão do mapa; tende a inflar leapfrog (ver docstring do módulo).
forma_urbana,moatize_vila,2005,prop_leapfrog_desde_2000,0.0148,fracao_pixels_novos,observado,A,WSF Evolution (DLR) — ano de primeira detecção,Pixel novo em t1 classificado por densidade de construído em t0 num disco de raio 90 m (limiar infill >= 0.5); leapfrog = densidade 0. n_pixels_novos=674.,proporção sensível a comissão do mapa; tende a inflar leapfrog (ver docstring do módulo).
forma_urbana,moatize_vila,2010,prop_leapfrog_desde_2005,0.1035,fracao_pixels_novos,observado,A,WSF Evolution (DLR) — ano de primeira detecção,Pixel novo em t1 classificado por densidade de construído em t0 num disco de raio 90 m (limiar infill >= 0.5); leapfrog = densidade 0. n_pixels_novos=995.,proporção sensível a comissão do mapa; tende a inflar leapfrog (ver docstring do módulo).
forma_urbana,moatize_vila,2015,prop_leapfrog_desde_2010,0.0682,fracao_pixels_novos,observado,A,WSF Evolution (DLR) — ano de primeira detecção,Pixel novo em t1 classificado por densidade de construído em t0 num disco de raio 90 m (limiar infill >= 0.5); leapfrog = densidade 0. n_pixels_novos=2405.,proporção sensível a comissão do mapa; tende a inflar leapfrog (ver docstring do módulo).
forma_urbana,moatize_vila,2020,prop_leapfrog_desde_2015,0.3249,fracao_pixels_novos,observado,A,Classificação própria (urbano ∪ industrial ∪ reassentamento),Pixel novo em t1 classificado por densidade de construído em t0 num disco de raio 90 m (limiar infill >= 0.5); leapfrog = densidade 0. n_pixels_novos=17745.,proporção sensível a comissão do mapa; tende a inflar leapfrog (ver docstring do módulo).
forma_urbana,moatize_vila,2025,prop_leapfrog_desde_2020,0.1359,fracao_pixels_novos,observado,A,Classificação própria (urbano ∪ industrial ∪ reassentamento),Pixel novo em t1 classificado por densidade de construído em t0 num disco de raio 90 m (limiar infill >= 0.5); leapfrog = densidade 0. n_pixels_novos=17486.,proporção sensível a comissão do mapa; tende a inflar leapfrog (ver docstring do módulo).
forma_urbana,moatize_vila,2023,regularidade_espacamento_cv,3.3274,adimensional_cv,observado,A,"Google Open Buildings v3, recorte AOI — data/raw/open_buildings_v3_aoi.csv (ver data/raw/open_buildings_v3_aoi.csv.meta.json)","Google Open Buildings v3, edificações atribuídas ao ponto-sede mais próximo (mesma partição de Voronoi das demais métricas de forma urbana), confidence >= 0,65 (piso do próprio recorte, ver docstring).","Coeficiente de variação da distância ao vizinho mais próximo entre edificações. Menor = espaçamento mais uniforme (malha regular, proxy de formal); maior = espaçamento errático (proxy de informal). Componente de rede viária OSM NÃO incluída — não há extrator de malha viária OSM neste repositório (ver docstring do módulo). Proxy parcial, só geometria de edificação. Epoch de Open Buildings v3 aproximado como 2023 (Google não publica data de aquisição por edifício nesta AOI). Não é série temporal — comparável só ao ano informado. Sensível à comissão do mapa (ADR 0009, acurácia do usuário do construído = 0,27-0,63): não interpretar como medição absoluta livre de erro."
forma_urbana,moatize_vila,2023,regularidade_tamanho_cv,1.9991,adimensional_cv,observado,A,"Google Open Buildings v3, recorte AOI — data/raw/open_buildings_v3_aoi.csv (ver data/raw/open_buildings_v3_aoi.csv.meta.json)","Google Open Buildings v3, edificações atribuídas ao ponto-sede mais próximo (mesma partição de Voronoi das demais métricas de forma urbana), confidence >= 0,65 (piso do próprio recorte, ver docstring).","Coeficiente de variação (desvio-padrão/média) da área das edificações. Menor = tamanhos mais homogêneos = proxy de malha mais regular/planejada; maior = mistura de portes = proxy de informalidade. Proxy indireto, não validado em campo. Epoch de Open Buildings v3 aproximado como 2023 (Google não publica data de aquisição por edifício nesta AOI). Não é série temporal — comparável só ao ano informado. Sensível à comissão do mapa (ADR 0009, acurácia do usuário do construído = 0,27-0,63): não interpretar como medição absoluta livre de erro."
forma_urbana,mwaladzi,2000,area_km2_assentamento_wsf,0.0018,km2,observado,A,"WSF Evolution (DLR), 30 m, ano de primeira detecção — data/raw/wsf_evolution_*.tif","Área cumulativa (ano de detecção <= ano-âncora) do WSF Evolution, menos pegada industrial (Maus et al. 2022 + 150 m), atribuída ao ponto-sede mais próximo (partição de Voronoi entre tete/moatize/cateme/mwaladzi). Ver docstring de pipeline/02_metrics/_common.py.",Robusta à comissão do mapa (ADR 0009): fonte é o WSF Evolution ou uma métrica declarada robusta a falsos positivos dispersos (direção/tipologia de expansão).
forma_urbana,mwaladzi,2005,area_km2_assentamento_wsf,0.0054,km2,observado,A,"WSF Evolution (DLR), 30 m, ano de primeira detecção — data/raw/wsf_evolution_*.tif","Área cumulativa (ano de detecção <= ano-âncora) do WSF Evolution, menos pegada industrial (Maus et al. 2022 + 150 m), atribuída ao ponto-sede mais próximo (partição de Voronoi entre tete/moatize/cateme/mwaladzi). Ver docstring de pipeline/02_metrics/_common.py.",Robusta à comissão do mapa (ADR 0009): fonte é o WSF Evolution ou uma métrica declarada robusta a falsos positivos dispersos (direção/tipologia de expansão).
forma_urbana,mwaladzi,2010,area_km2_assentamento_wsf,0.0252,km2,observado,A,"WSF Evolution (DLR), 30 m, ano de primeira detecção — data/raw/wsf_evolution_*.tif","Área cumulativa (ano de detecção <= ano-âncora) do WSF Evolution, menos pegada industrial (Maus et al. 2022 + 150 m), atribuída ao ponto-sede mais próximo (partição de Voronoi entre tete/moatize/cateme/mwaladzi). Ver docstring de pipeline/02_metrics/_common.py.",Robusta à comissão do mapa (ADR 0009): fonte é o WSF Evolution ou uma métrica declarada robusta a falsos positivos dispersos (direção/tipologia de expansão).
forma_urbana,mwaladzi,2015,area_km2_assentamento_wsf,0.5661,km2,observado,A,"WSF Evolution (DLR), 30 m, ano de primeira detecção — data/raw/wsf_evolution_*.tif","Área cumulativa (ano de detecção <= ano-âncora) do WSF Evolution, menos pegada industrial (Maus et al. 2022 + 150 m), atribuída ao ponto-sede mais próximo (partição de Voronoi entre tete/moatize/cateme/mwaladzi). Ver docstring de pipeline/02_metrics/_common.py.",Robusta à comissão do mapa (ADR 0009): fonte é o WSF Evolution ou uma métrica declarada robusta a falsos positivos dispersos (direção/tipologia de expansão).
forma_urbana,mwaladzi,2000,area_km2_reassentamento,0.0,km2,observado,A,"Classificação própria (Random Forest, protocolo único todos os anos) — data/processed/imagery/reassentamento_2000_30m_32736.tif","Pixel classificado na camada, atribuído ao ponto-sede mais próximo (industrial não é atribuído — é a própria camada).","Área SENSÍVEL à comissão medida (acuracia_por_ano.csv: acurácia do usuário de construído = 0,27-0,63, ADR 0009). Não usar para CAGR nem para 'quanto cresceu' — só para a PROPORÇÃO entre camadas no mesmo ano/unidade."
forma_urbana,mwaladzi,2005,area_km2_reassentamento,0.0,km2,observado,A,"Classificação própria (Random Forest, protocolo único todos os anos) — data/processed/imagery/reassentamento_2005_30m_32736.tif","Pixel classificado na camada, atribuído ao ponto-sede mais próximo (industrial não é atribuído — é a própria camada).","Área SENSÍVEL à comissão medida (acuracia_por_ano.csv: acurácia do usuário de construído = 0,27-0,63, ADR 0009). Não usar para CAGR nem para 'quanto cresceu' — só para a PROPORÇÃO entre camadas no mesmo ano/unidade."
forma_urbana,mwaladzi,2010,area_km2_reassentamento,0.0,km2,observado,A,"Classificação própria (Random Forest, protocolo único todos os anos) — data/processed/imagery/reassentamento_2010_30m_32736.tif","Pixel classificado na camada, atribuído ao ponto-sede mais próximo (industrial não é atribuído — é a própria camada).","Área SENSÍVEL à comissão medida (acuracia_por_ano.csv: acurácia do usuário de construído = 0,27-0,63, ADR 0009). Não usar para CAGR nem para 'quanto cresceu' — só para a PROPORÇÃO entre camadas no mesmo ano/unidade. 2010 usa Landsat 7 SLC-off (docs/ADR/0005): 26,64% dos pixels da AOI têm menos de 4 observações válidas no composto de estação seca (data/interim/slc_off_2010_cobertura.csv). Métricas derivadas da classificação própria de 2010 (ou de período que usa 2010 como t0/t1) herdam essa cobertura desigual — não é um viés de comissão adicional, é ruído de amostragem de composto que pode inflar heterogeneidade espacial espúria (manchas, densidade de borda, tipologia)."
forma_urbana,mwaladzi,2015,area_km2_reassentamento,0.333,km2,observado,A,"Classificação própria (Random Forest, protocolo único todos os anos) — data/processed/imagery/reassentamento_2015_30m_32736.tif","Pixel classificado na camada, atribuído ao ponto-sede mais próximo (industrial não é atribuído — é a própria camada).","Área SENSÍVEL à comissão medida (acuracia_por_ano.csv: acurácia do usuário de construído = 0,27-0,63, ADR 0009). Não usar para CAGR nem para 'quanto cresceu' — só para a PROPORÇÃO entre camadas no mesmo ano/unidade."
forma_urbana,mwaladzi,2020,area_km2_reassentamento,0.3465,km2,observado,A,"Classificação própria (Random Forest, protocolo único todos os anos) — data/processed/imagery/reassentamento_2020_30m_32736.tif","Pixel classificado na camada, atribuído ao ponto-sede mais próximo (industrial não é atribuído — é a própria camada).","Área SENSÍVEL à comissão medida (acuracia_por_ano.csv: acurácia do usuário de construído = 0,27-0,63, ADR 0009). Não usar para CAGR nem para 'quanto cresceu' — só para a PROPORÇÃO entre camadas no mesmo ano/unidade."
forma_urbana,mwaladzi,2025,area_km2_reassentamento,0.5382,km2,observado,A,"Classificação própria (Random Forest, protocolo único todos os anos) — data/processed/imagery/reassentamento_2025_30m_32736.tif","Pixel classificado na camada, atribuído ao ponto-sede mais próximo (industrial não é atribuído — é a própria camada).","Área SENSÍVEL à comissão medida (acuracia_por_ano.csv: acurácia do usuário de construído = 0,27-0,63, ADR 0009). Não usar para CAGR nem para 'quanto cresceu' — só para a PROPORÇÃO entre camadas no mesmo ano/unidade."
forma_urbana,mwaladzi,2023,area_media_edificacao_m2,24.29,m2,observado,A,"Google Open Buildings v3, recorte AOI — data/raw/open_buildings_v3_aoi.csv (ver data/raw/open_buildings_v3_aoi.csv.meta.json)","Google Open Buildings v3, edificações atribuídas ao ponto-sede mais próximo (mesma partição de Voronoi das demais métricas de forma urbana), confidence >= 0,65 (piso do próprio recorte, ver docstring).","Epoch de Open Buildings v3 aproximado como 2023 (Google não publica data de aquisição por edifício nesta AOI). Não é série temporal — comparável só ao ano informado. Sensível à comissão do mapa (ADR 0009, acurácia do usuário do construído = 0,27-0,63): não interpretar como medição absoluta livre de erro."
forma_urbana,mwaladzi,2005,cagr_pct_ano_desde_2000_assentamento_wsf,24.5731,%/ano,observado,A,"WSF Evolution (DLR), 30 m, ano de primeira detecção — data/raw/wsf_evolution_*.tif","CAGR = (area(2005)/area(2000))^(1/5) - 1, sobre a série WSF acima.",Robusta à comissão do mapa (ADR 0009): fonte é o WSF Evolution ou uma métrica declarada robusta a falsos positivos dispersos (direção/tipologia de expansão).
forma_urbana,mwaladzi,2015,cagr_pct_ano_desde_2000_assentamento_wsf,46.7263,%/ano,observado,A,"WSF Evolution (DLR), 30 m, ano de primeira detecção — data/raw/wsf_evolution_*.tif",CAGR do intervalo inteiro observado pelo WSF: 2000-2015.,"Nota do ADR 0008: 2005-2010 e 2010-2015 têm a mesma mediana de observações da classificação própria (4) e são o trecho menos contaminado por viés de sensor — mas esta linha já é WSF, que não tem esse viés por construção; a nota vale para quem comparar com a série de classificação em paralelo. Robusta à comissão do mapa (ADR 0009): fonte é o WSF Evolution ou uma métrica declarada robusta a falsos positivos dispersos (direção/tipologia de expansão)."
forma_urbana,mwaladzi,2010,cagr_pct_ano_desde_2005_assentamento_wsf,36.0822,%/ano,observado,A,"WSF Evolution (DLR), 30 m, ano de primeira detecção — data/raw/wsf_evolution_*.tif","CAGR = (area(2010)/area(2005))^(1/5) - 1, sobre a série WSF acima.",Robusta à comissão do mapa (ADR 0009): fonte é o WSF Evolution ou uma métrica declarada robusta a falsos positivos dispersos (direção/tipologia de expansão).
forma_urbana,mwaladzi,2015,cagr_pct_ano_desde_2010_assentamento_wsf,86.3368,%/ano,observado,A,"WSF Evolution (DLR), 30 m, ano de primeira detecção — data/raw/wsf_evolution_*.tif","CAGR = (area(2015)/area(2010))^(1/5) - 1, sobre a série WSF acima.",Robusta à comissão do mapa (ADR 0009): fonte é o WSF Evolution ou uma métrica declarada robusta a falsos positivos dispersos (direção/tipologia de expansão).
forma_urbana,mwaladzi,2005,concentracao_direcional_r_desde_2000,0.9916,adimensional_0_1,observado,A,WSF Evolution (DLR) — ano de primeira detecção,"Estatística circular (Rayleigh) do ângulo entre o centróide do construído em t0 (na unidade) e cada pixel novo em t1; 0°=Norte, sentido horário, 16 setores de 22,5°. n_pixels_novos=4.",Robusta à comissão do mapa (ADR 0009): fonte é o WSF Evolution ou uma métrica declarada robusta a falsos positivos dispersos (direção/tipologia de expansão).
forma_urbana,mwaladzi,2010,concentracao_direcional_r_desde_2005,0.5874,adimensional_0_1,observado,A,WSF Evolution (DLR) — ano de primeira detecção,"Estatística circular (Rayleigh) do ângulo entre o centróide do construído em t0 (na unidade) e cada pixel novo em t1; 0°=Norte, sentido horário, 16 setores de 22,5°. n_pixels_novos=22.",Robusta à comissão do mapa (ADR 0009): fonte é o WSF Evolution ou uma métrica declarada robusta a falsos positivos dispersos (direção/tipologia de expansão).
forma_urbana,mwaladzi,2015,concentracao_direcional_r_desde_2010,0.8922,adimensional_0_1,observado,A,WSF Evolution (DLR) — ano de primeira detecção,"Estatística circular (Rayleigh) do ângulo entre o centróide do construído em t0 (na unidade) e cada pixel novo em t1; 0°=Norte, sentido horário, 16 setores de 22,5°. n_pixels_novos=601.",Robusta à comissão do mapa (ADR 0009): fonte é o WSF Evolution ou uma métrica declarada robusta a falsos positivos dispersos (direção/tipologia de expansão).
forma_urbana,mwaladzi,2020,concentracao_direcional_r_desde_2015,0.3488,adimensional_0_1,observado,A,Classificação própria (urbano ∪ industrial ∪ reassentamento),"Estatística circular (Rayleigh) do ângulo entre o centróide do construído em t0 (na unidade) e cada pixel novo em t1; 0°=Norte, sentido horário, 16 setores de 22,5°. n_pixels_novos=15.",Robusta à comissão do mapa (ADR 0009): fonte é o WSF Evolution ou uma métrica declarada robusta a falsos positivos dispersos (direção/tipologia de expansão).
forma_urbana,mwaladzi,2025,concentracao_direcional_r_desde_2020,0.2566,adimensional_0_1,observado,A,Classificação própria (urbano ∪ industrial ∪ reassentamento),"Estatística circular (Rayleigh) do ângulo entre o centróide do construído em t0 (na unidade) e cada pixel novo em t1; 0°=Norte, sentido horário, 16 setores de 22,5°. n_pixels_novos=213.",Robusta à comissão do mapa (ADR 0009): fonte é o WSF Evolution ou uma métrica declarada robusta a falsos positivos dispersos (direção/tipologia de expansão).
forma_urbana,mwaladzi,2023,densidade_edificacoes_km2,7393.94,edificacoes_por_km2,observado,A,"Google Open Buildings v3, recorte AOI — data/raw/open_buildings_v3_aoi.csv (ver data/raw/open_buildings_v3_aoi.csv.meta.json)","Google Open Buildings v3, edificações atribuídas ao ponto-sede mais próximo (mesma partição de Voronoi das demais métricas de forma urbana), confidence >= 0,65 (piso do próprio recorte, ver docstring).","Denominador: área construída (classificação própria, ano 2020, urbano+industrial+reassentamento) = 0.3465 km2 — SENSÍVEL à comissão medida (acurácia do usuário 0,27-0,63, ADR 0009) porque o denominador vem da classificação própria, não do WSF."
forma_urbana,mwaladzi,2005,direcao_expansao_graus_desde_2000,356.77,graus_a_partir_do_norte,observado,A,WSF Evolution (DLR) — ano de primeira detecção,"Estatística circular (Rayleigh) do ângulo entre o centróide do construído em t0 (na unidade) e cada pixel novo em t1; 0°=Norte, sentido horário, 16 setores de 22,5°. n_pixels_novos=4.",Robusta à comissão do mapa (ADR 0009): fonte é o WSF Evolution ou uma métrica declarada robusta a falsos positivos dispersos (direção/tipologia de expansão).
forma_urbana,mwaladzi,2010,direcao_expansao_graus_desde_2005,230.71,graus_a_partir_do_norte,observado,A,WSF Evolution (DLR) — ano de primeira detecção,"Estatística circular (Rayleigh) do ângulo entre o centróide do construído em t0 (na unidade) e cada pixel novo em t1; 0°=Norte, sentido horário, 16 setores de 22,5°. n_pixels_novos=22.",Robusta à comissão do mapa (ADR 0009): fonte é o WSF Evolution ou uma métrica declarada robusta a falsos positivos dispersos (direção/tipologia de expansão).
forma_urbana,mwaladzi,2015,direcao_expansao_graus_desde_2010,359.74,graus_a_partir_do_norte,observado,A,WSF Evolution (DLR) — ano de primeira detecção,"Estatística circular (Rayleigh) do ângulo entre o centróide do construído em t0 (na unidade) e cada pixel novo em t1; 0°=Norte, sentido horário, 16 setores de 22,5°. n_pixels_novos=601.",Robusta à comissão do mapa (ADR 0009): fonte é o WSF Evolution ou uma métrica declarada robusta a falsos positivos dispersos (direção/tipologia de expansão).
forma_urbana,mwaladzi,2020,direcao_expansao_graus_desde_2015,267.6,graus_a_partir_do_norte,observado,A,Classificação própria (urbano ∪ industrial ∪ reassentamento),"Estatística circular (Rayleigh) do ângulo entre o centróide do construído em t0 (na unidade) e cada pixel novo em t1; 0°=Norte, sentido horário, 16 setores de 22,5°. n_pixels_novos=15.",Robusta à comissão do mapa (ADR 0009): fonte é o WSF Evolution ou uma métrica declarada robusta a falsos positivos dispersos (direção/tipologia de expansão).
forma_urbana,mwaladzi,2025,direcao_expansao_graus_desde_2020,295.38,graus_a_partir_do_norte,observado,A,Classificação própria (urbano ∪ industrial ∪ reassentamento),"Estatística circular (Rayleigh) do ângulo entre o centróide do construído em t0 (na unidade) e cada pixel novo em t1; 0°=Norte, sentido horário, 16 setores de 22,5°. n_pixels_novos=213.",Robusta à comissão do mapa (ADR 0009): fonte é o WSF Evolution ou uma métrica declarada robusta a falsos positivos dispersos (direção/tipologia de expansão).
forma_urbana,mwaladzi,2023,dist_media_vizinho_mais_proximo_m,34.38,m,observado,A,"Google Open Buildings v3, recorte AOI — data/raw/open_buildings_v3_aoi.csv (ver data/raw/open_buildings_v3_aoi.csv.meta.json)","Google Open Buildings v3, edificações atribuídas ao ponto-sede mais próximo (mesma partição de Voronoi das demais métricas de forma urbana), confidence >= 0,65 (piso do próprio recorte, ver docstring).","Epoch de Open Buildings v3 aproximado como 2023 (Google não publica data de aquisição por edifício nesta AOI). Não é série temporal — comparável só ao ano informado. Sensível à comissão do mapa (ADR 0009, acurácia do usuário do construído = 0,27-0,63): não interpretar como medição absoluta livre de erro."
forma_urbana,mwaladzi,2005,frac_novo_setor_00_desde_2000,0.25,fracao_pixels_novos,observado,A,WSF Evolution (DLR) — ano de primeira detecção,"Setor 0 = [0.0°, 22.5°) a partir do Norte, sentido horário, sobre o mesmo vetor centróide-t0 -> pixel-novo-t1 da rosa de expansão (ver métrica direcao_expansao_graus).",Robusta à comissão do mapa (ADR 0009): fonte é o WSF Evolution ou uma métrica declarada robusta a falsos positivos dispersos (direção/tipologia de expansão).
forma_urbana,mwaladzi,2010,frac_novo_setor_00_desde_2005,0.0,fracao_pixels_novos,observado,A,WSF Evolution (DLR) — ano de primeira detecção,"Setor 0 = [0.0°, 22.5°) a partir do Norte, sentido horário, sobre o mesmo vetor centróide-t0 -> pixel-novo-t1 da rosa de expansão (ver métrica direcao_expansao_graus).",Robusta à comissão do mapa (ADR 0009): fonte é o WSF Evolution ou uma métrica declarada robusta a falsos positivos dispersos (direção/tipologia de expansão).
forma_urbana,mwaladzi,2015,frac_novo_setor_00_desde_2010,0.015,fracao_pixels_novos,observado,A,WSF Evolution (DLR) — ano de primeira detecção,"Setor 0 = [0.0°, 22.5°) a partir do Norte, sentido horário, sobre o mesmo vetor centróide-t0 -> pixel-novo-t1 da rosa de expansão (ver métrica direcao_expansao_graus).",Robusta à comissão do mapa (ADR 0009): fonte é o WSF Evolution ou uma métrica declarada robusta a falsos positivos dispersos (direção/tipologia de expansão).
forma_urbana,mwaladzi,2020,frac_novo_setor_00_desde_2015,0.0,fracao_pixels_novos,observado,A,Classificação própria (urbano ∪ industrial ∪ reassentamento),"Setor 0 = [0.0°, 22.5°) a partir do Norte, sentido horário, sobre o mesmo vetor centróide-t0 -> pixel-novo-t1 da rosa de expansão (ver métrica direcao_expansao_graus).",Robusta à comissão do mapa (ADR 0009): fonte é o WSF Evolution ou uma métrica declarada robusta a falsos positivos dispersos (direção/tipologia de expansão).
forma_urbana,mwaladzi,2025,frac_novo_setor_00_desde_2020,0.0376,fracao_pixels_novos,observado,A,Classificação própria (urbano ∪ industrial ∪ reassentamento),"Setor 0 = [0.0°, 22.5°) a partir do Norte, sentido horário, sobre o mesmo vetor centróide-t0 -> pixel-novo-t1 da rosa de expansão (ver métrica direcao_expansao_graus).",Robusta à comissão do mapa (ADR 0009): fonte é o WSF Evolution ou uma métrica declarada robusta a falsos positivos dispersos (direção/tipologia de expansão).
forma_urbana,mwaladzi,2005,frac_novo_setor_01_desde_2000,0.0,fracao_pixels_novos,observado,A,WSF Evolution (DLR) — ano de primeira detecção,"Setor 1 = [22.5°, 45.0°) a partir do Norte, sentido horário, sobre o mesmo vetor centróide-t0 -> pixel-novo-t1 da rosa de expansão (ver métrica direcao_expansao_graus).",Robusta à comissão do mapa (ADR 0009): fonte é o WSF Evolution ou uma métrica declarada robusta a falsos positivos dispersos (direção/tipologia de expansão).
forma_urbana,mwaladzi,2010,frac_novo_setor_01_desde_2005,0.0,fracao_pixels_novos,observado,A,WSF Evolution (DLR) — ano de primeira detecção,"Setor 1 = [22.5°, 45.0°) a partir do Norte, sentido horário, sobre o mesmo vetor centróide-t0 -> pixel-novo-t1 da rosa de expansão (ver métrica direcao_expansao_graus).",Robusta à comissão do mapa (ADR 0009): fonte é o WSF Evolution ou uma métrica declarada robusta a falsos positivos dispersos (direção/tipologia de expansão).
forma_urbana,mwaladzi,2015,frac_novo_setor_01_desde_2010,0.0,fracao_pixels_novos,observado,A,WSF Evolution (DLR) — ano de primeira detecção,"Setor 1 = [22.5°, 45.0°) a partir do Norte, sentido horário, sobre o mesmo vetor centróide-t0 -> pixel-novo-t1 da rosa de expansão (ver métrica direcao_expansao_graus).",Robusta à comissão do mapa (ADR 0009): fonte é o WSF Evolution ou uma métrica declarada robusta a falsos positivos dispersos (direção/tipologia de expansão).
forma_urbana,mwaladzi,2020,frac_novo_setor_01_desde_2015,0.0,fracao_pixels_novos,observado,A,Classificação própria (urbano ∪ industrial ∪ reassentamento),"Setor 1 = [22.5°, 45.0°) a partir do Norte, sentido horário, sobre o mesmo vetor centróide-t0 -> pixel-novo-t1 da rosa de expansão (ver métrica direcao_expansao_graus).",Robusta à comissão do mapa (ADR 0009): fonte é o WSF Evolution ou uma métrica declarada robusta a falsos positivos dispersos (direção/tipologia de expansão).
forma_urbana,mwaladzi,2025,frac_novo_setor_01_desde_2020,0.0751,fracao_pixels_novos,observado,A,Classificação própria (urbano ∪ industrial ∪ reassentamento),"Setor 1 = [22.5°, 45.0°) a partir do Norte, sentido horário, sobre o mesmo vetor centróide-t0 -> pixel-novo-t1 da rosa de expansão (ver métrica direcao_expansao_graus).",Robusta à comissão do mapa (ADR 0009): fonte é o WSF Evolution ou uma métrica declarada robusta a falsos positivos dispersos (direção/tipologia de expansão).
forma_urbana,mwaladzi,2005,frac_novo_setor_02_desde_2000,0.0,fracao_pixels_novos,observado,A,WSF Evolution (DLR) — ano de primeira detecção,"Setor 2 = [45.0°, 67.5°) a partir do Norte, sentido horário, sobre o mesmo vetor centróide-t0 -> pixel-novo-t1 da rosa de expansão (ver métrica direcao_expansao_graus).",Robusta à comissão do mapa (ADR 0009): fonte é o WSF Evolution ou uma métrica declarada robusta a falsos positivos dispersos (direção/tipologia de expansão).
forma_urbana,mwaladzi,2010,frac_novo_setor_02_desde_2005,0.0,fracao_pixels_novos,observado,A,WSF Evolution (DLR) — ano de primeira detecção,"Setor 2 = [45.0°, 67.5°) a partir do Norte, sentido horário, sobre o mesmo vetor centróide-t0 -> pixel-novo-t1 da rosa de expansão (ver métrica direcao_expansao_graus).",Robusta à comissão do mapa (ADR 0009): fonte é o WSF Evolution ou uma métrica declarada robusta a falsos positivos dispersos (direção/tipologia de expansão).
forma_urbana,mwaladzi,2015,frac_novo_setor_02_desde_2010,0.0166,fracao_pixels_novos,observado,A,WSF Evolution (DLR) — ano de primeira detecção,"Setor 2 = [45.0°, 67.5°) a partir do Norte, sentido horário, sobre o mesmo vetor centróide-t0 -> pixel-novo-t1 da rosa de expansão (ver métrica direcao_expansao_graus).",Robusta à comissão do mapa (ADR 0009): fonte é o WSF Evolution ou uma métrica declarada robusta a falsos positivos dispersos (direção/tipologia de expansão).
forma_urbana,mwaladzi,2020,frac_novo_setor_02_desde_2015,0.0,fracao_pixels_novos,observado,A,Classificação própria (urbano ∪ industrial ∪ reassentamento),"Setor 2 = [45.0°, 67.5°) a partir do Norte, sentido horário, sobre o mesmo vetor centróide-t0 -> pixel-novo-t1 da rosa de expansão (ver métrica direcao_expansao_graus).",Robusta à comissão do mapa (ADR 0009): fonte é o WSF Evolution ou uma métrica declarada robusta a falsos positivos dispersos (direção/tipologia de expansão).
forma_urbana,mwaladzi,2025,frac_novo_setor_02_desde_2020,0.1174,fracao_pixels_novos,observado,A,Classificação própria (urbano ∪ industrial ∪ reassentamento),"Setor 2 = [45.0°, 67.5°) a partir do Norte, sentido horário, sobre o mesmo vetor centróide-t0 -> pixel-novo-t1 da rosa de expansão (ver métrica direcao_expansao_graus).",Robusta à comissão do mapa (ADR 0009): fonte é o WSF Evolution ou uma métrica declarada robusta a falsos positivos dispersos (direção/tipologia de expansão).
forma_urbana,mwaladzi,2005,frac_novo_setor_03_desde_2000,0.0,fracao_pixels_novos,observado,A,WSF Evolution (DLR) — ano de primeira detecção,"Setor 3 = [67.5°, 90.0°) a partir do Norte, sentido horário, sobre o mesmo vetor centróide-t0 -> pixel-novo-t1 da rosa de expansão (ver métrica direcao_expansao_graus).",Robusta à comissão do mapa (ADR 0009): fonte é o WSF Evolution ou uma métrica declarada robusta a falsos positivos dispersos (direção/tipologia de expansão).
forma_urbana,mwaladzi,2010,frac_novo_setor_03_desde_2005,0.0,fracao_pixels_novos,observado,A,WSF Evolution (DLR) — ano de primeira detecção,"Setor 3 = [67.5°, 90.0°) a partir do Norte, sentido horário, sobre o mesmo vetor centróide-t0 -> pixel-novo-t1 da rosa de expansão (ver métrica direcao_expansao_graus).",Robusta à comissão do mapa (ADR 0009): fonte é o WSF Evolution ou uma métrica declarada robusta a falsos positivos dispersos (direção/tipologia de expansão).
forma_urbana,mwaladzi,2015,frac_novo_setor_03_desde_2010,0.0383,fracao_pixels_novos,observado,A,WSF Evolution (DLR) — ano de primeira detecção,"Setor 3 = [67.5°, 90.0°) a partir do Norte, sentido horário, sobre o mesmo vetor centróide-t0 -> pixel-novo-t1 da rosa de expansão (ver métrica direcao_expansao_graus).",Robusta à comissão do mapa (ADR 0009): fonte é o WSF Evolution ou uma métrica declarada robusta a falsos positivos dispersos (direção/tipologia de expansão).
forma_urbana,mwaladzi,2020,frac_novo_setor_03_desde_2015,0.0667,fracao_pixels_novos,observado,A,Classificação própria (urbano ∪ industrial ∪ reassentamento),"Setor 3 = [67.5°, 90.0°) a partir do Norte, sentido horário, sobre o mesmo vetor centróide-t0 -> pixel-novo-t1 da rosa de expansão (ver métrica direcao_expansao_graus).",Robusta à comissão do mapa (ADR 0009): fonte é o WSF Evolution ou uma métrica declarada robusta a falsos positivos dispersos (direção/tipologia de expansão).
forma_urbana,mwaladzi,2025,frac_novo_setor_03_desde_2020,0.0282,fracao_pixels_novos,observado,A,Classificação própria (urbano ∪ industrial ∪ reassentamento),"Setor 3 = [67.5°, 90.0°) a partir do Norte, sentido horário, sobre o mesmo vetor centróide-t0 -> pixel-novo-t1 da rosa de expansão (ver métrica direcao_expansao_graus).",Robusta à comissão do mapa (ADR 0009): fonte é o WSF Evolution ou uma métrica declarada robusta a falsos positivos dispersos (direção/tipologia de expansão).
forma_urbana,mwaladzi,2005,frac_novo_setor_04_desde_2000,0.0,fracao_pixels_novos,observado,A,WSF Evolution (DLR) — ano de primeira detecção,"Setor 4 = [90.0°, 112.5°) a partir do Norte, sentido horário, sobre o mesmo vetor centróide-t0 -> pixel-novo-t1 da rosa de expansão (ver métrica direcao_expansao_graus).",Robusta à comissão do mapa (ADR 0009): fonte é o WSF Evolution ou uma métrica declarada robusta a falsos positivos dispersos (direção/tipologia de expansão).
forma_urbana,mwaladzi,2010,frac_novo_setor_04_desde_2005,0.0,fracao_pixels_novos,observado,A,WSF Evolution (DLR) — ano de primeira detecção,"Setor 4 = [90.0°, 112.5°) a partir do Norte, sentido horário, sobre o mesmo vetor centróide-t0 -> pixel-novo-t1 da rosa de expansão (ver métrica direcao_expansao_graus).",Robusta à comissão do mapa (ADR 0009): fonte é o WSF Evolution ou uma métrica declarada robusta a falsos positivos dispersos (direção/tipologia de expansão).
forma_urbana,mwaladzi,2015,frac_novo_setor_04_desde_2010,0.0,fracao_pixels_novos,observado,A,WSF Evolution (DLR) — ano de primeira detecção,"Setor 4 = [90.0°, 112.5°) a partir do Norte, sentido horário, sobre o mesmo vetor centróide-t0 -> pixel-novo-t1 da rosa de expansão (ver métrica direcao_expansao_graus).",Robusta à comissão do mapa (ADR 0009): fonte é o WSF Evolution ou uma métrica declarada robusta a falsos positivos dispersos (direção/tipologia de expansão).
forma_urbana,mwaladzi,2020,frac_novo_setor_04_desde_2015,0.1333,fracao_pixels_novos,observado,A,Classificação própria (urbano ∪ industrial ∪ reassentamento),"Setor 4 = [90.0°, 112.5°) a partir do Norte, sentido horário, sobre o mesmo vetor centróide-t0 -> pixel-novo-t1 da rosa de expansão (ver métrica direcao_expansao_graus).",Robusta à comissão do mapa (ADR 0009): fonte é o WSF Evolution ou uma métrica declarada robusta a falsos positivos dispersos (direção/tipologia de expansão).
forma_urbana,mwaladzi,2025,frac_novo_setor_04_desde_2020,0.0376,fracao_pixels_novos,observado,A,Classificação própria (urbano ∪ industrial ∪ reassentamento),"Setor 4 = [90.0°, 112.5°) a partir do Norte, sentido horário, sobre o mesmo vetor centróide-t0 -> pixel-novo-t1 da rosa de expansão (ver métrica direcao_expansao_graus).",Robusta à comissão do mapa (ADR 0009): fonte é o WSF Evolution ou uma métrica declarada robusta a falsos positivos dispersos (direção/tipologia de expansão).
forma_urbana,mwaladzi,2005,frac_novo_setor_05_desde_2000,0.0,fracao_pixels_novos,observado,A,WSF Evolution (DLR) — ano de primeira detecção,"Setor 5 = [112.5°, 135.0°) a partir do Norte, sentido horário, sobre o mesmo vetor centróide-t0 -> pixel-novo-t1 da rosa de expansão (ver métrica direcao_expansao_graus).",Robusta à comissão do mapa (ADR 0009): fonte é o WSF Evolution ou uma métrica declarada robusta a falsos positivos dispersos (direção/tipologia de expansão).
forma_urbana,mwaladzi,2010,frac_novo_setor_05_desde_2005,0.0455,fracao_pixels_novos,observado,A,WSF Evolution (DLR) — ano de primeira detecção,"Setor 5 = [112.5°, 135.0°) a partir do Norte, sentido horário, sobre o mesmo vetor centróide-t0 -> pixel-novo-t1 da rosa de expansão (ver métrica direcao_expansao_graus).",Robusta à comissão do mapa (ADR 0009): fonte é o WSF Evolution ou uma métrica declarada robusta a falsos positivos dispersos (direção/tipologia de expansão).
forma_urbana,mwaladzi,2015,frac_novo_setor_05_desde_2010,0.0349,fracao_pixels_novos,observado,A,WSF Evolution (DLR) — ano de primeira detecção,"Setor 5 = [112.5°, 135.0°) a partir do Norte, sentido horário, sobre o mesmo vetor centróide-t0 -> pixel-novo-t1 da rosa de expansão (ver métrica direcao_expansao_graus).",Robusta à comissão do mapa (ADR 0009): fonte é o WSF Evolution ou uma métrica declarada robusta a falsos positivos dispersos (direção/tipologia de expansão).
forma_urbana,mwaladzi,2020,frac_novo_setor_05_desde_2015,0.0,fracao_pixels_novos,observado,A,Classificação própria (urbano ∪ industrial ∪ reassentamento),"Setor 5 = [112.5°, 135.0°) a partir do Norte, sentido horário, sobre o mesmo vetor centróide-t0 -> pixel-novo-t1 da rosa de expansão (ver métrica direcao_expansao_graus).",Robusta à comissão do mapa (ADR 0009): fonte é o WSF Evolution ou uma métrica declarada robusta a falsos positivos dispersos (direção/tipologia de expansão).
forma_urbana,mwaladzi,2025,frac_novo_setor_05_desde_2020,0.0094,fracao_pixels_novos,observado,A,Classificação própria (urbano ∪ industrial ∪ reassentamento),"Setor 5 = [112.5°, 135.0°) a partir do Norte, sentido horário, sobre o mesmo vetor centróide-t0 -> pixel-novo-t1 da rosa de expansão (ver métrica direcao_expansao_graus).",Robusta à comissão do mapa (ADR 0009): fonte é o WSF Evolution ou uma métrica declarada robusta a falsos positivos dispersos (direção/tipologia de expansão).
forma_urbana,mwaladzi,2005,frac_novo_setor_06_desde_2000,0.0,fracao_pixels_novos,observado,A,WSF Evolution (DLR) — ano de primeira detecção,"Setor 6 = [135.0°, 157.5°) a partir do Norte, sentido horário, sobre o mesmo vetor centróide-t0 -> pixel-novo-t1 da rosa de expansão (ver métrica direcao_expansao_graus).",Robusta à comissão do mapa (ADR 0009): fonte é o WSF Evolution ou uma métrica declarada robusta a falsos positivos dispersos (direção/tipologia de expansão).
forma_urbana,mwaladzi,2010,frac_novo_setor_06_desde_2005,0.0455,fracao_pixels_novos,observado,A,WSF Evolution (DLR) — ano de primeira detecção,"Setor 6 = [135.0°, 157.5°) a partir do Norte, sentido horário, sobre o mesmo vetor centróide-t0 -> pixel-novo-t1 da rosa de expansão (ver métrica direcao_expansao_graus).",Robusta à comissão do mapa (ADR 0009): fonte é o WSF Evolution ou uma métrica declarada robusta a falsos positivos dispersos (direção/tipologia de expansão).
forma_urbana,mwaladzi,2015,frac_novo_setor_06_desde_2010,0.0,fracao_pixels_novos,observado,A,WSF Evolution (DLR) — ano de primeira detecção,"Setor 6 = [135.0°, 157.5°) a partir do Norte, sentido horário, sobre o mesmo vetor centróide-t0 -> pixel-novo-t1 da rosa de expansão (ver métrica direcao_expansao_graus).",Robusta à comissão do mapa (ADR 0009): fonte é o WSF Evolution ou uma métrica declarada robusta a falsos positivos dispersos (direção/tipologia de expansão).
forma_urbana,mwaladzi,2020,frac_novo_setor_06_desde_2015,0.0667,fracao_pixels_novos,observado,A,Classificação própria (urbano ∪ industrial ∪ reassentamento),"Setor 6 = [135.0°, 157.5°) a partir do Norte, sentido horário, sobre o mesmo vetor centróide-t0 -> pixel-novo-t1 da rosa de expansão (ver métrica direcao_expansao_graus).",Robusta à comissão do mapa (ADR 0009): fonte é o WSF Evolution ou uma métrica declarada robusta a falsos positivos dispersos (direção/tipologia de expansão).
forma_urbana,mwaladzi,2025,frac_novo_setor_06_desde_2020,0.0469,fracao_pixels_novos,observado,A,Classificação própria (urbano ∪ industrial ∪ reassentamento),"Setor 6 = [135.0°, 157.5°) a partir do Norte, sentido horário, sobre o mesmo vetor centróide-t0 -> pixel-novo-t1 da rosa de expansão (ver métrica direcao_expansao_graus).",Robusta à comissão do mapa (ADR 0009): fonte é o WSF Evolution ou uma métrica declarada robusta a falsos positivos dispersos (direção/tipologia de expansão).
forma_urbana,mwaladzi,2005,frac_novo_setor_07_desde_2000,0.0,fracao_pixels_novos,observado,A,WSF Evolution (DLR) — ano de primeira detecção,"Setor 7 = [157.5°, 180.0°) a partir do Norte, sentido horário, sobre o mesmo vetor centróide-t0 -> pixel-novo-t1 da rosa de expansão (ver métrica direcao_expansao_graus).",Robusta à comissão do mapa (ADR 0009): fonte é o WSF Evolution ou uma métrica declarada robusta a falsos positivos dispersos (direção/tipologia de expansão).
forma_urbana,mwaladzi,2010,frac_novo_setor_07_desde_2005,0.0455,fracao_pixels_novos,observado,A,WSF Evolution (DLR) — ano de primeira detecção,"Setor 7 = [157.5°, 180.0°) a partir do Norte, sentido horário, sobre o mesmo vetor centróide-t0 -> pixel-novo-t1 da rosa de expansão (ver métrica direcao_expansao_graus).",Robusta à comissão do mapa (ADR 0009): fonte é o WSF Evolution ou uma métrica declarada robusta a falsos positivos dispersos (direção/tipologia de expansão).
forma_urbana,mwaladzi,2015,frac_novo_setor_07_desde_2010,0.0,fracao_pixels_novos,observado,A,WSF Evolution (DLR) — ano de primeira detecção,"Setor 7 = [157.5°, 180.0°) a partir do Norte, sentido horário, sobre o mesmo vetor centróide-t0 -> pixel-novo-t1 da rosa de expansão (ver métrica direcao_expansao_graus).",Robusta à comissão do mapa (ADR 0009): fonte é o WSF Evolution ou uma métrica declarada robusta a falsos positivos dispersos (direção/tipologia de expansão).
forma_urbana,mwaladzi,2020,frac_novo_setor_07_desde_2015,0.0667,fracao_pixels_novos,observado,A,Classificação própria (urbano ∪ industrial ∪ reassentamento),"Setor 7 = [157.5°, 180.0°) a partir do Norte, sentido horário, sobre o mesmo vetor centróide-t0 -> pixel-novo-t1 da rosa de expansão (ver métrica direcao_expansao_graus).",Robusta à comissão do mapa (ADR 0009): fonte é o WSF Evolution ou uma métrica declarada robusta a falsos positivos dispersos (direção/tipologia de expansão).
forma_urbana,mwaladzi,2025,frac_novo_setor_07_desde_2020,0.0376,fracao_pixels_novos,observado,A,Classificação própria (urbano ∪ industrial ∪ reassentamento),"Setor 7 = [157.5°, 180.0°) a partir do Norte, sentido horário, sobre o mesmo vetor centróide-t0 -> pixel-novo-t1 da rosa de expansão (ver métrica direcao_expansao_graus).",Robusta à comissão do mapa (ADR 0009): fonte é o WSF Evolution ou uma métrica declarada robusta a falsos positivos dispersos (direção/tipologia de expansão).
forma_urbana,mwaladzi,2005,frac_novo_setor_08_desde_2000,0.0,fracao_pixels_novos,observado,A,WSF Evolution (DLR) — ano de primeira detecção,"Setor 8 = [180.0°, 202.5°) a partir do Norte, sentido horário, sobre o mesmo vetor centróide-t0 -> pixel-novo-t1 da rosa de expansão (ver métrica direcao_expansao_graus).",Robusta à comissão do mapa (ADR 0009): fonte é o WSF Evolution ou uma métrica declarada robusta a falsos positivos dispersos (direção/tipologia de expansão).
forma_urbana,mwaladzi,2010,frac_novo_setor_08_desde_2005,0.2273,fracao_pixels_novos,observado,A,WSF Evolution (DLR) — ano de primeira detecção,"Setor 8 = [180.0°, 202.5°) a partir do Norte, sentido horário, sobre o mesmo vetor centróide-t0 -> pixel-novo-t1 da rosa de expansão (ver métrica direcao_expansao_graus).",Robusta à comissão do mapa (ADR 0009): fonte é o WSF Evolution ou uma métrica declarada robusta a falsos positivos dispersos (direção/tipologia de expansão).
forma_urbana,mwaladzi,2015,frac_novo_setor_08_desde_2010,0.0,fracao_pixels_novos,observado,A,WSF Evolution (DLR) — ano de primeira detecção,"Setor 8 = [180.0°, 202.5°) a partir do Norte, sentido horário, sobre o mesmo vetor centróide-t0 -> pixel-novo-t1 da rosa de expansão (ver métrica direcao_expansao_graus).",Robusta à comissão do mapa (ADR 0009): fonte é o WSF Evolution ou uma métrica declarada robusta a falsos positivos dispersos (direção/tipologia de expansão).
forma_urbana,mwaladzi,2020,frac_novo_setor_08_desde_2015,0.0,fracao_pixels_novos,observado,A,Classificação própria (urbano ∪ industrial ∪ reassentamento),"Setor 8 = [180.0°, 202.5°) a partir do Norte, sentido horário, sobre o mesmo vetor centróide-t0 -> pixel-novo-t1 da rosa de expansão (ver métrica direcao_expansao_graus).",Robusta à comissão do mapa (ADR 0009): fonte é o WSF Evolution ou uma métrica declarada robusta a falsos positivos dispersos (direção/tipologia de expansão).
forma_urbana,mwaladzi,2025,frac_novo_setor_08_desde_2020,0.0047,fracao_pixels_novos,observado,A,Classificação própria (urbano ∪ industrial ∪ reassentamento),"Setor 8 = [180.0°, 202.5°) a partir do Norte, sentido horário, sobre o mesmo vetor centróide-t0 -> pixel-novo-t1 da rosa de expansão (ver métrica direcao_expansao_graus).",Robusta à comissão do mapa (ADR 0009): fonte é o WSF Evolution ou uma métrica declarada robusta a falsos positivos dispersos (direção/tipologia de expansão).
forma_urbana,mwaladzi,2005,frac_novo_setor_09_desde_2000,0.0,fracao_pixels_novos,observado,A,WSF Evolution (DLR) — ano de primeira detecção,"Setor 9 = [202.5°, 225.0°) a partir do Norte, sentido horário, sobre o mesmo vetor centróide-t0 -> pixel-novo-t1 da rosa de expansão (ver métrica direcao_expansao_graus).",Robusta à comissão do mapa (ADR 0009): fonte é o WSF Evolution ou uma métrica declarada robusta a falsos positivos dispersos (direção/tipologia de expansão).
forma_urbana,mwaladzi,2010,frac_novo_setor_09_desde_2005,0.1818,fracao_pixels_novos,observado,A,WSF Evolution (DLR) — ano de primeira detecção,"Setor 9 = [202.5°, 225.0°) a partir do Norte, sentido horário, sobre o mesmo vetor centróide-t0 -> pixel-novo-t1 da rosa de expansão (ver métrica direcao_expansao_graus).",Robusta à comissão do mapa (ADR 0009): fonte é o WSF Evolution ou uma métrica declarada robusta a falsos positivos dispersos (direção/tipologia de expansão).
forma_urbana,mwaladzi,2015,frac_novo_setor_09_desde_2010,0.005,fracao_pixels_novos,observado,A,WSF Evolution (DLR) — ano de primeira detecção,"Setor 9 = [202.5°, 225.0°) a partir do Norte, sentido horário, sobre o mesmo vetor centróide-t0 -> pixel-novo-t1 da rosa de expansão (ver métrica direcao_expansao_graus).",Robusta à comissão do mapa (ADR 0009): fonte é o WSF Evolution ou uma métrica declarada robusta a falsos positivos dispersos (direção/tipologia de expansão).
forma_urbana,mwaladzi,2020,frac_novo_setor_09_desde_2015,0.0,fracao_pixels_novos,observado,A,Classificação própria (urbano ∪ industrial ∪ reassentamento),"Setor 9 = [202.5°, 225.0°) a partir do Norte, sentido horário, sobre o mesmo vetor centróide-t0 -> pixel-novo-t1 da rosa de expansão (ver métrica direcao_expansao_graus).",Robusta à comissão do mapa (ADR 0009): fonte é o WSF Evolution ou uma métrica declarada robusta a falsos positivos dispersos (direção/tipologia de expansão).
forma_urbana,mwaladzi,2025,frac_novo_setor_09_desde_2020,0.0094,fracao_pixels_novos,observado,A,Classificação própria (urbano ∪ industrial ∪ reassentamento),"Setor 9 = [202.5°, 225.0°) a partir do Norte, sentido horário, sobre o mesmo vetor centróide-t0 -> pixel-novo-t1 da rosa de expansão (ver métrica direcao_expansao_graus).",Robusta à comissão do mapa (ADR 0009): fonte é o WSF Evolution ou uma métrica declarada robusta a falsos positivos dispersos (direção/tipologia de expansão).
forma_urbana,mwaladzi,2005,frac_novo_setor_10_desde_2000,0.0,fracao_pixels_novos,observado,A,WSF Evolution (DLR) — ano de primeira detecção,"Setor 10 = [225.0°, 247.5°) a partir do Norte, sentido horário, sobre o mesmo vetor centróide-t0 -> pixel-novo-t1 da rosa de expansão (ver métrica direcao_expansao_graus).",Robusta à comissão do mapa (ADR 0009): fonte é o WSF Evolution ou uma métrica declarada robusta a falsos positivos dispersos (direção/tipologia de expansão).
forma_urbana,mwaladzi,2010,frac_novo_setor_10_desde_2005,0.0,fracao_pixels_novos,observado,A,WSF Evolution (DLR) — ano de primeira detecção,"Setor 10 = [225.0°, 247.5°) a partir do Norte, sentido horário, sobre o mesmo vetor centróide-t0 -> pixel-novo-t1 da rosa de expansão (ver métrica direcao_expansao_graus).",Robusta à comissão do mapa (ADR 0009): fonte é o WSF Evolution ou uma métrica declarada robusta a falsos positivos dispersos (direção/tipologia de expansão).
forma_urbana,mwaladzi,2015,frac_novo_setor_10_desde_2010,0.0,fracao_pixels_novos,observado,A,WSF Evolution (DLR) — ano de primeira detecção,"Setor 10 = [225.0°, 247.5°) a partir do Norte, sentido horário, sobre o mesmo vetor centróide-t0 -> pixel-novo-t1 da rosa de expansão (ver métrica direcao_expansao_graus).",Robusta à comissão do mapa (ADR 0009): fonte é o WSF Evolution ou uma métrica declarada robusta a falsos positivos dispersos (direção/tipologia de expansão).
forma_urbana,mwaladzi,2020,frac_novo_setor_10_desde_2015,0.0667,fracao_pixels_novos,observado,A,Classificação própria (urbano ∪ industrial ∪ reassentamento),"Setor 10 = [225.0°, 247.5°) a partir do Norte, sentido horário, sobre o mesmo vetor centróide-t0 -> pixel-novo-t1 da rosa de expansão (ver métrica direcao_expansao_graus).",Robusta à comissão do mapa (ADR 0009): fonte é o WSF Evolution ou uma métrica declarada robusta a falsos positivos dispersos (direção/tipologia de expansão).
forma_urbana,mwaladzi,2025,frac_novo_setor_10_desde_2020,0.1315,fracao_pixels_novos,observado,A,Classificação própria (urbano ∪ industrial ∪ reassentamento),"Setor 10 = [225.0°, 247.5°) a partir do Norte, sentido horário, sobre o mesmo vetor centróide-t0 -> pixel-novo-t1 da rosa de expansão (ver métrica direcao_expansao_graus).",Robusta à comissão do mapa (ADR 0009): fonte é o WSF Evolution ou uma métrica declarada robusta a falsos positivos dispersos (direção/tipologia de expansão).
forma_urbana,mwaladzi,2005,frac_novo_setor_11_desde_2000,0.0,fracao_pixels_novos,observado,A,WSF Evolution (DLR) — ano de primeira detecção,"Setor 11 = [247.5°, 270.0°) a partir do Norte, sentido horário, sobre o mesmo vetor centróide-t0 -> pixel-novo-t1 da rosa de expansão (ver métrica direcao_expansao_graus).",Robusta à comissão do mapa (ADR 0009): fonte é o WSF Evolution ou uma métrica declarada robusta a falsos positivos dispersos (direção/tipologia de expansão).
forma_urbana,mwaladzi,2010,frac_novo_setor_11_desde_2005,0.3182,fracao_pixels_novos,observado,A,WSF Evolution (DLR) — ano de primeira detecção,"Setor 11 = [247.5°, 270.0°) a partir do Norte, sentido horário, sobre o mesmo vetor centróide-t0 -> pixel-novo-t1 da rosa de expansão (ver métrica direcao_expansao_graus).",Robusta à comissão do mapa (ADR 0009): fonte é o WSF Evolution ou uma métrica declarada robusta a falsos positivos dispersos (direção/tipologia de expansão).
forma_urbana,mwaladzi,2015,frac_novo_setor_11_desde_2010,0.0,fracao_pixels_novos,observado,A,WSF Evolution (DLR) — ano de primeira detecção,"Setor 11 = [247.5°, 270.0°) a partir do Norte, sentido horário, sobre o mesmo vetor centróide-t0 -> pixel-novo-t1 da rosa de expansão (ver métrica direcao_expansao_graus).",Robusta à comissão do mapa (ADR 0009): fonte é o WSF Evolution ou uma métrica declarada robusta a falsos positivos dispersos (direção/tipologia de expansão).
forma_urbana,mwaladzi,2020,frac_novo_setor_11_desde_2015,0.1333,fracao_pixels_novos,observado,A,Classificação própria (urbano ∪ industrial ∪ reassentamento),"Setor 11 = [247.5°, 270.0°) a partir do Norte, sentido horário, sobre o mesmo vetor centróide-t0 -> pixel-novo-t1 da rosa de expansão (ver métrica direcao_expansao_graus).",Robusta à comissão do mapa (ADR 0009): fonte é o WSF Evolution ou uma métrica declarada robusta a falsos positivos dispersos (direção/tipologia de expansão).
forma_urbana,mwaladzi,2025,frac_novo_setor_11_desde_2020,0.2488,fracao_pixels_novos,observado,A,Classificação própria (urbano ∪ industrial ∪ reassentamento),"Setor 11 = [247.5°, 270.0°) a partir do Norte, sentido horário, sobre o mesmo vetor centróide-t0 -> pixel-novo-t1 da rosa de expansão (ver métrica direcao_expansao_graus).",Robusta à comissão do mapa (ADR 0009): fonte é o WSF Evolution ou uma métrica declarada robusta a falsos positivos dispersos (direção/tipologia de expansão).
forma_urbana,mwaladzi,2005,frac_novo_setor_12_desde_2000,0.0,fracao_pixels_novos,observado,A,WSF Evolution (DLR) — ano de primeira detecção,"Setor 12 = [270.0°, 292.5°) a partir do Norte, sentido horário, sobre o mesmo vetor centróide-t0 -> pixel-novo-t1 da rosa de expansão (ver métrica direcao_expansao_graus).",Robusta à comissão do mapa (ADR 0009): fonte é o WSF Evolution ou uma métrica declarada robusta a falsos positivos dispersos (direção/tipologia de expansão).
forma_urbana,mwaladzi,2010,frac_novo_setor_12_desde_2005,0.0,fracao_pixels_novos,observado,A,WSF Evolution (DLR) — ano de primeira detecção,"Setor 12 = [270.0°, 292.5°) a partir do Norte, sentido horário, sobre o mesmo vetor centróide-t0 -> pixel-novo-t1 da rosa de expansão (ver métrica direcao_expansao_graus).",Robusta à comissão do mapa (ADR 0009): fonte é o WSF Evolution ou uma métrica declarada robusta a falsos positivos dispersos (direção/tipologia de expansão).
forma_urbana,mwaladzi,2015,frac_novo_setor_12_desde_2010,0.0083,fracao_pixels_novos,observado,A,WSF Evolution (DLR) — ano de primeira detecção,"Setor 12 = [270.0°, 292.5°) a partir do Norte, sentido horário, sobre o mesmo vetor centróide-t0 -> pixel-novo-t1 da rosa de expansão (ver métrica direcao_expansao_graus).",Robusta à comissão do mapa (ADR 0009): fonte é o WSF Evolution ou uma métrica declarada robusta a falsos positivos dispersos (direção/tipologia de expansão).
forma_urbana,mwaladzi,2020,frac_novo_setor_12_desde_2015,0.2667,fracao_pixels_novos,observado,A,Classificação própria (urbano ∪ industrial ∪ reassentamento),"Setor 12 = [270.0°, 292.5°) a partir do Norte, sentido horário, sobre o mesmo vetor centróide-t0 -> pixel-novo-t1 da rosa de expansão (ver métrica direcao_expansao_graus).",Robusta à comissão do mapa (ADR 0009): fonte é o WSF Evolution ou uma métrica declarada robusta a falsos positivos dispersos (direção/tipologia de expansão).
forma_urbana,mwaladzi,2025,frac_novo_setor_12_desde_2020,0.0423,fracao_pixels_novos,observado,A,Classificação própria (urbano ∪ industrial ∪ reassentamento),"Setor 12 = [270.0°, 292.5°) a partir do Norte, sentido horário, sobre o mesmo vetor centróide-t0 -> pixel-novo-t1 da rosa de expansão (ver métrica direcao_expansao_graus).",Robusta à comissão do mapa (ADR 0009): fonte é o WSF Evolution ou uma métrica declarada robusta a falsos positivos dispersos (direção/tipologia de expansão).
forma_urbana,mwaladzi,2005,frac_novo_setor_13_desde_2000,0.0,fracao_pixels_novos,observado,A,WSF Evolution (DLR) — ano de primeira detecção,"Setor 13 = [292.5°, 315.0°) a partir do Norte, sentido horário, sobre o mesmo vetor centróide-t0 -> pixel-novo-t1 da rosa de expansão (ver métrica direcao_expansao_graus).",Robusta à comissão do mapa (ADR 0009): fonte é o WSF Evolution ou uma métrica declarada robusta a falsos positivos dispersos (direção/tipologia de expansão).
forma_urbana,mwaladzi,2010,frac_novo_setor_13_desde_2005,0.0,fracao_pixels_novos,observado,A,WSF Evolution (DLR) — ano de primeira detecção,"Setor 13 = [292.5°, 315.0°) a partir do Norte, sentido horário, sobre o mesmo vetor centróide-t0 -> pixel-novo-t1 da rosa de expansão (ver métrica direcao_expansao_graus).",Robusta à comissão do mapa (ADR 0009): fonte é o WSF Evolution ou uma métrica declarada robusta a falsos positivos dispersos (direção/tipologia de expansão).
forma_urbana,mwaladzi,2015,frac_novo_setor_13_desde_2010,0.0,fracao_pixels_novos,observado,A,WSF Evolution (DLR) — ano de primeira detecção,"Setor 13 = [292.5°, 315.0°) a partir do Norte, sentido horário, sobre o mesmo vetor centróide-t0 -> pixel-novo-t1 da rosa de expansão (ver métrica direcao_expansao_graus).",Robusta à comissão do mapa (ADR 0009): fonte é o WSF Evolution ou uma métrica declarada robusta a falsos positivos dispersos (direção/tipologia de expansão).
forma_urbana,mwaladzi,2020,frac_novo_setor_13_desde_2015,0.0667,fracao_pixels_novos,observado,A,Classificação própria (urbano ∪ industrial ∪ reassentamento),"Setor 13 = [292.5°, 315.0°) a partir do Norte, sentido horário, sobre o mesmo vetor centróide-t0 -> pixel-novo-t1 da rosa de expansão (ver métrica direcao_expansao_graus).",Robusta à comissão do mapa (ADR 0009): fonte é o WSF Evolution ou uma métrica declarada robusta a falsos positivos dispersos (direção/tipologia de expansão).
forma_urbana,mwaladzi,2025,frac_novo_setor_13_desde_2020,0.0423,fracao_pixels_novos,observado,A,Classificação própria (urbano ∪ industrial ∪ reassentamento),"Setor 13 = [292.5°, 315.0°) a partir do Norte, sentido horário, sobre o mesmo vetor centróide-t0 -> pixel-novo-t1 da rosa de expansão (ver métrica direcao_expansao_graus).",Robusta à comissão do mapa (ADR 0009): fonte é o WSF Evolution ou uma métrica declarada robusta a falsos positivos dispersos (direção/tipologia de expansão).
forma_urbana,mwaladzi,2005,frac_novo_setor_14_desde_2000,0.0,fracao_pixels_novos,observado,A,WSF Evolution (DLR) — ano de primeira detecção,"Setor 14 = [315.0°, 337.5°) a partir do Norte, sentido horário, sobre o mesmo vetor centróide-t0 -> pixel-novo-t1 da rosa de expansão (ver métrica direcao_expansao_graus).",Robusta à comissão do mapa (ADR 0009): fonte é o WSF Evolution ou uma métrica declarada robusta a falsos positivos dispersos (direção/tipologia de expansão).
forma_urbana,mwaladzi,2010,frac_novo_setor_14_desde_2005,0.1364,fracao_pixels_novos,observado,A,WSF Evolution (DLR) — ano de primeira detecção,"Setor 14 = [315.0°, 337.5°) a partir do Norte, sentido horário, sobre o mesmo vetor centróide-t0 -> pixel-novo-t1 da rosa de expansão (ver métrica direcao_expansao_graus).",Robusta à comissão do mapa (ADR 0009): fonte é o WSF Evolution ou uma métrica declarada robusta a falsos positivos dispersos (direção/tipologia de expansão).
forma_urbana,mwaladzi,2015,frac_novo_setor_14_desde_2010,0.0,fracao_pixels_novos,observado,A,WSF Evolution (DLR) — ano de primeira detecção,"Setor 14 = [315.0°, 337.5°) a partir do Norte, sentido horário, sobre o mesmo vetor centróide-t0 -> pixel-novo-t1 da rosa de expansão (ver métrica direcao_expansao_graus).",Robusta à comissão do mapa (ADR 0009): fonte é o WSF Evolution ou uma métrica declarada robusta a falsos positivos dispersos (direção/tipologia de expansão).
forma_urbana,mwaladzi,2020,frac_novo_setor_14_desde_2015,0.1333,fracao_pixels_novos,observado,A,Classificação própria (urbano ∪ industrial ∪ reassentamento),"Setor 14 = [315.0°, 337.5°) a partir do Norte, sentido horário, sobre o mesmo vetor centróide-t0 -> pixel-novo-t1 da rosa de expansão (ver métrica direcao_expansao_graus).",Robusta à comissão do mapa (ADR 0009): fonte é o WSF Evolution ou uma métrica declarada robusta a falsos positivos dispersos (direção/tipologia de expansão).
forma_urbana,mwaladzi,2025,frac_novo_setor_14_desde_2020,0.0376,fracao_pixels_novos,observado,A,Classificação própria (urbano ∪ industrial ∪ reassentamento),"Setor 14 = [315.0°, 337.5°) a partir do Norte, sentido horário, sobre o mesmo vetor centróide-t0 -> pixel-novo-t1 da rosa de expansão (ver métrica direcao_expansao_graus).",Robusta à comissão do mapa (ADR 0009): fonte é o WSF Evolution ou uma métrica declarada robusta a falsos positivos dispersos (direção/tipologia de expansão).
forma_urbana,mwaladzi,2005,frac_novo_setor_15_desde_2000,0.75,fracao_pixels_novos,observado,A,WSF Evolution (DLR) — ano de primeira detecção,"Setor 15 = [337.5°, 360.0°) a partir do Norte, sentido horário, sobre o mesmo vetor centróide-t0 -> pixel-novo-t1 da rosa de expansão (ver métrica direcao_expansao_graus).",Robusta à comissão do mapa (ADR 0009): fonte é o WSF Evolution ou uma métrica declarada robusta a falsos positivos dispersos (direção/tipologia de expansão).
forma_urbana,mwaladzi,2010,frac_novo_setor_15_desde_2005,0.0,fracao_pixels_novos,observado,A,WSF Evolution (DLR) — ano de primeira detecção,"Setor 15 = [337.5°, 360.0°) a partir do Norte, sentido horário, sobre o mesmo vetor centróide-t0 -> pixel-novo-t1 da rosa de expansão (ver métrica direcao_expansao_graus).",Robusta à comissão do mapa (ADR 0009): fonte é o WSF Evolution ou uma métrica declarada robusta a falsos positivos dispersos (direção/tipologia de expansão).
forma_urbana,mwaladzi,2015,frac_novo_setor_15_desde_2010,0.8819,fracao_pixels_novos,observado,A,WSF Evolution (DLR) — ano de primeira detecção,"Setor 15 = [337.5°, 360.0°) a partir do Norte, sentido horário, sobre o mesmo vetor centróide-t0 -> pixel-novo-t1 da rosa de expansão (ver métrica direcao_expansao_graus).",Robusta à comissão do mapa (ADR 0009): fonte é o WSF Evolution ou uma métrica declarada robusta a falsos positivos dispersos (direção/tipologia de expansão).
forma_urbana,mwaladzi,2020,frac_novo_setor_15_desde_2015,0.0,fracao_pixels_novos,observado,A,Classificação própria (urbano ∪ industrial ∪ reassentamento),"Setor 15 = [337.5°, 360.0°) a partir do Norte, sentido horário, sobre o mesmo vetor centróide-t0 -> pixel-novo-t1 da rosa de expansão (ver métrica direcao_expansao_graus).",Robusta à comissão do mapa (ADR 0009): fonte é o WSF Evolution ou uma métrica declarada robusta a falsos positivos dispersos (direção/tipologia de expansão).
forma_urbana,mwaladzi,2025,frac_novo_setor_15_desde_2020,0.0939,fracao_pixels_novos,observado,A,Classificação própria (urbano ∪ industrial ∪ reassentamento),"Setor 15 = [337.5°, 360.0°) a partir do Norte, sentido horário, sobre o mesmo vetor centróide-t0 -> pixel-novo-t1 da rosa de expansão (ver métrica direcao_expansao_graus).",Robusta à comissão do mapa (ADR 0009): fonte é o WSF Evolution ou uma métrica declarada robusta a falsos positivos dispersos (direção/tipologia de expansão).
forma_urbana,mwaladzi,2023,n_edificacoes,2562,contagem,observado,A,"Google Open Buildings v3, recorte AOI — data/raw/open_buildings_v3_aoi.csv (ver data/raw/open_buildings_v3_aoi.csv.meta.json)","Google Open Buildings v3, edificações atribuídas ao ponto-sede mais próximo (mesma partição de Voronoi das demais métricas de forma urbana), confidence >= 0,65 (piso do próprio recorte, ver docstring).","Epoch de Open Buildings v3 aproximado como 2023 (Google não publica data de aquisição por edifício nesta AOI). Não é série temporal — comparável só ao ano informado. confiança mín/méd/máx na unidade: 0.65/0.76/0.94. Sensível à comissão do mapa (ADR 0009, acurácia do usuário do construído = 0,27-0,63): não interpretar como medição absoluta livre de erro."
forma_urbana,mwaladzi,2005,prop_borda_desde_2000,0.75,fracao_pixels_novos,observado,A,WSF Evolution (DLR) — ano de primeira detecção,Pixel novo em t1 classificado por densidade de construído em t0 num disco de raio 90 m (limiar infill >= 0.5); leapfrog = densidade 0. n_pixels_novos=4.,proporção sensível a comissão do mapa; tende a inflar leapfrog (ver docstring do módulo).
forma_urbana,mwaladzi,2010,prop_borda_desde_2005,0.7273,fracao_pixels_novos,observado,A,WSF Evolution (DLR) — ano de primeira detecção,Pixel novo em t1 classificado por densidade de construído em t0 num disco de raio 90 m (limiar infill >= 0.5); leapfrog = densidade 0. n_pixels_novos=22.,proporção sensível a comissão do mapa; tende a inflar leapfrog (ver docstring do módulo).
forma_urbana,mwaladzi,2015,prop_borda_desde_2010,0.5957,fracao_pixels_novos,observado,A,WSF Evolution (DLR) — ano de primeira detecção,Pixel novo em t1 classificado por densidade de construído em t0 num disco de raio 90 m (limiar infill >= 0.5); leapfrog = densidade 0. n_pixels_novos=601.,proporção sensível a comissão do mapa; tende a inflar leapfrog (ver docstring do módulo).
forma_urbana,mwaladzi,2020,prop_borda_desde_2015,0.9333,fracao_pixels_novos,observado,A,Classificação própria (urbano ∪ industrial ∪ reassentamento),Pixel novo em t1 classificado por densidade de construído em t0 num disco de raio 90 m (limiar infill >= 0.5); leapfrog = densidade 0. n_pixels_novos=15.,proporção sensível a comissão do mapa; tende a inflar leapfrog (ver docstring do módulo).
forma_urbana,mwaladzi,2025,prop_borda_desde_2020,0.9671,fracao_pixels_novos,observado,A,Classificação própria (urbano ∪ industrial ∪ reassentamento),Pixel novo em t1 classificado por densidade de construído em t0 num disco de raio 90 m (limiar infill >= 0.5); leapfrog = densidade 0. n_pixels_novos=213.,proporção sensível a comissão do mapa; tende a inflar leapfrog (ver docstring do módulo).
forma_urbana,mwaladzi,2005,prop_infill_desde_2000,0.0,fracao_pixels_novos,observado,A,WSF Evolution (DLR) — ano de primeira detecção,Pixel novo em t1 classificado por densidade de construído em t0 num disco de raio 90 m (limiar infill >= 0.5); leapfrog = densidade 0. n_pixels_novos=4.,proporção sensível a comissão do mapa; tende a inflar leapfrog (ver docstring do módulo).
forma_urbana,mwaladzi,2010,prop_infill_desde_2005,0.0,fracao_pixels_novos,observado,A,WSF Evolution (DLR) — ano de primeira detecção,Pixel novo em t1 classificado por densidade de construído em t0 num disco de raio 90 m (limiar infill >= 0.5); leapfrog = densidade 0. n_pixels_novos=22.,proporção sensível a comissão do mapa; tende a inflar leapfrog (ver docstring do módulo).
forma_urbana,mwaladzi,2015,prop_infill_desde_2010,0.0,fracao_pixels_novos,observado,A,WSF Evolution (DLR) — ano de primeira detecção,Pixel novo em t1 classificado por densidade de construído em t0 num disco de raio 90 m (limiar infill >= 0.5); leapfrog = densidade 0. n_pixels_novos=601.,proporção sensível a comissão do mapa; tende a inflar leapfrog (ver docstring do módulo).
forma_urbana,mwaladzi,2020,prop_infill_desde_2015,0.0,fracao_pixels_novos,observado,A,Classificação própria (urbano ∪ industrial ∪ reassentamento),Pixel novo em t1 classificado por densidade de construído em t0 num disco de raio 90 m (limiar infill >= 0.5); leapfrog = densidade 0. n_pixels_novos=15.,proporção sensível a comissão do mapa; tende a inflar leapfrog (ver docstring do módulo).
forma_urbana,mwaladzi,2025,prop_infill_desde_2020,0.0047,fracao_pixels_novos,observado,A,Classificação própria (urbano ∪ industrial ∪ reassentamento),Pixel novo em t1 classificado por densidade de construído em t0 num disco de raio 90 m (limiar infill >= 0.5); leapfrog = densidade 0. n_pixels_novos=213.,proporção sensível a comissão do mapa; tende a inflar leapfrog (ver docstring do módulo).
forma_urbana,mwaladzi,2005,prop_leapfrog_desde_2000,0.25,fracao_pixels_novos,observado,A,WSF Evolution (DLR) — ano de primeira detecção,Pixel novo em t1 classificado por densidade de construído em t0 num disco de raio 90 m (limiar infill >= 0.5); leapfrog = densidade 0. n_pixels_novos=4.,proporção sensível a comissão do mapa; tende a inflar leapfrog (ver docstring do módulo).
forma_urbana,mwaladzi,2010,prop_leapfrog_desde_2005,0.2727,fracao_pixels_novos,observado,A,WSF Evolution (DLR) — ano de primeira detecção,Pixel novo em t1 classificado por densidade de construído em t0 num disco de raio 90 m (limiar infill >= 0.5); leapfrog = densidade 0. n_pixels_novos=22.,proporção sensível a comissão do mapa; tende a inflar leapfrog (ver docstring do módulo).
forma_urbana,mwaladzi,2015,prop_leapfrog_desde_2010,0.4043,fracao_pixels_novos,observado,A,WSF Evolution (DLR) — ano de primeira detecção,Pixel novo em t1 classificado por densidade de construído em t0 num disco de raio 90 m (limiar infill >= 0.5); leapfrog = densidade 0. n_pixels_novos=601.,proporção sensível a comissão do mapa; tende a inflar leapfrog (ver docstring do módulo).
forma_urbana,mwaladzi,2020,prop_leapfrog_desde_2015,0.0667,fracao_pixels_novos,observado,A,Classificação própria (urbano ∪ industrial ∪ reassentamento),Pixel novo em t1 classificado por densidade de construído em t0 num disco de raio 90 m (limiar infill >= 0.5); leapfrog = densidade 0. n_pixels_novos=15.,proporção sensível a comissão do mapa; tende a inflar leapfrog (ver docstring do módulo).
forma_urbana,mwaladzi,2025,prop_leapfrog_desde_2020,0.0282,fracao_pixels_novos,observado,A,Classificação própria (urbano ∪ industrial ∪ reassentamento),Pixel novo em t1 classificado por densidade de construído em t0 num disco de raio 90 m (limiar infill >= 0.5); leapfrog = densidade 0. n_pixels_novos=213.,proporção sensível a comissão do mapa; tende a inflar leapfrog (ver docstring do módulo).
forma_urbana,mwaladzi,2023,regularidade_espacamento_cv,3.7633,adimensional_cv,observado,A,"Google Open Buildings v3, recorte AOI — data/raw/open_buildings_v3_aoi.csv (ver data/raw/open_buildings_v3_aoi.csv.meta.json)","Google Open Buildings v3, edificações atribuídas ao ponto-sede mais próximo (mesma partição de Voronoi das demais métricas de forma urbana), confidence >= 0,65 (piso do próprio recorte, ver docstring).","Coeficiente de variação da distância ao vizinho mais próximo entre edificações. Menor = espaçamento mais uniforme (malha regular, proxy de formal); maior = espaçamento errático (proxy de informal). Componente de rede viária OSM NÃO incluída — não há extrator de malha viária OSM neste repositório (ver docstring do módulo). Proxy parcial, só geometria de edificação. Epoch de Open Buildings v3 aproximado como 2023 (Google não publica data de aquisição por edifício nesta AOI). Não é série temporal — comparável só ao ano informado. Sensível à comissão do mapa (ADR 0009, acurácia do usuário do construído = 0,27-0,63): não interpretar como medição absoluta livre de erro."
forma_urbana,mwaladzi,2023,regularidade_tamanho_cv,1.1068,adimensional_cv,observado,A,"Google Open Buildings v3, recorte AOI — data/raw/open_buildings_v3_aoi.csv (ver data/raw/open_buildings_v3_aoi.csv.meta.json)","Google Open Buildings v3, edificações atribuídas ao ponto-sede mais próximo (mesma partição de Voronoi das demais métricas de forma urbana), confidence >= 0,65 (piso do próprio recorte, ver docstring).","Coeficiente de variação (desvio-padrão/média) da área das edificações. Menor = tamanhos mais homogêneos = proxy de malha mais regular/planejada; maior = mistura de portes = proxy de informalidade. Proxy indireto, não validado em campo. Epoch de Open Buildings v3 aproximado como 2023 (Google não publica data de aquisição por edifício nesta AOI). Não é série temporal — comparável só ao ano informado. Sensível à comissão do mapa (ADR 0009, acurácia do usuário do construído = 0,27-0,63): não interpretar como medição absoluta livre de erro."
forma_urbana,tete,2000,area_km2_assentamento_wsf,24.7752,km2,observado,A,"WSF Evolution (DLR), 30 m, ano de primeira detecção — data/raw/wsf_evolution_*.tif","Área cumulativa (ano de detecção <= ano-âncora) do WSF Evolution, menos pegada industrial (Maus et al. 2022 + 150 m), atribuída ao ponto-sede mais próximo (partição de Voronoi entre tete/moatize/cateme/mwaladzi). Ver docstring de pipeline/02_metrics/_common.py.",Robusta à comissão do mapa (ADR 0009): fonte é o WSF Evolution ou uma métrica declarada robusta a falsos positivos dispersos (direção/tipologia de expansão).
forma_urbana,tete,2005,area_km2_assentamento_wsf,28.7676,km2,observado,A,"WSF Evolution (DLR), 30 m, ano de primeira detecção — data/raw/wsf_evolution_*.tif","Área cumulativa (ano de detecção <= ano-âncora) do WSF Evolution, menos pegada industrial (Maus et al. 2022 + 150 m), atribuída ao ponto-sede mais próximo (partição de Voronoi entre tete/moatize/cateme/mwaladzi). Ver docstring de pipeline/02_metrics/_common.py.",Robusta à comissão do mapa (ADR 0009): fonte é o WSF Evolution ou uma métrica declarada robusta a falsos positivos dispersos (direção/tipologia de expansão).
forma_urbana,tete,2010,area_km2_assentamento_wsf,32.6862,km2,observado,A,"WSF Evolution (DLR), 30 m, ano de primeira detecção — data/raw/wsf_evolution_*.tif","Área cumulativa (ano de detecção <= ano-âncora) do WSF Evolution, menos pegada industrial (Maus et al. 2022 + 150 m), atribuída ao ponto-sede mais próximo (partição de Voronoi entre tete/moatize/cateme/mwaladzi). Ver docstring de pipeline/02_metrics/_common.py.",Robusta à comissão do mapa (ADR 0009): fonte é o WSF Evolution ou uma métrica declarada robusta a falsos positivos dispersos (direção/tipologia de expansão).
forma_urbana,tete,2015,area_km2_assentamento_wsf,39.4479,km2,observado,A,"WSF Evolution (DLR), 30 m, ano de primeira detecção — data/raw/wsf_evolution_*.tif","Área cumulativa (ano de detecção <= ano-âncora) do WSF Evolution, menos pegada industrial (Maus et al. 2022 + 150 m), atribuída ao ponto-sede mais próximo (partição de Voronoi entre tete/moatize/cateme/mwaladzi). Ver docstring de pipeline/02_metrics/_common.py.",Robusta à comissão do mapa (ADR 0009): fonte é o WSF Evolution ou uma métrica declarada robusta a falsos positivos dispersos (direção/tipologia de expansão).
forma_urbana,tete,2000,area_km2_urbano,11.2023,km2,observado,A,"Classificação própria (Random Forest, protocolo único todos os anos) — data/processed/imagery/urbano_2000_30m_32736.tif","Pixel classificado na camada, atribuído ao ponto-sede mais próximo (industrial não é atribuído — é a própria camada).","Área SENSÍVEL à comissão medida (acuracia_por_ano.csv: acurácia do usuário de construído = 0,27-0,63, ADR 0009). Não usar para CAGR nem para 'quanto cresceu' — só para a PROPORÇÃO entre camadas no mesmo ano/unidade."
forma_urbana,tete,2005,area_km2_urbano,16.7166,km2,observado,A,"Classificação própria (Random Forest, protocolo único todos os anos) — data/processed/imagery/urbano_2005_30m_32736.tif","Pixel classificado na camada, atribuído ao ponto-sede mais próximo (industrial não é atribuído — é a própria camada).","Área SENSÍVEL à comissão medida (acuracia_por_ano.csv: acurácia do usuário de construído = 0,27-0,63, ADR 0009). Não usar para CAGR nem para 'quanto cresceu' — só para a PROPORÇÃO entre camadas no mesmo ano/unidade."
forma_urbana,tete,2010,area_km2_urbano,23.6385,km2,observado,A,"Classificação própria (Random Forest, protocolo único todos os anos) — data/processed/imagery/urbano_2010_30m_32736.tif","Pixel classificado na camada, atribuído ao ponto-sede mais próximo (industrial não é atribuído — é a própria camada).","Área SENSÍVEL à comissão medida (acuracia_por_ano.csv: acurácia do usuário de construído = 0,27-0,63, ADR 0009). Não usar para CAGR nem para 'quanto cresceu' — só para a PROPORÇÃO entre camadas no mesmo ano/unidade. 2010 usa Landsat 7 SLC-off (docs/ADR/0005): 26,64% dos pixels da AOI têm menos de 4 observações válidas no composto de estação seca (data/interim/slc_off_2010_cobertura.csv). Métricas derivadas da classificação própria de 2010 (ou de período que usa 2010 como t0/t1) herdam essa cobertura desigual — não é um viés de comissão adicional, é ruído de amostragem de composto que pode inflar heterogeneidade espacial espúria (manchas, densidade de borda, tipologia)."
forma_urbana,tete,2015,area_km2_urbano,29.5398,km2,observado,A,"Classificação própria (Random Forest, protocolo único todos os anos) — data/processed/imagery/urbano_2015_30m_32736.tif","Pixel classificado na camada, atribuído ao ponto-sede mais próximo (industrial não é atribuído — é a própria camada).","Área SENSÍVEL à comissão medida (acuracia_por_ano.csv: acurácia do usuário de construído = 0,27-0,63, ADR 0009). Não usar para CAGR nem para 'quanto cresceu' — só para a PROPORÇÃO entre camadas no mesmo ano/unidade."
forma_urbana,tete,2020,area_km2_urbano,31.2993,km2,observado,A,"Classificação própria (Random Forest, protocolo único todos os anos) — data/processed/imagery/urbano_2020_30m_32736.tif","Pixel classificado na camada, atribuído ao ponto-sede mais próximo (industrial não é atribuído — é a própria camada).","Área SENSÍVEL à comissão medida (acuracia_por_ano.csv: acurácia do usuário de construído = 0,27-0,63, ADR 0009). Não usar para CAGR nem para 'quanto cresceu' — só para a PROPORÇÃO entre camadas no mesmo ano/unidade."
forma_urbana,tete,2025,area_km2_urbano,33.7419,km2,observado,A,"Classificação própria (Random Forest, protocolo único todos os anos) — data/processed/imagery/urbano_2025_30m_32736.tif","Pixel classificado na camada, atribuído ao ponto-sede mais próximo (industrial não é atribuído — é a própria camada).","Área SENSÍVEL à comissão medida (acuracia_por_ano.csv: acurácia do usuário de construído = 0,27-0,63, ADR 0009). Não usar para CAGR nem para 'quanto cresceu' — só para a PROPORÇÃO entre camadas no mesmo ano/unidade."
forma_urbana,tete,2023,area_media_edificacao_m2,45.9,m2,observado,A,"Google Open Buildings v3, recorte AOI — data/raw/open_buildings_v3_aoi.csv (ver data/raw/open_buildings_v3_aoi.csv.meta.json)","Google Open Buildings v3, edificações atribuídas ao ponto-sede mais próximo (mesma partição de Voronoi das demais métricas de forma urbana), confidence >= 0,65 (piso do próprio recorte, ver docstring).","Epoch de Open Buildings v3 aproximado como 2023 (Google não publica data de aquisição por edifício nesta AOI). Não é série temporal — comparável só ao ano informado. Sensível à comissão do mapa (ADR 0009, acurácia do usuário do construído = 0,27-0,63): não interpretar como medição absoluta livre de erro."
forma_urbana,tete,2000,area_media_manchas_km2_urbano,0.0612,km2,observado,A,pylandstats 3.1.0 sobre data/processed/imagery/urbano_2000_30m_32736.tif,"Landscape binário (classe=camada, res=30m), pylandstats.Landscape, neighborhood_rule='8' (padrão).","n_pixels_camada=12447. Sensível à comissão medida (acurácia do usuário 0,27-0,63, ADR 0009): comissão tende a inflar n_manchas/densidade_borda e a deprimir tamanho médio de mancha/largest_patch_index — direção declarada, magnitude não corrigida."
forma_urbana,tete,2005,area_media_manchas_km2_urbano,0.064,km2,observado,A,pylandstats 3.1.0 sobre data/processed/imagery/urbano_2005_30m_32736.tif,"Landscape binário (classe=camada, res=30m), pylandstats.Landscape, neighborhood_rule='8' (padrão).","n_pixels_camada=18574. Sensível à comissão medida (acurácia do usuário 0,27-0,63, ADR 0009): comissão tende a inflar n_manchas/densidade_borda e a deprimir tamanho médio de mancha/largest_patch_index — direção declarada, magnitude não corrigida."
forma_urbana,tete,2010,area_media_manchas_km2_urbano,0.0906,km2,observado,A,pylandstats 3.1.0 sobre data/processed/imagery/urbano_2010_30m_32736.tif,"Landscape binário (classe=camada, res=30m), pylandstats.Landscape, neighborhood_rule='8' (padrão).","n_pixels_camada=26265. Sensível à comissão medida (acurácia do usuário 0,27-0,63, ADR 0009): comissão tende a inflar n_manchas/densidade_borda e a deprimir tamanho médio de mancha/largest_patch_index — direção declarada, magnitude não corrigida. 2010 usa Landsat 7 SLC-off (docs/ADR/0005): 26,64% dos pixels da AOI têm menos de 4 observações válidas no composto de estação seca (data/interim/slc_off_2010_cobertura.csv). Métricas derivadas da classificação própria de 2010 (ou de período que usa 2010 como t0/t1) herdam essa cobertura desigual — não é um viés de comissão adicional, é ruído de amostragem de composto que pode inflar heterogeneidade espacial espúria (manchas, densidade de borda, tipologia)."
forma_urbana,tete,2015,area_media_manchas_km2_urbano,0.104,km2,observado,A,pylandstats 3.1.0 sobre data/processed/imagery/urbano_2015_30m_32736.tif,"Landscape binário (classe=camada, res=30m), pylandstats.Landscape, neighborhood_rule='8' (padrão).","n_pixels_camada=32822. Sensível à comissão medida (acurácia do usuário 0,27-0,63, ADR 0009): comissão tende a inflar n_manchas/densidade_borda e a deprimir tamanho médio de mancha/largest_patch_index — direção declarada, magnitude não corrigida."
forma_urbana,tete,2020,area_media_manchas_km2_urbano,0.1047,km2,observado,A,pylandstats 3.1.0 sobre data/processed/imagery/urbano_2020_30m_32736.tif,"Landscape binário (classe=camada, res=30m), pylandstats.Landscape, neighborhood_rule='8' (padrão).","n_pixels_camada=34777. Sensível à comissão medida (acurácia do usuário 0,27-0,63, ADR 0009): comissão tende a inflar n_manchas/densidade_borda e a deprimir tamanho médio de mancha/largest_patch_index — direção declarada, magnitude não corrigida."
forma_urbana,tete,2025,area_media_manchas_km2_urbano,0.1016,km2,observado,A,pylandstats 3.1.0 sobre data/processed/imagery/urbano_2025_30m_32736.tif,"Landscape binário (classe=camada, res=30m), pylandstats.Landscape, neighborhood_rule='8' (padrão).","n_pixels_camada=37491. Sensível à comissão medida (acurácia do usuário 0,27-0,63, ADR 0009): comissão tende a inflar n_manchas/densidade_borda e a deprimir tamanho médio de mancha/largest_patch_index — direção declarada, magnitude não corrigida."
forma_urbana,tete,2005,cagr_pct_ano_desde_2000_assentamento_wsf,3.0332,%/ano,observado,A,"WSF Evolution (DLR), 30 m, ano de primeira detecção — data/raw/wsf_evolution_*.tif","CAGR = (area(2005)/area(2000))^(1/5) - 1, sobre a série WSF acima.",Robusta à comissão do mapa (ADR 0009): fonte é o WSF Evolution ou uma métrica declarada robusta a falsos positivos dispersos (direção/tipologia de expansão).
forma_urbana,tete,2015,cagr_pct_ano_desde_2000_assentamento_wsf,3.1495,%/ano,observado,A,"WSF Evolution (DLR), 30 m, ano de primeira detecção — data/raw/wsf_evolution_*.tif",CAGR do intervalo inteiro observado pelo WSF: 2000-2015.,"Nota do ADR 0008: 2005-2010 e 2010-2015 têm a mesma mediana de observações da classificação própria (4) e são o trecho menos contaminado por viés de sensor — mas esta linha já é WSF, que não tem esse viés por construção; a nota vale para quem comparar com a série de classificação em paralelo. Robusta à comissão do mapa (ADR 0009): fonte é o WSF Evolution ou uma métrica declarada robusta a falsos positivos dispersos (direção/tipologia de expansão)."
forma_urbana,tete,2010,cagr_pct_ano_desde_2005_assentamento_wsf,2.587,%/ano,observado,A,"WSF Evolution (DLR), 30 m, ano de primeira detecção — data/raw/wsf_evolution_*.tif","CAGR = (area(2010)/area(2005))^(1/5) - 1, sobre a série WSF acima.",Robusta à comissão do mapa (ADR 0009): fonte é o WSF Evolution ou uma métrica declarada robusta a falsos positivos dispersos (direção/tipologia de expansão).
forma_urbana,tete,2015,cagr_pct_ano_desde_2010_assentamento_wsf,3.8322,%/ano,observado,A,"WSF Evolution (DLR), 30 m, ano de primeira detecção — data/raw/wsf_evolution_*.tif","CAGR = (area(2015)/area(2010))^(1/5) - 1, sobre a série WSF acima.",Robusta à comissão do mapa (ADR 0009): fonte é o WSF Evolution ou uma métrica declarada robusta a falsos positivos dispersos (direção/tipologia de expansão).
forma_urbana,tete,2005,concentracao_direcional_r_desde_2000,0.1531,adimensional_0_1,observado,A,WSF Evolution (DLR) — ano de primeira detecção,"Estatística circular (Rayleigh) do ângulo entre o centróide do construído em t0 (na unidade) e cada pixel novo em t1; 0°=Norte, sentido horário, 16 setores de 22,5°. n_pixels_novos=4436.",Robusta à comissão do mapa (ADR 0009): fonte é o WSF Evolution ou uma métrica declarada robusta a falsos positivos dispersos (direção/tipologia de expansão).
forma_urbana,tete,2010,concentracao_direcional_r_desde_2005,0.1052,adimensional_0_1,observado,A,WSF Evolution (DLR) — ano de primeira detecção,"Estatística circular (Rayleigh) do ângulo entre o centróide do construído em t0 (na unidade) e cada pixel novo em t1; 0°=Norte, sentido horário, 16 setores de 22,5°. n_pixels_novos=4354.",Robusta à comissão do mapa (ADR 0009): fonte é o WSF Evolution ou uma métrica declarada robusta a falsos positivos dispersos (direção/tipologia de expansão).
forma_urbana,tete,2015,concentracao_direcional_r_desde_2010,0.1447,adimensional_0_1,observado,A,WSF Evolution (DLR) — ano de primeira detecção,"Estatística circular (Rayleigh) do ângulo entre o centróide do construído em t0 (na unidade) e cada pixel novo em t1; 0°=Norte, sentido horário, 16 setores de 22,5°. n_pixels_novos=7513.",Robusta à comissão do mapa (ADR 0009): fonte é o WSF Evolution ou uma métrica declarada robusta a falsos positivos dispersos (direção/tipologia de expansão).
forma_urbana,tete,2020,concentracao_direcional_r_desde_2015,0.2447,adimensional_0_1,observado,A,Classificação própria (urbano ∪ industrial ∪ reassentamento),"Estatística circular (Rayleigh) do ângulo entre o centróide do construído em t0 (na unidade) e cada pixel novo em t1; 0°=Norte, sentido horário, 16 setores de 22,5°. n_pixels_novos=3059.",Robusta à comissão do mapa (ADR 0009): fonte é o WSF Evolution ou uma métrica declarada robusta a falsos positivos dispersos (direção/tipologia de expansão).
forma_urbana,tete,2025,concentracao_direcional_r_desde_2020,0.2616,adimensional_0_1,observado,A,Classificação própria (urbano ∪ industrial ∪ reassentamento),"Estatística circular (Rayleigh) do ângulo entre o centróide do construído em t0 (na unidade) e cada pixel novo em t1; 0°=Norte, sentido horário, 16 setores de 22,5°. n_pixels_novos=4397.",Robusta à comissão do mapa (ADR 0009): fonte é o WSF Evolution ou uma métrica declarada robusta a falsos positivos dispersos (direção/tipologia de expansão).
forma_urbana,tete,2000,densidade_borda_m_ha_urbano,0.822,m/ha,observado,A,pylandstats 3.1.0 sobre data/processed/imagery/urbano_2000_30m_32736.tif,"Landscape binário (classe=camada, res=30m), pylandstats.Landscape, neighborhood_rule='8' (padrão).","n_pixels_camada=12447. Sensível à comissão medida (acurácia do usuário 0,27-0,63, ADR 0009): comissão tende a inflar n_manchas/densidade_borda e a deprimir tamanho médio de mancha/largest_patch_index — direção declarada, magnitude não corrigida."
forma_urbana,tete,2005,densidade_borda_m_ha_urbano,1.2854,m/ha,observado,A,pylandstats 3.1.0 sobre data/processed/imagery/urbano_2005_30m_32736.tif,"Landscape binário (classe=camada, res=30m), pylandstats.Landscape, neighborhood_rule='8' (padrão).","n_pixels_camada=18574. Sensível à comissão medida (acurácia do usuário 0,27-0,63, ADR 0009): comissão tende a inflar n_manchas/densidade_borda e a deprimir tamanho médio de mancha/largest_patch_index — direção declarada, magnitude não corrigida."
forma_urbana,tete,2010,densidade_borda_m_ha_urbano,1.5355,m/ha,observado,A,pylandstats 3.1.0 sobre data/processed/imagery/urbano_2010_30m_32736.tif,"Landscape binário (classe=camada, res=30m), pylandstats.Landscape, neighborhood_rule='8' (padrão).","n_pixels_camada=26265. Sensível à comissão medida (acurácia do usuário 0,27-0,63, ADR 0009): comissão tende a inflar n_manchas/densidade_borda e a deprimir tamanho médio de mancha/largest_patch_index — direção declarada, magnitude não corrigida. 2010 usa Landsat 7 SLC-off (docs/ADR/0005): 26,64% dos pixels da AOI têm menos de 4 observações válidas no composto de estação seca (data/interim/slc_off_2010_cobertura.csv). Métricas derivadas da classificação própria de 2010 (ou de período que usa 2010 como t0/t1) herdam essa cobertura desigual — não é um viés de comissão adicional, é ruído de amostragem de composto que pode inflar heterogeneidade espacial espúria (manchas, densidade de borda, tipologia)."
forma_urbana,tete,2015,densidade_borda_m_ha_urbano,1.8371,m/ha,observado,A,pylandstats 3.1.0 sobre data/processed/imagery/urbano_2015_30m_32736.tif,"Landscape binário (classe=camada, res=30m), pylandstats.Landscape, neighborhood_rule='8' (padrão).","n_pixels_camada=32822. Sensível à comissão medida (acurácia do usuário 0,27-0,63, ADR 0009): comissão tende a inflar n_manchas/densidade_borda e a deprimir tamanho médio de mancha/largest_patch_index — direção declarada, magnitude não corrigida."
forma_urbana,tete,2020,densidade_borda_m_ha_urbano,1.8008,m/ha,observado,A,pylandstats 3.1.0 sobre data/processed/imagery/urbano_2020_30m_32736.tif,"Landscape binário (classe=camada, res=30m), pylandstats.Landscape, neighborhood_rule='8' (padrão).","n_pixels_camada=34777. Sensível à comissão medida (acurácia do usuário 0,27-0,63, ADR 0009): comissão tende a inflar n_manchas/densidade_borda e a deprimir tamanho médio de mancha/largest_patch_index — direção declarada, magnitude não corrigida."
forma_urbana,tete,2025,densidade_borda_m_ha_urbano,1.8638,m/ha,observado,A,pylandstats 3.1.0 sobre data/processed/imagery/urbano_2025_30m_32736.tif,"Landscape binário (classe=camada, res=30m), pylandstats.Landscape, neighborhood_rule='8' (padrão).","n_pixels_camada=37491. Sensível à comissão medida (acurácia do usuário 0,27-0,63, ADR 0009): comissão tende a inflar n_manchas/densidade_borda e a deprimir tamanho médio de mancha/largest_patch_index — direção declarada, magnitude não corrigida."
forma_urbana,tete,2023,densidade_edificacoes_km2,5253.67,edificacoes_por_km2,observado,A,"Google Open Buildings v3, recorte AOI — data/raw/open_buildings_v3_aoi.csv (ver data/raw/open_buildings_v3_aoi.csv.meta.json)","Google Open Buildings v3, edificações atribuídas ao ponto-sede mais próximo (mesma partição de Voronoi das demais métricas de forma urbana), confidence >= 0,65 (piso do próprio recorte, ver docstring).","Denominador: área construída (classificação própria, ano 2020, urbano+industrial+reassentamento) = 37.7262 km2 — SENSÍVEL à comissão medida (acurácia do usuário 0,27-0,63, ADR 0009) porque o denominador vem da classificação própria, não do WSF."
forma_urbana,tete,2005,direcao_expansao_graus_desde_2000,59.35,graus_a_partir_do_norte,observado,A,WSF Evolution (DLR) — ano de primeira detecção,"Estatística circular (Rayleigh) do ângulo entre o centróide do construído em t0 (na unidade) e cada pixel novo em t1; 0°=Norte, sentido horário, 16 setores de 22,5°. n_pixels_novos=4436.",Robusta à comissão do mapa (ADR 0009): fonte é o WSF Evolution ou uma métrica declarada robusta a falsos positivos dispersos (direção/tipologia de expansão).
forma_urbana,tete,2010,direcao_expansao_graus_desde_2005,199.16,graus_a_partir_do_norte,observado,A,WSF Evolution (DLR) — ano de primeira detecção,"Estatística circular (Rayleigh) do ângulo entre o centróide do construído em t0 (na unidade) e cada pixel novo em t1; 0°=Norte, sentido horário, 16 setores de 22,5°. n_pixels_novos=4354.",Robusta à comissão do mapa (ADR 0009): fonte é o WSF Evolution ou uma métrica declarada robusta a falsos positivos dispersos (direção/tipologia de expansão).
forma_urbana,tete,2015,direcao_expansao_graus_desde_2010,245.16,graus_a_partir_do_norte,observado,A,WSF Evolution (DLR) — ano de primeira detecção,"Estatística circular (Rayleigh) do ângulo entre o centróide do construído em t0 (na unidade) e cada pixel novo em t1; 0°=Norte, sentido horário, 16 setores de 22,5°. n_pixels_novos=7513.",Robusta à comissão do mapa (ADR 0009): fonte é o WSF Evolution ou uma métrica declarada robusta a falsos positivos dispersos (direção/tipologia de expansão).
forma_urbana,tete,2020,direcao_expansao_graus_desde_2015,107.28,graus_a_partir_do_norte,observado,A,Classificação própria (urbano ∪ industrial ∪ reassentamento),"Estatística circular (Rayleigh) do ângulo entre o centróide do construído em t0 (na unidade) e cada pixel novo em t1; 0°=Norte, sentido horário, 16 setores de 22,5°. n_pixels_novos=3059.",Robusta à comissão do mapa (ADR 0009): fonte é o WSF Evolution ou uma métrica declarada robusta a falsos positivos dispersos (direção/tipologia de expansão).
forma_urbana,tete,2025,direcao_expansao_graus_desde_2020,102.68,graus_a_partir_do_norte,observado,A,Classificação própria (urbano ∪ industrial ∪ reassentamento),"Estatística circular (Rayleigh) do ângulo entre o centróide do construído em t0 (na unidade) e cada pixel novo em t1; 0°=Norte, sentido horário, 16 setores de 22,5°. n_pixels_novos=4397.",Robusta à comissão do mapa (ADR 0009): fonte é o WSF Evolution ou uma métrica declarada robusta a falsos positivos dispersos (direção/tipologia de expansão).
forma_urbana,tete,2023,dist_media_vizinho_mais_proximo_m,10.6,m,observado,A,"Google Open Buildings v3, recorte AOI — data/raw/open_buildings_v3_aoi.csv (ver data/raw/open_buildings_v3_aoi.csv.meta.json)","Google Open Buildings v3, edificações atribuídas ao ponto-sede mais próximo (mesma partição de Voronoi das demais métricas de forma urbana), confidence >= 0,65 (piso do próprio recorte, ver docstring).","Epoch de Open Buildings v3 aproximado como 2023 (Google não publica data de aquisição por edifício nesta AOI). Não é série temporal — comparável só ao ano informado. Sensível à comissão do mapa (ADR 0009, acurácia do usuário do construído = 0,27-0,63): não interpretar como medição absoluta livre de erro."
forma_urbana,tete,2005,frac_novo_setor_00_desde_2000,0.1731,fracao_pixels_novos,observado,A,WSF Evolution (DLR) — ano de primeira detecção,"Setor 0 = [0.0°, 22.5°) a partir do Norte, sentido horário, sobre o mesmo vetor centróide-t0 -> pixel-novo-t1 da rosa de expansão (ver métrica direcao_expansao_graus).",Robusta à comissão do mapa (ADR 0009): fonte é o WSF Evolution ou uma métrica declarada robusta a falsos positivos dispersos (direção/tipologia de expansão).
forma_urbana,tete,2010,frac_novo_setor_00_desde_2005,0.0831,fracao_pixels_novos,observado,A,WSF Evolution (DLR) — ano de primeira detecção,"Setor 0 = [0.0°, 22.5°) a partir do Norte, sentido horário, sobre o mesmo vetor centróide-t0 -> pixel-novo-t1 da rosa de expansão (ver métrica direcao_expansao_graus).",Robusta à comissão do mapa (ADR 0009): fonte é o WSF Evolution ou uma métrica declarada robusta a falsos positivos dispersos (direção/tipologia de expansão).
forma_urbana,tete,2015,frac_novo_setor_00_desde_2010,0.1105,fracao_pixels_novos,observado,A,WSF Evolution (DLR) — ano de primeira detecção,"Setor 0 = [0.0°, 22.5°) a partir do Norte, sentido horário, sobre o mesmo vetor centróide-t0 -> pixel-novo-t1 da rosa de expansão (ver métrica direcao_expansao_graus).",Robusta à comissão do mapa (ADR 0009): fonte é o WSF Evolution ou uma métrica declarada robusta a falsos positivos dispersos (direção/tipologia de expansão).
forma_urbana,tete,2020,frac_novo_setor_00_desde_2015,0.0637,fracao_pixels_novos,observado,A,Classificação própria (urbano ∪ industrial ∪ reassentamento),"Setor 0 = [0.0°, 22.5°) a partir do Norte, sentido horário, sobre o mesmo vetor centróide-t0 -> pixel-novo-t1 da rosa de expansão (ver métrica direcao_expansao_graus).",Robusta à comissão do mapa (ADR 0009): fonte é o WSF Evolution ou uma métrica declarada robusta a falsos positivos dispersos (direção/tipologia de expansão).
forma_urbana,tete,2025,frac_novo_setor_00_desde_2020,0.0625,fracao_pixels_novos,observado,A,Classificação própria (urbano ∪ industrial ∪ reassentamento),"Setor 0 = [0.0°, 22.5°) a partir do Norte, sentido horário, sobre o mesmo vetor centróide-t0 -> pixel-novo-t1 da rosa de expansão (ver métrica direcao_expansao_graus).",Robusta à comissão do mapa (ADR 0009): fonte é o WSF Evolution ou uma métrica declarada robusta a falsos positivos dispersos (direção/tipologia de expansão).
forma_urbana,tete,2005,frac_novo_setor_01_desde_2000,0.0286,fracao_pixels_novos,observado,A,WSF Evolution (DLR) — ano de primeira detecção,"Setor 1 = [22.5°, 45.0°) a partir do Norte, sentido horário, sobre o mesmo vetor centróide-t0 -> pixel-novo-t1 da rosa de expansão (ver métrica direcao_expansao_graus).",Robusta à comissão do mapa (ADR 0009): fonte é o WSF Evolution ou uma métrica declarada robusta a falsos positivos dispersos (direção/tipologia de expansão).
forma_urbana,tete,2010,frac_novo_setor_01_desde_2005,0.0632,fracao_pixels_novos,observado,A,WSF Evolution (DLR) — ano de primeira detecção,"Setor 1 = [22.5°, 45.0°) a partir do Norte, sentido horário, sobre o mesmo vetor centróide-t0 -> pixel-novo-t1 da rosa de expansão (ver métrica direcao_expansao_graus).",Robusta à comissão do mapa (ADR 0009): fonte é o WSF Evolution ou uma métrica declarada robusta a falsos positivos dispersos (direção/tipologia de expansão).
forma_urbana,tete,2015,frac_novo_setor_01_desde_2010,0.0568,fracao_pixels_novos,observado,A,WSF Evolution (DLR) — ano de primeira detecção,"Setor 1 = [22.5°, 45.0°) a partir do Norte, sentido horário, sobre o mesmo vetor centróide-t0 -> pixel-novo-t1 da rosa de expansão (ver métrica direcao_expansao_graus).",Robusta à comissão do mapa (ADR 0009): fonte é o WSF Evolution ou uma métrica declarada robusta a falsos positivos dispersos (direção/tipologia de expansão).
forma_urbana,tete,2020,frac_novo_setor_01_desde_2015,0.0883,fracao_pixels_novos,observado,A,Classificação própria (urbano ∪ industrial ∪ reassentamento),"Setor 1 = [22.5°, 45.0°) a partir do Norte, sentido horário, sobre o mesmo vetor centróide-t0 -> pixel-novo-t1 da rosa de expansão (ver métrica direcao_expansao_graus).",Robusta à comissão do mapa (ADR 0009): fonte é o WSF Evolution ou uma métrica declarada robusta a falsos positivos dispersos (direção/tipologia de expansão).
forma_urbana,tete,2025,frac_novo_setor_01_desde_2020,0.0635,fracao_pixels_novos,observado,A,Classificação própria (urbano ∪ industrial ∪ reassentamento),"Setor 1 = [22.5°, 45.0°) a partir do Norte, sentido horário, sobre o mesmo vetor centróide-t0 -> pixel-novo-t1 da rosa de expansão (ver métrica direcao_expansao_graus).",Robusta à comissão do mapa (ADR 0009): fonte é o WSF Evolution ou uma métrica declarada robusta a falsos positivos dispersos (direção/tipologia de expansão).
forma_urbana,tete,2005,frac_novo_setor_02_desde_2000,0.1632,fracao_pixels_novos,observado,A,WSF Evolution (DLR) — ano de primeira detecção,"Setor 2 = [45.0°, 67.5°) a partir do Norte, sentido horário, sobre o mesmo vetor centróide-t0 -> pixel-novo-t1 da rosa de expansão (ver métrica direcao_expansao_graus).",Robusta à comissão do mapa (ADR 0009): fonte é o WSF Evolution ou uma métrica declarada robusta a falsos positivos dispersos (direção/tipologia de expansão).
forma_urbana,tete,2010,frac_novo_setor_02_desde_2005,0.0811,fracao_pixels_novos,observado,A,WSF Evolution (DLR) — ano de primeira detecção,"Setor 2 = [45.0°, 67.5°) a partir do Norte, sentido horário, sobre o mesmo vetor centróide-t0 -> pixel-novo-t1 da rosa de expansão (ver métrica direcao_expansao_graus).",Robusta à comissão do mapa (ADR 0009): fonte é o WSF Evolution ou uma métrica declarada robusta a falsos positivos dispersos (direção/tipologia de expansão).
forma_urbana,tete,2015,frac_novo_setor_02_desde_2010,0.0522,fracao_pixels_novos,observado,A,WSF Evolution (DLR) — ano de primeira detecção,"Setor 2 = [45.0°, 67.5°) a partir do Norte, sentido horário, sobre o mesmo vetor centróide-t0 -> pixel-novo-t1 da rosa de expansão (ver métrica direcao_expansao_graus).",Robusta à comissão do mapa (ADR 0009): fonte é o WSF Evolution ou uma métrica declarada robusta a falsos positivos dispersos (direção/tipologia de expansão).
forma_urbana,tete,2020,frac_novo_setor_02_desde_2015,0.0742,fracao_pixels_novos,observado,A,Classificação própria (urbano ∪ industrial ∪ reassentamento),"Setor 2 = [45.0°, 67.5°) a partir do Norte, sentido horário, sobre o mesmo vetor centróide-t0 -> pixel-novo-t1 da rosa de expansão (ver métrica direcao_expansao_graus).",Robusta à comissão do mapa (ADR 0009): fonte é o WSF Evolution ou uma métrica declarada robusta a falsos positivos dispersos (direção/tipologia de expansão).
forma_urbana,tete,2025,frac_novo_setor_02_desde_2020,0.0441,fracao_pixels_novos,observado,A,Classificação própria (urbano ∪ industrial ∪ reassentamento),"Setor 2 = [45.0°, 67.5°) a partir do Norte, sentido horário, sobre o mesmo vetor centróide-t0 -> pixel-novo-t1 da rosa de expansão (ver métrica direcao_expansao_graus).",Robusta à comissão do mapa (ADR 0009): fonte é o WSF Evolution ou uma métrica declarada robusta a falsos positivos dispersos (direção/tipologia de expansão).
forma_urbana,tete,2005,frac_novo_setor_03_desde_2000,0.1459,fracao_pixels_novos,observado,A,WSF Evolution (DLR) — ano de primeira detecção,"Setor 3 = [67.5°, 90.0°) a partir do Norte, sentido horário, sobre o mesmo vetor centróide-t0 -> pixel-novo-t1 da rosa de expansão (ver métrica direcao_expansao_graus).",Robusta à comissão do mapa (ADR 0009): fonte é o WSF Evolution ou uma métrica declarada robusta a falsos positivos dispersos (direção/tipologia de expansão).
forma_urbana,tete,2010,frac_novo_setor_03_desde_2005,0.1116,fracao_pixels_novos,observado,A,WSF Evolution (DLR) — ano de primeira detecção,"Setor 3 = [67.5°, 90.0°) a partir do Norte, sentido horário, sobre o mesmo vetor centróide-t0 -> pixel-novo-t1 da rosa de expansão (ver métrica direcao_expansao_graus).",Robusta à comissão do mapa (ADR 0009): fonte é o WSF Evolution ou uma métrica declarada robusta a falsos positivos dispersos (direção/tipologia de expansão).
forma_urbana,tete,2015,frac_novo_setor_03_desde_2010,0.0853,fracao_pixels_novos,observado,A,WSF Evolution (DLR) — ano de primeira detecção,"Setor 3 = [67.5°, 90.0°) a partir do Norte, sentido horário, sobre o mesmo vetor centróide-t0 -> pixel-novo-t1 da rosa de expansão (ver métrica direcao_expansao_graus).",Robusta à comissão do mapa (ADR 0009): fonte é o WSF Evolution ou uma métrica declarada robusta a falsos positivos dispersos (direção/tipologia de expansão).
forma_urbana,tete,2020,frac_novo_setor_03_desde_2015,0.1847,fracao_pixels_novos,observado,A,Classificação própria (urbano ∪ industrial ∪ reassentamento),"Setor 3 = [67.5°, 90.0°) a partir do Norte, sentido horário, sobre o mesmo vetor centróide-t0 -> pixel-novo-t1 da rosa de expansão (ver métrica direcao_expansao_graus).",Robusta à comissão do mapa (ADR 0009): fonte é o WSF Evolution ou uma métrica declarada robusta a falsos positivos dispersos (direção/tipologia de expansão).
forma_urbana,tete,2025,frac_novo_setor_03_desde_2020,0.1567,fracao_pixels_novos,observado,A,Classificação própria (urbano ∪ industrial ∪ reassentamento),"Setor 3 = [67.5°, 90.0°) a partir do Norte, sentido horário, sobre o mesmo vetor centróide-t0 -> pixel-novo-t1 da rosa de expansão (ver métrica direcao_expansao_graus).",Robusta à comissão do mapa (ADR 0009): fonte é o WSF Evolution ou uma métrica declarada robusta a falsos positivos dispersos (direção/tipologia de expansão).
forma_urbana,tete,2005,frac_novo_setor_04_desde_2000,0.0092,fracao_pixels_novos,observado,A,WSF Evolution (DLR) — ano de primeira detecção,"Setor 4 = [90.0°, 112.5°) a partir do Norte, sentido horário, sobre o mesmo vetor centróide-t0 -> pixel-novo-t1 da rosa de expansão (ver métrica direcao_expansao_graus).",Robusta à comissão do mapa (ADR 0009): fonte é o WSF Evolution ou uma métrica declarada robusta a falsos positivos dispersos (direção/tipologia de expansão).
forma_urbana,tete,2010,frac_novo_setor_04_desde_2005,0.017,fracao_pixels_novos,observado,A,WSF Evolution (DLR) — ano de primeira detecção,"Setor 4 = [90.0°, 112.5°) a partir do Norte, sentido horário, sobre o mesmo vetor centróide-t0 -> pixel-novo-t1 da rosa de expansão (ver métrica direcao_expansao_graus).",Robusta à comissão do mapa (ADR 0009): fonte é o WSF Evolution ou uma métrica declarada robusta a falsos positivos dispersos (direção/tipologia de expansão).
forma_urbana,tete,2015,frac_novo_setor_04_desde_2010,0.0228,fracao_pixels_novos,observado,A,WSF Evolution (DLR) — ano de primeira detecção,"Setor 4 = [90.0°, 112.5°) a partir do Norte, sentido horário, sobre o mesmo vetor centróide-t0 -> pixel-novo-t1 da rosa de expansão (ver métrica direcao_expansao_graus).",Robusta à comissão do mapa (ADR 0009): fonte é o WSF Evolution ou uma métrica declarada robusta a falsos positivos dispersos (direção/tipologia de expansão).
forma_urbana,tete,2020,frac_novo_setor_04_desde_2015,0.0262,fracao_pixels_novos,observado,A,Classificação própria (urbano ∪ industrial ∪ reassentamento),"Setor 4 = [90.0°, 112.5°) a partir do Norte, sentido horário, sobre o mesmo vetor centróide-t0 -> pixel-novo-t1 da rosa de expansão (ver métrica direcao_expansao_graus).",Robusta à comissão do mapa (ADR 0009): fonte é o WSF Evolution ou uma métrica declarada robusta a falsos positivos dispersos (direção/tipologia de expansão).
forma_urbana,tete,2025,frac_novo_setor_04_desde_2020,0.1123,fracao_pixels_novos,observado,A,Classificação própria (urbano ∪ industrial ∪ reassentamento),"Setor 4 = [90.0°, 112.5°) a partir do Norte, sentido horário, sobre o mesmo vetor centróide-t0 -> pixel-novo-t1 da rosa de expansão (ver métrica direcao_expansao_graus).",Robusta à comissão do mapa (ADR 0009): fonte é o WSF Evolution ou uma métrica declarada robusta a falsos positivos dispersos (direção/tipologia de expansão).
forma_urbana,tete,2005,frac_novo_setor_05_desde_2000,0.0095,fracao_pixels_novos,observado,A,WSF Evolution (DLR) — ano de primeira detecção,"Setor 5 = [112.5°, 135.0°) a partir do Norte, sentido horário, sobre o mesmo vetor centróide-t0 -> pixel-novo-t1 da rosa de expansão (ver métrica direcao_expansao_graus).",Robusta à comissão do mapa (ADR 0009): fonte é o WSF Evolution ou uma métrica declarada robusta a falsos positivos dispersos (direção/tipologia de expansão).
forma_urbana,tete,2010,frac_novo_setor_05_desde_2005,0.0099,fracao_pixels_novos,observado,A,WSF Evolution (DLR) — ano de primeira detecção,"Setor 5 = [112.5°, 135.0°) a partir do Norte, sentido horário, sobre o mesmo vetor centróide-t0 -> pixel-novo-t1 da rosa de expansão (ver métrica direcao_expansao_graus).",Robusta à comissão do mapa (ADR 0009): fonte é o WSF Evolution ou uma métrica declarada robusta a falsos positivos dispersos (direção/tipologia de expansão).
forma_urbana,tete,2015,frac_novo_setor_05_desde_2010,0.0176,fracao_pixels_novos,observado,A,WSF Evolution (DLR) — ano de primeira detecção,"Setor 5 = [112.5°, 135.0°) a partir do Norte, sentido horário, sobre o mesmo vetor centróide-t0 -> pixel-novo-t1 da rosa de expansão (ver métrica direcao_expansao_graus).",Robusta à comissão do mapa (ADR 0009): fonte é o WSF Evolution ou uma métrica declarada robusta a falsos positivos dispersos (direção/tipologia de expansão).
forma_urbana,tete,2020,frac_novo_setor_05_desde_2015,0.1236,fracao_pixels_novos,observado,A,Classificação própria (urbano ∪ industrial ∪ reassentamento),"Setor 5 = [112.5°, 135.0°) a partir do Norte, sentido horário, sobre o mesmo vetor centróide-t0 -> pixel-novo-t1 da rosa de expansão (ver métrica direcao_expansao_graus).",Robusta à comissão do mapa (ADR 0009): fonte é o WSF Evolution ou uma métrica declarada robusta a falsos positivos dispersos (direção/tipologia de expansão).
forma_urbana,tete,2025,frac_novo_setor_05_desde_2020,0.1437,fracao_pixels_novos,observado,A,Classificação própria (urbano ∪ industrial ∪ reassentamento),"Setor 5 = [112.5°, 135.0°) a partir do Norte, sentido horário, sobre o mesmo vetor centróide-t0 -> pixel-novo-t1 da rosa de expansão (ver métrica direcao_expansao_graus).",Robusta à comissão do mapa (ADR 0009): fonte é o WSF Evolution ou uma métrica declarada robusta a falsos positivos dispersos (direção/tipologia de expansão).
forma_urbana,tete,2005,frac_novo_setor_06_desde_2000,0.014,fracao_pixels_novos,observado,A,WSF Evolution (DLR) — ano de primeira detecção,"Setor 6 = [135.0°, 157.5°) a partir do Norte, sentido horário, sobre o mesmo vetor centróide-t0 -> pixel-novo-t1 da rosa de expansão (ver métrica direcao_expansao_graus).",Robusta à comissão do mapa (ADR 0009): fonte é o WSF Evolution ou uma métrica declarada robusta a falsos positivos dispersos (direção/tipologia de expansão).
forma_urbana,tete,2010,frac_novo_setor_06_desde_2005,0.0087,fracao_pixels_novos,observado,A,WSF Evolution (DLR) — ano de primeira detecção,"Setor 6 = [135.0°, 157.5°) a partir do Norte, sentido horário, sobre o mesmo vetor centróide-t0 -> pixel-novo-t1 da rosa de expansão (ver métrica direcao_expansao_graus).",Robusta à comissão do mapa (ADR 0009): fonte é o WSF Evolution ou uma métrica declarada robusta a falsos positivos dispersos (direção/tipologia de expansão).
forma_urbana,tete,2015,frac_novo_setor_06_desde_2010,0.0055,fracao_pixels_novos,observado,A,WSF Evolution (DLR) — ano de primeira detecção,"Setor 6 = [135.0°, 157.5°) a partir do Norte, sentido horário, sobre o mesmo vetor centróide-t0 -> pixel-novo-t1 da rosa de expansão (ver métrica direcao_expansao_graus).",Robusta à comissão do mapa (ADR 0009): fonte é o WSF Evolution ou uma métrica declarada robusta a falsos positivos dispersos (direção/tipologia de expansão).
forma_urbana,tete,2020,frac_novo_setor_06_desde_2015,0.0,fracao_pixels_novos,observado,A,Classificação própria (urbano ∪ industrial ∪ reassentamento),"Setor 6 = [135.0°, 157.5°) a partir do Norte, sentido horário, sobre o mesmo vetor centróide-t0 -> pixel-novo-t1 da rosa de expansão (ver métrica direcao_expansao_graus).",Robusta à comissão do mapa (ADR 0009): fonte é o WSF Evolution ou uma métrica declarada robusta a falsos positivos dispersos (direção/tipologia de expansão).
forma_urbana,tete,2025,frac_novo_setor_06_desde_2020,0.0002,fracao_pixels_novos,observado,A,Classificação própria (urbano ∪ industrial ∪ reassentamento),"Setor 6 = [135.0°, 157.5°) a partir do Norte, sentido horário, sobre o mesmo vetor centróide-t0 -> pixel-novo-t1 da rosa de expansão (ver métrica direcao_expansao_graus).",Robusta à comissão do mapa (ADR 0009): fonte é o WSF Evolution ou uma métrica declarada robusta a falsos positivos dispersos (direção/tipologia de expansão).
forma_urbana,tete,2005,frac_novo_setor_07_desde_2000,0.034,fracao_pixels_novos,observado,A,WSF Evolution (DLR) — ano de primeira detecção,"Setor 7 = [157.5°, 180.0°) a partir do Norte, sentido horário, sobre o mesmo vetor centróide-t0 -> pixel-novo-t1 da rosa de expansão (ver métrica direcao_expansao_graus).",Robusta à comissão do mapa (ADR 0009): fonte é o WSF Evolution ou uma métrica declarada robusta a falsos positivos dispersos (direção/tipologia de expansão).
forma_urbana,tete,2010,frac_novo_setor_07_desde_2005,0.0514,fracao_pixels_novos,observado,A,WSF Evolution (DLR) — ano de primeira detecção,"Setor 7 = [157.5°, 180.0°) a partir do Norte, sentido horário, sobre o mesmo vetor centróide-t0 -> pixel-novo-t1 da rosa de expansão (ver métrica direcao_expansao_graus).",Robusta à comissão do mapa (ADR 0009): fonte é o WSF Evolution ou uma métrica declarada robusta a falsos positivos dispersos (direção/tipologia de expansão).
forma_urbana,tete,2015,frac_novo_setor_07_desde_2010,0.0717,fracao_pixels_novos,observado,A,WSF Evolution (DLR) — ano de primeira detecção,"Setor 7 = [157.5°, 180.0°) a partir do Norte, sentido horário, sobre o mesmo vetor centróide-t0 -> pixel-novo-t1 da rosa de expansão (ver métrica direcao_expansao_graus).",Robusta à comissão do mapa (ADR 0009): fonte é o WSF Evolution ou uma métrica declarada robusta a falsos positivos dispersos (direção/tipologia de expansão).
forma_urbana,tete,2020,frac_novo_setor_07_desde_2015,0.015,fracao_pixels_novos,observado,A,Classificação própria (urbano ∪ industrial ∪ reassentamento),"Setor 7 = [157.5°, 180.0°) a partir do Norte, sentido horário, sobre o mesmo vetor centróide-t0 -> pixel-novo-t1 da rosa de expansão (ver métrica direcao_expansao_graus).",Robusta à comissão do mapa (ADR 0009): fonte é o WSF Evolution ou uma métrica declarada robusta a falsos positivos dispersos (direção/tipologia de expansão).
forma_urbana,tete,2025,frac_novo_setor_07_desde_2020,0.0064,fracao_pixels_novos,observado,A,Classificação própria (urbano ∪ industrial ∪ reassentamento),"Setor 7 = [157.5°, 180.0°) a partir do Norte, sentido horário, sobre o mesmo vetor centróide-t0 -> pixel-novo-t1 da rosa de expansão (ver métrica direcao_expansao_graus).",Robusta à comissão do mapa (ADR 0009): fonte é o WSF Evolution ou uma métrica declarada robusta a falsos positivos dispersos (direção/tipologia de expansão).
forma_urbana,tete,2005,frac_novo_setor_08_desde_2000,0.1335,fracao_pixels_novos,observado,A,WSF Evolution (DLR) — ano de primeira detecção,"Setor 8 = [180.0°, 202.5°) a partir do Norte, sentido horário, sobre o mesmo vetor centróide-t0 -> pixel-novo-t1 da rosa de expansão (ver métrica direcao_expansao_graus).",Robusta à comissão do mapa (ADR 0009): fonte é o WSF Evolution ou uma métrica declarada robusta a falsos positivos dispersos (direção/tipologia de expansão).
forma_urbana,tete,2010,frac_novo_setor_08_desde_2005,0.1562,fracao_pixels_novos,observado,A,WSF Evolution (DLR) — ano de primeira detecção,"Setor 8 = [180.0°, 202.5°) a partir do Norte, sentido horário, sobre o mesmo vetor centróide-t0 -> pixel-novo-t1 da rosa de expansão (ver métrica direcao_expansao_graus).",Robusta à comissão do mapa (ADR 0009): fonte é o WSF Evolution ou uma métrica declarada robusta a falsos positivos dispersos (direção/tipologia de expansão).
forma_urbana,tete,2015,frac_novo_setor_08_desde_2010,0.0836,fracao_pixels_novos,observado,A,WSF Evolution (DLR) — ano de primeira detecção,"Setor 8 = [180.0°, 202.5°) a partir do Norte, sentido horário, sobre o mesmo vetor centróide-t0 -> pixel-novo-t1 da rosa de expansão (ver métrica direcao_expansao_graus).",Robusta à comissão do mapa (ADR 0009): fonte é o WSF Evolution ou uma métrica declarada robusta a falsos positivos dispersos (direção/tipologia de expansão).
forma_urbana,tete,2020,frac_novo_setor_08_desde_2015,0.184,fracao_pixels_novos,observado,A,Classificação própria (urbano ∪ industrial ∪ reassentamento),"Setor 8 = [180.0°, 202.5°) a partir do Norte, sentido horário, sobre o mesmo vetor centróide-t0 -> pixel-novo-t1 da rosa de expansão (ver métrica direcao_expansao_graus).",Robusta à comissão do mapa (ADR 0009): fonte é o WSF Evolution ou uma métrica declarada robusta a falsos positivos dispersos (direção/tipologia de expansão).
forma_urbana,tete,2025,frac_novo_setor_08_desde_2020,0.1174,fracao_pixels_novos,observado,A,Classificação própria (urbano ∪ industrial ∪ reassentamento),"Setor 8 = [180.0°, 202.5°) a partir do Norte, sentido horário, sobre o mesmo vetor centróide-t0 -> pixel-novo-t1 da rosa de expansão (ver métrica direcao_expansao_graus).",Robusta à comissão do mapa (ADR 0009): fonte é o WSF Evolution ou uma métrica declarada robusta a falsos positivos dispersos (direção/tipologia de expansão).
forma_urbana,tete,2005,frac_novo_setor_09_desde_2000,0.0604,fracao_pixels_novos,observado,A,WSF Evolution (DLR) — ano de primeira detecção,"Setor 9 = [202.5°, 225.0°) a partir do Norte, sentido horário, sobre o mesmo vetor centróide-t0 -> pixel-novo-t1 da rosa de expansão (ver métrica direcao_expansao_graus).",Robusta à comissão do mapa (ADR 0009): fonte é o WSF Evolution ou uma métrica declarada robusta a falsos positivos dispersos (direção/tipologia de expansão).
forma_urbana,tete,2010,frac_novo_setor_09_desde_2005,0.1158,fracao_pixels_novos,observado,A,WSF Evolution (DLR) — ano de primeira detecção,"Setor 9 = [202.5°, 225.0°) a partir do Norte, sentido horário, sobre o mesmo vetor centróide-t0 -> pixel-novo-t1 da rosa de expansão (ver métrica direcao_expansao_graus).",Robusta à comissão do mapa (ADR 0009): fonte é o WSF Evolution ou uma métrica declarada robusta a falsos positivos dispersos (direção/tipologia de expansão).
forma_urbana,tete,2015,frac_novo_setor_09_desde_2010,0.1006,fracao_pixels_novos,observado,A,WSF Evolution (DLR) — ano de primeira detecção,"Setor 9 = [202.5°, 225.0°) a partir do Norte, sentido horário, sobre o mesmo vetor centróide-t0 -> pixel-novo-t1 da rosa de expansão (ver métrica direcao_expansao_graus).",Robusta à comissão do mapa (ADR 0009): fonte é o WSF Evolution ou uma métrica declarada robusta a falsos positivos dispersos (direção/tipologia de expansão).
forma_urbana,tete,2020,frac_novo_setor_09_desde_2015,0.0556,fracao_pixels_novos,observado,A,Classificação própria (urbano ∪ industrial ∪ reassentamento),"Setor 9 = [202.5°, 225.0°) a partir do Norte, sentido horário, sobre o mesmo vetor centróide-t0 -> pixel-novo-t1 da rosa de expansão (ver métrica direcao_expansao_graus).",Robusta à comissão do mapa (ADR 0009): fonte é o WSF Evolution ou uma métrica declarada robusta a falsos positivos dispersos (direção/tipologia de expansão).
forma_urbana,tete,2025,frac_novo_setor_09_desde_2020,0.0671,fracao_pixels_novos,observado,A,Classificação própria (urbano ∪ industrial ∪ reassentamento),"Setor 9 = [202.5°, 225.0°) a partir do Norte, sentido horário, sobre o mesmo vetor centróide-t0 -> pixel-novo-t1 da rosa de expansão (ver métrica direcao_expansao_graus).",Robusta à comissão do mapa (ADR 0009): fonte é o WSF Evolution ou uma métrica declarada robusta a falsos positivos dispersos (direção/tipologia de expansão).
forma_urbana,tete,2005,frac_novo_setor_10_desde_2000,0.0938,fracao_pixels_novos,observado,A,WSF Evolution (DLR) — ano de primeira detecção,"Setor 10 = [225.0°, 247.5°) a partir do Norte, sentido horário, sobre o mesmo vetor centróide-t0 -> pixel-novo-t1 da rosa de expansão (ver métrica direcao_expansao_graus).",Robusta à comissão do mapa (ADR 0009): fonte é o WSF Evolution ou uma métrica declarada robusta a falsos positivos dispersos (direção/tipologia de expansão).
forma_urbana,tete,2010,frac_novo_setor_10_desde_2005,0.1079,fracao_pixels_novos,observado,A,WSF Evolution (DLR) — ano de primeira detecção,"Setor 10 = [225.0°, 247.5°) a partir do Norte, sentido horário, sobre o mesmo vetor centróide-t0 -> pixel-novo-t1 da rosa de expansão (ver métrica direcao_expansao_graus).",Robusta à comissão do mapa (ADR 0009): fonte é o WSF Evolution ou uma métrica declarada robusta a falsos positivos dispersos (direção/tipologia de expansão).
forma_urbana,tete,2015,frac_novo_setor_10_desde_2010,0.1467,fracao_pixels_novos,observado,A,WSF Evolution (DLR) — ano de primeira detecção,"Setor 10 = [225.0°, 247.5°) a partir do Norte, sentido horário, sobre o mesmo vetor centróide-t0 -> pixel-novo-t1 da rosa de expansão (ver métrica direcao_expansao_graus).",Robusta à comissão do mapa (ADR 0009): fonte é o WSF Evolution ou uma métrica declarada robusta a falsos positivos dispersos (direção/tipologia de expansão).
forma_urbana,tete,2020,frac_novo_setor_10_desde_2015,0.0464,fracao_pixels_novos,observado,A,Classificação própria (urbano ∪ industrial ∪ reassentamento),"Setor 10 = [225.0°, 247.5°) a partir do Norte, sentido horário, sobre o mesmo vetor centróide-t0 -> pixel-novo-t1 da rosa de expansão (ver métrica direcao_expansao_graus).",Robusta à comissão do mapa (ADR 0009): fonte é o WSF Evolution ou uma métrica declarada robusta a falsos positivos dispersos (direção/tipologia de expansão).
forma_urbana,tete,2025,frac_novo_setor_10_desde_2020,0.0544,fracao_pixels_novos,observado,A,Classificação própria (urbano ∪ industrial ∪ reassentamento),"Setor 10 = [225.0°, 247.5°) a partir do Norte, sentido horário, sobre o mesmo vetor centróide-t0 -> pixel-novo-t1 da rosa de expansão (ver métrica direcao_expansao_graus).",Robusta à comissão do mapa (ADR 0009): fonte é o WSF Evolution ou uma métrica declarada robusta a falsos positivos dispersos (direção/tipologia de expansão).
forma_urbana,tete,2005,frac_novo_setor_11_desde_2000,0.0548,fracao_pixels_novos,observado,A,WSF Evolution (DLR) — ano de primeira detecção,"Setor 11 = [247.5°, 270.0°) a partir do Norte, sentido horário, sobre o mesmo vetor centróide-t0 -> pixel-novo-t1 da rosa de expansão (ver métrica direcao_expansao_graus).",Robusta à comissão do mapa (ADR 0009): fonte é o WSF Evolution ou uma métrica declarada robusta a falsos positivos dispersos (direção/tipologia de expansão).
forma_urbana,tete,2010,frac_novo_setor_11_desde_2005,0.074,fracao_pixels_novos,observado,A,WSF Evolution (DLR) — ano de primeira detecção,"Setor 11 = [247.5°, 270.0°) a partir do Norte, sentido horário, sobre o mesmo vetor centróide-t0 -> pixel-novo-t1 da rosa de expansão (ver métrica direcao_expansao_graus).",Robusta à comissão do mapa (ADR 0009): fonte é o WSF Evolution ou uma métrica declarada robusta a falsos positivos dispersos (direção/tipologia de expansão).
forma_urbana,tete,2015,frac_novo_setor_11_desde_2010,0.1318,fracao_pixels_novos,observado,A,WSF Evolution (DLR) — ano de primeira detecção,"Setor 11 = [247.5°, 270.0°) a partir do Norte, sentido horário, sobre o mesmo vetor centróide-t0 -> pixel-novo-t1 da rosa de expansão (ver métrica direcao_expansao_graus).",Robusta à comissão do mapa (ADR 0009): fonte é o WSF Evolution ou uma métrica declarada robusta a falsos positivos dispersos (direção/tipologia de expansão).
forma_urbana,tete,2020,frac_novo_setor_11_desde_2015,0.0409,fracao_pixels_novos,observado,A,Classificação própria (urbano ∪ industrial ∪ reassentamento),"Setor 11 = [247.5°, 270.0°) a partir do Norte, sentido horário, sobre o mesmo vetor centróide-t0 -> pixel-novo-t1 da rosa de expansão (ver métrica direcao_expansao_graus).",Robusta à comissão do mapa (ADR 0009): fonte é o WSF Evolution ou uma métrica declarada robusta a falsos positivos dispersos (direção/tipologia de expansão).
forma_urbana,tete,2025,frac_novo_setor_11_desde_2020,0.0473,fracao_pixels_novos,observado,A,Classificação própria (urbano ∪ industrial ∪ reassentamento),"Setor 11 = [247.5°, 270.0°) a partir do Norte, sentido horário, sobre o mesmo vetor centróide-t0 -> pixel-novo-t1 da rosa de expansão (ver métrica direcao_expansao_graus).",Robusta à comissão do mapa (ADR 0009): fonte é o WSF Evolution ou uma métrica declarada robusta a falsos positivos dispersos (direção/tipologia de expansão).
forma_urbana,tete,2005,frac_novo_setor_12_desde_2000,0.0212,fracao_pixels_novos,observado,A,WSF Evolution (DLR) — ano de primeira detecção,"Setor 12 = [270.0°, 292.5°) a partir do Norte, sentido horário, sobre o mesmo vetor centróide-t0 -> pixel-novo-t1 da rosa de expansão (ver métrica direcao_expansao_graus).",Robusta à comissão do mapa (ADR 0009): fonte é o WSF Evolution ou uma métrica declarada robusta a falsos positivos dispersos (direção/tipologia de expansão).
forma_urbana,tete,2010,frac_novo_setor_12_desde_2005,0.0285,fracao_pixels_novos,observado,A,WSF Evolution (DLR) — ano de primeira detecção,"Setor 12 = [270.0°, 292.5°) a partir do Norte, sentido horário, sobre o mesmo vetor centróide-t0 -> pixel-novo-t1 da rosa de expansão (ver métrica direcao_expansao_graus).",Robusta à comissão do mapa (ADR 0009): fonte é o WSF Evolution ou uma métrica declarada robusta a falsos positivos dispersos (direção/tipologia de expansão).
forma_urbana,tete,2015,frac_novo_setor_12_desde_2010,0.0146,fracao_pixels_novos,observado,A,WSF Evolution (DLR) — ano de primeira detecção,"Setor 12 = [270.0°, 292.5°) a partir do Norte, sentido horário, sobre o mesmo vetor centróide-t0 -> pixel-novo-t1 da rosa de expansão (ver métrica direcao_expansao_graus).",Robusta à comissão do mapa (ADR 0009): fonte é o WSF Evolution ou uma métrica declarada robusta a falsos positivos dispersos (direção/tipologia de expansão).
forma_urbana,tete,2020,frac_novo_setor_12_desde_2015,0.0193,fracao_pixels_novos,observado,A,Classificação própria (urbano ∪ industrial ∪ reassentamento),"Setor 12 = [270.0°, 292.5°) a partir do Norte, sentido horário, sobre o mesmo vetor centróide-t0 -> pixel-novo-t1 da rosa de expansão (ver métrica direcao_expansao_graus).",Robusta à comissão do mapa (ADR 0009): fonte é o WSF Evolution ou uma métrica declarada robusta a falsos positivos dispersos (direção/tipologia de expansão).
forma_urbana,tete,2025,frac_novo_setor_12_desde_2020,0.0273,fracao_pixels_novos,observado,A,Classificação própria (urbano ∪ industrial ∪ reassentamento),"Setor 12 = [270.0°, 292.5°) a partir do Norte, sentido horário, sobre o mesmo vetor centróide-t0 -> pixel-novo-t1 da rosa de expansão (ver métrica direcao_expansao_graus).",Robusta à comissão do mapa (ADR 0009): fonte é o WSF Evolution ou uma métrica declarada robusta a falsos positivos dispersos (direção/tipologia de expansão).
forma_urbana,tete,2005,frac_novo_setor_13_desde_2000,0.0083,fracao_pixels_novos,observado,A,WSF Evolution (DLR) — ano de primeira detecção,"Setor 13 = [292.5°, 315.0°) a partir do Norte, sentido horário, sobre o mesmo vetor centróide-t0 -> pixel-novo-t1 da rosa de expansão (ver métrica direcao_expansao_graus).",Robusta à comissão do mapa (ADR 0009): fonte é o WSF Evolution ou uma métrica declarada robusta a falsos positivos dispersos (direção/tipologia de expansão).
forma_urbana,tete,2010,frac_novo_setor_13_desde_2005,0.0076,fracao_pixels_novos,observado,A,WSF Evolution (DLR) — ano de primeira detecção,"Setor 13 = [292.5°, 315.0°) a partir do Norte, sentido horário, sobre o mesmo vetor centróide-t0 -> pixel-novo-t1 da rosa de expansão (ver métrica direcao_expansao_graus).",Robusta à comissão do mapa (ADR 0009): fonte é o WSF Evolution ou uma métrica declarada robusta a falsos positivos dispersos (direção/tipologia de expansão).
forma_urbana,tete,2015,frac_novo_setor_13_desde_2010,0.0108,fracao_pixels_novos,observado,A,WSF Evolution (DLR) — ano de primeira detecção,"Setor 13 = [292.5°, 315.0°) a partir do Norte, sentido horário, sobre o mesmo vetor centróide-t0 -> pixel-novo-t1 da rosa de expansão (ver métrica direcao_expansao_graus).",Robusta à comissão do mapa (ADR 0009): fonte é o WSF Evolution ou uma métrica declarada robusta a falsos positivos dispersos (direção/tipologia de expansão).
forma_urbana,tete,2020,frac_novo_setor_13_desde_2015,0.0069,fracao_pixels_novos,observado,A,Classificação própria (urbano ∪ industrial ∪ reassentamento),"Setor 13 = [292.5°, 315.0°) a partir do Norte, sentido horário, sobre o mesmo vetor centróide-t0 -> pixel-novo-t1 da rosa de expansão (ver métrica direcao_expansao_graus).",Robusta à comissão do mapa (ADR 0009): fonte é o WSF Evolution ou uma métrica declarada robusta a falsos positivos dispersos (direção/tipologia de expansão).
forma_urbana,tete,2025,frac_novo_setor_13_desde_2020,0.0061,fracao_pixels_novos,observado,A,Classificação própria (urbano ∪ industrial ∪ reassentamento),"Setor 13 = [292.5°, 315.0°) a partir do Norte, sentido horário, sobre o mesmo vetor centróide-t0 -> pixel-novo-t1 da rosa de expansão (ver métrica direcao_expansao_graus).",Robusta à comissão do mapa (ADR 0009): fonte é o WSF Evolution ou uma métrica declarada robusta a falsos positivos dispersos (direção/tipologia de expansão).
forma_urbana,tete,2005,frac_novo_setor_14_desde_2000,0.0011,fracao_pixels_novos,observado,A,WSF Evolution (DLR) — ano de primeira detecção,"Setor 14 = [315.0°, 337.5°) a partir do Norte, sentido horário, sobre o mesmo vetor centróide-t0 -> pixel-novo-t1 da rosa de expansão (ver métrica direcao_expansao_graus).",Robusta à comissão do mapa (ADR 0009): fonte é o WSF Evolution ou uma métrica declarada robusta a falsos positivos dispersos (direção/tipologia de expansão).
forma_urbana,tete,2010,frac_novo_setor_14_desde_2005,0.0014,fracao_pixels_novos,observado,A,WSF Evolution (DLR) — ano de primeira detecção,"Setor 14 = [315.0°, 337.5°) a partir do Norte, sentido horário, sobre o mesmo vetor centróide-t0 -> pixel-novo-t1 da rosa de expansão (ver métrica direcao_expansao_graus).",Robusta à comissão do mapa (ADR 0009): fonte é o WSF Evolution ou uma métrica declarada robusta a falsos positivos dispersos (direção/tipologia de expansão).
forma_urbana,tete,2015,frac_novo_setor_14_desde_2010,0.0016,fracao_pixels_novos,observado,A,WSF Evolution (DLR) — ano de primeira detecção,"Setor 14 = [315.0°, 337.5°) a partir do Norte, sentido horário, sobre o mesmo vetor centróide-t0 -> pixel-novo-t1 da rosa de expansão (ver métrica direcao_expansao_graus).",Robusta à comissão do mapa (ADR 0009): fonte é o WSF Evolution ou uma métrica declarada robusta a falsos positivos dispersos (direção/tipologia de expansão).
forma_urbana,tete,2020,frac_novo_setor_14_desde_2015,0.0265,fracao_pixels_novos,observado,A,Classificação própria (urbano ∪ industrial ∪ reassentamento),"Setor 14 = [315.0°, 337.5°) a partir do Norte, sentido horário, sobre o mesmo vetor centróide-t0 -> pixel-novo-t1 da rosa de expansão (ver métrica direcao_expansao_graus).",Robusta à comissão do mapa (ADR 0009): fonte é o WSF Evolution ou uma métrica declarada robusta a falsos positivos dispersos (direção/tipologia de expansão).
forma_urbana,tete,2025,frac_novo_setor_14_desde_2020,0.0239,fracao_pixels_novos,observado,A,Classificação própria (urbano ∪ industrial ∪ reassentamento),"Setor 14 = [315.0°, 337.5°) a partir do Norte, sentido horário, sobre o mesmo vetor centróide-t0 -> pixel-novo-t1 da rosa de expansão (ver métrica direcao_expansao_graus).",Robusta à comissão do mapa (ADR 0009): fonte é o WSF Evolution ou uma métrica declarada robusta a falsos positivos dispersos (direção/tipologia de expansão).
forma_urbana,tete,2005,frac_novo_setor_15_desde_2000,0.0494,fracao_pixels_novos,observado,A,WSF Evolution (DLR) — ano de primeira detecção,"Setor 15 = [337.5°, 360.0°) a partir do Norte, sentido horário, sobre o mesmo vetor centróide-t0 -> pixel-novo-t1 da rosa de expansão (ver métrica direcao_expansao_graus).",Robusta à comissão do mapa (ADR 0009): fonte é o WSF Evolution ou uma métrica declarada robusta a falsos positivos dispersos (direção/tipologia de expansão).
forma_urbana,tete,2010,frac_novo_setor_15_desde_2005,0.0827,fracao_pixels_novos,observado,A,WSF Evolution (DLR) — ano de primeira detecção,"Setor 15 = [337.5°, 360.0°) a partir do Norte, sentido horário, sobre o mesmo vetor centróide-t0 -> pixel-novo-t1 da rosa de expansão (ver métrica direcao_expansao_graus).",Robusta à comissão do mapa (ADR 0009): fonte é o WSF Evolution ou uma métrica declarada robusta a falsos positivos dispersos (direção/tipologia de expansão).
forma_urbana,tete,2015,frac_novo_setor_15_desde_2010,0.088,fracao_pixels_novos,observado,A,WSF Evolution (DLR) — ano de primeira detecção,"Setor 15 = [337.5°, 360.0°) a partir do Norte, sentido horário, sobre o mesmo vetor centróide-t0 -> pixel-novo-t1 da rosa de expansão (ver métrica direcao_expansao_graus).",Robusta à comissão do mapa (ADR 0009): fonte é o WSF Evolution ou uma métrica declarada robusta a falsos positivos dispersos (direção/tipologia de expansão).
forma_urbana,tete,2020,frac_novo_setor_15_desde_2015,0.0448,fracao_pixels_novos,observado,A,Classificação própria (urbano ∪ industrial ∪ reassentamento),"Setor 15 = [337.5°, 360.0°) a partir do Norte, sentido horário, sobre o mesmo vetor centróide-t0 -> pixel-novo-t1 da rosa de expansão (ver métrica direcao_expansao_graus).",Robusta à comissão do mapa (ADR 0009): fonte é o WSF Evolution ou uma métrica declarada robusta a falsos positivos dispersos (direção/tipologia de expansão).
forma_urbana,tete,2025,frac_novo_setor_15_desde_2020,0.0671,fracao_pixels_novos,observado,A,Classificação própria (urbano ∪ industrial ∪ reassentamento),"Setor 15 = [337.5°, 360.0°) a partir do Norte, sentido horário, sobre o mesmo vetor centróide-t0 -> pixel-novo-t1 da rosa de expansão (ver métrica direcao_expansao_graus).",Robusta à comissão do mapa (ADR 0009): fonte é o WSF Evolution ou uma métrica declarada robusta a falsos positivos dispersos (direção/tipologia de expansão).
forma_urbana,tete,2000,indice_forma_medio_urbano,1.3436,adimensional,observado,A,pylandstats 3.1.0 sobre data/processed/imagery/urbano_2000_30m_32736.tif,"Landscape binário (classe=camada, res=30m), pylandstats.Landscape, neighborhood_rule='8' (padrão).","n_pixels_camada=12447. Sensível à comissão medida (acurácia do usuário 0,27-0,63, ADR 0009): comissão tende a inflar n_manchas/densidade_borda e a deprimir tamanho médio de mancha/largest_patch_index — direção declarada, magnitude não corrigida."
forma_urbana,tete,2005,indice_forma_medio_urbano,1.3354,adimensional,observado,A,pylandstats 3.1.0 sobre data/processed/imagery/urbano_2005_30m_32736.tif,"Landscape binário (classe=camada, res=30m), pylandstats.Landscape, neighborhood_rule='8' (padrão).","n_pixels_camada=18574. Sensível à comissão medida (acurácia do usuário 0,27-0,63, ADR 0009): comissão tende a inflar n_manchas/densidade_borda e a deprimir tamanho médio de mancha/largest_patch_index — direção declarada, magnitude não corrigida."
forma_urbana,tete,2010,indice_forma_medio_urbano,1.3287,adimensional,observado,A,pylandstats 3.1.0 sobre data/processed/imagery/urbano_2010_30m_32736.tif,"Landscape binário (classe=camada, res=30m), pylandstats.Landscape, neighborhood_rule='8' (padrão).","n_pixels_camada=26265. Sensível à comissão medida (acurácia do usuário 0,27-0,63, ADR 0009): comissão tende a inflar n_manchas/densidade_borda e a deprimir tamanho médio de mancha/largest_patch_index — direção declarada, magnitude não corrigida. 2010 usa Landsat 7 SLC-off (docs/ADR/0005): 26,64% dos pixels da AOI têm menos de 4 observações válidas no composto de estação seca (data/interim/slc_off_2010_cobertura.csv). Métricas derivadas da classificação própria de 2010 (ou de período que usa 2010 como t0/t1) herdam essa cobertura desigual — não é um viés de comissão adicional, é ruído de amostragem de composto que pode inflar heterogeneidade espacial espúria (manchas, densidade de borda, tipologia)."
forma_urbana,tete,2015,indice_forma_medio_urbano,1.3045,adimensional,observado,A,pylandstats 3.1.0 sobre data/processed/imagery/urbano_2015_30m_32736.tif,"Landscape binário (classe=camada, res=30m), pylandstats.Landscape, neighborhood_rule='8' (padrão).","n_pixels_camada=32822. Sensível à comissão medida (acurácia do usuário 0,27-0,63, ADR 0009): comissão tende a inflar n_manchas/densidade_borda e a deprimir tamanho médio de mancha/largest_patch_index — direção declarada, magnitude não corrigida."
forma_urbana,tete,2020,indice_forma_medio_urbano,1.2745,adimensional,observado,A,pylandstats 3.1.0 sobre data/processed/imagery/urbano_2020_30m_32736.tif,"Landscape binário (classe=camada, res=30m), pylandstats.Landscape, neighborhood_rule='8' (padrão).","n_pixels_camada=34777. Sensível à comissão medida (acurácia do usuário 0,27-0,63, ADR 0009): comissão tende a inflar n_manchas/densidade_borda e a deprimir tamanho médio de mancha/largest_patch_index — direção declarada, magnitude não corrigida."
forma_urbana,tete,2025,indice_forma_medio_urbano,1.2669,adimensional,observado,A,pylandstats 3.1.0 sobre data/processed/imagery/urbano_2025_30m_32736.tif,"Landscape binário (classe=camada, res=30m), pylandstats.Landscape, neighborhood_rule='8' (padrão).","n_pixels_camada=37491. Sensível à comissão medida (acurácia do usuário 0,27-0,63, ADR 0009): comissão tende a inflar n_manchas/densidade_borda e a deprimir tamanho médio de mancha/largest_patch_index — direção declarada, magnitude não corrigida."
forma_urbana,tete,2000,largest_patch_index_pct_urbano,0.1803,%,observado,A,pylandstats 3.1.0 sobre data/processed/imagery/urbano_2000_30m_32736.tif,"Landscape binário (classe=camada, res=30m), pylandstats.Landscape, neighborhood_rule='8' (padrão).","n_pixels_camada=12447. Sensível à comissão medida (acurácia do usuário 0,27-0,63, ADR 0009): comissão tende a inflar n_manchas/densidade_borda e a deprimir tamanho médio de mancha/largest_patch_index — direção declarada, magnitude não corrigida."
forma_urbana,tete,2005,largest_patch_index_pct_urbano,0.1901,%,observado,A,pylandstats 3.1.0 sobre data/processed/imagery/urbano_2005_30m_32736.tif,"Landscape binário (classe=camada, res=30m), pylandstats.Landscape, neighborhood_rule='8' (padrão).","n_pixels_camada=18574. Sensível à comissão medida (acurácia do usuário 0,27-0,63, ADR 0009): comissão tende a inflar n_manchas/densidade_borda e a deprimir tamanho médio de mancha/largest_patch_index — direção declarada, magnitude não corrigida."
forma_urbana,tete,2010,largest_patch_index_pct_urbano,0.3427,%,observado,A,pylandstats 3.1.0 sobre data/processed/imagery/urbano_2010_30m_32736.tif,"Landscape binário (classe=camada, res=30m), pylandstats.Landscape, neighborhood_rule='8' (padrão).","n_pixels_camada=26265. Sensível à comissão medida (acurácia do usuário 0,27-0,63, ADR 0009): comissão tende a inflar n_manchas/densidade_borda e a deprimir tamanho médio de mancha/largest_patch_index — direção declarada, magnitude não corrigida. 2010 usa Landsat 7 SLC-off (docs/ADR/0005): 26,64% dos pixels da AOI têm menos de 4 observações válidas no composto de estação seca (data/interim/slc_off_2010_cobertura.csv). Métricas derivadas da classificação própria de 2010 (ou de período que usa 2010 como t0/t1) herdam essa cobertura desigual — não é um viés de comissão adicional, é ruído de amostragem de composto que pode inflar heterogeneidade espacial espúria (manchas, densidade de borda, tipologia)."
forma_urbana,tete,2015,largest_patch_index_pct_urbano,0.4444,%,observado,A,pylandstats 3.1.0 sobre data/processed/imagery/urbano_2015_30m_32736.tif,"Landscape binário (classe=camada, res=30m), pylandstats.Landscape, neighborhood_rule='8' (padrão).","n_pixels_camada=32822. Sensível à comissão medida (acurácia do usuário 0,27-0,63, ADR 0009): comissão tende a inflar n_manchas/densidade_borda e a deprimir tamanho médio de mancha/largest_patch_index — direção declarada, magnitude não corrigida."
forma_urbana,tete,2020,largest_patch_index_pct_urbano,0.4772,%,observado,A,pylandstats 3.1.0 sobre data/processed/imagery/urbano_2020_30m_32736.tif,"Landscape binário (classe=camada, res=30m), pylandstats.Landscape, neighborhood_rule='8' (padrão).","n_pixels_camada=34777. Sensível à comissão medida (acurácia do usuário 0,27-0,63, ADR 0009): comissão tende a inflar n_manchas/densidade_borda e a deprimir tamanho médio de mancha/largest_patch_index — direção declarada, magnitude não corrigida."
forma_urbana,tete,2025,largest_patch_index_pct_urbano,0.5244,%,observado,A,pylandstats 3.1.0 sobre data/processed/imagery/urbano_2025_30m_32736.tif,"Landscape binário (classe=camada, res=30m), pylandstats.Landscape, neighborhood_rule='8' (padrão).","n_pixels_camada=37491. Sensível à comissão medida (acurácia do usuário 0,27-0,63, ADR 0009): comissão tende a inflar n_manchas/densidade_borda e a deprimir tamanho médio de mancha/largest_patch_index — direção declarada, magnitude não corrigida."
forma_urbana,tete,2023,n_edificacoes,198201,contagem,observado,A,"Google Open Buildings v3, recorte AOI — data/raw/open_buildings_v3_aoi.csv (ver data/raw/open_buildings_v3_aoi.csv.meta.json)","Google Open Buildings v3, edificações atribuídas ao ponto-sede mais próximo (mesma partição de Voronoi das demais métricas de forma urbana), confidence >= 0,65 (piso do próprio recorte, ver docstring).","Epoch de Open Buildings v3 aproximado como 2023 (Google não publica data de aquisição por edifício nesta AOI). Não é série temporal — comparável só ao ano informado. confiança mín/méd/máx na unidade: 0.65/0.79/0.97. Sensível à comissão do mapa (ADR 0009, acurácia do usuário do construído = 0,27-0,63): não interpretar como medição absoluta livre de erro."
forma_urbana,tete,2000,n_manchas_urbano,183.0,n,observado,A,pylandstats 3.1.0 sobre data/processed/imagery/urbano_2000_30m_32736.tif,"Landscape binário (classe=camada, res=30m), pylandstats.Landscape, neighborhood_rule='8' (padrão).","n_pixels_camada=12447. Sensível à comissão medida (acurácia do usuário 0,27-0,63, ADR 0009): comissão tende a inflar n_manchas/densidade_borda e a deprimir tamanho médio de mancha/largest_patch_index — direção declarada, magnitude não corrigida."
forma_urbana,tete,2005,n_manchas_urbano,261.0,n,observado,A,pylandstats 3.1.0 sobre data/processed/imagery/urbano_2005_30m_32736.tif,"Landscape binário (classe=camada, res=30m), pylandstats.Landscape, neighborhood_rule='8' (padrão).","n_pixels_camada=18574. Sensível à comissão medida (acurácia do usuário 0,27-0,63, ADR 0009): comissão tende a inflar n_manchas/densidade_borda e a deprimir tamanho médio de mancha/largest_patch_index — direção declarada, magnitude não corrigida."
forma_urbana,tete,2010,n_manchas_urbano,261.0,n,observado,A,pylandstats 3.1.0 sobre data/processed/imagery/urbano_2010_30m_32736.tif,"Landscape binário (classe=camada, res=30m), pylandstats.Landscape, neighborhood_rule='8' (padrão).","n_pixels_camada=26265. Sensível à comissão medida (acurácia do usuário 0,27-0,63, ADR 0009): comissão tende a inflar n_manchas/densidade_borda e a deprimir tamanho médio de mancha/largest_patch_index — direção declarada, magnitude não corrigida. 2010 usa Landsat 7 SLC-off (docs/ADR/0005): 26,64% dos pixels da AOI têm menos de 4 observações válidas no composto de estação seca (data/interim/slc_off_2010_cobertura.csv). Métricas derivadas da classificação própria de 2010 (ou de período que usa 2010 como t0/t1) herdam essa cobertura desigual — não é um viés de comissão adicional, é ruído de amostragem de composto que pode inflar heterogeneidade espacial espúria (manchas, densidade de borda, tipologia)."
forma_urbana,tete,2015,n_manchas_urbano,284.0,n,observado,A,pylandstats 3.1.0 sobre data/processed/imagery/urbano_2015_30m_32736.tif,"Landscape binário (classe=camada, res=30m), pylandstats.Landscape, neighborhood_rule='8' (padrão).","n_pixels_camada=32822. Sensível à comissão medida (acurácia do usuário 0,27-0,63, ADR 0009): comissão tende a inflar n_manchas/densidade_borda e a deprimir tamanho médio de mancha/largest_patch_index — direção declarada, magnitude não corrigida."
forma_urbana,tete,2020,n_manchas_urbano,299.0,n,observado,A,pylandstats 3.1.0 sobre data/processed/imagery/urbano_2020_30m_32736.tif,"Landscape binário (classe=camada, res=30m), pylandstats.Landscape, neighborhood_rule='8' (padrão).","n_pixels_camada=34777. Sensível à comissão medida (acurácia do usuário 0,27-0,63, ADR 0009): comissão tende a inflar n_manchas/densidade_borda e a deprimir tamanho médio de mancha/largest_patch_index — direção declarada, magnitude não corrigida."
forma_urbana,tete,2025,n_manchas_urbano,332.0,n,observado,A,pylandstats 3.1.0 sobre data/processed/imagery/urbano_2025_30m_32736.tif,"Landscape binário (classe=camada, res=30m), pylandstats.Landscape, neighborhood_rule='8' (padrão).","n_pixels_camada=37491. Sensível à comissão medida (acurácia do usuário 0,27-0,63, ADR 0009): comissão tende a inflar n_manchas/densidade_borda e a deprimir tamanho médio de mancha/largest_patch_index — direção declarada, magnitude não corrigida."
forma_urbana,tete,2005,prop_borda_desde_2000,0.7302,fracao_pixels_novos,observado,A,WSF Evolution (DLR) — ano de primeira detecção,Pixel novo em t1 classificado por densidade de construído em t0 num disco de raio 90 m (limiar infill >= 0.5); leapfrog = densidade 0. n_pixels_novos=4436.,proporção sensível a comissão do mapa; tende a inflar leapfrog (ver docstring do módulo).
forma_urbana,tete,2010,prop_borda_desde_2005,0.698,fracao_pixels_novos,observado,A,WSF Evolution (DLR) — ano de primeira detecção,Pixel novo em t1 classificado por densidade de construído em t0 num disco de raio 90 m (limiar infill >= 0.5); leapfrog = densidade 0. n_pixels_novos=4354.,proporção sensível a comissão do mapa; tende a inflar leapfrog (ver docstring do módulo).
forma_urbana,tete,2015,prop_borda_desde_2010,0.7415,fracao_pixels_novos,observado,A,WSF Evolution (DLR) — ano de primeira detecção,Pixel novo em t1 classificado por densidade de construído em t0 num disco de raio 90 m (limiar infill >= 0.5); leapfrog = densidade 0. n_pixels_novos=7513.,proporção sensível a comissão do mapa; tende a inflar leapfrog (ver docstring do módulo).
forma_urbana,tete,2020,prop_borda_desde_2015,0.6381,fracao_pixels_novos,observado,A,Classificação própria (urbano ∪ industrial ∪ reassentamento),Pixel novo em t1 classificado por densidade de construído em t0 num disco de raio 90 m (limiar infill >= 0.5); leapfrog = densidade 0. n_pixels_novos=3059.,proporção sensível a comissão do mapa; tende a inflar leapfrog (ver docstring do módulo).
forma_urbana,tete,2025,prop_borda_desde_2020,0.6495,fracao_pixels_novos,observado,A,Classificação própria (urbano ∪ industrial ∪ reassentamento),Pixel novo em t1 classificado por densidade de construído em t0 num disco de raio 90 m (limiar infill >= 0.5); leapfrog = densidade 0. n_pixels_novos=4397.,proporção sensível a comissão do mapa; tende a inflar leapfrog (ver docstring do módulo).
forma_urbana,tete,2005,prop_infill_desde_2000,0.2275,fracao_pixels_novos,observado,A,WSF Evolution (DLR) — ano de primeira detecção,Pixel novo em t1 classificado por densidade de construído em t0 num disco de raio 90 m (limiar infill >= 0.5); leapfrog = densidade 0. n_pixels_novos=4436.,proporção sensível a comissão do mapa; tende a inflar leapfrog (ver docstring do módulo).
forma_urbana,tete,2010,prop_infill_desde_2005,0.2598,fracao_pixels_novos,observado,A,WSF Evolution (DLR) — ano de primeira detecção,Pixel novo em t1 classificado por densidade de construído em t0 num disco de raio 90 m (limiar infill >= 0.5); leapfrog = densidade 0. n_pixels_novos=4354.,proporção sensível a comissão do mapa; tende a inflar leapfrog (ver docstring do módulo).
forma_urbana,tete,2015,prop_infill_desde_2010,0.1595,fracao_pixels_novos,observado,A,WSF Evolution (DLR) — ano de primeira detecção,Pixel novo em t1 classificado por densidade de construído em t0 num disco de raio 90 m (limiar infill >= 0.5); leapfrog = densidade 0. n_pixels_novos=7513.,proporção sensível a comissão do mapa; tende a inflar leapfrog (ver docstring do módulo).
forma_urbana,tete,2020,prop_infill_desde_2015,0.2873,fracao_pixels_novos,observado,A,Classificação própria (urbano ∪ industrial ∪ reassentamento),Pixel novo em t1 classificado por densidade de construído em t0 num disco de raio 90 m (limiar infill >= 0.5); leapfrog = densidade 0. n_pixels_novos=3059.,proporção sensível a comissão do mapa; tende a inflar leapfrog (ver docstring do módulo).
forma_urbana,tete,2025,prop_infill_desde_2020,0.2343,fracao_pixels_novos,observado,A,Classificação própria (urbano ∪ industrial ∪ reassentamento),Pixel novo em t1 classificado por densidade de construído em t0 num disco de raio 90 m (limiar infill >= 0.5); leapfrog = densidade 0. n_pixels_novos=4397.,proporção sensível a comissão do mapa; tende a inflar leapfrog (ver docstring do módulo).
forma_urbana,tete,2005,prop_leapfrog_desde_2000,0.0424,fracao_pixels_novos,observado,A,WSF Evolution (DLR) — ano de primeira detecção,Pixel novo em t1 classificado por densidade de construído em t0 num disco de raio 90 m (limiar infill >= 0.5); leapfrog = densidade 0. n_pixels_novos=4436.,proporção sensível a comissão do mapa; tende a inflar leapfrog (ver docstring do módulo).
forma_urbana,tete,2010,prop_leapfrog_desde_2005,0.0423,fracao_pixels_novos,observado,A,WSF Evolution (DLR) — ano de primeira detecção,Pixel novo em t1 classificado por densidade de construído em t0 num disco de raio 90 m (limiar infill >= 0.5); leapfrog = densidade 0. n_pixels_novos=4354.,proporção sensível a comissão do mapa; tende a inflar leapfrog (ver docstring do módulo).
forma_urbana,tete,2015,prop_leapfrog_desde_2010,0.099,fracao_pixels_novos,observado,A,WSF Evolution (DLR) — ano de primeira detecção,Pixel novo em t1 classificado por densidade de construído em t0 num disco de raio 90 m (limiar infill >= 0.5); leapfrog = densidade 0. n_pixels_novos=7513.,proporção sensível a comissão do mapa; tende a inflar leapfrog (ver docstring do módulo).
forma_urbana,tete,2020,prop_leapfrog_desde_2015,0.0745,fracao_pixels_novos,observado,A,Classificação própria (urbano ∪ industrial ∪ reassentamento),Pixel novo em t1 classificado por densidade de construído em t0 num disco de raio 90 m (limiar infill >= 0.5); leapfrog = densidade 0. n_pixels_novos=3059.,proporção sensível a comissão do mapa; tende a inflar leapfrog (ver docstring do módulo).
forma_urbana,tete,2025,prop_leapfrog_desde_2020,0.1162,fracao_pixels_novos,observado,A,Classificação própria (urbano ∪ industrial ∪ reassentamento),Pixel novo em t1 classificado por densidade de construído em t0 num disco de raio 90 m (limiar infill >= 0.5); leapfrog = densidade 0. n_pixels_novos=4397.,proporção sensível a comissão do mapa; tende a inflar leapfrog (ver docstring do módulo).
forma_urbana,tete,2023,regularidade_espacamento_cv,2.0678,adimensional_cv,observado,A,"Google Open Buildings v3, recorte AOI — data/raw/open_buildings_v3_aoi.csv (ver data/raw/open_buildings_v3_aoi.csv.meta.json)","Google Open Buildings v3, edificações atribuídas ao ponto-sede mais próximo (mesma partição de Voronoi das demais métricas de forma urbana), confidence >= 0,65 (piso do próprio recorte, ver docstring).","Coeficiente de variação da distância ao vizinho mais próximo entre edificações. Menor = espaçamento mais uniforme (malha regular, proxy de formal); maior = espaçamento errático (proxy de informal). Componente de rede viária OSM NÃO incluída — não há extrator de malha viária OSM neste repositório (ver docstring do módulo). Proxy parcial, só geometria de edificação. Epoch de Open Buildings v3 aproximado como 2023 (Google não publica data de aquisição por edifício nesta AOI). Não é série temporal — comparável só ao ano informado. Sensível à comissão do mapa (ADR 0009, acurácia do usuário do construído = 0,27-0,63): não interpretar como medição absoluta livre de erro."
forma_urbana,tete,2023,regularidade_tamanho_cv,2.2071,adimensional_cv,observado,A,"Google Open Buildings v3, recorte AOI — data/raw/open_buildings_v3_aoi.csv (ver data/raw/open_buildings_v3_aoi.csv.meta.json)","Google Open Buildings v3, edificações atribuídas ao ponto-sede mais próximo (mesma partição de Voronoi das demais métricas de forma urbana), confidence >= 0,65 (piso do próprio recorte, ver docstring).","Coeficiente de variação (desvio-padrão/média) da área das edificações. Menor = tamanhos mais homogêneos = proxy de malha mais regular/planejada; maior = mistura de portes = proxy de informalidade. Proxy indireto, não validado em campo. Epoch de Open Buildings v3 aproximado como 2023 (Google não publica data de aquisição por edifício nesta AOI). Não é série temporal — comparável só ao ano informado. Sensível à comissão do mapa (ADR 0009, acurácia do usuário do construído = 0,27-0,63): não interpretar como medição absoluta livre de erro."
