{"type":"FeatureCollection","features":[{"type":"Feature","properties":{"classe_codigo":4,"classe":"expansao_nova","f_2020":0.0,"f_2025":0.078125,"S1":0.192148,"S2":-0.001995,"S3":-0.052647,"concordancia":1,"fracao_industrial":0.0,"anel":"periurbano_1_3km","dist_borda_urbano_2025_m":90.0,"unidade":"moatize_vila","area_km2":0.1152},"geometry":{"type":"Polygon","coordinates":[[[33.757076,-16.001418],[33.757093,-16.005757],[33.759336,-16.005749],[33.759319,-16.00141],[33.757076,-16.001418]]]}},{"type":"Feature","properties":{"classe_codigo":4,"classe":"expansao_nova","f_2020":0.0,"f_2025":0.03125,"S1":0.056811,"S2":-0.001995,"S3":-0.052647,"concordancia":1,"fracao_industrial":0.0,"anel":"periurbano_0_1km","dist_borda_urbano_2025_m":67.08,"unidade":"moatize_vila","area_km2":0.0576},"geometry":{"type":"Polygon","coordinates":[[[33.759401,-16.023105],[33.75941,-16.025274],[33.761653,-16.025266],[33.761645,-16.023097],[33.759401,-16.023105]]]}},{"type":"Feature","properties":{"classe_codigo":2,"classe":"esparso_estavel","f_2020":0.03125,"f_2025":0.03125,"S1":-0.100238,"S2":-0.017917,"S3":0.523428,"concordancia":1,"fracao_industrial":0.0,"anel":"periurbano_0_1km","dist_borda_urbano_2025_m":94.87,"unidade":"tete","area_km2":0.0576},"geometry":{"type":"Polygon","coordinates":[[[33.597899,-16.027955],[33.597905,-16.030124],[33.600149,-16.030118],[33.600142,-16.027948],[33.597899,-16.027955]]]}},{"type":"Feature","properties":{"classe_codigo":2,"classe":"esparso_estavel","f_2020":0.03125,"f_2025":0.0625,"S1":-0.000595,"S2":-0.001995,"S3":-0.209697,"concordancia":0,"fracao_industrial":0.0,"anel":"periurbano_0_1km","dist_borda_urbano_2025_m":42.43,"unidade":"moatize_vila","area_km2":0.0576},"geometry":{"type":"Polygon","coordinates":[[[33.750445,-16.027475],[33.750453,-16.029645],[33.752696,-16.029637],[33.752688,-16.027467],[33.750445,-16.027475]]]}},{"type":"Feature","properties":{"classe_codigo":4,"classe":"expansao_nova","f_2020":0.0,"f_2025":0.03125,"S1":0.056811,"S2":-0.001995,"S3":-0.052647,"concordancia":1,"fracao_industrial":0.0,"anel":"periurbano_0_1km","dist_borda_urbano_2025_m":108.17,"unidade":"moatize_vila","area_km2":0.0576},"geometry":{"type":"Polygon","coordinates":[[[33.750453,-16.029645],[33.750461,-16.031814],[33.752704,-16.031807],[33.752696,-16.029637],[33.750453,-16.029645]]]}},{"type":"Feature","properties":{"classe_codigo":2,"classe":"esparso_estavel","f_2020":0.03125,"f_2025":0.03125,"S1":-0.100238,"S2":0.080967,"S3":-0.209697,"concordancia":1,"fracao_industrial":0.0,"anel":"periurbano_0_1km","dist_borda_urbano_2025_m":134.16,"unidade":"tete","area_km2":0.0576},"geometry":{"type":"Polygon","coordinates":[[[33.591188,-16.034482],[33.591194,-16.036652],[33.593438,-16.036645],[33.593432,-16.034476],[33.591188,-16.034482]]]}},{"type":"Feature","properties":{"classe_codigo":4,"classe":"expansao_nova","f_2020":0.0,"f_2025":0.0625,"S1":0.156454,"S2":-0.000322,"S3":0.398333,"concordancia":2,"fracao_industrial":0.0,"anel":"externo","dist_borda_urbano_2025_m":30.0,"unidade":"moatize_vila","area_km2":0.0576},"geometry":{"type":"Polygon","coordinates":[[[33.656269,-16.040801],[33.656276,-16.042971],[33.658519,-16.042964],[33.658512,-16.040795],[33.656269,-16.040801]]]}},{"type":"Feature","properties":{"classe_codigo":4,"classe":"expansao_nova","f_2020":0.0,"f_2025":0.09375,"S1":0.222189,"S2":-0.001995,"S3":-0.052647,"concordancia":1,"fracao_industrial":0.0,"anel":"periurbano_1_3km","dist_borda_urbano_2025_m":30.0,"unidade":"moatize_vila","area_km2":0.1152},"geometry":{"type":"Polygon","coordinates":[[[33.746007,-16.040508],[33.746023,-16.044847],[33.748266,-16.044839],[33.74825,-16.0405],[33.746007,-16.040508]]]}},{"type":"Feature","properties":{"classe_codigo":4,"classe":"expansao_nova","f_2020":0.0,"f_2025":0.03125,"S1":0.056811,"S2":0.004559,"S3":0.359465,"concordancia":3,"fracao_industrial":0.0,"anel":"periurbano_1_3km","dist_borda_urbano_2025_m":134.16,"unidade":"tete","area_km2":0.1152},"geometry":{"type":"Polygon","coordinates":[[[33.609168,-16.04528],[33.609182,-16.049619],[33.611425,-16.049612],[33.611412,-16.045273],[33.609168,-16.04528]]]}},{"type":"Feature","properties":{"classe_codigo":4,"classe":"expansao_nova","f_2020":0.0,"f_2025":0.03125,"S1":0.056811,"S2":0.086404,"S3":-0.052647,"concordancia":2,"fracao_industrial":0.0,"anel":"periurbano_0_1km","dist_borda_urbano_2025_m":120.0,"unidade":"tete","area_km2":0.0576},"geometry":{"type":"Polygon","coordinates":[[[33.613676,-16.051776],[33.613682,-16.053945],[33.615926,-16.053939],[33.615919,-16.051769],[33.613676,-16.051776]]]}},{"type":"Feature","properties":{"classe_codigo":2,"classe":"esparso_estavel","f_2020":0.046875,"f_2025":0.046875,"S1":-0.088638,"S2":-0.001995,"S3":-0.255503,"concordancia":0,"fracao_industrial":0.0,"anel":"periurbano_0_1km","dist_borda_urbano_2025_m":84.85,"unidade":"moatize_vila","area_km2":0.0576},"geometry":{"type":"Polygon","coordinates":[[[33.719132,-16.053617],[33.71914,-16.055787],[33.721383,-16.055779],[33.721376,-16.05361],[33.719132,-16.053617]]]}},{"type":"Feature","properties":{"classe_codigo":4,"classe":"expansao_nova","f_2020":0.015625,"f_2025":0.078125,"S1":0.101725,"S2":-0.001995,"S3":-0.14307,"concordancia":1,"fracao_industrial":0.0,"anel":"periurbano_0_1km","dist_borda_urbano_2025_m":30.0,"unidade":"moatize_vila","area_km2":0.0576},"geometry":{"type":"Polygon","coordinates":[[[33.721376,-16.05361],[33.721383,-16.055779],[33.723627,-16.055772],[33.723619,-16.053602],[33.721376,-16.05361]]]}},{"type":"Feature","properties":{"classe_codigo":2,"classe":"esparso_estavel","f_2020":0.03125,"f_2025":0.03125,"S1":-0.100238,"S2":-0.002987,"S3":0.575138,"concordancia":1,"fracao_industrial":0.0,"anel":"periurbano_0_1km","dist_borda_urbano_2025_m":60.0,"unidade":"tete","area_km2":0.1152},"geometry":{"type":"Polygon","coordinates":[[[33.615932,-16.056108],[33.615939,-16.058278],[33.620427,-16.058265],[33.62042,-16.056095],[33.615932,-16.056108]]]}},{"type":"Feature","properties":{"classe_codigo":2,"classe":"esparso_estavel","f_2020":0.0625,"f_2025":0.0625,"S1":-0.076443,"S2":-0.001995,"S3":-0.285544,"concordancia":0,"fracao_industrial":0.0,"anel":"periurbano_0_1km","dist_borda_urbano_2025_m":60.0,"unidade":"moatize_vila","area_km2":0.0576},"geometry":{"type":"Polygon","coordinates":[[[33.721383,-16.055779],[33.721391,-16.057949],[33.723635,-16.057941],[33.723627,-16.055772],[33.721383,-16.055779]]]}},{"type":"Feature","properties":{"classe_codigo":4,"classe":"expansao_nova","f_2020":0.0,"f_2025":0.0625,"S1":0.156454,"S2":-0.001995,"S3":-0.052647,"concordancia":1,"fracao_industrial":0.0,"anel":"periurbano_0_1km","dist_borda_urbano_2025_m":30.0,"unidade":"moatize_vila","area_km2":0.1152},"geometry":{"type":"Polygon","coordinates":[[[33.714653,-16.055802],[33.714668,-16.060141],[33.716912,-16.060133],[33.716896,-16.055794],[33.714653,-16.055802]]]}},{"type":"Feature","properties":{"classe_codigo":2,"classe":"esparso_estavel","f_2020":0.0625,"f_2025":0.078125,"S1":-0.04075,"S2":-0.001995,"S3":-0.285544,"concordancia":0,"fracao_industrial":0.0,"anel":"periurbano_0_1km","dist_borda_urbano_2025_m":108.17,"unidade":"moatize_vila","area_km2":0.1152},"geometry":{"type":"Polygon","coordinates":[[[33.716896,-16.055794],[33.716912,-16.060133],[33.719155,-16.060126],[33.71914,-16.055787],[33.716896,-16.055794]]]}},{"type":"Feature","properties":{"classe_codigo":4,"classe":"expansao_nova","f_2020":0.0,"f_2025":0.03125,"S1":0.056811,"S2":-0.001995,"S3":0.409786,"concordancia":2,"fracao_industrial":0.0,"anel":"periurbano_0_1km","dist_borda_urbano_2025_m":60.0,"unidade":"moatize_vila","area_km2":0.0576},"geometry":{"type":"Polygon","coordinates":[[[33.71692,-16.062303],[33.716927,-16.064472],[33.719171,-16.064465],[33.719163,-16.062295],[33.71692,-16.062303]]]}},{"type":"Feature","properties":{"classe_codigo":2,"classe":"esparso_estavel","f_2020":0.046875,"f_2025":0.046875,"S1":-0.088638,"S2":-0.001995,"S3":-0.110266,"concordancia":0,"fracao_industrial":0.0,"anel":"periurbano_0_1km","dist_borda_urbano_2025_m":94.87,"unidade":"moatize_vila","area_km2":0.0576},"geometry":{"type":"Polygon","coordinates":[[[33.712448,-16.066657],[33.712455,-16.068826],[33.714699,-16.068819],[33.714691,-16.066649],[33.712448,-16.066657]]]}},{"type":"Feature","properties":{"classe_codigo":4,"classe":"expansao_nova","f_2020":0.0,"f_2025":0.078125,"S1":0.192148,"S2":-0.001995,"S3":-0.052647,"concordancia":1,"fracao_industrial":0.0,"anel":"periurbano_0_1km","dist_borda_urbano_2025_m":84.85,"unidade":"moatize_vila","area_km2":0.1728},"geometry":{"type":"Polygon","coordinates":[[[33.714691,-16.066649],[33.714699,-16.068819],[33.712455,-16.068826],[33.712463,-16.070996],[33.716951,-16.070981],[33.716935,-16.066642],[33.714691,-16.066649]]]}},{"type":"Feature","properties":{"classe_codigo":2,"classe":"esparso_estavel","f_2020":0.203125,"f_2025":0.203125,"S1":-0.045509,"S2":-0.006434,"S3":0.157019,"concordancia":0,"fracao_industrial":0.0,"anel":"periurbano_0_1km","dist_borda_urbano_2025_m":60.0,"unidade":"cateme","area_km2":0.1152},"geometry":{"type":"Polygon","coordinates":[[[33.977231,-16.07212],[33.977252,-16.076459],[33.979496,-16.076449],[33.979475,-16.07211],[33.977231,-16.07212]]]}},{"type":"Feature","properties":{"classe_codigo":2,"classe":"esparso_estavel","f_2020":0.03125,"f_2025":0.03125,"S1":-0.100238,"S2":-0.001995,"S3":-0.209697,"concordancia":0,"fracao_industrial":0.0,"anel":"periurbano_0_1km","dist_borda_urbano_2025_m":42.43,"unidade":"moatize_vila","area_km2":0.0576},"geometry":{"type":"Polygon","coordinates":[[[33.712479,-16.075335],[33.712486,-16.077504],[33.71473,-16.077497],[33.714722,-16.075327],[33.712479,-16.075335]]]}},{"type":"Feature","properties":{"classe_codigo":2,"classe":"esparso_estavel","f_2020":0.125,"f_2025":0.125,"S1":-0.061273,"S2":-0.007721,"S3":0.272753,"concordancia":0,"fracao_industrial":0.0,"anel":"periurbano_0_1km","dist_borda_urbano_2025_m":60.0,"unidade":"tete","area_km2":0.0576},"geometry":{"type":"Polygon","coordinates":[[[33.615999,-16.077804],[33.616006,-16.079973],[33.61825,-16.079967],[33.618243,-16.077797],[33.615999,-16.077804]]]}},{"type":"Feature","properties":{"classe_codigo":3,"classe":"adensando","f_2020":0.03125,"f_2025":0.03125,"S1":-0.100238,"S2":0.003153,"S3":0.526205,"concordancia":2,"fracao_industrial":0.0,"anel":"periurbano_0_1km","dist_borda_urbano_2025_m":120.0,"unidade":"cateme","area_km2":0.0576},"geometry":{"type":"Polygon","coordinates":[[[33.970532,-16.078659],[33.970542,-16.080828],[33.972786,-16.080818],[33.972776,-16.078649],[33.970532,-16.078659]]]}},{"type":"Feature","properties":{"classe_codigo":2,"classe":"esparso_estavel","f_2020":0.03125,"f_2025":0.03125,"S1":-0.100238,"S2":-0.008054,"S3":0.408558,"concordancia":1,"fracao_industrial":0.0,"anel":"periurbano_0_1km","dist_borda_urbano_2025_m":42.43,"unidade":"cateme","area_km2":0.0576},"geometry":{"type":"Polygon","coordinates":[[[33.986249,-16.080756],[33.986259,-16.082926],[33.988503,-16.082915],[33.988492,-16.080746],[33.986249,-16.080756]]]}},{"type":"Feature","properties":{"classe_codigo":4,"classe":"expansao_nova","f_2020":0.015625,"f_2025":0.078125,"S1":0.101725,"S2":-0.005423,"S3":0.488199,"concordancia":2,"fracao_industrial":0.0,"anel":"periurbano_0_1km","dist_borda_urbano_2025_m":740.95,"unidade":"cateme","area_km2":0.0576},"geometry":{"type":"Polygon","coordinates":[[[33.979528,-16.082957],[33.979539,-16.085126],[33.981782,-16.085116],[33.981772,-16.082946],[33.979528,-16.082957]]]}},{"type":"Feature","properties":{"classe_codigo":2,"classe":"esparso_estavel","f_2020":0.046875,"f_2025":0.046875,"S1":-0.088638,"S2":-0.001995,"S3":0.050241,"concordancia":0,"fracao_industrial":0.0,"anel":"periurbano_0_1km","dist_borda_urbano_2025_m":60.0,"unidade":"cateme","area_km2":0.0576},"geometry":{"type":"Polygon","coordinates":[[[33.914468,-16.085414],[33.914478,-16.087584],[33.916722,-16.087574],[33.916712,-16.085405],[33.914468,-16.085414]]]}},{"type":"Feature","properties":{"classe_codigo":3,"classe":"adensando","f_2020":0.0625,"f_2025":0.140625,"S1":0.048186,"S2":-0.005044,"S3":0.378346,"concordancia":2,"fracao_industrial":0.0,"anel":"periurbano_0_1km","dist_borda_urbano_2025_m":342.05,"unidade":"cateme","area_km2":0.0576},"geometry":{"type":"Polygon","coordinates":[[[33.966076,-16.085187],[33.966086,-16.087357],[33.96833,-16.087347],[33.96832,-16.085177],[33.966076,-16.085187]]]}},{"type":"Feature","properties":{"classe_codigo":3,"classe":"adensando","f_2020":0.0625,"f_2025":0.03125,"S1":-0.176086,"S2":0.001494,"S3":0.374529,"concordancia":2,"fracao_industrial":0.0,"anel":"periurbano_0_1km","dist_borda_urbano_2025_m":874.64,"unidade":"cateme","area_km2":0.1152},"geometry":{"type":"Polygon","coordinates":[[[33.979549,-16.087295],[33.97956,-16.089465],[33.984048,-16.089444],[33.984037,-16.087275],[33.979549,-16.087295]]]}},{"type":"Feature","properties":{"classe_codigo":4,"classe":"expansao_nova","f_2020":0.0,"f_2025":0.0625,"S1":0.156454,"S2":-0.015916,"S3":-0.052647,"concordancia":1,"fracao_industrial":0.0,"anel":"periurbano_0_1km","dist_borda_urbano_2025_m":30.0,"unidade":"moatize_vila","area_km2":0.0576},"geometry":{"type":"Polygon","coordinates":[[[33.694581,-16.09058],[33.694588,-16.09275],[33.696832,-16.092743],[33.696825,-16.090573],[33.694581,-16.09058]]]}},{"type":"Feature","properties":{"classe_codigo":4,"classe":"expansao_nova","f_2020":0.0,"f_2025":0.03125,"S1":0.056811,"S2":0.002698,"S3":0.739475,"concordancia":3,"fracao_industrial":0.0,"anel":"periurbano_1_3km","dist_borda_urbano_2025_m":60.0,"unidade":"moatize_vila","area_km2":0.0576},"geometry":{"type":"Polygon","coordinates":[[[33.78434,-16.09027],[33.784349,-16.092439],[33.786593,-16.092431],[33.786584,-16.090262],[33.78434,-16.09027]]]}},{"type":"Feature","properties":{"classe_codigo":4,"classe":"expansao_nova","f_2020":0.015625,"f_2025":0.046875,"S1":0.023795,"S2":0.005509,"S3":0.492363,"concordancia":3,"fracao_industrial":0.0,"anel":"periurbano_1_3km","dist_borda_urbano_2025_m":1087.47,"unidade":"cateme","area_km2":0.1152},"geometry":{"type":"Polygon","coordinates":[[[33.97956,-16.089465],[33.979571,-16.091634],[33.984058,-16.091614],[33.984048,-16.089444],[33.97956,-16.089465]]]}},{"type":"Feature","properties":{"classe_codigo":3,"classe":"adensando","f_2020":0.0625,"f_2025":0.25,"S1":0.146044,"S2":0.003723,"S3":0.142184,"concordancia":2,"fracao_industrial":0.0,"anel":"periurbano_1_3km","dist_borda_urbano_2025_m":1242.01,"unidade":"cateme","area_km2":0.1152},"geometry":{"type":"Polygon","coordinates":[[[33.975072,-16.089485],[33.975093,-16.093824],[33.977337,-16.093814],[33.977316,-16.089475],[33.975072,-16.089485]]]}},{"type":"Feature","properties":{"classe_codigo":2,"classe":"esparso_estavel","f_2020":0.09375,"f_2025":0.09375,"S1":-0.065437,"S2":-0.001287,"S3":-0.340274,"concordancia":0,"fracao_industrial":0.0,"anel":"periurbano_0_1km","dist_borda_urbano_2025_m":94.87,"unidade":"tete","area_km2":0.1152},"geometry":{"type":"Polygon","coordinates":[[[33.638487,-16.092925],[33.638494,-16.095094],[33.642982,-16.095081],[33.642975,-16.092911],[33.638487,-16.092925]]]}},{"type":"Feature","properties":{"classe_codigo":4,"classe":"expansao_nova","f_2020":0.0,"f_2025":0.078125,"S1":0.192148,"S2":-0.010788,"S3":-0.052647,"concordancia":1,"fracao_industrial":0.0,"anel":"periurbano_0_1km","dist_borda_urbano_2025_m":30.0,"unidade":"moatize_vila","area_km2":0.0576},"geometry":{"type":"Polygon","coordinates":[[[33.685612,-16.092779],[33.685619,-16.094948],[33.687863,-16.094941],[33.687856,-16.092772],[33.685612,-16.092779]]]}},{"type":"Feature","properties":{"classe_codigo":2,"classe":"esparso_estavel","f_2020":0.046875,"f_2025":0.046875,"S1":-0.088638,"S2":-0.010069,"S3":-0.255503,"concordancia":0,"fracao_industrial":0.0,"anel":"periurbano_0_1km","dist_borda_urbano_2025_m":60.0,"unidade":"moatize_vila","area_km2":0.0576},"geometry":{"type":"Polygon","coordinates":[[[33.703564,-16.092721],[33.703572,-16.09489],[33.705816,-16.094883],[33.705808,-16.092713],[33.703564,-16.092721]]]}},{"type":"Feature","properties":{"classe_codigo":3,"classe":"adensando","f_2020":0.046875,"f_2025":0.09375,"S1":0.019334,"S2":-0.003165,"S3":0.417237,"concordancia":2,"fracao_industrial":0.0,"anel":"periurbano_0_1km","dist_borda_urbano_2025_m":313.21,"unidade":"cateme","area_km2":0.0576},"geometry":{"type":"Polygon","coordinates":[[[33.966107,-16.091695],[33.966118,-16.093865],[33.968362,-16.093855],[33.968351,-16.091685],[33.966107,-16.091695]]]}},{"type":"Feature","properties":{"classe_codigo":3,"classe":"adensando","f_2020":0.109375,"f_2025":0.40625,"S1":0.157644,"S2":0.006273,"S3":0.328477,"concordancia":2,"fracao_industrial":0.0,"anel":"periurbano_1_3km","dist_borda_urbano_2025_m":1410.32,"unidade":"cateme","area_km2":0.0576},"geometry":{"type":"Polygon","coordinates":[[[33.979571,-16.091634],[33.979581,-16.093804],[33.981825,-16.093793],[33.981814,-16.091624],[33.979571,-16.091634]]]}},{"type":"Feature","properties":{"classe_codigo":2,"classe":"esparso_estavel","f_2020":0.03125,"f_2025":0.046875,"S1":-0.042832,"S2":0.008088,"S3":0.301495,"concordancia":1,"fracao_industrial":0.0,"anel":"periurbano_1_3km","dist_borda_urbano_2025_m":1309.73,"unidade":"cateme","area_km2":0.0576},"geometry":{"type":"Polygon","coordinates":[[[33.981814,-16.091624],[33.981825,-16.093793],[33.984069,-16.093783],[33.984058,-16.091614],[33.981814,-16.091624]]]}},{"type":"Feature","properties":{"classe_codigo":4,"classe":"expansao_nova","f_2020":0.0,"f_2025":0.046875,"S1":0.114218,"S2":-0.015281,"S3":-0.052647,"concordancia":1,"fracao_industrial":0.0,"anel":"periurbano_0_1km","dist_borda_urbano_2025_m":108.17,"unidade":"moatize_vila","area_km2":0.1728},"geometry":{"type":"Polygon","coordinates":[[[33.681124,-16.092793],[33.681131,-16.094963],[33.678887,-16.09497],[33.678895,-16.097139],[33.683383,-16.097125],[33.683368,-16.092786],[33.681124,-16.092793]]]}},{"type":"Feature","properties":{"classe_codigo":4,"classe":"expansao_nova","f_2020":0.0,"f_2025":0.03125,"S1":0.056811,"S2":-0.004619,"S3":0.243726,"concordancia":1,"fracao_industrial":0.0,"anel":"periurbano_0_1km","dist_borda_urbano_2025_m":161.55,"unidade":"cateme","area_km2":0.0576},"geometry":{"type":"Polygon","coordinates":[[[33.963874,-16.093875],[33.963884,-16.096044],[33.966128,-16.096034],[33.966118,-16.093865],[33.963874,-16.093875]]]}},{"type":"Feature","properties":{"classe_codigo":3,"classe":"adensando","f_2020":0.03125,"f_2025":0.078125,"S1":0.035098,"S2":0.001919,"S3":0.430768,"concordancia":3,"fracao_industrial":0.0,"anel":"periurbano_0_1km","dist_borda_urbano_2025_m":721.25,"unidade":"cateme","area_km2":0.0576},"geometry":{"type":"Polygon","coordinates":[[[33.970606,-16.093844],[33.970616,-16.096014],[33.97286,-16.096004],[33.97285,-16.093834],[33.970606,-16.093844]]]}},{"type":"Feature","properties":{"classe_codigo":3,"classe":"adensando","f_2020":0.0625,"f_2025":0.140625,"S1":0.048186,"S2":0.005662,"S3":0.346939,"concordancia":2,"fracao_industrial":0.0,"anel":"periurbano_1_3km","dist_borda_urbano_2025_m":1331.54,"unidade":"cateme","area_km2":0.0576},"geometry":{"type":"Polygon","coordinates":[[[33.977337,-16.093814],[33.977348,-16.095983],[33.979592,-16.095973],[33.979581,-16.093804],[33.977337,-16.093814]]]}},{"type":"Feature","properties":{"classe_codigo":4,"classe":"expansao_nova","f_2020":0.0,"f_2025":0.125,"S1":0.260559,"S2":-0.000961,"S3":0.682213,"concordancia":2,"fracao_industrial":0.0,"anel":"periurbano_0_1km","dist_borda_urbano_2025_m":60.0,"unidade":"tete","area_km2":0.1728},"geometry":{"type":"Polygon","coordinates":[[[33.642982,-16.095081],[33.642996,-16.09942],[33.647484,-16.099407],[33.647477,-16.097237],[33.645233,-16.097244],[33.645226,-16.095074],[33.642982,-16.095081]]]}},{"type":"Feature","properties":{"classe_codigo":2,"classe":"esparso_estavel","f_2020":0.53125,"f_2025":0.328125,"S1":-0.138608,"S2":-0.001137,"S3":0.09749,"concordancia":0,"fracao_industrial":0.0,"anel":"periurbano_0_1km","dist_borda_urbano_2025_m":823.77,"unidade":"cateme","area_km2":2.592},"geometry":{"type":"Polygon","coordinates":[[[33.968288,-16.078669],[33.968299,-16.080838],[33.963811,-16.080859],[33.963863,-16.091706],[33.96162,-16.091716],[33.961651,-16.098224],[33.963895,-16.098214],[33.963874,-16.093875],[33.966118,-16.093865],[33.966128,-16.096034],[33.970616,-16.096014],[33.970606,-16.093844],[33.97285,-16.093834],[33.97286,-16.096004],[33.975104,-16.095993],[33.975072,-16.089485],[33.977316,-16.089475],[33.977337,-16.093814],[33.979581,-16.093804],[33.979549,-16.087295],[33.981793,-16.087285],[33.981782,-16.085116],[33.979539,-16.085126],[33.979517,-16.080787],[33.97503,-16.080808],[33.97504,-16.082977],[33.972797,-16.082987],[33.972786,-16.080818],[33.970542,-16.080828],[33.970532,-16.078659],[33.968288,-16.078669]],[[33.966076,-16.085187],[33.96832,-16.085177],[33.96833,-16.087347],[33.966086,-16.087357],[33.966076,-16.085187]],[[33.966107,-16.091695],[33.968351,-16.091685],[33.968362,-16.093855],[33.966118,-16.093865],[33.966107,-16.091695]]]}},{"type":"Feature","properties":{"classe_codigo":2,"classe":"esparso_estavel","f_2020":0.03125,"f_2025":0.03125,"S1":-0.100238,"S2":-0.005712,"S3":0.433371,"concordancia":1,"fracao_industrial":0.0,"anel":"periurbano_0_1km","dist_borda_urbano_2025_m":134.16,"unidade":"moatize_vila","area_km2":0.0576},"geometry":{"type":"Polygon","coordinates":[[[33.719288,-16.097007],[33.719296,-16.099177],[33.72154,-16.099169],[33.721532,-16.097],[33.719288,-16.097007]]]}},{"type":"Feature","properties":{"classe_codigo":4,"classe":"expansao_nova","f_2020":0.015625,"f_2025":0.03125,"S1":-0.033611,"S2":0.004533,"S3":0.185405,"concordancia":1,"fracao_industrial":0.0,"anel":"periurbano_0_1km","dist_borda_urbano_2025_m":84.85,"unidade":"moatize_vila","area_km2":0.0576},"geometry":{"type":"Polygon","coordinates":[[[33.777634,-16.096803],[33.777642,-16.098973],[33.779886,-16.098964],[33.779878,-16.096795],[33.777634,-16.096803]]]}},{"type":"Feature","properties":{"classe_codigo":3,"classe":"adensando","f_2020":0.078125,"f_2025":0.140625,"S1":0.019334,"S2":0.004334,"S3":0.340645,"concordancia":2,"fracao_industrial":0.0,"anel":"periurbano_1_3km","dist_borda_urbano_2025_m":1026.16,"unidade":"cateme","area_km2":0.0576},"geometry":{"type":"Polygon","coordinates":[[[33.975104,-16.095993],[33.975115,-16.098163],[33.977359,-16.098152],[33.977348,-16.095983],[33.975104,-16.095993]]]}},{"type":"Feature","properties":{"classe_codigo":4,"classe":"expansao_nova","f_2020":0.015625,"f_2025":0.03125,"S1":-0.033611,"S2":0.005198,"S3":0.417923,"concordancia":2,"fracao_industrial":0.0,"anel":"periurbano_1_3km","dist_borda_urbano_2025_m":1259.29,"unidade":"cateme","area_km2":0.0576},"geometry":{"type":"Polygon","coordinates":[[[33.977348,-16.095983],[33.977359,-16.098152],[33.979602,-16.098142],[33.979592,-16.095973],[33.977348,-16.095983]]]}},{"type":"Feature","properties":{"classe_codigo":2,"classe":"esparso_estavel","f_2020":0.25,"f_2025":0.03125,"S1":-0.363772,"S2":0.002752,"S3":0.184934,"concordancia":1,"fracao_industrial":0.0,"anel":"periurbano_0_1km","dist_borda_urbano_2025_m":577.06,"unidade":"cateme","area_km2":0.1728},"geometry":{"type":"Polygon","coordinates":[[[33.970616,-16.096014],[33.970637,-16.100353],[33.975125,-16.100332],[33.975115,-16.098163],[33.972871,-16.098173],[33.97286,-16.096004],[33.970616,-16.096014]]]}},{"type":"Feature","properties":{"classe_codigo":4,"classe":"expansao_nova","f_2020":0.015625,"f_2025":0.0625,"S1":0.066032,"S2":-0.002192,"S3":0.450892,"concordancia":2,"fracao_industrial":0.0,"anel":"periurbano_0_1km","dist_borda_urbano_2025_m":84.85,"unidade":"moatize_vila","area_km2":0.0576},"geometry":{"type":"Polygon","coordinates":[[[33.692367,-16.099266],[33.692374,-16.101435],[33.694618,-16.101428],[33.694611,-16.099259],[33.692367,-16.099266]]]}},{"type":"Feature","properties":{"classe_codigo":3,"classe":"adensando","f_2020":0.0625,"f_2025":0.28125,"S1":0.165378,"S2":-0.004375,"S3":0.534515,"concordancia":2,"fracao_industrial":0.0,"anel":"periurbano_0_1km","dist_borda_urbano_2025_m":30.0,"unidade":"moatize_vila","area_km2":0.2304},"geometry":{"type":"Polygon","coordinates":[[[33.717044,-16.097015],[33.71706,-16.101354],[33.719304,-16.101346],[33.719312,-16.103516],[33.721556,-16.103508],[33.72154,-16.099169],[33.719296,-16.099177],[33.719288,-16.097007],[33.717044,-16.097015]]]}},{"type":"Feature","properties":{"classe_codigo":4,"classe":"expansao_nova","f_2020":0.0,"f_2025":0.0625,"S1":0.156454,"S2":-0.011294,"S3":-0.052647,"concordancia":1,"fracao_industrial":0.0,"anel":"periurbano_0_1km","dist_borda_urbano_2025_m":60.0,"unidade":"moatize_vila","area_km2":0.288},"geometry":{"type":"Polygon","coordinates":[[[33.674414,-16.099323],[33.674428,-16.103662],[33.678917,-16.103648],[33.678909,-16.101479],[33.681153,-16.101471],[33.681146,-16.099302],[33.674414,-16.099323]]]}},{"type":"Feature","properties":{"classe_codigo":4,"classe":"expansao_nova","f_2020":0.0,"f_2025":0.25,"S1":0.378941,"S2":-0.002763,"S3":0.598576,"concordancia":2,"fracao_industrial":0.0,"anel":"externo","dist_borda_urbano_2025_m":5208.78,"unidade":"mwaladzi","area_km2":0.2304},"geometry":{"type":"Polygon","coordinates":[[[34.028969,-16.09791],[34.02898,-16.10008],[34.031224,-16.100069],[34.031235,-16.102238],[34.033479,-16.102227],[34.033468,-16.100058],[34.035712,-16.100047],[34.0357,-16.097878],[34.028969,-16.09791]]]}},{"type":"Feature","properties":{"classe_codigo":2,"classe":"esparso_estavel","f_2020":0.03125,"f_2025":0.03125,"S1":-0.100238,"S2":-0.005735,"S3":0.663286,"concordancia":1,"fracao_industrial":0.0,"anel":"periurbano_0_1km","dist_borda_urbano_2025_m":94.87,"unidade":"tete","area_km2":0.0576},"geometry":{"type":"Polygon","coordinates":[[[33.618317,-16.101662],[33.618324,-16.103832],[33.620568,-16.103825],[33.620561,-16.101656],[33.618317,-16.101662]]]}},{"type":"Feature","properties":{"classe_codigo":4,"classe":"expansao_nova","f_2020":0.0,"f_2025":0.375,"S1":0.44765,"S2":-0.004107,"S3":-0.052647,"concordancia":1,"fracao_industrial":0.0,"anel":"periurbano_0_1km","dist_borda_urbano_2025_m":0.0,"unidade":"moatize_vila","area_km2":0.1728},"geometry":{"type":"Polygon","coordinates":[[[33.665444,-16.101521],[33.665452,-16.10369],[33.672184,-16.103669],[33.672177,-16.1015],[33.665444,-16.101521]]]}},{"type":"Feature","properties":{"classe_codigo":2,"classe":"esparso_estavel","f_2020":0.03125,"f_2025":0.140625,"S1":0.124033,"S2":-0.004825,"S3":-0.209697,"concordancia":1,"fracao_industrial":0.125,"anel":"periurbano_0_1km","dist_borda_urbano_2025_m":60.0,"unidade":"moatize_vila","area_km2":0.0576},"geometry":{"type":"Polygon","coordinates":[[[33.672177,-16.1015],[33.672184,-16.103669],[33.674428,-16.103662],[33.674421,-16.101493],[33.672177,-16.1015]]]}},{"type":"Feature","properties":{"classe_codigo":4,"classe":"expansao_nova","f_2020":0.015625,"f_2025":0.125,"S1":0.170137,"S2":-0.002229,"S3":0.471888,"concordancia":2,"fracao_industrial":0.0,"anel":"periurbano_0_1km","dist_borda_urbano_2025_m":30.0,"unidade":"moatize_vila","area_km2":0.0576},"geometry":{"type":"Polygon","coordinates":[[[33.694618,-16.101428],[33.694626,-16.103598],[33.69687,-16.10359],[33.696862,-16.101421],[33.694618,-16.101428]]]}},{"type":"Feature","properties":{"classe_codigo":3,"classe":"adensando","f_2020":0.03125,"f_2025":0.375,"S1":0.290601,"S2":-0.003447,"S3":0.622682,"concordancia":2,"fracao_industrial":0.0,"anel":"periurbano_0_1km","dist_borda_urbano_2025_m":0.0,"unidade":"moatize_vila","area_km2":0.0576},"geometry":{"type":"Polygon","coordinates":[[[33.705839,-16.101391],[33.705847,-16.103561],[33.708091,-16.103553],[33.708083,-16.101384],[33.705839,-16.101391]]]}},{"type":"Feature","properties":{"classe_codigo":4,"classe":"expansao_nova","f_2020":0.0,"f_2025":0.03125,"S1":0.056811,"S2":-0.003056,"S3":0.828838,"concordancia":2,"fracao_industrial":0.0,"anel":"periurbano_0_1km","dist_borda_urbano_2025_m":123.69,"unidade":"moatize_vila","area_km2":0.0576},"geometry":{"type":"Polygon","coordinates":[[[33.708083,-16.101384],[33.708091,-16.103553],[33.710335,-16.103546],[33.710327,-16.101376],[33.708083,-16.101384]]]}},{"type":"Feature","properties":{"classe_codigo":3,"classe":"adensando","f_2020":0.28125,"f_2025":0.375,"S1":0.011005,"S2":-0.003461,"S3":0.403993,"concordancia":2,"fracao_industrial":0.0,"anel":"intraurbano","dist_borda_urbano_2025_m":0.0,"unidade":"moatize_vila","area_km2":0.0576},"geometry":{"type":"Polygon","coordinates":[[[33.714815,-16.101361],[33.714823,-16.103531],[33.717067,-16.103523],[33.71706,-16.101354],[33.714815,-16.101361]]]}},{"type":"Feature","properties":{"classe_codigo":4,"classe":"expansao_nova","f_2020":0.015625,"f_2025":0.03125,"S1":-0.033611,"S2":-0.001995,"S3":0.34435,"concordancia":0,"fracao_industrial":0.0,"anel":"externo","dist_borda_urbano_2025_m":4657.06,"unidade":"mwaladzi","area_km2":0.0576},"geometry":{"type":"Polygon","coordinates":[[[34.024492,-16.100101],[34.024503,-16.10227],[34.026747,-16.10226],[34.026736,-16.10009],[34.024492,-16.100101]]]}},{"type":"Feature","properties":{"classe_codigo":2,"classe":"esparso_estavel","f_2020":0.0625,"f_2025":0.296875,"S1":0.174598,"S2":-0.002763,"S3":0.328546,"concordancia":1,"fracao_industrial":0.0,"anel":"externo","dist_borda_urbano_2025_m":5085.69,"unidade":"mwaladzi","area_km2":0.0576},"geometry":{"type":"Polygon","coordinates":[[[34.02898,-16.10008],[34.028991,-16.102249],[34.031235,-16.102238],[34.031224,-16.100069],[34.02898,-16.10008]]]}},{"type":"Feature","properties":{"classe_codigo":3,"classe":"adensando","f_2020":0.03125,"f_2025":0.234375,"S1":0.210589,"S2":-0.017039,"S3":0.426777,"concordancia":2,"fracao_industrial":0.0,"anel":"externo","dist_borda_urbano_2025_m":5522.77,"unidade":"mwaladzi","area_km2":0.0576},"geometry":{"type":"Polygon","coordinates":[[[34.033468,-16.100058],[34.033479,-16.102227],[34.035723,-16.102216],[34.035712,-16.100047],[34.033468,-16.100058]]]}},{"type":"Feature","properties":{"classe_codigo":4,"classe":"expansao_nova","f_2020":0.0,"f_2025":0.03125,"S1":0.056811,"S2":-0.003688,"S3":0.711885,"concordancia":2,"fracao_industrial":0.0,"anel":"periurbano_0_1km","dist_borda_urbano_2025_m":134.16,"unidade":"moatize_vila","area_km2":0.1152},"geometry":{"type":"Polygon","coordinates":[[[33.699107,-16.101413],[33.699122,-16.105752],[33.701366,-16.105745],[33.701351,-16.101406],[33.699107,-16.101413]]]}},{"type":"Feature","properties":{"classe_codigo":4,"classe":"expansao_nova","f_2020":0.0,"f_2025":0.0625,"S1":0.156454,"S2":-0.005532,"S3":-0.052647,"concordancia":1,"fracao_industrial":0.046875,"anel":"periurbano_0_1km","dist_borda_urbano_2025_m":30.0,"unidade":"moatize_vila","area_km2":0.0576},"geometry":{"type":"Polygon","coordinates":[[[33.658719,-16.103711],[33.658726,-16.105881],[33.66097,-16.105874],[33.660963,-16.103704],[33.658719,-16.103711]]]}},{"type":"Feature","properties":{"classe_codigo":2,"classe":"esparso_estavel","f_2020":0.03125,"f_2025":0.03125,"S1":-0.100238,"S2":-0.002522,"S3":-0.209697,"concordancia":0,"fracao_industrial":0.296875,"anel":"periurbano_0_1km","dist_borda_urbano_2025_m":150.0,"unidade":"moatize_vila","area_km2":0.0576},"geometry":{"type":"Polygon","coordinates":[[[33.663207,-16.103697],[33.663215,-16.105867],[33.665459,-16.10586],[33.665452,-16.10369],[33.663207,-16.103697]]]}},{"type":"Feature","properties":{"classe_codigo":3,"classe":"adensando","f_2020":0.078125,"f_2025":0.171875,"S1":0.050863,"S2":-0.003042,"S3":0.562925,"concordancia":2,"fracao_industrial":0.0,"anel":"periurbano_0_1km","dist_borda_urbano_2025_m":67.08,"unidade":"moatize_vila","area_km2":0.0576},"geometry":{"type":"Polygon","coordinates":[[[33.694626,-16.103598],[33.694633,-16.105767],[33.696878,-16.10576],[33.69687,-16.10359],[33.694626,-16.103598]]]}},{"type":"Feature","properties":{"classe_codigo":4,"classe":"expansao_nova","f_2020":0.015625,"f_2025":0.03125,"S1":-0.033611,"S2":-0.003994,"S3":0.700415,"concordancia":1,"fracao_industrial":0.0,"anel":"periurbano_0_1km","dist_borda_urbano_2025_m":94.87,"unidade":"moatize_vila","area_km2":0.0576},"geometry":{"type":"Polygon","coordinates":[[[33.703602,-16.103568],[33.70361,-16.105738],[33.705854,-16.10573],[33.705847,-16.103561],[33.703602,-16.103568]]]}},{"type":"Feature","properties":{"classe_codigo":2,"classe":"esparso_estavel","f_2020":0.09375,"f_2025":0.09375,"S1":-0.065437,"S2":-0.00568,"S3":0.334896,"concordancia":0,"fracao_industrial":0.0,"anel":"periurbano_0_1km","dist_borda_urbano_2025_m":30.0,"unidade":"moatize_vila","area_km2":0.0576},"geometry":{"type":"Polygon","coordinates":[[[33.770927,-16.103336],[33.770935,-16.105505],[33.773179,-16.105497],[33.773171,-16.103328],[33.770927,-16.103336]]]}},{"type":"Feature","properties":{"classe_codigo":4,"classe":"expansao_nova","f_2020":0.0,"f_2025":0.046875,"S1":0.114218,"S2":-0.001995,"S3":0.533679,"concordancia":2,"fracao_industrial":0.0,"anel":"externo","dist_borda_urbano_2025_m":4701.68,"unidade":"mwaladzi","area_km2":0.1152},"geometry":{"type":"Polygon","coordinates":[[[34.022259,-16.102281],[34.022281,-16.10662],[34.024525,-16.106609],[34.024503,-16.10227],[34.022259,-16.102281]]]}},{"type":"Feature","properties":{"classe_codigo":3,"classe":"adensando","f_2020":0.03125,"f_2025":0.171875,"S1":0.155562,"S2":-0.009938,"S3":0.454541,"concordancia":2,"fracao_industrial":0.0,"anel":"externo","dist_borda_urbano_2025_m":5406.83,"unidade":"mwaladzi","area_km2":0.1728},"geometry":{"type":"Polygon","coordinates":[[[34.028991,-16.102249],[34.029013,-16.106588],[34.031257,-16.106577],[34.031246,-16.104407],[34.03349,-16.104397],[34.033479,-16.102227],[34.028991,-16.102249]]]}},{"type":"Feature","properties":{"classe_codigo":4,"classe":"expansao_nova","f_2020":0.0,"f_2025":0.359375,"S1":0.438727,"S2":-0.016981,"S3":0.58105,"concordancia":2,"fracao_industrial":0.0,"anel":"externo","dist_borda_urbano_2025_m":5839.61,"unidade":"mwaladzi","area_km2":0.3456},"geometry":{"type":"Polygon","coordinates":[[[34.035712,-16.100047],[34.035723,-16.102216],[34.033479,-16.102227],[34.03349,-16.104397],[34.035734,-16.104386],[34.035745,-16.106555],[34.040233,-16.106533],[34.040211,-16.102195],[34.037967,-16.102205],[34.037956,-16.100036],[34.035712,-16.100047]]]}},{"type":"Feature","properties":{"classe_codigo":5,"classe":"consolidado","f_2020":0.9375,"f_2025":0.953125,"S1":-0.008031,"S2":-0.000551,"S3":0.130228,"concordancia":0,"fracao_industrial":0.0,"anel":"intraurbano","dist_borda_urbano_2025_m":0.0,"unidade":"tete","area_km2":0.0576},"geometry":{"type":"Polygon","coordinates":[[[33.645261,-16.105922],[33.645268,-16.108091],[33.647512,-16.108085],[33.647505,-16.105915],[33.645261,-16.105922]]]}},{"type":"Feature","properties":{"classe_codigo":4,"classe":"expansao_nova","f_2020":0.0,"f_2025":0.0625,"S1":0.156454,"S2":-0.003056,"S3":0.700953,"concordancia":2,"fracao_industrial":0.0,"anel":"periurbano_0_1km","dist_borda_urbano_2025_m":123.69,"unidade":"moatize_vila","area_km2":0.0576},"geometry":{"type":"Polygon","coordinates":[[[33.694633,-16.105767],[33.694641,-16.107937],[33.696885,-16.107929],[33.696878,-16.10576],[33.694633,-16.105767]]]}},{"type":"Feature","properties":{"classe_codigo":3,"classe":"adensando","f_2020":0.140625,"f_2025":0.234375,"S1":0.030042,"S2":-0.002987,"S3":0.48031,"concordancia":2,"fracao_industrial":0.0,"anel":"periurbano_0_1km","dist_borda_urbano_2025_m":90.0,"unidade":"moatize_vila","area_km2":0.0576},"geometry":{"type":"Polygon","coordinates":[[[33.714831,-16.1057],[33.714839,-16.10787],[33.717083,-16.107862],[33.717075,-16.105693],[33.714831,-16.1057]]]}},{"type":"Feature","properties":{"classe_codigo":2,"classe":"esparso_estavel","f_2020":0.03125,"f_2025":0.078125,"S1":0.035098,"S2":-0.001995,"S3":0.274426,"concordancia":1,"fracao_industrial":0.0,"anel":"externo","dist_borda_urbano_2025_m":4901.12,"unidade":"mwaladzi","area_km2":0.0576},"geometry":{"type":"Polygon","coordinates":[[[34.024514,-16.10444],[34.024525,-16.106609],[34.026769,-16.106598],[34.026758,-16.104429],[34.024514,-16.10444]]]}},{"type":"Feature","properties":{"classe_codigo":2,"classe":"esparso_estavel","f_2020":0.03125,"f_2025":0.203125,"S1":0.185901,"S2":-0.008789,"S3":0.232087,"concordancia":1,"fracao_industrial":0.0,"anel":"externo","dist_borda_urbano_2025_m":5518.86,"unidade":"mwaladzi","area_km2":0.0576},"geometry":{"type":"Polygon","coordinates":[[[34.031246,-16.104407],[34.031257,-16.106577],[34.033501,-16.106566],[34.03349,-16.104397],[34.031246,-16.104407]]]}},{"type":"Feature","properties":{"classe_codigo":2,"classe":"esparso_estavel","f_2020":0.734375,"f_2025":0.828125,"S1":0.023795,"S2":-0.002941,"S3":0.210434,"concordancia":1,"fracao_industrial":0.0,"anel":"intraurbano","dist_borda_urbano_2025_m":0.0,"unidade":"moatize_vila","area_km2":1.0944},"geometry":{"type":"Polygon","coordinates":[[[33.712571,-16.101369],[33.712587,-16.105708],[33.717075,-16.105693],[33.717083,-16.107862],[33.723816,-16.10784],[33.723823,-16.110009],[33.728312,-16.109994],[33.728296,-16.105655],[33.73054,-16.105647],[33.730532,-16.103478],[33.728288,-16.103485],[33.72828,-16.101316],[33.726036,-16.101324],[33.726044,-16.103493],[33.7238,-16.103501],[33.723792,-16.101331],[33.721548,-16.101339],[33.721556,-16.103508],[33.719312,-16.103516],[33.719304,-16.101346],[33.71706,-16.101354],[33.717067,-16.103523],[33.714823,-16.103531],[33.714815,-16.101361],[33.712571,-16.101369]]]}},{"type":"Feature","properties":{"classe_codigo":2,"classe":"esparso_estavel","f_2020":0.5625,"f_2025":0.5625,"S1":-0.043129,"S2":-0.001172,"S3":0.137252,"concordancia":0,"fracao_industrial":0.0,"anel":"periurbano_0_1km","dist_borda_urbano_2025_m":30.0,"unidade":"tete","area_km2":0.288},"geometry":{"type":"Polygon","coordinates":[[[33.631789,-16.103793],[33.631803,-16.108132],[33.634047,-16.108125],[33.634054,-16.110295],[33.636298,-16.110288],[33.636277,-16.103779],[33.631789,-16.103793]]]}},{"type":"Feature","properties":{"classe_codigo":3,"classe":"adensando","f_2020":0.34375,"f_2025":0.390625,"S1":-0.017549,"S2":0.001626,"S3":0.445938,"concordancia":2,"fracao_industrial":0.0,"anel":"intraurbano","dist_borda_urbano_2025_m":0.0,"unidade":"tete","area_km2":0.1728},"geometry":{"type":"Polygon","coordinates":[[[33.613842,-16.106014],[33.613855,-16.110354],[33.618344,-16.110341],[33.618337,-16.108171],[33.616093,-16.108178],[33.616086,-16.106008],[33.613842,-16.106014]]]}},{"type":"Feature","properties":{"classe_codigo":2,"classe":"esparso_estavel","f_2020":0.546875,"f_2025":0.546875,"S1":-0.041939,"S2":-0.001028,"S3":0.316523,"concordancia":0,"fracao_industrial":0.0,"anel":"periurbano_0_1km","dist_borda_urbano_2025_m":30.0,"unidade":"tete","area_km2":0.1728},"geometry":{"type":"Polygon","coordinates":[[[33.616086,-16.106008],[33.616093,-16.108178],[33.618337,-16.108171],[33.618344,-16.110341],[33.620588,-16.110334],[33.620575,-16.105995],[33.616086,-16.106008]]]}},{"type":"Feature","properties":{"classe_codigo":4,"classe":"expansao_nova","f_2020":0.0,"f_2025":0.03125,"S1":0.056811,"S2":0.001195,"S3":0.745201,"concordancia":3,"fracao_industrial":0.0,"anel":"periurbano_0_1km","dist_borda_urbano_2025_m":150.0,"unidade":"tete","area_km2":0.1152},"geometry":{"type":"Polygon","coordinates":[[[33.640773,-16.105935],[33.640786,-16.110274],[33.643031,-16.110268],[33.643017,-16.105929],[33.640773,-16.105935]]]}},{"type":"Feature","properties":{"classe_codigo":5,"classe":"consolidado","f_2020":0.96875,"f_2025":0.96875,"S1":-0.024688,"S2":-0.003212,"S3":0.044288,"concordancia":0,"fracao_industrial":0.0,"anel":"intraurbano","dist_borda_urbano_2025_m":0.0,"unidade":"moatize_vila","area_km2":0.1152},"geometry":{"type":"Polygon","coordinates":[[[33.728296,-16.105655],[33.728312,-16.109994],[33.730556,-16.109986],[33.73054,-16.105647],[33.728296,-16.105655]]]}},{"type":"Feature","properties":{"classe_codigo":2,"classe":"esparso_estavel","f_2020":0.25,"f_2025":0.296875,"S1":-0.013087,"S2":-0.003635,"S3":0.317504,"concordancia":0,"fracao_industrial":0.0,"anel":"periurbano_0_1km","dist_borda_urbano_2025_m":30.0,"unidade":"moatize_vila","area_km2":0.288},"geometry":{"type":"Polygon","coordinates":[[[33.73054,-16.105647],[33.730556,-16.109986],[33.739533,-16.109955],[33.739525,-16.107786],[33.732792,-16.107809],[33.732784,-16.10564],[33.73054,-16.105647]]]}},{"type":"Feature","properties":{"classe_codigo":3,"classe":"adensando","f_2020":0.1875,"f_2025":0.203125,"S1":-0.031231,"S2":0.001741,"S3":0.36911,"concordancia":2,"fracao_industrial":0.0,"anel":"periurbano_0_1km","dist_borda_urbano_2025_m":90.0,"unidade":"tete","area_km2":0.0576},"geometry":{"type":"Polygon","coordinates":[[[33.620581,-16.108165],[33.620588,-16.110334],[33.622832,-16.110328],[33.622826,-16.108158],[33.620581,-16.108165]]]}},{"type":"Feature","properties":{"classe_codigo":5,"classe":"consolidado","f_2020":0.953125,"f_2025":0.96875,"S1":-0.005057,"S2":0.000758,"S3":0.132113,"concordancia":0,"fracao_industrial":0.0,"anel":"periurbano_0_1km","dist_borda_urbano_2025_m":30.0,"unidade":"moatize_vila","area_km2":0.0576},"geometry":{"type":"Polygon","coordinates":[[[33.647512,-16.108085],[33.647519,-16.110254],[33.649764,-16.110247],[33.649756,-16.108078],[33.647512,-16.108085]]]}},{"type":"Feature","properties":{"classe_codigo":2,"classe":"esparso_estavel","f_2020":0.125,"f_2025":0.125,"S1":-0.061273,"S2":-0.004954,"S3":0.332444,"concordancia":0,"fracao_industrial":0.15625,"anel":"intraurbano","dist_borda_urbano_2025_m":0.0,"unidade":"moatize_vila","area_km2":0.1152},"geometry":{"type":"Polygon","coordinates":[[[33.656489,-16.108057],[33.656496,-16.110227],[33.660985,-16.110213],[33.660978,-16.108043],[33.656489,-16.108057]]]}},{"type":"Feature","properties":{"classe_codigo":2,"classe":"esparso_estavel","f_2020":0.03125,"f_2025":0.03125,"S1":-0.100238,"S2":-0.003888,"S3":0.434586,"concordancia":1,"fracao_industrial":0.0,"anel":"periurbano_0_1km","dist_borda_urbano_2025_m":127.28,"unidade":"moatize_vila","area_km2":0.864},"geometry":{"type":"Polygon","coordinates":[[[33.696855,-16.099251],[33.696885,-16.107929],[33.694641,-16.107937],[33.694648,-16.110106],[33.701381,-16.110084],[33.701374,-16.107915],[33.71035,-16.107885],[33.710343,-16.105715],[33.70361,-16.105738],[33.703587,-16.099229],[33.701343,-16.099237],[33.701366,-16.105745],[33.699122,-16.105752],[33.699099,-16.099244],[33.696855,-16.099251]]]}},{"type":"Feature","properties":{"classe_codigo":4,"classe":"expansao_nova","f_2020":0.015625,"f_2025":0.078125,"S1":0.101725,"S2":-0.005832,"S3":0.562119,"concordancia":2,"fracao_industrial":0.0,"anel":"periurbano_0_1km","dist_borda_urbano_2025_m":108.17,"unidade":"moatize_vila","area_km2":0.0576},"geometry":{"type":"Polygon","coordinates":[[[33.739525,-16.107786],[33.739533,-16.109955],[33.741777,-16.109948],[33.741769,-16.107778],[33.739525,-16.107786]]]}},{"type":"Feature","properties":{"classe_codigo":2,"classe":"esparso_estavel","f_2020":0.125,"f_2025":0.390625,"S1":0.134444,"S2":-0.002778,"S3":0.228852,"concordancia":1,"fracao_industrial":0.0,"anel":"externo","dist_borda_urbano_2025_m":5434.72,"unidade":"mwaladzi","area_km2":0.1152},"geometry":{"type":"Polygon","coordinates":[[[34.026769,-16.106598],[34.026781,-16.108768],[34.031269,-16.108746],[34.031257,-16.106577],[34.026769,-16.106598]]]}},{"type":"Feature","properties":{"classe_codigo":2,"classe":"esparso_estavel","f_2020":0.078125,"f_2025":0.140625,"S1":0.019334,"S2":-0.008364,"S3":0.341165,"concordancia":1,"fracao_industrial":0.0,"anel":"externo","dist_borda_urbano_2025_m":5845.77,"unidade":"mwaladzi","area_km2":0.0576},"geometry":{"type":"Polygon","coordinates":[[[34.033501,-16.106566],[34.033513,-16.108735],[34.035757,-16.108724],[34.035745,-16.106555],[34.033501,-16.106566]]]}},{"type":"Feature","properties":{"classe_codigo":3,"classe":"adensando","f_2020":0.09375,"f_2025":0.1875,"S1":0.038667,"S2":-0.015798,"S3":0.35433,"concordancia":2,"fracao_industrial":0.0,"anel":"externo","dist_borda_urbano_2025_m":6480.14,"unidade":"mwaladzi","area_km2":0.1152},"geometry":{"type":"Polygon","coordinates":[[[34.037989,-16.106544],[34.038001,-16.108713],[34.042489,-16.108692],[34.042477,-16.106522],[34.037989,-16.106544]]]}},{"type":"Feature","properties":{"classe_codigo":5,"classe":"consolidado","f_2020":1.0,"f_2025":1.0,"S1":-0.005057,"S2":-0.001746,"S3":0.026421,"concordancia":0,"fracao_industrial":0.0,"anel":"intraurbano","dist_borda_urbano_2025_m":0.0,"unidade":"moatize_vila","area_km2":0.2304},"geometry":{"type":"Polygon","coordinates":[[[33.703618,-16.107907],[33.703625,-16.110077],[33.70587,-16.110069],[33.705877,-16.112239],[33.708122,-16.112231],[33.708114,-16.110062],[33.710358,-16.110054],[33.71035,-16.107885],[33.703618,-16.107907]]]}},{"type":"Feature","properties":{"classe_codigo":3,"classe":"adensando","f_2020":0.046875,"f_2025":0.046875,"S1":-0.088638,"S2":0.008975,"S3":0.441877,"concordancia":2,"fracao_industrial":0.0,"anel":"periurbano_0_1km","dist_borda_urbano_2025_m":67.08,"unidade":"tete","area_km2":0.0576},"geometry":{"type":"Polygon","coordinates":[[[33.580191,-16.110448],[33.580197,-16.112617],[33.582442,-16.112611],[33.582435,-16.110442],[33.580191,-16.110448]]]}},{"type":"Feature","properties":{"classe_codigo":3,"classe":"adensando","f_2020":0.4375,"f_2025":0.640625,"S1":0.056811,"S2":0.002441,"S3":0.39215,"concordancia":3,"fracao_industrial":0.0,"anel":"intraurbano","dist_borda_urbano_2025_m":0.0,"unidade":"tete","area_km2":0.0576},"geometry":{"type":"Polygon","coordinates":[[[33.618344,-16.110341],[33.618351,-16.11251],[33.620595,-16.112504],[33.620588,-16.110334],[33.618344,-16.110341]]]}},{"type":"Feature","properties":{"classe_codigo":4,"classe":"expansao_nova","f_2020":0.0,"f_2025":0.0625,"S1":0.156454,"S2":0.002809,"S3":0.661564,"concordancia":3,"fracao_industrial":0.0,"anel":"periurbano_0_1km","dist_borda_urbano_2025_m":120.0,"unidade":"tete","area_km2":0.0576},"geometry":{"type":"Polygon","coordinates":[[[33.620588,-16.110334],[33.620595,-16.112504],[33.622839,-16.112497],[33.622832,-16.110328],[33.620588,-16.110334]]]}},{"type":"Feature","properties":{"classe_codigo":3,"classe":"adensando","f_2020":0.265625,"f_2025":0.359375,"S1":0.009221,"S2":0.0017,"S3":0.380245,"concordancia":3,"fracao_industrial":0.0,"anel":"periurbano_0_1km","dist_borda_urbano_2025_m":42.43,"unidade":"tete","area_km2":0.0576},"geometry":{"type":"Polygon","coordinates":[[[33.645275,-16.110261],[33.645282,-16.112431],[33.647526,-16.112424],[33.647519,-16.110254],[33.645275,-16.110261]]]}},{"type":"Feature","properties":{"classe_codigo":4,"classe":"expansao_nova","f_2020":0.015625,"f_2025":0.046875,"S1":0.023795,"S2":-0.00062,"S3":0.270257,"concordancia":1,"fracao_industrial":0.09375,"anel":"periurbano_0_1km","dist_borda_urbano_2025_m":67.08,"unidade":"moatize_vila","area_km2":0.0576},"geometry":{"type":"Polygon","coordinates":[[[33.654252,-16.110234],[33.654259,-16.112403],[33.656503,-16.112396],[33.656496,-16.110227],[33.654252,-16.110234]]]}},{"type":"Feature","properties":{"classe_codigo":4,"classe":"expansao_nova","f_2020":0.015625,"f_2025":0.140625,"S1":0.19066,"S2":-0.003922,"S3":0.657902,"concordancia":2,"fracao_industrial":0.0,"anel":"periurbano_0_1km","dist_borda_urbano_2025_m":0.0,"unidade":"moatize_vila","area_km2":0.1728},"geometry":{"type":"Polygon","coordinates":[[[33.692397,-16.107944],[33.692404,-16.110113],[33.69016,-16.110121],[33.690167,-16.11229],[33.694656,-16.112276],[33.694641,-16.107937],[33.692397,-16.107944]]]}},{"type":"Feature","properties":{"classe_codigo":4,"classe":"expansao_nova","f_2020":0.015625,"f_2025":0.078125,"S1":0.101725,"S2":-0.005202,"S3":0.570621,"concordancia":2,"fracao_industrial":0.0,"anel":"periurbano_0_1km","dist_borda_urbano_2025_m":84.85,"unidade":"moatize_vila","area_km2":0.1152},"geometry":{"type":"Polygon","coordinates":[[[33.744021,-16.10994],[33.744029,-16.112109],[33.748518,-16.112094],[33.74851,-16.109924],[33.744021,-16.10994]]]}},{"type":"Feature","properties":{"classe_codigo":2,"classe":"esparso_estavel","f_2020":0.03125,"f_2025":0.046875,"S1":-0.042832,"S2":-0.008755,"S3":0.392247,"concordancia":1,"fracao_industrial":0.0,"anel":"externo","dist_borda_urbano_2025_m":6174.03,"unidade":"mwaladzi","area_km2":0.0576},"geometry":{"type":"Polygon","coordinates":[[[34.035757,-16.108724],[34.035768,-16.110894],[34.038012,-16.110883],[34.038001,-16.108713],[34.035757,-16.108724]]]}},{"type":"Feature","properties":{"classe_codigo":2,"classe":"esparso_estavel","f_2020":0.328125,"f_2025":0.375,"S1":-0.01517,"S2":-0.003084,"S3":0.335999,"concordancia":0,"fracao_industrial":0.0,"anel":"periurbano_0_1km","dist_borda_urbano_2025_m":60.0,"unidade":"moatize_vila","area_km2":0.1728},"geometry":{"type":"Polygon","coordinates":[[[33.687908,-16.107958],[33.687931,-16.114467],[33.690175,-16.11446],[33.690152,-16.107951],[33.687908,-16.107958]]]}},{"type":"Feature","properties":{"classe_codigo":4,"classe":"expansao_nova","f_2020":0.0,"f_2025":0.078125,"S1":0.192148,"S2":-0.002778,"S3":0.581745,"concordancia":2,"fracao_industrial":0.0,"anel":"externo","dist_borda_urbano_2025_m":5566.92,"unidade":"mwaladzi","area_km2":0.576},"geometry":{"type":"Polygon","coordinates":[[[34.024525,-16.106609],[34.024548,-16.110948],[34.029036,-16.110926],[34.029047,-16.113096],[34.031291,-16.113085],[34.03128,-16.110915],[34.033524,-16.110905],[34.033535,-16.113074],[34.038023,-16.113052],[34.038012,-16.110883],[34.035768,-16.110894],[34.035757,-16.108724],[34.033513,-16.108735],[34.033501,-16.106566],[34.031257,-16.106577],[34.031269,-16.108746],[34.026781,-16.108768],[34.026769,-16.106598],[34.024525,-16.106609]]]}},{"type":"Feature","properties":{"classe_codigo":2,"classe":"esparso_estavel","f_2020":0.875,"f_2025":0.90625,"S1":-0.004462,"S2":-0.002336,"S3":0.125391,"concordancia":0,"fracao_industrial":0.0,"anel":"periurbano_0_1km","dist_borda_urbano_2025_m":30.0,"unidade":"moatize_vila","area_km2":0.1152},"geometry":{"type":"Polygon","coordinates":[[[33.728312,-16.109994],[33.728328,-16.114333],[33.730572,-16.114325],[33.730556,-16.109986],[33.728312,-16.109994]]]}},{"type":"Feature","properties":{"classe_codigo":3,"classe":"adensando","f_2020":0.046875,"f_2025":0.046875,"S1":-0.088638,"S2":0.109567,"S3":0.419319,"concordancia":2,"fracao_industrial":0.0,"anel":"periurbano_0_1km","dist_borda_urbano_2025_m":90.0,"unidade":"tete","area_km2":0.0576},"geometry":{"type":"Polygon","coordinates":[[[33.564487,-16.112659],[33.564493,-16.114829],[33.566738,-16.114823],[33.566731,-16.112653],[33.564487,-16.112659]]]}},{"type":"Feature","properties":{"classe_codigo":3,"classe":"adensando","f_2020":0.03125,"f_2025":0.1875,"S1":0.169244,"S2":0.001149,"S3":0.649578,"concordancia":3,"fracao_industrial":0.0,"anel":"periurbano_0_1km","dist_borda_urbano_2025_m":30.0,"unidade":"tete","area_km2":0.0576},"geometry":{"type":"Polygon","coordinates":[[[33.600396,-16.112561],[33.600403,-16.114731],[33.602647,-16.114725],[33.60264,-16.112555],[33.600396,-16.112561]]]}},{"type":"Feature","properties":{"classe_codigo":4,"classe":"expansao_nova","f_2020":0.0,"f_2025":0.046875,"S1":0.114218,"S2":0.001484,"S3":0.474682,"concordancia":3,"fracao_industrial":0.0,"anel":"periurbano_0_1km","dist_borda_urbano_2025_m":123.69,"unidade":"tete","area_km2":0.0576},"geometry":{"type":"Polygon","coordinates":[[[33.618351,-16.11251],[33.618357,-16.11468],[33.620602,-16.114673],[33.620595,-16.112504],[33.618351,-16.11251]]]}},{"type":"Feature","properties":{"classe_codigo":3,"classe":"adensando","f_2020":0.296875,"f_2025":0.609375,"S1":0.11511,"S2":-0.004613,"S3":0.366637,"concordancia":2,"fracao_industrial":0.0,"anel":"periurbano_0_1km","dist_borda_urbano_2025_m":0.0,"unidade":"moatize_vila","area_km2":0.0576},"geometry":{"type":"Polygon","coordinates":[[[33.744029,-16.112109],[33.744038,-16.114279],[33.746282,-16.114271],[33.746274,-16.112101],[33.744029,-16.112109]]]}},{"type":"Feature","properties":{"classe_codigo":3,"classe":"adensando","f_2020":0.21875,"f_2025":0.46875,"S1":0.095479,"S2":0.001117,"S3":0.357685,"concordancia":3,"fracao_industrial":0.0,"anel":"periurbano_0_1km","dist_borda_urbano_2025_m":30.0,"unidade":"moatize_vila","area_km2":0.4608},"geometry":{"type":"Polygon","coordinates":[[[33.701374,-16.107915],[33.701381,-16.110084],[33.696893,-16.110099],[33.696908,-16.114438],[33.699152,-16.11443],[33.69916,-16.1166],[33.701404,-16.116593],[33.701396,-16.114423],[33.703641,-16.114416],[33.703618,-16.107907],[33.701374,-16.107915]]]}},{"type":"Feature","properties":{"classe_codigo":6,"classe":"pegada_industrial","f_2020":0.0,"f_2025":0.0,"S1":0.0,"S2":-0.000947,"S3":0.552664,"concordancia":0,"fracao_industrial":0.765625,"anel":"periurbano_0_1km","dist_borda_urbano_2025_m":474.34,"unidade":"moatize_vila","area_km2":0.1152},"geometry":{"type":"Polygon","coordinates":[[[33.656503,-16.112396],[33.656518,-16.116735],[33.658762,-16.116728],[33.658748,-16.112389],[33.656503,-16.112396]]]}},{"type":"Feature","properties":{"classe_codigo":2,"classe":"esparso_estavel","f_2020":0.453125,"f_2025":0.5,"S1":-0.014872,"S2":-1.7e-05,"S3":0.319346,"concordancia":0,"fracao_industrial":0.0,"anel":"intraurbano","dist_borda_urbano_2025_m":0.0,"unidade":"moatize_vila","area_km2":0.1728},"geometry":{"type":"Polygon","coordinates":[[[33.694656,-16.112276],[33.694671,-16.116615],[33.69916,-16.1166],[33.699152,-16.11443],[33.696908,-16.114438],[33.6969,-16.112268],[33.694656,-16.112276]]]}},{"type":"Feature","properties":{"classe_codigo":2,"classe":"esparso_estavel","f_2020":0.859375,"f_2025":0.875,"S1":-0.017252,"S2":-0.003947,"S3":0.119217,"concordancia":0,"fracao_industrial":0.0,"anel":"intraurbano","dist_borda_urbano_2025_m":0.0,"unidade":"moatize_vila","area_km2":0.3456},"geometry":{"type":"Polygon","coordinates":[[[33.739533,-16.109955],[33.739541,-16.112125],[33.737297,-16.112133],[33.737313,-16.116472],[33.741801,-16.116456],[33.741793,-16.114287],[33.744038,-16.114279],[33.744029,-16.112109],[33.741785,-16.112117],[33.741777,-16.109948],[33.739533,-16.109955]]]}},{"type":"Feature","properties":{"classe_codigo":3,"classe":"adensando","f_2020":0.03125,"f_2025":0.140625,"S1":0.124033,"S2":-0.003891,"S3":0.475016,"concordancia":2,"fracao_industrial":0.0,"anel":"externo","dist_borda_urbano_2025_m":6042.0,"unidade":"mwaladzi","area_km2":0.1152},"geometry":{"type":"Polygon","coordinates":[[[34.03128,-16.110915],[34.031302,-16.115254],[34.033546,-16.115243],[34.033524,-16.110905],[34.03128,-16.110915]]]}},{"type":"Feature","properties":{"classe_codigo":4,"classe":"expansao_nova","f_2020":0.0,"f_2025":0.046875,"S1":0.114218,"S2":-0.000107,"S3":0.813221,"concordancia":2,"fracao_industrial":0.0,"anel":"periurbano_0_1km","dist_borda_urbano_2025_m":67.08,"unidade":"tete","area_km2":0.0576},"geometry":{"type":"Polygon","coordinates":[[[33.589181,-16.114762],[33.589187,-16.116932],[33.591432,-16.116926],[33.591425,-16.114756],[33.589181,-16.114762]]]}},{"type":"Feature","properties":{"classe_codigo":2,"classe":"esparso_estavel","f_2020":0.25,"f_2025":0.3125,"S1":-0.003867,"S2":0.001086,"S3":0.423004,"concordancia":1,"fracao_industrial":0.0,"anel":"intraurbano","dist_borda_urbano_2025_m":0.0,"unidade":"tete","area_km2":0.0576},"geometry":{"type":"Polygon","coordinates":[[[33.600403,-16.114731],[33.600409,-16.116901],[33.602654,-16.116894],[33.602647,-16.114725],[33.600403,-16.114731]]]}},{"type":"Feature","properties":{"classe_codigo":3,"classe":"adensando","f_2020":0.09375,"f_2025":0.09375,"S1":-0.065437,"S2":0.002546,"S3":0.501822,"concordancia":2,"fracao_industrial":0.0,"anel":"periurbano_0_1km","dist_borda_urbano_2025_m":67.08,"unidade":"tete","area_km2":0.0576},"geometry":{"type":"Polygon","coordinates":[[[33.60938,-16.114706],[33.609387,-16.116875],[33.611631,-16.116869],[33.611624,-16.114699],[33.60938,-16.114706]]]}},{"type":"Feature","properties":{"classe_codigo":3,"classe":"adensando","f_2020":0.03125,"f_2025":0.03125,"S1":-0.100238,"S2":0.00134,"S3":0.514405,"concordancia":2,"fracao_industrial":0.0,"anel":"intraurbano","dist_borda_urbano_2025_m":0.0,"unidade":"tete","area_km2":0.0576},"geometry":{"type":"Polygon","coordinates":[[[33.638556,-16.11462],[33.638563,-16.11679],[33.640807,-16.116783],[33.6408,-16.114614],[33.638556,-16.11462]]]}},{"type":"Feature","properties":{"classe_codigo":3,"classe":"adensando","f_2020":0.21875,"f_2025":0.25,"S1":-0.021416,"S2":0.00313,"S3":0.360461,"concordancia":2,"fracao_industrial":0.0,"anel":"periurbano_0_1km","dist_borda_urbano_2025_m":60.0,"unidade":"tete","area_km2":0.0576},"geometry":{"type":"Polygon","coordinates":[[[33.643045,-16.114607],[33.643052,-16.116776],[33.645296,-16.11677],[33.645289,-16.1146],[33.643045,-16.114607]]]}},{"type":"Feature","properties":{"classe_codigo":6,"classe":"pegada_industrial","f_2020":0.0,"f_2025":0.0,"S1":0.0,"S2":-0.002114,"S3":0.0,"concordancia":0,"fracao_industrial":0.875,"anel":"periurbano_0_1km","dist_borda_urbano_2025_m":798.81,"unidade":"moatize_vila","area_km2":0.0576},"geometry":{"type":"Polygon","coordinates":[[[33.663243,-16.114545],[33.663251,-16.116715],[33.665495,-16.116708],[33.665488,-16.114538],[33.663243,-16.114545]]]}},{"type":"Feature","properties":{"classe_codigo":3,"classe":"adensando","f_2020":0.03125,"f_2025":0.125,"S1":0.10351,"S2":-0.000529,"S3":0.478487,"concordancia":2,"fracao_industrial":0.0,"anel":"periurbano_0_1km","dist_borda_urbano_2025_m":60.0,"unidade":"moatize_vila","area_km2":0.2304},"geometry":{"type":"Polygon","coordinates":[[[33.690167,-16.11229],[33.690175,-16.11446],[33.687931,-16.114467],[33.687938,-16.116636],[33.692427,-16.116622],[33.692419,-16.114452],[33.694664,-16.114445],[33.694656,-16.112276],[33.690167,-16.11229]]]}},{"type":"Feature","properties":{"classe_codigo":4,"classe":"expansao_nova","f_2020":0.0,"f_2025":0.125,"S1":0.260559,"S2":0.000988,"S3":0.720214,"concordancia":2,"fracao_industrial":0.0625,"anel":"periurbano_0_1km","dist_borda_urbano_2025_m":42.43,"unidade":"moatize_vila","area_km2":0.0576},"geometry":{"type":"Polygon","coordinates":[[[33.692419,-16.114452],[33.692427,-16.116622],[33.694671,-16.116615],[33.694664,-16.114445],[33.692419,-16.114452]]]}},{"type":"Feature","properties":{"classe_codigo":4,"classe":"expansao_nova","f_2020":0.015625,"f_2025":0.1875,"S1":0.235872,"S2":0.001475,"S3":0.486637,"concordancia":3,"fracao_industrial":0.328125,"anel":"periurbano_0_1km","dist_borda_urbano_2025_m":94.87,"unidade":"moatize_vila","area_km2":0.0576},"geometry":{"type":"Polygon","coordinates":[[[33.701396,-16.114423],[33.701404,-16.116593],[33.703648,-16.116585],[33.703641,-16.114416],[33.701396,-16.114423]]]}},{"type":"Feature","properties":{"classe_codigo":3,"classe":"adensando","f_2020":0.078125,"f_2025":0.171875,"S1":0.050863,"S2":0.001181,"S3":0.456556,"concordancia":3,"fracao_industrial":0.203125,"anel":"periurbano_0_1km","dist_borda_urbano_2025_m":94.87,"unidade":"moatize_vila","area_km2":0.0576},"geometry":{"type":"Polygon","coordinates":[[[33.703641,-16.114416],[33.703648,-16.116585],[33.705893,-16.116578],[33.705885,-16.114408],[33.703641,-16.114416]]]}},{"type":"Feature","properties":{"classe_codigo":2,"classe":"esparso_estavel","f_2020":0.828125,"f_2025":0.859375,"S1":-0.010113,"S2":-0.002022,"S3":0.073605,"concordancia":0,"fracao_industrial":0.0,"anel":"intraurbano","dist_borda_urbano_2025_m":0.0,"unidade":"moatize_vila","area_km2":0.0576},"geometry":{"type":"Polygon","coordinates":[[[33.726083,-16.114341],[33.726091,-16.11651],[33.728336,-16.116502],[33.728328,-16.114333],[33.726083,-16.114341]]]}},{"type":"Feature","properties":{"classe_codigo":2,"classe":"esparso_estavel","f_2020":0.03125,"f_2025":0.0625,"S1":-0.000595,"S2":-0.003516,"S3":0.423481,"concordancia":1,"fracao_industrial":0.0,"anel":"externo","dist_borda_urbano_2025_m":6235.53,"unidade":"mwaladzi","area_km2":0.0576},"geometry":{"type":"Polygon","coordinates":[[[34.033535,-16.113074],[34.033546,-16.115243],[34.03579,-16.115232],[34.035779,-16.113063],[34.033535,-16.113074]]]}},{"type":"Feature","properties":{"classe_codigo":2,"classe":"esparso_estavel","f_2020":0.59375,"f_2025":0.59375,"S1":-0.041642,"S2":0.000873,"S3":0.225674,"concordancia":0,"fracao_industrial":0.0,"anel":"periurbano_0_1km","dist_borda_urbano_2025_m":30.0,"unidade":"tete","area_km2":1.4976},"geometry":{"type":"Polygon","coordinates":[[[33.642996,-16.09942],[33.64301,-16.103759],[33.645254,-16.103752],[33.645261,-16.105922],[33.643017,-16.105929],[33.643045,-16.114607],[33.645289,-16.1146],[33.645303,-16.118939],[33.649792,-16.118926],[33.649778,-16.114586],[33.652022,-16.11458],[33.652015,-16.11241],[33.654259,-16.112403],[33.654252,-16.110234],[33.652008,-16.110241],[33.652001,-16.108071],[33.654245,-16.108064],[33.654238,-16.105895],[33.651994,-16.105901],[33.651987,-16.103732],[33.647498,-16.103746],[33.647484,-16.099407],[33.642996,-16.09942]],[[33.645261,-16.105922],[33.647505,-16.105915],[33.647512,-16.108085],[33.645268,-16.108091],[33.645261,-16.105922]],[[33.647512,-16.108085],[33.649756,-16.108078],[33.649764,-16.110247],[33.647519,-16.110254],[33.647512,-16.108085]],[[33.645275,-16.110261],[33.647519,-16.110254],[33.647526,-16.112424],[33.645282,-16.112431],[33.645275,-16.110261]]]}},{"type":"Feature","properties":{"classe_codigo":2,"classe":"esparso_estavel","f_2020":0.5625,"f_2025":0.59375,"S1":-0.026472,"S2":-0.000781,"S3":0.200587,"concordancia":0,"fracao_industrial":0.0,"anel":"intraurbano","dist_borda_urbano_2025_m":0.0,"unidade":"moatize_vila","area_km2":0.8064},"geometry":{"type":"Polygon","coordinates":[[[33.71035,-16.107885],[33.710358,-16.110054],[33.708114,-16.110062],[33.708122,-16.112231],[33.705877,-16.112239],[33.70587,-16.110069],[33.703625,-16.110077],[33.703641,-16.114416],[33.705885,-16.114408],[33.705893,-16.116578],[33.708137,-16.11657],[33.708145,-16.11874],[33.710389,-16.118732],[33.710374,-16.114393],[33.712618,-16.114386],[33.71261,-16.112216],[33.714854,-16.112209],[33.714847,-16.110039],[33.717091,-16.110032],[33.717083,-16.107862],[33.71035,-16.107885]]]}},{"type":"Feature","properties":{"classe_codigo":2,"classe":"esparso_estavel","f_2020":0.125,"f_2025":0.125,"S1":-0.061273,"S2":-0.001995,"S3":0.204386,"concordancia":0,"fracao_industrial":0.0,"anel":"periurbano_0_1km","dist_borda_urbano_2025_m":84.85,"unidade":"tete","area_km2":0.1152},"geometry":{"type":"Polygon","coordinates":[[[33.508384,-16.11497],[33.508395,-16.119309],[33.51064,-16.119304],[33.510629,-16.114965],[33.508384,-16.11497]]]}},{"type":"Feature","properties":{"classe_codigo":2,"classe":"esparso_estavel","f_2020":0.046875,"f_2025":0.046875,"S1":-0.088638,"S2":-0.001995,"S3":0.24979,"concordancia":0,"fracao_industrial":0.0,"anel":"intraurbano","dist_borda_urbano_2025_m":0.0,"unidade":"tete","area_km2":0.1152},"geometry":{"type":"Polygon","coordinates":[[[33.528589,-16.11709],[33.528595,-16.11926],[33.533084,-16.119249],[33.533078,-16.117079],[33.528589,-16.11709]]]}},{"type":"Feature","properties":{"classe_codigo":4,"classe":"expansao_nova","f_2020":0.0,"f_2025":0.0625,"S1":0.156454,"S2":0.02006,"S3":0.701821,"concordancia":3,"fracao_industrial":0.0,"anel":"periurbano_0_1km","dist_borda_urbano_2025_m":67.08,"unidade":"tete","area_km2":0.0576},"geometry":{"type":"Polygon","coordinates":[[[33.573477,-16.116975],[33.573483,-16.119144],[33.575728,-16.119138],[33.575721,-16.116969],[33.573477,-16.116975]]]}},{"type":"Feature","properties":{"classe_codigo":3,"classe":"adensando","f_2020":0.171875,"f_2025":0.359375,"S1":0.074063,"S2":-0.000161,"S3":0.436237,"concordancia":2,"fracao_industrial":0.0,"anel":"periurbano_0_1km","dist_borda_urbano_2025_m":0.0,"unidade":"tete","area_km2":0.0576},"geometry":{"type":"Polygon","coordinates":[[[33.595921,-16.116913],[33.595927,-16.119083],[33.598171,-16.119076],[33.598165,-16.116907],[33.595921,-16.116913]]]}},{"type":"Feature","properties":{"classe_codigo":2,"classe":"esparso_estavel","f_2020":0.15625,"f_2025":0.1875,"S1":-0.027662,"S2":0.000483,"S3":0.468462,"concordancia":1,"fracao_industrial":0.0,"anel":"periurbano_0_1km","dist_borda_urbano_2025_m":42.43,"unidade":"tete","area_km2":0.0576},"geometry":{"type":"Polygon","coordinates":[[[33.598165,-16.116907],[33.598171,-16.119076],[33.600416,-16.11907],[33.600409,-16.116901],[33.598165,-16.116907]]]}},{"type":"Feature","properties":{"classe_codigo":5,"classe":"consolidado","f_2020":0.953125,"f_2025":0.953125,"S1":-0.023498,"S2":-0.001126,"S3":0.046914,"concordancia":0,"fracao_industrial":0.0,"anel":"intraurbano","dist_borda_urbano_2025_m":0.0,"unidade":"moatize_vila","area_km2":0.0576},"geometry":{"type":"Polygon","coordinates":[[[33.726091,-16.11651],[33.726099,-16.11868],[33.728344,-16.118672],[33.728336,-16.116502],[33.726091,-16.11651]]]}},{"type":"Feature","properties":{"classe_codigo":5,"classe":"consolidado","f_2020":0.921875,"f_2025":0.984375,"S1":0.052052,"S2":-0.002103,"S3":0.133375,"concordancia":1,"fracao_industrial":0.0,"anel":"periurbano_0_1km","dist_borda_urbano_2025_m":0.0,"unidade":"moatize_vila","area_km2":0.0576},"geometry":{"type":"Polygon","coordinates":[[[33.74629,-16.11644],[33.746298,-16.11861],[33.748542,-16.118602],[33.748534,-16.116433],[33.74629,-16.11644]]]}},{"type":"Feature","properties":{"classe_codigo":2,"classe":"esparso_estavel","f_2020":0.375,"f_2025":0.375,"S1":-0.044021,"S2":0.113634,"S3":-0.148692,"concordancia":1,"fracao_industrial":0.0,"anel":"periurbano_0_1km","dist_borda_urbano_2025_m":60.0,"unidade":"tete","area_km2":0.4608},"geometry":{"type":"Polygon","coordinates":[[[33.564493,-16.114829],[33.564512,-16.121338],[33.569001,-16.121326],[33.568994,-16.119156],[33.571239,-16.11915],[33.571226,-16.114811],[33.564493,-16.114829]]]}},{"type":"Feature","properties":{"classe_codigo":5,"classe":"consolidado","f_2020":0.984375,"f_2025":0.984375,"S1":-0.016359,"S2":-0.001586,"S3":0.075027,"concordancia":0,"fracao_industrial":0.0,"anel":"intraurbano","dist_borda_urbano_2025_m":0.0,"unidade":"moatize_vila","area_km2":1.0944},"geometry":{"type":"Polygon","coordinates":[[[33.730556,-16.109986],[33.730572,-16.114325],[33.728328,-16.114333],[33.728336,-16.116502],[33.73058,-16.116495],[33.730588,-16.118664],[33.737321,-16.118641],[33.737329,-16.120811],[33.739573,-16.120803],[33.739565,-16.118633],[33.744054,-16.118618],[33.744038,-16.114279],[33.741793,-16.114287],[33.741801,-16.116456],[33.737313,-16.116472],[33.737297,-16.112133],[33.739541,-16.112125],[33.739533,-16.109955],[33.730556,-16.109986]]]}},{"type":"Feature","properties":{"classe_codigo":4,"classe":"expansao_nova","f_2020":0.0,"f_2025":0.203125,"S1":0.342951,"S2":0.002298,"S3":0.819121,"concordancia":3,"fracao_industrial":0.0,"anel":"periurbano_0_1km","dist_borda_urbano_2025_m":0.0,"unidade":"tete","area_km2":0.1728},"geometry":{"type":"Polygon","coordinates":[[[33.609387,-16.116875],[33.6094,-16.121214],[33.613889,-16.121201],[33.613882,-16.119032],[33.611638,-16.119038],[33.611631,-16.116869],[33.609387,-16.116875]]]}},{"type":"Feature","properties":{"classe_codigo":4,"classe":"expansao_nova","f_2020":0.015625,"f_2025":0.03125,"S1":-0.033611,"S2":-0.000115,"S3":0.658423,"concordancia":1,"fracao_industrial":0.0,"anel":"periurbano_0_1km","dist_borda_urbano_2025_m":108.17,"unidade":"tete","area_km2":0.0576},"geometry":{"type":"Polygon","coordinates":[[[33.591438,-16.119095],[33.591445,-16.121265],[33.593689,-16.121258],[33.593683,-16.119089],[33.591438,-16.119095]]]}},{"type":"Feature","properties":{"classe_codigo":3,"classe":"adensando","f_2020":0.046875,"f_2025":0.078125,"S1":-0.010708,"S2":0.00119,"S3":0.56768,"concordancia":2,"fracao_industrial":0.0,"anel":"periurbano_0_1km","dist_borda_urbano_2025_m":108.17,"unidade":"tete","area_km2":0.1152},"geometry":{"type":"Polygon","coordinates":[[[33.598171,-16.119076],[33.598178,-16.121246],[33.602667,-16.121233],[33.60266,-16.119064],[33.598171,-16.119076]]]}},{"type":"Feature","properties":{"classe_codigo":5,"classe":"consolidado","f_2020":0.953125,"f_2025":0.984375,"S1":0.0232,"S2":-0.001586,"S3":0.116149,"concordancia":1,"fracao_industrial":0.0,"anel":"intraurbano","dist_borda_urbano_2025_m":0.0,"unidade":"moatize_vila","area_km2":0.0576},"geometry":{"type":"Polygon","coordinates":[[[33.721611,-16.118695],[33.721618,-16.120864],[33.723863,-16.120857],[33.723855,-16.118687],[33.721611,-16.118695]]]}},{"type":"Feature","properties":{"classe_codigo":3,"classe":"adensando","f_2020":0.203125,"f_2025":0.296875,"S1":0.019036,"S2":-0.000712,"S3":0.375309,"concordancia":2,"fracao_industrial":0.0,"anel":"periurbano_0_1km","dist_borda_urbano_2025_m":90.0,"unidade":"moatize_vila","area_km2":0.0576},"geometry":{"type":"Polygon","coordinates":[[[33.726099,-16.11868],[33.726107,-16.120849],[33.728351,-16.120841],[33.728344,-16.118672],[33.726099,-16.11868]]]}},{"type":"Feature","properties":{"classe_codigo":6,"classe":"pegada_industrial","f_2020":0.0,"f_2025":0.0,"S1":0.0,"S2":0.004251,"S3":0.642374,"concordancia":0,"fracao_industrial":1.0,"anel":"periurbano_0_1km","dist_borda_urbano_2025_m":570.79,"unidade":"moatize_vila","area_km2":2.9952},"geometry":{"type":"Polygon","coordinates":[[[33.665459,-16.10586],[33.665466,-16.108029],[33.663222,-16.108036],[33.663229,-16.110206],[33.672206,-16.110178],[33.672213,-16.112347],[33.676702,-16.112333],[33.676709,-16.114503],[33.674465,-16.11451],[33.674487,-16.121018],[33.678976,-16.121004],[33.678983,-16.123174],[33.685716,-16.123152],[33.685709,-16.120983],[33.690198,-16.120968],[33.69019,-16.118799],[33.692434,-16.118791],[33.692427,-16.116622],[33.687938,-16.116636],[33.687908,-16.107958],[33.685664,-16.107966],[33.685657,-16.105796],[33.67668,-16.105825],[33.676695,-16.110164],[33.67445,-16.110171],[33.674436,-16.105832],[33.669947,-16.105846],[33.669955,-16.108015],[33.66771,-16.108022],[33.667703,-16.105853],[33.665459,-16.10586]],[[33.683457,-16.11882],[33.685701,-16.118813],[33.685709,-16.120983],[33.683464,-16.12099],[33.683457,-16.11882]]]}},{"type":"Feature","properties":{"classe_codigo":5,"classe":"consolidado","f_2020":1.0,"f_2025":1.0,"S1":-0.005057,"S2":-0.001682,"S3":0.023645,"concordancia":0,"fracao_industrial":0.0,"anel":"intraurbano","dist_borda_urbano_2025_m":0.0,"unidade":"moatize_vila","area_km2":1.7856},"geometry":{"type":"Polygon","coordinates":[[[33.717083,-16.107862],[33.717091,-16.110032],[33.714847,-16.110039],[33.714854,-16.112209],[33.71261,-16.112216],[33.712618,-16.114386],[33.710374,-16.114393],[33.710389,-16.118732],[33.712633,-16.118725],[33.712649,-16.123064],[33.721626,-16.123034],[33.721618,-16.120864],[33.71713,-16.120879],[33.717122,-16.11871],[33.719366,-16.118702],[33.719351,-16.114363],[33.723839,-16.114348],[33.723847,-16.116518],[33.726091,-16.11651],[33.726083,-16.114341],[33.728328,-16.114333],[33.728312,-16.109994],[33.723823,-16.110009],[33.723816,-16.10784],[33.717083,-16.107862]]]}},{"type":"Feature","properties":{"classe_codigo":4,"classe":"expansao_nova","f_2020":0.015625,"f_2025":0.046875,"S1":0.023795,"S2":0.002077,"S3":0.700241,"concordancia":3,"fracao_industrial":0.0,"anel":"periurbano_0_1km","dist_borda_urbano_2025_m":108.17,"unidade":"tete","area_km2":0.4032},"geometry":{"type":"Polygon","coordinates":[[[33.602647,-16.114725],[33.602654,-16.116894],[33.600409,-16.116901],[33.600416,-16.11907],[33.604904,-16.119057],[33.604918,-16.123397],[33.609406,-16.123384],[33.6094,-16.121214],[33.607155,-16.121221],[33.607142,-16.116882],[33.604898,-16.116888],[33.604891,-16.114718],[33.602647,-16.114725]]]}},{"type":"Feature","properties":{"classe_codigo":3,"classe":"adensando","f_2020":0.59375,"f_2025":0.71875,"S1":0.026472,"S2":0.001889,"S3":0.211446,"concordancia":2,"fracao_industrial":0.0,"anel":"intraurbano","dist_borda_urbano_2025_m":0.0,"unidade":"moatize_vila","area_km2":0.3456},"geometry":{"type":"Polygon","coordinates":[[[33.705893,-16.116578],[33.705916,-16.123086],[33.70816,-16.123079],[33.708152,-16.120909],[33.710397,-16.120902],[33.710404,-16.123071],[33.712649,-16.123064],[33.712633,-16.118725],[33.708145,-16.11874],[33.708137,-16.11657],[33.705893,-16.116578]]]}},{"type":"Feature","properties":{"classe_codigo":4,"classe":"expansao_nova","f_2020":0.0,"f_2025":0.140625,"S1":0.281083,"S2":-0.00046,"S3":0.81808,"concordancia":2,"fracao_industrial":0.0,"anel":"periurbano_0_1km","dist_borda_urbano_2025_m":94.87,"unidade":"tete","area_km2":0.0576},"geometry":{"type":"Polygon","coordinates":[[[33.593689,-16.121258],[33.593696,-16.123428],[33.59594,-16.123422],[33.595933,-16.121252],[33.593689,-16.121258]]]}},{"type":"Feature","properties":{"classe_codigo":3,"classe":"adensando","f_2020":0.15625,"f_2025":0.15625,"S1":-0.054432,"S2":0.001321,"S3":0.404606,"concordancia":2,"fracao_industrial":0.0,"anel":"intraurbano","dist_borda_urbano_2025_m":0.0,"unidade":"tete","area_km2":0.0576},"geometry":{"type":"Polygon","coordinates":[[[33.616133,-16.121195],[33.61614,-16.123364],[33.618384,-16.123358],[33.618377,-16.121188],[33.616133,-16.121195]]]}},{"type":"Feature","properties":{"classe_codigo":3,"classe":"adensando","f_2020":0.03125,"f_2025":0.109375,"S1":0.085961,"S2":-0.001301,"S3":0.486989,"concordancia":2,"fracao_industrial":0.0,"anel":"periurbano_0_1km","dist_borda_urbano_2025_m":67.08,"unidade":"tete","area_km2":0.0576},"geometry":{"type":"Polygon","coordinates":[[[33.636333,-16.121136],[33.636339,-16.123305],[33.638584,-16.123298],[33.638577,-16.121129],[33.636333,-16.121136]]]}},{"type":"Feature","properties":{"classe_codigo":2,"classe":"esparso_estavel","f_2020":0.46875,"f_2025":0.46875,"S1":-0.039857,"S2":0.002537,"S3":0.191982,"concordancia":1,"fracao_industrial":0.0,"anel":"periurbano_0_1km","dist_borda_urbano_2025_m":30.0,"unidade":"moatize_vila","area_km2":0.0576},"geometry":{"type":"Polygon","coordinates":[[[33.708152,-16.120909],[33.70816,-16.123079],[33.710404,-16.123071],[33.710397,-16.120902],[33.708152,-16.120909]]]}},{"type":"Feature","properties":{"classe_codigo":3,"classe":"adensando","f_2020":0.53125,"f_2025":0.703125,"S1":0.045509,"S2":0.000666,"S3":0.358118,"concordancia":2,"fracao_industrial":0.140625,"anel":"periurbano_0_1km","dist_borda_urbano_2025_m":30.0,"unidade":"moatize_vila","area_km2":0.0576},"geometry":{"type":"Polygon","coordinates":[[[33.73284,-16.120826],[33.732848,-16.122996],[33.735092,-16.122988],[33.735084,-16.120818],[33.73284,-16.120826]]]}},{"type":"Feature","properties":{"classe_codigo":3,"classe":"adensando","f_2020":0.15625,"f_2025":0.515625,"S1":0.163296,"S2":-0.001212,"S3":0.426643,"concordancia":2,"fracao_industrial":0.0,"anel":"periurbano_0_1km","dist_borda_urbano_2025_m":30.0,"unidade":"moatize_vila","area_km2":0.0576},"geometry":{"type":"Polygon","coordinates":[[[33.746306,-16.120779],[33.746314,-16.122949],[33.748559,-16.122941],[33.74855,-16.120772],[33.746306,-16.120779]]]}},{"type":"Feature","properties":{"classe_codigo":3,"classe":"adensando","f_2020":0.09375,"f_2025":0.25,"S1":0.091315,"S2":-0.001057,"S3":0.495576,"concordancia":2,"fracao_industrial":0.0,"anel":"periurbano_0_1km","dist_borda_urbano_2025_m":0.0,"unidade":"moatize_vila","area_km2":0.0576},"geometry":{"type":"Polygon","coordinates":[[[33.750795,-16.120764],[33.750803,-16.122933],[33.753047,-16.122925],[33.753039,-16.120756],[33.750795,-16.120764]]]}},{"type":"Feature","properties":{"classe_codigo":4,"classe":"expansao_nova","f_2020":0.0,"f_2025":0.0625,"S1":0.156454,"S2":-0.000237,"S3":0.584,"concordancia":2,"fracao_industrial":0.0,"anel":"periurbano_0_1km","dist_borda_urbano_2025_m":90.0,"unidade":"moatize_vila","area_km2":0.0576},"geometry":{"type":"Polygon","coordinates":[[[33.753039,-16.120756],[33.753047,-16.122925],[33.755292,-16.122917],[33.755283,-16.120748],[33.753039,-16.120756]]]}},{"type":"Feature","properties":{"classe_codigo":2,"classe":"esparso_estavel","f_2020":0.078125,"f_2025":0.140625,"S1":0.019334,"S2":-0.001995,"S3":-0.060709,"concordancia":1,"fracao_industrial":0.0,"anel":"periurbano_0_1km","dist_borda_urbano_2025_m":0.0,"unidade":"tete","area_km2":0.1152},"geometry":{"type":"Polygon","coordinates":[[[33.55554,-16.123531],[33.555546,-16.1257],[33.560035,-16.125689],[33.560029,-16.123519],[33.55554,-16.123531]]]}},{"type":"Feature","properties":{"classe_codigo":3,"classe":"adensando","f_2020":0.0625,"f_2025":0.09375,"S1":-0.010708,"S2":0.001321,"S3":0.574945,"concordancia":2,"fracao_industrial":0.0,"anel":"periurbano_0_1km","dist_borda_urbano_2025_m":30.0,"unidade":"tete","area_km2":0.0576},"geometry":{"type":"Polygon","coordinates":[[[33.586962,-16.123447],[33.586969,-16.125616],[33.589213,-16.12561],[33.589207,-16.12344],[33.586962,-16.123447]]]}},{"type":"Feature","properties":{"classe_codigo":2,"classe":"esparso_estavel","f_2020":0.15625,"f_2025":0.171875,"S1":-0.041344,"S2":0.000498,"S3":0.447639,"concordancia":1,"fracao_industrial":0.0,"anel":"periurbano_0_1km","dist_borda_urbano_2025_m":0.0,"unidade":"tete","area_km2":0.0576},"geometry":{"type":"Polygon","coordinates":[[[33.589207,-16.12344],[33.589213,-16.12561],[33.591458,-16.125604],[33.591451,-16.123434],[33.589207,-16.12344]]]}},{"type":"Feature","properties":{"classe_codigo":3,"classe":"adensando","f_2020":0.03125,"f_2025":0.328125,"S1":0.266508,"S2":0.002057,"S3":0.659816,"concordancia":3,"fracao_industrial":0.0,"anel":"periurbano_0_1km","dist_borda_urbano_2025_m":0.0,"unidade":"tete","area_km2":0.0576},"geometry":{"type":"Polygon","coordinates":[[[33.604918,-16.123397],[33.604924,-16.125566],[33.607169,-16.12556],[33.607162,-16.12339],[33.604918,-16.123397]]]}},{"type":"Feature","properties":{"classe_codigo":3,"classe":"adensando","f_2020":0.3125,"f_2025":0.3125,"S1":-0.035693,"S2":0.001505,"S3":0.399507,"concordancia":2,"fracao_industrial":0.0,"anel":"intraurbano","dist_borda_urbano_2025_m":0.0,"unidade":"tete","area_km2":0.0576},"geometry":{"type":"Polygon","coordinates":[[[33.613895,-16.123371],[33.613902,-16.12554],[33.616146,-16.125534],[33.61614,-16.123364],[33.613895,-16.123371]]]}},{"type":"Feature","properties":{"classe_codigo":2,"classe":"esparso_estavel","f_2020":0.0625,"f_2025":0.0625,"S1":-0.076443,"S2":-0.000427,"S3":0.373661,"concordancia":1,"fracao_industrial":0.0,"anel":"periurbano_0_1km","dist_borda_urbano_2025_m":67.08,"unidade":"tete","area_km2":0.0576},"geometry":{"type":"Polygon","coordinates":[[[33.627362,-16.123332],[33.627369,-16.125501],[33.629613,-16.125495],[33.629606,-16.123325],[33.627362,-16.123332]]]}},{"type":"Feature","properties":{"classe_codigo":2,"classe":"esparso_estavel","f_2020":0.734375,"f_2025":0.8125,"S1":0.012493,"S2":0.000565,"S3":0.231604,"concordancia":1,"fracao_industrial":0.140625,"anel":"intraurbano","dist_borda_urbano_2025_m":0.0,"unidade":"moatize_vila","area_km2":0.2304},"geometry":{"type":"Polygon","coordinates":[[[33.712649,-16.123064],[33.712657,-16.125234],[33.721634,-16.125203],[33.721626,-16.123034],[33.712649,-16.123064]]]}},{"type":"Feature","properties":{"classe_codigo":6,"classe":"pegada_industrial","f_2020":0.0,"f_2025":0.0,"S1":0.0,"S2":0.000124,"S3":0.981433,"concordancia":0,"fracao_industrial":1.0,"anel":"periurbano_0_1km","dist_borda_urbano_2025_m":210.0,"unidade":"moatize_vila","area_km2":0.0576},"geometry":{"type":"Polygon","coordinates":[[[33.728359,-16.123011],[33.728367,-16.12518],[33.730612,-16.125173],[33.730604,-16.123003],[33.728359,-16.123011]]]}},{"type":"Feature","properties":{"classe_codigo":3,"classe":"adensando","f_2020":0.328125,"f_2025":0.546875,"S1":0.06395,"S2":0.000925,"S3":0.374694,"concordancia":2,"fracao_industrial":0.0,"anel":"periurbano_0_1km","dist_borda_urbano_2025_m":42.43,"unidade":"moatize_vila","area_km2":0.1152},"geometry":{"type":"Polygon","coordinates":[[[33.735092,-16.122988],[33.7351,-16.125157],[33.739589,-16.125142],[33.739581,-16.122972],[33.735092,-16.122988]]]}},{"type":"Feature","properties":{"classe_codigo":5,"classe":"consolidado","f_2020":0.9375,"f_2025":1.0,"S1":0.109161,"S2":-0.000368,"S3":0.051449,"concordancia":1,"fracao_industrial":0.0,"anel":"intraurbano","dist_borda_urbano_2025_m":0.0,"unidade":"moatize_vila","area_km2":0.0576},"geometry":{"type":"Polygon","coordinates":[[[33.741826,-16.122965],[33.741834,-16.125134],[33.744078,-16.125126],[33.74407,-16.122957],[33.741826,-16.122965]]]}},{"type":"Feature","properties":{"classe_codigo":3,"classe":"adensando","f_2020":0.203125,"f_2025":0.421875,"S1":0.085068,"S2":-0.000982,"S3":0.439164,"concordancia":2,"fracao_industrial":0.0,"anel":"periurbano_0_1km","dist_borda_urbano_2025_m":30.0,"unidade":"moatize_vila","area_km2":0.0576},"geometry":{"type":"Polygon","coordinates":[[[33.74407,-16.122957],[33.744078,-16.125126],[33.746322,-16.125118],[33.746314,-16.122949],[33.74407,-16.122957]]]}},{"type":"Feature","properties":{"classe_codigo":2,"classe":"esparso_estavel","f_2020":0.53125,"f_2025":0.734375,"S1":0.063058,"S2":-0.001379,"S3":0.273961,"concordancia":1,"fracao_industrial":0.0,"anel":"intraurbano","dist_borda_urbano_2025_m":0.0,"unidade":"moatize_vila","area_km2":2.5344},"geometry":{"type":"Polygon","coordinates":[[[33.746274,-16.112101],[33.746282,-16.114271],[33.744038,-16.114279],[33.744054,-16.118618],[33.739565,-16.118633],[33.739573,-16.120803],[33.737329,-16.120811],[33.737321,-16.118641],[33.730588,-16.118664],[33.73058,-16.116495],[33.728336,-16.116502],[33.728351,-16.120841],[33.726107,-16.120849],[33.726091,-16.11651],[33.723847,-16.116518],[33.723839,-16.114348],[33.719351,-16.114363],[33.719366,-16.118702],[33.717122,-16.11871],[33.71713,-16.120879],[33.721618,-16.120864],[33.721626,-16.123034],[33.732848,-16.122996],[33.73284,-16.120826],[33.735084,-16.120818],[33.735092,-16.122988],[33.739581,-16.122972],[33.739589,-16.125142],[33.741834,-16.125134],[33.741826,-16.122965],[33.746314,-16.122949],[33.74633,-16.127288],[33.748575,-16.12728],[33.748567,-16.125111],[33.753055,-16.125095],[33.753047,-16.122925],[33.750803,-16.122933],[33.750778,-16.116425],[33.753023,-16.116417],[33.753031,-16.118586],[33.755275,-16.118578],[33.755259,-16.114239],[33.75077,-16.114255],[33.750762,-16.112086],[33.746274,-16.112101]],[[33.74629,-16.11644],[33.748534,-16.116433],[33.748542,-16.118602],[33.746298,-16.11861],[33.74629,-16.11644]],[[33.721611,-16.118695],[33.723855,-16.118687],[33.723863,-16.120857],[33.721618,-16.120864],[33.721611,-16.118695]],[[33.746306,-16.120779],[33.74855,-16.120772],[33.748559,-16.122941],[33.746314,-16.122949],[33.746306,-16.120779]]]}},{"type":"Feature","properties":{"classe_codigo":2,"classe":"esparso_estavel","f_2020":0.125,"f_2025":0.125,"S1":-0.061273,"S2":-0.001995,"S3":-0.374479,"concordancia":0,"fracao_industrial":0.0,"anel":"periurbano_0_1km","dist_borda_urbano_2025_m":30.0,"unidade":"tete","area_km2":0.1152},"geometry":{"type":"Polygon","coordinates":[[[33.530857,-16.125763],[33.530863,-16.127933],[33.535352,-16.127922],[33.535346,-16.125752],[33.530857,-16.125763]]]}},{"type":"Feature","properties":{"classe_codigo":2,"classe":"esparso_estavel","f_2020":0.140625,"f_2025":0.140625,"S1":-0.056514,"S2":-0.003837,"S3":-0.210997,"concordancia":0,"fracao_industrial":0.0,"anel":"periurbano_0_1km","dist_borda_urbano_2025_m":108.17,"unidade":"tete","area_km2":0.0576},"geometry":{"type":"Polygon","coordinates":[[[33.560035,-16.125689],[33.560041,-16.127858],[33.562286,-16.127852],[33.56228,-16.125683],[33.560035,-16.125689]]]}},{"type":"Feature","properties":{"classe_codigo":4,"classe":"expansao_nova","f_2020":0.0,"f_2025":0.140625,"S1":0.281083,"S2":0.001256,"S3":0.774353,"concordancia":3,"fracao_industrial":0.0,"anel":"periurbano_0_1km","dist_borda_urbano_2025_m":60.0,"unidade":"tete","area_km2":0.0576},"geometry":{"type":"Polygon","coordinates":[[[33.586969,-16.125616],[33.586975,-16.127786],[33.589219,-16.12778],[33.589213,-16.12561],[33.586969,-16.125616]]]}},{"type":"Feature","properties":{"classe_codigo":3,"classe":"adensando","f_2020":0.109375,"f_2025":0.234375,"S1":0.061273,"S2":-0.000354,"S3":0.556483,"concordancia":2,"fracao_industrial":0.0,"anel":"periurbano_0_1km","dist_borda_urbano_2025_m":30.0,"unidade":"tete","area_km2":0.4608},"geometry":{"type":"Polygon","coordinates":[[[33.591445,-16.121265],[33.591458,-16.125604],[33.589213,-16.12561],[33.589219,-16.12778],[33.595953,-16.127761],[33.595946,-16.125591],[33.600435,-16.125579],[33.600429,-16.123409],[33.593696,-16.123428],[33.593689,-16.121258],[33.591445,-16.121265]]]}},{"type":"Feature","properties":{"classe_codigo":4,"classe":"expansao_nova","f_2020":0.0,"f_2025":0.1875,"S1":0.326294,"S2":0.00063,"S3":0.702168,"concordancia":2,"fracao_industrial":0.0,"anel":"periurbano_0_1km","dist_borda_urbano_2025_m":30.0,"unidade":"tete","area_km2":0.0576},"geometry":{"type":"Polygon","coordinates":[[[33.609413,-16.125553],[33.60942,-16.127723],[33.611664,-16.127716],[33.611658,-16.125547],[33.609413,-16.125553]]]}},{"type":"Feature","properties":{"classe_codigo":3,"classe":"adensando","f_2020":0.078125,"f_2025":0.25,"S1":0.117192,"S2":0.000496,"S3":0.502539,"concordancia":2,"fracao_industrial":0.0,"anel":"periurbano_0_1km","dist_borda_urbano_2025_m":30.0,"unidade":"tete","area_km2":0.0576},"geometry":{"type":"Polygon","coordinates":[[[33.611658,-16.125547],[33.611664,-16.127716],[33.613909,-16.12771],[33.613902,-16.12554],[33.611658,-16.125547]]]}},{"type":"Feature","properties":{"classe_codigo":3,"classe":"adensando","f_2020":0.03125,"f_2025":0.078125,"S1":0.035098,"S2":0.003006,"S3":0.501218,"concordancia":3,"fracao_industrial":0.609375,"anel":"periurbano_0_1km","dist_borda_urbano_2025_m":108.17,"unidade":"moatize_vila","area_km2":0.0576},"geometry":{"type":"Polygon","coordinates":[[[33.714901,-16.125226],[33.714909,-16.127396],[33.717153,-16.127388],[33.717145,-16.125218],[33.714901,-16.125226]]]}},{"type":"Feature","properties":{"classe_codigo":6,"classe":"pegada_industrial","f_2020":0.0,"f_2025":0.0,"S1":0.0,"S2":0.002734,"S3":0.890682,"concordancia":0,"fracao_industrial":0.890625,"anel":"periurbano_0_1km","dist_borda_urbano_2025_m":152.97,"unidade":"moatize_vila","area_km2":0.1152},"geometry":{"type":"Polygon","coordinates":[[[33.7351,-16.125157],[33.735108,-16.127327],[33.739597,-16.127311],[33.739589,-16.125142],[33.7351,-16.125157]]]}},{"type":"Feature","properties":{"classe_codigo":3,"classe":"adensando","f_2020":0.359375,"f_2025":0.625,"S1":0.085366,"S2":0.001425,"S3":0.361979,"concordancia":3,"fracao_industrial":0.0,"anel":"periurbano_0_1km","dist_borda_urbano_2025_m":30.0,"unidade":"moatize_vila","area_km2":0.1152},"geometry":{"type":"Polygon","coordinates":[[[33.739589,-16.125142],[33.739597,-16.127311],[33.744086,-16.127296],[33.744078,-16.125126],[33.739589,-16.125142]]]}},{"type":"Feature","properties":{"classe_codigo":3,"classe":"adensando","f_2020":0.09375,"f_2025":0.265625,"S1":0.101725,"S2":0.001273,"S3":0.453237,"concordancia":3,"fracao_industrial":0.0,"anel":"periurbano_0_1km","dist_borda_urbano_2025_m":67.08,"unidade":"moatize_vila","area_km2":0.1152},"geometry":{"type":"Polygon","coordinates":[[[33.748567,-16.125111],[33.748575,-16.12728],[33.753064,-16.127264],[33.753055,-16.125095],[33.748567,-16.125111]]]}},{"type":"Feature","properties":{"classe_codigo":2,"classe":"esparso_estavel","f_2020":0.328125,"f_2025":0.328125,"S1":-0.039262,"S2":-0.001995,"S3":0.192151,"concordancia":0,"fracao_industrial":0.0,"anel":"intraurbano","dist_borda_urbano_2025_m":0.0,"unidade":"tete","area_km2":0.576},"geometry":{"type":"Polygon","coordinates":[[[33.546556,-16.121384],[33.546568,-16.125724],[33.548813,-16.125718],[33.548819,-16.127887],[33.551063,-16.127882],[33.551069,-16.130051],[33.553314,-16.130045],[33.553308,-16.127876],[33.555552,-16.12787],[33.555546,-16.1257],[33.553302,-16.125706],[33.55329,-16.121367],[33.546556,-16.121384]]]}},{"type":"Feature","properties":{"classe_codigo":2,"classe":"esparso_estavel","f_2020":0.03125,"f_2025":0.03125,"S1":-0.100238,"S2":-0.001995,"S3":-0.12953,"concordancia":0,"fracao_industrial":0.0,"anel":"periurbano_0_1km","dist_borda_urbano_2025_m":134.16,"unidade":"tete","area_km2":0.1152},"geometry":{"type":"Polygon","coordinates":[[[33.53759,-16.125746],[33.537602,-16.130085],[33.539847,-16.13008],[33.539835,-16.125741],[33.53759,-16.125746]]]}},{"type":"Feature","properties":{"classe_codigo":2,"classe":"esparso_estavel","f_2020":0.046875,"f_2025":0.046875,"S1":-0.088638,"S2":-0.001995,"S3":-0.176377,"concordancia":0,"fracao_industrial":0.0,"anel":"periurbano_0_1km","dist_borda_urbano_2025_m":94.87,"unidade":"tete","area_km2":0.1152},"geometry":{"type":"Polygon","coordinates":[[[33.521885,-16.127955],[33.52189,-16.130124],[33.526379,-16.130113],[33.526374,-16.127944],[33.521885,-16.127955]]]}},{"type":"Feature","properties":{"classe_codigo":5,"classe":"consolidado","f_2020":0.90625,"f_2025":0.921875,"S1":-0.010113,"S2":-0.000176,"S3":0.144801,"concordancia":0,"fracao_industrial":0.0,"anel":"intraurbano","dist_borda_urbano_2025_m":0.0,"unidade":"tete","area_km2":0.0576},"geometry":{"type":"Polygon","coordinates":[[[33.595953,-16.127761],[33.595959,-16.12993],[33.598204,-16.129924],[33.598197,-16.127755],[33.595953,-16.127761]]]}},{"type":"Feature","properties":{"classe_codigo":3,"classe":"adensando","f_2020":0.046875,"f_2025":0.28125,"S1":0.195419,"S2":-0.001006,"S3":0.643682,"concordancia":2,"fracao_industrial":0.0,"anel":"periurbano_0_1km","dist_borda_urbano_2025_m":30.0,"unidade":"tete","area_km2":0.0576},"geometry":{"type":"Polygon","coordinates":[[[33.616153,-16.127704],[33.61616,-16.129873],[33.618404,-16.129867],[33.618398,-16.127697],[33.616153,-16.127704]]]}},{"type":"Feature","properties":{"classe_codigo":5,"classe":"consolidado","f_2020":0.90625,"f_2025":0.90625,"S1":-0.022011,"S2":-0.002018,"S3":0.14029,"concordancia":0,"fracao_industrial":0.0,"anel":"intraurbano","dist_borda_urbano_2025_m":0.0,"unidade":"tete","area_km2":0.0576},"geometry":{"type":"Polygon","coordinates":[[[33.62962,-16.127664],[33.629627,-16.129834],[33.631871,-16.129827],[33.631864,-16.127658],[33.62962,-16.127664]]]}},{"type":"Feature","properties":{"classe_codigo":4,"classe":"expansao_nova","f_2020":0.0,"f_2025":0.03125,"S1":0.056811,"S2":-0.002013,"S3":0.750754,"concordancia":2,"fracao_industrial":0.0,"anel":"periurbano_0_1km","dist_borda_urbano_2025_m":90.0,"unidade":"tete","area_km2":0.0576},"geometry":{"type":"Polygon","coordinates":[[[33.638598,-16.127638],[33.638605,-16.129807],[33.640849,-16.1298],[33.640842,-16.127631],[33.638598,-16.127638]]]}},{"type":"Feature","properties":{"classe_codigo":6,"classe":"pegada_industrial","f_2020":0.0,"f_2025":0.0,"S1":0.0,"S2":0.001824,"S3":0.42634,"concordancia":0,"fracao_industrial":0.9375,"anel":"periurbano_0_1km","dist_borda_urbano_2025_m":695.84,"unidade":"moatize_vila","area_km2":1.152},"geometry":{"type":"Polygon","coordinates":[[[33.703648,-16.116585],[33.703664,-16.120924],[33.692442,-16.120961],[33.692464,-16.12747],[33.69022,-16.127477],[33.690228,-16.129646],[33.696961,-16.129624],[33.696946,-16.125285],[33.69919,-16.125278],[33.699198,-16.127448],[33.703687,-16.127433],[33.703679,-16.125263],[33.705923,-16.125256],[33.705893,-16.116578],[33.703648,-16.116585]],[[33.699183,-16.123109],[33.701427,-16.123101],[33.701435,-16.125271],[33.69919,-16.125278],[33.699183,-16.123109]]]}},{"type":"Feature","properties":{"classe_codigo":4,"classe":"expansao_nova","f_2020":0.015625,"f_2025":0.140625,"S1":0.19066,"S2":0.001002,"S3":0.679419,"concordancia":2,"fracao_industrial":0.0,"anel":"periurbano_0_1km","dist_borda_urbano_2025_m":30.0,"unidade":"moatize_vila","area_km2":0.1728},"geometry":{"type":"Polygon","coordinates":[[[33.744078,-16.125126],[33.744086,-16.127296],[33.741842,-16.127304],[33.74185,-16.129473],[33.746339,-16.129457],[33.746322,-16.125118],[33.744078,-16.125126]]]}},{"type":"Feature","properties":{"classe_codigo":3,"classe":"adensando","f_2020":0.3125,"f_2025":0.484375,"S1":0.05235,"S2":-0.000735,"S3":0.360118,"concordancia":2,"fracao_industrial":0.0,"anel":"periurbano_0_1km","dist_borda_urbano_2025_m":30.0,"unidade":"tete","area_km2":0.1152},"geometry":{"type":"Polygon","coordinates":[[[33.634109,-16.127651],[33.634123,-16.13199],[33.636367,-16.131983],[33.636353,-16.127644],[33.634109,-16.127651]]]}},{"type":"Feature","properties":{"classe_codigo":2,"classe":"esparso_estavel","f_2020":0.0625,"f_2025":0.0625,"S1":-0.076443,"S2":-0.00166,"S3":-0.285544,"concordancia":0,"fracao_industrial":0.0,"anel":"periurbano_0_1km","dist_borda_urbano_2025_m":94.87,"unidade":"tete","area_km2":0.1152},"geometry":{"type":"Polygon","coordinates":[[[33.643087,-16.127624],[33.643101,-16.131963],[33.645345,-16.131956],[33.645331,-16.127617],[33.643087,-16.127624]]]}},{"type":"Feature","properties":{"classe_codigo":3,"classe":"adensando","f_2020":0.203125,"f_2025":0.28125,"S1":0.009816,"S2":-0.001505,"S3":0.359345,"concordancia":2,"fracao_industrial":0.0,"anel":"periurbano_0_1km","dist_borda_urbano_2025_m":30.0,"unidade":"tete","area_km2":0.0576},"geometry":{"type":"Polygon","coordinates":[[[33.607182,-16.129899],[33.607189,-16.132068],[33.609433,-16.132062],[33.609426,-16.129892],[33.607182,-16.129899]]]}},{"type":"Feature","properties":{"classe_codigo":2,"classe":"esparso_estavel","f_2020":0.0625,"f_2025":0.0625,"S1":-0.076443,"S2":0.000138,"S3":-0.285544,"concordancia":0,"fracao_industrial":0.0,"anel":"periurbano_0_1km","dist_borda_urbano_2025_m":90.0,"unidade":"moatize_vila","area_km2":0.0576},"geometry":{"type":"Polygon","coordinates":[[[33.656561,-16.129753],[33.656568,-16.131922],[33.658812,-16.131915],[33.658805,-16.129746],[33.656561,-16.129753]]]}},{"type":"Feature","properties":{"classe_codigo":6,"classe":"pegada_industrial","f_2020":0.0,"f_2025":0.0,"S1":0.0,"S2":0.007491,"S3":0.788999,"concordancia":0,"fracao_industrial":1.0,"anel":"periurbano_0_1km","dist_borda_urbano_2025_m":360.0,"unidade":"moatize_vila","area_km2":0.0576},"geometry":{"type":"Polygon","coordinates":[[[33.739605,-16.129481],[33.739613,-16.13165],[33.741858,-16.131643],[33.74185,-16.129473],[33.739605,-16.129481]]]}},{"type":"Feature","properties":{"classe_codigo":2,"classe":"esparso_estavel","f_2020":0.140625,"f_2025":0.140625,"S1":-0.056514,"S2":-0.00121,"S3":0.224367,"concordancia":0,"fracao_industrial":0.0,"anel":"periurbano_0_1km","dist_borda_urbano_2025_m":67.08,"unidade":"tete","area_km2":0.0576},"geometry":{"type":"Polygon","coordinates":[[[33.649834,-16.131943],[33.649841,-16.134112],[33.652086,-16.134105],[33.652079,-16.131936],[33.649834,-16.131943]]]}},{"type":"Feature","properties":{"classe_codigo":6,"classe":"pegada_industrial","f_2020":0.0,"f_2025":0.0,"S1":0.0,"S2":0.007571,"S3":0.810342,"concordancia":0,"fracao_industrial":0.828125,"anel":"periurbano_0_1km","dist_borda_urbano_2025_m":212.13,"unidade":"moatize_vila","area_km2":0.0576},"geometry":{"type":"Polygon","coordinates":[[[33.741858,-16.131643],[33.741866,-16.133812],[33.74411,-16.133804],[33.744102,-16.131635],[33.741858,-16.131643]]]}},{"type":"Feature","properties":{"classe_codigo":2,"classe":"esparso_estavel","f_2020":0.671875,"f_2025":0.703125,"S1":-0.016657,"S2":0.003433,"S3":0.236262,"concordancia":1,"fracao_industrial":0.0,"anel":"intraurbano","dist_borda_urbano_2025_m":0.0,"unidade":"moatize_vila","area_km2":0.0576},"geometry":{"type":"Polygon","coordinates":[[[33.746347,-16.131627],[33.746355,-16.133796],[33.748599,-16.133789],[33.748591,-16.131619],[33.746347,-16.131627]]]}},{"type":"Feature","properties":{"classe_codigo":3,"classe":"adensando","f_2020":0.359375,"f_2025":0.53125,"S1":0.038667,"S2":0.001264,"S3":0.326581,"concordancia":2,"fracao_industrial":0.0,"anel":"intraurbano","dist_borda_urbano_2025_m":0.0,"unidade":"tete","area_km2":0.4032},"geometry":{"type":"Polygon","coordinates":[[[33.584731,-16.127792],[33.584737,-16.129962],[33.586981,-16.129955],[33.587001,-16.136464],[33.59149,-16.136452],[33.591477,-16.132113],[33.589232,-16.132119],[33.589219,-16.12778],[33.584731,-16.127792]]]}},{"type":"Feature","properties":{"classe_codigo":3,"classe":"adensando","f_2020":0.390625,"f_2025":0.671875,"S1":0.094587,"S2":0.004035,"S3":0.378911,"concordancia":3,"fracao_industrial":0.0,"anel":"periurbano_0_1km","dist_borda_urbano_2025_m":0.0,"unidade":"moatize_vila","area_km2":0.4608},"geometry":{"type":"Polygon","coordinates":[[[33.74633,-16.127288],[33.746339,-16.129457],[33.744094,-16.129465],[33.744118,-16.135974],[33.748607,-16.135958],[33.748599,-16.133789],[33.750844,-16.133781],[33.750827,-16.129442],[33.748583,-16.12945],[33.748575,-16.12728],[33.74633,-16.127288]],[[33.746347,-16.131627],[33.748591,-16.131619],[33.748599,-16.133789],[33.746355,-16.133796],[33.746347,-16.131627]]]}},{"type":"Feature","properties":{"classe_codigo":2,"classe":"esparso_estavel","f_2020":0.03125,"f_2025":0.03125,"S1":-0.100238,"S2":0.083242,"S3":-0.209697,"concordancia":1,"fracao_industrial":0.0,"anel":"periurbano_0_1km","dist_borda_urbano_2025_m":150.0,"unidade":"tete","area_km2":0.2304},"geometry":{"type":"Polygon","coordinates":[[[33.49945,-16.132348],[33.499461,-16.136687],[33.503951,-16.136676],[33.50394,-16.132337],[33.49945,-16.132348]]]}},{"type":"Feature","properties":{"classe_codigo":4,"classe":"expansao_nova","f_2020":0.0,"f_2025":0.03125,"S1":0.056811,"S2":0.000375,"S3":0.647682,"concordancia":2,"fracao_industrial":0.0,"anel":"periurbano_0_1km","dist_borda_urbano_2025_m":134.16,"unidade":"tete","area_km2":0.1152},"geometry":{"type":"Polygon","coordinates":[[[33.584743,-16.132131],[33.584756,-16.13647],[33.587001,-16.136464],[33.586988,-16.132125],[33.584743,-16.132131]]]}},{"type":"Feature","properties":{"classe_codigo":4,"classe":"expansao_nova","f_2020":0.0,"f_2025":0.109375,"S1":0.24301,"S2":3.8e-05,"S3":0.820856,"concordancia":2,"fracao_industrial":0.0,"anel":"periurbano_0_1km","dist_borda_urbano_2025_m":84.85,"unidade":"tete","area_km2":0.0576},"geometry":{"type":"Polygon","coordinates":[[[33.636374,-16.134153],[33.636381,-16.136322],[33.638626,-16.136316],[33.638619,-16.134146],[33.636374,-16.134153]]]}},{"type":"Feature","properties":{"classe_codigo":2,"classe":"esparso_estavel","f_2020":0.0625,"f_2025":0.0625,"S1":-0.076443,"S2":-0.001367,"S3":-0.285544,"concordancia":0,"fracao_industrial":0.0,"anel":"periurbano_0_1km","dist_borda_urbano_2025_m":84.85,"unidade":"tete","area_km2":0.0576},"geometry":{"type":"Polygon","coordinates":[[[33.643108,-16.134133],[33.643115,-16.136302],[33.645359,-16.136295],[33.645352,-16.134126],[33.643108,-16.134133]]]}},{"type":"Feature","properties":{"classe_codigo":4,"classe":"expansao_nova","f_2020":0.015625,"f_2025":0.03125,"S1":-0.033611,"S2":0.002688,"S3":0.618166,"concordancia":2,"fracao_industrial":0.0,"anel":"periurbano_0_1km","dist_borda_urbano_2025_m":123.69,"unidade":"moatize_vila","area_km2":0.0576},"geometry":{"type":"Polygon","coordinates":[[[33.748599,-16.133789],[33.748607,-16.135958],[33.750852,-16.13595],[33.750844,-16.133781],[33.748599,-16.133789]]]}},{"type":"Feature","properties":{"classe_codigo":5,"classe":"consolidado","f_2020":0.921875,"f_2025":0.953125,"S1":0.005354,"S2":0.000241,"S3":0.041582,"concordancia":0,"fracao_industrial":0.0,"anel":"intraurbano","dist_borda_urbano_2025_m":0.0,"unidade":"tete","area_km2":0.0576},"geometry":{"type":"Polygon","coordinates":[[[33.611691,-16.136395],[33.611698,-16.138564],[33.613942,-16.138558],[33.613935,-16.136388],[33.611691,-16.136395]]]}},{"type":"Feature","properties":{"classe_codigo":3,"classe":"adensando","f_2020":0.078125,"f_2025":0.203125,"S1":0.081202,"S2":0.00031,"S3":0.552687,"concordancia":2,"fracao_industrial":0.0,"anel":"periurbano_0_1km","dist_borda_urbano_2025_m":30.0,"unidade":"tete","area_km2":0.0576},"geometry":{"type":"Polygon","coordinates":[[[33.636381,-16.136322],[33.636388,-16.138492],[33.638633,-16.138485],[33.638626,-16.136316],[33.636381,-16.136322]]]}},{"type":"Feature","properties":{"classe_codigo":4,"classe":"expansao_nova","f_2020":0.0,"f_2025":0.0625,"S1":0.156454,"S2":-0.005484,"S3":-0.052647,"concordancia":1,"fracao_industrial":0.0,"anel":"periurbano_1_3km","dist_borda_urbano_2025_m":0.0,"unidade":"moatize_vila","area_km2":0.0576},"geometry":{"type":"Polygon","coordinates":[[[33.762074,-16.13591],[33.762083,-16.13808],[33.764327,-16.138072],[33.764319,-16.135902],[33.762074,-16.13591]]]}},{"type":"Feature","properties":{"classe_codigo":2,"classe":"esparso_estavel","f_2020":0.421875,"f_2025":0.578125,"S1":0.028852,"S2":-0.00077,"S3":0.313767,"concordancia":1,"fracao_industrial":0.0,"anel":"periurbano_0_1km","dist_borda_urbano_2025_m":67.08,"unidade":"tete","area_km2":1.3824},"geometry":{"type":"Polygon","coordinates":[[[33.634088,-16.121142],[33.634102,-16.125481],[33.629613,-16.125495],[33.62962,-16.127664],[33.625131,-16.127677],[33.625138,-16.129847],[33.627382,-16.12984],[33.627389,-16.13201],[33.629634,-16.132003],[33.629641,-16.134173],[33.631885,-16.134166],[33.631899,-16.138505],[33.634143,-16.138499],[33.63415,-16.140668],[33.63864,-16.140655],[33.638633,-16.138485],[33.636388,-16.138492],[33.636367,-16.131983],[33.638612,-16.131977],[33.638584,-16.123298],[33.636339,-16.123305],[33.636333,-16.121136],[33.634088,-16.121142]],[[33.62962,-16.127664],[33.631864,-16.127658],[33.631871,-16.129827],[33.629627,-16.129834],[33.62962,-16.127664]],[[33.634109,-16.127651],[33.636353,-16.127644],[33.636367,-16.131983],[33.634123,-16.13199],[33.634109,-16.127651]]]}},{"type":"Feature","properties":{"classe_codigo":4,"classe":"expansao_nova","f_2020":0.015625,"f_2025":0.046875,"S1":0.023795,"S2":0.004412,"S3":0.107321,"concordancia":2,"fracao_industrial":0.0,"anel":"periurbano_0_1km","dist_borda_urbano_2025_m":0.0,"unidade":"tete","area_km2":0.0576},"geometry":{"type":"Polygon","coordinates":[[[33.53987,-16.138758],[33.539876,-16.140928],[33.542121,-16.140922],[33.542115,-16.138752],[33.53987,-16.138758]]]}},{"type":"Feature","properties":{"classe_codigo":3,"classe":"adensando","f_2020":0.09375,"f_2025":0.15625,"S1":0.011898,"S2":-0.002306,"S3":0.427903,"concordancia":2,"fracao_industrial":0.0,"anel":"periurbano_0_1km","dist_borda_urbano_2025_m":0.0,"unidade":"tete","area_km2":0.0576},"geometry":{"type":"Polygon","coordinates":[[[33.566805,-16.138688],[33.566812,-16.140858],[33.569056,-16.140852],[33.56905,-16.138682],[33.566805,-16.138688]]]}},{"type":"Feature","properties":{"classe_codigo":5,"classe":"consolidado","f_2020":0.9375,"f_2025":0.9375,"S1":-0.0232,"S2":-0.000271,"S3":0.127972,"concordancia":0,"fracao_industrial":0.0,"anel":"intraurbano","dist_borda_urbano_2025_m":0.0,"unidade":"tete","area_km2":0.0576},"geometry":{"type":"Polygon","coordinates":[[[33.593741,-16.138615],[33.593747,-16.140784],[33.595992,-16.140778],[33.595985,-16.138609],[33.593741,-16.138615]]]}},{"type":"Feature","properties":{"classe_codigo":2,"classe":"esparso_estavel","f_2020":0.84375,"f_2025":0.859375,"S1":-0.018739,"S2":-0.000358,"S3":0.206745,"concordancia":0,"fracao_industrial":0.0,"anel":"intraurbano","dist_borda_urbano_2025_m":0.0,"unidade":"tete","area_km2":0.0576},"geometry":{"type":"Polygon","coordinates":[[[33.595985,-16.138609],[33.595992,-16.140778],[33.598236,-16.140772],[33.59823,-16.138602],[33.595985,-16.138609]]]}},{"type":"Feature","properties":{"classe_codigo":4,"classe":"expansao_nova","f_2020":0.015625,"f_2025":0.03125,"S1":-0.033611,"S2":0.000506,"S3":0.619207,"concordancia":1,"fracao_industrial":0.0,"anel":"periurbano_0_1km","dist_borda_urbano_2025_m":108.17,"unidade":"tete","area_km2":0.0576},"geometry":{"type":"Polygon","coordinates":[[[33.638633,-16.138485],[33.63864,-16.140655],[33.640884,-16.140648],[33.640877,-16.138478],[33.638633,-16.138485]]]}},{"type":"Feature","properties":{"classe_codigo":6,"classe":"pegada_industrial","f_2020":0.0,"f_2025":0.0,"S1":0.0,"S2":-0.00239,"S3":0.464515,"concordancia":0,"fracao_industrial":0.78125,"anel":"periurbano_1_3km","dist_borda_urbano_2025_m":942.02,"unidade":"moatize_vila","area_km2":0.0576},"geometry":{"type":"Polygon","coordinates":[[[33.773305,-16.138039],[33.773314,-16.140209],[33.775558,-16.140201],[33.77555,-16.138031],[33.773305,-16.138039]]]}},{"type":"Feature","properties":{"classe_codigo":2,"classe":"esparso_estavel","f_2020":0.0625,"f_2025":0.0625,"S1":-0.076443,"S2":-0.001995,"S3":0.248726,"concordancia":0,"fracao_industrial":0.0,"anel":"periurbano_0_1km","dist_borda_urbano_2025_m":90.0,"unidade":"tete","area_km2":0.288},"geometry":{"type":"Polygon","coordinates":[[[33.515179,-16.138819],[33.515185,-16.140989],[33.51294,-16.140994],[33.512946,-16.143164],[33.51968,-16.143147],[33.519668,-16.138808],[33.515179,-16.138819]]]}},{"type":"Feature","properties":{"classe_codigo":4,"classe":"expansao_nova","f_2020":0.0,"f_2025":0.03125,"S1":0.056811,"S2":-0.001995,"S3":-0.052647,"concordancia":1,"fracao_industrial":0.0,"anel":"periurbano_1_3km","dist_borda_urbano_2025_m":120.0,"unidade":"tete","area_km2":0.1152},"geometry":{"type":"Polygon","coordinates":[[[33.528653,-16.140956],[33.528658,-16.143125],[33.533148,-16.143114],[33.533142,-16.140945],[33.528653,-16.140956]]]}},{"type":"Feature","properties":{"classe_codigo":2,"classe":"esparso_estavel","f_2020":0.046875,"f_2025":0.046875,"S1":-0.088638,"S2":-0.004334,"S3":-0.255503,"concordancia":0,"fracao_industrial":0.0,"anel":"periurbano_0_1km","dist_borda_urbano_2025_m":90.0,"unidade":"tete","area_km2":0.0576},"geometry":{"type":"Polygon","coordinates":[[[33.555588,-16.140887],[33.555595,-16.143057],[33.557839,-16.143051],[33.557833,-16.140881],[33.555588,-16.140887]]]}},{"type":"Feature","properties":{"classe_codigo":2,"classe":"esparso_estavel","f_2020":0.296875,"f_2025":0.296875,"S1":-0.03718,"S2":0.005317,"S3":0.29879,"concordancia":1,"fracao_industrial":0.0,"anel":"periurbano_0_1km","dist_borda_urbano_2025_m":60.0,"unidade":"tete","area_km2":0.0576},"geometry":{"type":"Polygon","coordinates":[[[33.573546,-16.14084],[33.573552,-16.143009],[33.575796,-16.143003],[33.57579,-16.140834],[33.573546,-16.14084]]]}},{"type":"Feature","properties":{"classe_codigo":4,"classe":"expansao_nova","f_2020":0.015625,"f_2025":0.03125,"S1":-0.033611,"S2":0.000437,"S3":0.638988,"concordancia":1,"fracao_industrial":0.0,"anel":"periurbano_0_1km","dist_borda_urbano_2025_m":150.0,"unidade":"tete","area_km2":0.0576},"geometry":{"type":"Polygon","coordinates":[[[33.60946,-16.14074],[33.609466,-16.14291],[33.611711,-16.142903],[33.611704,-16.140734],[33.60946,-16.14074]]]}},{"type":"Feature","properties":{"classe_codigo":2,"classe":"esparso_estavel","f_2020":0.640625,"f_2025":0.671875,"S1":-0.016062,"S2":0.001206,"S3":0.263057,"concordancia":1,"fracao_industrial":0.0,"anel":"intraurbano","dist_borda_urbano_2025_m":0.0,"unidade":"tete","area_km2":0.0576},"geometry":{"type":"Polygon","coordinates":[[[33.63864,-16.140655],[33.638646,-16.142824],[33.640891,-16.142818],[33.640884,-16.140648],[33.63864,-16.140655]]]}},{"type":"Feature","properties":{"classe_codigo":4,"classe":"expansao_nova","f_2020":0.015625,"f_2025":0.03125,"S1":-0.033611,"S2":0.000701,"S3":0.435969,"concordancia":1,"fracao_industrial":0.0,"anel":"periurbano_0_1km","dist_borda_urbano_2025_m":134.16,"unidade":"tete","area_km2":0.0576},"geometry":{"type":"Polygon","coordinates":[[[33.640884,-16.140648],[33.640891,-16.142818],[33.643136,-16.142811],[33.643129,-16.140641],[33.640884,-16.140648]]]}},{"type":"Feature","properties":{"classe_codigo":2,"classe":"esparso_estavel","f_2020":0.0625,"f_2025":0.0625,"S1":-0.076443,"S2":0.000521,"S3":0.317267,"concordancia":0,"fracao_industrial":0.0,"anel":"periurbano_0_1km","dist_borda_urbano_2025_m":67.08,"unidade":"tete","area_km2":0.0576},"geometry":{"type":"Polygon","coordinates":[[[33.649863,-16.140621],[33.64987,-16.14279],[33.652114,-16.142784],[33.652107,-16.140614],[33.649863,-16.140621]]]}},{"type":"Feature","properties":{"classe_codigo":6,"classe":"pegada_industrial","f_2020":0.0,"f_2025":0.0,"S1":0.0,"S2":-0.003918,"S3":0.0,"concordancia":0,"fracao_industrial":0.96875,"anel":"periurbano_1_3km","dist_borda_urbano_2025_m":1116.47,"unidade":"moatize_vila","area_km2":0.0576},"geometry":{"type":"Polygon","coordinates":[[[33.667819,-16.140565],[33.667827,-16.142735],[33.670071,-16.142728],[33.670064,-16.140558],[33.667819,-16.140565]]]}},{"type":"Feature","properties":{"classe_codigo":6,"classe":"pegada_industrial","f_2020":0.0,"f_2025":0.0,"S1":0.0,"S2":-0.00481,"S3":0.340448,"concordancia":0,"fracao_industrial":0.921875,"anel":"periurbano_1_3km","dist_borda_urbano_2025_m":865.33,"unidade":"moatize_vila","area_km2":0.0576},"geometry":{"type":"Polygon","coordinates":[[[33.768825,-16.140225],[33.768833,-16.142395],[33.771078,-16.142386],[33.771069,-16.140217],[33.768825,-16.140225]]]}},{"type":"Feature","properties":{"classe_codigo":4,"classe":"expansao_nova","f_2020":0.015625,"f_2025":0.140625,"S1":0.19066,"S2":-0.002137,"S3":0.657035,"concordancia":2,"fracao_industrial":0.0,"anel":"periurbano_0_1km","dist_borda_urbano_2025_m":67.08,"unidade":"tete","area_km2":0.1152},"geometry":{"type":"Polygon","coordinates":[[[33.555595,-16.143057],[33.555601,-16.145226],[33.56009,-16.145215],[33.560084,-16.143045],[33.555595,-16.143057]]]}},{"type":"Feature","properties":{"classe_codigo":2,"classe":"esparso_estavel","f_2020":0.359375,"f_2025":0.359375,"S1":-0.044616,"S2":-0.000452,"S3":0.361285,"concordancia":1,"fracao_industrial":0.0,"anel":"periurbano_0_1km","dist_borda_urbano_2025_m":42.43,"unidade":"tete","area_km2":0.0576},"geometry":{"type":"Polygon","coordinates":[[[33.575796,-16.143003],[33.575803,-16.145173],[33.578047,-16.145167],[33.578041,-16.142997],[33.575796,-16.143003]]]}},{"type":"Feature","properties":{"classe_codigo":3,"classe":"adensando","f_2020":0.109375,"f_2025":0.125,"S1":-0.045806,"S2":0.001574,"S3":0.488983,"concordancia":2,"fracao_industrial":0.0,"anel":"periurbano_0_1km","dist_borda_urbano_2025_m":108.17,"unidade":"tete","area_km2":0.0576},"geometry":{"type":"Polygon","coordinates":[[[33.640891,-16.142818],[33.640898,-16.144987],[33.643143,-16.14498],[33.643136,-16.142811],[33.640891,-16.142818]]]}},{"type":"Feature","properties":{"classe_codigo":2,"classe":"esparso_estavel","f_2020":0.03125,"f_2025":0.03125,"S1":-0.100238,"S2":0.001517,"S3":-0.209697,"concordancia":1,"fracao_industrial":0.0,"anel":"periurbano_0_1km","dist_borda_urbano_2025_m":90.0,"unidade":"tete","area_km2":0.0576},"geometry":{"type":"Polygon","coordinates":[[[33.643136,-16.142811],[33.643143,-16.14498],[33.645387,-16.144974],[33.64538,-16.142804],[33.643136,-16.142811]]]}},{"type":"Feature","properties":{"classe_codigo":3,"classe":"adensando","f_2020":0.203125,"f_2025":0.40625,"S1":0.07555,"S2":-0.001218,"S3":0.431703,"concordancia":2,"fracao_industrial":0.0,"anel":"periurbano_0_1km","dist_borda_urbano_2025_m":60.0,"unidade":"tete","area_km2":0.0576},"geometry":{"type":"Polygon","coordinates":[[[33.56009,-16.145215],[33.560096,-16.147384],[33.562341,-16.147378],[33.562335,-16.145209],[33.56009,-16.145215]]]}},{"type":"Feature","properties":{"classe_codigo":2,"classe":"esparso_estavel","f_2020":0.15625,"f_2025":0.15625,"S1":-0.054432,"S2":-0.001938,"S3":0.363135,"concordancia":1,"fracao_industrial":0.0,"anel":"periurbano_0_1km","dist_borda_urbano_2025_m":90.0,"unidade":"tete","area_km2":0.0576},"geometry":{"type":"Polygon","coordinates":[[[33.578047,-16.145167],[33.578054,-16.147336],[33.580298,-16.14733],[33.580292,-16.145161],[33.578047,-16.145167]]]}},{"type":"Feature","properties":{"classe_codigo":4,"classe":"expansao_nova","f_2020":0.0,"f_2025":0.03125,"S1":0.056811,"S2":0.00239,"S3":0.806107,"concordancia":3,"fracao_industrial":0.0,"anel":"periurbano_0_1km","dist_borda_urbano_2025_m":60.0,"unidade":"tete","area_km2":0.0576},"geometry":{"type":"Polygon","coordinates":[[[33.640898,-16.144987],[33.640905,-16.147157],[33.64315,-16.14715],[33.643143,-16.14498],[33.640898,-16.144987]]]}},{"type":"Feature","properties":{"classe_codigo":4,"classe":"expansao_nova","f_2020":0.015625,"f_2025":0.046875,"S1":0.023795,"S2":0.000731,"S3":0.647144,"concordancia":2,"fracao_industrial":0.0,"anel":"periurbano_0_1km","dist_borda_urbano_2025_m":90.0,"unidade":"tete","area_km2":0.0576},"geometry":{"type":"Polygon","coordinates":[[[33.546628,-16.147419],[33.546634,-16.149589],[33.548878,-16.149583],[33.548872,-16.147413],[33.546628,-16.147419]]]}},{"type":"Feature","properties":{"classe_codigo":2,"classe":"esparso_estavel","f_2020":0.359375,"f_2025":0.609375,"S1":0.076443,"S2":-0.000701,"S3":0.347751,"concordancia":1,"fracao_industrial":0.0,"anel":"periurbano_0_1km","dist_borda_urbano_2025_m":0.0,"unidade":"tete","area_km2":0.0576},"geometry":{"type":"Polygon","coordinates":[[[33.562341,-16.147378],[33.562347,-16.149548],[33.564592,-16.149542],[33.564585,-16.147372],[33.562341,-16.147378]]]}},{"type":"Feature","properties":{"classe_codigo":5,"classe":"consolidado","f_2020":0.984375,"f_2025":0.984375,"S1":-0.016359,"S2":0.000529,"S3":0.07711,"concordancia":0,"fracao_industrial":0.0,"anel":"intraurbano","dist_borda_urbano_2025_m":0.0,"unidade":"tete","area_km2":2.1312},"geometry":{"type":"Polygon","coordinates":[[[33.622893,-16.129854],[33.6229,-16.132023],[33.620656,-16.13203],[33.620662,-16.134199],[33.622907,-16.134193],[33.62292,-16.138532],[33.625165,-16.138525],[33.625185,-16.145034],[33.62743,-16.145027],[33.627437,-16.147197],[33.629682,-16.14719],[33.629695,-16.151529],[33.634185,-16.151516],[33.634178,-16.149346],[33.631933,-16.149353],[33.631926,-16.147183],[33.634171,-16.147177],[33.634164,-16.145007],[33.640898,-16.144987],[33.640891,-16.142818],[33.638646,-16.142824],[33.63864,-16.140655],[33.63415,-16.140668],[33.634143,-16.138499],[33.631899,-16.138505],[33.631885,-16.134166],[33.629641,-16.134173],[33.629634,-16.132003],[33.627389,-16.13201],[33.627382,-16.12984],[33.622893,-16.129854]]]}},{"type":"Feature","properties":{"classe_codigo":2,"classe":"esparso_estavel","f_2020":0.453125,"f_2025":0.453125,"S1":-0.038667,"S2":-0.00154,"S3":0.209681,"concordancia":0,"fracao_industrial":0.0,"anel":"periurbano_0_1km","dist_borda_urbano_2025_m":42.43,"unidade":"tete","area_km2":0.8064},"geometry":{"type":"Polygon","coordinates":[[[33.587001,-16.136464],[33.587007,-16.138634],[33.589252,-16.138627],[33.589258,-16.140797],[33.591503,-16.140791],[33.591535,-16.151638],[33.596024,-16.151626],[33.596018,-16.149456],[33.593773,-16.149463],[33.59376,-16.145124],[33.596005,-16.145117],[33.595992,-16.140778],[33.593747,-16.140784],[33.593741,-16.138615],[33.595985,-16.138609],[33.595979,-16.136439],[33.587001,-16.136464]]]}},{"type":"Feature","properties":{"classe_codigo":5,"classe":"consolidado","f_2020":0.96875,"f_2025":0.984375,"S1":0.003569,"S2":-0.000222,"S3":0.047238,"concordancia":0,"fracao_industrial":0.0,"anel":"intraurbano","dist_borda_urbano_2025_m":0.0,"unidade":"tete","area_km2":0.2304},"geometry":{"type":"Polygon","coordinates":[[[33.548872,-16.147413],[33.548878,-16.149583],[33.553368,-16.149571],[33.553374,-16.151741],[33.555619,-16.151735],[33.555607,-16.147396],[33.548872,-16.147413]]]}},{"type":"Feature","properties":{"classe_codigo":2,"classe":"esparso_estavel","f_2020":0.78125,"f_2025":0.796875,"S1":-0.022308,"S2":-0.002188,"S3":0.23924,"concordancia":0,"fracao_industrial":0.0,"anel":"intraurbano","dist_borda_urbano_2025_m":0.0,"unidade":"tete","area_km2":0.1152},"geometry":{"type":"Polygon","coordinates":[[[33.580298,-16.14733],[33.580311,-16.151669],[33.582556,-16.151663],[33.582543,-16.147324],[33.580298,-16.14733]]]}},{"type":"Feature","properties":{"classe_codigo":4,"classe":"expansao_nova","f_2020":0.0,"f_2025":0.03125,"S1":0.056811,"S2":0.001976,"S3":0.689848,"concordancia":3,"fracao_industrial":0.0,"anel":"periurbano_0_1km","dist_borda_urbano_2025_m":150.0,"unidade":"tete","area_km2":0.0576},"geometry":{"type":"Polygon","coordinates":[[[33.640912,-16.149326],[33.640919,-16.151496],[33.643164,-16.151489],[33.643157,-16.149319],[33.640912,-16.149326]]]}},{"type":"Feature","properties":{"classe_codigo":2,"classe":"esparso_estavel","f_2020":0.859375,"f_2025":0.921875,"S1":0.018441,"S2":0.000178,"S3":0.171968,"concordancia":1,"fracao_industrial":0.0,"anel":"intraurbano","dist_borda_urbano_2025_m":0.0,"unidade":"tete","area_km2":6.1632},"geometry":{"type":"Polygon","coordinates":[[[33.593683,-16.119089],[33.593689,-16.121258],[33.595933,-16.121252],[33.59594,-16.123422],[33.600429,-16.123409],[33.600435,-16.125579],[33.595946,-16.125591],[33.595953,-16.127761],[33.589219,-16.12778],[33.589232,-16.132119],[33.591477,-16.132113],[33.591483,-16.134282],[33.598217,-16.134263],[33.59821,-16.132094],[33.600455,-16.132087],[33.600461,-16.134257],[33.604951,-16.134244],[33.604957,-16.136414],[33.607202,-16.136407],[33.607228,-16.145086],[33.609473,-16.145079],[33.609479,-16.147249],[33.613969,-16.147236],[33.613976,-16.149405],[33.61622,-16.149399],[33.616234,-16.153738],[33.618478,-16.153732],[33.618472,-16.151562],[33.625206,-16.151542],[33.625213,-16.153712],[33.627457,-16.153705],[33.627451,-16.151536],[33.629695,-16.151529],[33.629682,-16.14719],[33.627437,-16.147197],[33.62743,-16.145027],[33.625185,-16.145034],[33.625165,-16.138525],[33.62292,-16.138532],[33.622907,-16.134193],[33.620662,-16.134199],[33.620656,-16.13203],[33.6229,-16.132023],[33.62288,-16.125514],[33.620635,-16.125521],[33.620642,-16.127691],[33.618398,-16.127697],[33.618404,-16.129867],[33.61616,-16.129873],[33.616146,-16.125534],[33.613902,-16.12554],[33.613915,-16.12988],[33.611671,-16.129886],[33.611684,-16.134225],[33.60944,-16.134232],[33.609433,-16.132062],[33.607189,-16.132068],[33.607169,-16.12556],[33.60268,-16.125572],[33.602667,-16.121233],[33.598178,-16.121246],[33.598171,-16.119076],[33.593683,-16.119089]],[[33.595953,-16.127761],[33.598197,-16.127755],[33.598204,-16.129924],[33.595959,-16.12993],[33.595953,-16.127761]],[[33.611691,-16.136395],[33.613935,-16.136388],[33.613942,-16.138558],[33.611698,-16.138564],[33.611691,-16.136395]],[[33.60946,-16.14074],[33.611704,-16.140734],[33.611711,-16.142903],[33.609466,-16.14291],[33.60946,-16.14074]]]}},{"type":"Feature","properties":{"classe_codigo":2,"classe":"esparso_estavel","f_2020":0.578125,"f_2025":0.671875,"S1":0.009816,"S2":-0.000956,"S3":0.151506,"concordancia":1,"fracao_industrial":0.0,"anel":"intraurbano","dist_borda_urbano_2025_m":0.0,"unidade":"tete","area_km2":0.7488},"geometry":{"type":"Polygon","coordinates":[[[33.56905,-16.138682],[33.569056,-16.140852],[33.566812,-16.140858],[33.566836,-16.149536],[33.564592,-16.149542],[33.564604,-16.153881],[33.566849,-16.153875],[33.566843,-16.151706],[33.569087,-16.1517],[33.569081,-16.14953],[33.571326,-16.149524],[33.571301,-16.140846],[33.573546,-16.14084],[33.573539,-16.13867],[33.56905,-16.138682]]]}},{"type":"Feature","properties":{"classe_codigo":2,"classe":"esparso_estavel","f_2020":0.15625,"f_2025":0.15625,"S1":-0.054432,"S2":-0.000919,"S3":-0.200981,"concordancia":0,"fracao_industrial":0.0,"anel":"periurbano_0_1km","dist_borda_urbano_2025_m":90.0,"unidade":"tete","area_km2":0.1152},"geometry":{"type":"Polygon","coordinates":[[[33.571326,-16.149524],[33.571338,-16.153863],[33.573583,-16.153857],[33.573571,-16.149518],[33.571326,-16.149524]]]}},{"type":"Feature","properties":{"classe_codigo":2,"classe":"esparso_estavel","f_2020":0.875,"f_2025":0.890625,"S1":-0.015764,"S2":-0.000498,"S3":0.147948,"concordancia":0,"fracao_industrial":0.0,"anel":"intraurbano","dist_borda_urbano_2025_m":0.0,"unidade":"tete","area_km2":0.0576},"geometry":{"type":"Polygon","coordinates":[[[33.560108,-16.151723],[33.560114,-16.153893],[33.562359,-16.153887],[33.562353,-16.151717],[33.560108,-16.151723]]]}},{"type":"Feature","properties":{"classe_codigo":4,"classe":"expansao_nova","f_2020":0.015625,"f_2025":0.078125,"S1":0.101725,"S2":-0.001968,"S3":0.501039,"concordancia":2,"fracao_industrial":0.0,"anel":"periurbano_0_1km","dist_borda_urbano_2025_m":94.87,"unidade":"tete","area_km2":0.0576},"geometry":{"type":"Polygon","coordinates":[[[33.59378,-16.151632],[33.593786,-16.153802],[33.596031,-16.153796],[33.596024,-16.151626],[33.59378,-16.151632]]]}},{"type":"Feature","properties":{"classe_codigo":5,"classe":"consolidado","f_2020":0.9375,"f_2025":0.9375,"S1":-0.0232,"S2":0.000896,"S3":0.121378,"concordancia":0,"fracao_industrial":0.0,"anel":"intraurbano","dist_borda_urbano_2025_m":0.0,"unidade":"tete","area_km2":0.1728},"geometry":{"type":"Polygon","coordinates":[[[33.618472,-16.151562],[33.618478,-16.153732],[33.625213,-16.153712],[33.625206,-16.151542],[33.618472,-16.151562]]]}},{"type":"Feature","properties":{"classe_codigo":2,"classe":"esparso_estavel","f_2020":0.734375,"f_2025":0.765625,"S1":-0.014575,"S2":0.001195,"S3":0.216854,"concordancia":1,"fracao_industrial":0.0,"anel":"intraurbano","dist_borda_urbano_2025_m":0.0,"unidade":"tete","area_km2":0.5184},"geometry":{"type":"Polygon","coordinates":[[[33.634164,-16.145007],[33.634171,-16.147177],[33.631926,-16.147183],[33.631933,-16.149353],[33.634178,-16.149346],[33.634199,-16.155855],[33.636443,-16.155848],[33.63643,-16.151509],[33.638674,-16.151502],[33.638653,-16.144994],[33.634164,-16.145007]]]}},{"type":"Feature","properties":{"classe_codigo":6,"classe":"pegada_industrial","f_2020":0.0,"f_2025":0.0,"S1":0.0,"S2":-0.003162,"S3":0.0,"concordancia":0,"fracao_industrial":0.765625,"anel":"periurbano_1_3km","dist_borda_urbano_2025_m":1585.18,"unidade":"moatize_vila","area_km2":0.864},"geometry":{"type":"Polygon","coordinates":[[[33.663337,-16.142749],[33.663345,-16.144918],[33.658855,-16.144932],[33.658862,-16.147102],[33.656618,-16.147109],[33.656639,-16.153617],[33.658884,-16.15361],[33.658891,-16.15578],[33.661136,-16.155773],[33.661129,-16.153603],[33.663373,-16.153597],[33.663359,-16.149257],[33.665604,-16.14925],[33.665589,-16.144911],[33.667834,-16.144904],[33.667827,-16.142735],[33.663337,-16.142749]],[[33.658862,-16.147102],[33.661107,-16.147095],[33.661114,-16.149264],[33.65887,-16.149271],[33.658862,-16.147102]]]}},{"type":"Feature","properties":{"classe_codigo":2,"classe":"esparso_estavel","f_2020":0.359375,"f_2025":0.359375,"S1":-0.044616,"S2":-6.9e-05,"S3":0.327449,"concordancia":0,"fracao_industrial":0.0,"anel":"periurbano_0_1km","dist_borda_urbano_2025_m":30.0,"unidade":"tete","area_km2":0.2304},"geometry":{"type":"Polygon","coordinates":[[[33.596024,-16.151626],[33.596037,-16.155965],[33.600527,-16.155952],[33.600514,-16.151613],[33.596024,-16.151626]]]}},{"type":"Feature","properties":{"classe_codigo":3,"classe":"adensando","f_2020":0.078125,"f_2025":0.234375,"S1":0.105889,"S2":0.001999,"S3":0.507224,"concordancia":3,"fracao_industrial":0.0,"anel":"periurbano_0_1km","dist_borda_urbano_2025_m":30.0,"unidade":"tete","area_km2":0.3456},"geometry":{"type":"Polygon","coordinates":[[[33.638653,-16.144994],[33.638674,-16.151502],[33.63643,-16.151509],[33.636437,-16.153679],[33.638681,-16.153672],[33.638688,-16.155841],[33.640933,-16.155835],[33.640898,-16.144987],[33.638653,-16.144994]]]}},{"type":"Feature","properties":{"classe_codigo":3,"classe":"adensando","f_2020":0.046875,"f_2025":0.046875,"S1":-0.088638,"S2":0.008977,"S3":0.377154,"concordancia":2,"fracao_industrial":0.0,"anel":"periurbano_0_1km","dist_borda_urbano_2025_m":30.0,"unidade":"tete","area_km2":0.0576},"geometry":{"type":"Polygon","coordinates":[[[33.537666,-16.153951],[33.537672,-16.15612],[33.539917,-16.156115],[33.539911,-16.153945],[33.537666,-16.153951]]]}},{"type":"Feature","properties":{"classe_codigo":2,"classe":"esparso_estavel","f_2020":0.765625,"f_2025":0.796875,"S1":-0.013682,"S2":0.001503,"S3":0.242834,"concordancia":1,"fracao_industrial":0.0,"anel":"intraurbano","dist_borda_urbano_2025_m":0.0,"unidade":"tete","area_km2":0.1152},"geometry":{"type":"Polygon","coordinates":[[[33.602765,-16.153777],[33.602772,-16.155946],[33.607261,-16.155933],[33.607255,-16.153764],[33.602765,-16.153777]]]}},{"type":"Feature","properties":{"classe_codigo":3,"classe":"adensando","f_2020":0.765625,"f_2025":0.875,"S1":0.041642,"S2":0.001415,"S3":0.192687,"concordancia":2,"fracao_industrial":0.0,"anel":"intraurbano","dist_borda_urbano_2025_m":0.0,"unidade":"tete","area_km2":0.1152},"geometry":{"type":"Polygon","coordinates":[[[33.607255,-16.153764],[33.607261,-16.155933],[33.611751,-16.155921],[33.611744,-16.153751],[33.607255,-16.153764]]]}},{"type":"Feature","properties":{"classe_codigo":3,"classe":"adensando","f_2020":0.734375,"f_2025":0.8125,"S1":0.012493,"S2":0.001475,"S3":0.237677,"concordancia":2,"fracao_industrial":0.0,"anel":"intraurbano","dist_borda_urbano_2025_m":0.0,"unidade":"tete","area_km2":0.0576},"geometry":{"type":"Polygon","coordinates":[[[33.618478,-16.153732],[33.618485,-16.155901],[33.62073,-16.155895],[33.620723,-16.153725],[33.618478,-16.153732]]]}},{"type":"Feature","properties":{"classe_codigo":4,"classe":"expansao_nova","f_2020":0.0,"f_2025":0.03125,"S1":0.056811,"S2":0.00108,"S3":0.733749,"concordancia":2,"fracao_industrial":0.0,"anel":"periurbano_0_1km","dist_borda_urbano_2025_m":123.69,"unidade":"tete","area_km2":0.1728},"geometry":{"type":"Polygon","coordinates":[[[33.627451,-16.151536],[33.627457,-16.153705],[33.625213,-16.153712],[33.62522,-16.155881],[33.629709,-16.155868],[33.629695,-16.151529],[33.627451,-16.151536]]]}},{"type":"Feature","properties":{"classe_codigo":4,"classe":"expansao_nova","f_2020":0.015625,"f_2025":0.09375,"S1":0.131767,"S2":0.002792,"S3":0.662934,"concordancia":3,"fracao_industrial":0.0,"anel":"periurbano_0_1km","dist_borda_urbano_2025_m":67.08,"unidade":"tete","area_km2":0.0576},"geometry":{"type":"Polygon","coordinates":[[[33.636437,-16.153679],[33.636443,-16.155848],[33.638688,-16.155841],[33.638681,-16.153672],[33.636437,-16.153679]]]}},{"type":"Feature","properties":{"classe_codigo":4,"classe":"expansao_nova","f_2020":0.0,"f_2025":0.046875,"S1":0.114218,"S2":0.002267,"S3":0.737913,"concordancia":3,"fracao_industrial":0.0,"anel":"periurbano_0_1km","dist_borda_urbano_2025_m":127.28,"unidade":"tete","area_km2":0.0576},"geometry":{"type":"Polygon","coordinates":[[[33.640926,-16.153665],[33.640933,-16.155835],[33.643178,-16.155828],[33.643171,-16.153658],[33.640926,-16.153665]]]}},{"type":"Feature","properties":{"classe_codigo":5,"classe":"consolidado","f_2020":1.0,"f_2025":1.0,"S1":-0.005057,"S2":-0.000306,"S3":0.039088,"concordancia":0,"fracao_industrial":0.0,"anel":"intraurbano","dist_borda_urbano_2025_m":0.0,"unidade":"tete","area_km2":3.6288},"geometry":{"type":"Polygon","coordinates":[[[33.59821,-16.132094],[33.598217,-16.134263],[33.591483,-16.134282],[33.59149,-16.136452],[33.595979,-16.136439],[33.595985,-16.138609],[33.59823,-16.138602],[33.598236,-16.140772],[33.595992,-16.140778],[33.596005,-16.145117],[33.59376,-16.145124],[33.593773,-16.149463],[33.596018,-16.149456],[33.596024,-16.151626],[33.600514,-16.151613],[33.60052,-16.153783],[33.611744,-16.153751],[33.611758,-16.15809],[33.616247,-16.158077],[33.61624,-16.155908],[33.618485,-16.155901],[33.618478,-16.153732],[33.616234,-16.153738],[33.61622,-16.149399],[33.613976,-16.149405],[33.613969,-16.147236],[33.609479,-16.147249],[33.609473,-16.145079],[33.607228,-16.145086],[33.607202,-16.136407],[33.604957,-16.136414],[33.604951,-16.134244],[33.600461,-16.134257],[33.600455,-16.132087],[33.59821,-16.132094]]]}},{"type":"Feature","properties":{"classe_codigo":2,"classe":"esparso_estavel","f_2020":0.28125,"f_2025":0.28125,"S1":-0.03837,"S2":-0.000444,"S3":0.304565,"concordancia":0,"fracao_industrial":0.0,"anel":"periurbano_0_1km","dist_borda_urbano_2025_m":60.0,"unidade":"tete","area_km2":0.1152},"geometry":{"type":"Polygon","coordinates":[[[33.566849,-16.153875],[33.566861,-16.158214],[33.569106,-16.158208],[33.569093,-16.153869],[33.566849,-16.153875]]]}},{"type":"Feature","properties":{"classe_codigo":3,"classe":"adensando","f_2020":0.078125,"f_2025":0.125,"S1":-0.00119,"S2":0.001149,"S3":0.484146,"concordancia":2,"fracao_industrial":0.0,"anel":"periurbano_0_1km","dist_borda_urbano_2025_m":67.08,"unidade":"tete","area_km2":0.1728},"geometry":{"type":"Polygon","coordinates":[[[33.60052,-16.153783],[33.600533,-16.158122],[33.605023,-16.158109],[33.605016,-16.15594],[33.602772,-16.155946],[33.602765,-16.153777],[33.60052,-16.153783]]]}},{"type":"Feature","properties":{"classe_codigo":4,"classe":"expansao_nova","f_2020":0.0,"f_2025":0.0625,"S1":0.156454,"S2":0.001117,"S3":0.82398,"concordancia":3,"fracao_industrial":0.0,"anel":"periurbano_0_1km","dist_borda_urbano_2025_m":127.28,"unidade":"tete","area_km2":0.0576},"geometry":{"type":"Polygon","coordinates":[[[33.605016,-16.15594],[33.605023,-16.158109],[33.607268,-16.158103],[33.607261,-16.155933],[33.605016,-16.15594]]]}},{"type":"Feature","properties":{"classe_codigo":2,"classe":"esparso_estavel","f_2020":0.671875,"f_2025":0.703125,"S1":-0.016657,"S2":0.000988,"S3":0.229147,"concordancia":0,"fracao_industrial":0.0,"anel":"intraurbano","dist_borda_urbano_2025_m":0.0,"unidade":"tete","area_km2":0.0576},"geometry":{"type":"Polygon","coordinates":[[[33.609506,-16.155927],[33.609513,-16.158097],[33.611758,-16.15809],[33.611751,-16.155921],[33.609506,-16.155927]]]}},{"type":"Feature","properties":{"classe_codigo":2,"classe":"esparso_estavel","f_2020":0.796875,"f_2025":0.8125,"S1":-0.021713,"S2":0.001443,"S3":0.14968,"concordancia":1,"fracao_industrial":0.0,"anel":"intraurbano","dist_borda_urbano_2025_m":0.0,"unidade":"tete","area_km2":0.2304},"geometry":{"type":"Polygon","coordinates":[[[33.620723,-16.153725],[33.62073,-16.155895],[33.61624,-16.155908],[33.616247,-16.158077],[33.622982,-16.158058],[33.622968,-16.153718],[33.620723,-16.153725]]]}},{"type":"Feature","properties":{"classe_codigo":2,"classe":"esparso_estavel","f_2020":0.765625,"f_2025":0.765625,"S1":-0.030934,"S2":0.0,"S3":0.230688,"concordancia":0,"fracao_industrial":0.0,"anel":"intraurbano","dist_borda_urbano_2025_m":0.0,"unidade":"tete","area_km2":0.576},"geometry":{"type":"Polygon","coordinates":[[[33.582556,-16.151663],[33.582562,-16.153833],[33.584807,-16.153827],[33.584813,-16.155996],[33.589303,-16.155984],[33.589309,-16.158153],[33.591554,-16.158147],[33.591561,-16.160317],[33.59605,-16.160304],[33.596044,-16.158135],[33.593799,-16.158141],[33.593793,-16.155971],[33.591548,-16.155978],[33.591541,-16.153808],[33.589296,-16.153814],[33.58929,-16.151645],[33.582556,-16.151663]]]}},{"type":"Feature","properties":{"classe_codigo":2,"classe":"esparso_estavel","f_2020":0.28125,"f_2025":0.28125,"S1":-0.03837,"S2":-0.0017,"S3":-0.086203,"concordancia":0,"fracao_industrial":0.0,"anel":"periurbano_0_1km","dist_borda_urbano_2025_m":30.0,"unidade":"tete","area_km2":0.1728},"geometry":{"type":"Polygon","coordinates":[[[33.573583,-16.153857],[33.573602,-16.160366],[33.575847,-16.16036],[33.575828,-16.153851],[33.573583,-16.153857]]]}},{"type":"Feature","properties":{"classe_codigo":3,"classe":"adensando","f_2020":0.578125,"f_2025":0.6875,"S1":0.016062,"S2":0.001604,"S3":0.220567,"concordancia":2,"fracao_industrial":0.0,"anel":"intraurbano","dist_borda_urbano_2025_m":0.0,"unidade":"tete","area_km2":0.1728},"geometry":{"type":"Polygon","coordinates":[[[33.548896,-16.156092],[33.548908,-16.160431],[33.551153,-16.160425],[33.551147,-16.158256],[33.553392,-16.15825],[33.553386,-16.15608],[33.548896,-16.156092]]]}},{"type":"Feature","properties":{"classe_codigo":2,"classe":"esparso_estavel","f_2020":0.25,"f_2025":0.25,"S1":-0.041642,"S2":0.002518,"S3":0.305704,"concordancia":1,"fracao_industrial":0.0,"anel":"periurbano_0_1km","dist_borda_urbano_2025_m":30.0,"unidade":"tete","area_km2":0.2304},"geometry":{"type":"Polygon","coordinates":[[[33.62522,-16.155881],[33.625226,-16.158051],[33.627471,-16.158044],[33.627478,-16.160214],[33.629723,-16.160207],[33.629716,-16.158038],[33.631961,-16.158031],[33.631954,-16.155862],[33.62522,-16.155881]]]}},{"type":"Feature","properties":{"classe_codigo":3,"classe":"adensando","f_2020":0.03125,"f_2025":0.078125,"S1":0.035098,"S2":0.000207,"S3":0.440659,"concordancia":2,"fracao_industrial":0.0,"anel":"periurbano_0_1km","dist_borda_urbano_2025_m":60.0,"unidade":"tete","area_km2":0.0576},"geometry":{"type":"Polygon","coordinates":[[[33.569106,-16.158208],[33.569112,-16.160378],[33.571357,-16.160372],[33.571351,-16.158202],[33.569106,-16.158208]]]}},{"type":"Feature","properties":{"classe_codigo":4,"classe":"expansao_nova","f_2020":0.0,"f_2025":0.078125,"S1":0.192148,"S2":0.000363,"S3":0.744854,"concordancia":2,"fracao_industrial":0.0,"anel":"periurbano_0_1km","dist_borda_urbano_2025_m":84.85,"unidade":"tete","area_km2":0.0576},"geometry":{"type":"Polygon","coordinates":[[[33.602778,-16.158116],[33.602785,-16.160285],[33.60503,-16.160279],[33.605023,-16.158109],[33.602778,-16.158116]]]}},{"type":"Feature","properties":{"classe_codigo":2,"classe":"esparso_estavel","f_2020":0.71875,"f_2025":0.78125,"S1":0.003569,"S2":0.001324,"S3":0.189189,"concordancia":1,"fracao_industrial":0.0,"anel":"intraurbano","dist_borda_urbano_2025_m":0.0,"unidade":"tete","area_km2":0.1152},"geometry":{"type":"Polygon","coordinates":[[[33.611758,-16.15809],[33.611764,-16.16026],[33.616254,-16.160247],[33.616247,-16.158077],[33.611758,-16.15809]]]}},{"type":"Feature","properties":{"classe_codigo":3,"classe":"adensando","f_2020":0.140625,"f_2025":0.265625,"S1":0.051755,"S2":0.00045,"S3":0.417495,"concordancia":2,"fracao_industrial":0.0,"anel":"periurbano_0_1km","dist_borda_urbano_2025_m":0.0,"unidade":"tete","area_km2":0.2304},"geometry":{"type":"Polygon","coordinates":[[[33.609513,-16.158097],[33.609526,-16.162436],[33.616261,-16.162416],[33.616254,-16.160247],[33.611764,-16.16026],[33.611758,-16.15809],[33.609513,-16.158097]]]}},{"type":"Feature","properties":{"classe_codigo":3,"classe":"adensando","f_2020":0.75,"f_2025":0.828125,"S1":0.01517,"S2":0.002436,"S3":0.228878,"concordancia":2,"fracao_industrial":0.0,"anel":"periurbano_0_1km","dist_borda_urbano_2025_m":30.0,"unidade":"tete","area_km2":0.5184},"geometry":{"type":"Polygon","coordinates":[[[33.622968,-16.153718],[33.622982,-16.158058],[33.616247,-16.158077],[33.616254,-16.160247],[33.618499,-16.16024],[33.618505,-16.16241],[33.62075,-16.162403],[33.620744,-16.160234],[33.622988,-16.160227],[33.622995,-16.162397],[33.62524,-16.16239],[33.625233,-16.160221],[33.627478,-16.160214],[33.627471,-16.158044],[33.625226,-16.158051],[33.625213,-16.153712],[33.622968,-16.153718]]]}},{"type":"Feature","properties":{"classe_codigo":2,"classe":"esparso_estavel","f_2020":0.25,"f_2025":0.25,"S1":-0.041642,"S2":-0.000988,"S3":0.20298,"concordancia":0,"fracao_industrial":0.0,"anel":"periurbano_0_1km","dist_borda_urbano_2025_m":60.0,"unidade":"tete","area_km2":0.0576},"geometry":{"type":"Polygon","coordinates":[[[33.575847,-16.16036],[33.575853,-16.162529],[33.578098,-16.162523],[33.578092,-16.160354],[33.575847,-16.16036]]]}},{"type":"Feature","properties":{"classe_codigo":4,"classe":"expansao_nova","f_2020":0.015625,"f_2025":0.046875,"S1":0.023795,"S2":0.002983,"S3":0.60064,"concordancia":3,"fracao_industrial":0.0,"anel":"periurbano_0_1km","dist_borda_urbano_2025_m":90.0,"unidade":"tete","area_km2":0.0576},"geometry":{"type":"Polygon","coordinates":[[[33.616254,-16.160247],[33.616261,-16.162416],[33.618505,-16.16241],[33.618499,-16.16024],[33.616254,-16.160247]]]}},{"type":"Feature","properties":{"classe_codigo":2,"classe":"esparso_estavel","f_2020":0.484375,"f_2025":0.546875,"S1":-0.01517,"S2":0.004973,"S3":0.282214,"concordancia":1,"fracao_industrial":0.0,"anel":"intraurbano","dist_borda_urbano_2025_m":0.0,"unidade":"tete","area_km2":0.0576},"geometry":{"type":"Polygon","coordinates":[[[33.620744,-16.160234],[33.62075,-16.162403],[33.622995,-16.162397],[33.622988,-16.160227],[33.620744,-16.160234]]]}},{"type":"Feature","properties":{"classe_codigo":2,"classe":"esparso_estavel","f_2020":0.5,"f_2025":0.515625,"S1":-0.029149,"S2":0.004885,"S3":0.152297,"concordancia":1,"fracao_industrial":0.0,"anel":"periurbano_0_1km","dist_borda_urbano_2025_m":30.0,"unidade":"tete","area_km2":0.0576},"geometry":{"type":"Polygon","coordinates":[[[33.625233,-16.160221],[33.62524,-16.16239],[33.627485,-16.162383],[33.627478,-16.160214],[33.625233,-16.160221]]]}},{"type":"Feature","properties":{"classe_codigo":2,"classe":"esparso_estavel","f_2020":0.03125,"f_2025":0.03125,"S1":-0.100238,"S2":-0.001463,"S3":-0.209697,"concordancia":0,"fracao_industrial":0.0,"anel":"periurbano_0_1km","dist_borda_urbano_2025_m":127.28,"unidade":"tete","area_km2":0.0576},"geometry":{"type":"Polygon","coordinates":[[[33.645437,-16.16016],[33.645444,-16.16233],[33.647689,-16.162323],[33.647681,-16.160153],[33.645437,-16.16016]]]}},{"type":"Feature","properties":{"classe_codigo":4,"classe":"expansao_nova","f_2020":0.0,"f_2025":0.03125,"S1":0.056811,"S2":0.003257,"S3":0.76533,"concordancia":3,"fracao_industrial":0.0,"anel":"periurbano_0_1km","dist_borda_urbano_2025_m":108.17,"unidade":"tete","area_km2":0.1152},"geometry":{"type":"Polygon","coordinates":[[[33.548908,-16.160431],[33.54892,-16.16477],[33.551165,-16.164764],[33.551153,-16.160425],[33.548908,-16.160431]]]}},{"type":"Feature","properties":{"classe_codigo":2,"classe":"esparso_estavel","f_2020":0.609375,"f_2025":0.625,"S1":-0.029149,"S2":0.000609,"S3":0.211025,"concordancia":0,"fracao_industrial":0.0,"anel":"intraurbano","dist_borda_urbano_2025_m":0.0,"unidade":"tete","area_km2":0.1152},"geometry":{"type":"Polygon","coordinates":[[[33.571357,-16.160372],[33.571369,-16.164711],[33.573614,-16.164705],[33.573602,-16.160366],[33.571357,-16.160372]]]}},{"type":"Feature","properties":{"classe_codigo":2,"classe":"esparso_estavel","f_2020":0.8125,"f_2025":0.84375,"S1":-0.010113,"S2":0.002128,"S3":0.180666,"concordancia":1,"fracao_industrial":0.0,"anel":"intraurbano","dist_borda_urbano_2025_m":0.0,"unidade":"tete","area_km2":0.0576},"geometry":{"type":"Polygon","coordinates":[[[33.564629,-16.162559],[33.564635,-16.164729],[33.56688,-16.164723],[33.566873,-16.162553],[33.564629,-16.162559]]]}},{"type":"Feature","properties":{"classe_codigo":2,"classe":"esparso_estavel","f_2020":0.359375,"f_2025":0.4375,"S1":-0.00119,"S2":-0.000276,"S3":0.269146,"concordancia":0,"fracao_industrial":0.0,"anel":"periurbano_0_1km","dist_borda_urbano_2025_m":30.0,"unidade":"tete","area_km2":0.0576},"geometry":{"type":"Polygon","coordinates":[[[33.578098,-16.162523],[33.578104,-16.164693],[33.580349,-16.164687],[33.580343,-16.162517],[33.578098,-16.162523]]]}},{"type":"Feature","properties":{"classe_codigo":3,"classe":"adensando","f_2020":0.09375,"f_2025":0.265625,"S1":0.101725,"S2":0.000574,"S3":0.501128,"concordancia":2,"fracao_industrial":0.0,"anel":"periurbano_0_1km","dist_borda_urbano_2025_m":0.0,"unidade":"tete","area_km2":0.0576},"geometry":{"type":"Polygon","coordinates":[[[33.645444,-16.16233],[33.645451,-16.164499],[33.647696,-16.164492],[33.647689,-16.162323],[33.645444,-16.16233]]]}},{"type":"Feature","properties":{"classe_codigo":6,"classe":"pegada_industrial","f_2020":0.0,"f_2025":0.0,"S1":0.0,"S2":-0.003309,"S3":0.0,"concordancia":0,"fracao_industrial":1.0,"anel":"periurbano_1_3km","dist_borda_urbano_2025_m":1033.15,"unidade":"tete","area_km2":0.7488},"geometry":{"type":"Polygon","coordinates":[[[33.654394,-16.153624],[33.654402,-16.155794],[33.652157,-16.155801],[33.652185,-16.164479],[33.65443,-16.164472],[33.654437,-16.166641],[33.656682,-16.166635],[33.656668,-16.162295],[33.658913,-16.162289],[33.658891,-16.15578],[33.656646,-16.155787],[33.656639,-16.153617],[33.654394,-16.153624]]]}},{"type":"Feature","properties":{"classe_codigo":4,"classe":"expansao_nova","f_2020":0.0,"f_2025":0.078125,"S1":0.192148,"S2":0.002054,"S3":0.767585,"concordancia":3,"fracao_industrial":0.0,"anel":"periurbano_0_1km","dist_borda_urbano_2025_m":67.08,"unidade":"tete","area_km2":0.1728},"geometry":{"type":"Polygon","coordinates":[[[33.609526,-16.162436],[33.609533,-16.164605],[33.611778,-16.164599],[33.611784,-16.166768],[33.614029,-16.166762],[33.614016,-16.162423],[33.609526,-16.162436]]]}},{"type":"Feature","properties":{"classe_codigo":2,"classe":"esparso_estavel","f_2020":0.0625,"f_2025":0.0625,"S1":-0.076443,"S2":0.008576,"S3":0.206213,"concordancia":1,"fracao_industrial":0.0,"anel":"periurbano_0_1km","dist_borda_urbano_2025_m":94.87,"unidade":"tete","area_km2":0.1152},"geometry":{"type":"Polygon","coordinates":[[[33.542186,-16.164787],[33.542192,-16.166957],[33.546681,-16.166945],[33.546675,-16.164776],[33.542186,-16.164787]]]}},{"type":"Feature","properties":{"classe_codigo":3,"classe":"adensando","f_2020":0.875,"f_2025":0.9375,"S1":0.021416,"S2":0.00229,"S3":0.125217,"concordancia":2,"fracao_industrial":0.0,"anel":"intraurbano","dist_borda_urbano_2025_m":0.0,"unidade":"tete","area_km2":0.0576},"geometry":{"type":"Polygon","coordinates":[[[33.56239,-16.164735],[33.562396,-16.166904],[33.564641,-16.166898],[33.564635,-16.164729],[33.56239,-16.164735]]]}},{"type":"Feature","properties":{"classe_codigo":2,"classe":"esparso_estavel","f_2020":0.4375,"f_2025":0.546875,"S1":0.007139,"S2":0.001397,"S3":0.301746,"concordancia":1,"fracao_industrial":0.0,"anel":"periurbano_0_1km","dist_borda_urbano_2025_m":30.0,"unidade":"tete","area_km2":0.0576},"geometry":{"type":"Polygon","coordinates":[[[33.580349,-16.164687],[33.580355,-16.166856],[33.5826,-16.16685],[33.582594,-16.164681],[33.580349,-16.164687]]]}},{"type":"Feature","properties":{"classe_codigo":3,"classe":"adensando","f_2020":0.140625,"f_2025":0.21875,"S1":0.019036,"S2":0.004141,"S3":0.466428,"concordancia":3,"fracao_industrial":0.0,"anel":"periurbano_0_1km","dist_borda_urbano_2025_m":42.43,"unidade":"tete","area_km2":1.0944},"geometry":{"type":"Polygon","coordinates":[[[33.629695,-16.151529],[33.629709,-16.155868],[33.631954,-16.155862],[33.631961,-16.158031],[33.629716,-16.158038],[33.629723,-16.160207],[33.627478,-16.160214],[33.627485,-16.162383],[33.62524,-16.16239],[33.625247,-16.16456],[33.623002,-16.164566],[33.623009,-16.166736],[33.627499,-16.166723],[33.627492,-16.164553],[33.634226,-16.164533],[33.634219,-16.162363],[33.636464,-16.162357],[33.636443,-16.155848],[33.634199,-16.155855],[33.634185,-16.151516],[33.629695,-16.151529]]]}},{"type":"Feature","properties":{"classe_codigo":2,"classe":"esparso_estavel","f_2020":0.34375,"f_2025":0.34375,"S1":-0.043129,"S2":0.000483,"S3":0.10497,"concordancia":0,"fracao_industrial":0.0,"anel":"periurbano_0_1km","dist_borda_urbano_2025_m":60.0,"unidade":"tete","area_km2":0.4032},"geometry":{"type":"Polygon","coordinates":[[[33.59605,-16.160304],[33.596057,-16.162474],[33.593812,-16.16248],[33.593818,-16.16465],[33.596063,-16.164643],[33.59607,-16.166813],[33.598315,-16.166807],[33.598321,-16.168976],[33.600566,-16.16897],[33.600547,-16.162461],[33.598302,-16.162467],[33.598295,-16.160298],[33.59605,-16.160304]]]}},{"type":"Feature","properties":{"classe_codigo":2,"classe":"esparso_estavel","f_2020":0.8125,"f_2025":0.8125,"S1":-0.032719,"S2":0.000942,"S3":0.191598,"concordancia":0,"fracao_industrial":0.0,"anel":"intraurbano","dist_borda_urbano_2025_m":0.0,"unidade":"tete","area_km2":0.0576},"geometry":{"type":"Polygon","coordinates":[[[33.569131,-16.166887],[33.569137,-16.169056],[33.571382,-16.16905],[33.571376,-16.166881],[33.569131,-16.166887]]]}},{"type":"Feature","properties":{"classe_codigo":2,"classe":"esparso_estavel","f_2020":0.359375,"f_2025":0.40625,"S1":-0.019334,"S2":0.001351,"S3":0.299512,"concordancia":1,"fracao_industrial":0.0,"anel":"periurbano_0_1km","dist_borda_urbano_2025_m":42.43,"unidade":"tete","area_km2":0.0576},"geometry":{"type":"Polygon","coordinates":[[[33.5826,-16.16685],[33.582607,-16.16902],[33.584852,-16.169013],[33.584845,-16.166844],[33.5826,-16.16685]]]}},{"type":"Feature","properties":{"classe_codigo":4,"classe":"expansao_nova","f_2020":0.0,"f_2025":0.03125,"S1":0.056811,"S2":0.005207,"S3":0.469477,"concordancia":3,"fracao_industrial":0.0,"anel":"periurbano_0_1km","dist_borda_urbano_2025_m":123.69,"unidade":"tete","area_km2":0.0576},"geometry":{"type":"Polygon","coordinates":[[[33.623009,-16.166736],[33.623016,-16.168905],[33.62526,-16.168899],[33.625254,-16.166729],[33.623009,-16.166736]]]}},{"type":"Feature","properties":{"classe_codigo":2,"classe":"esparso_estavel","f_2020":0.046875,"f_2025":0.046875,"S1":-0.088638,"S2":-0.000574,"S3":0.030112,"concordancia":0,"fracao_industrial":0.0,"anel":"periurbano_0_1km","dist_borda_urbano_2025_m":127.28,"unidade":"tete","area_km2":0.288},"geometry":{"type":"Polygon","coordinates":[[[33.573614,-16.164705],[33.573621,-16.166874],[33.575866,-16.166868],[33.575872,-16.169038],[33.578117,-16.169032],[33.578123,-16.171201],[33.580368,-16.171195],[33.580355,-16.166856],[33.57811,-16.166862],[33.578104,-16.164693],[33.573614,-16.164705]]]}},{"type":"Feature","properties":{"classe_codigo":4,"classe":"expansao_nova","f_2020":0.0,"f_2025":0.046875,"S1":0.114218,"S2":0.006057,"S3":0.701127,"concordancia":3,"fracao_industrial":0.0,"anel":"periurbano_0_1km","dist_borda_urbano_2025_m":120.0,"unidade":"tete","area_km2":0.1728},"geometry":{"type":"Polygon","coordinates":[[[33.542192,-16.166957],[33.542203,-16.171296],[33.544448,-16.17129],[33.544442,-16.169121],[33.546687,-16.169115],[33.546681,-16.166945],[33.542192,-16.166957]]]}},{"type":"Feature","properties":{"classe_codigo":2,"classe":"esparso_estavel","f_2020":0.40625,"f_2025":0.421875,"S1":-0.030934,"S2":0.001752,"S3":0.317089,"concordancia":1,"fracao_industrial":0.0,"anel":"intraurbano","dist_borda_urbano_2025_m":0.0,"unidade":"tete","area_km2":0.0576},"geometry":{"type":"Polygon","coordinates":[[[33.553422,-16.169098],[33.553428,-16.171267],[33.555673,-16.171261],[33.555667,-16.169092],[33.553422,-16.169098]]]}},{"type":"Feature","properties":{"classe_codigo":2,"classe":"esparso_estavel","f_2020":0.609375,"f_2025":0.65625,"S1":-0.012493,"S2":0.001815,"S3":0.237053,"concordancia":1,"fracao_industrial":0.0,"anel":"periurbano_0_1km","dist_borda_urbano_2025_m":42.43,"unidade":"tete","area_km2":0.0576},"geometry":{"type":"Polygon","coordinates":[[[33.566892,-16.169062],[33.566898,-16.171232],[33.569143,-16.171226],[33.569137,-16.169056],[33.566892,-16.169062]]]}},{"type":"Feature","properties":{"classe_codigo":2,"classe":"esparso_estavel","f_2020":0.40625,"f_2025":0.484375,"S1":0.000297,"S2":0.001319,"S3":0.3334,"concordancia":1,"fracao_industrial":0.0,"anel":"periurbano_0_1km","dist_borda_urbano_2025_m":30.0,"unidade":"tete","area_km2":0.0576},"geometry":{"type":"Polygon","coordinates":[[[33.584852,-16.169013],[33.584858,-16.171183],[33.587103,-16.171177],[33.587097,-16.169007],[33.584852,-16.169013]]]}},{"type":"Feature","properties":{"classe_codigo":2,"classe":"esparso_estavel","f_2020":0.03125,"f_2025":0.03125,"S1":-0.100238,"S2":0.00586,"S3":-0.209697,"concordancia":1,"fracao_industrial":0.0,"anel":"periurbano_0_1km","dist_borda_urbano_2025_m":94.87,"unidade":"tete","area_km2":0.0576},"geometry":{"type":"Polygon","coordinates":[[[33.627505,-16.168892],[33.627512,-16.171062],[33.629757,-16.171055],[33.62975,-16.168885],[33.627505,-16.168892]]]}},{"type":"Feature","properties":{"classe_codigo":6,"classe":"pegada_industrial","f_2020":0.0,"f_2025":0.0,"S1":0.0,"S2":0.000643,"S3":0.0,"concordancia":0,"fracao_industrial":0.921875,"anel":"externo","dist_borda_urbano_2025_m":4355.07,"unidade":"moatize_vila","area_km2":0.0576},"geometry":{"type":"Polygon","coordinates":[[[33.685873,-16.168712],[33.685881,-16.170882],[33.688126,-16.170874],[33.688118,-16.168705],[33.685873,-16.168712]]]}},{"type":"Feature","properties":{"classe_codigo":5,"classe":"consolidado","f_2020":1.0,"f_2025":1.0,"S1":-0.005057,"S2":0.000126,"S3":0.045856,"concordancia":0,"fracao_industrial":0.0,"anel":"intraurbano","dist_borda_urbano_2025_m":0.0,"unidade":"tete","area_km2":3.8016},"geometry":{"type":"Polygon","coordinates":[[[33.571301,-16.140846],[33.571326,-16.149524],[33.573571,-16.149518],[33.573583,-16.153857],[33.575828,-16.153851],[33.575847,-16.16036],[33.578092,-16.160354],[33.578098,-16.162523],[33.580343,-16.162517],[33.580349,-16.164687],[33.582594,-16.164681],[33.5826,-16.16685],[33.584845,-16.166844],[33.584852,-16.169013],[33.587097,-16.169007],[33.587103,-16.171177],[33.593838,-16.171158],[33.593831,-16.168989],[33.596076,-16.168982],[33.596083,-16.171152],[33.598328,-16.171146],[33.598334,-16.173315],[33.600579,-16.173309],[33.600566,-16.16897],[33.598321,-16.168976],[33.598315,-16.166807],[33.59607,-16.166813],[33.596063,-16.164643],[33.593818,-16.16465],[33.593812,-16.16248],[33.596057,-16.162474],[33.59605,-16.160304],[33.591561,-16.160317],[33.591554,-16.158147],[33.589309,-16.158153],[33.589303,-16.155984],[33.584813,-16.155996],[33.584807,-16.153827],[33.582562,-16.153833],[33.582556,-16.151663],[33.580311,-16.151669],[33.580298,-16.14733],[33.578054,-16.147336],[33.578047,-16.145167],[33.575803,-16.145173],[33.575796,-16.143003],[33.573552,-16.143009],[33.573546,-16.14084],[33.571301,-16.140846]]]}},{"type":"Feature","properties":{"classe_codigo":2,"classe":"esparso_estavel","f_2020":0.5625,"f_2025":0.5625,"S1":-0.043129,"S2":0.000326,"S3":0.246397,"concordancia":0,"fracao_industrial":0.0,"anel":"intraurbano","dist_borda_urbano_2025_m":0.0,"unidade":"tete","area_km2":0.1152},"geometry":{"type":"Polygon","coordinates":[[[33.600566,-16.16897],[33.600579,-16.173309],[33.602824,-16.173302],[33.602811,-16.168963],[33.600566,-16.16897]]]}},{"type":"Feature","properties":{"classe_codigo":2,"classe":"esparso_estavel","f_2020":0.609375,"f_2025":0.609375,"S1":-0.038073,"S2":-0.000368,"S3":0.220742,"concordancia":0,"fracao_industrial":0.0,"anel":"intraurbano","dist_borda_urbano_2025_m":0.0,"unidade":"tete","area_km2":0.0576},"geometry":{"type":"Polygon","coordinates":[[[33.580368,-16.171195],[33.580374,-16.173365],[33.582619,-16.173359],[33.582613,-16.171189],[33.580368,-16.171195]]]}},{"type":"Feature","properties":{"classe_codigo":4,"classe":"expansao_nova","f_2020":0.0,"f_2025":0.03125,"S1":0.056811,"S2":-0.000385,"S3":0.245635,"concordancia":1,"fracao_industrial":0.0,"anel":"periurbano_0_1km","dist_borda_urbano_2025_m":134.16,"unidade":"tete","area_km2":0.0576},"geometry":{"type":"Polygon","coordinates":[[[33.582613,-16.171189],[33.582619,-16.173359],[33.584864,-16.173353],[33.584858,-16.171183],[33.582613,-16.171189]]]}},{"type":"Feature","properties":{"classe_codigo":2,"classe":"esparso_estavel","f_2020":0.328125,"f_2025":0.359375,"S1":-0.024093,"S2":0.000974,"S3":0.274052,"concordancia":0,"fracao_industrial":0.0,"anel":"periurbano_0_1km","dist_borda_urbano_2025_m":84.85,"unidade":"tete","area_km2":0.0576},"geometry":{"type":"Polygon","coordinates":[[[33.587103,-16.171177],[33.587109,-16.173346],[33.589354,-16.17334],[33.589348,-16.171171],[33.587103,-16.171177]]]}},{"type":"Feature","properties":{"classe_codigo":3,"classe":"adensando","f_2020":0.296875,"f_2025":0.40625,"S1":0.019334,"S2":0.001576,"S3":0.336097,"concordancia":2,"fracao_industrial":0.0,"anel":"periurbano_0_1km","dist_borda_urbano_2025_m":67.08,"unidade":"tete","area_km2":0.0576},"geometry":{"type":"Polygon","coordinates":[[[33.589348,-16.171171],[33.589354,-16.17334],[33.591599,-16.173334],[33.591593,-16.171164],[33.589348,-16.171171]]]}},{"type":"Feature","properties":{"classe_codigo":6,"classe":"pegada_industrial","f_2020":0.0,"f_2025":0.0,"S1":0.0,"S2":-0.007578,"S3":0.0,"concordancia":0,"fracao_industrial":0.796875,"anel":"externo","dist_borda_urbano_2025_m":4585.39,"unidade":"moatize_vila","area_km2":0.0576},"geometry":{"type":"Polygon","coordinates":[[[33.820574,-16.170405],[33.820583,-16.172574],[33.822828,-16.172566],[33.822819,-16.170396],[33.820574,-16.170405]]]}},{"type":"Feature","properties":{"classe_codigo":2,"classe":"esparso_estavel","f_2020":0.71875,"f_2025":0.71875,"S1":-0.027365,"S2":0.001141,"S3":0.178431,"concordancia":1,"fracao_industrial":0.0,"anel":"intraurbano","dist_borda_urbano_2025_m":0.0,"unidade":"tete","area_km2":2.2464},"geometry":{"type":"Polygon","coordinates":[[[33.551105,-16.143069],[33.551111,-16.145238],[33.548866,-16.145244],[33.548872,-16.147413],[33.555607,-16.147396],[33.555619,-16.151735],[33.553374,-16.151741],[33.553368,-16.149571],[33.548878,-16.149583],[33.548884,-16.151753],[33.551129,-16.151747],[33.551141,-16.156086],[33.553386,-16.15608],[33.553392,-16.15825],[33.551147,-16.158256],[33.551159,-16.162595],[33.553404,-16.162589],[33.55341,-16.164758],[33.5579,-16.164747],[33.557924,-16.173425],[33.560169,-16.173419],[33.560163,-16.171249],[33.562408,-16.171244],[33.56242,-16.175583],[33.564666,-16.175577],[33.564647,-16.169068],[33.562402,-16.169074],[33.562396,-16.166904],[33.560151,-16.16691],[33.560139,-16.162571],[33.562384,-16.162565],[33.562378,-16.160396],[33.555643,-16.160413],[33.555637,-16.158244],[33.557882,-16.158238],[33.557857,-16.14956],[33.560102,-16.149554],[33.56009,-16.145215],[33.555601,-16.145226],[33.555595,-16.143057],[33.551105,-16.143069]]]}},{"type":"Feature","properties":{"classe_codigo":2,"classe":"esparso_estavel","f_2020":0.515625,"f_2025":0.5625,"S1":-0.021416,"S2":0.001875,"S3":0.211889,"concordancia":1,"fracao_industrial":0.0,"anel":"periurbano_0_1km","dist_borda_urbano_2025_m":30.0,"unidade":"tete","area_km2":0.3456},"geometry":{"type":"Polygon","coordinates":[[[33.593831,-16.168989],[33.593838,-16.171158],[33.591593,-16.171164],[33.591599,-16.173334],[33.596089,-16.173321],[33.596096,-16.175491],[33.600586,-16.175478],[33.600579,-16.173309],[33.598334,-16.173315],[33.598328,-16.171146],[33.596083,-16.171152],[33.596076,-16.168982],[33.593831,-16.168989]]]}},{"type":"Feature","properties":{"classe_codigo":2,"classe":"esparso_estavel","f_2020":0.203125,"f_2025":0.203125,"S1":-0.045509,"S2":-0.000582,"S3":0.304512,"concordancia":0,"fracao_industrial":0.0,"anel":"periurbano_0_1km","dist_borda_urbano_2025_m":67.08,"unidade":"tete","area_km2":0.1152},"geometry":{"type":"Polygon","coordinates":[[[33.582619,-16.173359],[33.582626,-16.175528],[33.587116,-16.175516],[33.587109,-16.173346],[33.582619,-16.173359]]]}},{"type":"Feature","properties":{"classe_codigo":4,"classe":"expansao_nova","f_2020":0.015625,"f_2025":0.03125,"S1":-0.033611,"S2":-2.3e-05,"S3":0.342788,"concordancia":0,"fracao_industrial":0.0,"anel":"periurbano_0_1km","dist_borda_urbano_2025_m":127.28,"unidade":"tete","area_km2":0.0576},"geometry":{"type":"Polygon","coordinates":[[[33.587109,-16.173346],[33.587116,-16.175516],[33.589361,-16.17551],[33.589354,-16.17334],[33.587109,-16.173346]]]}},{"type":"Feature","properties":{"classe_codigo":3,"classe":"adensando","f_2020":0.03125,"f_2025":0.03125,"S1":-0.100238,"S2":0.001388,"S3":0.465646,"concordancia":2,"fracao_industrial":0.0,"anel":"periurbano_0_1km","dist_borda_urbano_2025_m":134.16,"unidade":"tete","area_km2":0.0576},"geometry":{"type":"Polygon","coordinates":[[[33.593844,-16.173328],[33.593851,-16.175497],[33.596096,-16.175491],[33.596089,-16.173321],[33.593844,-16.173328]]]}},{"type":"Feature","properties":{"classe_codigo":5,"classe":"consolidado","f_2020":0.921875,"f_2025":0.96875,"S1":0.023795,"S2":0.001186,"S3":0.173285,"concordancia":2,"fracao_industrial":0.0,"anel":"intraurbano","dist_borda_urbano_2025_m":0.0,"unidade":"tete","area_km2":0.0576},"geometry":{"type":"Polygon","coordinates":[[[33.600579,-16.173309],[33.600586,-16.175478],[33.602831,-16.175472],[33.602824,-16.173302],[33.600579,-16.173309]]]}},{"type":"Feature","properties":{"classe_codigo":2,"classe":"esparso_estavel","f_2020":0.328125,"f_2025":0.328125,"S1":-0.039262,"S2":0.000529,"S3":0.308583,"concordancia":0,"fracao_industrial":0.0,"anel":"periurbano_0_1km","dist_borda_urbano_2025_m":60.0,"unidade":"tete","area_km2":0.0576},"geometry":{"type":"Polygon","coordinates":[[[33.602824,-16.173302],[33.602831,-16.175472],[33.605076,-16.175466],[33.605069,-16.173296],[33.602824,-16.173302]]]}},{"type":"Feature","properties":{"classe_codigo":2,"classe":"esparso_estavel","f_2020":0.078125,"f_2025":0.09375,"S1":-0.03956,"S2":-0.000835,"S3":0.239308,"concordancia":0,"fracao_industrial":0.0,"anel":"periurbano_0_1km","dist_borda_urbano_2025_m":84.85,"unidade":"tete","area_km2":0.2304},"geometry":{"type":"Polygon","coordinates":[[[33.539958,-16.171302],[33.539964,-16.173471],[33.537719,-16.173477],[33.537731,-16.177816],[33.539976,-16.17781],[33.53997,-16.175641],[33.542215,-16.175635],[33.542203,-16.171296],[33.539958,-16.171302]]]}},{"type":"Feature","properties":{"classe_codigo":2,"classe":"esparso_estavel","f_2020":0.0625,"f_2025":0.0625,"S1":-0.076443,"S2":-0.001995,"S3":-0.285544,"concordancia":0,"fracao_industrial":0.0,"anel":"periurbano_0_1km","dist_borda_urbano_2025_m":60.0,"unidade":"tete","area_km2":0.0576},"geometry":{"type":"Polygon","coordinates":[[[33.533235,-16.175658],[33.533241,-16.177827],[33.535486,-16.177822],[33.53548,-16.175652],[33.533235,-16.175658]]]}},{"type":"Feature","properties":{"classe_codigo":2,"classe":"esparso_estavel","f_2020":0.59375,"f_2025":0.609375,"S1":-0.031231,"S2":0.001682,"S3":0.26194,"concordancia":1,"fracao_industrial":0.0,"anel":"periurbano_0_1km","dist_borda_urbano_2025_m":0.0,"unidade":"tete","area_km2":0.0576},"geometry":{"type":"Polygon","coordinates":[[[33.571401,-16.175559],[33.571407,-16.177728],[33.573652,-16.177722],[33.573646,-16.175553],[33.571401,-16.175559]]]}},{"type":"Feature","properties":{"classe_codigo":2,"classe":"esparso_estavel","f_2020":0.296875,"f_2025":0.34375,"S1":-0.01398,"S2":0.001898,"S3":0.211336,"concordancia":1,"fracao_industrial":0.0,"anel":"periurbano_0_1km","dist_borda_urbano_2025_m":30.0,"unidade":"tete","area_km2":0.0576},"geometry":{"type":"Polygon","coordinates":[[[33.600586,-16.175478],[33.600592,-16.177648],[33.602837,-16.177642],[33.602831,-16.175472],[33.600586,-16.175478]]]}},{"type":"Feature","properties":{"classe_codigo":3,"classe":"adensando","f_2020":0.140625,"f_2025":0.1875,"S1":-0.011303,"S2":0.00131,"S3":0.420618,"concordancia":2,"fracao_industrial":0.0,"anel":"periurbano_0_1km","dist_borda_urbano_2025_m":84.85,"unidade":"tete","area_km2":0.0576},"geometry":{"type":"Polygon","coordinates":[[[33.602831,-16.175472],[33.602837,-16.177642],[33.605082,-16.177635],[33.605076,-16.175466],[33.602831,-16.175472]]]}},{"type":"Feature","properties":{"classe_codigo":2,"classe":"esparso_estavel","f_2020":0.46875,"f_2025":0.53125,"S1":-0.013682,"S2":0.002459,"S3":0.292277,"concordancia":1,"fracao_industrial":0.0,"anel":"intraurbano","dist_borda_urbano_2025_m":0.0,"unidade":"tete","area_km2":0.1728},"geometry":{"type":"Polygon","coordinates":[[[33.566904,-16.173401],[33.566923,-16.17991],[33.569168,-16.179904],[33.569149,-16.173395],[33.566904,-16.173401]]]}},{"type":"Feature","properties":{"classe_codigo":6,"classe":"pegada_industrial","f_2020":0.0,"f_2025":0.0,"S1":0.0,"S2":-0.013908,"S3":0.0,"concordancia":0,"fracao_industrial":1.0,"anel":"externo","dist_borda_urbano_2025_m":4050.11,"unidade":"moatize_vila","area_km2":0.2304},"geometry":{"type":"Polygon","coordinates":[[[33.822828,-16.172566],[33.822837,-16.174735],[33.820592,-16.174744],[33.82061,-16.179083],[33.822855,-16.179074],[33.822846,-16.176905],[33.825091,-16.176896],[33.825073,-16.172557],[33.822828,-16.172566]]]}},{"type":"Feature","properties":{"classe_codigo":4,"classe":"expansao_nova","f_2020":0.0,"f_2025":0.03125,"S1":0.056811,"S2":-0.001995,"S3":-0.052647,"concordancia":1,"fracao_industrial":0.0,"anel":"periurbano_0_1km","dist_borda_urbano_2025_m":94.87,"unidade":"tete","area_km2":0.0576},"geometry":{"type":"Polygon","coordinates":[[[33.533241,-16.177827],[33.533247,-16.179997],[33.535492,-16.179991],[33.535486,-16.177822],[33.533241,-16.177827]]]}},{"type":"Feature","properties":{"classe_codigo":4,"classe":"expansao_nova","f_2020":0.0,"f_2025":0.0625,"S1":0.156454,"S2":-0.000835,"S3":-0.052647,"concordancia":1,"fracao_industrial":0.0,"anel":"periurbano_0_1km","dist_borda_urbano_2025_m":108.17,"unidade":"tete","area_km2":0.0576},"geometry":{"type":"Polygon","coordinates":[[[33.537731,-16.177816],[33.537737,-16.179986],[33.539982,-16.17998],[33.539976,-16.17781],[33.537731,-16.177816]]]}},{"type":"Feature","properties":{"classe_codigo":4,"classe":"expansao_nova","f_2020":0.015625,"f_2025":0.0625,"S1":0.066032,"S2":0.004035,"S3":0.70267,"concordancia":3,"fracao_industrial":0.0,"anel":"periurbano_0_1km","dist_borda_urbano_2025_m":67.08,"unidade":"tete","area_km2":0.0576},"geometry":{"type":"Polygon","coordinates":[[[33.560182,-16.177758],[33.560188,-16.179928],[33.562433,-16.179922],[33.562427,-16.177752],[33.560182,-16.177758]]]}},{"type":"Feature","properties":{"classe_codigo":5,"classe":"consolidado","f_2020":0.90625,"f_2025":0.9375,"S1":0.003867,"S2":0.002171,"S3":0.135605,"concordancia":1,"fracao_industrial":0.0,"anel":"intraurbano","dist_borda_urbano_2025_m":0.0,"unidade":"tete","area_km2":4.2624},"geometry":{"type":"Polygon","coordinates":[[[33.560096,-16.147384],[33.560102,-16.149554],[33.557857,-16.14956],[33.557882,-16.158238],[33.555637,-16.158244],[33.555643,-16.160413],[33.562378,-16.160396],[33.562384,-16.162565],[33.560139,-16.162571],[33.560151,-16.16691],[33.562396,-16.166904],[33.562402,-16.169074],[33.564647,-16.169068],[33.564666,-16.175577],[33.566911,-16.175571],[33.566904,-16.173401],[33.569149,-16.173395],[33.569162,-16.177734],[33.571407,-16.177728],[33.571401,-16.175559],[33.573646,-16.175553],[33.573652,-16.177722],[33.575897,-16.177716],[33.57591,-16.182055],[33.587135,-16.182025],[33.587116,-16.175516],[33.582626,-16.175528],[33.582619,-16.173359],[33.580374,-16.173365],[33.580368,-16.171195],[33.578123,-16.171201],[33.578117,-16.169032],[33.575872,-16.169038],[33.575866,-16.166868],[33.573621,-16.166874],[33.573614,-16.164705],[33.571369,-16.164711],[33.571357,-16.160372],[33.569112,-16.160378],[33.569106,-16.158208],[33.566861,-16.158214],[33.566849,-16.153875],[33.564604,-16.153881],[33.564592,-16.149542],[33.562347,-16.149548],[33.562341,-16.147378],[33.560096,-16.147384]],[[33.560108,-16.151723],[33.562353,-16.151717],[33.562359,-16.153887],[33.560114,-16.153893],[33.560108,-16.151723]],[[33.564629,-16.162559],[33.566873,-16.162553],[33.56688,-16.164723],[33.564635,-16.164729],[33.564629,-16.162559]],[[33.56239,-16.164735],[33.564635,-16.164729],[33.564641,-16.166898],[33.562396,-16.166904],[33.56239,-16.164735]],[[33.569131,-16.166887],[33.571376,-16.166881],[33.571382,-16.16905],[33.569137,-16.169056],[33.569131,-16.166887]],[[33.566892,-16.169062],[33.569137,-16.169056],[33.569143,-16.171226],[33.566898,-16.171232],[33.566892,-16.169062]]]}},{"type":"Feature","properties":{"classe_codigo":2,"classe":"esparso_estavel","f_2020":0.140625,"f_2025":0.140625,"S1":-0.056514,"S2":-0.001995,"S3":-0.390244,"concordancia":0,"fracao_industrial":0.0,"anel":"periurbano_0_1km","dist_borda_urbano_2025_m":30.0,"unidade":"tete","area_km2":0.0576},"geometry":{"type":"Polygon","coordinates":[[[33.531002,-16.180003],[33.531007,-16.182172],[33.533252,-16.182166],[33.533247,-16.179997],[33.531002,-16.180003]]]}},{"type":"Feature","properties":{"classe_codigo":3,"classe":"adensando","f_2020":0.109375,"f_2025":0.1875,"S1":0.019929,"S2":0.004669,"S3":0.514664,"concordancia":3,"fracao_industrial":0.0,"anel":"periurbano_0_1km","dist_borda_urbano_2025_m":84.85,"unidade":"tete","area_km2":0.0576},"geometry":{"type":"Polygon","coordinates":[[[33.560188,-16.179928],[33.560194,-16.182097],[33.562439,-16.182091],[33.562433,-16.179922],[33.560188,-16.179928]]]}},{"type":"Feature","properties":{"classe_codigo":5,"classe":"consolidado","f_2020":0.9375,"f_2025":0.984375,"S1":0.038667,"S2":-0.000942,"S3":0.152265,"concordancia":1,"fracao_industrial":0.0,"anel":"intraurbano","dist_borda_urbano_2025_m":0.0,"unidade":"tete","area_km2":0.0576},"geometry":{"type":"Polygon","coordinates":[[[33.589374,-16.179849],[33.58938,-16.182018],[33.591625,-16.182012],[33.591619,-16.179843],[33.589374,-16.179849]]]}},{"type":"Feature","properties":{"classe_codigo":4,"classe":"expansao_nova","f_2020":0.015625,"f_2025":0.09375,"S1":0.131767,"S2":-0.001461,"S3":0.645409,"concordancia":2,"fracao_industrial":0.0,"anel":"periurbano_0_1km","dist_borda_urbano_2025_m":60.0,"unidade":"tete","area_km2":0.0576},"geometry":{"type":"Polygon","coordinates":[[[33.625295,-16.179746],[33.625301,-16.181916],[33.627546,-16.181909],[33.62754,-16.17974],[33.625295,-16.179746]]]}},{"type":"Feature","properties":{"classe_codigo":2,"classe":"esparso_estavel","f_2020":0.140625,"f_2025":0.15625,"S1":-0.038073,"S2":-0.002252,"S3":0.357457,"concordancia":1,"fracao_industrial":0.0,"anel":"periurbano_0_1km","dist_borda_urbano_2025_m":30.0,"unidade":"tete","area_km2":0.0576},"geometry":{"type":"Polygon","coordinates":[[[33.62754,-16.17974],[33.627546,-16.181909],[33.629792,-16.181903],[33.629785,-16.179733],[33.62754,-16.17974]]]}},{"type":"Feature","properties":{"classe_codigo":6,"classe":"pegada_industrial","f_2020":0.0,"f_2025":0.0,"S1":0.0,"S2":-0.016188,"S3":0.0,"concordancia":0,"fracao_industrial":0.765625,"anel":"externo","dist_borda_urbano_2025_m":3610.24,"unidade":"moatize_vila","area_km2":0.0576},"geometry":{"type":"Polygon","coordinates":[[[33.822855,-16.179074],[33.822864,-16.181243],[33.825109,-16.181235],[33.8251,-16.179065],[33.822855,-16.179074]]]}},{"type":"Feature","properties":{"classe_codigo":2,"classe":"esparso_estavel","f_2020":0.4375,"f_2025":0.5,"S1":-0.007139,"S2":0.002367,"S3":0.2778,"concordancia":1,"fracao_industrial":0.0,"anel":"periurbano_0_1km","dist_borda_urbano_2025_m":42.43,"unidade":"tete","area_km2":0.1152},"geometry":{"type":"Polygon","coordinates":[[[33.573658,-16.179892],[33.573671,-16.184231],[33.575916,-16.184225],[33.575903,-16.179886],[33.573658,-16.179892]]]}},{"type":"Feature","properties":{"classe_codigo":2,"classe":"esparso_estavel","f_2020":0.125,"f_2025":0.125,"S1":-0.061273,"S2":-0.001995,"S3":-0.260823,"concordancia":0,"fracao_industrial":0.0,"anel":"periurbano_0_1km","dist_borda_urbano_2025_m":42.43,"unidade":"tete","area_km2":0.1152},"geometry":{"type":"Polygon","coordinates":[[[33.524272,-16.182189],[33.524278,-16.184358],[33.528768,-16.184347],[33.528762,-16.182178],[33.524272,-16.182189]]]}},{"type":"Feature","properties":{"classe_codigo":3,"classe":"adensando","f_2020":0.09375,"f_2025":0.171875,"S1":0.024985,"S2":-0.002085,"S3":0.453931,"concordancia":2,"fracao_industrial":0.0,"anel":"intraurbano","dist_borda_urbano_2025_m":0.0,"unidade":"tete","area_km2":0.0576},"geometry":{"type":"Polygon","coordinates":[[[33.627546,-16.181909],[33.627553,-16.184079],[33.629798,-16.184072],[33.629792,-16.181903],[33.627546,-16.181909]]]}},{"type":"Feature","properties":{"classe_codigo":2,"classe":"esparso_estavel","f_2020":0.125,"f_2025":0.140625,"S1":-0.04075,"S2":-0.004734,"S3":0.360207,"concordancia":1,"fracao_industrial":0.0,"anel":"periurbano_0_1km","dist_borda_urbano_2025_m":30.0,"unidade":"moatize_vila","area_km2":0.1152},"geometry":{"type":"Polygon","coordinates":[[[33.735309,-16.181564],[33.735317,-16.183734],[33.739807,-16.183718],[33.739799,-16.181549],[33.735309,-16.181564]]]}},{"type":"Feature","properties":{"classe_codigo":6,"classe":"pegada_industrial","f_2020":0.0,"f_2025":0.0,"S1":0.0,"S2":0.002849,"S3":0.293077,"concordancia":0,"fracao_industrial":0.796875,"anel":"periurbano_1_3km","dist_borda_urbano_2025_m":2895.27,"unidade":"moatize_vila","area_km2":5.3568},"geometry":{"type":"Polygon","coordinates":[[[33.667856,-16.151413],[33.667863,-16.153582],[33.665618,-16.15359],[33.665654,-16.164437],[33.66341,-16.164444],[33.663417,-16.166614],[33.661172,-16.166621],[33.661186,-16.17096],[33.663431,-16.170953],[33.663424,-16.168783],[33.665669,-16.168776],[33.665662,-16.166607],[33.667907,-16.1666],[33.667921,-16.170939],[33.665676,-16.170946],[33.665684,-16.173115],[33.667928,-16.173108],[33.667936,-16.175278],[33.665691,-16.175285],[33.66572,-16.183963],[33.667965,-16.183956],[33.667972,-16.186125],[33.672462,-16.186111],[33.672448,-16.181772],[33.676938,-16.181758],[33.67693,-16.179588],[33.681421,-16.179574],[33.681398,-16.173065],[33.679153,-16.173073],[33.679146,-16.170903],[33.683636,-16.170889],[33.683628,-16.168719],[33.679138,-16.168734],[33.679131,-16.166564],[33.681376,-16.166557],[33.681339,-16.155709],[33.676849,-16.155724],[33.676842,-16.153554],[33.674597,-16.153561],[33.67459,-16.151392],[33.667856,-16.151413]],[[33.672389,-16.164416],[33.674634,-16.164409],[33.674641,-16.166578],[33.672396,-16.166585],[33.672389,-16.164416]],[[33.674649,-16.168748],[33.676894,-16.168741],[33.676901,-16.17091],[33.674656,-16.170917],[33.674649,-16.168748]]]}},{"type":"Feature","properties":{"classe_codigo":2,"classe":"esparso_estavel","f_2020":0.625,"f_2025":0.6875,"S1":-0.004759,"S2":0.004223,"S3":0.228377,"concordancia":1,"fracao_industrial":0.0,"anel":"periurbano_0_1km","dist_borda_urbano_2025_m":0.0,"unidade":"tete","area_km2":0.1728},"geometry":{"type":"Polygon","coordinates":[[[33.566929,-16.182079],[33.566942,-16.186419],[33.571432,-16.186407],[33.571426,-16.184237],[33.56918,-16.184243],[33.569174,-16.182073],[33.566929,-16.182079]]]}},{"type":"Feature","properties":{"classe_codigo":2,"classe":"esparso_estavel","f_2020":0.859375,"f_2025":0.875,"S1":-0.017252,"S2":-0.002677,"S3":0.200599,"concordancia":0,"fracao_industrial":0.0,"anel":"intraurbano","dist_borda_urbano_2025_m":0.0,"unidade":"moatize_vila","area_km2":0.288},"geometry":{"type":"Polygon","coordinates":[[[33.744289,-16.181533],[33.744305,-16.185872],[33.74655,-16.185864],[33.746542,-16.183694],[33.748787,-16.183687],[33.748795,-16.185856],[33.75104,-16.185848],[33.751024,-16.181509],[33.744289,-16.181533]]]}},{"type":"Feature","properties":{"classe_codigo":2,"classe":"esparso_estavel","f_2020":0.078125,"f_2025":0.078125,"S1":-0.069601,"S2":-0.001995,"S3":-0.314396,"concordancia":0,"fracao_industrial":0.0,"anel":"periurbano_0_1km","dist_borda_urbano_2025_m":127.28,"unidade":"tete","area_km2":0.1152},"geometry":{"type":"Polygon","coordinates":[[[33.528768,-16.184347],[33.528774,-16.186517],[33.533264,-16.186506],[33.533258,-16.184336],[33.528768,-16.184347]]]}},{"type":"Feature","properties":{"classe_codigo":5,"classe":"consolidado","f_2020":0.921875,"f_2025":0.9375,"S1":-0.009816,"S2":0.003925,"S3":0.052167,"concordancia":1,"fracao_industrial":0.0,"anel":"intraurbano","dist_borda_urbano_2025_m":0.0,"unidade":"tete","area_km2":0.0576},"geometry":{"type":"Polygon","coordinates":[[[33.571426,-16.184237],[33.571432,-16.186407],[33.573677,-16.1864],[33.573671,-16.184231],[33.571426,-16.184237]]]}},{"type":"Feature","properties":{"classe_codigo":3,"classe":"adensando","f_2020":0.265625,"f_2025":0.359375,"S1":0.009221,"S2":0.003355,"S3":0.254963,"concordancia":2,"fracao_industrial":0.0,"anel":"periurbano_0_1km","dist_borda_urbano_2025_m":30.0,"unidade":"moatize_vila","area_km2":0.0576},"geometry":{"type":"Polygon","coordinates":[[[33.746542,-16.183694],[33.74655,-16.185864],[33.748795,-16.185856],[33.748787,-16.183687],[33.746542,-16.183694]]]}},{"type":"Feature","properties":{"classe_codigo":3,"classe":"adensando","f_2020":0.109375,"f_2025":0.140625,"S1":-0.025283,"S2":0.002344,"S3":0.485166,"concordancia":2,"fracao_industrial":0.0,"anel":"periurbano_0_1km","dist_borda_urbano_2025_m":90.0,"unidade":"tete","area_km2":2.5344},"geometry":{"type":"Polygon","coordinates":[[[33.551159,-16.162595],[33.551171,-16.166934],[33.553416,-16.166928],[33.553422,-16.169098],[33.555667,-16.169092],[33.555673,-16.171261],[33.553428,-16.171267],[33.55344,-16.175606],[33.555685,-16.1756],[33.555698,-16.179939],[33.560188,-16.179928],[33.560182,-16.177758],[33.562427,-16.177752],[33.562433,-16.179922],[33.564678,-16.179916],[33.564684,-16.182085],[33.562439,-16.182091],[33.562445,-16.184261],[33.56469,-16.184255],[33.564703,-16.188594],[33.578174,-16.188558],[33.578155,-16.182049],[33.57591,-16.182055],[33.575916,-16.184225],[33.573671,-16.184231],[33.573658,-16.179892],[33.575903,-16.179886],[33.575897,-16.177716],[33.569162,-16.177734],[33.569168,-16.179904],[33.566923,-16.17991],[33.566911,-16.175571],[33.56242,-16.175583],[33.562408,-16.171244],[33.560163,-16.171249],[33.560169,-16.173419],[33.557924,-16.173425],[33.5579,-16.164747],[33.55341,-16.164758],[33.553404,-16.162589],[33.551159,-16.162595]],[[33.566929,-16.182079],[33.569174,-16.182073],[33.56918,-16.184243],[33.573671,-16.184231],[33.573677,-16.1864],[33.566942,-16.186419],[33.566929,-16.182079]]]}},{"type":"Feature","properties":{"classe_codigo":2,"classe":"esparso_estavel","f_2020":0.078125,"f_2025":0.078125,"S1":-0.069601,"S2":-0.001995,"S3":-0.314396,"concordancia":0,"fracao_industrial":0.0,"anel":"periurbano_0_1km","dist_borda_urbano_2025_m":67.08,"unidade":"tete","area_km2":0.1728},"geometry":{"type":"Polygon","coordinates":[[[33.510807,-16.184391],[33.510818,-16.18873],[33.513063,-16.188725],[33.513058,-16.186555],[33.515303,-16.18655],[33.515297,-16.18438],[33.510807,-16.184391]]]}},{"type":"Feature","properties":{"classe_codigo":2,"classe":"esparso_estavel","f_2020":0.0625,"f_2025":0.078125,"S1":-0.04075,"S2":-0.001995,"S3":-0.285544,"concordancia":0,"fracao_industrial":0.0,"anel":"periurbano_0_1km","dist_borda_urbano_2025_m":94.87,"unidade":"tete","area_km2":0.1152},"geometry":{"type":"Polygon","coordinates":[[[33.501832,-16.186582],[33.501837,-16.188752],[33.506328,-16.188741],[33.506322,-16.186571],[33.501832,-16.186582]]]}},{"type":"Feature","properties":{"classe_codigo":5,"classe":"consolidado","f_2020":0.90625,"f_2025":0.90625,"S1":-0.022011,"S2":0.002615,"S3":0.150007,"concordancia":1,"fracao_industrial":0.0,"anel":"intraurbano","dist_borda_urbano_2025_m":0.0,"unidade":"tete","area_km2":0.0576},"geometry":{"type":"Polygon","coordinates":[[[33.578167,-16.186388],[33.578174,-16.188558],[33.580419,-16.188552],[33.580412,-16.186382],[33.578167,-16.186388]]]}},{"type":"Feature","properties":{"classe_codigo":2,"classe":"esparso_estavel","f_2020":0.625,"f_2025":0.640625,"S1":-0.027662,"S2":-0.000437,"S3":0.244688,"concordancia":0,"fracao_industrial":0.0,"anel":"intraurbano","dist_borda_urbano_2025_m":0.0,"unidade":"tete","area_km2":0.1152},"geometry":{"type":"Polygon","coordinates":[[[33.582658,-16.186376],[33.582664,-16.188546],[33.587154,-16.188533],[33.587148,-16.186364],[33.582658,-16.186376]]]}},{"type":"Feature","properties":{"classe_codigo":5,"classe":"consolidado","f_2020":1.0,"f_2025":1.0,"S1":-0.005057,"S2":-0.000632,"S3":0.020695,"concordancia":0,"fracao_industrial":0.0,"anel":"intraurbano","dist_borda_urbano_2025_m":0.0,"unidade":"tete","area_km2":0.8064},"geometry":{"type":"Polygon","coordinates":[[[33.591625,-16.182012],[33.591632,-16.184182],[33.582651,-16.184207],[33.582658,-16.186376],[33.587148,-16.186364],[33.587154,-16.188533],[33.59389,-16.188515],[33.593896,-16.190684],[33.598387,-16.190672],[33.59838,-16.188502],[33.596135,-16.188508],[33.596115,-16.182],[33.591625,-16.182012]]]}},{"type":"Feature","properties":{"classe_codigo":4,"classe":"expansao_nova","f_2020":0.0,"f_2025":0.03125,"S1":0.056811,"S2":0.007519,"S3":0.741037,"concordancia":3,"fracao_industrial":0.0,"anel":"periurbano_0_1km","dist_borda_urbano_2025_m":120.0,"unidade":"tete","area_km2":0.1152},"geometry":{"type":"Polygon","coordinates":[[[33.564703,-16.188594],[33.564709,-16.190764],[33.569199,-16.190752],[33.569193,-16.188582],[33.564703,-16.188594]]]}},{"type":"Feature","properties":{"classe_codigo":2,"classe":"esparso_estavel","f_2020":0.796875,"f_2025":0.828125,"S1":-0.01041,"S2":0.004642,"S3":0.180219,"concordancia":1,"fracao_industrial":0.0,"anel":"intraurbano","dist_borda_urbano_2025_m":0.0,"unidade":"tete","area_km2":0.1152},"geometry":{"type":"Polygon","coordinates":[[[33.569193,-16.188582],[33.569199,-16.190752],[33.573689,-16.19074],[33.573683,-16.18857],[33.569193,-16.188582]]]}},{"type":"Feature","properties":{"classe_codigo":5,"classe":"consolidado","f_2020":0.953125,"f_2025":0.984375,"S1":0.0232,"S2":0.004268,"S3":0.111117,"concordancia":2,"fracao_industrial":0.0,"anel":"intraurbano","dist_borda_urbano_2025_m":0.0,"unidade":"tete","area_km2":0.1152},"geometry":{"type":"Polygon","coordinates":[[[33.573683,-16.18857],[33.573689,-16.19074],[33.57818,-16.190727],[33.578174,-16.188558],[33.573683,-16.18857]]]}},{"type":"Feature","properties":{"classe_codigo":3,"classe":"adensando","f_2020":0.734375,"f_2025":0.875,"S1":0.058001,"S2":0.001739,"S3":0.208525,"concordancia":2,"fracao_industrial":0.0,"anel":"intraurbano","dist_borda_urbano_2025_m":0.0,"unidade":"tete","area_km2":0.1728},"geometry":{"type":"Polygon","coordinates":[[[33.580412,-16.186382],[33.580419,-16.188552],[33.578174,-16.188558],[33.57818,-16.190727],[33.58267,-16.190715],[33.582658,-16.186376],[33.580412,-16.186382]]]}},{"type":"Feature","properties":{"classe_codigo":2,"classe":"esparso_estavel","f_2020":0.078125,"f_2025":0.125,"S1":-0.00119,"S2":-0.004329,"S3":0.103095,"concordancia":0,"fracao_industrial":0.234375,"anel":"periurbano_0_1km","dist_borda_urbano_2025_m":60.0,"unidade":"moatize_vila","area_km2":0.0576},"geometry":{"type":"Polygon","coordinates":[[[33.780235,-16.187913],[33.780243,-16.190082],[33.782488,-16.190074],[33.78248,-16.187904],[33.780235,-16.187913]]]}},{"type":"Feature","properties":{"classe_codigo":6,"classe":"pegada_industrial","f_2020":0.0,"f_2025":0.0,"S1":0.0,"S2":0.005951,"S3":0.0,"concordancia":0,"fracao_industrial":1.0,"anel":"periurbano_1_3km","dist_borda_urbano_2025_m":1740.0,"unidade":"moatize_vila","area_km2":0.1152},"geometry":{"type":"Polygon","coordinates":[[[33.793705,-16.187863],[33.793714,-16.190032],[33.798204,-16.190015],[33.798195,-16.187846],[33.793705,-16.187863]]]}},{"type":"Feature","properties":{"classe_codigo":2,"classe":"esparso_estavel","f_2020":0.03125,"f_2025":0.03125,"S1":-0.100238,"S2":0.00023,"S3":0.604116,"concordancia":1,"fracao_industrial":0.0,"anel":"periurbano_0_1km","dist_borda_urbano_2025_m":108.17,"unidade":"tete","area_km2":0.5184},"geometry":{"type":"Polygon","coordinates":[[[33.627553,-16.184079],[33.627567,-16.188418],[33.623077,-16.188431],[33.623084,-16.190601],[33.627574,-16.190587],[33.627581,-16.192757],[33.632071,-16.192744],[33.63205,-16.186235],[33.629805,-16.186242],[33.629798,-16.184072],[33.627553,-16.184079]]]}},{"type":"Feature","properties":{"classe_codigo":3,"classe":"adensando","f_2020":0.078125,"f_2025":0.09375,"S1":-0.03956,"S2":0.004807,"S3":0.539673,"concordancia":2,"fracao_industrial":0.0,"anel":"periurbano_0_1km","dist_borda_urbano_2025_m":30.0,"unidade":"tete","area_km2":0.0576},"geometry":{"type":"Polygon","coordinates":[[[33.571444,-16.190746],[33.571451,-16.192915],[33.573696,-16.192909],[33.573689,-16.19074],[33.571444,-16.190746]]]}},{"type":"Feature","properties":{"classe_codigo":3,"classe":"adensando","f_2020":0.03125,"f_2025":0.03125,"S1":-0.100238,"S2":0.001631,"S3":0.468249,"concordancia":2,"fracao_industrial":0.0,"anel":"periurbano_0_1km","dist_borda_urbano_2025_m":127.28,"unidade":"tete","area_km2":0.0576},"geometry":{"type":"Polygon","coordinates":[[[33.625329,-16.190594],[33.625336,-16.192764],[33.627581,-16.192757],[33.627574,-16.190587],[33.625329,-16.190594]]]}},{"type":"Feature","properties":{"classe_codigo":4,"classe":"expansao_nova","f_2020":0.015625,"f_2025":0.03125,"S1":-0.033611,"S2":0.002192,"S3":0.410462,"concordancia":2,"fracao_industrial":0.0,"anel":"periurbano_0_1km","dist_borda_urbano_2025_m":150.0,"unidade":"moatize_vila","area_km2":0.0576},"geometry":{"type":"Polygon","coordinates":[[[33.780243,-16.190082],[33.780252,-16.192251],[33.782497,-16.192243],[33.782488,-16.190074],[33.780243,-16.190082]]]}},{"type":"Feature","properties":{"classe_codigo":5,"classe":"consolidado","f_2020":0.921875,"f_2025":0.921875,"S1":-0.023795,"S2":0.000816,"S3":-0.038064,"concordancia":0,"fracao_industrial":0.0,"anel":"intraurbano","dist_borda_urbano_2025_m":0.0,"unidade":"tete","area_km2":0.2304},"geometry":{"type":"Polygon","coordinates":[[[33.582664,-16.188546],[33.58267,-16.190715],[33.584915,-16.190709],[33.584928,-16.195048],[33.587173,-16.195042],[33.587154,-16.188533],[33.582664,-16.188546]]]}},{"type":"Feature","properties":{"classe_codigo":3,"classe":"adensando","f_2020":0.328125,"f_2025":0.34375,"S1":-0.032124,"S2":0.004168,"S3":0.37348,"concordancia":2,"fracao_industrial":0.0,"anel":"periurbano_0_1km","dist_borda_urbano_2025_m":42.43,"unidade":"tete","area_km2":0.0576},"geometry":{"type":"Polygon","coordinates":[[[33.573696,-16.192909],[33.573702,-16.195079],[33.575947,-16.195073],[33.575941,-16.192903],[33.573696,-16.192909]]]}},{"type":"Feature","properties":{"classe_codigo":3,"classe":"adensando","f_2020":0.328125,"f_2025":0.328125,"S1":-0.039262,"S2":0.00139,"S3":0.360986,"concordancia":2,"fracao_industrial":0.0,"anel":"intraurbano","dist_borda_urbano_2025_m":0.0,"unidade":"tete","area_km2":0.0576},"geometry":{"type":"Polygon","coordinates":[[[33.589412,-16.192866],[33.589419,-16.195036],[33.591664,-16.195029],[33.591657,-16.19286],[33.589412,-16.192866]]]}},{"type":"Feature","properties":{"classe_codigo":3,"classe":"adensando","f_2020":0.078125,"f_2025":0.078125,"S1":-0.069601,"S2":0.002658,"S3":0.474776,"concordancia":2,"fracao_industrial":0.0,"anel":"periurbano_0_1km","dist_borda_urbano_2025_m":30.0,"unidade":"tete","area_km2":0.0576},"geometry":{"type":"Polygon","coordinates":[[[33.629826,-16.19275],[33.629833,-16.19492],[33.632078,-16.194913],[33.632071,-16.192744],[33.629826,-16.19275]]]}},{"type":"Feature","properties":{"classe_codigo":3,"classe":"adensando","f_2020":0.25,"f_2025":0.34375,"S1":0.010113,"S2":0.003711,"S3":0.326527,"concordancia":2,"fracao_industrial":0.0,"anel":"periurbano_0_1km","dist_borda_urbano_2025_m":42.43,"unidade":"tete","area_km2":0.3456},"geometry":{"type":"Polygon","coordinates":[[[33.600632,-16.190665],[33.600638,-16.192835],[33.602884,-16.192828],[33.602897,-16.197167],[33.607387,-16.197155],[33.607374,-16.192816],[33.605129,-16.192822],[33.605122,-16.190652],[33.600632,-16.190665]]]}},{"type":"Feature","properties":{"classe_codigo":4,"classe":"expansao_nova","f_2020":0.0,"f_2025":0.09375,"S1":0.222189,"S2":0.003461,"S3":0.781988,"concordancia":3,"fracao_industrial":0.0,"anel":"periurbano_0_1km","dist_borda_urbano_2025_m":42.43,"unidade":"tete","area_km2":0.0576},"geometry":{"type":"Polygon","coordinates":[[[33.573702,-16.195079],[33.573708,-16.197248],[33.575954,-16.197242],[33.575947,-16.195073],[33.573702,-16.195079]]]}},{"type":"Feature","properties":{"classe_codigo":3,"classe":"adensando","f_2020":0.03125,"f_2025":0.140625,"S1":0.124033,"S2":0.003125,"S3":0.69747,"concordancia":3,"fracao_industrial":0.0,"anel":"periurbano_0_1km","dist_borda_urbano_2025_m":67.08,"unidade":"tete","area_km2":0.0576},"geometry":{"type":"Polygon","coordinates":[[[33.575947,-16.195073],[33.575954,-16.197242],[33.578199,-16.197236],[33.578193,-16.195067],[33.575947,-16.195073]]]}},{"type":"Feature","properties":{"classe_codigo":4,"classe":"expansao_nova","f_2020":0.0,"f_2025":0.078125,"S1":0.192148,"S2":0.00108,"S3":0.81513,"concordancia":2,"fracao_industrial":0.0,"anel":"periurbano_0_1km","dist_borda_urbano_2025_m":90.0,"unidade":"tete","area_km2":0.0576},"geometry":{"type":"Polygon","coordinates":[[[33.589419,-16.195036],[33.589425,-16.197205],[33.59167,-16.197199],[33.591664,-16.195029],[33.589419,-16.195036]]]}},{"type":"Feature","properties":{"classe_codigo":2,"classe":"esparso_estavel","f_2020":0.1875,"f_2025":0.1875,"S1":-0.047888,"S2":0.003883,"S3":0.329201,"concordancia":1,"fracao_industrial":0.0,"anel":"periurbano_0_1km","dist_borda_urbano_2025_m":30.0,"unidade":"tete","area_km2":0.0576},"geometry":{"type":"Polygon","coordinates":[[[33.607381,-16.194985],[33.607387,-16.197155],[33.609632,-16.197148],[33.609626,-16.194979],[33.607381,-16.194985]]]}},{"type":"Feature","properties":{"classe_codigo":2,"classe":"esparso_estavel","f_2020":0.46875,"f_2025":0.46875,"S1":-0.039857,"S2":0.002509,"S3":0.269546,"concordancia":1,"fracao_industrial":0.0,"anel":"intraurbano","dist_borda_urbano_2025_m":0.0,"unidade":"tete","area_km2":0.288},"geometry":{"type":"Polygon","coordinates":[[[33.600638,-16.192835],[33.600658,-16.199343],[33.607394,-16.199324],[33.607387,-16.197155],[33.602897,-16.197167],[33.602884,-16.192828],[33.600638,-16.192835]]]}},{"type":"Feature","properties":{"classe_codigo":3,"classe":"adensando","f_2020":0.5,"f_2025":0.671875,"S1":0.046698,"S2":0.002396,"S3":0.318356,"concordancia":2,"fracao_industrial":0.0,"anel":"periurbano_0_1km","dist_borda_urbano_2025_m":30.0,"unidade":"tete","area_km2":0.3456},"geometry":{"type":"Polygon","coordinates":[[[33.596148,-16.192847],[33.596154,-16.195017],[33.593909,-16.195023],[33.593916,-16.197193],[33.596161,-16.197186],[33.596167,-16.199356],[33.598413,-16.19935],[33.598406,-16.19718],[33.600651,-16.197174],[33.600638,-16.192835],[33.596148,-16.192847]]]}},{"type":"Feature","properties":{"classe_codigo":4,"classe":"expansao_nova","f_2020":0.0,"f_2025":0.078125,"S1":0.192148,"S2":0.001183,"S3":0.220648,"concordancia":2,"fracao_industrial":0.0,"anel":"periurbano_0_1km","dist_borda_urbano_2025_m":67.08,"unidade":"tete","area_km2":0.0576},"geometry":{"type":"Polygon","coordinates":[[[33.580444,-16.19723],[33.58045,-16.199399],[33.582696,-16.199393],[33.582689,-16.197224],[33.580444,-16.19723]]]}},{"type":"Feature","properties":{"classe_codigo":5,"classe":"consolidado","f_2020":0.9375,"f_2025":0.9375,"S1":-0.0232,"S2":0.001011,"S3":0.161808,"concordancia":0,"fracao_industrial":0.0,"anel":"intraurbano","dist_borda_urbano_2025_m":0.0,"unidade":"tete","area_km2":0.0576},"geometry":{"type":"Polygon","coordinates":[[[33.582689,-16.197224],[33.582696,-16.199393],[33.584941,-16.199387],[33.584935,-16.197218],[33.582689,-16.197224]]]}},{"type":"Feature","properties":{"classe_codigo":3,"classe":"adensando","f_2020":0.078125,"f_2025":0.078125,"S1":-0.069601,"S2":0.005483,"S3":0.400336,"concordancia":2,"fracao_industrial":0.0,"anel":"periurbano_0_1km","dist_borda_urbano_2025_m":67.08,"unidade":"tete","area_km2":0.0576},"geometry":{"type":"Polygon","coordinates":[[[33.607387,-16.197155],[33.607394,-16.199324],[33.609639,-16.199318],[33.609632,-16.197148],[33.607387,-16.197155]]]}},{"type":"Feature","properties":{"classe_codigo":2,"classe":"esparso_estavel","f_2020":0.703125,"f_2025":0.734375,"S1":-0.011303,"S2":0.002114,"S3":0.164202,"concordancia":1,"fracao_industrial":0.0,"anel":"intraurbano","dist_borda_urbano_2025_m":0.0,"unidade":"tete","area_km2":0.1152},"geometry":{"type":"Polygon","coordinates":[[[33.593916,-16.197193],[33.593929,-16.201532],[33.596174,-16.201526],[33.596161,-16.197186],[33.593916,-16.197193]]]}},{"type":"Feature","properties":{"classe_codigo":3,"classe":"adensando","f_2020":0.40625,"f_2025":0.53125,"S1":0.017549,"S2":0.001639,"S3":0.357866,"concordancia":3,"fracao_industrial":0.0,"anel":"intraurbano","dist_borda_urbano_2025_m":0.0,"unidade":"tete","area_km2":0.1728},"geometry":{"type":"Polygon","coordinates":[[[33.59167,-16.197199],[33.591677,-16.199369],[33.589432,-16.199375],[33.589438,-16.201544],[33.593929,-16.201532],[33.593916,-16.197193],[33.59167,-16.197199]]]}},{"type":"Feature","properties":{"classe_codigo":4,"classe":"expansao_nova","f_2020":0.015625,"f_2025":0.03125,"S1":-0.033611,"S2":0.00261,"S3":0.435275,"concordancia":2,"fracao_industrial":0.0,"anel":"periurbano_0_1km","dist_borda_urbano_2025_m":90.0,"unidade":"tete","area_km2":0.0576},"geometry":{"type":"Polygon","coordinates":[[[33.596167,-16.199356],[33.596174,-16.201526],[33.598419,-16.201519],[33.598413,-16.19935],[33.596167,-16.199356]]]}},{"type":"Feature","properties":{"classe_codigo":5,"classe":"consolidado","f_2020":0.953125,"f_2025":0.96875,"S1":-0.005057,"S2":0.001742,"S3":0.086303,"concordancia":1,"fracao_industrial":0.0,"anel":"intraurbano","dist_borda_urbano_2025_m":0.0,"unidade":"tete","area_km2":0.0576},"geometry":{"type":"Polygon","coordinates":[[[33.589438,-16.201544],[33.589444,-16.203714],[33.59169,-16.203708],[33.591683,-16.201538],[33.589438,-16.201544]]]}},{"type":"Feature","properties":{"classe_codigo":2,"classe":"esparso_estavel","f_2020":0.84375,"f_2025":0.875,"S1":-0.006246,"S2":0.002165,"S3":0.111135,"concordancia":1,"fracao_industrial":0.0,"anel":"intraurbano","dist_borda_urbano_2025_m":0.0,"unidade":"tete","area_km2":0.0576},"geometry":{"type":"Polygon","coordinates":[[[33.591683,-16.201538],[33.59169,-16.203708],[33.593935,-16.203701],[33.593929,-16.201532],[33.591683,-16.201538]]]}},{"type":"Feature","properties":{"classe_codigo":5,"classe":"consolidado","f_2020":0.984375,"f_2025":1.0,"S1":0.054134,"S2":0.002606,"S3":0.056461,"concordancia":2,"fracao_industrial":0.0,"anel":"intraurbano","dist_borda_urbano_2025_m":0.0,"unidade":"tete","area_km2":0.0576},"geometry":{"type":"Polygon","coordinates":[[[33.593929,-16.201532],[33.593935,-16.203701],[33.596181,-16.203695],[33.596174,-16.201526],[33.593929,-16.201532]]]}},{"type":"Feature","properties":{"classe_codigo":3,"classe":"adensando","f_2020":0.453125,"f_2025":0.59375,"S1":0.022011,"S2":0.001677,"S3":0.313793,"concordancia":2,"fracao_industrial":0.0,"anel":"periurbano_0_1km","dist_borda_urbano_2025_m":42.43,"unidade":"tete","area_km2":0.1152},"geometry":{"type":"Polygon","coordinates":[[[33.587199,-16.20372],[33.587206,-16.20589],[33.591696,-16.205877],[33.59169,-16.203708],[33.587199,-16.20372]]]}},{"type":"Feature","properties":{"classe_codigo":5,"classe":"consolidado","f_2020":1.0,"f_2025":1.0,"S1":-0.005057,"S2":0.002476,"S3":0.021389,"concordancia":1,"fracao_industrial":0.0,"anel":"intraurbano","dist_borda_urbano_2025_m":0.0,"unidade":"tete","area_km2":0.0576},"geometry":{"type":"Polygon","coordinates":[[[33.59169,-16.203708],[33.591696,-16.205877],[33.593942,-16.205871],[33.593935,-16.203701],[33.59169,-16.203708]]]}},{"type":"Feature","properties":{"classe_codigo":2,"classe":"esparso_estavel","f_2020":0.078125,"f_2025":0.078125,"S1":-0.069601,"S2":0.005519,"S3":0.327457,"concordancia":1,"fracao_industrial":0.0,"anel":"periurbano_0_1km","dist_borda_urbano_2025_m":60.0,"unidade":"tete","area_km2":0.0576},"geometry":{"type":"Polygon","coordinates":[[[33.600671,-16.203682],[33.600678,-16.205852],[33.602923,-16.205846],[33.602916,-16.203676],[33.600671,-16.203682]]]}},{"type":"Feature","properties":{"classe_codigo":6,"classe":"pegada_industrial","f_2020":0.0,"f_2025":0.0,"S1":0.0,"S2":-0.005109,"S3":0.0,"concordancia":0,"fracao_industrial":0.96875,"anel":"periurbano_1_3km","dist_borda_urbano_2025_m":2627.18,"unidade":"moatize_vila","area_km2":31.6224},"geometry":{"type":"Polygon","coordinates":[[[33.723871,-16.123026],[33.723879,-16.125196],[33.717145,-16.125218],[33.717153,-16.127388],[33.712664,-16.127403],[33.712672,-16.129573],[33.708183,-16.129587],[33.708191,-16.131757],[33.705946,-16.131764],[33.705985,-16.142612],[33.708229,-16.142604],[33.708237,-16.144774],[33.710482,-16.144767],[33.710489,-16.146936],[33.719468,-16.146906],[33.719484,-16.151245],[33.728462,-16.151214],[33.72847,-16.153384],[33.730715,-16.153376],[33.730707,-16.151207],[33.732952,-16.151199],[33.73296,-16.153368],[33.737449,-16.153353],[33.737441,-16.151184],[33.739686,-16.151176],[33.739694,-16.153345],[33.741939,-16.153337],[33.741947,-16.155507],[33.744191,-16.155499],[33.7442,-16.157669],[33.750934,-16.157645],[33.75095,-16.161984],[33.753195,-16.161976],[33.753187,-16.159806],[33.755431,-16.159799],[33.75544,-16.161968],[33.757685,-16.16196],[33.757668,-16.157621],[33.759913,-16.157613],[33.759904,-16.155444],[33.762149,-16.155436],[33.762141,-16.153266],[33.764386,-16.153258],[33.764377,-16.151089],[33.768867,-16.151072],[33.768883,-16.155411],[33.773373,-16.155395],[33.77339,-16.159734],[33.777879,-16.159718],[33.777871,-16.157548],[33.780115,-16.15754],[33.780124,-16.15971],[33.782369,-16.159701],[33.782377,-16.161871],[33.780132,-16.161879],[33.780141,-16.164048],[33.771162,-16.164081],[33.77117,-16.166251],[33.76668,-16.166267],[33.766689,-16.168436],[33.764444,-16.168444],[33.764461,-16.172783],[33.766705,-16.172775],[33.766722,-16.177114],[33.775702,-16.177082],[33.775685,-16.172743],[33.780175,-16.172726],[33.780166,-16.170557],[33.784656,-16.17054],[33.784665,-16.17271],[33.78691,-16.172702],[33.786918,-16.174871],[33.789163,-16.174863],[33.789154,-16.172693],[33.793644,-16.172677],[33.793627,-16.168338],[33.795872,-16.168329],[33.795898,-16.174838],[33.798143,-16.174829],[33.798134,-16.17266],[33.800379,-16.172651],[33.800405,-16.17916],[33.79816,-16.179168],[33.798178,-16.183507],[33.800423,-16.183499],[33.800431,-16.185668],[33.802676,-16.18566],[33.802685,-16.187829],[33.80493,-16.18782],[33.804921,-16.185651],[33.807166,-16.185643],[33.807219,-16.198659],[33.813955,-16.198634],[33.813964,-16.200803],[33.818454,-16.200786],[33.818463,-16.202955],[33.829689,-16.202912],[33.829707,-16.20725],[33.834198,-16.207233],[33.834134,-16.192047],[33.829644,-16.192064],[33.829635,-16.189895],[33.834125,-16.189877],[33.834107,-16.185539],[33.831862,-16.185547],[33.831871,-16.187717],[33.827381,-16.187734],[33.827363,-16.183395],[33.825118,-16.183404],[33.825127,-16.185574],[33.822882,-16.185582],[33.822873,-16.183413],[33.820628,-16.183422],[33.820619,-16.181252],[33.818374,-16.181261],[33.818365,-16.179091],[33.813875,-16.179109],[33.813866,-16.176939],[33.816111,-16.17693],[33.816093,-16.172592],[33.818338,-16.172583],[33.818329,-16.170414],[33.820574,-16.170405],[33.820556,-16.166066],[33.818311,-16.166075],[33.818302,-16.163905],[33.816057,-16.163914],[33.816049,-16.161744],[33.813804,-16.161753],[33.813795,-16.159584],[33.809305,-16.159601],[33.809297,-16.157431],[33.807052,-16.15744],[33.807043,-16.15527],[33.804798,-16.155279],[33.80479,-16.153109],[33.798056,-16.153135],[33.798082,-16.159643],[33.800327,-16.159635],[33.800344,-16.163973],[33.798099,-16.163982],[33.798108,-16.166151],[33.795863,-16.16616],[33.795846,-16.161821],[33.793601,-16.161829],[33.793584,-16.15749],[33.791339,-16.157499],[33.79133,-16.155329],[33.793575,-16.155321],[33.793566,-16.153151],[33.789077,-16.153168],[33.789068,-16.150999],[33.786824,-16.151007],[33.786815,-16.148837],[33.78906,-16.148829],[33.789051,-16.14666],[33.791296,-16.146651],[33.791279,-16.142312],[33.789034,-16.142321],[33.789025,-16.140151],[33.786781,-16.14016],[33.786772,-16.13799],[33.784528,-16.137998],[33.784536,-16.140168],[33.782292,-16.140176],[33.7823,-16.142346],[33.775567,-16.14237],[33.775584,-16.146709],[33.773339,-16.146717],[33.773331,-16.144548],[33.771086,-16.144556],[33.771094,-16.146725],[33.766605,-16.146742],[33.766597,-16.144572],[33.759863,-16.144596],[33.759855,-16.142427],[33.755366,-16.142443],[33.755357,-16.140273],[33.746379,-16.140305],[33.746387,-16.142474],[33.744143,-16.142482],[33.744159,-16.146821],[33.741914,-16.146829],[33.741898,-16.14249],[33.739654,-16.142498],[33.739662,-16.144667],[33.737417,-16.144675],[33.737409,-16.142506],[33.735164,-16.142513],[33.735124,-16.131666],[33.73288,-16.131674],[33.732872,-16.129504],[33.723894,-16.129535],[33.723886,-16.127365],[33.726131,-16.127358],[33.726115,-16.123019],[33.723871,-16.123026]],[[33.744159,-16.146821],[33.746404,-16.146813],[33.74642,-16.151152],[33.744175,-16.15116],[33.744159,-16.146821]],[[33.74642,-16.151152],[33.748665,-16.151144],[33.748673,-16.153314],[33.746428,-16.153322],[33.74642,-16.151152]],[[33.798117,-16.168321],[33.800361,-16.168312],[33.80037,-16.170482],[33.798125,-16.17049],[33.798117,-16.168321]],[[33.809376,-16.176956],[33.811621,-16.176948],[33.811639,-16.181287],[33.809394,-16.181295],[33.809376,-16.176956]],[[33.811648,-16.183456],[33.813893,-16.183447],[33.813902,-16.185617],[33.816147,-16.185608],[33.816164,-16.189947],[33.813919,-16.189956],[33.81391,-16.187786],[33.80942,-16.187803],[33.809411,-16.185634],[33.811656,-16.185625],[33.811648,-16.183456]],[[33.827417,-16.196412],[33.829662,-16.196403],[33.829671,-16.198573],[33.827426,-16.198581],[33.827417,-16.196412]]]}},{"type":"Feature","properties":{"classe_codigo":3,"classe":"adensando","f_2020":0.34375,"f_2025":0.609375,"S1":0.085961,"S2":0.003906,"S3":0.329852,"concordancia":2,"fracao_industrial":0.0,"anel":"periurbano_0_1km","dist_borda_urbano_2025_m":30.0,"unidade":"tete","area_km2":0.5184},"geometry":{"type":"Polygon","coordinates":[[[33.600658,-16.199343],[33.600665,-16.201513],[33.596174,-16.201526],[33.596181,-16.203695],[33.593935,-16.203701],[33.593948,-16.20804],[33.596194,-16.208034],[33.596187,-16.205865],[33.600678,-16.205852],[33.600671,-16.203682],[33.602916,-16.203676],[33.60291,-16.201507],[33.605155,-16.2015],[33.605149,-16.199331],[33.600658,-16.199343]]]}},{"type":"Feature","properties":{"classe_codigo":3,"classe":"adensando","f_2020":0.140625,"f_2025":0.15625,"S1":-0.038073,"S2":0.005993,"S3":0.4286,"concordancia":2,"fracao_industrial":0.0,"anel":"intraurbano","dist_borda_urbano_2025_m":0.0,"unidade":"tete","area_km2":0.0576},"geometry":{"type":"Polygon","coordinates":[[[33.600678,-16.205852],[33.600684,-16.208021],[33.60293,-16.208015],[33.602923,-16.205846],[33.600678,-16.205852]]]}},{"type":"Feature","properties":{"classe_codigo":2,"classe":"esparso_estavel","f_2020":0.078125,"f_2025":0.078125,"S1":-0.069601,"S2":0.006197,"S3":0.02449,"concordancia":1,"fracao_industrial":0.0,"anel":"intraurbano","dist_borda_urbano_2025_m":0.0,"unidade":"tete","area_km2":0.0576},"geometry":{"type":"Polygon","coordinates":[[[33.61415,-16.205813],[33.614157,-16.207983],[33.616402,-16.207976],[33.616395,-16.205807],[33.61415,-16.205813]]]}},{"type":"Feature","properties":{"classe_codigo":2,"classe":"esparso_estavel","f_2020":0.15625,"f_2025":0.15625,"S1":-0.054432,"S2":0.001953,"S3":0.126626,"concordancia":1,"fracao_industrial":0.0,"anel":"periurbano_0_1km","dist_borda_urbano_2025_m":94.87,"unidade":"tete","area_km2":4.2048},"geometry":{"type":"Polygon","coordinates":[[[33.587116,-16.175516],[33.587135,-16.182025],[33.578155,-16.182049],[33.578167,-16.186388],[33.582658,-16.186376],[33.582651,-16.184207],[33.591632,-16.184182],[33.591625,-16.182012],[33.596115,-16.182],[33.596135,-16.188508],[33.59838,-16.188502],[33.598387,-16.190672],[33.593896,-16.190684],[33.59389,-16.188515],[33.587154,-16.188533],[33.587173,-16.195042],[33.584928,-16.195048],[33.584915,-16.190709],[33.58267,-16.190715],[33.582677,-16.192885],[33.580431,-16.192891],[33.580425,-16.190721],[33.573689,-16.19074],[33.573696,-16.192909],[33.575941,-16.192903],[33.575947,-16.195073],[33.580438,-16.19506],[33.580444,-16.19723],[33.584935,-16.197218],[33.584941,-16.199387],[33.582696,-16.199393],[33.582708,-16.203732],[33.584954,-16.203726],[33.58496,-16.205896],[33.582715,-16.205902],[33.582721,-16.208072],[33.584967,-16.208065],[33.584973,-16.210235],[33.587218,-16.210229],[33.587212,-16.208059],[33.589457,-16.208053],[33.589464,-16.210222],[33.591709,-16.210216],[33.591703,-16.208047],[33.593948,-16.20804],[33.593942,-16.205871],[33.587206,-16.20589],[33.587199,-16.20372],[33.589444,-16.203714],[33.589432,-16.199375],[33.591677,-16.199369],[33.59167,-16.197199],[33.593916,-16.197193],[33.593909,-16.195023],[33.596154,-16.195017],[33.596148,-16.192847],[33.600638,-16.192835],[33.600632,-16.190665],[33.605122,-16.190652],[33.605116,-16.188483],[33.60287,-16.188489],[33.602844,-16.179811],[33.600599,-16.179817],[33.600606,-16.181987],[33.59836,-16.181993],[33.598354,-16.179824],[33.593864,-16.179836],[33.593851,-16.175497],[33.587116,-16.175516]],[[33.589374,-16.179849],[33.591619,-16.179843],[33.591625,-16.182012],[33.58938,-16.182018],[33.589374,-16.179849]],[[33.589412,-16.192866],[33.591657,-16.19286],[33.59167,-16.197199],[33.589425,-16.197205],[33.589412,-16.192866]]]}},{"type":"Feature","properties":{"classe_codigo":4,"classe":"expansao_nova","f_2020":0.015625,"f_2025":0.046875,"S1":0.023795,"S2":0.000639,"S3":0.699374,"concordancia":2,"fracao_industrial":0.0,"anel":"periurbano_0_1km","dist_borda_urbano_2025_m":30.0,"unidade":"tete","area_km2":0.0576},"geometry":{"type":"Polygon","coordinates":[[[33.57823,-16.208084],[33.578237,-16.210253],[33.580482,-16.210247],[33.580476,-16.208078],[33.57823,-16.208084]]]}},{"type":"Feature","properties":{"classe_codigo":2,"classe":"esparso_estavel","f_2020":0.03125,"f_2025":0.0625,"S1":-0.000595,"S2":-0.000542,"S3":0.640555,"concordancia":1,"fracao_industrial":0.0,"anel":"periurbano_0_1km","dist_borda_urbano_2025_m":108.17,"unidade":"tete","area_km2":0.0576},"geometry":{"type":"Polygon","coordinates":[[[33.580476,-16.208078],[33.580482,-16.210247],[33.582728,-16.210241],[33.582721,-16.208072],[33.580476,-16.208078]]]}},{"type":"Feature","properties":{"classe_codigo":3,"classe":"adensando","f_2020":0.046875,"f_2025":0.125,"S1":0.057704,"S2":-0.000437,"S3":0.583644,"concordancia":2,"fracao_industrial":0.0,"anel":"periurbano_0_1km","dist_borda_urbano_2025_m":67.08,"unidade":"tete","area_km2":0.0576},"geometry":{"type":"Polygon","coordinates":[[[33.582721,-16.208072],[33.582728,-16.210241],[33.584973,-16.210235],[33.584967,-16.208065],[33.582721,-16.208072]]]}},{"type":"Feature","properties":{"classe_codigo":4,"classe":"expansao_nova","f_2020":0.015625,"f_2025":0.21875,"S1":0.266211,"S2":0.000653,"S3":0.654258,"concordancia":2,"fracao_industrial":0.0,"anel":"periurbano_0_1km","dist_borda_urbano_2025_m":60.0,"unidade":"tete","area_km2":0.0576},"geometry":{"type":"Polygon","coordinates":[[[33.587212,-16.208059],[33.587218,-16.210229],[33.589464,-16.210222],[33.589457,-16.208053],[33.587212,-16.208059]]]}},{"type":"Feature","properties":{"classe_codigo":3,"classe":"adensando","f_2020":0.046875,"f_2025":0.21875,"S1":0.153778,"S2":0.001275,"S3":0.669536,"concordancia":3,"fracao_industrial":0.0,"anel":"periurbano_0_1km","dist_borda_urbano_2025_m":67.08,"unidade":"tete","area_km2":0.0576},"geometry":{"type":"Polygon","coordinates":[[[33.591703,-16.208047],[33.591709,-16.210216],[33.593955,-16.21021],[33.593948,-16.20804],[33.591703,-16.208047]]]}},{"type":"Feature","properties":{"classe_codigo":4,"classe":"expansao_nova","f_2020":0.015625,"f_2025":0.09375,"S1":0.131767,"S2":0.004821,"S3":0.681327,"concordancia":3,"fracao_industrial":0.0,"anel":"periurbano_0_1km","dist_borda_urbano_2025_m":60.0,"unidade":"tete","area_km2":0.2304},"geometry":{"type":"Polygon","coordinates":[[[33.598432,-16.205858],[33.598439,-16.208028],[33.593948,-16.20804],[33.593955,-16.21021],[33.600691,-16.210191],[33.600678,-16.205852],[33.598432,-16.205858]]]}},{"type":"Feature","properties":{"classe_codigo":2,"classe":"esparso_estavel","f_2020":0.03125,"f_2025":0.03125,"S1":-0.100238,"S2":-0.001995,"S3":-0.209697,"concordancia":0,"fracao_industrial":0.0,"anel":"periurbano_0_1km","dist_borda_urbano_2025_m":42.43,"unidade":"tete","area_km2":0.0576},"geometry":{"type":"Polygon","coordinates":[[[33.54231,-16.210348],[33.542316,-16.212518],[33.544561,-16.212512],[33.544555,-16.210342],[33.54231,-16.210348]]]}},{"type":"Feature","properties":{"classe_codigo":3,"classe":"adensando","f_2020":0.171875,"f_2025":0.265625,"S1":0.024688,"S2":0.00017,"S3":0.433114,"concordancia":2,"fracao_industrial":0.0,"anel":"periurbano_0_1km","dist_borda_urbano_2025_m":0.0,"unidade":"tete","area_km2":0.1152},"geometry":{"type":"Polygon","coordinates":[[[33.578237,-16.210253],[33.578243,-16.212423],[33.582734,-16.212411],[33.582728,-16.210241],[33.578237,-16.210253]]]}},{"type":"Feature","properties":{"classe_codigo":2,"classe":"esparso_estavel","f_2020":0.109375,"f_2025":0.109375,"S1":-0.063355,"S2":4.1e-05,"S3":0.345135,"concordancia":0,"fracao_industrial":0.0,"anel":"periurbano_0_1km","dist_borda_urbano_2025_m":67.08,"unidade":"tete","area_km2":0.0576},"geometry":{"type":"Polygon","coordinates":[[[33.582728,-16.210241],[33.582734,-16.212411],[33.584979,-16.212404],[33.584973,-16.210235],[33.582728,-16.210241]]]}},{"type":"Feature","properties":{"classe_codigo":3,"classe":"adensando","f_2020":0.1875,"f_2025":0.265625,"S1":0.01517,"S2":0.000712,"S3":0.385595,"concordancia":2,"fracao_industrial":0.0,"anel":"periurbano_0_1km","dist_borda_urbano_2025_m":60.0,"unidade":"tete","area_km2":0.0576},"geometry":{"type":"Polygon","coordinates":[[[33.584973,-16.210235],[33.584979,-16.212404],[33.587225,-16.212398],[33.587218,-16.210229],[33.584973,-16.210235]]]}},{"type":"Feature","properties":{"classe_codigo":4,"classe":"expansao_nova","f_2020":0.0,"f_2025":0.046875,"S1":0.114218,"S2":0.006939,"S3":0.735657,"concordancia":3,"fracao_industrial":0.0,"anel":"periurbano_0_1km","dist_borda_urbano_2025_m":94.87,"unidade":"tete","area_km2":0.0576},"geometry":{"type":"Polygon","coordinates":[[[33.600691,-16.210191],[33.600697,-16.212361],[33.602943,-16.212354],[33.602936,-16.210185],[33.600691,-16.210191]]]}},{"type":"Feature","properties":{"classe_codigo":6,"classe":"pegada_industrial","f_2020":0.0,"f_2025":0.0,"S1":0.0,"S2":0.006354,"S3":0.0,"concordancia":0,"fracao_industrial":1.0,"anel":"externo","dist_borda_urbano_2025_m":3836.48,"unidade":"tete","area_km2":0.9216},"geometry":{"type":"Polygon","coordinates":[[[33.665771,-16.199149],[33.6658,-16.207827],[33.668045,-16.20782],[33.668053,-16.20999],[33.679279,-16.209954],[33.679294,-16.214293],[33.68154,-16.214286],[33.68151,-16.205608],[33.679265,-16.205615],[33.679272,-16.207785],[33.677027,-16.207792],[33.677019,-16.205622],[33.674774,-16.20563],[33.674781,-16.207799],[33.672536,-16.207806],[33.672529,-16.205637],[33.668038,-16.205651],[33.668016,-16.199142],[33.665771,-16.199149]]]}},{"type":"Feature","properties":{"classe_codigo":4,"classe":"expansao_nova","f_2020":0.0,"f_2025":0.078125,"S1":0.192148,"S2":0.006053,"S3":0.792746,"concordancia":3,"fracao_industrial":0.0,"anel":"periurbano_0_1km","dist_borda_urbano_2025_m":67.08,"unidade":"tete","area_km2":0.1152},"geometry":{"type":"Polygon","coordinates":[[[33.571507,-16.212441],[33.571513,-16.214611],[33.576004,-16.214599],[33.575998,-16.212429],[33.571507,-16.212441]]]}},{"type":"Feature","properties":{"classe_codigo":4,"classe":"expansao_nova","f_2020":0.015625,"f_2025":0.03125,"S1":-0.033611,"S2":0.00062,"S3":0.740845,"concordancia":1,"fracao_industrial":0.0,"anel":"periurbano_0_1km","dist_borda_urbano_2025_m":90.0,"unidade":"tete","area_km2":0.0576},"geometry":{"type":"Polygon","coordinates":[[[33.582734,-16.212411],[33.58274,-16.21458],[33.584986,-16.214574],[33.584979,-16.212404],[33.582734,-16.212411]]]}},{"type":"Feature","properties":{"classe_codigo":2,"classe":"esparso_estavel","f_2020":0.09375,"f_2025":0.125,"S1":-0.027067,"S2":0.001344,"S3":0.28388,"concordancia":1,"fracao_industrial":0.0,"anel":"periurbano_0_1km","dist_borda_urbano_2025_m":90.0,"unidade":"tete","area_km2":0.0576},"geometry":{"type":"Polygon","coordinates":[[[33.584979,-16.212404],[33.584986,-16.214574],[33.587231,-16.214568],[33.587225,-16.212398],[33.584979,-16.212404]]]}},{"type":"Feature","properties":{"classe_codigo":4,"classe":"expansao_nova","f_2020":0.015625,"f_2025":0.125,"S1":0.170137,"S2":0.001411,"S3":0.71152,"concordancia":3,"fracao_industrial":0.0,"anel":"periurbano_0_1km","dist_borda_urbano_2025_m":0.0,"unidade":"tete","area_km2":0.2304},"geometry":{"type":"Polygon","coordinates":[[[33.589464,-16.210222],[33.58947,-16.212392],[33.587225,-16.212398],[33.587231,-16.214568],[33.593968,-16.214549],[33.593961,-16.21238],[33.591716,-16.212386],[33.591709,-16.210216],[33.589464,-16.210222]]]}},{"type":"Feature","properties":{"classe_codigo":2,"classe":"esparso_estavel","f_2020":0.15625,"f_2025":0.15625,"S1":-0.054432,"S2":0.009375,"S3":0.332942,"concordancia":1,"fracao_industrial":0.0,"anel":"periurbano_0_1km","dist_borda_urbano_2025_m":60.0,"unidade":"tete","area_km2":0.0576},"geometry":{"type":"Polygon","coordinates":[[[33.611925,-16.212329],[33.611931,-16.214498],[33.614177,-16.214492],[33.61417,-16.212322],[33.611925,-16.212329]]]}},{"type":"Feature","properties":{"classe_codigo":3,"classe":"adensando","f_2020":0.046875,"f_2025":0.046875,"S1":-0.088638,"S2":0.008447,"S3":0.400926,"concordancia":2,"fracao_industrial":0.0,"anel":"periurbano_0_1km","dist_borda_urbano_2025_m":30.0,"unidade":"tete","area_km2":0.0576},"geometry":{"type":"Polygon","coordinates":[[[33.61417,-16.212322],[33.614177,-16.214492],[33.616422,-16.214485],[33.616415,-16.212316],[33.61417,-16.212322]]]}},{"type":"Feature","properties":{"classe_codigo":3,"classe":"adensando","f_2020":0.03125,"f_2025":0.03125,"S1":-0.100238,"S2":0.001896,"S3":0.423307,"concordancia":2,"fracao_industrial":0.0,"anel":"intraurbano","dist_borda_urbano_2025_m":0.0,"unidade":"tete","area_km2":0.288},"geometry":{"type":"Polygon","coordinates":[[[33.580495,-16.214586],[33.580508,-16.218925],[33.584999,-16.218913],[33.584992,-16.216744],[33.587238,-16.216737],[33.587231,-16.214568],[33.580495,-16.214586]]]}},{"type":"Feature","properties":{"classe_codigo":4,"classe":"expansao_nova","f_2020":0.0,"f_2025":0.046875,"S1":0.114218,"S2":0.00779,"S3":0.647335,"concordancia":3,"fracao_industrial":0.0,"anel":"periurbano_0_1km","dist_borda_urbano_2025_m":90.0,"unidade":"tete","area_km2":0.0576},"geometry":{"type":"Polygon","coordinates":[[[33.573765,-16.216774],[33.573771,-16.218944],[33.576017,-16.218938],[33.57601,-16.216768],[33.573765,-16.216774]]]}},{"type":"Feature","properties":{"classe_codigo":4,"classe":"expansao_nova","f_2020":0.015625,"f_2025":0.03125,"S1":-0.033611,"S2":0.002891,"S3":0.67751,"concordancia":2,"fracao_industrial":0.0,"anel":"periurbano_0_1km","dist_borda_urbano_2025_m":42.43,"unidade":"tete","area_km2":0.0576},"geometry":{"type":"Polygon","coordinates":[[[33.578256,-16.216762],[33.578262,-16.218932],[33.580508,-16.218925],[33.580501,-16.216756],[33.578256,-16.216762]]]}},{"type":"Feature","properties":{"classe_codigo":4,"classe":"expansao_nova","f_2020":0.015625,"f_2025":0.03125,"S1":-0.033611,"S2":0.003277,"S3":0.438398,"concordancia":2,"fracao_industrial":0.0,"anel":"periurbano_0_1km","dist_borda_urbano_2025_m":120.0,"unidade":"tete","area_km2":0.0576},"geometry":{"type":"Polygon","coordinates":[[[33.580508,-16.218925],[33.580514,-16.221095],[33.582759,-16.221089],[33.582753,-16.218919],[33.580508,-16.218925]]]}},{"type":"Feature","properties":{"classe_codigo":6,"classe":"pegada_industrial","f_2020":0.0,"f_2025":0.0,"S1":0.0,"S2":0.108786,"S3":0.0,"concordancia":0,"fracao_industrial":1.0,"anel":"externo","dist_borda_urbano_2025_m":4002.16,"unidade":"tete","area_km2":0.3456},"geometry":{"type":"Polygon","coordinates":[[[33.674796,-16.212138],[33.674811,-16.216477],[33.677056,-16.21647],[33.677079,-16.222978],[33.679324,-16.222971],[33.679294,-16.214293],[33.677049,-16.2143],[33.677041,-16.212131],[33.674796,-16.212138]]]}},{"type":"Feature","properties":{"classe_codigo":4,"classe":"expansao_nova","f_2020":0.0,"f_2025":0.046875,"S1":0.114218,"S2":0.005538,"S3":0.792052,"concordancia":3,"fracao_industrial":0.0,"anel":"periurbano_0_1km","dist_borda_urbano_2025_m":67.08,"unidade":"tete","area_km2":0.0576},"geometry":{"type":"Polygon","coordinates":[[[33.582759,-16.221089],[33.582766,-16.223258],[33.585011,-16.223252],[33.585005,-16.221083],[33.582759,-16.221089]]]}},{"type":"Feature","properties":{"classe_codigo":3,"classe":"adensando","f_2020":0.171875,"f_2025":0.1875,"S1":-0.03837,"S2":0.004701,"S3":0.353989,"concordancia":2,"fracao_industrial":0.0,"anel":"periurbano_0_1km","dist_borda_urbano_2025_m":30.0,"unidade":"tete","area_km2":0.1728},"geometry":{"type":"Polygon","coordinates":[[[33.578268,-16.221101],[33.578275,-16.223271],[33.58052,-16.223264],[33.580527,-16.225434],[33.582772,-16.225428],[33.582759,-16.221089],[33.578268,-16.221101]]]}},{"type":"Feature","properties":{"classe_codigo":6,"classe":"pegada_industrial","f_2020":0.0,"f_2025":0.0,"S1":0.0,"S2":-0.001995,"S3":0.384869,"concordancia":0,"fracao_industrial":0.953125,"anel":"externo","dist_borda_urbano_2025_m":3220.64,"unidade":"tete","area_km2":0.0576},"geometry":{"type":"Polygon","coordinates":[[[33.670342,-16.223],[33.670349,-16.225169],[33.672595,-16.225162],[33.672588,-16.222993],[33.670342,-16.223]]]}},{"type":"Feature","properties":{"classe_codigo":2,"classe":"esparso_estavel","f_2020":0.203125,"f_2025":0.203125,"S1":-0.045509,"S2":0.012468,"S3":0.13238,"concordancia":1,"fracao_industrial":0.0,"anel":"periurbano_0_1km","dist_borda_urbano_2025_m":60.0,"unidade":"tete","area_km2":0.1728},"geometry":{"type":"Polygon","coordinates":[[[33.578275,-16.223271],[33.578294,-16.229779],[33.580539,-16.229773],[33.58052,-16.223264],[33.578275,-16.223271]]]}},{"type":"Feature","properties":{"classe_codigo":3,"classe":"adensando","f_2020":0.171875,"f_2025":0.171875,"S1":-0.052052,"S2":0.088816,"S3":0.360062,"concordancia":2,"fracao_industrial":0.0,"anel":"periurbano_0_1km","dist_borda_urbano_2025_m":30.0,"unidade":"tete","area_km2":0.0576},"geometry":{"type":"Polygon","coordinates":[[[33.576042,-16.227616],[33.576048,-16.229785],[33.578294,-16.229779],[33.578287,-16.22761],[33.576042,-16.227616]]]}},{"type":"Feature","properties":{"classe_codigo":2,"classe":"esparso_estavel","f_2020":0.078125,"f_2025":0.078125,"S1":-0.069601,"S2":0.1002,"S3":-0.314396,"concordancia":1,"fracao_industrial":0.0,"anel":"intraurbano","dist_borda_urbano_2025_m":0.0,"unidade":"tete","area_km2":0.0576},"geometry":{"type":"Polygon","coordinates":[[[33.596265,-16.231899],[33.596272,-16.234069],[33.598518,-16.234062],[33.598511,-16.231893],[33.596265,-16.231899]]]}},{"type":"Feature","properties":{"classe_codigo":2,"classe":"esparso_estavel","f_2020":0.109375,"f_2025":0.109375,"S1":-0.063355,"S2":-0.001995,"S3":-0.359012,"concordancia":0,"fracao_industrial":0.0,"anel":"periurbano_0_1km","dist_borda_urbano_2025_m":67.08,"unidade":"tete","area_km2":0.0576},"geometry":{"type":"Polygon","coordinates":[[[33.551358,-16.23419],[33.551364,-16.23636],[33.55361,-16.236354],[33.553604,-16.234184],[33.551358,-16.23419]]]}},{"type":"Feature","properties":{"classe_codigo":6,"classe":"pegada_industrial","f_2020":0.0,"f_2025":0.0,"S1":0.0,"S2":-0.002983,"S3":0.316675,"concordancia":0,"fracao_industrial":0.921875,"anel":"periurbano_1_3km","dist_borda_urbano_2025_m":1195.49,"unidade":"tete","area_km2":0.0576},"geometry":{"type":"Polygon","coordinates":[[[33.573828,-16.23847],[33.573834,-16.240639],[33.57608,-16.240633],[33.576073,-16.238463],[33.573828,-16.23847]]]}},{"type":"Feature","properties":{"classe_codigo":6,"classe":"pegada_industrial","f_2020":0.0,"f_2025":0.0,"S1":0.0,"S2":-0.002778,"S3":0.0,"concordancia":0,"fracao_industrial":0.84375,"anel":"periurbano_1_3km","dist_borda_urbano_2025_m":1381.3,"unidade":"tete","area_km2":0.1728},"geometry":{"type":"Polygon","coordinates":[[[33.578325,-16.240627],[33.578338,-16.244966],[33.58283,-16.244954],[33.582823,-16.242784],[33.580578,-16.24279],[33.580571,-16.240621],[33.578325,-16.240627]]]}},{"type":"Feature","properties":{"classe_codigo":2,"classe":"esparso_estavel","f_2020":0.046875,"f_2025":0.046875,"S1":-0.088638,"S2":-0.001995,"S3":0.412552,"concordancia":1,"fracao_industrial":0.0,"anel":"periurbano_0_1km","dist_borda_urbano_2025_m":67.08,"unidade":"tete","area_km2":0.0576},"geometry":{"type":"Polygon","coordinates":[[[33.656955,-16.249076],[33.656962,-16.251246],[33.659208,-16.251239],[33.659201,-16.249069],[33.656955,-16.249076]]]}},{"type":"Feature","properties":{"classe_codigo":4,"classe":"expansao_nova","f_2020":0.015625,"f_2025":0.03125,"S1":-0.033611,"S2":-0.001995,"S3":0.227918,"concordancia":0,"fracao_industrial":0.0,"anel":"periurbano_0_1km","dist_borda_urbano_2025_m":90.0,"unidade":"tete","area_km2":0.0576},"geometry":{"type":"Polygon","coordinates":[[[33.553652,-16.251541],[33.553658,-16.25371],[33.555904,-16.253704],[33.555898,-16.251535],[33.553652,-16.251541]]]}},{"type":"Feature","properties":{"classe_codigo":4,"classe":"expansao_nova","f_2020":0.0,"f_2025":0.03125,"S1":0.056811,"S2":-0.001995,"S3":-0.052647,"concordancia":1,"fracao_industrial":0.0,"anel":"periurbano_0_1km","dist_borda_urbano_2025_m":108.17,"unidade":"tete","area_km2":0.1728},"geometry":{"type":"Polygon","coordinates":[[[33.546915,-16.251558],[33.546927,-16.255897],[33.551419,-16.255886],[33.551413,-16.253716],[33.549167,-16.253722],[33.549161,-16.251552],[33.546915,-16.251558]]]}},{"type":"Feature","properties":{"classe_codigo":2,"classe":"esparso_estavel","f_2020":0.0625,"f_2025":0.15625,"S1":0.066627,"S2":-0.001995,"S3":0.1139,"concordancia":1,"fracao_industrial":0.0,"anel":"periurbano_0_1km","dist_borda_urbano_2025_m":94.87,"unidade":"tete","area_km2":0.1152},"geometry":{"type":"Polygon","coordinates":[[[33.551406,-16.251546],[33.551419,-16.255886],[33.553665,-16.25588],[33.553652,-16.251541],[33.551406,-16.251546]]]}},{"type":"Feature","properties":{"classe_codigo":2,"classe":"esparso_estavel","f_2020":0.03125,"f_2025":0.03125,"S1":-0.100238,"S2":-0.001995,"S3":-0.209697,"concordancia":0,"fracao_industrial":0.0,"anel":"periurbano_0_1km","dist_borda_urbano_2025_m":90.0,"unidade":"tete","area_km2":0.0576},"geometry":{"type":"Polygon","coordinates":[[[33.603082,-16.257914],[33.603088,-16.260084],[33.605334,-16.260077],[33.605328,-16.257908],[33.603082,-16.257914]]]}},{"type":"Feature","properties":{"classe_codigo":2,"classe":"esparso_estavel","f_2020":0.03125,"f_2025":0.03125,"S1":-0.100238,"S2":-0.001995,"S3":-0.209697,"concordancia":0,"fracao_industrial":0.0,"anel":"periurbano_0_1km","dist_borda_urbano_2025_m":60.0,"unidade":"tete","area_km2":0.0576},"geometry":{"type":"Polygon","coordinates":[[[33.641263,-16.257802],[33.64127,-16.259972],[33.643516,-16.259965],[33.643509,-16.257795],[33.641263,-16.257802]]]}},{"type":"Feature","properties":{"classe_codigo":2,"classe":"esparso_estavel","f_2020":0.234375,"f_2025":0.234375,"S1":-0.041344,"S2":-0.001995,"S3":-0.46163,"concordancia":0,"fracao_industrial":0.0,"anel":"intraurbano","dist_borda_urbano_2025_m":0.0,"unidade":"tete","area_km2":0.1728},"geometry":{"type":"Polygon","coordinates":[[[33.59859,-16.257927],[33.598596,-16.260097],[33.59635,-16.260103],[33.596357,-16.262272],[33.600849,-16.26226],[33.600836,-16.257921],[33.59859,-16.257927]]]}},{"type":"Feature","properties":{"classe_codigo":2,"classe":"esparso_estavel","f_2020":0.0625,"f_2025":0.0625,"S1":-0.076443,"S2":-0.001995,"S3":-0.285544,"concordancia":0,"fracao_industrial":0.0,"anel":"periurbano_0_1km","dist_borda_urbano_2025_m":42.43,"unidade":"tete","area_km2":0.0576},"geometry":{"type":"Polygon","coordinates":[[[33.605334,-16.260077],[33.605341,-16.262247],[33.607587,-16.262241],[33.60758,-16.260071],[33.605334,-16.260077]]]}},{"type":"Feature","properties":{"classe_codigo":2,"classe":"esparso_estavel","f_2020":0.03125,"f_2025":0.03125,"S1":-0.100238,"S2":-0.001995,"S3":0.030456,"concordancia":0,"fracao_industrial":0.0,"anel":"periurbano_0_1km","dist_borda_urbano_2025_m":94.87,"unidade":"tete","area_km2":0.0576},"geometry":{"type":"Polygon","coordinates":[[[33.636778,-16.259985],[33.636785,-16.262155],[33.639031,-16.262148],[33.639024,-16.259978],[33.636778,-16.259985]]]}},{"type":"Feature","properties":{"classe_codigo":2,"classe":"esparso_estavel","f_2020":0.03125,"f_2025":0.03125,"S1":-0.100238,"S2":-0.001995,"S3":-0.209697,"concordancia":0,"fracao_industrial":0.0,"anel":"periurbano_0_1km","dist_borda_urbano_2025_m":120.0,"unidade":"tete","area_km2":0.1152},"geometry":{"type":"Polygon","coordinates":[[[33.627794,-16.260012],[33.627808,-16.264351],[33.630054,-16.264344],[33.63004,-16.260005],[33.627794,-16.260012]]]}},{"type":"Feature","properties":{"classe_codigo":2,"classe":"esparso_estavel","f_2020":0.046875,"f_2025":0.046875,"S1":-0.088638,"S2":-0.001995,"S3":0.491678,"concordancia":1,"fracao_industrial":0.0,"anel":"periurbano_0_1km","dist_borda_urbano_2025_m":84.85,"unidade":"moatize_vila","area_km2":0.2304},"geometry":{"type":"Polygon","coordinates":[[[33.699664,-16.259787],[33.699672,-16.261956],[33.701918,-16.261949],[33.701925,-16.264118],[33.706417,-16.264103],[33.70641,-16.261934],[33.704164,-16.261941],[33.704156,-16.259772],[33.699664,-16.259787]]]}},{"type":"Feature","properties":{"classe_codigo":2,"classe":"esparso_estavel","f_2020":0.0625,"f_2025":0.0625,"S1":-0.076443,"S2":-0.001995,"S3":-0.285544,"concordancia":0,"fracao_industrial":0.0,"anel":"periurbano_0_1km","dist_borda_urbano_2025_m":67.08,"unidade":"tete","area_km2":0.0576},"geometry":{"type":"Polygon","coordinates":[[[33.618817,-16.262208],[33.618824,-16.264378],[33.62107,-16.264371],[33.621063,-16.262201],[33.618817,-16.262208]]]}},{"type":"Feature","properties":{"classe_codigo":2,"classe":"esparso_estavel","f_2020":0.09375,"f_2025":0.09375,"S1":-0.065437,"S2":-0.001995,"S3":-0.340274,"concordancia":0,"fracao_industrial":0.0,"anel":"intraurbano","dist_borda_urbano_2025_m":0.0,"unidade":"tete","area_km2":0.288},"geometry":{"type":"Polygon","coordinates":[[[33.670467,-16.259881],[33.670482,-16.26422],[33.674974,-16.264206],[33.674981,-16.266376],[33.677227,-16.266368],[33.677212,-16.262029],[33.67272,-16.262044],[33.672713,-16.259874],[33.670467,-16.259881]]]}},{"type":"Feature","properties":{"classe_codigo":4,"classe":"expansao_nova","f_2020":0.0,"f_2025":0.0625,"S1":0.156454,"S2":-0.001995,"S3":0.261252,"concordancia":1,"fracao_industrial":0.0,"anel":"periurbano_1_3km","dist_borda_urbano_2025_m":108.17,"unidade":"tete","area_km2":0.1152},"geometry":{"type":"Polygon","coordinates":[[[33.544699,-16.262412],[33.544711,-16.266751],[33.546957,-16.266745],[33.546945,-16.262406],[33.544699,-16.262412]]]}},{"type":"Feature","properties":{"classe_codigo":2,"classe":"esparso_estavel","f_2020":0.046875,"f_2025":0.046875,"S1":-0.088638,"S2":-0.001995,"S3":-0.255503,"concordancia":0,"fracao_industrial":0.0,"anel":"periurbano_0_1km","dist_borda_urbano_2025_m":108.17,"unidade":"tete","area_km2":0.0576},"geometry":{"type":"Polygon","coordinates":[[[33.623316,-16.264364],[33.623322,-16.266534],[33.625569,-16.266527],[33.625562,-16.264358],[33.623316,-16.264364]]]}},{"type":"Feature","properties":{"classe_codigo":2,"classe":"esparso_estavel","f_2020":0.046875,"f_2025":0.046875,"S1":-0.088638,"S2":-0.001995,"S3":-0.255503,"concordancia":0,"fracao_industrial":0.0,"anel":"intraurbano","dist_borda_urbano_2025_m":0.0,"unidade":"moatize_vila","area_km2":0.0576},"geometry":{"type":"Polygon","coordinates":[[[33.794018,-16.265963],[33.794027,-16.268132],[33.796273,-16.268124],[33.796264,-16.265954],[33.794018,-16.265963]]]}},{"type":"Feature","properties":{"classe_codigo":2,"classe":"esparso_estavel","f_2020":0.03125,"f_2025":0.03125,"S1":-0.100238,"S2":-0.001995,"S3":-0.209697,"concordancia":0,"fracao_industrial":0.0,"anel":"periurbano_0_1km","dist_borda_urbano_2025_m":42.43,"unidade":"tete","area_km2":0.0576},"geometry":{"type":"Polygon","coordinates":[[[33.580654,-16.268825],[33.58066,-16.270994],[33.582906,-16.270988],[33.5829,-16.268819],[33.580654,-16.268825]]]}},{"type":"Feature","properties":{"classe_codigo":4,"classe":"expansao_nova","f_2020":0.015625,"f_2025":0.0625,"S1":0.066032,"S2":-0.001995,"S3":-0.14307,"concordancia":1,"fracao_industrial":0.0,"anel":"periurbano_0_1km","dist_borda_urbano_2025_m":94.87,"unidade":"tete","area_km2":0.0576},"geometry":{"type":"Polygon","coordinates":[[[33.585146,-16.268812],[33.585153,-16.270982],[33.587399,-16.270976],[33.587392,-16.268806],[33.585146,-16.268812]]]}},{"type":"Feature","properties":{"classe_codigo":2,"classe":"esparso_estavel","f_2020":0.078125,"f_2025":0.078125,"S1":-0.069601,"S2":-0.001995,"S3":-0.314396,"concordancia":0,"fracao_industrial":0.0,"anel":"periurbano_0_1km","dist_borda_urbano_2025_m":30.0,"unidade":"tete","area_km2":0.0576},"geometry":{"type":"Polygon","coordinates":[[[33.522267,-16.273316],[33.522273,-16.275485],[33.524519,-16.27548],[33.524513,-16.27331],[33.522267,-16.273316]]]}},{"type":"Feature","properties":{"classe_codigo":2,"classe":"esparso_estavel","f_2020":0.109375,"f_2025":0.109375,"S1":-0.063355,"S2":-0.001995,"S3":-0.154258,"concordancia":0,"fracao_industrial":0.0,"anel":"periurbano_0_1km","dist_borda_urbano_2025_m":108.17,"unidade":"tete","area_km2":0.2304},"geometry":{"type":"Polygon","coordinates":[[[33.551461,-16.271072],[33.551467,-16.273242],[33.549221,-16.273248],[33.549233,-16.277587],[33.551479,-16.277581],[33.551473,-16.275411],[33.553719,-16.275406],[33.553707,-16.271066],[33.551461,-16.271072]]]}},{"type":"Feature","properties":{"classe_codigo":2,"classe":"esparso_estavel","f_2020":0.03125,"f_2025":0.03125,"S1":-0.100238,"S2":-0.001995,"S3":-0.209697,"concordancia":0,"fracao_industrial":0.0,"anel":"periurbano_0_1km","dist_borda_urbano_2025_m":84.85,"unidade":"tete","area_km2":0.0576},"geometry":{"type":"Polygon","coordinates":[[[33.60764,-16.279597],[33.607647,-16.281766],[33.609893,-16.28176],[33.609886,-16.27959],[33.60764,-16.279597]]]}},{"type":"Feature","properties":{"classe_codigo":2,"classe":"esparso_estavel","f_2020":0.125,"f_2025":0.125,"S1":-0.061273,"S2":-0.001995,"S3":0.261648,"concordancia":0,"fracao_industrial":0.0,"anel":"periurbano_0_1km","dist_borda_urbano_2025_m":94.87,"unidade":"moatize_vila","area_km2":0.288},"geometry":{"type":"Polygon","coordinates":[[[33.710964,-16.279275],[33.71098,-16.283614],[33.715472,-16.283599],[33.715464,-16.281429],[33.71771,-16.281422],[33.717702,-16.279252],[33.710964,-16.279275]]]}},{"type":"Feature","properties":{"classe_codigo":2,"classe":"esparso_estavel","f_2020":0.203125,"f_2025":0.203125,"S1":-0.045509,"S2":-0.001995,"S3":0.276228,"concordancia":0,"fracao_industrial":0.0,"anel":"periurbano_0_1km","dist_borda_urbano_2025_m":42.43,"unidade":"tete","area_km2":0.0576},"geometry":{"type":"Polygon","coordinates":[[[33.542506,-16.281943],[33.542512,-16.284113],[33.544759,-16.284107],[33.544753,-16.281938],[33.542506,-16.281943]]]}},{"type":"Feature","properties":{"classe_codigo":2,"classe":"esparso_estavel","f_2020":0.109375,"f_2025":0.109375,"S1":-0.063355,"S2":-0.001995,"S3":0.251607,"concordancia":0,"fracao_industrial":0.0,"anel":"periurbano_0_1km","dist_borda_urbano_2025_m":60.0,"unidade":"tete","area_km2":0.0576},"geometry":{"type":"Polygon","coordinates":[[[33.540272,-16.286288],[33.540278,-16.288458],[33.542524,-16.288452],[33.542518,-16.286282],[33.540272,-16.286288]]]}},{"type":"Feature","properties":{"classe_codigo":2,"classe":"esparso_estavel","f_2020":0.03125,"f_2025":0.03125,"S1":-0.100238,"S2":-0.000201,"S3":0.28102,"concordancia":0,"fracao_industrial":0.0,"anel":"periurbano_0_1km","dist_borda_urbano_2025_m":94.87,"unidade":"tete","area_km2":0.1152},"geometry":{"type":"Polygon","coordinates":[[[33.502107,-16.29506],[33.502112,-16.29723],[33.506605,-16.297219],[33.5066,-16.29505],[33.502107,-16.29506]]]}},{"type":"Feature","properties":{"classe_codigo":2,"classe":"esparso_estavel","f_2020":0.03125,"f_2025":0.03125,"S1":-0.100238,"S2":-0.001995,"S3":-0.209697,"concordancia":0,"fracao_industrial":0.0,"anel":"periurbano_0_1km","dist_borda_urbano_2025_m":84.85,"unidade":"tete","area_km2":0.0576},"geometry":{"type":"Polygon","coordinates":[[[33.641382,-16.294684],[33.641389,-16.296853],[33.643636,-16.296846],[33.643629,-16.294677],[33.641382,-16.294684]]]}},{"type":"Feature","properties":{"classe_codigo":2,"classe":"esparso_estavel","f_2020":0.140625,"f_2025":0.140625,"S1":-0.056514,"S2":-0.001995,"S3":-0.390244,"concordancia":0,"fracao_industrial":0.0,"anel":"intraurbano","dist_borda_urbano_2025_m":0.0,"unidade":"tete","area_km2":0.0576},"geometry":{"type":"Polygon","coordinates":[[[33.538061,-16.299311],[33.538067,-16.301481],[33.540314,-16.301475],[33.540308,-16.299305],[33.538061,-16.299311]]]}},{"type":"Feature","properties":{"classe_codigo":3,"classe":"adensando","f_2020":0.078125,"f_2025":0.078125,"S1":-0.069601,"S2":0.007974,"S3":0.478247,"concordancia":2,"fracao_industrial":0.0,"anel":"periurbano_0_1km","dist_borda_urbano_2025_m":67.08,"unidade":"tete","area_km2":0.1152},"geometry":{"type":"Polygon","coordinates":[[[33.522342,-16.30152],[33.522348,-16.30369],[33.526841,-16.303678],[33.526835,-16.301509],[33.522342,-16.30152]]]}},{"type":"Feature","properties":{"classe_codigo":2,"classe":"esparso_estavel","f_2020":0.0625,"f_2025":0.0625,"S1":-0.076443,"S2":-0.001995,"S3":-0.285544,"concordancia":0,"fracao_industrial":0.0,"anel":"periurbano_0_1km","dist_borda_urbano_2025_m":120.0,"unidade":"moatize_vila","area_km2":0.1152},"geometry":{"type":"Polygon","coordinates":[[[33.737999,-16.300877],[33.738007,-16.303047],[33.7425,-16.303031],[33.742491,-16.300861],[33.737999,-16.300877]]]}},{"type":"Feature","properties":{"classe_codigo":4,"classe":"expansao_nova","f_2020":0.0,"f_2025":0.0625,"S1":0.156454,"S2":0.09202,"S3":0.481797,"concordancia":3,"fracao_industrial":0.0,"anel":"periurbano_1_3km","dist_borda_urbano_2025_m":67.08,"unidade":"tete","area_km2":0.1152},"geometry":{"type":"Polygon","coordinates":[[[33.50888,-16.308062],[33.508885,-16.310231],[33.513378,-16.31022],[33.513373,-16.308051],[33.50888,-16.308062]]]}},{"type":"Feature","properties":{"classe_codigo":2,"classe":"esparso_estavel","f_2020":0.03125,"f_2025":0.03125,"S1":-0.100238,"S2":-0.091073,"S3":0.484733,"concordancia":1,"fracao_industrial":0.0,"anel":"periurbano_0_1km","dist_borda_urbano_2025_m":123.69,"unidade":"tete","area_km2":0.0576},"geometry":{"type":"Polygon","coordinates":[[[33.587509,-16.307858],[33.587515,-16.310027],[33.589762,-16.310021],[33.589755,-16.307851],[33.587509,-16.307858]]]}},{"type":"Feature","properties":{"classe_codigo":2,"classe":"esparso_estavel","f_2020":0.25,"f_2025":0.25,"S1":-0.041642,"S2":-0.001995,"S3":0.192569,"concordancia":0,"fracao_industrial":0.0,"anel":"periurbano_0_1km","dist_borda_urbano_2025_m":30.0,"unidade":"moatize_vila","area_km2":0.0576},"geometry":{"type":"Polygon","coordinates":[[[33.74254,-16.313878],[33.742549,-16.316048],[33.744795,-16.31604],[33.744787,-16.31387],[33.74254,-16.313878]]]}},{"type":"Feature","properties":{"classe_codigo":2,"classe":"esparso_estavel","f_2020":0.03125,"f_2025":0.03125,"S1":-0.100238,"S2":-0.001995,"S3":-0.209697,"concordancia":0,"fracao_industrial":0.0,"anel":"periurbano_0_1km","dist_borda_urbano_2025_m":94.87,"unidade":"tete","area_km2":0.0576},"geometry":{"type":"Polygon","coordinates":[[[33.553835,-16.316627],[33.553841,-16.318796],[33.556088,-16.31879],[33.556082,-16.316621],[33.553835,-16.316627]]]}},{"type":"Feature","properties":{"classe_codigo":2,"classe":"esparso_estavel","f_2020":0.046875,"f_2025":0.046875,"S1":-0.088638,"S2":-0.001995,"S3":-0.255503,"concordancia":0,"fracao_industrial":0.0,"anel":"periurbano_0_1km","dist_borda_urbano_2025_m":67.08,"unidade":"tete","area_km2":0.0576},"geometry":{"type":"Polygon","coordinates":[[[33.695455,-16.340072],[33.695463,-16.342242],[33.69771,-16.342234],[33.697702,-16.340065],[33.695455,-16.340072]]]}}]}