{"type":"FeatureCollection","features":[{"type":"Feature","properties":{"ano":2025,"camada":"cultivo_sequeiro","area_km2":0.1053,"fracao_cobertura_celula":0.1053},"geometry":{"type":"Polygon","coordinates":[[[33.509509,-16.352129],[33.509485,-16.34309],[33.500123,-16.343112],[33.500146,-16.352152],[33.509509,-16.352129]]]}},{"type":"Feature","properties":{"ano":2025,"camada":"cultivo_sequeiro","area_km2":0.0423,"fracao_cobertura_celula":0.0423},"geometry":{"type":"Polygon","coordinates":[[[33.509485,-16.34309],[33.509462,-16.33405],[33.5001,-16.334072],[33.500123,-16.343112],[33.509485,-16.34309]]]}},{"type":"Feature","properties":{"ano":2025,"camada":"cultivo_sequeiro","area_km2":0.027,"fracao_cobertura_celula":0.027},"geometry":{"type":"Polygon","coordinates":[[[33.509462,-16.33405],[33.509438,-16.32501],[33.500077,-16.325032],[33.5001,-16.334072],[33.509462,-16.33405]]]}},{"type":"Feature","properties":{"ano":2025,"camada":"cultivo_sequeiro","area_km2":0.0144,"fracao_cobertura_celula":0.0144},"geometry":{"type":"Polygon","coordinates":[[[33.509438,-16.32501],[33.509415,-16.31597],[33.500054,-16.315993],[33.500077,-16.325032],[33.509438,-16.32501]]]}},{"type":"Feature","properties":{"ano":2025,"camada":"cultivo_sequeiro","area_km2":0.0072,"fracao_cobertura_celula":0.0072},"geometry":{"type":"Polygon","coordinates":[[[33.509415,-16.31597],[33.509392,-16.30693],[33.500031,-16.306953],[33.500054,-16.315993],[33.509415,-16.31597]]]}},{"type":"Feature","properties":{"ano":2025,"camada":"cultivo_sequeiro","area_km2":0.0153,"fracao_cobertura_celula":0.0153},"geometry":{"type":"Polygon","coordinates":[[[33.509392,-16.30693],[33.509368,-16.297891],[33.500008,-16.297913],[33.500031,-16.306953],[33.509392,-16.30693]]]}},{"type":"Feature","properties":{"ano":2025,"camada":"cultivo_sequeiro","area_km2":0.0081,"fracao_cobertura_celula":0.0081},"geometry":{"type":"Polygon","coordinates":[[[33.509368,-16.297891],[33.509345,-16.288851],[33.499985,-16.288873],[33.500008,-16.297913],[33.509368,-16.297891]]]}},{"type":"Feature","properties":{"ano":2025,"camada":"cultivo_sequeiro","area_km2":0.0414,"fracao_cobertura_celula":0.0414},"geometry":{"type":"Polygon","coordinates":[[[33.509345,-16.288851],[33.509322,-16.279811],[33.499962,-16.279833],[33.499985,-16.288873],[33.509345,-16.288851]]]}},{"type":"Feature","properties":{"ano":2025,"camada":"cultivo_sequeiro","area_km2":0.0216,"fracao_cobertura_celula":0.0216},"geometry":{"type":"Polygon","coordinates":[[[33.509322,-16.279811],[33.509298,-16.270771],[33.499939,-16.270793],[33.499962,-16.279833],[33.509322,-16.279811]]]}},{"type":"Feature","properties":{"ano":2025,"camada":"cultivo_sequeiro","area_km2":0.0306,"fracao_cobertura_celula":0.0306},"geometry":{"type":"Polygon","coordinates":[[[33.509298,-16.270771],[33.509275,-16.261731],[33.499917,-16.261754],[33.499939,-16.270793],[33.509298,-16.270771]]]}},{"type":"Feature","properties":{"ano":2025,"camada":"cultivo_sequeiro","area_km2":0.1044,"fracao_cobertura_celula":0.1044},"geometry":{"type":"Polygon","coordinates":[[[33.509275,-16.261731],[33.509252,-16.252692],[33.499894,-16.252714],[33.499917,-16.261754],[33.509275,-16.261731]]]}},{"type":"Feature","properties":{"ano":2025,"camada":"cultivo_sequeiro","area_km2":0.3087,"fracao_cobertura_celula":0.3087},"geometry":{"type":"Polygon","coordinates":[[[33.509252,-16.252692],[33.509228,-16.243652],[33.499871,-16.243674],[33.499894,-16.252714],[33.509252,-16.252692]]]}},{"type":"Feature","properties":{"ano":2025,"camada":"cultivo_sequeiro","area_km2":0.2178,"fracao_cobertura_celula":0.2178},"geometry":{"type":"Polygon","coordinates":[[[33.509228,-16.243652],[33.509205,-16.234612],[33.499848,-16.234634],[33.499871,-16.243674],[33.509228,-16.243652]]]}},{"type":"Feature","properties":{"ano":2025,"camada":"cultivo_sequeiro","area_km2":0.2025,"fracao_cobertura_celula":0.2025},"geometry":{"type":"Polygon","coordinates":[[[33.509205,-16.234612],[33.509182,-16.225572],[33.499825,-16.225594],[33.499848,-16.234634],[33.509205,-16.234612]]]}},{"type":"Feature","properties":{"ano":2025,"camada":"cultivo_sequeiro","area_km2":0.3582,"fracao_cobertura_celula":0.3582},"geometry":{"type":"Polygon","coordinates":[[[33.509182,-16.225572],[33.509159,-16.216532],[33.499802,-16.216554],[33.499825,-16.225594],[33.509182,-16.225572]]]}},{"type":"Feature","properties":{"ano":2025,"camada":"cultivo_sequeiro","area_km2":0.2565,"fracao_cobertura_celula":0.2565},"geometry":{"type":"Polygon","coordinates":[[[33.509159,-16.216532],[33.509135,-16.207492],[33.49978,-16.207514],[33.499802,-16.216554],[33.509159,-16.216532]]]}},{"type":"Feature","properties":{"ano":2025,"camada":"cultivo_sequeiro","area_km2":0.0819,"fracao_cobertura_celula":0.0819},"geometry":{"type":"Polygon","coordinates":[[[33.509135,-16.207492],[33.509112,-16.198452],[33.499757,-16.198475],[33.49978,-16.207514],[33.509135,-16.207492]]]}},{"type":"Feature","properties":{"ano":2025,"camada":"cultivo_sequeiro","area_km2":0.081,"fracao_cobertura_celula":0.081},"geometry":{"type":"Polygon","coordinates":[[[33.509112,-16.198452],[33.509089,-16.189412],[33.499734,-16.189435],[33.499757,-16.198475],[33.509112,-16.198452]]]}},{"type":"Feature","properties":{"ano":2025,"camada":"cultivo_sequeiro","area_km2":0.2664,"fracao_cobertura_celula":0.2664},"geometry":{"type":"Polygon","coordinates":[[[33.509089,-16.189412],[33.509066,-16.180373],[33.499711,-16.180395],[33.499734,-16.189435],[33.509089,-16.189412]]]}},{"type":"Feature","properties":{"ano":2025,"camada":"cultivo_sequeiro","area_km2":0.4203,"fracao_cobertura_celula":0.4203},"geometry":{"type":"Polygon","coordinates":[[[33.509066,-16.180373],[33.509043,-16.171333],[33.499689,-16.171355],[33.499711,-16.180395],[33.509066,-16.180373]]]}},{"type":"Feature","properties":{"ano":2025,"camada":"cultivo_sequeiro","area_km2":0.0936,"fracao_cobertura_celula":0.0936},"geometry":{"type":"Polygon","coordinates":[[[33.509043,-16.171333],[33.50902,-16.162293],[33.499666,-16.162315],[33.499689,-16.171355],[33.509043,-16.171333]]]}},{"type":"Feature","properties":{"ano":2025,"camada":"cultivo_sequeiro","area_km2":0.1107,"fracao_cobertura_celula":0.1107},"geometry":{"type":"Polygon","coordinates":[[[33.50902,-16.162293],[33.508997,-16.153253],[33.499643,-16.153275],[33.499666,-16.162315],[33.50902,-16.162293]]]}},{"type":"Feature","properties":{"ano":2025,"camada":"cultivo_sequeiro","area_km2":0.1449,"fracao_cobertura_celula":0.1449},"geometry":{"type":"Polygon","coordinates":[[[33.508997,-16.153253],[33.508973,-16.144213],[33.49962,-16.144235],[33.499643,-16.153275],[33.508997,-16.153253]]]}},{"type":"Feature","properties":{"ano":2025,"camada":"cultivo_sequeiro","area_km2":0.0342,"fracao_cobertura_celula":0.0342},"geometry":{"type":"Polygon","coordinates":[[[33.508973,-16.144213],[33.50895,-16.135173],[33.499598,-16.135195],[33.49962,-16.144235],[33.508973,-16.144213]]]}},{"type":"Feature","properties":{"ano":2025,"camada":"cultivo_sequeiro","area_km2":0.0081,"fracao_cobertura_celula":0.0081},"geometry":{"type":"Polygon","coordinates":[[[33.50895,-16.135173],[33.508927,-16.126133],[33.499575,-16.126155],[33.499598,-16.135195],[33.50895,-16.135173]]]}},{"type":"Feature","properties":{"ano":2025,"camada":"cultivo_sequeiro","area_km2":0.0153,"fracao_cobertura_celula":0.0153},"geometry":{"type":"Polygon","coordinates":[[[33.508927,-16.126133],[33.508904,-16.117093],[33.499553,-16.117115],[33.499575,-16.126155],[33.508927,-16.126133]]]}},{"type":"Feature","properties":{"ano":2025,"camada":"cultivo_sequeiro","area_km2":0.0189,"fracao_cobertura_celula":0.0189},"geometry":{"type":"Polygon","coordinates":[[[33.508904,-16.117093],[33.508881,-16.108053],[33.49953,-16.108075],[33.499553,-16.117115],[33.508904,-16.117093]]]}},{"type":"Feature","properties":{"ano":2025,"camada":"cultivo_sequeiro","area_km2":0.0684,"fracao_cobertura_celula":0.0684},"geometry":{"type":"Polygon","coordinates":[[[33.508881,-16.108053],[33.508858,-16.099013],[33.499507,-16.099035],[33.49953,-16.108075],[33.508881,-16.108053]]]}},{"type":"Feature","properties":{"ano":2025,"camada":"cultivo_sequeiro","area_km2":0.0189,"fracao_cobertura_celula":0.0189},"geometry":{"type":"Polygon","coordinates":[[[33.508858,-16.099013],[33.508835,-16.089973],[33.499485,-16.089995],[33.499507,-16.099035],[33.508858,-16.099013]]]}},{"type":"Feature","properties":{"ano":2025,"camada":"cultivo_sequeiro","area_km2":0.027,"fracao_cobertura_celula":0.027},"geometry":{"type":"Polygon","coordinates":[[[33.508835,-16.089973],[33.508812,-16.080933],[33.499462,-16.080955],[33.499485,-16.089995],[33.508835,-16.089973]]]}},{"type":"Feature","properties":{"ano":2025,"camada":"cultivo_sequeiro","area_km2":0.0198,"fracao_cobertura_celula":0.0198},"geometry":{"type":"Polygon","coordinates":[[[33.508812,-16.080933],[33.508789,-16.071893],[33.49944,-16.071915],[33.499462,-16.080955],[33.508812,-16.080933]]]}},{"type":"Feature","properties":{"ano":2025,"camada":"cultivo_sequeiro","area_km2":0.0054,"fracao_cobertura_celula":0.0054},"geometry":{"type":"Polygon","coordinates":[[[33.508789,-16.071893],[33.508766,-16.062853],[33.499417,-16.062875],[33.49944,-16.071915],[33.508789,-16.071893]]]}},{"type":"Feature","properties":{"ano":2025,"camada":"cultivo_sequeiro","area_km2":0.0054,"fracao_cobertura_celula":0.0054},"geometry":{"type":"Polygon","coordinates":[[[33.508766,-16.062853],[33.508743,-16.053813],[33.499394,-16.053835],[33.499417,-16.062875],[33.508766,-16.062853]]]}},{"type":"Feature","properties":{"ano":2025,"camada":"cultivo_sequeiro","area_km2":0.0441,"fracao_cobertura_celula":0.0441},"geometry":{"type":"Polygon","coordinates":[[[33.508743,-16.053813],[33.50872,-16.044773],[33.499372,-16.044795],[33.499394,-16.053835],[33.508743,-16.053813]]]}},{"type":"Feature","properties":{"ano":2025,"camada":"cultivo_sequeiro","area_km2":0.0864,"fracao_cobertura_celula":0.0864},"geometry":{"type":"Polygon","coordinates":[[[33.50872,-16.044773],[33.508697,-16.035733],[33.499349,-16.035755],[33.499372,-16.044795],[33.50872,-16.044773]]]}},{"type":"Feature","properties":{"ano":2025,"camada":"cultivo_sequeiro","area_km2":0.1242,"fracao_cobertura_celula":0.1242},"geometry":{"type":"Polygon","coordinates":[[[33.508697,-16.035733],[33.508674,-16.026693],[33.499327,-16.026715],[33.499349,-16.035755],[33.508697,-16.035733]]]}},{"type":"Feature","properties":{"ano":2025,"camada":"cultivo_sequeiro","area_km2":0.0369,"fracao_cobertura_celula":0.0369},"geometry":{"type":"Polygon","coordinates":[[[33.508674,-16.026693],[33.508651,-16.017653],[33.499304,-16.017675],[33.499327,-16.026715],[33.508674,-16.026693]]]}},{"type":"Feature","properties":{"ano":2025,"camada":"cultivo_sequeiro","area_km2":0.0999,"fracao_cobertura_celula":0.0999},"geometry":{"type":"Polygon","coordinates":[[[33.508651,-16.017653],[33.508629,-16.008613],[33.499282,-16.008635],[33.499304,-16.017675],[33.508651,-16.017653]]]}},{"type":"Feature","properties":{"ano":2025,"camada":"cultivo_sequeiro","area_km2":0.0873,"fracao_cobertura_celula":0.0873},"geometry":{"type":"Polygon","coordinates":[[[33.508629,-16.008613],[33.508606,-15.999573],[33.499259,-15.999595],[33.499282,-16.008635],[33.508629,-16.008613]]]}},{"type":"Feature","properties":{"ano":2025,"camada":"cultivo_sequeiro","area_km2":0.1773,"fracao_cobertura_celula":0.1773},"geometry":{"type":"Polygon","coordinates":[[[33.518871,-16.352106],[33.518848,-16.343067],[33.509485,-16.34309],[33.509509,-16.352129],[33.518871,-16.352106]]]}},{"type":"Feature","properties":{"ano":2025,"camada":"cultivo_sequeiro","area_km2":0.1332,"fracao_cobertura_celula":0.1332},"geometry":{"type":"Polygon","coordinates":[[[33.518848,-16.343067],[33.518824,-16.334027],[33.509462,-16.33405],[33.509485,-16.34309],[33.518848,-16.343067]]]}},{"type":"Feature","properties":{"ano":2025,"camada":"cultivo_sequeiro","area_km2":0.2115,"fracao_cobertura_celula":0.2115},"geometry":{"type":"Polygon","coordinates":[[[33.518824,-16.334027],[33.5188,-16.324987],[33.509438,-16.32501],[33.509462,-16.33405],[33.518824,-16.334027]]]}},{"type":"Feature","properties":{"ano":2025,"camada":"cultivo_sequeiro","area_km2":0.1116,"fracao_cobertura_celula":0.1116},"geometry":{"type":"Polygon","coordinates":[[[33.5188,-16.324987],[33.518776,-16.315947],[33.509415,-16.31597],[33.509438,-16.32501],[33.5188,-16.324987]]]}},{"type":"Feature","properties":{"ano":2025,"camada":"cultivo_sequeiro","area_km2":0.0072,"fracao_cobertura_celula":0.0072},"geometry":{"type":"Polygon","coordinates":[[[33.518776,-16.315947],[33.518752,-16.306908],[33.509392,-16.30693],[33.509415,-16.31597],[33.518776,-16.315947]]]}},{"type":"Feature","properties":{"ano":2025,"camada":"cultivo_sequeiro","area_km2":0.2304,"fracao_cobertura_celula":0.2304},"geometry":{"type":"Polygon","coordinates":[[[33.518728,-16.297868],[33.518705,-16.288828],[33.509345,-16.288851],[33.509368,-16.297891],[33.518728,-16.297868]]]}},{"type":"Feature","properties":{"ano":2025,"camada":"cultivo_sequeiro","area_km2":0.1359,"fracao_cobertura_celula":0.1359},"geometry":{"type":"Polygon","coordinates":[[[33.518705,-16.288828],[33.518681,-16.279788],[33.509322,-16.279811],[33.509345,-16.288851],[33.518705,-16.288828]]]}},{"type":"Feature","properties":{"ano":2025,"camada":"cultivo_sequeiro","area_km2":0.1854,"fracao_cobertura_celula":0.1854},"geometry":{"type":"Polygon","coordinates":[[[33.518681,-16.279788],[33.518657,-16.270748],[33.509298,-16.270771],[33.509322,-16.279811],[33.518681,-16.279788]]]}},{"type":"Feature","properties":{"ano":2025,"camada":"cultivo_sequeiro","area_km2":0.1449,"fracao_cobertura_celula":0.1449},"geometry":{"type":"Polygon","coordinates":[[[33.518657,-16.270748],[33.518633,-16.261709],[33.509275,-16.261731],[33.509298,-16.270771],[33.518657,-16.270748]]]}},{"type":"Feature","properties":{"ano":2025,"camada":"cultivo_sequeiro","area_km2":0.1872,"fracao_cobertura_celula":0.1872},"geometry":{"type":"Polygon","coordinates":[[[33.518633,-16.261709],[33.51861,-16.252669],[33.509252,-16.252692],[33.509275,-16.261731],[33.518633,-16.261709]]]}},{"type":"Feature","properties":{"ano":2025,"camada":"cultivo_sequeiro","area_km2":0.4041,"fracao_cobertura_celula":0.4041},"geometry":{"type":"Polygon","coordinates":[[[33.51861,-16.252669],[33.518586,-16.243629],[33.509228,-16.243652],[33.509252,-16.252692],[33.51861,-16.252669]]]}},{"type":"Feature","properties":{"ano":2025,"camada":"cultivo_sequeiro","area_km2":0.2205,"fracao_cobertura_celula":0.2205},"geometry":{"type":"Polygon","coordinates":[[[33.518586,-16.243629],[33.518562,-16.234589],[33.509205,-16.234612],[33.509228,-16.243652],[33.518586,-16.243629]]]}},{"type":"Feature","properties":{"ano":2025,"camada":"cultivo_sequeiro","area_km2":0.2214,"fracao_cobertura_celula":0.2214},"geometry":{"type":"Polygon","coordinates":[[[33.518562,-16.234589],[33.518539,-16.225549],[33.509182,-16.225572],[33.509205,-16.234612],[33.518562,-16.234589]]]}},{"type":"Feature","properties":{"ano":2025,"camada":"cultivo_sequeiro","area_km2":0.3843,"fracao_cobertura_celula":0.3843},"geometry":{"type":"Polygon","coordinates":[[[33.518539,-16.225549],[33.518515,-16.216509],[33.509159,-16.216532],[33.509182,-16.225572],[33.518539,-16.225549]]]}},{"type":"Feature","properties":{"ano":2025,"camada":"cultivo_sequeiro","area_km2":0.4644,"fracao_cobertura_celula":0.4644},"geometry":{"type":"Polygon","coordinates":[[[33.518515,-16.216509],[33.518491,-16.20747],[33.509135,-16.207492],[33.509159,-16.216532],[33.518515,-16.216509]]]}},{"type":"Feature","properties":{"ano":2025,"camada":"cultivo_sequeiro","area_km2":0.1314,"fracao_cobertura_celula":0.1314},"geometry":{"type":"Polygon","coordinates":[[[33.518491,-16.20747],[33.518468,-16.19843],[33.509112,-16.198452],[33.509135,-16.207492],[33.518491,-16.20747]]]}},{"type":"Feature","properties":{"ano":2025,"camada":"cultivo_sequeiro","area_km2":0.2142,"fracao_cobertura_celula":0.2142},"geometry":{"type":"Polygon","coordinates":[[[33.518468,-16.19843],[33.518444,-16.18939],[33.509089,-16.189412],[33.509112,-16.198452],[33.518468,-16.19843]]]}},{"type":"Feature","properties":{"ano":2025,"camada":"cultivo_sequeiro","area_km2":0.0765,"fracao_cobertura_celula":0.0765},"geometry":{"type":"Polygon","coordinates":[[[33.518444,-16.18939],[33.518421,-16.18035],[33.509066,-16.180373],[33.509089,-16.189412],[33.518444,-16.18939]]]}},{"type":"Feature","properties":{"ano":2025,"camada":"cultivo_sequeiro","area_km2":0.0333,"fracao_cobertura_celula":0.0333},"geometry":{"type":"Polygon","coordinates":[[[33.518421,-16.18035],[33.518397,-16.17131],[33.509043,-16.171333],[33.509066,-16.180373],[33.518421,-16.18035]]]}},{"type":"Feature","properties":{"ano":2025,"camada":"cultivo_sequeiro","area_km2":0.1233,"fracao_cobertura_celula":0.1233},"geometry":{"type":"Polygon","coordinates":[[[33.518397,-16.17131],[33.518373,-16.16227],[33.50902,-16.162293],[33.509043,-16.171333],[33.518397,-16.17131]]]}},{"type":"Feature","properties":{"ano":2025,"camada":"cultivo_sequeiro","area_km2":0.0684,"fracao_cobertura_celula":0.0684},"geometry":{"type":"Polygon","coordinates":[[[33.518373,-16.16227],[33.51835,-16.15323],[33.508997,-16.153253],[33.50902,-16.162293],[33.518373,-16.16227]]]}},{"type":"Feature","properties":{"ano":2025,"camada":"cultivo_sequeiro","area_km2":0.0648,"fracao_cobertura_celula":0.0648},"geometry":{"type":"Polygon","coordinates":[[[33.51835,-16.15323],[33.518326,-16.14419],[33.508973,-16.144213],[33.508997,-16.153253],[33.51835,-16.15323]]]}},{"type":"Feature","properties":{"ano":2025,"camada":"cultivo_sequeiro","area_km2":0.0099,"fracao_cobertura_celula":0.0099},"geometry":{"type":"Polygon","coordinates":[[[33.518326,-16.14419],[33.518303,-16.13515],[33.50895,-16.135173],[33.508973,-16.144213],[33.518326,-16.14419]]]}},{"type":"Feature","properties":{"ano":2025,"camada":"cultivo_sequeiro","area_km2":0.0009,"fracao_cobertura_celula":0.0009},"geometry":{"type":"Polygon","coordinates":[[[33.518303,-16.13515],[33.518279,-16.126111],[33.508927,-16.126133],[33.50895,-16.135173],[33.518303,-16.13515]]]}},{"type":"Feature","properties":{"ano":2025,"camada":"cultivo_sequeiro","area_km2":0.0369,"fracao_cobertura_celula":0.0369},"geometry":{"type":"Polygon","coordinates":[[[33.518279,-16.126111],[33.518256,-16.117071],[33.508904,-16.117093],[33.508927,-16.126133],[33.518279,-16.126111]]]}},{"type":"Feature","properties":{"ano":2025,"camada":"cultivo_sequeiro","area_km2":0.2457,"fracao_cobertura_celula":0.2457},"geometry":{"type":"Polygon","coordinates":[[[33.518256,-16.117071],[33.518232,-16.108031],[33.508881,-16.108053],[33.508904,-16.117093],[33.518256,-16.117071]]]}},{"type":"Feature","properties":{"ano":2025,"camada":"cultivo_sequeiro","area_km2":0.0522,"fracao_cobertura_celula":0.0522},"geometry":{"type":"Polygon","coordinates":[[[33.518232,-16.108031],[33.518209,-16.098991],[33.508858,-16.099013],[33.508881,-16.108053],[33.518232,-16.108031]]]}},{"type":"Feature","properties":{"ano":2025,"camada":"cultivo_sequeiro","area_km2":0.0207,"fracao_cobertura_celula":0.0207},"geometry":{"type":"Polygon","coordinates":[[[33.518209,-16.098991],[33.518185,-16.089951],[33.508835,-16.089973],[33.508858,-16.099013],[33.518209,-16.098991]]]}},{"type":"Feature","properties":{"ano":2025,"camada":"cultivo_sequeiro","area_km2":0.1116,"fracao_cobertura_celula":0.1116},"geometry":{"type":"Polygon","coordinates":[[[33.518185,-16.089951],[33.518162,-16.080911],[33.508812,-16.080933],[33.508835,-16.089973],[33.518185,-16.089951]]]}},{"type":"Feature","properties":{"ano":2025,"camada":"cultivo_sequeiro","area_km2":0.0018,"fracao_cobertura_celula":0.0018},"geometry":{"type":"Polygon","coordinates":[[[33.518162,-16.080911],[33.518139,-16.071871],[33.508789,-16.071893],[33.508812,-16.080933],[33.518162,-16.080911]]]}},{"type":"Feature","properties":{"ano":2025,"camada":"cultivo_sequeiro","area_km2":0.0027,"fracao_cobertura_celula":0.0027},"geometry":{"type":"Polygon","coordinates":[[[33.518139,-16.071871],[33.518115,-16.062831],[33.508766,-16.062853],[33.508789,-16.071893],[33.518139,-16.071871]]]}},{"type":"Feature","properties":{"ano":2025,"camada":"cultivo_sequeiro","area_km2":0.0108,"fracao_cobertura_celula":0.0108},"geometry":{"type":"Polygon","coordinates":[[[33.518115,-16.062831],[33.518092,-16.053791],[33.508743,-16.053813],[33.508766,-16.062853],[33.518115,-16.062831]]]}},{"type":"Feature","properties":{"ano":2025,"camada":"cultivo_sequeiro","area_km2":16.8219,"fracao_cobertura_celula":16.8219},"geometry":{"type":"Polygon","coordinates":[[[33.518092,-16.053791],[33.518068,-16.044751],[33.50872,-16.044773],[33.508743,-16.053813],[33.518092,-16.053791]]]}},{"type":"Feature","properties":{"ano":2025,"camada":"cultivo_sequeiro","area_km2":0.0045,"fracao_cobertura_celula":0.0045},"geometry":{"type":"Polygon","coordinates":[[[33.518068,-16.044751],[33.518045,-16.035711],[33.508697,-16.035733],[33.50872,-16.044773],[33.518068,-16.044751]]]}},{"type":"Feature","properties":{"ano":2025,"camada":"cultivo_sequeiro","area_km2":0.009,"fracao_cobertura_celula":0.009},"geometry":{"type":"Polygon","coordinates":[[[33.518045,-16.035711],[33.518022,-16.026671],[33.508674,-16.026693],[33.508697,-16.035733],[33.518045,-16.035711]]]}},{"type":"Feature","properties":{"ano":2025,"camada":"cultivo_sequeiro","area_km2":0.0009,"fracao_cobertura_celula":0.0009},"geometry":{"type":"Polygon","coordinates":[[[33.518022,-16.026671],[33.517998,-16.017631],[33.508651,-16.017653],[33.508674,-16.026693],[33.518022,-16.026671]]]}},{"type":"Feature","properties":{"ano":2025,"camada":"cultivo_sequeiro","area_km2":0.1602,"fracao_cobertura_celula":0.1602},"geometry":{"type":"Polygon","coordinates":[[[33.517998,-16.017631],[33.517975,-16.008591],[33.508629,-16.008613],[33.508651,-16.017653],[33.517998,-16.017631]]]}},{"type":"Feature","properties":{"ano":2025,"camada":"cultivo_sequeiro","area_km2":0.117,"fracao_cobertura_celula":0.117},"geometry":{"type":"Polygon","coordinates":[[[33.517975,-16.008591],[33.517952,-15.999551],[33.508606,-15.999573],[33.508629,-16.008613],[33.517975,-16.008591]]]}},{"type":"Feature","properties":{"ano":2025,"camada":"cultivo_sequeiro","area_km2":0.7119,"fracao_cobertura_celula":0.7119},"geometry":{"type":"Polygon","coordinates":[[[33.528234,-16.352083],[33.52821,-16.343043],[33.518848,-16.343067],[33.518871,-16.352106],[33.528234,-16.352083]]]}},{"type":"Feature","properties":{"ano":2025,"camada":"cultivo_sequeiro","area_km2":0.0531,"fracao_cobertura_celula":0.0531},"geometry":{"type":"Polygon","coordinates":[[[33.52821,-16.343043],[33.528186,-16.334004],[33.518824,-16.334027],[33.518848,-16.343067],[33.52821,-16.343043]]]}},{"type":"Feature","properties":{"ano":2025,"camada":"cultivo_sequeiro","area_km2":0.7488,"fracao_cobertura_celula":0.7488},"geometry":{"type":"Polygon","coordinates":[[[33.528186,-16.334004],[33.528161,-16.324964],[33.5188,-16.324987],[33.518824,-16.334027],[33.528186,-16.334004]]]}},{"type":"Feature","properties":{"ano":2025,"camada":"cultivo_sequeiro","area_km2":0.2466,"fracao_cobertura_celula":0.2466},"geometry":{"type":"Polygon","coordinates":[[[33.528161,-16.324964],[33.528137,-16.315924],[33.518776,-16.315947],[33.5188,-16.324987],[33.528161,-16.324964]]]}},{"type":"Feature","properties":{"ano":2025,"camada":"cultivo_sequeiro","area_km2":0.0054,"fracao_cobertura_celula":0.0054},"geometry":{"type":"Polygon","coordinates":[[[33.528137,-16.315924],[33.528113,-16.306884],[33.518752,-16.306908],[33.518776,-16.315947],[33.528137,-16.315924]]]}},{"type":"Feature","properties":{"ano":2025,"camada":"cultivo_sequeiro","area_km2":0.0234,"fracao_cobertura_celula":0.0234},"geometry":{"type":"Polygon","coordinates":[[[33.528113,-16.306884],[33.528089,-16.297845],[33.518728,-16.297868],[33.518752,-16.306908],[33.528113,-16.306884]]]}},{"type":"Feature","properties":{"ano":2025,"camada":"cultivo_sequeiro","area_km2":0.0486,"fracao_cobertura_celula":0.0486},"geometry":{"type":"Polygon","coordinates":[[[33.528089,-16.297845],[33.528064,-16.288805],[33.518705,-16.288828],[33.518728,-16.297868],[33.528089,-16.297845]]]}},{"type":"Feature","properties":{"ano":2025,"camada":"cultivo_sequeiro","area_km2":0.1386,"fracao_cobertura_celula":0.1386},"geometry":{"type":"Polygon","coordinates":[[[33.528064,-16.288805],[33.52804,-16.279765],[33.518681,-16.279788],[33.518705,-16.288828],[33.528064,-16.288805]]]}},{"type":"Feature","properties":{"ano":2025,"camada":"cultivo_sequeiro","area_km2":0.1242,"fracao_cobertura_celula":0.1242},"geometry":{"type":"Polygon","coordinates":[[[33.52804,-16.279765],[33.528016,-16.270725],[33.518657,-16.270748],[33.518681,-16.279788],[33.52804,-16.279765]]]}},{"type":"Feature","properties":{"ano":2025,"camada":"cultivo_sequeiro","area_km2":0.1035,"fracao_cobertura_celula":0.1035},"geometry":{"type":"Polygon","coordinates":[[[33.528016,-16.270725],[33.527992,-16.261686],[33.518633,-16.261709],[33.518657,-16.270748],[33.528016,-16.270725]]]}},{"type":"Feature","properties":{"ano":2025,"camada":"cultivo_sequeiro","area_km2":0.1998,"fracao_cobertura_celula":0.1998},"geometry":{"type":"Polygon","coordinates":[[[33.527992,-16.261686],[33.527968,-16.252646],[33.51861,-16.252669],[33.518633,-16.261709],[33.527992,-16.261686]]]}},{"type":"Feature","properties":{"ano":2025,"camada":"cultivo_sequeiro","area_km2":0.2025,"fracao_cobertura_celula":0.2025},"geometry":{"type":"Polygon","coordinates":[[[33.527968,-16.252646],[33.527944,-16.243606],[33.518586,-16.243629],[33.51861,-16.252669],[33.527968,-16.252646]]]}},{"type":"Feature","properties":{"ano":2025,"camada":"cultivo_sequeiro","area_km2":1.2897,"fracao_cobertura_celula":1.2897},"geometry":{"type":"Polygon","coordinates":[[[33.527944,-16.243606],[33.527919,-16.234566],[33.518562,-16.234589],[33.518586,-16.243629],[33.527944,-16.243606]]]}},{"type":"Feature","properties":{"ano":2025,"camada":"cultivo_sequeiro","area_km2":0.1215,"fracao_cobertura_celula":0.1215},"geometry":{"type":"Polygon","coordinates":[[[33.527919,-16.234566],[33.527895,-16.225526],[33.518539,-16.225549],[33.518562,-16.234589],[33.527919,-16.234566]]]}},{"type":"Feature","properties":{"ano":2025,"camada":"cultivo_sequeiro","area_km2":0.1629,"fracao_cobertura_celula":0.1629},"geometry":{"type":"Polygon","coordinates":[[[33.527895,-16.225526],[33.527871,-16.216486],[33.518515,-16.216509],[33.518539,-16.225549],[33.527895,-16.225526]]]}},{"type":"Feature","properties":{"ano":2025,"camada":"cultivo_sequeiro","area_km2":0.0423,"fracao_cobertura_celula":0.0423},"geometry":{"type":"Polygon","coordinates":[[[33.527871,-16.216486],[33.527847,-16.207447],[33.518491,-16.20747],[33.518515,-16.216509],[33.527871,-16.216486]]]}},{"type":"Feature","properties":{"ano":2025,"camada":"cultivo_sequeiro","area_km2":0.1188,"fracao_cobertura_celula":0.1188},"geometry":{"type":"Polygon","coordinates":[[[33.527847,-16.207447],[33.527823,-16.198407],[33.518468,-16.19843],[33.518491,-16.20747],[33.527847,-16.207447]]]}},{"type":"Feature","properties":{"ano":2025,"camada":"cultivo_sequeiro","area_km2":0.3132,"fracao_cobertura_celula":0.3132},"geometry":{"type":"Polygon","coordinates":[[[33.527823,-16.198407],[33.527799,-16.189367],[33.518444,-16.18939],[33.518468,-16.19843],[33.527823,-16.198407]]]}},{"type":"Feature","properties":{"ano":2025,"camada":"cultivo_sequeiro","area_km2":0.0342,"fracao_cobertura_celula":0.0342},"geometry":{"type":"Polygon","coordinates":[[[33.527799,-16.189367],[33.527775,-16.180327],[33.518421,-16.18035],[33.518444,-16.18939],[33.527799,-16.189367]]]}},{"type":"Feature","properties":{"ano":2025,"camada":"cultivo_sequeiro","area_km2":0.0009,"fracao_cobertura_celula":0.0009},"geometry":{"type":"Polygon","coordinates":[[[33.527775,-16.180327],[33.527751,-16.171287],[33.518397,-16.17131],[33.518421,-16.18035],[33.527775,-16.180327]]]}},{"type":"Feature","properties":{"ano":2025,"camada":"cultivo_sequeiro","area_km2":0.0801,"fracao_cobertura_celula":0.0801},"geometry":{"type":"Polygon","coordinates":[[[33.527751,-16.171287],[33.527727,-16.162247],[33.518373,-16.16227],[33.518397,-16.17131],[33.527751,-16.171287]]]}},{"type":"Feature","properties":{"ano":2025,"camada":"cultivo_sequeiro","area_km2":0.0873,"fracao_cobertura_celula":0.0873},"geometry":{"type":"Polygon","coordinates":[[[33.527727,-16.162247],[33.527703,-16.153207],[33.51835,-16.15323],[33.518373,-16.16227],[33.527727,-16.162247]]]}},{"type":"Feature","properties":{"ano":2025,"camada":"cultivo_sequeiro","area_km2":0.1287,"fracao_cobertura_celula":0.1287},"geometry":{"type":"Polygon","coordinates":[[[33.527703,-16.153207],[33.527679,-16.144167],[33.518326,-16.14419],[33.51835,-16.15323],[33.527703,-16.153207]]]}},{"type":"Feature","properties":{"ano":2025,"camada":"cultivo_sequeiro","area_km2":0.0018,"fracao_cobertura_celula":0.0018},"geometry":{"type":"Polygon","coordinates":[[[33.527679,-16.144167],[33.527655,-16.135128],[33.518303,-16.13515],[33.518326,-16.14419],[33.527679,-16.144167]]]}},{"type":"Feature","properties":{"ano":2025,"camada":"cultivo_sequeiro","area_km2":0.0072,"fracao_cobertura_celula":0.0072},"geometry":{"type":"Polygon","coordinates":[[[33.527655,-16.135128],[33.527631,-16.126088],[33.518279,-16.126111],[33.518303,-16.13515],[33.527655,-16.135128]]]}},{"type":"Feature","properties":{"ano":2025,"camada":"cultivo_sequeiro","area_km2":0.0657,"fracao_cobertura_celula":0.0657},"geometry":{"type":"Polygon","coordinates":[[[33.527631,-16.126088],[33.527607,-16.117048],[33.518256,-16.117071],[33.518279,-16.126111],[33.527631,-16.126088]]]}},{"type":"Feature","properties":{"ano":2025,"camada":"cultivo_sequeiro","area_km2":0.2052,"fracao_cobertura_celula":0.2052},"geometry":{"type":"Polygon","coordinates":[[[33.527607,-16.117048],[33.527583,-16.108008],[33.518232,-16.108031],[33.518256,-16.117071],[33.527607,-16.117048]]]}},{"type":"Feature","properties":{"ano":2025,"camada":"cultivo_sequeiro","area_km2":0.2601,"fracao_cobertura_celula":0.2601},"geometry":{"type":"Polygon","coordinates":[[[33.527583,-16.108008],[33.52756,-16.098968],[33.518209,-16.098991],[33.518232,-16.108031],[33.527583,-16.108008]]]}},{"type":"Feature","properties":{"ano":2025,"camada":"cultivo_sequeiro","area_km2":2.9457,"fracao_cobertura_celula":2.9457},"geometry":{"type":"Polygon","coordinates":[[[33.52756,-16.098968],[33.527536,-16.089928],[33.518185,-16.089951],[33.518209,-16.098991],[33.52756,-16.098968]]]}},{"type":"Feature","properties":{"ano":2025,"camada":"cultivo_sequeiro","area_km2":0.1062,"fracao_cobertura_celula":0.1062},"geometry":{"type":"Polygon","coordinates":[[[33.527536,-16.089928],[33.527512,-16.080888],[33.518162,-16.080911],[33.518185,-16.089951],[33.527536,-16.089928]]]}},{"type":"Feature","properties":{"ano":2025,"camada":"cultivo_sequeiro","area_km2":0.0018,"fracao_cobertura_celula":0.0018},"geometry":{"type":"Polygon","coordinates":[[[33.527488,-16.071848],[33.527464,-16.062808],[33.518115,-16.062831],[33.518139,-16.071871],[33.527488,-16.071848]]]}},{"type":"Feature","properties":{"ano":2025,"camada":"cultivo_sequeiro","area_km2":0.036,"fracao_cobertura_celula":0.036},"geometry":{"type":"Polygon","coordinates":[[[33.527464,-16.062808],[33.52744,-16.053768],[33.518092,-16.053791],[33.518115,-16.062831],[33.527464,-16.062808]]]}},{"type":"Feature","properties":{"ano":2025,"camada":"cultivo_sequeiro","area_km2":0.027,"fracao_cobertura_celula":0.027},"geometry":{"type":"Polygon","coordinates":[[[33.52744,-16.053768],[33.527417,-16.044728],[33.518068,-16.044751],[33.518092,-16.053791],[33.52744,-16.053768]]]}},{"type":"Feature","properties":{"ano":2025,"camada":"cultivo_sequeiro","area_km2":0.0315,"fracao_cobertura_celula":0.0315},"geometry":{"type":"Polygon","coordinates":[[[33.527417,-16.044728],[33.527393,-16.035688],[33.518045,-16.035711],[33.518068,-16.044751],[33.527417,-16.044728]]]}},{"type":"Feature","properties":{"ano":2025,"camada":"cultivo_sequeiro","area_km2":0.0648,"fracao_cobertura_celula":0.0648},"geometry":{"type":"Polygon","coordinates":[[[33.527393,-16.035688],[33.527369,-16.026648],[33.518022,-16.026671],[33.518045,-16.035711],[33.527393,-16.035688]]]}},{"type":"Feature","properties":{"ano":2025,"camada":"cultivo_sequeiro","area_km2":0.0342,"fracao_cobertura_celula":0.0342},"geometry":{"type":"Polygon","coordinates":[[[33.527369,-16.026648],[33.527345,-16.017608],[33.517998,-16.017631],[33.518022,-16.026671],[33.527369,-16.026648]]]}},{"type":"Feature","properties":{"ano":2025,"camada":"cultivo_sequeiro","area_km2":0.0495,"fracao_cobertura_celula":0.0495},"geometry":{"type":"Polygon","coordinates":[[[33.527345,-16.017608],[33.527322,-16.008568],[33.517975,-16.008591],[33.517998,-16.017631],[33.527345,-16.017608]]]}},{"type":"Feature","properties":{"ano":2025,"camada":"cultivo_sequeiro","area_km2":1.0539,"fracao_cobertura_celula":1.0539},"geometry":{"type":"Polygon","coordinates":[[[33.527322,-16.008568],[33.527298,-15.999528],[33.517952,-15.999551],[33.517975,-16.008591],[33.527322,-16.008568]]]}},{"type":"Feature","properties":{"ano":2025,"camada":"cultivo_sequeiro","area_km2":0.2727,"fracao_cobertura_celula":0.2727},"geometry":{"type":"Polygon","coordinates":[[[33.537597,-16.35206],[33.537572,-16.34302],[33.52821,-16.343043],[33.528234,-16.352083],[33.537597,-16.35206]]]}},{"type":"Feature","properties":{"ano":2025,"camada":"cultivo_sequeiro","area_km2":0.7425,"fracao_cobertura_celula":0.7425},"geometry":{"type":"Polygon","coordinates":[[[33.537572,-16.34302],[33.537547,-16.33398],[33.528186,-16.334004],[33.52821,-16.343043],[33.537572,-16.34302]]]}},{"type":"Feature","properties":{"ano":2025,"camada":"cultivo_sequeiro","area_km2":0.1017,"fracao_cobertura_celula":0.1017},"geometry":{"type":"Polygon","coordinates":[[[33.537547,-16.33398],[33.537523,-16.32494],[33.528161,-16.324964],[33.528186,-16.334004],[33.537547,-16.33398]]]}},{"type":"Feature","properties":{"ano":2025,"camada":"cultivo_sequeiro","area_km2":0.171,"fracao_cobertura_celula":0.171},"geometry":{"type":"Polygon","coordinates":[[[33.537523,-16.32494],[33.537498,-16.315901],[33.528137,-16.315924],[33.528161,-16.324964],[33.537523,-16.32494]]]}},{"type":"Feature","properties":{"ano":2025,"camada":"cultivo_sequeiro","area_km2":0.126,"fracao_cobertura_celula":0.126},"geometry":{"type":"Polygon","coordinates":[[[33.537498,-16.315901],[33.537473,-16.306861],[33.528113,-16.306884],[33.528137,-16.315924],[33.537498,-16.315901]]]}},{"type":"Feature","properties":{"ano":2025,"camada":"cultivo_sequeiro","area_km2":0.0243,"fracao_cobertura_celula":0.0243},"geometry":{"type":"Polygon","coordinates":[[[33.537473,-16.306861],[33.537449,-16.297821],[33.528089,-16.297845],[33.528113,-16.306884],[33.537473,-16.306861]]]}},{"type":"Feature","properties":{"ano":2025,"camada":"cultivo_sequeiro","area_km2":0.0099,"fracao_cobertura_celula":0.0099},"geometry":{"type":"Polygon","coordinates":[[[33.537449,-16.297821],[33.537424,-16.288781],[33.528064,-16.288805],[33.528089,-16.297845],[33.537449,-16.297821]]]}},{"type":"Feature","properties":{"ano":2025,"camada":"cultivo_sequeiro","area_km2":0.0243,"fracao_cobertura_celula":0.0243},"geometry":{"type":"Polygon","coordinates":[[[33.537424,-16.288781],[33.537399,-16.279742],[33.52804,-16.279765],[33.528064,-16.288805],[33.537424,-16.288781]]]}},{"type":"Feature","properties":{"ano":2025,"camada":"cultivo_sequeiro","area_km2":0.0882,"fracao_cobertura_celula":0.0882},"geometry":{"type":"Polygon","coordinates":[[[33.537399,-16.279742],[33.537375,-16.270702],[33.528016,-16.270725],[33.52804,-16.279765],[33.537399,-16.279742]]]}},{"type":"Feature","properties":{"ano":2025,"camada":"cultivo_sequeiro","area_km2":0.0729,"fracao_cobertura_celula":0.0729},"geometry":{"type":"Polygon","coordinates":[[[33.537375,-16.270702],[33.53735,-16.261662],[33.527992,-16.261686],[33.528016,-16.270725],[33.537375,-16.270702]]]}},{"type":"Feature","properties":{"ano":2025,"camada":"cultivo_sequeiro","area_km2":0.4122,"fracao_cobertura_celula":0.4122},"geometry":{"type":"Polygon","coordinates":[[[33.53735,-16.261662],[33.537326,-16.252622],[33.527968,-16.252646],[33.527992,-16.261686],[33.53735,-16.261662]]]}},{"type":"Feature","properties":{"ano":2025,"camada":"cultivo_sequeiro","area_km2":0.0657,"fracao_cobertura_celula":0.0657},"geometry":{"type":"Polygon","coordinates":[[[33.537326,-16.252622],[33.537301,-16.243582],[33.527944,-16.243606],[33.527968,-16.252646],[33.537326,-16.252622]]]}},{"type":"Feature","properties":{"ano":2025,"camada":"cultivo_sequeiro","area_km2":0.1053,"fracao_cobertura_celula":0.1053},"geometry":{"type":"Polygon","coordinates":[[[33.537301,-16.243582],[33.537277,-16.234543],[33.527919,-16.234566],[33.527944,-16.243606],[33.537301,-16.243582]]]}},{"type":"Feature","properties":{"ano":2025,"camada":"cultivo_sequeiro","area_km2":0.0252,"fracao_cobertura_celula":0.0252},"geometry":{"type":"Polygon","coordinates":[[[33.537277,-16.234543],[33.537252,-16.225503],[33.527895,-16.225526],[33.527919,-16.234566],[33.537277,-16.234543]]]}},{"type":"Feature","properties":{"ano":2025,"camada":"cultivo_sequeiro","area_km2":0.0891,"fracao_cobertura_celula":0.0891},"geometry":{"type":"Polygon","coordinates":[[[33.537252,-16.225503],[33.537228,-16.216463],[33.527871,-16.216486],[33.527895,-16.225526],[33.537252,-16.225503]]]}},{"type":"Feature","properties":{"ano":2025,"camada":"cultivo_sequeiro","area_km2":0.3978,"fracao_cobertura_celula":0.3978},"geometry":{"type":"Polygon","coordinates":[[[33.537228,-16.216463],[33.537203,-16.207423],[33.527847,-16.207447],[33.527871,-16.216486],[33.537228,-16.216463]]]}},{"type":"Feature","properties":{"ano":2025,"camada":"cultivo_sequeiro","area_km2":0.0594,"fracao_cobertura_celula":0.0594},"geometry":{"type":"Polygon","coordinates":[[[33.537203,-16.207423],[33.537179,-16.198383],[33.527823,-16.198407],[33.527847,-16.207447],[33.537203,-16.207423]]]}},{"type":"Feature","properties":{"ano":2025,"camada":"cultivo_sequeiro","area_km2":0.0315,"fracao_cobertura_celula":0.0315},"geometry":{"type":"Polygon","coordinates":[[[33.537179,-16.198383],[33.537154,-16.189343],[33.527799,-16.189367],[33.527823,-16.198407],[33.537179,-16.198383]]]}},{"type":"Feature","properties":{"ano":2025,"camada":"cultivo_sequeiro","area_km2":0.0108,"fracao_cobertura_celula":0.0108},"geometry":{"type":"Polygon","coordinates":[[[33.537154,-16.189343],[33.53713,-16.180304],[33.527775,-16.180327],[33.527799,-16.189367],[33.537154,-16.189343]]]}},{"type":"Feature","properties":{"ano":2025,"camada":"cultivo_sequeiro","area_km2":0.0081,"fracao_cobertura_celula":0.0081},"geometry":{"type":"Polygon","coordinates":[[[33.53713,-16.180304],[33.537105,-16.171264],[33.527751,-16.171287],[33.527775,-16.180327],[33.53713,-16.180304]]]}},{"type":"Feature","properties":{"ano":2025,"camada":"cultivo_sequeiro","area_km2":0.1152,"fracao_cobertura_celula":0.1152},"geometry":{"type":"Polygon","coordinates":[[[33.537105,-16.171264],[33.537081,-16.162224],[33.527727,-16.162247],[33.527751,-16.171287],[33.537105,-16.171264]]]}},{"type":"Feature","properties":{"ano":2025,"camada":"cultivo_sequeiro","area_km2":0.0675,"fracao_cobertura_celula":0.0675},"geometry":{"type":"Polygon","coordinates":[[[33.537081,-16.162224],[33.537056,-16.153184],[33.527703,-16.153207],[33.527727,-16.162247],[33.537081,-16.162224]]]}},{"type":"Feature","properties":{"ano":2025,"camada":"cultivo_sequeiro","area_km2":0.009,"fracao_cobertura_celula":0.009},"geometry":{"type":"Polygon","coordinates":[[[33.537056,-16.153184],[33.537032,-16.144144],[33.527679,-16.144167],[33.527703,-16.153207],[33.537056,-16.153184]]]}},{"type":"Feature","properties":{"ano":2025,"camada":"cultivo_sequeiro","area_km2":0.0117,"fracao_cobertura_celula":0.0117},"geometry":{"type":"Polygon","coordinates":[[[33.537032,-16.144144],[33.537008,-16.135104],[33.527655,-16.135128],[33.527679,-16.144167],[33.537032,-16.144144]]]}},{"type":"Feature","properties":{"ano":2025,"camada":"cultivo_sequeiro","area_km2":0.0018,"fracao_cobertura_celula":0.0018},"geometry":{"type":"Polygon","coordinates":[[[33.537008,-16.135104],[33.536983,-16.126064],[33.527631,-16.126088],[33.527655,-16.135128],[33.537008,-16.135104]]]}},{"type":"Feature","properties":{"ano":2025,"camada":"cultivo_sequeiro","area_km2":0.054,"fracao_cobertura_celula":0.054},"geometry":{"type":"Polygon","coordinates":[[[33.536983,-16.126064],[33.536959,-16.117024],[33.527607,-16.117048],[33.527631,-16.126088],[33.536983,-16.126064]]]}},{"type":"Feature","properties":{"ano":2025,"camada":"cultivo_sequeiro","area_km2":0.1224,"fracao_cobertura_celula":0.1224},"geometry":{"type":"Polygon","coordinates":[[[33.536959,-16.117024],[33.536935,-16.107984],[33.527583,-16.108008],[33.527607,-16.117048],[33.536959,-16.117024]]]}},{"type":"Feature","properties":{"ano":2025,"camada":"cultivo_sequeiro","area_km2":0.2385,"fracao_cobertura_celula":0.2385},"geometry":{"type":"Polygon","coordinates":[[[33.536935,-16.107984],[33.53691,-16.098945],[33.52756,-16.098968],[33.527583,-16.108008],[33.536935,-16.107984]]]}},{"type":"Feature","properties":{"ano":2025,"camada":"cultivo_sequeiro","area_km2":0.1386,"fracao_cobertura_celula":0.1386},"geometry":{"type":"Polygon","coordinates":[[[33.53691,-16.098945],[33.536886,-16.089905],[33.527536,-16.089928],[33.52756,-16.098968],[33.53691,-16.098945]]]}},{"type":"Feature","properties":{"ano":2025,"camada":"cultivo_sequeiro","area_km2":0.1305,"fracao_cobertura_celula":0.1305},"geometry":{"type":"Polygon","coordinates":[[[33.536886,-16.089905],[33.536862,-16.080865],[33.527512,-16.080888],[33.527536,-16.089928],[33.536886,-16.089905]]]}},{"type":"Feature","properties":{"ano":2025,"camada":"cultivo_sequeiro","area_km2":0.1206,"fracao_cobertura_celula":0.1206},"geometry":{"type":"Polygon","coordinates":[[[33.536862,-16.080865],[33.536838,-16.071825],[33.527488,-16.071848],[33.527512,-16.080888],[33.536862,-16.080865]]]}},{"type":"Feature","properties":{"ano":2025,"camada":"cultivo_sequeiro","area_km2":0.0153,"fracao_cobertura_celula":0.0153},"geometry":{"type":"Polygon","coordinates":[[[33.536838,-16.071825],[33.536813,-16.062785],[33.527464,-16.062808],[33.527488,-16.071848],[33.536838,-16.071825]]]}},{"type":"Feature","properties":{"ano":2025,"camada":"cultivo_sequeiro","area_km2":0.18,"fracao_cobertura_celula":0.18},"geometry":{"type":"Polygon","coordinates":[[[33.536813,-16.062785],[33.536789,-16.053745],[33.52744,-16.053768],[33.527464,-16.062808],[33.536813,-16.062785]]]}},{"type":"Feature","properties":{"ano":2025,"camada":"cultivo_sequeiro","area_km2":0.0369,"fracao_cobertura_celula":0.0369},"geometry":{"type":"Polygon","coordinates":[[[33.536789,-16.053745],[33.536765,-16.044705],[33.527417,-16.044728],[33.52744,-16.053768],[33.536789,-16.053745]]]}},{"type":"Feature","properties":{"ano":2025,"camada":"cultivo_sequeiro","area_km2":0.0045,"fracao_cobertura_celula":0.0045},"geometry":{"type":"Polygon","coordinates":[[[33.536765,-16.044705],[33.536741,-16.035665],[33.527393,-16.035688],[33.527417,-16.044728],[33.536765,-16.044705]]]}},{"type":"Feature","properties":{"ano":2025,"camada":"cultivo_sequeiro","area_km2":0.4779,"fracao_cobertura_celula":0.4779},"geometry":{"type":"Polygon","coordinates":[[[33.536741,-16.035665],[33.536716,-16.026625],[33.527369,-16.026648],[33.527393,-16.035688],[33.536741,-16.035665]]]}},{"type":"Feature","properties":{"ano":2025,"camada":"cultivo_sequeiro","area_km2":0.1656,"fracao_cobertura_celula":0.1656},"geometry":{"type":"Polygon","coordinates":[[[33.536716,-16.026625],[33.536692,-16.017585],[33.527345,-16.017608],[33.527369,-16.026648],[33.536716,-16.026625]]]}},{"type":"Feature","properties":{"ano":2025,"camada":"cultivo_sequeiro","area_km2":0.1053,"fracao_cobertura_celula":0.1053},"geometry":{"type":"Polygon","coordinates":[[[33.536692,-16.017585],[33.536668,-16.008545],[33.527322,-16.008568],[33.527345,-16.017608],[33.536692,-16.017585]]]}},{"type":"Feature","properties":{"ano":2025,"camada":"cultivo_sequeiro","area_km2":0.432,"fracao_cobertura_celula":0.432},"geometry":{"type":"Polygon","coordinates":[[[33.536668,-16.008545],[33.536644,-15.999505],[33.527298,-15.999528],[33.527322,-16.008568],[33.536668,-16.008545]]]}},{"type":"Feature","properties":{"ano":2025,"camada":"cultivo_sequeiro","area_km2":0.0036,"fracao_cobertura_celula":0.0036},"geometry":{"type":"Polygon","coordinates":[[[33.546959,-16.352035],[33.546934,-16.342996],[33.537572,-16.34302],[33.537597,-16.35206],[33.546959,-16.352035]]]}},{"type":"Feature","properties":{"ano":2025,"camada":"cultivo_sequeiro","area_km2":0.2007,"fracao_cobertura_celula":0.2007},"geometry":{"type":"Polygon","coordinates":[[[33.546934,-16.342996],[33.546909,-16.333956],[33.537547,-16.33398],[33.537572,-16.34302],[33.546934,-16.342996]]]}},{"type":"Feature","properties":{"ano":2025,"camada":"cultivo_sequeiro","area_km2":0.8199,"fracao_cobertura_celula":0.8199},"geometry":{"type":"Polygon","coordinates":[[[33.546909,-16.333956],[33.546884,-16.324916],[33.537523,-16.32494],[33.537547,-16.33398],[33.546909,-16.333956]]]}},{"type":"Feature","properties":{"ano":2025,"camada":"cultivo_sequeiro","area_km2":0.2313,"fracao_cobertura_celula":0.2313},"geometry":{"type":"Polygon","coordinates":[[[33.546884,-16.324916],[33.546859,-16.315877],[33.537498,-16.315901],[33.537523,-16.32494],[33.546884,-16.324916]]]}},{"type":"Feature","properties":{"ano":2025,"camada":"cultivo_sequeiro","area_km2":0.0126,"fracao_cobertura_celula":0.0126},"geometry":{"type":"Polygon","coordinates":[[[33.546859,-16.315877],[33.546834,-16.306837],[33.537473,-16.306861],[33.537498,-16.315901],[33.546859,-16.315877]]]}},{"type":"Feature","properties":{"ano":2025,"camada":"cultivo_sequeiro","area_km2":0.0144,"fracao_cobertura_celula":0.0144},"geometry":{"type":"Polygon","coordinates":[[[33.546834,-16.306837],[33.546809,-16.297797],[33.537449,-16.297821],[33.537473,-16.306861],[33.546834,-16.306837]]]}},{"type":"Feature","properties":{"ano":2025,"camada":"cultivo_sequeiro","area_km2":0.1539,"fracao_cobertura_celula":0.1539},"geometry":{"type":"Polygon","coordinates":[[[33.546809,-16.297797],[33.546784,-16.288757],[33.537424,-16.288781],[33.537449,-16.297821],[33.546809,-16.297797]]]}},{"type":"Feature","properties":{"ano":2025,"camada":"cultivo_sequeiro","area_km2":0.1782,"fracao_cobertura_celula":0.1782},"geometry":{"type":"Polygon","coordinates":[[[33.546784,-16.288757],[33.546759,-16.279718],[33.537399,-16.279742],[33.537424,-16.288781],[33.546784,-16.288757]]]}},{"type":"Feature","properties":{"ano":2025,"camada":"cultivo_sequeiro","area_km2":0.108,"fracao_cobertura_celula":0.108},"geometry":{"type":"Polygon","coordinates":[[[33.546759,-16.279718],[33.546734,-16.270678],[33.537375,-16.270702],[33.537399,-16.279742],[33.546759,-16.279718]]]}},{"type":"Feature","properties":{"ano":2025,"camada":"cultivo_sequeiro","area_km2":0.0369,"fracao_cobertura_celula":0.0369},"geometry":{"type":"Polygon","coordinates":[[[33.546734,-16.270678],[33.546709,-16.261638],[33.53735,-16.261662],[33.537375,-16.270702],[33.546734,-16.270678]]]}},{"type":"Feature","properties":{"ano":2025,"camada":"cultivo_sequeiro","area_km2":0.9522,"fracao_cobertura_celula":0.9522},"geometry":{"type":"Polygon","coordinates":[[[33.546709,-16.261638],[33.546684,-16.252598],[33.537326,-16.252622],[33.53735,-16.261662],[33.546709,-16.261638]]]}},{"type":"Feature","properties":{"ano":2025,"camada":"cultivo_sequeiro","area_km2":0.1575,"fracao_cobertura_celula":0.1575},"geometry":{"type":"Polygon","coordinates":[[[33.546684,-16.252598],[33.546659,-16.243558],[33.537301,-16.243582],[33.537326,-16.252622],[33.546684,-16.252598]]]}},{"type":"Feature","properties":{"ano":2025,"camada":"cultivo_sequeiro","area_km2":0.0648,"fracao_cobertura_celula":0.0648},"geometry":{"type":"Polygon","coordinates":[[[33.546659,-16.243558],[33.546634,-16.234519],[33.537277,-16.234543],[33.537301,-16.243582],[33.546659,-16.243558]]]}},{"type":"Feature","properties":{"ano":2025,"camada":"cultivo_sequeiro","area_km2":4.1319,"fracao_cobertura_celula":4.1319},"geometry":{"type":"Polygon","coordinates":[[[33.546634,-16.234519],[33.546609,-16.225479],[33.537252,-16.225503],[33.537277,-16.234543],[33.546634,-16.234519]]]}},{"type":"Feature","properties":{"ano":2025,"camada":"cultivo_sequeiro","area_km2":0.2934,"fracao_cobertura_celula":0.2934},"geometry":{"type":"Polygon","coordinates":[[[33.546609,-16.225479],[33.546584,-16.216439],[33.537228,-16.216463],[33.537252,-16.225503],[33.546609,-16.225479]]]}},{"type":"Feature","properties":{"ano":2025,"camada":"cultivo_sequeiro","area_km2":0.4419,"fracao_cobertura_celula":0.4419},"geometry":{"type":"Polygon","coordinates":[[[33.546584,-16.216439],[33.546559,-16.207399],[33.537203,-16.207423],[33.537228,-16.216463],[33.546584,-16.216439]]]}},{"type":"Feature","properties":{"ano":2025,"camada":"cultivo_sequeiro","area_km2":0.1962,"fracao_cobertura_celula":0.1962},"geometry":{"type":"Polygon","coordinates":[[[33.546559,-16.207399],[33.546534,-16.198359],[33.537179,-16.198383],[33.537203,-16.207423],[33.546559,-16.207399]]]}},{"type":"Feature","properties":{"ano":2025,"camada":"cultivo_sequeiro","area_km2":0.0414,"fracao_cobertura_celula":0.0414},"geometry":{"type":"Polygon","coordinates":[[[33.546534,-16.198359],[33.546509,-16.18932],[33.537154,-16.189343],[33.537179,-16.198383],[33.546534,-16.198359]]]}},{"type":"Feature","properties":{"ano":2025,"camada":"cultivo_sequeiro","area_km2":0.0549,"fracao_cobertura_celula":0.0549},"geometry":{"type":"Polygon","coordinates":[[[33.546509,-16.18932],[33.546484,-16.18028],[33.53713,-16.180304],[33.537154,-16.189343],[33.546509,-16.18932]]]}},{"type":"Feature","properties":{"ano":2025,"camada":"cultivo_sequeiro","area_km2":0.0162,"fracao_cobertura_celula":0.0162},"geometry":{"type":"Polygon","coordinates":[[[33.546484,-16.18028],[33.546459,-16.17124],[33.537105,-16.171264],[33.53713,-16.180304],[33.546484,-16.18028]]]}},{"type":"Feature","properties":{"ano":2025,"camada":"cultivo_sequeiro","area_km2":0.0207,"fracao_cobertura_celula":0.0207},"geometry":{"type":"Polygon","coordinates":[[[33.546459,-16.17124],[33.546435,-16.1622],[33.537081,-16.162224],[33.537105,-16.171264],[33.546459,-16.17124]]]}},{"type":"Feature","properties":{"ano":2025,"camada":"cultivo_sequeiro","area_km2":0.0018,"fracao_cobertura_celula":0.0018},"geometry":{"type":"Polygon","coordinates":[[[33.546435,-16.1622],[33.54641,-16.15316],[33.537056,-16.153184],[33.537081,-16.162224],[33.546435,-16.1622]]]}},{"type":"Feature","properties":{"ano":2025,"camada":"cultivo_sequeiro","area_km2":0.0027,"fracao_cobertura_celula":0.0027},"geometry":{"type":"Polygon","coordinates":[[[33.546385,-16.14412],[33.54636,-16.13508],[33.537008,-16.135104],[33.537032,-16.144144],[33.546385,-16.14412]]]}},{"type":"Feature","properties":{"ano":2025,"camada":"cultivo_sequeiro","area_km2":0.0468,"fracao_cobertura_celula":0.0468},"geometry":{"type":"Polygon","coordinates":[[[33.54636,-16.13508],[33.546335,-16.126041],[33.536983,-16.126064],[33.537008,-16.135104],[33.54636,-16.13508]]]}},{"type":"Feature","properties":{"ano":2025,"camada":"cultivo_sequeiro","area_km2":0.2151,"fracao_cobertura_celula":0.2151},"geometry":{"type":"Polygon","coordinates":[[[33.546335,-16.126041],[33.546311,-16.117001],[33.536959,-16.117024],[33.536983,-16.126064],[33.546335,-16.126041]]]}},{"type":"Feature","properties":{"ano":2025,"camada":"cultivo_sequeiro","area_km2":0.5544,"fracao_cobertura_celula":0.5544},"geometry":{"type":"Polygon","coordinates":[[[33.546311,-16.117001],[33.546286,-16.107961],[33.536935,-16.107984],[33.536959,-16.117024],[33.546311,-16.117001]]]}},{"type":"Feature","properties":{"ano":2025,"camada":"cultivo_sequeiro","area_km2":0.3042,"fracao_cobertura_celula":0.3042},"geometry":{"type":"Polygon","coordinates":[[[33.546286,-16.107961],[33.546261,-16.098921],[33.53691,-16.098945],[33.536935,-16.107984],[33.546286,-16.107961]]]}},{"type":"Feature","properties":{"ano":2025,"camada":"cultivo_sequeiro","area_km2":0.5211,"fracao_cobertura_celula":0.5211},"geometry":{"type":"Polygon","coordinates":[[[33.546261,-16.098921],[33.546236,-16.089881],[33.536886,-16.089905],[33.53691,-16.098945],[33.546261,-16.098921]]]}},{"type":"Feature","properties":{"ano":2025,"camada":"cultivo_sequeiro","area_km2":0.0351,"fracao_cobertura_celula":0.0351},"geometry":{"type":"Polygon","coordinates":[[[33.546236,-16.089881],[33.546212,-16.080841],[33.536862,-16.080865],[33.536886,-16.089905],[33.546236,-16.089881]]]}},{"type":"Feature","properties":{"ano":2025,"camada":"cultivo_sequeiro","area_km2":0.2439,"fracao_cobertura_celula":0.2439},"geometry":{"type":"Polygon","coordinates":[[[33.546212,-16.080841],[33.546187,-16.071801],[33.536838,-16.071825],[33.536862,-16.080865],[33.546212,-16.080841]]]}},{"type":"Feature","properties":{"ano":2025,"camada":"cultivo_sequeiro","area_km2":0.0513,"fracao_cobertura_celula":0.0513},"geometry":{"type":"Polygon","coordinates":[[[33.546187,-16.071801],[33.546162,-16.062761],[33.536813,-16.062785],[33.536838,-16.071825],[33.546187,-16.071801]]]}},{"type":"Feature","properties":{"ano":2025,"camada":"cultivo_sequeiro","area_km2":0.1359,"fracao_cobertura_celula":0.1359},"geometry":{"type":"Polygon","coordinates":[[[33.546162,-16.062761],[33.546138,-16.053721],[33.536789,-16.053745],[33.536813,-16.062785],[33.546162,-16.062761]]]}},{"type":"Feature","properties":{"ano":2025,"camada":"cultivo_sequeiro","area_km2":4.1337,"fracao_cobertura_celula":4.1337},"geometry":{"type":"Polygon","coordinates":[[[33.546138,-16.053721],[33.546113,-16.044681],[33.536765,-16.044705],[33.536789,-16.053745],[33.546138,-16.053721]]]}},{"type":"Feature","properties":{"ano":2025,"camada":"cultivo_sequeiro","area_km2":0.1008,"fracao_cobertura_celula":0.1008},"geometry":{"type":"Polygon","coordinates":[[[33.546113,-16.044681],[33.546088,-16.035641],[33.536741,-16.035665],[33.536765,-16.044705],[33.546113,-16.044681]]]}},{"type":"Feature","properties":{"ano":2025,"camada":"cultivo_sequeiro","area_km2":0.2196,"fracao_cobertura_celula":0.2196},"geometry":{"type":"Polygon","coordinates":[[[33.546088,-16.035641],[33.546064,-16.026601],[33.536716,-16.026625],[33.536741,-16.035665],[33.546088,-16.035641]]]}},{"type":"Feature","properties":{"ano":2025,"camada":"cultivo_sequeiro","area_km2":0.1044,"fracao_cobertura_celula":0.1044},"geometry":{"type":"Polygon","coordinates":[[[33.546064,-16.026601],[33.546039,-16.017561],[33.536692,-16.017585],[33.536716,-16.026625],[33.546064,-16.026601]]]}},{"type":"Feature","properties":{"ano":2025,"camada":"cultivo_sequeiro","area_km2":1.3914,"fracao_cobertura_celula":1.3914},"geometry":{"type":"Polygon","coordinates":[[[33.546039,-16.017561],[33.546015,-16.008521],[33.536668,-16.008545],[33.536692,-16.017585],[33.546039,-16.017561]]]}},{"type":"Feature","properties":{"ano":2025,"camada":"cultivo_sequeiro","area_km2":0.0702,"fracao_cobertura_celula":0.0702},"geometry":{"type":"Polygon","coordinates":[[[33.546015,-16.008521],[33.54599,-15.999481],[33.536644,-15.999505],[33.536668,-16.008545],[33.546015,-16.008521]]]}},{"type":"Feature","properties":{"ano":2025,"camada":"cultivo_sequeiro","area_km2":0.009,"fracao_cobertura_celula":0.009},"geometry":{"type":"Polygon","coordinates":[[[33.556322,-16.352011],[33.556297,-16.342971],[33.546934,-16.342996],[33.546959,-16.352035],[33.556322,-16.352011]]]}},{"type":"Feature","properties":{"ano":2025,"camada":"cultivo_sequeiro","area_km2":0.1701,"fracao_cobertura_celula":0.1701},"geometry":{"type":"Polygon","coordinates":[[[33.556297,-16.342971],[33.556271,-16.333932],[33.546909,-16.333956],[33.546934,-16.342996],[33.556297,-16.342971]]]}},{"type":"Feature","properties":{"ano":2025,"camada":"cultivo_sequeiro","area_km2":0.1656,"fracao_cobertura_celula":0.1656},"geometry":{"type":"Polygon","coordinates":[[[33.556271,-16.333932],[33.556245,-16.324892],[33.546884,-16.324916],[33.546909,-16.333956],[33.556271,-16.333932]]]}},{"type":"Feature","properties":{"ano":2025,"camada":"cultivo_sequeiro","area_km2":0.054,"fracao_cobertura_celula":0.054},"geometry":{"type":"Polygon","coordinates":[[[33.556245,-16.324892],[33.55622,-16.315852],[33.546859,-16.315877],[33.546884,-16.324916],[33.556245,-16.324892]]]}},{"type":"Feature","properties":{"ano":2025,"camada":"cultivo_sequeiro","area_km2":0.0963,"fracao_cobertura_celula":0.0963},"geometry":{"type":"Polygon","coordinates":[[[33.55622,-16.315852],[33.556194,-16.306812],[33.546834,-16.306837],[33.546859,-16.315877],[33.55622,-16.315852]]]}},{"type":"Feature","properties":{"ano":2025,"camada":"cultivo_sequeiro","area_km2":0.0936,"fracao_cobertura_celula":0.0936},"geometry":{"type":"Polygon","coordinates":[[[33.556194,-16.306812],[33.556169,-16.297773],[33.546809,-16.297797],[33.546834,-16.306837],[33.556194,-16.306812]]]}},{"type":"Feature","properties":{"ano":2025,"camada":"cultivo_sequeiro","area_km2":0.4491,"fracao_cobertura_celula":0.4491},"geometry":{"type":"Polygon","coordinates":[[[33.556169,-16.297773],[33.556143,-16.288733],[33.546784,-16.288757],[33.546809,-16.297797],[33.556169,-16.297773]]]}},{"type":"Feature","properties":{"ano":2025,"camada":"cultivo_sequeiro","area_km2":0.3645,"fracao_cobertura_celula":0.3645},"geometry":{"type":"Polygon","coordinates":[[[33.556143,-16.288733],[33.556118,-16.279693],[33.546759,-16.279718],[33.546784,-16.288757],[33.556143,-16.288733]]]}},{"type":"Feature","properties":{"ano":2025,"camada":"cultivo_sequeiro","area_km2":0.0846,"fracao_cobertura_celula":0.0846},"geometry":{"type":"Polygon","coordinates":[[[33.556118,-16.279693],[33.556092,-16.270653],[33.546734,-16.270678],[33.546759,-16.279718],[33.556118,-16.279693]]]}},{"type":"Feature","properties":{"ano":2025,"camada":"cultivo_sequeiro","area_km2":0.1395,"fracao_cobertura_celula":0.1395},"geometry":{"type":"Polygon","coordinates":[[[33.556092,-16.270653],[33.556067,-16.261614],[33.546709,-16.261638],[33.546734,-16.270678],[33.556092,-16.270653]]]}},{"type":"Feature","properties":{"ano":2025,"camada":"cultivo_sequeiro","area_km2":0.1287,"fracao_cobertura_celula":0.1287},"geometry":{"type":"Polygon","coordinates":[[[33.556067,-16.261614],[33.556042,-16.252574],[33.546684,-16.252598],[33.546709,-16.261638],[33.556067,-16.261614]]]}},{"type":"Feature","properties":{"ano":2025,"camada":"cultivo_sequeiro","area_km2":0.3681,"fracao_cobertura_celula":0.3681},"geometry":{"type":"Polygon","coordinates":[[[33.556042,-16.252574],[33.556016,-16.243534],[33.546659,-16.243558],[33.546684,-16.252598],[33.556042,-16.252574]]]}},{"type":"Feature","properties":{"ano":2025,"camada":"cultivo_sequeiro","area_km2":0.0117,"fracao_cobertura_celula":0.0117},"geometry":{"type":"Polygon","coordinates":[[[33.556016,-16.243534],[33.555991,-16.234494],[33.546634,-16.234519],[33.546659,-16.243558],[33.556016,-16.243534]]]}},{"type":"Feature","properties":{"ano":2025,"camada":"cultivo_sequeiro","area_km2":0.1017,"fracao_cobertura_celula":0.1017},"geometry":{"type":"Polygon","coordinates":[[[33.555991,-16.234494],[33.555965,-16.225455],[33.546609,-16.225479],[33.546634,-16.234519],[33.555991,-16.234494]]]}},{"type":"Feature","properties":{"ano":2025,"camada":"cultivo_sequeiro","area_km2":0.2835,"fracao_cobertura_celula":0.2835},"geometry":{"type":"Polygon","coordinates":[[[33.555965,-16.225455],[33.55594,-16.216415],[33.546584,-16.216439],[33.546609,-16.225479],[33.555965,-16.225455]]]}},{"type":"Feature","properties":{"ano":2025,"camada":"cultivo_sequeiro","area_km2":0.1107,"fracao_cobertura_celula":0.1107},"geometry":{"type":"Polygon","coordinates":[[[33.55594,-16.216415],[33.555915,-16.207375],[33.546559,-16.207399],[33.546584,-16.216439],[33.55594,-16.216415]]]}},{"type":"Feature","properties":{"ano":2025,"camada":"cultivo_sequeiro","area_km2":0.1836,"fracao_cobertura_celula":0.1836},"geometry":{"type":"Polygon","coordinates":[[[33.555915,-16.207375],[33.555889,-16.198335],[33.546534,-16.198359],[33.546559,-16.207399],[33.555915,-16.207375]]]}},{"type":"Feature","properties":{"ano":2025,"camada":"cultivo_sequeiro","area_km2":0.2952,"fracao_cobertura_celula":0.2952},"geometry":{"type":"Polygon","coordinates":[[[33.555889,-16.198335],[33.555864,-16.189295],[33.546509,-16.18932],[33.546534,-16.198359],[33.555889,-16.198335]]]}},{"type":"Feature","properties":{"ano":2025,"camada":"cultivo_sequeiro","area_km2":0.0918,"fracao_cobertura_celula":0.0918},"geometry":{"type":"Polygon","coordinates":[[[33.555864,-16.189295],[33.555839,-16.180256],[33.546484,-16.18028],[33.546509,-16.18932],[33.555864,-16.189295]]]}},{"type":"Feature","properties":{"ano":2025,"camada":"cultivo_sequeiro","area_km2":0.0009,"fracao_cobertura_celula":0.0009},"geometry":{"type":"Polygon","coordinates":[[[33.555839,-16.180256],[33.555813,-16.171216],[33.546459,-16.17124],[33.546484,-16.18028],[33.555839,-16.180256]]]}},{"type":"Feature","properties":{"ano":2025,"camada":"cultivo_sequeiro","area_km2":0.0072,"fracao_cobertura_celula":0.0072},"geometry":{"type":"Polygon","coordinates":[[[33.555738,-16.144096],[33.555712,-16.135056],[33.54636,-16.13508],[33.546385,-16.14412],[33.555738,-16.144096]]]}},{"type":"Feature","properties":{"ano":2025,"camada":"cultivo_sequeiro","area_km2":0.0468,"fracao_cobertura_celula":0.0468},"geometry":{"type":"Polygon","coordinates":[[[33.555712,-16.135056],[33.555687,-16.126016],[33.546335,-16.126041],[33.54636,-16.13508],[33.555712,-16.135056]]]}},{"type":"Feature","properties":{"ano":2025,"camada":"cultivo_sequeiro","area_km2":0.0297,"fracao_cobertura_celula":0.0297},"geometry":{"type":"Polygon","coordinates":[[[33.555687,-16.126016],[33.555662,-16.116976],[33.546311,-16.117001],[33.546335,-16.126041],[33.555687,-16.126016]]]}},{"type":"Feature","properties":{"ano":2025,"camada":"cultivo_sequeiro","area_km2":0.162,"fracao_cobertura_celula":0.162},"geometry":{"type":"Polygon","coordinates":[[[33.555662,-16.116976],[33.555637,-16.107937],[33.546286,-16.107961],[33.546311,-16.117001],[33.555662,-16.116976]]]}},{"type":"Feature","properties":{"ano":2025,"camada":"cultivo_sequeiro","area_km2":0.0882,"fracao_cobertura_celula":0.0882},"geometry":{"type":"Polygon","coordinates":[[[33.555637,-16.107937],[33.555612,-16.098897],[33.546261,-16.098921],[33.546286,-16.107961],[33.555637,-16.107937]]]}},{"type":"Feature","properties":{"ano":2025,"camada":"cultivo_sequeiro","area_km2":0.1143,"fracao_cobertura_celula":0.1143},"geometry":{"type":"Polygon","coordinates":[[[33.555612,-16.098897],[33.555587,-16.089857],[33.546236,-16.089881],[33.546261,-16.098921],[33.555612,-16.098897]]]}},{"type":"Feature","properties":{"ano":2025,"camada":"cultivo_sequeiro","area_km2":0.0873,"fracao_cobertura_celula":0.0873},"geometry":{"type":"Polygon","coordinates":[[[33.555587,-16.089857],[33.555562,-16.080817],[33.546212,-16.080841],[33.546236,-16.089881],[33.555587,-16.089857]]]}},{"type":"Feature","properties":{"ano":2025,"camada":"cultivo_sequeiro","area_km2":0.1026,"fracao_cobertura_celula":0.1026},"geometry":{"type":"Polygon","coordinates":[[[33.555562,-16.080817],[33.555536,-16.071777],[33.546187,-16.071801],[33.546212,-16.080841],[33.555562,-16.080817]]]}},{"type":"Feature","properties":{"ano":2025,"camada":"cultivo_sequeiro","area_km2":0.6255,"fracao_cobertura_celula":0.6255},"geometry":{"type":"Polygon","coordinates":[[[33.555536,-16.071777],[33.555511,-16.062737],[33.546162,-16.062761],[33.546187,-16.071801],[33.555536,-16.071777]]]}},{"type":"Feature","properties":{"ano":2025,"camada":"cultivo_sequeiro","area_km2":0.1107,"fracao_cobertura_celula":0.1107},"geometry":{"type":"Polygon","coordinates":[[[33.555511,-16.062737],[33.555486,-16.053697],[33.546138,-16.053721],[33.546162,-16.062761],[33.555511,-16.062737]]]}},{"type":"Feature","properties":{"ano":2025,"camada":"cultivo_sequeiro","area_km2":0.0693,"fracao_cobertura_celula":0.0693},"geometry":{"type":"Polygon","coordinates":[[[33.555486,-16.053697],[33.555461,-16.044657],[33.546113,-16.044681],[33.546138,-16.053721],[33.555486,-16.053697]]]}},{"type":"Feature","properties":{"ano":2025,"camada":"cultivo_sequeiro","area_km2":0.1242,"fracao_cobertura_celula":0.1242},"geometry":{"type":"Polygon","coordinates":[[[33.555461,-16.044657],[33.555436,-16.035617],[33.546088,-16.035641],[33.546113,-16.044681],[33.555461,-16.044657]]]}},{"type":"Feature","properties":{"ano":2025,"camada":"cultivo_sequeiro","area_km2":0.3519,"fracao_cobertura_celula":0.3519},"geometry":{"type":"Polygon","coordinates":[[[33.555436,-16.035617],[33.555411,-16.026577],[33.546064,-16.026601],[33.546088,-16.035641],[33.555436,-16.035617]]]}},{"type":"Feature","properties":{"ano":2025,"camada":"cultivo_sequeiro","area_km2":0.4077,"fracao_cobertura_celula":0.4077},"geometry":{"type":"Polygon","coordinates":[[[33.555411,-16.026577],[33.555386,-16.017537],[33.546039,-16.017561],[33.546064,-16.026601],[33.555411,-16.026577]]]}},{"type":"Feature","properties":{"ano":2025,"camada":"cultivo_sequeiro","area_km2":0.3177,"fracao_cobertura_celula":0.3177},"geometry":{"type":"Polygon","coordinates":[[[33.555386,-16.017537],[33.555361,-16.008497],[33.546015,-16.008521],[33.546039,-16.017561],[33.555386,-16.017537]]]}},{"type":"Feature","properties":{"ano":2025,"camada":"cultivo_sequeiro","area_km2":0.2466,"fracao_cobertura_celula":0.2466},"geometry":{"type":"Polygon","coordinates":[[[33.555361,-16.008497],[33.555336,-15.999457],[33.54599,-15.999481],[33.546015,-16.008521],[33.555361,-16.008497]]]}},{"type":"Feature","properties":{"ano":2025,"camada":"cultivo_sequeiro","area_km2":0.0036,"fracao_cobertura_celula":0.0036},"geometry":{"type":"Polygon","coordinates":[[[33.565685,-16.351986],[33.565659,-16.342946],[33.556297,-16.342971],[33.556322,-16.352011],[33.565685,-16.351986]]]}},{"type":"Feature","properties":{"ano":2025,"camada":"cultivo_sequeiro","area_km2":5.8068,"fracao_cobertura_celula":5.8068},"geometry":{"type":"Polygon","coordinates":[[[33.565659,-16.342946],[33.565633,-16.333907],[33.556271,-16.333932],[33.556297,-16.342971],[33.565659,-16.342946]]]}},{"type":"Feature","properties":{"ano":2025,"camada":"cultivo_sequeiro","area_km2":0.0486,"fracao_cobertura_celula":0.0486},"geometry":{"type":"Polygon","coordinates":[[[33.565633,-16.333907],[33.565607,-16.324867],[33.556245,-16.324892],[33.556271,-16.333932],[33.565633,-16.333907]]]}},{"type":"Feature","properties":{"ano":2025,"camada":"cultivo_sequeiro","area_km2":0.2547,"fracao_cobertura_celula":0.2547},"geometry":{"type":"Polygon","coordinates":[[[33.565607,-16.324867],[33.565581,-16.315827],[33.55622,-16.315852],[33.556245,-16.324892],[33.565607,-16.324867]]]}},{"type":"Feature","properties":{"ano":2025,"camada":"cultivo_sequeiro","area_km2":0.2781,"fracao_cobertura_celula":0.2781},"geometry":{"type":"Polygon","coordinates":[[[33.565581,-16.315827],[33.565555,-16.306788],[33.556194,-16.306812],[33.55622,-16.315852],[33.565581,-16.315827]]]}},{"type":"Feature","properties":{"ano":2025,"camada":"cultivo_sequeiro","area_km2":0.2493,"fracao_cobertura_celula":0.2493},"geometry":{"type":"Polygon","coordinates":[[[33.565555,-16.306788],[33.565529,-16.297748],[33.556169,-16.297773],[33.556194,-16.306812],[33.565555,-16.306788]]]}},{"type":"Feature","properties":{"ano":2025,"camada":"cultivo_sequeiro","area_km2":0.1197,"fracao_cobertura_celula":0.1197},"geometry":{"type":"Polygon","coordinates":[[[33.565529,-16.297748],[33.565503,-16.288708],[33.556143,-16.288733],[33.556169,-16.297773],[33.565529,-16.297748]]]}},{"type":"Feature","properties":{"ano":2025,"camada":"cultivo_sequeiro","area_km2":0.0837,"fracao_cobertura_celula":0.0837},"geometry":{"type":"Polygon","coordinates":[[[33.565503,-16.288708],[33.565477,-16.279668],[33.556118,-16.279693],[33.556143,-16.288733],[33.565503,-16.288708]]]}},{"type":"Feature","properties":{"ano":2025,"camada":"cultivo_sequeiro","area_km2":0.0981,"fracao_cobertura_celula":0.0981},"geometry":{"type":"Polygon","coordinates":[[[33.565477,-16.279668],[33.565451,-16.270629],[33.556092,-16.270653],[33.556118,-16.279693],[33.565477,-16.279668]]]}},{"type":"Feature","properties":{"ano":2025,"camada":"cultivo_sequeiro","area_km2":0.7767,"fracao_cobertura_celula":0.7767},"geometry":{"type":"Polygon","coordinates":[[[33.565451,-16.270629],[33.565425,-16.261589],[33.556067,-16.261614],[33.556092,-16.270653],[33.565451,-16.270629]]]}},{"type":"Feature","properties":{"ano":2025,"camada":"cultivo_sequeiro","area_km2":0.1098,"fracao_cobertura_celula":0.1098},"geometry":{"type":"Polygon","coordinates":[[[33.565425,-16.261589],[33.565399,-16.252549],[33.556042,-16.252574],[33.556067,-16.261614],[33.565425,-16.261589]]]}},{"type":"Feature","properties":{"ano":2025,"camada":"cultivo_sequeiro","area_km2":0.1764,"fracao_cobertura_celula":0.1764},"geometry":{"type":"Polygon","coordinates":[[[33.565399,-16.252549],[33.565374,-16.243509],[33.556016,-16.243534],[33.556042,-16.252574],[33.565399,-16.252549]]]}},{"type":"Feature","properties":{"ano":2025,"camada":"cultivo_sequeiro","area_km2":0.2925,"fracao_cobertura_celula":0.2925},"geometry":{"type":"Polygon","coordinates":[[[33.565374,-16.243509],[33.565348,-16.23447],[33.555991,-16.234494],[33.556016,-16.243534],[33.565374,-16.243509]]]}},{"type":"Feature","properties":{"ano":2025,"camada":"cultivo_sequeiro","area_km2":0.1701,"fracao_cobertura_celula":0.1701},"geometry":{"type":"Polygon","coordinates":[[[33.565348,-16.23447],[33.565322,-16.22543],[33.555965,-16.225455],[33.555991,-16.234494],[33.565348,-16.23447]]]}},{"type":"Feature","properties":{"ano":2025,"camada":"cultivo_sequeiro","area_km2":0.5814,"fracao_cobertura_celula":0.5814},"geometry":{"type":"Polygon","coordinates":[[[33.565322,-16.22543],[33.565296,-16.21639],[33.55594,-16.216415],[33.555965,-16.225455],[33.565322,-16.22543]]]}},{"type":"Feature","properties":{"ano":2025,"camada":"cultivo_sequeiro","area_km2":0.063,"fracao_cobertura_celula":0.063},"geometry":{"type":"Polygon","coordinates":[[[33.565296,-16.21639],[33.56527,-16.20735],[33.555915,-16.207375],[33.55594,-16.216415],[33.565296,-16.21639]]]}},{"type":"Feature","properties":{"ano":2025,"camada":"cultivo_sequeiro","area_km2":0.0378,"fracao_cobertura_celula":0.0378},"geometry":{"type":"Polygon","coordinates":[[[33.56527,-16.20735],[33.565245,-16.19831],[33.555889,-16.198335],[33.555915,-16.207375],[33.56527,-16.20735]]]}},{"type":"Feature","properties":{"ano":2025,"camada":"cultivo_sequeiro","area_km2":0.09,"fracao_cobertura_celula":0.09},"geometry":{"type":"Polygon","coordinates":[[[33.565245,-16.19831],[33.565219,-16.189271],[33.555864,-16.189295],[33.555889,-16.198335],[33.565245,-16.19831]]]}},{"type":"Feature","properties":{"ano":2025,"camada":"cultivo_sequeiro","area_km2":0.0135,"fracao_cobertura_celula":0.0135},"geometry":{"type":"Polygon","coordinates":[[[33.565219,-16.189271],[33.565193,-16.180231],[33.555839,-16.180256],[33.555864,-16.189295],[33.565219,-16.189271]]]}},{"type":"Feature","properties":{"ano":2025,"camada":"cultivo_sequeiro","area_km2":0.0081,"fracao_cobertura_celula":0.0081},"geometry":{"type":"Polygon","coordinates":[[[33.565091,-16.144072],[33.565065,-16.135032],[33.555712,-16.135056],[33.555738,-16.144096],[33.565091,-16.144072]]]}},{"type":"Feature","properties":{"ano":2025,"camada":"cultivo_sequeiro","area_km2":0.0279,"fracao_cobertura_celula":0.0279},"geometry":{"type":"Polygon","coordinates":[[[33.565065,-16.135032],[33.565039,-16.125992],[33.555687,-16.126016],[33.555712,-16.135056],[33.565065,-16.135032]]]}},{"type":"Feature","properties":{"ano":2025,"camada":"cultivo_sequeiro","area_km2":0.0018,"fracao_cobertura_celula":0.0018},"geometry":{"type":"Polygon","coordinates":[[[33.565039,-16.125992],[33.565014,-16.116952],[33.555662,-16.116976],[33.555687,-16.126016],[33.565039,-16.125992]]]}},{"type":"Feature","properties":{"ano":2025,"camada":"cultivo_sequeiro","area_km2":0.0657,"fracao_cobertura_celula":0.0657},"geometry":{"type":"Polygon","coordinates":[[[33.565014,-16.116952],[33.564988,-16.107912],[33.555637,-16.107937],[33.555662,-16.116976],[33.565014,-16.116952]]]}},{"type":"Feature","properties":{"ano":2025,"camada":"cultivo_sequeiro","area_km2":0.1341,"fracao_cobertura_celula":0.1341},"geometry":{"type":"Polygon","coordinates":[[[33.564988,-16.107912],[33.564962,-16.098872],[33.555612,-16.098897],[33.555637,-16.107937],[33.564988,-16.107912]]]}},{"type":"Feature","properties":{"ano":2025,"camada":"cultivo_sequeiro","area_km2":0.126,"fracao_cobertura_celula":0.126},"geometry":{"type":"Polygon","coordinates":[[[33.564962,-16.098872],[33.564937,-16.089832],[33.555587,-16.089857],[33.555612,-16.098897],[33.564962,-16.098872]]]}},{"type":"Feature","properties":{"ano":2025,"camada":"cultivo_sequeiro","area_km2":0.882,"fracao_cobertura_celula":0.882},"geometry":{"type":"Polygon","coordinates":[[[33.564937,-16.089832],[33.564911,-16.080792],[33.555562,-16.080817],[33.555587,-16.089857],[33.564937,-16.089832]]]}},{"type":"Feature","properties":{"ano":2025,"camada":"cultivo_sequeiro","area_km2":0.1548,"fracao_cobertura_celula":0.1548},"geometry":{"type":"Polygon","coordinates":[[[33.564911,-16.080792],[33.564886,-16.071752],[33.555536,-16.071777],[33.555562,-16.080817],[33.564911,-16.080792]]]}},{"type":"Feature","properties":{"ano":2025,"camada":"cultivo_sequeiro","area_km2":0.0495,"fracao_cobertura_celula":0.0495},"geometry":{"type":"Polygon","coordinates":[[[33.564886,-16.071752],[33.56486,-16.062713],[33.555511,-16.062737],[33.555536,-16.071777],[33.564886,-16.071752]]]}},{"type":"Feature","properties":{"ano":2025,"camada":"cultivo_sequeiro","area_km2":0.0468,"fracao_cobertura_celula":0.0468},"geometry":{"type":"Polygon","coordinates":[[[33.56486,-16.062713],[33.564835,-16.053673],[33.555486,-16.053697],[33.555511,-16.062737],[33.56486,-16.062713]]]}},{"type":"Feature","properties":{"ano":2025,"camada":"cultivo_sequeiro","area_km2":0.0504,"fracao_cobertura_celula":0.0504},"geometry":{"type":"Polygon","coordinates":[[[33.564835,-16.053673],[33.564809,-16.044633],[33.555461,-16.044657],[33.555486,-16.053697],[33.564835,-16.053673]]]}},{"type":"Feature","properties":{"ano":2025,"camada":"cultivo_sequeiro","area_km2":1.4535,"fracao_cobertura_celula":1.4535},"geometry":{"type":"Polygon","coordinates":[[[33.564809,-16.044633],[33.564784,-16.035593],[33.555436,-16.035617],[33.555461,-16.044657],[33.564809,-16.044633]]]}},{"type":"Feature","properties":{"ano":2025,"camada":"cultivo_sequeiro","area_km2":0.1386,"fracao_cobertura_celula":0.1386},"geometry":{"type":"Polygon","coordinates":[[[33.564784,-16.035593],[33.564758,-16.026553],[33.555411,-16.026577],[33.555436,-16.035617],[33.564784,-16.035593]]]}},{"type":"Feature","properties":{"ano":2025,"camada":"cultivo_sequeiro","area_km2":0.0477,"fracao_cobertura_celula":0.0477},"geometry":{"type":"Polygon","coordinates":[[[33.564758,-16.026553],[33.564733,-16.017513],[33.555386,-16.017537],[33.555411,-16.026577],[33.564758,-16.026553]]]}},{"type":"Feature","properties":{"ano":2025,"camada":"cultivo_sequeiro","area_km2":0.1485,"fracao_cobertura_celula":0.1485},"geometry":{"type":"Polygon","coordinates":[[[33.564733,-16.017513],[33.564708,-16.008473],[33.555361,-16.008497],[33.555386,-16.017537],[33.564733,-16.017513]]]}},{"type":"Feature","properties":{"ano":2025,"camada":"cultivo_sequeiro","area_km2":0.3033,"fracao_cobertura_celula":0.3033},"geometry":{"type":"Polygon","coordinates":[[[33.564708,-16.008473],[33.564682,-15.999433],[33.555336,-15.999457],[33.555361,-16.008497],[33.564708,-16.008473]]]}},{"type":"Feature","properties":{"ano":2025,"camada":"cultivo_sequeiro","area_km2":0.0126,"fracao_cobertura_celula":0.0126},"geometry":{"type":"Polygon","coordinates":[[[33.575047,-16.351961],[33.575021,-16.342921],[33.565659,-16.342946],[33.565685,-16.351986],[33.575047,-16.351961]]]}},{"type":"Feature","properties":{"ano":2025,"camada":"cultivo_sequeiro","area_km2":0.0279,"fracao_cobertura_celula":0.0279},"geometry":{"type":"Polygon","coordinates":[[[33.575021,-16.342921],[33.574995,-16.333881],[33.565633,-16.333907],[33.565659,-16.342946],[33.575021,-16.342921]]]}},{"type":"Feature","properties":{"ano":2025,"camada":"cultivo_sequeiro","area_km2":0.0747,"fracao_cobertura_celula":0.0747},"geometry":{"type":"Polygon","coordinates":[[[33.574995,-16.333881],[33.574968,-16.324842],[33.565607,-16.324867],[33.565633,-16.333907],[33.574995,-16.333881]]]}},{"type":"Feature","properties":{"ano":2025,"camada":"cultivo_sequeiro","area_km2":0.2295,"fracao_cobertura_celula":0.2295},"geometry":{"type":"Polygon","coordinates":[[[33.574968,-16.324842],[33.574942,-16.315802],[33.565581,-16.315827],[33.565607,-16.324867],[33.574968,-16.324842]]]}},{"type":"Feature","properties":{"ano":2025,"camada":"cultivo_sequeiro","area_km2":0.1143,"fracao_cobertura_celula":0.1143},"geometry":{"type":"Polygon","coordinates":[[[33.574942,-16.315802],[33.574915,-16.306762],[33.565555,-16.306788],[33.565581,-16.315827],[33.574942,-16.315802]]]}},{"type":"Feature","properties":{"ano":2025,"camada":"cultivo_sequeiro","area_km2":0.1206,"fracao_cobertura_celula":0.1206},"geometry":{"type":"Polygon","coordinates":[[[33.574915,-16.306762],[33.574889,-16.297723],[33.565529,-16.297748],[33.565555,-16.306788],[33.574915,-16.306762]]]}},{"type":"Feature","properties":{"ano":2025,"camada":"cultivo_sequeiro","area_km2":0.153,"fracao_cobertura_celula":0.153},"geometry":{"type":"Polygon","coordinates":[[[33.574889,-16.297723],[33.574863,-16.288683],[33.565503,-16.288708],[33.565529,-16.297748],[33.574889,-16.297723]]]}},{"type":"Feature","properties":{"ano":2025,"camada":"cultivo_sequeiro","area_km2":2.3859,"fracao_cobertura_celula":2.3859},"geometry":{"type":"Polygon","coordinates":[[[33.574863,-16.288683],[33.574836,-16.279643],[33.565477,-16.279668],[33.565503,-16.288708],[33.574863,-16.288683]]]}},{"type":"Feature","properties":{"ano":2025,"camada":"cultivo_sequeiro","area_km2":0.0099,"fracao_cobertura_celula":0.0099},"geometry":{"type":"Polygon","coordinates":[[[33.574836,-16.279643],[33.57481,-16.270603],[33.565451,-16.270629],[33.565477,-16.279668],[33.574836,-16.279643]]]}},{"type":"Feature","properties":{"ano":2025,"camada":"cultivo_sequeiro","area_km2":0.2367,"fracao_cobertura_celula":0.2367},"geometry":{"type":"Polygon","coordinates":[[[33.57481,-16.270603],[33.574784,-16.261564],[33.565425,-16.261589],[33.565451,-16.270629],[33.57481,-16.270603]]]}},{"type":"Feature","properties":{"ano":2025,"camada":"cultivo_sequeiro","area_km2":0.207,"fracao_cobertura_celula":0.207},"geometry":{"type":"Polygon","coordinates":[[[33.574784,-16.261564],[33.574757,-16.252524],[33.565399,-16.252549],[33.565425,-16.261589],[33.574784,-16.261564]]]}},{"type":"Feature","properties":{"ano":2025,"camada":"cultivo_sequeiro","area_km2":0.1935,"fracao_cobertura_celula":0.1935},"geometry":{"type":"Polygon","coordinates":[[[33.574757,-16.252524],[33.574731,-16.243484],[33.565374,-16.243509],[33.565399,-16.252549],[33.574757,-16.252524]]]}},{"type":"Feature","properties":{"ano":2025,"camada":"cultivo_sequeiro","area_km2":0.2736,"fracao_cobertura_celula":0.2736},"geometry":{"type":"Polygon","coordinates":[[[33.574731,-16.243484],[33.574705,-16.234444],[33.565348,-16.23447],[33.565374,-16.243509],[33.574731,-16.243484]]]}},{"type":"Feature","properties":{"ano":2025,"camada":"cultivo_sequeiro","area_km2":0.2862,"fracao_cobertura_celula":0.2862},"geometry":{"type":"Polygon","coordinates":[[[33.574705,-16.234444],[33.574679,-16.225405],[33.565322,-16.22543],[33.565348,-16.23447],[33.574705,-16.234444]]]}},{"type":"Feature","properties":{"ano":2025,"camada":"cultivo_sequeiro","area_km2":0.1827,"fracao_cobertura_celula":0.1827},"geometry":{"type":"Polygon","coordinates":[[[33.574679,-16.225405],[33.574652,-16.216365],[33.565296,-16.21639],[33.565322,-16.22543],[33.574679,-16.225405]]]}},{"type":"Feature","properties":{"ano":2025,"camada":"cultivo_sequeiro","area_km2":0.1026,"fracao_cobertura_celula":0.1026},"geometry":{"type":"Polygon","coordinates":[[[33.574652,-16.216365],[33.574626,-16.207325],[33.56527,-16.20735],[33.565296,-16.21639],[33.574652,-16.216365]]]}},{"type":"Feature","properties":{"ano":2025,"camada":"cultivo_sequeiro","area_km2":0.9891,"fracao_cobertura_celula":0.9891},"geometry":{"type":"Polygon","coordinates":[[[33.574626,-16.207325],[33.5746,-16.198285],[33.565245,-16.19831],[33.56527,-16.20735],[33.574626,-16.207325]]]}},{"type":"Feature","properties":{"ano":2025,"camada":"cultivo_sequeiro","area_km2":0.1188,"fracao_cobertura_celula":0.1188},"geometry":{"type":"Polygon","coordinates":[[[33.5746,-16.198285],[33.574574,-16.189246],[33.565219,-16.189271],[33.565245,-16.19831],[33.5746,-16.198285]]]}},{"type":"Feature","properties":{"ano":2025,"camada":"cultivo_sequeiro","area_km2":0.0045,"fracao_cobertura_celula":0.0045},"geometry":{"type":"Polygon","coordinates":[[[33.574522,-16.171166],[33.574495,-16.162126],[33.565142,-16.162151],[33.565168,-16.171191],[33.574522,-16.171166]]]}},{"type":"Feature","properties":{"ano":2025,"camada":"cultivo_sequeiro","area_km2":0.0711,"fracao_cobertura_celula":0.0711},"geometry":{"type":"Polygon","coordinates":[[[33.574495,-16.162126],[33.574469,-16.153086],[33.565116,-16.153111],[33.565142,-16.162151],[33.574495,-16.162126]]]}},{"type":"Feature","properties":{"ano":2025,"camada":"cultivo_sequeiro","area_km2":0.0072,"fracao_cobertura_celula":0.0072},"geometry":{"type":"Polygon","coordinates":[[[33.574469,-16.153086],[33.574443,-16.144047],[33.565091,-16.144072],[33.565116,-16.153111],[33.574469,-16.153086]]]}},{"type":"Feature","properties":{"ano":2025,"camada":"cultivo_sequeiro","area_km2":0.0036,"fracao_cobertura_celula":0.0036},"geometry":{"type":"Polygon","coordinates":[[[33.574443,-16.144047],[33.574417,-16.135007],[33.565065,-16.135032],[33.565091,-16.144072],[33.574443,-16.144047]]]}},{"type":"Feature","properties":{"ano":2025,"camada":"cultivo_sequeiro","area_km2":0.0135,"fracao_cobertura_celula":0.0135},"geometry":{"type":"Polygon","coordinates":[[[33.574417,-16.135007],[33.574391,-16.125967],[33.565039,-16.125992],[33.565065,-16.135032],[33.574417,-16.135007]]]}},{"type":"Feature","properties":{"ano":2025,"camada":"cultivo_sequeiro","area_km2":0.0261,"fracao_cobertura_celula":0.0261},"geometry":{"type":"Polygon","coordinates":[[[33.574391,-16.125967],[33.574365,-16.116927],[33.565014,-16.116952],[33.565039,-16.125992],[33.574391,-16.125967]]]}},{"type":"Feature","properties":{"ano":2025,"camada":"cultivo_sequeiro","area_km2":0.1188,"fracao_cobertura_celula":0.1188},"geometry":{"type":"Polygon","coordinates":[[[33.574313,-16.098847],[33.574287,-16.089807],[33.564937,-16.089832],[33.564962,-16.098872],[33.574313,-16.098847]]]}},{"type":"Feature","properties":{"ano":2025,"camada":"cultivo_sequeiro","area_km2":0.1278,"fracao_cobertura_celula":0.1278},"geometry":{"type":"Polygon","coordinates":[[[33.574287,-16.089807],[33.574261,-16.080768],[33.564911,-16.080792],[33.564937,-16.089832],[33.574287,-16.089807]]]}},{"type":"Feature","properties":{"ano":2025,"camada":"cultivo_sequeiro","area_km2":0.3726,"fracao_cobertura_celula":0.3726},"geometry":{"type":"Polygon","coordinates":[[[33.574261,-16.080768],[33.574235,-16.071728],[33.564886,-16.071752],[33.564911,-16.080792],[33.574261,-16.080768]]]}},{"type":"Feature","properties":{"ano":2025,"camada":"cultivo_sequeiro","area_km2":0.2106,"fracao_cobertura_celula":0.2106},"geometry":{"type":"Polygon","coordinates":[[[33.574235,-16.071728],[33.574209,-16.062688],[33.56486,-16.062713],[33.564886,-16.071752],[33.574235,-16.071728]]]}},{"type":"Feature","properties":{"ano":2025,"camada":"cultivo_sequeiro","area_km2":0.054,"fracao_cobertura_celula":0.054},"geometry":{"type":"Polygon","coordinates":[[[33.574209,-16.062688],[33.574183,-16.053648],[33.564835,-16.053673],[33.56486,-16.062713],[33.574209,-16.062688]]]}},{"type":"Feature","properties":{"ano":2025,"camada":"cultivo_sequeiro","area_km2":0.2574,"fracao_cobertura_celula":0.2574},"geometry":{"type":"Polygon","coordinates":[[[33.574183,-16.053648],[33.574158,-16.044608],[33.564809,-16.044633],[33.564835,-16.053673],[33.574183,-16.053648]]]}},{"type":"Feature","properties":{"ano":2025,"camada":"cultivo_sequeiro","area_km2":0.4473,"fracao_cobertura_celula":0.4473},"geometry":{"type":"Polygon","coordinates":[[[33.574158,-16.044608],[33.574132,-16.035568],[33.564784,-16.035593],[33.564809,-16.044633],[33.574158,-16.044608]]]}},{"type":"Feature","properties":{"ano":2025,"camada":"cultivo_sequeiro","area_km2":0.036,"fracao_cobertura_celula":0.036},"geometry":{"type":"Polygon","coordinates":[[[33.574132,-16.035568],[33.574106,-16.026528],[33.564758,-16.026553],[33.564784,-16.035593],[33.574132,-16.035568]]]}},{"type":"Feature","properties":{"ano":2025,"camada":"cultivo_sequeiro","area_km2":0.0666,"fracao_cobertura_celula":0.0666},"geometry":{"type":"Polygon","coordinates":[[[33.574106,-16.026528],[33.57408,-16.017488],[33.564733,-16.017513],[33.564758,-16.026553],[33.574106,-16.026528]]]}},{"type":"Feature","properties":{"ano":2025,"camada":"cultivo_sequeiro","area_km2":2.5524,"fracao_cobertura_celula":2.5524},"geometry":{"type":"Polygon","coordinates":[[[33.57408,-16.017488],[33.574054,-16.008448],[33.564708,-16.008473],[33.564733,-16.017513],[33.57408,-16.017488]]]}},{"type":"Feature","properties":{"ano":2025,"camada":"cultivo_sequeiro","area_km2":0.0774,"fracao_cobertura_celula":0.0774},"geometry":{"type":"Polygon","coordinates":[[[33.574054,-16.008448],[33.574028,-15.999408],[33.564682,-15.999433],[33.564708,-16.008473],[33.574054,-16.008448]]]}},{"type":"Feature","properties":{"ano":2025,"camada":"cultivo_sequeiro","area_km2":0.0378,"fracao_cobertura_celula":0.0378},"geometry":{"type":"Polygon","coordinates":[[[33.58441,-16.351935],[33.584383,-16.342895],[33.575021,-16.342921],[33.575047,-16.351961],[33.58441,-16.351935]]]}},{"type":"Feature","properties":{"ano":2025,"camada":"cultivo_sequeiro","area_km2":0.0531,"fracao_cobertura_celula":0.0531},"geometry":{"type":"Polygon","coordinates":[[[33.584383,-16.342895],[33.584356,-16.333856],[33.574995,-16.333881],[33.575021,-16.342921],[33.584383,-16.342895]]]}},{"type":"Feature","properties":{"ano":2025,"camada":"cultivo_sequeiro","area_km2":0.0252,"fracao_cobertura_celula":0.0252},"geometry":{"type":"Polygon","coordinates":[[[33.584356,-16.333856],[33.584329,-16.324816],[33.574968,-16.324842],[33.574995,-16.333881],[33.584356,-16.333856]]]}},{"type":"Feature","properties":{"ano":2025,"camada":"cultivo_sequeiro","area_km2":0.3123,"fracao_cobertura_celula":0.3123},"geometry":{"type":"Polygon","coordinates":[[[33.584329,-16.324816],[33.584303,-16.315776],[33.574942,-16.315802],[33.574968,-16.324842],[33.584329,-16.324816]]]}},{"type":"Feature","properties":{"ano":2025,"camada":"cultivo_sequeiro","area_km2":0.1287,"fracao_cobertura_celula":0.1287},"geometry":{"type":"Polygon","coordinates":[[[33.584303,-16.315776],[33.584276,-16.306737],[33.574915,-16.306762],[33.574942,-16.315802],[33.584303,-16.315776]]]}},{"type":"Feature","properties":{"ano":2025,"camada":"cultivo_sequeiro","area_km2":0.8595,"fracao_cobertura_celula":0.8595},"geometry":{"type":"Polygon","coordinates":[[[33.584276,-16.306737],[33.584249,-16.297697],[33.574889,-16.297723],[33.574915,-16.306762],[33.584276,-16.306737]]]}},{"type":"Feature","properties":{"ano":2025,"camada":"cultivo_sequeiro","area_km2":0.036,"fracao_cobertura_celula":0.036},"geometry":{"type":"Polygon","coordinates":[[[33.584249,-16.297697],[33.584222,-16.288657],[33.574863,-16.288683],[33.574889,-16.297723],[33.584249,-16.297697]]]}},{"type":"Feature","properties":{"ano":2025,"camada":"cultivo_sequeiro","area_km2":0.036,"fracao_cobertura_celula":0.036},"geometry":{"type":"Polygon","coordinates":[[[33.584222,-16.288657],[33.584195,-16.279618],[33.574836,-16.279643],[33.574863,-16.288683],[33.584222,-16.288657]]]}},{"type":"Feature","properties":{"ano":2025,"camada":"cultivo_sequeiro","area_km2":0.0279,"fracao_cobertura_celula":0.0279},"geometry":{"type":"Polygon","coordinates":[[[33.584195,-16.279618],[33.584169,-16.270578],[33.57481,-16.270603],[33.574836,-16.279643],[33.584195,-16.279618]]]}},{"type":"Feature","properties":{"ano":2025,"camada":"cultivo_sequeiro","area_km2":0.4365,"fracao_cobertura_celula":0.4365},"geometry":{"type":"Polygon","coordinates":[[[33.584169,-16.270578],[33.584142,-16.261538],[33.574784,-16.261564],[33.57481,-16.270603],[33.584169,-16.270578]]]}},{"type":"Feature","properties":{"ano":2025,"camada":"cultivo_sequeiro","area_km2":0.3969,"fracao_cobertura_celula":0.3969},"geometry":{"type":"Polygon","coordinates":[[[33.584142,-16.261538],[33.584115,-16.252498],[33.574757,-16.252524],[33.574784,-16.261564],[33.584142,-16.261538]]]}},{"type":"Feature","properties":{"ano":2025,"camada":"cultivo_sequeiro","area_km2":0.5544,"fracao_cobertura_celula":0.5544},"geometry":{"type":"Polygon","coordinates":[[[33.584115,-16.252498],[33.584089,-16.243459],[33.574731,-16.243484],[33.574757,-16.252524],[33.584115,-16.252498]]]}},{"type":"Feature","properties":{"ano":2025,"camada":"cultivo_sequeiro","area_km2":0.1647,"fracao_cobertura_celula":0.1647},"geometry":{"type":"Polygon","coordinates":[[[33.584089,-16.243459],[33.584062,-16.234419],[33.574705,-16.234444],[33.574731,-16.243484],[33.584089,-16.243459]]]}},{"type":"Feature","properties":{"ano":2025,"camada":"cultivo_sequeiro","area_km2":0.1503,"fracao_cobertura_celula":0.1503},"geometry":{"type":"Polygon","coordinates":[[[33.584062,-16.234419],[33.584035,-16.225379],[33.574679,-16.225405],[33.574705,-16.234444],[33.584062,-16.234419]]]}},{"type":"Feature","properties":{"ano":2025,"camada":"cultivo_sequeiro","area_km2":0.0684,"fracao_cobertura_celula":0.0684},"geometry":{"type":"Polygon","coordinates":[[[33.584035,-16.225379],[33.584009,-16.216339],[33.574652,-16.216365],[33.574679,-16.225405],[33.584035,-16.225379]]]}},{"type":"Feature","properties":{"ano":2025,"camada":"cultivo_sequeiro","area_km2":0.0306,"fracao_cobertura_celula":0.0306},"geometry":{"type":"Polygon","coordinates":[[[33.584009,-16.216339],[33.583982,-16.2073],[33.574626,-16.207325],[33.574652,-16.216365],[33.584009,-16.216339]]]}},{"type":"Feature","properties":{"ano":2025,"camada":"cultivo_sequeiro","area_km2":0.0756,"fracao_cobertura_celula":0.0756},"geometry":{"type":"Polygon","coordinates":[[[33.583982,-16.2073],[33.583955,-16.19826],[33.5746,-16.198285],[33.574626,-16.207325],[33.583982,-16.2073]]]}},{"type":"Feature","properties":{"ano":2025,"camada":"cultivo_sequeiro","area_km2":0.1269,"fracao_cobertura_celula":0.1269},"geometry":{"type":"Polygon","coordinates":[[[33.583955,-16.19826],[33.583929,-16.18922],[33.574574,-16.189246],[33.5746,-16.198285],[33.583955,-16.19826]]]}},{"type":"Feature","properties":{"ano":2025,"camada":"cultivo_sequeiro","area_km2":0.0261,"fracao_cobertura_celula":0.0261},"geometry":{"type":"Polygon","coordinates":[[[33.583876,-16.171141],[33.583849,-16.162101],[33.574495,-16.162126],[33.574522,-16.171166],[33.583876,-16.171141]]]}},{"type":"Feature","properties":{"ano":2025,"camada":"cultivo_sequeiro","area_km2":0.0036,"fracao_cobertura_celula":0.0036},"geometry":{"type":"Polygon","coordinates":[[[33.583849,-16.162101],[33.583823,-16.153061],[33.574469,-16.153086],[33.574495,-16.162126],[33.583849,-16.162101]]]}},{"type":"Feature","properties":{"ano":2025,"camada":"cultivo_sequeiro","area_km2":0.0036,"fracao_cobertura_celula":0.0036},"geometry":{"type":"Polygon","coordinates":[[[33.583823,-16.153061],[33.583796,-16.144021],[33.574443,-16.144047],[33.574469,-16.153086],[33.583823,-16.153061]]]}},{"type":"Feature","properties":{"ano":2025,"camada":"cultivo_sequeiro","area_km2":0.0135,"fracao_cobertura_celula":0.0135},"geometry":{"type":"Polygon","coordinates":[[[33.583796,-16.144021],[33.58377,-16.134981],[33.574417,-16.135007],[33.574443,-16.144047],[33.583796,-16.144021]]]}},{"type":"Feature","properties":{"ano":2025,"camada":"cultivo_sequeiro","area_km2":0.0081,"fracao_cobertura_celula":0.0081},"geometry":{"type":"Polygon","coordinates":[[[33.58377,-16.134981],[33.583743,-16.125941],[33.574391,-16.125967],[33.574417,-16.135007],[33.58377,-16.134981]]]}},{"type":"Feature","properties":{"ano":2025,"camada":"cultivo_sequeiro","area_km2":0.0018,"fracao_cobertura_celula":0.0018},"geometry":{"type":"Polygon","coordinates":[[[33.583743,-16.125941],[33.583717,-16.116902],[33.574365,-16.116927],[33.574391,-16.125967],[33.583743,-16.125941]]]}},{"type":"Feature","properties":{"ano":2025,"camada":"cultivo_sequeiro","area_km2":0.0315,"fracao_cobertura_celula":0.0315},"geometry":{"type":"Polygon","coordinates":[[[33.583664,-16.098822],[33.583637,-16.089782],[33.574287,-16.089807],[33.574313,-16.098847],[33.583664,-16.098822]]]}},{"type":"Feature","properties":{"ano":2025,"camada":"cultivo_sequeiro","area_km2":0.0405,"fracao_cobertura_celula":0.0405},"geometry":{"type":"Polygon","coordinates":[[[33.583637,-16.089782],[33.583611,-16.080742],[33.574261,-16.080768],[33.574287,-16.089807],[33.583637,-16.089782]]]}},{"type":"Feature","properties":{"ano":2025,"camada":"cultivo_sequeiro","area_km2":0.1188,"fracao_cobertura_celula":0.1188},"geometry":{"type":"Polygon","coordinates":[[[33.583611,-16.080742],[33.583585,-16.071702],[33.574235,-16.071728],[33.574261,-16.080768],[33.583611,-16.080742]]]}},{"type":"Feature","properties":{"ano":2025,"camada":"cultivo_sequeiro","area_km2":0.0342,"fracao_cobertura_celula":0.0342},"geometry":{"type":"Polygon","coordinates":[[[33.583585,-16.071702],[33.583558,-16.062662],[33.574209,-16.062688],[33.574235,-16.071728],[33.583585,-16.071702]]]}},{"type":"Feature","properties":{"ano":2025,"camada":"cultivo_sequeiro","area_km2":0.1134,"fracao_cobertura_celula":0.1134},"geometry":{"type":"Polygon","coordinates":[[[33.583558,-16.062662],[33.583532,-16.053623],[33.574183,-16.053648],[33.574209,-16.062688],[33.583558,-16.062662]]]}},{"type":"Feature","properties":{"ano":2025,"camada":"cultivo_sequeiro","area_km2":0.4527,"fracao_cobertura_celula":0.4527},"geometry":{"type":"Polygon","coordinates":[[[33.583532,-16.053623],[33.583506,-16.044583],[33.574158,-16.044608],[33.574183,-16.053648],[33.583532,-16.053623]]]}},{"type":"Feature","properties":{"ano":2025,"camada":"cultivo_sequeiro","area_km2":0.3996,"fracao_cobertura_celula":0.3996},"geometry":{"type":"Polygon","coordinates":[[[33.583506,-16.044583],[33.583479,-16.035543],[33.574132,-16.035568],[33.574158,-16.044608],[33.583506,-16.044583]]]}},{"type":"Feature","properties":{"ano":2025,"camada":"cultivo_sequeiro","area_km2":0.0999,"fracao_cobertura_celula":0.0999},"geometry":{"type":"Polygon","coordinates":[[[33.583479,-16.035543],[33.583453,-16.026503],[33.574106,-16.026528],[33.574132,-16.035568],[33.583479,-16.035543]]]}},{"type":"Feature","properties":{"ano":2025,"camada":"cultivo_sequeiro","area_km2":0.0189,"fracao_cobertura_celula":0.0189},"geometry":{"type":"Polygon","coordinates":[[[33.583453,-16.026503],[33.583427,-16.017463],[33.57408,-16.017488],[33.574106,-16.026528],[33.583453,-16.026503]]]}},{"type":"Feature","properties":{"ano":2025,"camada":"cultivo_sequeiro","area_km2":0.0936,"fracao_cobertura_celula":0.0936},"geometry":{"type":"Polygon","coordinates":[[[33.583427,-16.017463],[33.583401,-16.008423],[33.574054,-16.008448],[33.57408,-16.017488],[33.583427,-16.017463]]]}},{"type":"Feature","properties":{"ano":2025,"camada":"cultivo_sequeiro","area_km2":0.1179,"fracao_cobertura_celula":0.1179},"geometry":{"type":"Polygon","coordinates":[[[33.583401,-16.008423],[33.583374,-15.999383],[33.574028,-15.999408],[33.574054,-16.008448],[33.583401,-16.008423]]]}},{"type":"Feature","properties":{"ano":2025,"camada":"cultivo_sequeiro","area_km2":0.0549,"fracao_cobertura_celula":0.0549},"geometry":{"type":"Polygon","coordinates":[[[33.593773,-16.351909],[33.593745,-16.342869],[33.584383,-16.342895],[33.58441,-16.351935],[33.593773,-16.351909]]]}},{"type":"Feature","properties":{"ano":2025,"camada":"cultivo_sequeiro","area_km2":0.2214,"fracao_cobertura_celula":0.2214},"geometry":{"type":"Polygon","coordinates":[[[33.593745,-16.342869],[33.593718,-16.333829],[33.584356,-16.333856],[33.584383,-16.342895],[33.593745,-16.342869]]]}},{"type":"Feature","properties":{"ano":2025,"camada":"cultivo_sequeiro","area_km2":0.0873,"fracao_cobertura_celula":0.0873},"geometry":{"type":"Polygon","coordinates":[[[33.593718,-16.333829],[33.593691,-16.32479],[33.584329,-16.324816],[33.584356,-16.333856],[33.593718,-16.333829]]]}},{"type":"Feature","properties":{"ano":2025,"camada":"cultivo_sequeiro","area_km2":0.0162,"fracao_cobertura_celula":0.0162},"geometry":{"type":"Polygon","coordinates":[[[33.593691,-16.32479],[33.593663,-16.31575],[33.584303,-16.315776],[33.584329,-16.324816],[33.593691,-16.32479]]]}},{"type":"Feature","properties":{"ano":2025,"camada":"cultivo_sequeiro","area_km2":0.3672,"fracao_cobertura_celula":0.3672},"geometry":{"type":"Polygon","coordinates":[[[33.593663,-16.31575],[33.593636,-16.306711],[33.584276,-16.306737],[33.584303,-16.315776],[33.593663,-16.31575]]]}},{"type":"Feature","properties":{"ano":2025,"camada":"cultivo_sequeiro","area_km2":0.3699,"fracao_cobertura_celula":0.3699},"geometry":{"type":"Polygon","coordinates":[[[33.593636,-16.306711],[33.593609,-16.297671],[33.584249,-16.297697],[33.584276,-16.306737],[33.593636,-16.306711]]]}},{"type":"Feature","properties":{"ano":2025,"camada":"cultivo_sequeiro","area_km2":0.0864,"fracao_cobertura_celula":0.0864},"geometry":{"type":"Polygon","coordinates":[[[33.593609,-16.297671],[33.593582,-16.288631],[33.584222,-16.288657],[33.584249,-16.297697],[33.593609,-16.297671]]]}},{"type":"Feature","properties":{"ano":2025,"camada":"cultivo_sequeiro","area_km2":0.747,"fracao_cobertura_celula":0.747},"geometry":{"type":"Polygon","coordinates":[[[33.593582,-16.288631],[33.593555,-16.279591],[33.584195,-16.279618],[33.584222,-16.288657],[33.593582,-16.288631]]]}},{"type":"Feature","properties":{"ano":2025,"camada":"cultivo_sequeiro","area_km2":0.0513,"fracao_cobertura_celula":0.0513},"geometry":{"type":"Polygon","coordinates":[[[33.593555,-16.279591],[33.593527,-16.270552],[33.584169,-16.270578],[33.584195,-16.279618],[33.593555,-16.279591]]]}},{"type":"Feature","properties":{"ano":2025,"camada":"cultivo_sequeiro","area_km2":0.2133,"fracao_cobertura_celula":0.2133},"geometry":{"type":"Polygon","coordinates":[[[33.593527,-16.270552],[33.5935,-16.261512],[33.584142,-16.261538],[33.584169,-16.270578],[33.593527,-16.270552]]]}},{"type":"Feature","properties":{"ano":2025,"camada":"cultivo_sequeiro","area_km2":0.1737,"fracao_cobertura_celula":0.1737},"geometry":{"type":"Polygon","coordinates":[[[33.5935,-16.261512],[33.593473,-16.252472],[33.584115,-16.252498],[33.584142,-16.261538],[33.5935,-16.261512]]]}},{"type":"Feature","properties":{"ano":2025,"camada":"cultivo_sequeiro","area_km2":0.1134,"fracao_cobertura_celula":0.1134},"geometry":{"type":"Polygon","coordinates":[[[33.593473,-16.252472],[33.593446,-16.243433],[33.584089,-16.243459],[33.584115,-16.252498],[33.593473,-16.252472]]]}},{"type":"Feature","properties":{"ano":2025,"camada":"cultivo_sequeiro","area_km2":0.9036,"fracao_cobertura_celula":0.9036},"geometry":{"type":"Polygon","coordinates":[[[33.593446,-16.243433],[33.593419,-16.234393],[33.584062,-16.234419],[33.584089,-16.243459],[33.593446,-16.243433]]]}},{"type":"Feature","properties":{"ano":2025,"camada":"cultivo_sequeiro","area_km2":0.0378,"fracao_cobertura_celula":0.0378},"geometry":{"type":"Polygon","coordinates":[[[33.593419,-16.234393],[33.593392,-16.225353],[33.584035,-16.225379],[33.584062,-16.234419],[33.593419,-16.234393]]]}},{"type":"Feature","properties":{"ano":2025,"camada":"cultivo_sequeiro","area_km2":0.0036,"fracao_cobertura_celula":0.0036},"geometry":{"type":"Polygon","coordinates":[[[33.593392,-16.225353],[33.593365,-16.216313],[33.584009,-16.216339],[33.584035,-16.225379],[33.593392,-16.225353]]]}},{"type":"Feature","properties":{"ano":2025,"camada":"cultivo_sequeiro","area_km2":0.0009,"fracao_cobertura_celula":0.0009},"geometry":{"type":"Polygon","coordinates":[[[33.593365,-16.216313],[33.593338,-16.207274],[33.583982,-16.2073],[33.584009,-16.216339],[33.593365,-16.216313]]]}},{"type":"Feature","properties":{"ano":2025,"camada":"cultivo_sequeiro","area_km2":0.0108,"fracao_cobertura_celula":0.0108},"geometry":{"type":"Polygon","coordinates":[[[33.593338,-16.207274],[33.593311,-16.198234],[33.583955,-16.19826],[33.583982,-16.2073],[33.593338,-16.207274]]]}},{"type":"Feature","properties":{"ano":2025,"camada":"cultivo_sequeiro","area_km2":0.0126,"fracao_cobertura_celula":0.0126},"geometry":{"type":"Polygon","coordinates":[[[33.593311,-16.198234],[33.593284,-16.189194],[33.583929,-16.18922],[33.583955,-16.19826],[33.593311,-16.198234]]]}},{"type":"Feature","properties":{"ano":2025,"camada":"cultivo_sequeiro","area_km2":0.0792,"fracao_cobertura_celula":0.0792},"geometry":{"type":"Polygon","coordinates":[[[33.593257,-16.180154],[33.59323,-16.171115],[33.583876,-16.171141],[33.583902,-16.18018],[33.593257,-16.180154]]]}},{"type":"Feature","properties":{"ano":2025,"camada":"cultivo_sequeiro","area_km2":0.0414,"fracao_cobertura_celula":0.0414},"geometry":{"type":"Polygon","coordinates":[[[33.593176,-16.153035],[33.593149,-16.143995],[33.583796,-16.144021],[33.583823,-16.153061],[33.593176,-16.153035]]]}},{"type":"Feature","properties":{"ano":2025,"camada":"cultivo_sequeiro","area_km2":0.0225,"fracao_cobertura_celula":0.0225},"geometry":{"type":"Polygon","coordinates":[[[33.593149,-16.143995],[33.593122,-16.134956],[33.58377,-16.134981],[33.583796,-16.144021],[33.593149,-16.143995]]]}},{"type":"Feature","properties":{"ano":2025,"camada":"cultivo_sequeiro","area_km2":0.0081,"fracao_cobertura_celula":0.0081},"geometry":{"type":"Polygon","coordinates":[[[33.593122,-16.134956],[33.593095,-16.125916],[33.583743,-16.125941],[33.58377,-16.134981],[33.593122,-16.134956]]]}},{"type":"Feature","properties":{"ano":2025,"camada":"cultivo_sequeiro","area_km2":0.009,"fracao_cobertura_celula":0.009},"geometry":{"type":"Polygon","coordinates":[[[33.593041,-16.107836],[33.593014,-16.098796],[33.583664,-16.098822],[33.58369,-16.107862],[33.593041,-16.107836]]]}},{"type":"Feature","properties":{"ano":2025,"camada":"cultivo_sequeiro","area_km2":0.0774,"fracao_cobertura_celula":0.0774},"geometry":{"type":"Polygon","coordinates":[[[33.593014,-16.098796],[33.592988,-16.089756],[33.583637,-16.089782],[33.583664,-16.098822],[33.593014,-16.098796]]]}},{"type":"Feature","properties":{"ano":2025,"camada":"cultivo_sequeiro","area_km2":0.0243,"fracao_cobertura_celula":0.0243},"geometry":{"type":"Polygon","coordinates":[[[33.592988,-16.089756],[33.592961,-16.080716],[33.583611,-16.080742],[33.583637,-16.089782],[33.592988,-16.089756]]]}},{"type":"Feature","properties":{"ano":2025,"camada":"cultivo_sequeiro","area_km2":0.0279,"fracao_cobertura_celula":0.0279},"geometry":{"type":"Polygon","coordinates":[[[33.592961,-16.080716],[33.592934,-16.071677],[33.583585,-16.071702],[33.583611,-16.080742],[33.592961,-16.080716]]]}},{"type":"Feature","properties":{"ano":2025,"camada":"cultivo_sequeiro","area_km2":0.0072,"fracao_cobertura_celula":0.0072},"geometry":{"type":"Polygon","coordinates":[[[33.592934,-16.071677],[33.592907,-16.062637],[33.583558,-16.062662],[33.583585,-16.071702],[33.592934,-16.071677]]]}},{"type":"Feature","properties":{"ano":2025,"camada":"cultivo_sequeiro","area_km2":0.0747,"fracao_cobertura_celula":0.0747},"geometry":{"type":"Polygon","coordinates":[[[33.592907,-16.062637],[33.59288,-16.053597],[33.583532,-16.053623],[33.583558,-16.062662],[33.592907,-16.062637]]]}},{"type":"Feature","properties":{"ano":2025,"camada":"cultivo_sequeiro","area_km2":0.0954,"fracao_cobertura_celula":0.0954},"geometry":{"type":"Polygon","coordinates":[[[33.59288,-16.053597],[33.592854,-16.044557],[33.583506,-16.044583],[33.583532,-16.053623],[33.59288,-16.053597]]]}},{"type":"Feature","properties":{"ano":2025,"camada":"cultivo_sequeiro","area_km2":1.1457,"fracao_cobertura_celula":1.1457},"geometry":{"type":"Polygon","coordinates":[[[33.592854,-16.044557],[33.592827,-16.035517],[33.583479,-16.035543],[33.583506,-16.044583],[33.592854,-16.044557]]]}},{"type":"Feature","properties":{"ano":2025,"camada":"cultivo_sequeiro","area_km2":0.0756,"fracao_cobertura_celula":0.0756},"geometry":{"type":"Polygon","coordinates":[[[33.592827,-16.035517],[33.5928,-16.026477],[33.583453,-16.026503],[33.583479,-16.035543],[33.592827,-16.035517]]]}},{"type":"Feature","properties":{"ano":2025,"camada":"cultivo_sequeiro","area_km2":0.2925,"fracao_cobertura_celula":0.2925},"geometry":{"type":"Polygon","coordinates":[[[33.5928,-16.026477],[33.592774,-16.017437],[33.583427,-16.017463],[33.583453,-16.026503],[33.5928,-16.026477]]]}},{"type":"Feature","properties":{"ano":2025,"camada":"cultivo_sequeiro","area_km2":0.0909,"fracao_cobertura_celula":0.0909},"geometry":{"type":"Polygon","coordinates":[[[33.592774,-16.017437],[33.592747,-16.008397],[33.583401,-16.008423],[33.583427,-16.017463],[33.592774,-16.017437]]]}},{"type":"Feature","properties":{"ano":2025,"camada":"cultivo_sequeiro","area_km2":0.2565,"fracao_cobertura_celula":0.2565},"geometry":{"type":"Polygon","coordinates":[[[33.592747,-16.008397],[33.59272,-15.999357],[33.583374,-15.999383],[33.583401,-16.008423],[33.592747,-16.008397]]]}},{"type":"Feature","properties":{"ano":2025,"camada":"cultivo_sequeiro","area_km2":0.0495,"fracao_cobertura_celula":0.0495},"geometry":{"type":"Polygon","coordinates":[[[33.603135,-16.351882],[33.603107,-16.342843],[33.593745,-16.342869],[33.593773,-16.351909],[33.603135,-16.351882]]]}},{"type":"Feature","properties":{"ano":2025,"camada":"cultivo_sequeiro","area_km2":0.0243,"fracao_cobertura_celula":0.0243},"geometry":{"type":"Polygon","coordinates":[[[33.603107,-16.342843],[33.60308,-16.333803],[33.593718,-16.333829],[33.593745,-16.342869],[33.603107,-16.342843]]]}},{"type":"Feature","properties":{"ano":2025,"camada":"cultivo_sequeiro","area_km2":0.09,"fracao_cobertura_celula":0.09},"geometry":{"type":"Polygon","coordinates":[[[33.60308,-16.333803],[33.603052,-16.324763],[33.593691,-16.32479],[33.593718,-16.333829],[33.60308,-16.333803]]]}},{"type":"Feature","properties":{"ano":2025,"camada":"cultivo_sequeiro","area_km2":0.1998,"fracao_cobertura_celula":0.1998},"geometry":{"type":"Polygon","coordinates":[[[33.603052,-16.324763],[33.603024,-16.315724],[33.593663,-16.31575],[33.593691,-16.32479],[33.603052,-16.324763]]]}},{"type":"Feature","properties":{"ano":2025,"camada":"cultivo_sequeiro","area_km2":0.0225,"fracao_cobertura_celula":0.0225},"geometry":{"type":"Polygon","coordinates":[[[33.603024,-16.315724],[33.602997,-16.306684],[33.593636,-16.306711],[33.593663,-16.31575],[33.603024,-16.315724]]]}},{"type":"Feature","properties":{"ano":2025,"camada":"cultivo_sequeiro","area_km2":0.9738,"fracao_cobertura_celula":0.9738},"geometry":{"type":"Polygon","coordinates":[[[33.602997,-16.306684],[33.602969,-16.297644],[33.593609,-16.297671],[33.593636,-16.306711],[33.602997,-16.306684]]]}},{"type":"Feature","properties":{"ano":2025,"camada":"cultivo_sequeiro","area_km2":0.0801,"fracao_cobertura_celula":0.0801},"geometry":{"type":"Polygon","coordinates":[[[33.602969,-16.297644],[33.602941,-16.288605],[33.593582,-16.288631],[33.593609,-16.297671],[33.602969,-16.297644]]]}},{"type":"Feature","properties":{"ano":2025,"camada":"cultivo_sequeiro","area_km2":0.0738,"fracao_cobertura_celula":0.0738},"geometry":{"type":"Polygon","coordinates":[[[33.602941,-16.288605],[33.602914,-16.279565],[33.593555,-16.279591],[33.593582,-16.288631],[33.602941,-16.288605]]]}},{"type":"Feature","properties":{"ano":2025,"camada":"cultivo_sequeiro","area_km2":0.018,"fracao_cobertura_celula":0.018},"geometry":{"type":"Polygon","coordinates":[[[33.602914,-16.279565],[33.602886,-16.270525],[33.593527,-16.270552],[33.593555,-16.279591],[33.602914,-16.279565]]]}},{"type":"Feature","properties":{"ano":2025,"camada":"cultivo_sequeiro","area_km2":0.0054,"fracao_cobertura_celula":0.0054},"geometry":{"type":"Polygon","coordinates":[[[33.602886,-16.270525],[33.602859,-16.261486],[33.5935,-16.261512],[33.593527,-16.270552],[33.602886,-16.270525]]]}},{"type":"Feature","properties":{"ano":2025,"camada":"cultivo_sequeiro","area_km2":0.9036,"fracao_cobertura_celula":0.9036},"geometry":{"type":"Polygon","coordinates":[[[33.602859,-16.261486],[33.602831,-16.252446],[33.593473,-16.252472],[33.5935,-16.261512],[33.602859,-16.261486]]]}},{"type":"Feature","properties":{"ano":2025,"camada":"cultivo_sequeiro","area_km2":0.0477,"fracao_cobertura_celula":0.0477},"geometry":{"type":"Polygon","coordinates":[[[33.602831,-16.252446],[33.602803,-16.243406],[33.593446,-16.243433],[33.593473,-16.252472],[33.602831,-16.252446]]]}},{"type":"Feature","properties":{"ano":2025,"camada":"cultivo_sequeiro","area_km2":0.0486,"fracao_cobertura_celula":0.0486},"geometry":{"type":"Polygon","coordinates":[[[33.602803,-16.243406],[33.602776,-16.234367],[33.593419,-16.234393],[33.593446,-16.243433],[33.602803,-16.243406]]]}},{"type":"Feature","properties":{"ano":2025,"camada":"cultivo_sequeiro","area_km2":0.0594,"fracao_cobertura_celula":0.0594},"geometry":{"type":"Polygon","coordinates":[[[33.602776,-16.234367],[33.602748,-16.225327],[33.593392,-16.225353],[33.593419,-16.234393],[33.602776,-16.234367]]]}},{"type":"Feature","properties":{"ano":2025,"camada":"cultivo_sequeiro","area_km2":0.0063,"fracao_cobertura_celula":0.0063},"geometry":{"type":"Polygon","coordinates":[[[33.602748,-16.225327],[33.602721,-16.216287],[33.593365,-16.216313],[33.593392,-16.225353],[33.602748,-16.225327]]]}},{"type":"Feature","properties":{"ano":2025,"camada":"cultivo_sequeiro","area_km2":0.0054,"fracao_cobertura_celula":0.0054},"geometry":{"type":"Polygon","coordinates":[[[33.602721,-16.216287],[33.602693,-16.207247],[33.593338,-16.207274],[33.593365,-16.216313],[33.602721,-16.216287]]]}},{"type":"Feature","properties":{"ano":2025,"camada":"cultivo_sequeiro","area_km2":0.0063,"fracao_cobertura_celula":0.0063},"geometry":{"type":"Polygon","coordinates":[[[33.602693,-16.207247],[33.602666,-16.198208],[33.593311,-16.198234],[33.593338,-16.207274],[33.602693,-16.207247]]]}},{"type":"Feature","properties":{"ano":2025,"camada":"cultivo_sequeiro","area_km2":0.0207,"fracao_cobertura_celula":0.0207},"geometry":{"type":"Polygon","coordinates":[[[33.602666,-16.198208],[33.602639,-16.189168],[33.593284,-16.189194],[33.593311,-16.198234],[33.602666,-16.198208]]]}},{"type":"Feature","properties":{"ano":2025,"camada":"cultivo_sequeiro","area_km2":0.0801,"fracao_cobertura_celula":0.0801},"geometry":{"type":"Polygon","coordinates":[[[33.602639,-16.189168],[33.602611,-16.180128],[33.593257,-16.180154],[33.593284,-16.189194],[33.602639,-16.189168]]]}},{"type":"Feature","properties":{"ano":2025,"camada":"cultivo_sequeiro","area_km2":0.027,"fracao_cobertura_celula":0.027},"geometry":{"type":"Polygon","coordinates":[[[33.602611,-16.180128],[33.602584,-16.171088],[33.59323,-16.171115],[33.593257,-16.180154],[33.602611,-16.180128]]]}},{"type":"Feature","properties":{"ano":2025,"camada":"cultivo_sequeiro","area_km2":0.0351,"fracao_cobertura_celula":0.0351},"geometry":{"type":"Polygon","coordinates":[[[33.602584,-16.171088],[33.602556,-16.162049],[33.593203,-16.162075],[33.59323,-16.171115],[33.602584,-16.171088]]]}},{"type":"Feature","properties":{"ano":2025,"camada":"cultivo_sequeiro","area_km2":0.0036,"fracao_cobertura_celula":0.0036},"geometry":{"type":"Polygon","coordinates":[[[33.602556,-16.162049],[33.602529,-16.153009],[33.593176,-16.153035],[33.593203,-16.162075],[33.602556,-16.162049]]]}},{"type":"Feature","properties":{"ano":2025,"camada":"cultivo_sequeiro","area_km2":0.0018,"fracao_cobertura_celula":0.0018},"geometry":{"type":"Polygon","coordinates":[[[33.602529,-16.153009],[33.602502,-16.143969],[33.593149,-16.143995],[33.593176,-16.153035],[33.602529,-16.153009]]]}},{"type":"Feature","properties":{"ano":2025,"camada":"cultivo_sequeiro","area_km2":0.0027,"fracao_cobertura_celula":0.0027},"geometry":{"type":"Polygon","coordinates":[[[33.602502,-16.143969],[33.602474,-16.134929],[33.593122,-16.134956],[33.593149,-16.143995],[33.602502,-16.143969]]]}},{"type":"Feature","properties":{"ano":2025,"camada":"cultivo_sequeiro","area_km2":0.0009,"fracao_cobertura_celula":0.0009},"geometry":{"type":"Polygon","coordinates":[[[33.602447,-16.125889],[33.60242,-16.11685],[33.593068,-16.116876],[33.593095,-16.125916],[33.602447,-16.125889]]]}},{"type":"Feature","properties":{"ano":2025,"camada":"cultivo_sequeiro","area_km2":0.0036,"fracao_cobertura_celula":0.0036},"geometry":{"type":"Polygon","coordinates":[[[33.60242,-16.11685],[33.602392,-16.10781],[33.593041,-16.107836],[33.593068,-16.116876],[33.60242,-16.11685]]]}},{"type":"Feature","properties":{"ano":2025,"camada":"cultivo_sequeiro","area_km2":0.0288,"fracao_cobertura_celula":0.0288},"geometry":{"type":"Polygon","coordinates":[[[33.602392,-16.10781],[33.602365,-16.09877],[33.593014,-16.098796],[33.593041,-16.107836],[33.602392,-16.10781]]]}},{"type":"Feature","properties":{"ano":2025,"camada":"cultivo_sequeiro","area_km2":0.126,"fracao_cobertura_celula":0.126},"geometry":{"type":"Polygon","coordinates":[[[33.602365,-16.09877],[33.602338,-16.08973],[33.592988,-16.089756],[33.593014,-16.098796],[33.602365,-16.09877]]]}},{"type":"Feature","properties":{"ano":2025,"camada":"cultivo_sequeiro","area_km2":0.036,"fracao_cobertura_celula":0.036},"geometry":{"type":"Polygon","coordinates":[[[33.602338,-16.08973],[33.602311,-16.08069],[33.592961,-16.080716],[33.592988,-16.089756],[33.602338,-16.08973]]]}},{"type":"Feature","properties":{"ano":2025,"camada":"cultivo_sequeiro","area_km2":0.0666,"fracao_cobertura_celula":0.0666},"geometry":{"type":"Polygon","coordinates":[[[33.602311,-16.08069],[33.602283,-16.071651],[33.592934,-16.071677],[33.592961,-16.080716],[33.602311,-16.08069]]]}},{"type":"Feature","properties":{"ano":2025,"camada":"cultivo_sequeiro","area_km2":0.2358,"fracao_cobertura_celula":0.2358},"geometry":{"type":"Polygon","coordinates":[[[33.602283,-16.071651],[33.602256,-16.062611],[33.592907,-16.062637],[33.592934,-16.071677],[33.602283,-16.071651]]]}},{"type":"Feature","properties":{"ano":2025,"camada":"cultivo_sequeiro","area_km2":0.1188,"fracao_cobertura_celula":0.1188},"geometry":{"type":"Polygon","coordinates":[[[33.602256,-16.062611],[33.602229,-16.053571],[33.59288,-16.053597],[33.592907,-16.062637],[33.602256,-16.062611]]]}},{"type":"Feature","properties":{"ano":2025,"camada":"cultivo_sequeiro","area_km2":0.0936,"fracao_cobertura_celula":0.0936},"geometry":{"type":"Polygon","coordinates":[[[33.602229,-16.053571],[33.602202,-16.044531],[33.592854,-16.044557],[33.59288,-16.053597],[33.602229,-16.053571]]]}},{"type":"Feature","properties":{"ano":2025,"camada":"cultivo_sequeiro","area_km2":0.1728,"fracao_cobertura_celula":0.1728},"geometry":{"type":"Polygon","coordinates":[[[33.602202,-16.044531],[33.602175,-16.035491],[33.592827,-16.035517],[33.592854,-16.044557],[33.602202,-16.044531]]]}},{"type":"Feature","properties":{"ano":2025,"camada":"cultivo_sequeiro","area_km2":0.0234,"fracao_cobertura_celula":0.0234},"geometry":{"type":"Polygon","coordinates":[[[33.602175,-16.035491],[33.602148,-16.026451],[33.5928,-16.026477],[33.592827,-16.035517],[33.602175,-16.035491]]]}},{"type":"Feature","properties":{"ano":2025,"camada":"cultivo_sequeiro","area_km2":0.0927,"fracao_cobertura_celula":0.0927},"geometry":{"type":"Polygon","coordinates":[[[33.602148,-16.026451],[33.60212,-16.017411],[33.592774,-16.017437],[33.5928,-16.026477],[33.602148,-16.026451]]]}},{"type":"Feature","properties":{"ano":2025,"camada":"cultivo_sequeiro","area_km2":0.0018,"fracao_cobertura_celula":0.0018},"geometry":{"type":"Polygon","coordinates":[[[33.60212,-16.017411],[33.602093,-16.008371],[33.592747,-16.008397],[33.592774,-16.017437],[33.60212,-16.017411]]]}},{"type":"Feature","properties":{"ano":2025,"camada":"cultivo_sequeiro","area_km2":0.0666,"fracao_cobertura_celula":0.0666},"geometry":{"type":"Polygon","coordinates":[[[33.602093,-16.008371],[33.602066,-15.999331],[33.59272,-15.999357],[33.592747,-16.008397],[33.602093,-16.008371]]]}},{"type":"Feature","properties":{"ano":2025,"camada":"cultivo_sequeiro","area_km2":0.0108,"fracao_cobertura_celula":0.0108},"geometry":{"type":"Polygon","coordinates":[[[33.612498,-16.351855],[33.61247,-16.342816],[33.603107,-16.342843],[33.603135,-16.351882],[33.612498,-16.351855]]]}},{"type":"Feature","properties":{"ano":2025,"camada":"cultivo_sequeiro","area_km2":0.0054,"fracao_cobertura_celula":0.0054},"geometry":{"type":"Polygon","coordinates":[[[33.61247,-16.342816],[33.612441,-16.333776],[33.60308,-16.333803],[33.603107,-16.342843],[33.61247,-16.342816]]]}},{"type":"Feature","properties":{"ano":2025,"camada":"cultivo_sequeiro","area_km2":0.0081,"fracao_cobertura_celula":0.0081},"geometry":{"type":"Polygon","coordinates":[[[33.612441,-16.333776],[33.612413,-16.324736],[33.603052,-16.324763],[33.60308,-16.333803],[33.612441,-16.333776]]]}},{"type":"Feature","properties":{"ano":2025,"camada":"cultivo_sequeiro","area_km2":0.1836,"fracao_cobertura_celula":0.1836},"geometry":{"type":"Polygon","coordinates":[[[33.612413,-16.324736],[33.612385,-16.315697],[33.603024,-16.315724],[33.603052,-16.324763],[33.612413,-16.324736]]]}},{"type":"Feature","properties":{"ano":2025,"camada":"cultivo_sequeiro","area_km2":0.144,"fracao_cobertura_celula":0.144},"geometry":{"type":"Polygon","coordinates":[[[33.612385,-16.315697],[33.612357,-16.306657],[33.602997,-16.306684],[33.603024,-16.315724],[33.612385,-16.315697]]]}},{"type":"Feature","properties":{"ano":2025,"camada":"cultivo_sequeiro","area_km2":0.2241,"fracao_cobertura_celula":0.2241},"geometry":{"type":"Polygon","coordinates":[[[33.612357,-16.306657],[33.612329,-16.297617],[33.602969,-16.297644],[33.602997,-16.306684],[33.612357,-16.306657]]]}},{"type":"Feature","properties":{"ano":2025,"camada":"cultivo_sequeiro","area_km2":0.0693,"fracao_cobertura_celula":0.0693},"geometry":{"type":"Polygon","coordinates":[[[33.612329,-16.297617],[33.612301,-16.288578],[33.602941,-16.288605],[33.602969,-16.297644],[33.612329,-16.297617]]]}},{"type":"Feature","properties":{"ano":2025,"camada":"cultivo_sequeiro","area_km2":0.0135,"fracao_cobertura_celula":0.0135},"geometry":{"type":"Polygon","coordinates":[[[33.612301,-16.288578],[33.612273,-16.279538],[33.602914,-16.279565],[33.602941,-16.288605],[33.612301,-16.288578]]]}},{"type":"Feature","properties":{"ano":2025,"camada":"cultivo_sequeiro","area_km2":5.598,"fracao_cobertura_celula":5.598},"geometry":{"type":"Polygon","coordinates":[[[33.612273,-16.279538],[33.612245,-16.270499],[33.602886,-16.270525],[33.602914,-16.279565],[33.612273,-16.279538]]]}},{"type":"Feature","properties":{"ano":2025,"camada":"cultivo_sequeiro","area_km2":0.0036,"fracao_cobertura_celula":0.0036},"geometry":{"type":"Polygon","coordinates":[[[33.612245,-16.270499],[33.612217,-16.261459],[33.602859,-16.261486],[33.602886,-16.270525],[33.612245,-16.270499]]]}},{"type":"Feature","properties":{"ano":2025,"camada":"cultivo_sequeiro","area_km2":0.2988,"fracao_cobertura_celula":0.2988},"geometry":{"type":"Polygon","coordinates":[[[33.612217,-16.261459],[33.612189,-16.252419],[33.602831,-16.252446],[33.602859,-16.261486],[33.612217,-16.261459]]]}},{"type":"Feature","properties":{"ano":2025,"camada":"cultivo_sequeiro","area_km2":0.2709,"fracao_cobertura_celula":0.2709},"geometry":{"type":"Polygon","coordinates":[[[33.612189,-16.252419],[33.612161,-16.243379],[33.602803,-16.243406],[33.602831,-16.252446],[33.612189,-16.252419]]]}},{"type":"Feature","properties":{"ano":2025,"camada":"cultivo_sequeiro","area_km2":0.3888,"fracao_cobertura_celula":0.3888},"geometry":{"type":"Polygon","coordinates":[[[33.612161,-16.243379],[33.612133,-16.23434],[33.602776,-16.234367],[33.602803,-16.243406],[33.612161,-16.243379]]]}},{"type":"Feature","properties":{"ano":2025,"camada":"cultivo_sequeiro","area_km2":0.1323,"fracao_cobertura_celula":0.1323},"geometry":{"type":"Polygon","coordinates":[[[33.612133,-16.23434],[33.612105,-16.2253],[33.602748,-16.225327],[33.602776,-16.234367],[33.612133,-16.23434]]]}},{"type":"Feature","properties":{"ano":2025,"camada":"cultivo_sequeiro","area_km2":0.0981,"fracao_cobertura_celula":0.0981},"geometry":{"type":"Polygon","coordinates":[[[33.612105,-16.2253],[33.612077,-16.21626],[33.602721,-16.216287],[33.602748,-16.225327],[33.612105,-16.2253]]]}},{"type":"Feature","properties":{"ano":2025,"camada":"cultivo_sequeiro","area_km2":0.0081,"fracao_cobertura_celula":0.0081},"geometry":{"type":"Polygon","coordinates":[[[33.612077,-16.21626],[33.612049,-16.207221],[33.602693,-16.207247],[33.602721,-16.216287],[33.612077,-16.21626]]]}},{"type":"Feature","properties":{"ano":2025,"camada":"cultivo_sequeiro","area_km2":0.045,"fracao_cobertura_celula":0.045},"geometry":{"type":"Polygon","coordinates":[[[33.612049,-16.207221],[33.612021,-16.198181],[33.602666,-16.198208],[33.602693,-16.207247],[33.612049,-16.207221]]]}},{"type":"Feature","properties":{"ano":2025,"camada":"cultivo_sequeiro","area_km2":0.0216,"fracao_cobertura_celula":0.0216},"geometry":{"type":"Polygon","coordinates":[[[33.612021,-16.198181],[33.611993,-16.189141],[33.602639,-16.189168],[33.602666,-16.198208],[33.612021,-16.198181]]]}},{"type":"Feature","properties":{"ano":2025,"camada":"cultivo_sequeiro","area_km2":0.0117,"fracao_cobertura_celula":0.0117},"geometry":{"type":"Polygon","coordinates":[[[33.611993,-16.189141],[33.611966,-16.180101],[33.602611,-16.180128],[33.602639,-16.189168],[33.611993,-16.189141]]]}},{"type":"Feature","properties":{"ano":2025,"camada":"cultivo_sequeiro","area_km2":0.0045,"fracao_cobertura_celula":0.0045},"geometry":{"type":"Polygon","coordinates":[[[33.611966,-16.180101],[33.611938,-16.171062],[33.602584,-16.171088],[33.602611,-16.180128],[33.611966,-16.180101]]]}},{"type":"Feature","properties":{"ano":2025,"camada":"cultivo_sequeiro","area_km2":0.0333,"fracao_cobertura_celula":0.0333},"geometry":{"type":"Polygon","coordinates":[[[33.611938,-16.171062],[33.61191,-16.162022],[33.602556,-16.162049],[33.602584,-16.171088],[33.611938,-16.171062]]]}},{"type":"Feature","properties":{"ano":2025,"camada":"cultivo_sequeiro","area_km2":0.018,"fracao_cobertura_celula":0.018},"geometry":{"type":"Polygon","coordinates":[[[33.61191,-16.162022],[33.611882,-16.152982],[33.602529,-16.153009],[33.602556,-16.162049],[33.61191,-16.162022]]]}},{"type":"Feature","properties":{"ano":2025,"camada":"cultivo_sequeiro","area_km2":0.0063,"fracao_cobertura_celula":0.0063},"geometry":{"type":"Polygon","coordinates":[[[33.611854,-16.143942],[33.611827,-16.134903],[33.602474,-16.134929],[33.602502,-16.143969],[33.611854,-16.143942]]]}},{"type":"Feature","properties":{"ano":2025,"camada":"cultivo_sequeiro","area_km2":0.009,"fracao_cobertura_celula":0.009},"geometry":{"type":"Polygon","coordinates":[[[33.611827,-16.134903],[33.611799,-16.125863],[33.602447,-16.125889],[33.602474,-16.134929],[33.611827,-16.134903]]]}},{"type":"Feature","properties":{"ano":2025,"camada":"cultivo_sequeiro","area_km2":0.0576,"fracao_cobertura_celula":0.0576},"geometry":{"type":"Polygon","coordinates":[[[33.611771,-16.116823],[33.611743,-16.107783],[33.602392,-16.10781],[33.60242,-16.11685],[33.611771,-16.116823]]]}},{"type":"Feature","properties":{"ano":2025,"camada":"cultivo_sequeiro","area_km2":0.0288,"fracao_cobertura_celula":0.0288},"geometry":{"type":"Polygon","coordinates":[[[33.611743,-16.107783],[33.611716,-16.098743],[33.602365,-16.09877],[33.602392,-16.10781],[33.611743,-16.107783]]]}},{"type":"Feature","properties":{"ano":2025,"camada":"cultivo_sequeiro","area_km2":0.1557,"fracao_cobertura_celula":0.1557},"geometry":{"type":"Polygon","coordinates":[[[33.611716,-16.098743],[33.611688,-16.089704],[33.602338,-16.08973],[33.602365,-16.09877],[33.611716,-16.098743]]]}},{"type":"Feature","properties":{"ano":2025,"camada":"cultivo_sequeiro","area_km2":0.0666,"fracao_cobertura_celula":0.0666},"geometry":{"type":"Polygon","coordinates":[[[33.611688,-16.089704],[33.61166,-16.080664],[33.602311,-16.08069],[33.602338,-16.08973],[33.611688,-16.089704]]]}},{"type":"Feature","properties":{"ano":2025,"camada":"cultivo_sequeiro","area_km2":0.0549,"fracao_cobertura_celula":0.0549},"geometry":{"type":"Polygon","coordinates":[[[33.61166,-16.080664],[33.611633,-16.071624],[33.602283,-16.071651],[33.602311,-16.08069],[33.61166,-16.080664]]]}},{"type":"Feature","properties":{"ano":2025,"camada":"cultivo_sequeiro","area_km2":0.1701,"fracao_cobertura_celula":0.1701},"geometry":{"type":"Polygon","coordinates":[[[33.611633,-16.071624],[33.611605,-16.062584],[33.602256,-16.062611],[33.602283,-16.071651],[33.611633,-16.071624]]]}},{"type":"Feature","properties":{"ano":2025,"camada":"cultivo_sequeiro","area_km2":0.0522,"fracao_cobertura_celula":0.0522},"geometry":{"type":"Polygon","coordinates":[[[33.611605,-16.062584],[33.611577,-16.053544],[33.602229,-16.053571],[33.602256,-16.062611],[33.611605,-16.062584]]]}},{"type":"Feature","properties":{"ano":2025,"camada":"cultivo_sequeiro","area_km2":0.036,"fracao_cobertura_celula":0.036},"geometry":{"type":"Polygon","coordinates":[[[33.611577,-16.053544],[33.61155,-16.044504],[33.602202,-16.044531],[33.602229,-16.053571],[33.611577,-16.053544]]]}},{"type":"Feature","properties":{"ano":2025,"camada":"cultivo_sequeiro","area_km2":0.0765,"fracao_cobertura_celula":0.0765},"geometry":{"type":"Polygon","coordinates":[[[33.61155,-16.044504],[33.611522,-16.035465],[33.602175,-16.035491],[33.602202,-16.044531],[33.61155,-16.044504]]]}},{"type":"Feature","properties":{"ano":2025,"camada":"cultivo_sequeiro","area_km2":0.0585,"fracao_cobertura_celula":0.0585},"geometry":{"type":"Polygon","coordinates":[[[33.611522,-16.035465],[33.611495,-16.026425],[33.602148,-16.026451],[33.602175,-16.035491],[33.611522,-16.035465]]]}},{"type":"Feature","properties":{"ano":2025,"camada":"cultivo_sequeiro","area_km2":0.3906,"fracao_cobertura_celula":0.3906},"geometry":{"type":"Polygon","coordinates":[[[33.611495,-16.026425],[33.611467,-16.017385],[33.60212,-16.017411],[33.602148,-16.026451],[33.611495,-16.026425]]]}},{"type":"Feature","properties":{"ano":2025,"camada":"cultivo_sequeiro","area_km2":0.009,"fracao_cobertura_celula":0.009},"geometry":{"type":"Polygon","coordinates":[[[33.61144,-16.008345],[33.611412,-15.999305],[33.602066,-15.999331],[33.602093,-16.008371],[33.61144,-16.008345]]]}},{"type":"Feature","properties":{"ano":2025,"camada":"cultivo_sequeiro","area_km2":0.0126,"fracao_cobertura_celula":0.0126},"geometry":{"type":"Polygon","coordinates":[[[33.62186,-16.351828],[33.621832,-16.342788],[33.61247,-16.342816],[33.612498,-16.351855],[33.62186,-16.351828]]]}},{"type":"Feature","properties":{"ano":2025,"camada":"cultivo_sequeiro","area_km2":12.7305,"fracao_cobertura_celula":12.7305},"geometry":{"type":"Polygon","coordinates":[[[33.621803,-16.333749],[33.621775,-16.324709],[33.612413,-16.324736],[33.612441,-16.333776],[33.621803,-16.333749]]]}},{"type":"Feature","properties":{"ano":2025,"camada":"cultivo_sequeiro","area_km2":0.0243,"fracao_cobertura_celula":0.0243},"geometry":{"type":"Polygon","coordinates":[[[33.621775,-16.324709],[33.621746,-16.315669],[33.612385,-16.315697],[33.612413,-16.324736],[33.621775,-16.324709]]]}},{"type":"Feature","properties":{"ano":2025,"camada":"cultivo_sequeiro","area_km2":0.0207,"fracao_cobertura_celula":0.0207},"geometry":{"type":"Polygon","coordinates":[[[33.621746,-16.315669],[33.621717,-16.30663],[33.612357,-16.306657],[33.612385,-16.315697],[33.621746,-16.315669]]]}},{"type":"Feature","properties":{"ano":2025,"camada":"cultivo_sequeiro","area_km2":0.0522,"fracao_cobertura_celula":0.0522},"geometry":{"type":"Polygon","coordinates":[[[33.621717,-16.30663],[33.621689,-16.29759],[33.612329,-16.297617],[33.612357,-16.306657],[33.621717,-16.30663]]]}},{"type":"Feature","properties":{"ano":2025,"camada":"cultivo_sequeiro","area_km2":0.0558,"fracao_cobertura_celula":0.0558},"geometry":{"type":"Polygon","coordinates":[[[33.621689,-16.29759],[33.62166,-16.288551],[33.612301,-16.288578],[33.612329,-16.297617],[33.621689,-16.29759]]]}},{"type":"Feature","properties":{"ano":2025,"camada":"cultivo_sequeiro","area_km2":0.0846,"fracao_cobertura_celula":0.0846},"geometry":{"type":"Polygon","coordinates":[[[33.62166,-16.288551],[33.621632,-16.279511],[33.612273,-16.279538],[33.612301,-16.288578],[33.62166,-16.288551]]]}},{"type":"Feature","properties":{"ano":2025,"camada":"cultivo_sequeiro","area_km2":0.0585,"fracao_cobertura_celula":0.0585},"geometry":{"type":"Polygon","coordinates":[[[33.621632,-16.279511],[33.621604,-16.270471],[33.612245,-16.270499],[33.612273,-16.279538],[33.621632,-16.279511]]]}},{"type":"Feature","properties":{"ano":2025,"camada":"cultivo_sequeiro","area_km2":0.1071,"fracao_cobertura_celula":0.1071},"geometry":{"type":"Polygon","coordinates":[[[33.621604,-16.270471],[33.621575,-16.261432],[33.612217,-16.261459],[33.612245,-16.270499],[33.621604,-16.270471]]]}},{"type":"Feature","properties":{"ano":2025,"camada":"cultivo_sequeiro","area_km2":0.0117,"fracao_cobertura_celula":0.0117},"geometry":{"type":"Polygon","coordinates":[[[33.621575,-16.261432],[33.621547,-16.252392],[33.612189,-16.252419],[33.612217,-16.261459],[33.621575,-16.261432]]]}},{"type":"Feature","properties":{"ano":2025,"camada":"cultivo_sequeiro","area_km2":0.0405,"fracao_cobertura_celula":0.0405},"geometry":{"type":"Polygon","coordinates":[[[33.621547,-16.252392],[33.621518,-16.243352],[33.612161,-16.243379],[33.612189,-16.252419],[33.621547,-16.252392]]]}},{"type":"Feature","properties":{"ano":2025,"camada":"cultivo_sequeiro","area_km2":0.1782,"fracao_cobertura_celula":0.1782},"geometry":{"type":"Polygon","coordinates":[[[33.621518,-16.243352],[33.62149,-16.234313],[33.612133,-16.23434],[33.612161,-16.243379],[33.621518,-16.243352]]]}},{"type":"Feature","properties":{"ano":2025,"camada":"cultivo_sequeiro","area_km2":0.117,"fracao_cobertura_celula":0.117},"geometry":{"type":"Polygon","coordinates":[[[33.62149,-16.234313],[33.621462,-16.225273],[33.612105,-16.2253],[33.612133,-16.23434],[33.62149,-16.234313]]]}},{"type":"Feature","properties":{"ano":2025,"camada":"cultivo_sequeiro","area_km2":0.0342,"fracao_cobertura_celula":0.0342},"geometry":{"type":"Polygon","coordinates":[[[33.621462,-16.225273],[33.621433,-16.216233],[33.612077,-16.21626],[33.612105,-16.2253],[33.621462,-16.225273]]]}},{"type":"Feature","properties":{"ano":2025,"camada":"cultivo_sequeiro","area_km2":0.0387,"fracao_cobertura_celula":0.0387},"geometry":{"type":"Polygon","coordinates":[[[33.621433,-16.216233],[33.621405,-16.207194],[33.612049,-16.207221],[33.612077,-16.21626],[33.621433,-16.216233]]]}},{"type":"Feature","properties":{"ano":2025,"camada":"cultivo_sequeiro","area_km2":0.036,"fracao_cobertura_celula":0.036},"geometry":{"type":"Polygon","coordinates":[[[33.621405,-16.207194],[33.621377,-16.198154],[33.612021,-16.198181],[33.612049,-16.207221],[33.621405,-16.207194]]]}},{"type":"Feature","properties":{"ano":2025,"camada":"cultivo_sequeiro","area_km2":0.0225,"fracao_cobertura_celula":0.0225},"geometry":{"type":"Polygon","coordinates":[[[33.621377,-16.198154],[33.621348,-16.189114],[33.611993,-16.189141],[33.612021,-16.198181],[33.621377,-16.198154]]]}},{"type":"Feature","properties":{"ano":2025,"camada":"cultivo_sequeiro","area_km2":0.0234,"fracao_cobertura_celula":0.0234},"geometry":{"type":"Polygon","coordinates":[[[33.621348,-16.189114],[33.62132,-16.180074],[33.611966,-16.180101],[33.611993,-16.189141],[33.621348,-16.189114]]]}},{"type":"Feature","properties":{"ano":2025,"camada":"cultivo_sequeiro","area_km2":0.0135,"fracao_cobertura_celula":0.0135},"geometry":{"type":"Polygon","coordinates":[[[33.62132,-16.180074],[33.621292,-16.171035],[33.611938,-16.171062],[33.611966,-16.180101],[33.62132,-16.180074]]]}},{"type":"Feature","properties":{"ano":2025,"camada":"cultivo_sequeiro","area_km2":0.0162,"fracao_cobertura_celula":0.0162},"geometry":{"type":"Polygon","coordinates":[[[33.621292,-16.171035],[33.621263,-16.161995],[33.61191,-16.162022],[33.611938,-16.171062],[33.621292,-16.171035]]]}},{"type":"Feature","properties":{"ano":2025,"camada":"cultivo_sequeiro","area_km2":0.0054,"fracao_cobertura_celula":0.0054},"geometry":{"type":"Polygon","coordinates":[[[33.621235,-16.152955],[33.621207,-16.143915],[33.611854,-16.143942],[33.611882,-16.152982],[33.621235,-16.152955]]]}},{"type":"Feature","properties":{"ano":2025,"camada":"cultivo_sequeiro","area_km2":0.0261,"fracao_cobertura_celula":0.0261},"geometry":{"type":"Polygon","coordinates":[[[33.621207,-16.143915],[33.621179,-16.134876],[33.611827,-16.134903],[33.611854,-16.143942],[33.621207,-16.143915]]]}},{"type":"Feature","properties":{"ano":2025,"camada":"cultivo_sequeiro","area_km2":0.0054,"fracao_cobertura_celula":0.0054},"geometry":{"type":"Polygon","coordinates":[[[33.621179,-16.134876],[33.621151,-16.125836],[33.611799,-16.125863],[33.611827,-16.134903],[33.621179,-16.134876]]]}},{"type":"Feature","properties":{"ano":2025,"camada":"cultivo_sequeiro","area_km2":0.0126,"fracao_cobertura_celula":0.0126},"geometry":{"type":"Polygon","coordinates":[[[33.621151,-16.125836],[33.621123,-16.116796],[33.611771,-16.116823],[33.611799,-16.125863],[33.621151,-16.125836]]]}},{"type":"Feature","properties":{"ano":2025,"camada":"cultivo_sequeiro","area_km2":0.0738,"fracao_cobertura_celula":0.0738},"geometry":{"type":"Polygon","coordinates":[[[33.621123,-16.116796],[33.621094,-16.107756],[33.611743,-16.107783],[33.611771,-16.116823],[33.621123,-16.116796]]]}},{"type":"Feature","properties":{"ano":2025,"camada":"cultivo_sequeiro","area_km2":0.0378,"fracao_cobertura_celula":0.0378},"geometry":{"type":"Polygon","coordinates":[[[33.621094,-16.107756],[33.621066,-16.098717],[33.611716,-16.098743],[33.611743,-16.107783],[33.621094,-16.107756]]]}},{"type":"Feature","properties":{"ano":2025,"camada":"cultivo_sequeiro","area_km2":0.1287,"fracao_cobertura_celula":0.1287},"geometry":{"type":"Polygon","coordinates":[[[33.621066,-16.098717],[33.621038,-16.089677],[33.611688,-16.089704],[33.611716,-16.098743],[33.621066,-16.098717]]]}},{"type":"Feature","properties":{"ano":2025,"camada":"cultivo_sequeiro","area_km2":0.0738,"fracao_cobertura_celula":0.0738},"geometry":{"type":"Polygon","coordinates":[[[33.621038,-16.089677],[33.62101,-16.080637],[33.61166,-16.080664],[33.611688,-16.089704],[33.621038,-16.089677]]]}},{"type":"Feature","properties":{"ano":2025,"camada":"cultivo_sequeiro","area_km2":0.162,"fracao_cobertura_celula":0.162},"geometry":{"type":"Polygon","coordinates":[[[33.62101,-16.080637],[33.620982,-16.071597],[33.611633,-16.071624],[33.61166,-16.080664],[33.62101,-16.080637]]]}},{"type":"Feature","properties":{"ano":2025,"camada":"cultivo_sequeiro","area_km2":0.1971,"fracao_cobertura_celula":0.1971},"geometry":{"type":"Polygon","coordinates":[[[33.620982,-16.071597],[33.620954,-16.062557],[33.611605,-16.062584],[33.611633,-16.071624],[33.620982,-16.071597]]]}},{"type":"Feature","properties":{"ano":2025,"camada":"cultivo_sequeiro","area_km2":0.0405,"fracao_cobertura_celula":0.0405},"geometry":{"type":"Polygon","coordinates":[[[33.620954,-16.062557],[33.620926,-16.053517],[33.611577,-16.053544],[33.611605,-16.062584],[33.620954,-16.062557]]]}},{"type":"Feature","properties":{"ano":2025,"camada":"cultivo_sequeiro","area_km2":0.0099,"fracao_cobertura_celula":0.0099},"geometry":{"type":"Polygon","coordinates":[[[33.620926,-16.053517],[33.620898,-16.044478],[33.61155,-16.044504],[33.611577,-16.053544],[33.620926,-16.053517]]]}},{"type":"Feature","properties":{"ano":2025,"camada":"cultivo_sequeiro","area_km2":0.0846,"fracao_cobertura_celula":0.0846},"geometry":{"type":"Polygon","coordinates":[[[33.620898,-16.044478],[33.62087,-16.035438],[33.611522,-16.035465],[33.61155,-16.044504],[33.620898,-16.044478]]]}},{"type":"Feature","properties":{"ano":2025,"camada":"cultivo_sequeiro","area_km2":1.4832,"fracao_cobertura_celula":1.4832},"geometry":{"type":"Polygon","coordinates":[[[33.62087,-16.035438],[33.620842,-16.026398],[33.611495,-16.026425],[33.611522,-16.035465],[33.62087,-16.035438]]]}},{"type":"Feature","properties":{"ano":2025,"camada":"cultivo_sequeiro","area_km2":0.0351,"fracao_cobertura_celula":0.0351},"geometry":{"type":"Polygon","coordinates":[[[33.620842,-16.026398],[33.620814,-16.017358],[33.611467,-16.017385],[33.611495,-16.026425],[33.620842,-16.026398]]]}},{"type":"Feature","properties":{"ano":2025,"camada":"cultivo_sequeiro","area_km2":9.2655,"fracao_cobertura_celula":9.2655},"geometry":{"type":"Polygon","coordinates":[[[33.620814,-16.017358],[33.620786,-16.008318],[33.61144,-16.008345],[33.611467,-16.017385],[33.620814,-16.017358]]]}},{"type":"Feature","properties":{"ano":2025,"camada":"cultivo_sequeiro","area_km2":0.0477,"fracao_cobertura_celula":0.0477},"geometry":{"type":"Polygon","coordinates":[[[33.620786,-16.008318],[33.620758,-15.999278],[33.611412,-15.999305],[33.61144,-16.008345],[33.620786,-16.008318]]]}},{"type":"Feature","properties":{"ano":2025,"camada":"cultivo_sequeiro","area_km2":0.0036,"fracao_cobertura_celula":0.0036},"geometry":{"type":"Polygon","coordinates":[[[33.631223,-16.3518],[33.631194,-16.34276],[33.621832,-16.342788],[33.62186,-16.351828],[33.631223,-16.3518]]]}},{"type":"Feature","properties":{"ano":2025,"camada":"cultivo_sequeiro","area_km2":0.0126,"fracao_cobertura_celula":0.0126},"geometry":{"type":"Polygon","coordinates":[[[33.631194,-16.34276],[33.631165,-16.333721],[33.621803,-16.333749],[33.621832,-16.342788],[33.631194,-16.34276]]]}},{"type":"Feature","properties":{"ano":2025,"camada":"cultivo_sequeiro","area_km2":0.0153,"fracao_cobertura_celula":0.0153},"geometry":{"type":"Polygon","coordinates":[[[33.631165,-16.333721],[33.631136,-16.324681],[33.621775,-16.324709],[33.621803,-16.333749],[33.631165,-16.333721]]]}},{"type":"Feature","properties":{"ano":2025,"camada":"cultivo_sequeiro","area_km2":0.0108,"fracao_cobertura_celula":0.0108},"geometry":{"type":"Polygon","coordinates":[[[33.631136,-16.324681],[33.631107,-16.315642],[33.621746,-16.315669],[33.621775,-16.324709],[33.631136,-16.324681]]]}},{"type":"Feature","properties":{"ano":2025,"camada":"cultivo_sequeiro","area_km2":0.027,"fracao_cobertura_celula":0.027},"geometry":{"type":"Polygon","coordinates":[[[33.631107,-16.315642],[33.631078,-16.306602],[33.621717,-16.30663],[33.621746,-16.315669],[33.631107,-16.315642]]]}},{"type":"Feature","properties":{"ano":2025,"camada":"cultivo_sequeiro","area_km2":0.0162,"fracao_cobertura_celula":0.0162},"geometry":{"type":"Polygon","coordinates":[[[33.631078,-16.306602],[33.631049,-16.297562],[33.621689,-16.29759],[33.621717,-16.30663],[33.631078,-16.306602]]]}},{"type":"Feature","properties":{"ano":2025,"camada":"cultivo_sequeiro","area_km2":0.1431,"fracao_cobertura_celula":0.1431},"geometry":{"type":"Polygon","coordinates":[[[33.631049,-16.297562],[33.63102,-16.288523],[33.62166,-16.288551],[33.621689,-16.29759],[33.631049,-16.297562]]]}},{"type":"Feature","properties":{"ano":2025,"camada":"cultivo_sequeiro","area_km2":0.1782,"fracao_cobertura_celula":0.1782},"geometry":{"type":"Polygon","coordinates":[[[33.63102,-16.288523],[33.630991,-16.279483],[33.621632,-16.279511],[33.62166,-16.288551],[33.63102,-16.288523]]]}},{"type":"Feature","properties":{"ano":2025,"camada":"cultivo_sequeiro","area_km2":0.0918,"fracao_cobertura_celula":0.0918},"geometry":{"type":"Polygon","coordinates":[[[33.630991,-16.279483],[33.630962,-16.270444],[33.621604,-16.270471],[33.621632,-16.279511],[33.630991,-16.279483]]]}},{"type":"Feature","properties":{"ano":2025,"camada":"cultivo_sequeiro","area_km2":0.0603,"fracao_cobertura_celula":0.0603},"geometry":{"type":"Polygon","coordinates":[[[33.630962,-16.270444],[33.630933,-16.261404],[33.621575,-16.261432],[33.621604,-16.270471],[33.630962,-16.270444]]]}},{"type":"Feature","properties":{"ano":2025,"camada":"cultivo_sequeiro","area_km2":0.1728,"fracao_cobertura_celula":0.1728},"geometry":{"type":"Polygon","coordinates":[[[33.630933,-16.261404],[33.630904,-16.252364],[33.621547,-16.252392],[33.621575,-16.261432],[33.630933,-16.261404]]]}},{"type":"Feature","properties":{"ano":2025,"camada":"cultivo_sequeiro","area_km2":0.0396,"fracao_cobertura_celula":0.0396},"geometry":{"type":"Polygon","coordinates":[[[33.630904,-16.252364],[33.630876,-16.243325],[33.621518,-16.243352],[33.621547,-16.252392],[33.630904,-16.252364]]]}},{"type":"Feature","properties":{"ano":2025,"camada":"cultivo_sequeiro","area_km2":0.1773,"fracao_cobertura_celula":0.1773},"geometry":{"type":"Polygon","coordinates":[[[33.630876,-16.243325],[33.630847,-16.234285],[33.62149,-16.234313],[33.621518,-16.243352],[33.630876,-16.243325]]]}},{"type":"Feature","properties":{"ano":2025,"camada":"cultivo_sequeiro","area_km2":0.0576,"fracao_cobertura_celula":0.0576},"geometry":{"type":"Polygon","coordinates":[[[33.630847,-16.234285],[33.630818,-16.225245],[33.621462,-16.225273],[33.62149,-16.234313],[33.630847,-16.234285]]]}},{"type":"Feature","properties":{"ano":2025,"camada":"cultivo_sequeiro","area_km2":0.0495,"fracao_cobertura_celula":0.0495},"geometry":{"type":"Polygon","coordinates":[[[33.630818,-16.225245],[33.630789,-16.216206],[33.621433,-16.216233],[33.621462,-16.225273],[33.630818,-16.225245]]]}},{"type":"Feature","properties":{"ano":2025,"camada":"cultivo_sequeiro","area_km2":0.0297,"fracao_cobertura_celula":0.0297},"geometry":{"type":"Polygon","coordinates":[[[33.630789,-16.216206],[33.630761,-16.207166],[33.621405,-16.207194],[33.621433,-16.216233],[33.630789,-16.216206]]]}},{"type":"Feature","properties":{"ano":2025,"camada":"cultivo_sequeiro","area_km2":0.0009,"fracao_cobertura_celula":0.0009},"geometry":{"type":"Polygon","coordinates":[[[33.630761,-16.207166],[33.630732,-16.198126],[33.621377,-16.198154],[33.621405,-16.207194],[33.630761,-16.207166]]]}},{"type":"Feature","properties":{"ano":2025,"camada":"cultivo_sequeiro","area_km2":0.0189,"fracao_cobertura_celula":0.0189},"geometry":{"type":"Polygon","coordinates":[[[33.630732,-16.198126],[33.630703,-16.189087],[33.621348,-16.189114],[33.621377,-16.198154],[33.630732,-16.198126]]]}},{"type":"Feature","properties":{"ano":2025,"camada":"cultivo_sequeiro","area_km2":0.1278,"fracao_cobertura_celula":0.1278},"geometry":{"type":"Polygon","coordinates":[[[33.630703,-16.189087],[33.630674,-16.180047],[33.62132,-16.180074],[33.621348,-16.189114],[33.630703,-16.189087]]]}},{"type":"Feature","properties":{"ano":2025,"camada":"cultivo_sequeiro","area_km2":0.0567,"fracao_cobertura_celula":0.0567},"geometry":{"type":"Polygon","coordinates":[[[33.630674,-16.180047],[33.630646,-16.171007],[33.621292,-16.171035],[33.62132,-16.180074],[33.630674,-16.180047]]]}},{"type":"Feature","properties":{"ano":2025,"camada":"cultivo_sequeiro","area_km2":0.0162,"fracao_cobertura_celula":0.0162},"geometry":{"type":"Polygon","coordinates":[[[33.630646,-16.171007],[33.630617,-16.161967],[33.621263,-16.161995],[33.621292,-16.171035],[33.630646,-16.171007]]]}},{"type":"Feature","properties":{"ano":2025,"camada":"cultivo_sequeiro","area_km2":0.0018,"fracao_cobertura_celula":0.0018},"geometry":{"type":"Polygon","coordinates":[[[33.63056,-16.143888],[33.630531,-16.134848],[33.621179,-16.134876],[33.621207,-16.143915],[33.63056,-16.143888]]]}},{"type":"Feature","properties":{"ano":2025,"camada":"cultivo_sequeiro","area_km2":0.0441,"fracao_cobertura_celula":0.0441},"geometry":{"type":"Polygon","coordinates":[[[33.630531,-16.134848],[33.630503,-16.125808],[33.621151,-16.125836],[33.621179,-16.134876],[33.630531,-16.134848]]]}},{"type":"Feature","properties":{"ano":2025,"camada":"cultivo_sequeiro","area_km2":0.0198,"fracao_cobertura_celula":0.0198},"geometry":{"type":"Polygon","coordinates":[[[33.630503,-16.125808],[33.630474,-16.116769],[33.621123,-16.116796],[33.621151,-16.125836],[33.630503,-16.125808]]]}},{"type":"Feature","properties":{"ano":2025,"camada":"cultivo_sequeiro","area_km2":0.0027,"fracao_cobertura_celula":0.0027},"geometry":{"type":"Polygon","coordinates":[[[33.630474,-16.116769],[33.630445,-16.107729],[33.621094,-16.107756],[33.621123,-16.116796],[33.630474,-16.116769]]]}},{"type":"Feature","properties":{"ano":2025,"camada":"cultivo_sequeiro","area_km2":0.036,"fracao_cobertura_celula":0.036},"geometry":{"type":"Polygon","coordinates":[[[33.630445,-16.107729],[33.630417,-16.098689],[33.621066,-16.098717],[33.621094,-16.107756],[33.630445,-16.107729]]]}},{"type":"Feature","properties":{"ano":2025,"camada":"cultivo_sequeiro","area_km2":0.054,"fracao_cobertura_celula":0.054},"geometry":{"type":"Polygon","coordinates":[[[33.630417,-16.098689],[33.630388,-16.089649],[33.621038,-16.089677],[33.621066,-16.098717],[33.630417,-16.098689]]]}},{"type":"Feature","properties":{"ano":2025,"camada":"cultivo_sequeiro","area_km2":0.2412,"fracao_cobertura_celula":0.2412},"geometry":{"type":"Polygon","coordinates":[[[33.630388,-16.089649],[33.63036,-16.08061],[33.62101,-16.080637],[33.621038,-16.089677],[33.630388,-16.089649]]]}},{"type":"Feature","properties":{"ano":2025,"camada":"cultivo_sequeiro","area_km2":0.2106,"fracao_cobertura_celula":0.2106},"geometry":{"type":"Polygon","coordinates":[[[33.63036,-16.08061],[33.630331,-16.07157],[33.620982,-16.071597],[33.62101,-16.080637],[33.63036,-16.08061]]]}},{"type":"Feature","properties":{"ano":2025,"camada":"cultivo_sequeiro","area_km2":0.126,"fracao_cobertura_celula":0.126},"geometry":{"type":"Polygon","coordinates":[[[33.630331,-16.07157],[33.630303,-16.06253],[33.620954,-16.062557],[33.620982,-16.071597],[33.630331,-16.07157]]]}},{"type":"Feature","properties":{"ano":2025,"camada":"cultivo_sequeiro","area_km2":0.1323,"fracao_cobertura_celula":0.1323},"geometry":{"type":"Polygon","coordinates":[[[33.630303,-16.06253],[33.630274,-16.05349],[33.620926,-16.053517],[33.620954,-16.062557],[33.630303,-16.06253]]]}},{"type":"Feature","properties":{"ano":2025,"camada":"cultivo_sequeiro","area_km2":0.2655,"fracao_cobertura_celula":0.2655},"geometry":{"type":"Polygon","coordinates":[[[33.630274,-16.05349],[33.630246,-16.04445],[33.620898,-16.044478],[33.620926,-16.053517],[33.630274,-16.05349]]]}},{"type":"Feature","properties":{"ano":2025,"camada":"cultivo_sequeiro","area_km2":0.1341,"fracao_cobertura_celula":0.1341},"geometry":{"type":"Polygon","coordinates":[[[33.630246,-16.04445],[33.630218,-16.035411],[33.62087,-16.035438],[33.620898,-16.044478],[33.630246,-16.04445]]]}},{"type":"Feature","properties":{"ano":2025,"camada":"cultivo_sequeiro","area_km2":0.3393,"fracao_cobertura_celula":0.3393},"geometry":{"type":"Polygon","coordinates":[[[33.630218,-16.035411],[33.630189,-16.026371],[33.620842,-16.026398],[33.62087,-16.035438],[33.630218,-16.035411]]]}},{"type":"Feature","properties":{"ano":2025,"camada":"cultivo_sequeiro","area_km2":0.1476,"fracao_cobertura_celula":0.1476},"geometry":{"type":"Polygon","coordinates":[[[33.630189,-16.026371],[33.630161,-16.017331],[33.620814,-16.017358],[33.620842,-16.026398],[33.630189,-16.026371]]]}},{"type":"Feature","properties":{"ano":2025,"camada":"cultivo_sequeiro","area_km2":0.0009,"fracao_cobertura_celula":0.0009},"geometry":{"type":"Polygon","coordinates":[[[33.630161,-16.017331],[33.630132,-16.008291],[33.620786,-16.008318],[33.620814,-16.017358],[33.630161,-16.017331]]]}},{"type":"Feature","properties":{"ano":2025,"camada":"cultivo_sequeiro","area_km2":0.0261,"fracao_cobertura_celula":0.0261},"geometry":{"type":"Polygon","coordinates":[[[33.630132,-16.008291],[33.630104,-15.999251],[33.620758,-15.999278],[33.620786,-16.008318],[33.630132,-16.008291]]]}},{"type":"Feature","properties":{"ano":2025,"camada":"cultivo_sequeiro","area_km2":0.2502,"fracao_cobertura_celula":0.2502},"geometry":{"type":"Polygon","coordinates":[[[33.640585,-16.351772],[33.640556,-16.342732],[33.631194,-16.34276],[33.631223,-16.3518],[33.640585,-16.351772]]]}},{"type":"Feature","properties":{"ano":2025,"camada":"cultivo_sequeiro","area_km2":0.0648,"fracao_cobertura_celula":0.0648},"geometry":{"type":"Polygon","coordinates":[[[33.640556,-16.342732],[33.640526,-16.333693],[33.631165,-16.333721],[33.631194,-16.34276],[33.640556,-16.342732]]]}},{"type":"Feature","properties":{"ano":2025,"camada":"cultivo_sequeiro","area_km2":0.2529,"fracao_cobertura_celula":0.2529},"geometry":{"type":"Polygon","coordinates":[[[33.640526,-16.333693],[33.640497,-16.324653],[33.631136,-16.324681],[33.631165,-16.333721],[33.640526,-16.333693]]]}},{"type":"Feature","properties":{"ano":2025,"camada":"cultivo_sequeiro","area_km2":0.054,"fracao_cobertura_celula":0.054},"geometry":{"type":"Polygon","coordinates":[[[33.640497,-16.324653],[33.640468,-16.315613],[33.631107,-16.315642],[33.631136,-16.324681],[33.640497,-16.324653]]]}},{"type":"Feature","properties":{"ano":2025,"camada":"cultivo_sequeiro","area_km2":0.0351,"fracao_cobertura_celula":0.0351},"geometry":{"type":"Polygon","coordinates":[[[33.640468,-16.315613],[33.640438,-16.306574],[33.631078,-16.306602],[33.631107,-16.315642],[33.640468,-16.315613]]]}},{"type":"Feature","properties":{"ano":2025,"camada":"cultivo_sequeiro","area_km2":0.0225,"fracao_cobertura_celula":0.0225},"geometry":{"type":"Polygon","coordinates":[[[33.640438,-16.306574],[33.640409,-16.297534],[33.631049,-16.297562],[33.631078,-16.306602],[33.640438,-16.306574]]]}},{"type":"Feature","properties":{"ano":2025,"camada":"cultivo_sequeiro","area_km2":0.0594,"fracao_cobertura_celula":0.0594},"geometry":{"type":"Polygon","coordinates":[[[33.640409,-16.297534],[33.640379,-16.288495],[33.63102,-16.288523],[33.631049,-16.297562],[33.640409,-16.297534]]]}},{"type":"Feature","properties":{"ano":2025,"camada":"cultivo_sequeiro","area_km2":0.1278,"fracao_cobertura_celula":0.1278},"geometry":{"type":"Polygon","coordinates":[[[33.640379,-16.288495],[33.64035,-16.279455],[33.630991,-16.279483],[33.63102,-16.288523],[33.640379,-16.288495]]]}},{"type":"Feature","properties":{"ano":2025,"camada":"cultivo_sequeiro","area_km2":0.0576,"fracao_cobertura_celula":0.0576},"geometry":{"type":"Polygon","coordinates":[[[33.64035,-16.279455],[33.640321,-16.270415],[33.630962,-16.270444],[33.630991,-16.279483],[33.64035,-16.279455]]]}},{"type":"Feature","properties":{"ano":2025,"camada":"cultivo_sequeiro","area_km2":0.0396,"fracao_cobertura_celula":0.0396},"geometry":{"type":"Polygon","coordinates":[[[33.640321,-16.270415],[33.640292,-16.261376],[33.630933,-16.261404],[33.630962,-16.270444],[33.640321,-16.270415]]]}},{"type":"Feature","properties":{"ano":2025,"camada":"cultivo_sequeiro","area_km2":0.1314,"fracao_cobertura_celula":0.1314},"geometry":{"type":"Polygon","coordinates":[[[33.640292,-16.261376],[33.640262,-16.252336],[33.630904,-16.252364],[33.630933,-16.261404],[33.640292,-16.261376]]]}},{"type":"Feature","properties":{"ano":2025,"camada":"cultivo_sequeiro","area_km2":0.1809,"fracao_cobertura_celula":0.1809},"geometry":{"type":"Polygon","coordinates":[[[33.640262,-16.252336],[33.640233,-16.243297],[33.630876,-16.243325],[33.630904,-16.252364],[33.640262,-16.252336]]]}},{"type":"Feature","properties":{"ano":2025,"camada":"cultivo_sequeiro","area_km2":0.2754,"fracao_cobertura_celula":0.2754},"geometry":{"type":"Polygon","coordinates":[[[33.640233,-16.243297],[33.640204,-16.234257],[33.630847,-16.234285],[33.630876,-16.243325],[33.640233,-16.243297]]]}},{"type":"Feature","properties":{"ano":2025,"camada":"cultivo_sequeiro","area_km2":0.1413,"fracao_cobertura_celula":0.1413},"geometry":{"type":"Polygon","coordinates":[[[33.640204,-16.234257],[33.640175,-16.225217],[33.630818,-16.225245],[33.630847,-16.234285],[33.640204,-16.234257]]]}},{"type":"Feature","properties":{"ano":2025,"camada":"cultivo_sequeiro","area_km2":0.009,"fracao_cobertura_celula":0.009},"geometry":{"type":"Polygon","coordinates":[[[33.640175,-16.225217],[33.640145,-16.216178],[33.630789,-16.216206],[33.630818,-16.225245],[33.640175,-16.225217]]]}},{"type":"Feature","properties":{"ano":2025,"camada":"cultivo_sequeiro","area_km2":0.0099,"fracao_cobertura_celula":0.0099},"geometry":{"type":"Polygon","coordinates":[[[33.640145,-16.216178],[33.640116,-16.207138],[33.630761,-16.207166],[33.630789,-16.216206],[33.640145,-16.216178]]]}},{"type":"Feature","properties":{"ano":2025,"camada":"cultivo_sequeiro","area_km2":0.2817,"fracao_cobertura_celula":0.2817},"geometry":{"type":"Polygon","coordinates":[[[33.640116,-16.207138],[33.640087,-16.198098],[33.630732,-16.198126],[33.630761,-16.207166],[33.640116,-16.207138]]]}},{"type":"Feature","properties":{"ano":2025,"camada":"cultivo_sequeiro","area_km2":0.0036,"fracao_cobertura_celula":0.0036},"geometry":{"type":"Polygon","coordinates":[[[33.640087,-16.198098],[33.640058,-16.189059],[33.630703,-16.189087],[33.630732,-16.198126],[33.640087,-16.198098]]]}},{"type":"Feature","properties":{"ano":2025,"camada":"cultivo_sequeiro","area_km2":0.0135,"fracao_cobertura_celula":0.0135},"geometry":{"type":"Polygon","coordinates":[[[33.640058,-16.189059],[33.640029,-16.180019],[33.630674,-16.180047],[33.630703,-16.189087],[33.640058,-16.189059]]]}},{"type":"Feature","properties":{"ano":2025,"camada":"cultivo_sequeiro","area_km2":0.1062,"fracao_cobertura_celula":0.1062},"geometry":{"type":"Polygon","coordinates":[[[33.640029,-16.180019],[33.64,-16.170979],[33.630646,-16.171007],[33.630674,-16.180047],[33.640029,-16.180019]]]}},{"type":"Feature","properties":{"ano":2025,"camada":"cultivo_sequeiro","area_km2":0.0054,"fracao_cobertura_celula":0.0054},"geometry":{"type":"Polygon","coordinates":[[[33.64,-16.170979],[33.639971,-16.16194],[33.630617,-16.161967],[33.630646,-16.171007],[33.64,-16.170979]]]}},{"type":"Feature","properties":{"ano":2025,"camada":"cultivo_sequeiro","area_km2":0.0063,"fracao_cobertura_celula":0.0063},"geometry":{"type":"Polygon","coordinates":[[[33.639971,-16.16194],[33.639941,-16.1529],[33.630588,-16.152928],[33.630617,-16.161967],[33.639971,-16.16194]]]}},{"type":"Feature","properties":{"ano":2025,"camada":"cultivo_sequeiro","area_km2":0.0009,"fracao_cobertura_celula":0.0009},"geometry":{"type":"Polygon","coordinates":[[[33.639941,-16.1529],[33.639912,-16.14386],[33.63056,-16.143888],[33.630588,-16.152928],[33.639941,-16.1529]]]}},{"type":"Feature","properties":{"ano":2025,"camada":"cultivo_sequeiro","area_km2":0.0009,"fracao_cobertura_celula":0.0009},"geometry":{"type":"Polygon","coordinates":[[[33.639883,-16.13482],[33.639854,-16.125781],[33.630503,-16.125808],[33.630531,-16.134848],[33.639883,-16.13482]]]}},{"type":"Feature","properties":{"ano":2025,"camada":"cultivo_sequeiro","area_km2":0.0108,"fracao_cobertura_celula":0.0108},"geometry":{"type":"Polygon","coordinates":[[[33.639854,-16.125781],[33.639825,-16.116741],[33.630474,-16.116769],[33.630503,-16.125808],[33.639854,-16.125781]]]}},{"type":"Feature","properties":{"ano":2025,"camada":"cultivo_sequeiro","area_km2":0.0387,"fracao_cobertura_celula":0.0387},"geometry":{"type":"Polygon","coordinates":[[[33.639825,-16.116741],[33.639796,-16.107701],[33.630445,-16.107729],[33.630474,-16.116769],[33.639825,-16.116741]]]}},{"type":"Feature","properties":{"ano":2025,"camada":"cultivo_sequeiro","area_km2":0.0261,"fracao_cobertura_celula":0.0261},"geometry":{"type":"Polygon","coordinates":[[[33.639796,-16.107701],[33.639767,-16.098661],[33.630417,-16.098689],[33.630445,-16.107729],[33.639796,-16.107701]]]}},{"type":"Feature","properties":{"ano":2025,"camada":"cultivo_sequeiro","area_km2":0.6453,"fracao_cobertura_celula":0.6453},"geometry":{"type":"Polygon","coordinates":[[[33.639767,-16.098661],[33.639738,-16.089622],[33.630388,-16.089649],[33.630417,-16.098689],[33.639767,-16.098661]]]}},{"type":"Feature","properties":{"ano":2025,"camada":"cultivo_sequeiro","area_km2":0.4671,"fracao_cobertura_celula":0.4671},"geometry":{"type":"Polygon","coordinates":[[[33.639738,-16.089622],[33.63971,-16.080582],[33.63036,-16.08061],[33.630388,-16.089649],[33.639738,-16.089622]]]}},{"type":"Feature","properties":{"ano":2025,"camada":"cultivo_sequeiro","area_km2":0.2655,"fracao_cobertura_celula":0.2655},"geometry":{"type":"Polygon","coordinates":[[[33.63971,-16.080582],[33.639681,-16.071542],[33.630331,-16.07157],[33.63036,-16.08061],[33.63971,-16.080582]]]}},{"type":"Feature","properties":{"ano":2025,"camada":"cultivo_sequeiro","area_km2":0.8973,"fracao_cobertura_celula":0.8973},"geometry":{"type":"Polygon","coordinates":[[[33.639681,-16.071542],[33.639652,-16.062502],[33.630303,-16.06253],[33.630331,-16.07157],[33.639681,-16.071542]]]}},{"type":"Feature","properties":{"ano":2025,"camada":"cultivo_sequeiro","area_km2":0.0855,"fracao_cobertura_celula":0.0855},"geometry":{"type":"Polygon","coordinates":[[[33.639652,-16.062502],[33.639623,-16.053462],[33.630274,-16.05349],[33.630303,-16.06253],[33.639652,-16.062502]]]}},{"type":"Feature","properties":{"ano":2025,"camada":"cultivo_sequeiro","area_km2":0.0711,"fracao_cobertura_celula":0.0711},"geometry":{"type":"Polygon","coordinates":[[[33.639623,-16.053462],[33.639594,-16.044423],[33.630246,-16.04445],[33.630274,-16.05349],[33.639623,-16.053462]]]}},{"type":"Feature","properties":{"ano":2025,"camada":"cultivo_sequeiro","area_km2":0.9936,"fracao_cobertura_celula":0.9936},"geometry":{"type":"Polygon","coordinates":[[[33.639594,-16.044423],[33.639565,-16.035383],[33.630218,-16.035411],[33.630246,-16.04445],[33.639594,-16.044423]]]}},{"type":"Feature","properties":{"ano":2025,"camada":"cultivo_sequeiro","area_km2":0.162,"fracao_cobertura_celula":0.162},"geometry":{"type":"Polygon","coordinates":[[[33.639565,-16.035383],[33.639536,-16.026343],[33.630189,-16.026371],[33.630218,-16.035411],[33.639565,-16.035383]]]}},{"type":"Feature","properties":{"ano":2025,"camada":"cultivo_sequeiro","area_km2":0.0414,"fracao_cobertura_celula":0.0414},"geometry":{"type":"Polygon","coordinates":[[[33.639536,-16.026343],[33.639508,-16.017303],[33.630161,-16.017331],[33.630189,-16.026371],[33.639536,-16.026343]]]}},{"type":"Feature","properties":{"ano":2025,"camada":"cultivo_sequeiro","area_km2":0.0414,"fracao_cobertura_celula":0.0414},"geometry":{"type":"Polygon","coordinates":[[[33.639479,-16.008263],[33.63945,-15.999224],[33.630104,-15.999251],[33.630132,-16.008291],[33.639479,-16.008263]]]}},{"type":"Feature","properties":{"ano":2025,"camada":"cultivo_sequeiro","area_km2":0.4626,"fracao_cobertura_celula":0.4626},"geometry":{"type":"Polygon","coordinates":[[[33.649948,-16.351743],[33.649918,-16.342703],[33.640556,-16.342732],[33.640585,-16.351772],[33.649948,-16.351743]]]}},{"type":"Feature","properties":{"ano":2025,"camada":"cultivo_sequeiro","area_km2":0.2367,"fracao_cobertura_celula":0.2367},"geometry":{"type":"Polygon","coordinates":[[[33.649918,-16.342703],[33.649888,-16.333664],[33.640526,-16.333693],[33.640556,-16.342732],[33.649918,-16.342703]]]}},{"type":"Feature","properties":{"ano":2025,"camada":"cultivo_sequeiro","area_km2":0.8568,"fracao_cobertura_celula":0.8568},"geometry":{"type":"Polygon","coordinates":[[[33.649888,-16.333664],[33.649858,-16.324624],[33.640497,-16.324653],[33.640526,-16.333693],[33.649888,-16.333664]]]}},{"type":"Feature","properties":{"ano":2025,"camada":"cultivo_sequeiro","area_km2":0.1845,"fracao_cobertura_celula":0.1845},"geometry":{"type":"Polygon","coordinates":[[[33.649858,-16.324624],[33.649828,-16.315585],[33.640468,-16.315613],[33.640497,-16.324653],[33.649858,-16.324624]]]}},{"type":"Feature","properties":{"ano":2025,"camada":"cultivo_sequeiro","area_km2":0.0603,"fracao_cobertura_celula":0.0603},"geometry":{"type":"Polygon","coordinates":[[[33.649828,-16.315585],[33.649799,-16.306545],[33.640438,-16.306574],[33.640468,-16.315613],[33.649828,-16.315585]]]}},{"type":"Feature","properties":{"ano":2025,"camada":"cultivo_sequeiro","area_km2":0.0954,"fracao_cobertura_celula":0.0954},"geometry":{"type":"Polygon","coordinates":[[[33.649799,-16.306545],[33.649769,-16.297506],[33.640409,-16.297534],[33.640438,-16.306574],[33.649799,-16.306545]]]}},{"type":"Feature","properties":{"ano":2025,"camada":"cultivo_sequeiro","area_km2":0.2457,"fracao_cobertura_celula":0.2457},"geometry":{"type":"Polygon","coordinates":[[[33.649769,-16.297506],[33.649739,-16.288466],[33.640379,-16.288495],[33.640409,-16.297534],[33.649769,-16.297506]]]}},{"type":"Feature","properties":{"ano":2025,"camada":"cultivo_sequeiro","area_km2":0.1296,"fracao_cobertura_celula":0.1296},"geometry":{"type":"Polygon","coordinates":[[[33.649739,-16.288466],[33.649709,-16.279427],[33.64035,-16.279455],[33.640379,-16.288495],[33.649739,-16.288466]]]}},{"type":"Feature","properties":{"ano":2025,"camada":"cultivo_sequeiro","area_km2":0.1962,"fracao_cobertura_celula":0.1962},"geometry":{"type":"Polygon","coordinates":[[[33.649709,-16.279427],[33.649679,-16.270387],[33.640321,-16.270415],[33.64035,-16.279455],[33.649709,-16.279427]]]}},{"type":"Feature","properties":{"ano":2025,"camada":"cultivo_sequeiro","area_km2":0.1881,"fracao_cobertura_celula":0.1881},"geometry":{"type":"Polygon","coordinates":[[[33.649679,-16.270387],[33.64965,-16.261347],[33.640292,-16.261376],[33.640321,-16.270415],[33.649679,-16.270387]]]}},{"type":"Feature","properties":{"ano":2025,"camada":"cultivo_sequeiro","area_km2":0.3339,"fracao_cobertura_celula":0.3339},"geometry":{"type":"Polygon","coordinates":[[[33.64965,-16.261347],[33.64962,-16.252308],[33.640262,-16.252336],[33.640292,-16.261376],[33.64965,-16.261347]]]}},{"type":"Feature","properties":{"ano":2025,"camada":"cultivo_sequeiro","area_km2":0.1719,"fracao_cobertura_celula":0.1719},"geometry":{"type":"Polygon","coordinates":[[[33.64962,-16.252308],[33.64959,-16.243268],[33.640233,-16.243297],[33.640262,-16.252336],[33.64962,-16.252308]]]}},{"type":"Feature","properties":{"ano":2025,"camada":"cultivo_sequeiro","area_km2":0.018,"fracao_cobertura_celula":0.018},"geometry":{"type":"Polygon","coordinates":[[[33.64959,-16.243268],[33.649561,-16.234228],[33.640204,-16.234257],[33.640233,-16.243297],[33.64959,-16.243268]]]}},{"type":"Feature","properties":{"ano":2025,"camada":"cultivo_sequeiro","area_km2":0.0135,"fracao_cobertura_celula":0.0135},"geometry":{"type":"Polygon","coordinates":[[[33.649561,-16.234228],[33.649531,-16.225189],[33.640175,-16.225217],[33.640204,-16.234257],[33.649561,-16.234228]]]}},{"type":"Feature","properties":{"ano":2025,"camada":"cultivo_sequeiro","area_km2":0.009,"fracao_cobertura_celula":0.009},"geometry":{"type":"Polygon","coordinates":[[[33.649531,-16.225189],[33.649501,-16.216149],[33.640145,-16.216178],[33.640175,-16.225217],[33.649531,-16.225189]]]}},{"type":"Feature","properties":{"ano":2025,"camada":"cultivo_sequeiro","area_km2":0.018,"fracao_cobertura_celula":0.018},"geometry":{"type":"Polygon","coordinates":[[[33.649501,-16.216149],[33.649472,-16.20711],[33.640116,-16.207138],[33.640145,-16.216178],[33.649501,-16.216149]]]}},{"type":"Feature","properties":{"ano":2025,"camada":"cultivo_sequeiro","area_km2":0.1359,"fracao_cobertura_celula":0.1359},"geometry":{"type":"Polygon","coordinates":[[[33.649472,-16.20711],[33.649442,-16.19807],[33.640087,-16.198098],[33.640116,-16.207138],[33.649472,-16.20711]]]}},{"type":"Feature","properties":{"ano":2025,"camada":"cultivo_sequeiro","area_km2":0.0414,"fracao_cobertura_celula":0.0414},"geometry":{"type":"Polygon","coordinates":[[[33.649442,-16.19807],[33.649413,-16.18903],[33.640058,-16.189059],[33.640087,-16.198098],[33.649442,-16.19807]]]}},{"type":"Feature","properties":{"ano":2025,"camada":"cultivo_sequeiro","area_km2":0.0054,"fracao_cobertura_celula":0.0054},"geometry":{"type":"Polygon","coordinates":[[[33.649413,-16.18903],[33.649383,-16.179991],[33.640029,-16.180019],[33.640058,-16.189059],[33.649413,-16.18903]]]}},{"type":"Feature","properties":{"ano":2025,"camada":"cultivo_sequeiro","area_km2":0.1584,"fracao_cobertura_celula":0.1584},"geometry":{"type":"Polygon","coordinates":[[[33.649383,-16.179991],[33.649354,-16.170951],[33.64,-16.170979],[33.640029,-16.180019],[33.649383,-16.179991]]]}},{"type":"Feature","properties":{"ano":2025,"camada":"cultivo_sequeiro","area_km2":0.0342,"fracao_cobertura_celula":0.0342},"geometry":{"type":"Polygon","coordinates":[[[33.649354,-16.170951],[33.649324,-16.161911],[33.639971,-16.16194],[33.64,-16.170979],[33.649354,-16.170951]]]}},{"type":"Feature","properties":{"ano":2025,"camada":"cultivo_sequeiro","area_km2":0.0585,"fracao_cobertura_celula":0.0585},"geometry":{"type":"Polygon","coordinates":[[[33.649324,-16.161911],[33.649295,-16.152871],[33.639941,-16.1529],[33.639971,-16.16194],[33.649324,-16.161911]]]}},{"type":"Feature","properties":{"ano":2025,"camada":"cultivo_sequeiro","area_km2":0.0108,"fracao_cobertura_celula":0.0108},"geometry":{"type":"Polygon","coordinates":[[[33.649295,-16.152871],[33.649265,-16.143832],[33.639912,-16.14386],[33.639941,-16.1529],[33.649295,-16.152871]]]}},{"type":"Feature","properties":{"ano":2025,"camada":"cultivo_sequeiro","area_km2":0.0018,"fracao_cobertura_celula":0.0018},"geometry":{"type":"Polygon","coordinates":[[[33.649236,-16.134792],[33.649206,-16.125752],[33.639854,-16.125781],[33.639883,-16.13482],[33.649236,-16.134792]]]}},{"type":"Feature","properties":{"ano":2025,"camada":"cultivo_sequeiro","area_km2":0.027,"fracao_cobertura_celula":0.027},"geometry":{"type":"Polygon","coordinates":[[[33.649177,-16.116713],[33.649147,-16.107673],[33.639796,-16.107701],[33.639825,-16.116741],[33.649177,-16.116713]]]}},{"type":"Feature","properties":{"ano":2025,"camada":"cultivo_sequeiro","area_km2":0.0117,"fracao_cobertura_celula":0.0117},"geometry":{"type":"Polygon","coordinates":[[[33.649147,-16.107673],[33.649118,-16.098633],[33.639767,-16.098661],[33.639796,-16.107701],[33.649147,-16.107673]]]}},{"type":"Feature","properties":{"ano":2025,"camada":"cultivo_sequeiro","area_km2":0.2556,"fracao_cobertura_celula":0.2556},"geometry":{"type":"Polygon","coordinates":[[[33.649118,-16.098633],[33.649089,-16.089593],[33.639738,-16.089622],[33.639767,-16.098661],[33.649118,-16.098633]]]}},{"type":"Feature","properties":{"ano":2025,"camada":"cultivo_sequeiro","area_km2":0.2709,"fracao_cobertura_celula":0.2709},"geometry":{"type":"Polygon","coordinates":[[[33.649089,-16.089593],[33.649059,-16.080554],[33.63971,-16.080582],[33.639738,-16.089622],[33.649089,-16.089593]]]}},{"type":"Feature","properties":{"ano":2025,"camada":"cultivo_sequeiro","area_km2":0.3789,"fracao_cobertura_celula":0.3789},"geometry":{"type":"Polygon","coordinates":[[[33.649059,-16.080554],[33.64903,-16.071514],[33.639681,-16.071542],[33.63971,-16.080582],[33.649059,-16.080554]]]}},{"type":"Feature","properties":{"ano":2025,"camada":"cultivo_sequeiro","area_km2":0.6219,"fracao_cobertura_celula":0.6219},"geometry":{"type":"Polygon","coordinates":[[[33.64903,-16.071514],[33.649001,-16.062474],[33.639652,-16.062502],[33.639681,-16.071542],[33.64903,-16.071514]]]}},{"type":"Feature","properties":{"ano":2025,"camada":"cultivo_sequeiro","area_km2":0.0576,"fracao_cobertura_celula":0.0576},"geometry":{"type":"Polygon","coordinates":[[[33.649001,-16.062474],[33.648971,-16.053434],[33.639623,-16.053462],[33.639652,-16.062502],[33.649001,-16.062474]]]}},{"type":"Feature","properties":{"ano":2025,"camada":"cultivo_sequeiro","area_km2":0.4329,"fracao_cobertura_celula":0.4329},"geometry":{"type":"Polygon","coordinates":[[[33.648971,-16.053434],[33.648942,-16.044395],[33.639594,-16.044423],[33.639623,-16.053462],[33.648971,-16.053434]]]}},{"type":"Feature","properties":{"ano":2025,"camada":"cultivo_sequeiro","area_km2":0.099,"fracao_cobertura_celula":0.099},"geometry":{"type":"Polygon","coordinates":[[[33.648942,-16.044395],[33.648913,-16.035355],[33.639565,-16.035383],[33.639594,-16.044423],[33.648942,-16.044395]]]}},{"type":"Feature","properties":{"ano":2025,"camada":"cultivo_sequeiro","area_km2":0.585,"fracao_cobertura_celula":0.585},"geometry":{"type":"Polygon","coordinates":[[[33.648913,-16.035355],[33.648884,-16.026315],[33.639536,-16.026343],[33.639565,-16.035383],[33.648913,-16.035355]]]}},{"type":"Feature","properties":{"ano":2025,"camada":"cultivo_sequeiro","area_km2":0.2259,"fracao_cobertura_celula":0.2259},"geometry":{"type":"Polygon","coordinates":[[[33.648884,-16.026315],[33.648854,-16.017275],[33.639508,-16.017303],[33.639536,-16.026343],[33.648884,-16.026315]]]}},{"type":"Feature","properties":{"ano":2025,"camada":"cultivo_sequeiro","area_km2":0.0126,"fracao_cobertura_celula":0.0126},"geometry":{"type":"Polygon","coordinates":[[[33.648854,-16.017275],[33.648825,-16.008235],[33.639479,-16.008263],[33.639508,-16.017303],[33.648854,-16.017275]]]}},{"type":"Feature","properties":{"ano":2025,"camada":"cultivo_sequeiro","area_km2":0.306,"fracao_cobertura_celula":0.306},"geometry":{"type":"Polygon","coordinates":[[[33.648825,-16.008235],[33.648796,-15.999195],[33.63945,-15.999224],[33.639479,-16.008263],[33.648825,-16.008235]]]}},{"type":"Feature","properties":{"ano":2025,"camada":"cultivo_sequeiro","area_km2":0.2601,"fracao_cobertura_celula":0.2601},"geometry":{"type":"Polygon","coordinates":[[[33.65931,-16.351714],[33.65928,-16.342674],[33.649918,-16.342703],[33.649948,-16.351743],[33.65931,-16.351714]]]}},{"type":"Feature","properties":{"ano":2025,"camada":"cultivo_sequeiro","area_km2":0.2961,"fracao_cobertura_celula":0.2961},"geometry":{"type":"Polygon","coordinates":[[[33.65928,-16.342674],[33.65925,-16.333635],[33.649888,-16.333664],[33.649918,-16.342703],[33.65928,-16.342674]]]}},{"type":"Feature","properties":{"ano":2025,"camada":"cultivo_sequeiro","area_km2":0.1179,"fracao_cobertura_celula":0.1179},"geometry":{"type":"Polygon","coordinates":[[[33.65925,-16.333635],[33.659219,-16.324595],[33.649858,-16.324624],[33.649888,-16.333664],[33.65925,-16.333635]]]}},{"type":"Feature","properties":{"ano":2025,"camada":"cultivo_sequeiro","area_km2":0.1008,"fracao_cobertura_celula":0.1008},"geometry":{"type":"Polygon","coordinates":[[[33.659219,-16.324595],[33.659189,-16.315556],[33.649828,-16.315585],[33.649858,-16.324624],[33.659219,-16.324595]]]}},{"type":"Feature","properties":{"ano":2025,"camada":"cultivo_sequeiro","area_km2":0.0711,"fracao_cobertura_celula":0.0711},"geometry":{"type":"Polygon","coordinates":[[[33.659189,-16.315556],[33.659159,-16.306516],[33.649799,-16.306545],[33.649828,-16.315585],[33.659189,-16.315556]]]}},{"type":"Feature","properties":{"ano":2025,"camada":"cultivo_sequeiro","area_km2":0.0342,"fracao_cobertura_celula":0.0342},"geometry":{"type":"Polygon","coordinates":[[[33.659159,-16.306516],[33.659129,-16.297477],[33.649769,-16.297506],[33.649799,-16.306545],[33.659159,-16.306516]]]}},{"type":"Feature","properties":{"ano":2025,"camada":"cultivo_sequeiro","area_km2":0.0576,"fracao_cobertura_celula":0.0576},"geometry":{"type":"Polygon","coordinates":[[[33.659129,-16.297477],[33.659098,-16.288437],[33.649739,-16.288466],[33.649769,-16.297506],[33.659129,-16.297477]]]}},{"type":"Feature","properties":{"ano":2025,"camada":"cultivo_sequeiro","area_km2":0.0585,"fracao_cobertura_celula":0.0585},"geometry":{"type":"Polygon","coordinates":[[[33.659098,-16.288437],[33.659068,-16.279398],[33.649709,-16.279427],[33.649739,-16.288466],[33.659098,-16.288437]]]}},{"type":"Feature","properties":{"ano":2025,"camada":"cultivo_sequeiro","area_km2":0.1656,"fracao_cobertura_celula":0.1656},"geometry":{"type":"Polygon","coordinates":[[[33.659068,-16.279398],[33.659038,-16.270358],[33.649679,-16.270387],[33.649709,-16.279427],[33.659068,-16.279398]]]}},{"type":"Feature","properties":{"ano":2025,"camada":"cultivo_sequeiro","area_km2":0.1287,"fracao_cobertura_celula":0.1287},"geometry":{"type":"Polygon","coordinates":[[[33.659038,-16.270358],[33.659008,-16.261318],[33.64965,-16.261347],[33.649679,-16.270387],[33.659038,-16.270358]]]}},{"type":"Feature","properties":{"ano":2025,"camada":"cultivo_sequeiro","area_km2":0.1269,"fracao_cobertura_celula":0.1269},"geometry":{"type":"Polygon","coordinates":[[[33.659008,-16.261318],[33.658978,-16.252279],[33.64962,-16.252308],[33.64965,-16.261347],[33.659008,-16.261318]]]}},{"type":"Feature","properties":{"ano":2025,"camada":"cultivo_sequeiro","area_km2":0.0189,"fracao_cobertura_celula":0.0189},"geometry":{"type":"Polygon","coordinates":[[[33.658978,-16.252279],[33.658948,-16.243239],[33.64959,-16.243268],[33.64962,-16.252308],[33.658978,-16.252279]]]}},{"type":"Feature","properties":{"ano":2025,"camada":"cultivo_sequeiro","area_km2":0.0099,"fracao_cobertura_celula":0.0099},"geometry":{"type":"Polygon","coordinates":[[[33.658948,-16.243239],[33.658918,-16.2342],[33.649561,-16.234228],[33.64959,-16.243268],[33.658948,-16.243239]]]}},{"type":"Feature","properties":{"ano":2025,"camada":"cultivo_sequeiro","area_km2":0.0441,"fracao_cobertura_celula":0.0441},"geometry":{"type":"Polygon","coordinates":[[[33.658918,-16.2342],[33.658888,-16.22516],[33.649531,-16.225189],[33.649561,-16.234228],[33.658918,-16.2342]]]}},{"type":"Feature","properties":{"ano":2025,"camada":"cultivo_sequeiro","area_km2":0.0234,"fracao_cobertura_celula":0.0234},"geometry":{"type":"Polygon","coordinates":[[[33.658888,-16.22516],[33.658857,-16.21612],[33.649501,-16.216149],[33.649531,-16.225189],[33.658888,-16.22516]]]}},{"type":"Feature","properties":{"ano":2025,"camada":"cultivo_sequeiro","area_km2":0.1251,"fracao_cobertura_celula":0.1251},"geometry":{"type":"Polygon","coordinates":[[[33.658857,-16.21612],[33.658827,-16.207081],[33.649472,-16.20711],[33.649501,-16.216149],[33.658857,-16.21612]]]}},{"type":"Feature","properties":{"ano":2025,"camada":"cultivo_sequeiro","area_km2":0.0837,"fracao_cobertura_celula":0.0837},"geometry":{"type":"Polygon","coordinates":[[[33.658827,-16.207081],[33.658797,-16.198041],[33.649442,-16.19807],[33.649472,-16.20711],[33.658827,-16.207081]]]}},{"type":"Feature","properties":{"ano":2025,"camada":"cultivo_sequeiro","area_km2":0.0603,"fracao_cobertura_celula":0.0603},"geometry":{"type":"Polygon","coordinates":[[[33.658797,-16.198041],[33.658767,-16.189001],[33.649413,-16.18903],[33.649442,-16.19807],[33.658797,-16.198041]]]}},{"type":"Feature","properties":{"ano":2025,"camada":"cultivo_sequeiro","area_km2":0.4167,"fracao_cobertura_celula":0.4167},"geometry":{"type":"Polygon","coordinates":[[[33.658767,-16.189001],[33.658737,-16.179962],[33.649383,-16.179991],[33.649413,-16.18903],[33.658767,-16.189001]]]}},{"type":"Feature","properties":{"ano":2025,"camada":"cultivo_sequeiro","area_km2":0.1386,"fracao_cobertura_celula":0.1386},"geometry":{"type":"Polygon","coordinates":[[[33.658737,-16.179962],[33.658707,-16.170922],[33.649354,-16.170951],[33.649383,-16.179991],[33.658737,-16.179962]]]}},{"type":"Feature","properties":{"ano":2025,"camada":"cultivo_sequeiro","area_km2":0.3213,"fracao_cobertura_celula":0.3213},"geometry":{"type":"Polygon","coordinates":[[[33.658707,-16.170922],[33.658678,-16.161882],[33.649324,-16.161911],[33.649354,-16.170951],[33.658707,-16.170922]]]}},{"type":"Feature","properties":{"ano":2025,"camada":"cultivo_sequeiro","area_km2":0.036,"fracao_cobertura_celula":0.036},"geometry":{"type":"Polygon","coordinates":[[[33.658678,-16.161882],[33.658648,-16.152843],[33.649295,-16.152871],[33.649324,-16.161911],[33.658678,-16.161882]]]}},{"type":"Feature","properties":{"ano":2025,"camada":"cultivo_sequeiro","area_km2":0.0279,"fracao_cobertura_celula":0.0279},"geometry":{"type":"Polygon","coordinates":[[[33.658648,-16.152843],[33.658618,-16.143803],[33.649265,-16.143832],[33.649295,-16.152871],[33.658648,-16.152843]]]}},{"type":"Feature","properties":{"ano":2025,"camada":"cultivo_sequeiro","area_km2":0.0072,"fracao_cobertura_celula":0.0072},"geometry":{"type":"Polygon","coordinates":[[[33.658588,-16.134763],[33.658558,-16.125724],[33.649206,-16.125752],[33.649236,-16.134792],[33.658588,-16.134763]]]}},{"type":"Feature","properties":{"ano":2025,"camada":"cultivo_sequeiro","area_km2":0.0297,"fracao_cobertura_celula":0.0297},"geometry":{"type":"Polygon","coordinates":[[[33.658558,-16.125724],[33.658528,-16.116684],[33.649177,-16.116713],[33.649206,-16.125752],[33.658558,-16.125724]]]}},{"type":"Feature","properties":{"ano":2025,"camada":"cultivo_sequeiro","area_km2":0.0045,"fracao_cobertura_celula":0.0045},"geometry":{"type":"Polygon","coordinates":[[[33.658528,-16.116684],[33.658498,-16.107644],[33.649147,-16.107673],[33.649177,-16.116713],[33.658528,-16.116684]]]}},{"type":"Feature","properties":{"ano":2025,"camada":"cultivo_sequeiro","area_km2":0.0162,"fracao_cobertura_celula":0.0162},"geometry":{"type":"Polygon","coordinates":[[[33.658498,-16.107644],[33.658468,-16.098605],[33.649118,-16.098633],[33.649147,-16.107673],[33.658498,-16.107644]]]}},{"type":"Feature","properties":{"ano":2025,"camada":"cultivo_sequeiro","area_km2":0.126,"fracao_cobertura_celula":0.126},"geometry":{"type":"Polygon","coordinates":[[[33.658468,-16.098605],[33.658439,-16.089565],[33.649089,-16.089593],[33.649118,-16.098633],[33.658468,-16.098605]]]}},{"type":"Feature","properties":{"ano":2025,"camada":"cultivo_sequeiro","area_km2":0.1917,"fracao_cobertura_celula":0.1917},"geometry":{"type":"Polygon","coordinates":[[[33.658439,-16.089565],[33.658409,-16.080525],[33.649059,-16.080554],[33.649089,-16.089593],[33.658439,-16.089565]]]}},{"type":"Feature","properties":{"ano":2025,"camada":"cultivo_sequeiro","area_km2":0.1692,"fracao_cobertura_celula":0.1692},"geometry":{"type":"Polygon","coordinates":[[[33.658409,-16.080525],[33.658379,-16.071485],[33.64903,-16.071514],[33.649059,-16.080554],[33.658409,-16.080525]]]}},{"type":"Feature","properties":{"ano":2025,"camada":"cultivo_sequeiro","area_km2":0.1962,"fracao_cobertura_celula":0.1962},"geometry":{"type":"Polygon","coordinates":[[[33.658379,-16.071485],[33.658349,-16.062446],[33.649001,-16.062474],[33.64903,-16.071514],[33.658379,-16.071485]]]}},{"type":"Feature","properties":{"ano":2025,"camada":"cultivo_sequeiro","area_km2":0.0432,"fracao_cobertura_celula":0.0432},"geometry":{"type":"Polygon","coordinates":[[[33.658349,-16.062446],[33.65832,-16.053406],[33.648971,-16.053434],[33.649001,-16.062474],[33.658349,-16.062446]]]}},{"type":"Feature","properties":{"ano":2025,"camada":"cultivo_sequeiro","area_km2":1.1556,"fracao_cobertura_celula":1.1556},"geometry":{"type":"Polygon","coordinates":[[[33.65832,-16.053406],[33.65829,-16.044366],[33.648942,-16.044395],[33.648971,-16.053434],[33.65832,-16.053406]]]}},{"type":"Feature","properties":{"ano":2025,"camada":"cultivo_sequeiro","area_km2":0.6345,"fracao_cobertura_celula":0.6345},"geometry":{"type":"Polygon","coordinates":[[[33.65829,-16.044366],[33.65826,-16.035326],[33.648913,-16.035355],[33.648942,-16.044395],[33.65829,-16.044366]]]}},{"type":"Feature","properties":{"ano":2025,"camada":"cultivo_sequeiro","area_km2":0.1179,"fracao_cobertura_celula":0.1179},"geometry":{"type":"Polygon","coordinates":[[[33.65826,-16.035326],[33.658231,-16.026286],[33.648884,-16.026315],[33.648913,-16.035355],[33.65826,-16.035326]]]}},{"type":"Feature","properties":{"ano":2025,"camada":"cultivo_sequeiro","area_km2":0.4842,"fracao_cobertura_celula":0.4842},"geometry":{"type":"Polygon","coordinates":[[[33.658231,-16.026286],[33.658201,-16.017247],[33.648854,-16.017275],[33.648884,-16.026315],[33.658231,-16.026286]]]}},{"type":"Feature","properties":{"ano":2025,"camada":"cultivo_sequeiro","area_km2":0.1962,"fracao_cobertura_celula":0.1962},"geometry":{"type":"Polygon","coordinates":[[[33.658201,-16.017247],[33.658171,-16.008207],[33.648825,-16.008235],[33.648854,-16.017275],[33.658201,-16.017247]]]}},{"type":"Feature","properties":{"ano":2025,"camada":"cultivo_sequeiro","area_km2":0.0639,"fracao_cobertura_celula":0.0639},"geometry":{"type":"Polygon","coordinates":[[[33.658171,-16.008207],[33.658142,-15.999167],[33.648796,-15.999195],[33.648825,-16.008235],[33.658171,-16.008207]]]}},{"type":"Feature","properties":{"ano":2025,"camada":"cultivo_sequeiro","area_km2":0.4815,"fracao_cobertura_celula":0.4815},"geometry":{"type":"Polygon","coordinates":[[[33.668673,-16.351684],[33.668642,-16.342645],[33.65928,-16.342674],[33.65931,-16.351714],[33.668673,-16.351684]]]}},{"type":"Feature","properties":{"ano":2025,"camada":"cultivo_sequeiro","area_km2":0.1926,"fracao_cobertura_celula":0.1926},"geometry":{"type":"Polygon","coordinates":[[[33.668642,-16.342645],[33.668611,-16.333605],[33.65925,-16.333635],[33.65928,-16.342674],[33.668642,-16.342645]]]}},{"type":"Feature","properties":{"ano":2025,"camada":"cultivo_sequeiro","area_km2":0.0252,"fracao_cobertura_celula":0.0252},"geometry":{"type":"Polygon","coordinates":[[[33.668611,-16.333605],[33.668581,-16.324566],[33.659219,-16.324595],[33.65925,-16.333635],[33.668611,-16.333605]]]}},{"type":"Feature","properties":{"ano":2025,"camada":"cultivo_sequeiro","area_km2":0.0081,"fracao_cobertura_celula":0.0081},"geometry":{"type":"Polygon","coordinates":[[[33.668581,-16.324566],[33.66855,-16.315526],[33.659189,-16.315556],[33.659219,-16.324595],[33.668581,-16.324566]]]}},{"type":"Feature","properties":{"ano":2025,"camada":"cultivo_sequeiro","area_km2":0.036,"fracao_cobertura_celula":0.036},"geometry":{"type":"Polygon","coordinates":[[[33.66855,-16.315526],[33.668519,-16.306487],[33.659159,-16.306516],[33.659189,-16.315556],[33.66855,-16.315526]]]}},{"type":"Feature","properties":{"ano":2025,"camada":"cultivo_sequeiro","area_km2":0.0036,"fracao_cobertura_celula":0.0036},"geometry":{"type":"Polygon","coordinates":[[[33.668519,-16.306487],[33.668489,-16.297447],[33.659129,-16.297477],[33.659159,-16.306516],[33.668519,-16.306487]]]}},{"type":"Feature","properties":{"ano":2025,"camada":"cultivo_sequeiro","area_km2":0.0306,"fracao_cobertura_celula":0.0306},"geometry":{"type":"Polygon","coordinates":[[[33.668489,-16.297447],[33.668458,-16.288408],[33.659098,-16.288437],[33.659129,-16.297477],[33.668489,-16.297447]]]}},{"type":"Feature","properties":{"ano":2025,"camada":"cultivo_sequeiro","area_km2":0.6273,"fracao_cobertura_celula":0.6273},"geometry":{"type":"Polygon","coordinates":[[[33.668458,-16.288408],[33.668427,-16.279368],[33.659068,-16.279398],[33.659098,-16.288437],[33.668458,-16.288408]]]}},{"type":"Feature","properties":{"ano":2025,"camada":"cultivo_sequeiro","area_km2":0.1008,"fracao_cobertura_celula":0.1008},"geometry":{"type":"Polygon","coordinates":[[[33.668427,-16.279368],[33.668397,-16.270329],[33.659038,-16.270358],[33.659068,-16.279398],[33.668427,-16.279368]]]}},{"type":"Feature","properties":{"ano":2025,"camada":"cultivo_sequeiro","area_km2":0.3771,"fracao_cobertura_celula":0.3771},"geometry":{"type":"Polygon","coordinates":[[[33.668397,-16.270329],[33.668366,-16.261289],[33.659008,-16.261318],[33.659038,-16.270358],[33.668397,-16.270329]]]}},{"type":"Feature","properties":{"ano":2025,"camada":"cultivo_sequeiro","area_km2":0.279,"fracao_cobertura_celula":0.279},"geometry":{"type":"Polygon","coordinates":[[[33.668366,-16.261289],[33.668336,-16.25225],[33.658978,-16.252279],[33.659008,-16.261318],[33.668366,-16.261289]]]}},{"type":"Feature","properties":{"ano":2025,"camada":"cultivo_sequeiro","area_km2":0.0099,"fracao_cobertura_celula":0.0099},"geometry":{"type":"Polygon","coordinates":[[[33.668336,-16.25225],[33.668305,-16.24321],[33.658948,-16.243239],[33.658978,-16.252279],[33.668336,-16.25225]]]}},{"type":"Feature","properties":{"ano":2025,"camada":"cultivo_sequeiro","area_km2":0.0081,"fracao_cobertura_celula":0.0081},"geometry":{"type":"Polygon","coordinates":[[[33.668305,-16.24321],[33.668274,-16.23417],[33.658918,-16.2342],[33.658948,-16.243239],[33.668305,-16.24321]]]}},{"type":"Feature","properties":{"ano":2025,"camada":"cultivo_sequeiro","area_km2":0.0504,"fracao_cobertura_celula":0.0504},"geometry":{"type":"Polygon","coordinates":[[[33.668274,-16.23417],[33.668244,-16.225131],[33.658888,-16.22516],[33.658918,-16.2342],[33.668274,-16.23417]]]}},{"type":"Feature","properties":{"ano":2025,"camada":"cultivo_sequeiro","area_km2":0.9972,"fracao_cobertura_celula":0.9972},"geometry":{"type":"Polygon","coordinates":[[[33.668244,-16.225131],[33.668213,-16.216091],[33.658857,-16.21612],[33.658888,-16.22516],[33.668244,-16.225131]]]}},{"type":"Feature","properties":{"ano":2025,"camada":"cultivo_sequeiro","area_km2":0.1674,"fracao_cobertura_celula":0.1674},"geometry":{"type":"Polygon","coordinates":[[[33.668213,-16.216091],[33.668183,-16.207052],[33.658827,-16.207081],[33.658857,-16.21612],[33.668213,-16.216091]]]}},{"type":"Feature","properties":{"ano":2025,"camada":"cultivo_sequeiro","area_km2":0.1809,"fracao_cobertura_celula":0.1809},"geometry":{"type":"Polygon","coordinates":[[[33.668183,-16.207052],[33.668153,-16.198012],[33.658797,-16.198041],[33.658827,-16.207081],[33.668183,-16.207052]]]}},{"type":"Feature","properties":{"ano":2025,"camada":"cultivo_sequeiro","area_km2":0.4815,"fracao_cobertura_celula":0.4815},"geometry":{"type":"Polygon","coordinates":[[[33.668153,-16.198012],[33.668122,-16.188972],[33.658767,-16.189001],[33.658797,-16.198041],[33.668153,-16.198012]]]}},{"type":"Feature","properties":{"ano":2025,"camada":"cultivo_sequeiro","area_km2":0.09,"fracao_cobertura_celula":0.09},"geometry":{"type":"Polygon","coordinates":[[[33.668122,-16.188972],[33.668092,-16.179933],[33.658737,-16.179962],[33.658767,-16.189001],[33.668122,-16.188972]]]}},{"type":"Feature","properties":{"ano":2025,"camada":"cultivo_sequeiro","area_km2":0.1935,"fracao_cobertura_celula":0.1935},"geometry":{"type":"Polygon","coordinates":[[[33.668092,-16.179933],[33.668061,-16.170893],[33.658707,-16.170922],[33.658737,-16.179962],[33.668092,-16.179933]]]}},{"type":"Feature","properties":{"ano":2025,"camada":"cultivo_sequeiro","area_km2":0.0963,"fracao_cobertura_celula":0.0963},"geometry":{"type":"Polygon","coordinates":[[[33.668061,-16.170893],[33.668031,-16.161853],[33.658678,-16.161882],[33.658707,-16.170922],[33.668061,-16.170893]]]}},{"type":"Feature","properties":{"ano":2025,"camada":"cultivo_sequeiro","area_km2":0.0324,"fracao_cobertura_celula":0.0324},"geometry":{"type":"Polygon","coordinates":[[[33.668031,-16.161853],[33.668001,-16.152814],[33.658648,-16.152843],[33.658678,-16.161882],[33.668031,-16.161853]]]}},{"type":"Feature","properties":{"ano":2025,"camada":"cultivo_sequeiro","area_km2":0.0036,"fracao_cobertura_celula":0.0036},"geometry":{"type":"Polygon","coordinates":[[[33.668001,-16.152814],[33.66797,-16.143774],[33.658618,-16.143803],[33.658648,-16.152843],[33.668001,-16.152814]]]}},{"type":"Feature","properties":{"ano":2025,"camada":"cultivo_sequeiro","area_km2":0.0459,"fracao_cobertura_celula":0.0459},"geometry":{"type":"Polygon","coordinates":[[[33.66797,-16.143774],[33.66794,-16.134734],[33.658588,-16.134763],[33.658618,-16.143803],[33.66797,-16.143774]]]}},{"type":"Feature","properties":{"ano":2025,"camada":"cultivo_sequeiro","area_km2":0.0603,"fracao_cobertura_celula":0.0603},"geometry":{"type":"Polygon","coordinates":[[[33.66794,-16.134734],[33.66791,-16.125695],[33.658558,-16.125724],[33.658588,-16.134763],[33.66794,-16.134734]]]}},{"type":"Feature","properties":{"ano":2025,"camada":"cultivo_sequeiro","area_km2":0.0441,"fracao_cobertura_celula":0.0441},"geometry":{"type":"Polygon","coordinates":[[[33.66791,-16.125695],[33.667879,-16.116655],[33.658528,-16.116684],[33.658558,-16.125724],[33.66791,-16.125695]]]}},{"type":"Feature","properties":{"ano":2025,"camada":"cultivo_sequeiro","area_km2":0.0288,"fracao_cobertura_celula":0.0288},"geometry":{"type":"Polygon","coordinates":[[[33.667879,-16.116655],[33.667849,-16.107615],[33.658498,-16.107644],[33.658528,-16.116684],[33.667879,-16.116655]]]}},{"type":"Feature","properties":{"ano":2025,"camada":"cultivo_sequeiro","area_km2":0.0144,"fracao_cobertura_celula":0.0144},"geometry":{"type":"Polygon","coordinates":[[[33.667849,-16.107615],[33.667819,-16.098576],[33.658468,-16.098605],[33.658498,-16.107644],[33.667849,-16.107615]]]}},{"type":"Feature","properties":{"ano":2025,"camada":"cultivo_sequeiro","area_km2":0.1116,"fracao_cobertura_celula":0.1116},"geometry":{"type":"Polygon","coordinates":[[[33.667819,-16.098576],[33.667789,-16.089536],[33.658439,-16.089565],[33.658468,-16.098605],[33.667819,-16.098576]]]}},{"type":"Feature","properties":{"ano":2025,"camada":"cultivo_sequeiro","area_km2":1.314,"fracao_cobertura_celula":1.314},"geometry":{"type":"Polygon","coordinates":[[[33.667789,-16.089536],[33.667759,-16.080496],[33.658409,-16.080525],[33.658439,-16.089565],[33.667789,-16.089536]]]}},{"type":"Feature","properties":{"ano":2025,"camada":"cultivo_sequeiro","area_km2":0.2745,"fracao_cobertura_celula":0.2745},"geometry":{"type":"Polygon","coordinates":[[[33.667759,-16.080496],[33.667728,-16.071456],[33.658379,-16.071485],[33.658409,-16.080525],[33.667759,-16.080496]]]}},{"type":"Feature","properties":{"ano":2025,"camada":"cultivo_sequeiro","area_km2":0.2709,"fracao_cobertura_celula":0.2709},"geometry":{"type":"Polygon","coordinates":[[[33.667728,-16.071456],[33.667698,-16.062417],[33.658349,-16.062446],[33.658379,-16.071485],[33.667728,-16.071456]]]}},{"type":"Feature","properties":{"ano":2025,"camada":"cultivo_sequeiro","area_km2":0.162,"fracao_cobertura_celula":0.162},"geometry":{"type":"Polygon","coordinates":[[[33.667698,-16.062417],[33.667668,-16.053377],[33.65832,-16.053406],[33.658349,-16.062446],[33.667698,-16.062417]]]}},{"type":"Feature","properties":{"ano":2025,"camada":"cultivo_sequeiro","area_km2":0.0513,"fracao_cobertura_celula":0.0513},"geometry":{"type":"Polygon","coordinates":[[[33.667668,-16.053377],[33.667638,-16.044337],[33.65829,-16.044366],[33.65832,-16.053406],[33.667668,-16.053377]]]}},{"type":"Feature","properties":{"ano":2025,"camada":"cultivo_sequeiro","area_km2":0.0405,"fracao_cobertura_celula":0.0405},"geometry":{"type":"Polygon","coordinates":[[[33.667638,-16.044337],[33.667608,-16.035297],[33.65826,-16.035326],[33.65829,-16.044366],[33.667638,-16.044337]]]}},{"type":"Feature","properties":{"ano":2025,"camada":"cultivo_sequeiro","area_km2":0.0279,"fracao_cobertura_celula":0.0279},"geometry":{"type":"Polygon","coordinates":[[[33.667608,-16.035297],[33.667578,-16.026258],[33.658231,-16.026286],[33.65826,-16.035326],[33.667608,-16.035297]]]}},{"type":"Feature","properties":{"ano":2025,"camada":"cultivo_sequeiro","area_km2":0.0153,"fracao_cobertura_celula":0.0153},"geometry":{"type":"Polygon","coordinates":[[[33.667578,-16.026258],[33.667548,-16.017218],[33.658201,-16.017247],[33.658231,-16.026286],[33.667578,-16.026258]]]}},{"type":"Feature","properties":{"ano":2025,"camada":"cultivo_sequeiro","area_km2":0.2025,"fracao_cobertura_celula":0.2025},"geometry":{"type":"Polygon","coordinates":[[[33.667548,-16.017218],[33.667518,-16.008178],[33.658171,-16.008207],[33.658201,-16.017247],[33.667548,-16.017218]]]}},{"type":"Feature","properties":{"ano":2025,"camada":"cultivo_sequeiro","area_km2":0.126,"fracao_cobertura_celula":0.126},"geometry":{"type":"Polygon","coordinates":[[[33.667518,-16.008178],[33.667488,-15.999138],[33.658142,-15.999167],[33.658171,-16.008207],[33.667518,-16.008178]]]}},{"type":"Feature","properties":{"ano":2025,"camada":"cultivo_sequeiro","area_km2":0.1683,"fracao_cobertura_celula":0.1683},"geometry":{"type":"Polygon","coordinates":[[[33.678035,-16.351655],[33.678004,-16.342615],[33.668642,-16.342645],[33.668673,-16.351684],[33.678035,-16.351655]]]}},{"type":"Feature","properties":{"ano":2025,"camada":"cultivo_sequeiro","area_km2":0.2718,"fracao_cobertura_celula":0.2718},"geometry":{"type":"Polygon","coordinates":[[[33.678004,-16.342615],[33.677973,-16.333576],[33.668611,-16.333605],[33.668642,-16.342645],[33.678004,-16.342615]]]}},{"type":"Feature","properties":{"ano":2025,"camada":"cultivo_sequeiro","area_km2":0.0765,"fracao_cobertura_celula":0.0765},"geometry":{"type":"Polygon","coordinates":[[[33.677973,-16.333576],[33.677942,-16.324536],[33.668581,-16.324566],[33.668611,-16.333605],[33.677973,-16.333576]]]}},{"type":"Feature","properties":{"ano":2025,"camada":"cultivo_sequeiro","area_km2":0.1107,"fracao_cobertura_celula":0.1107},"geometry":{"type":"Polygon","coordinates":[[[33.677942,-16.324536],[33.677911,-16.315497],[33.66855,-16.315526],[33.668581,-16.324566],[33.677942,-16.324536]]]}},{"type":"Feature","properties":{"ano":2025,"camada":"cultivo_sequeiro","area_km2":0.0522,"fracao_cobertura_celula":0.0522},"geometry":{"type":"Polygon","coordinates":[[[33.677911,-16.315497],[33.677879,-16.306457],[33.668519,-16.306487],[33.66855,-16.315526],[33.677911,-16.315497]]]}},{"type":"Feature","properties":{"ano":2025,"camada":"cultivo_sequeiro","area_km2":0.0711,"fracao_cobertura_celula":0.0711},"geometry":{"type":"Polygon","coordinates":[[[33.677879,-16.306457],[33.677848,-16.297418],[33.668489,-16.297447],[33.668519,-16.306487],[33.677879,-16.306457]]]}},{"type":"Feature","properties":{"ano":2025,"camada":"cultivo_sequeiro","area_km2":0.8361,"fracao_cobertura_celula":0.8361},"geometry":{"type":"Polygon","coordinates":[[[33.677848,-16.297418],[33.677817,-16.288378],[33.668458,-16.288408],[33.668489,-16.297447],[33.677848,-16.297418]]]}},{"type":"Feature","properties":{"ano":2025,"camada":"cultivo_sequeiro","area_km2":0.5616,"fracao_cobertura_celula":0.5616},"geometry":{"type":"Polygon","coordinates":[[[33.677817,-16.288378],[33.677786,-16.279338],[33.668427,-16.279368],[33.668458,-16.288408],[33.677817,-16.288378]]]}},{"type":"Feature","properties":{"ano":2025,"camada":"cultivo_sequeiro","area_km2":0.252,"fracao_cobertura_celula":0.252},"geometry":{"type":"Polygon","coordinates":[[[33.677786,-16.279338],[33.677755,-16.270299],[33.668397,-16.270329],[33.668427,-16.279368],[33.677786,-16.279338]]]}},{"type":"Feature","properties":{"ano":2025,"camada":"cultivo_sequeiro","area_km2":0.0585,"fracao_cobertura_celula":0.0585},"geometry":{"type":"Polygon","coordinates":[[[33.677755,-16.270299],[33.677724,-16.261259],[33.668366,-16.261289],[33.668397,-16.270329],[33.677755,-16.270299]]]}},{"type":"Feature","properties":{"ano":2025,"camada":"cultivo_sequeiro","area_km2":0.0297,"fracao_cobertura_celula":0.0297},"geometry":{"type":"Polygon","coordinates":[[[33.677724,-16.261259],[33.677693,-16.25222],[33.668336,-16.25225],[33.668366,-16.261289],[33.677724,-16.261259]]]}},{"type":"Feature","properties":{"ano":2025,"camada":"cultivo_sequeiro","area_km2":0.0144,"fracao_cobertura_celula":0.0144},"geometry":{"type":"Polygon","coordinates":[[[33.677693,-16.25222],[33.677662,-16.24318],[33.668305,-16.24321],[33.668336,-16.25225],[33.677693,-16.25222]]]}},{"type":"Feature","properties":{"ano":2025,"camada":"cultivo_sequeiro","area_km2":0.0513,"fracao_cobertura_celula":0.0513},"geometry":{"type":"Polygon","coordinates":[[[33.677662,-16.24318],[33.677631,-16.234141],[33.668274,-16.23417],[33.668305,-16.24321],[33.677662,-16.24318]]]}},{"type":"Feature","properties":{"ano":2025,"camada":"cultivo_sequeiro","area_km2":0.0405,"fracao_cobertura_celula":0.0405},"geometry":{"type":"Polygon","coordinates":[[[33.677631,-16.234141],[33.6776,-16.225101],[33.668244,-16.225131],[33.668274,-16.23417],[33.677631,-16.234141]]]}},{"type":"Feature","properties":{"ano":2025,"camada":"cultivo_sequeiro","area_km2":0.0225,"fracao_cobertura_celula":0.0225},"geometry":{"type":"Polygon","coordinates":[[[33.6776,-16.225101],[33.677569,-16.216061],[33.668213,-16.216091],[33.668244,-16.225131],[33.6776,-16.225101]]]}},{"type":"Feature","properties":{"ano":2025,"camada":"cultivo_sequeiro","area_km2":0.081,"fracao_cobertura_celula":0.081},"geometry":{"type":"Polygon","coordinates":[[[33.677569,-16.216061],[33.677539,-16.207022],[33.668183,-16.207052],[33.668213,-16.216091],[33.677569,-16.216061]]]}},{"type":"Feature","properties":{"ano":2025,"camada":"cultivo_sequeiro","area_km2":0.3321,"fracao_cobertura_celula":0.3321},"geometry":{"type":"Polygon","coordinates":[[[33.677539,-16.207022],[33.677508,-16.197982],[33.668153,-16.198012],[33.668183,-16.207052],[33.677539,-16.207022]]]}},{"type":"Feature","properties":{"ano":2025,"camada":"cultivo_sequeiro","area_km2":0.243,"fracao_cobertura_celula":0.243},"geometry":{"type":"Polygon","coordinates":[[[33.677508,-16.197982],[33.677477,-16.188943],[33.668122,-16.188972],[33.668153,-16.198012],[33.677508,-16.197982]]]}},{"type":"Feature","properties":{"ano":2025,"camada":"cultivo_sequeiro","area_km2":0.0198,"fracao_cobertura_celula":0.0198},"geometry":{"type":"Polygon","coordinates":[[[33.677477,-16.188943],[33.677446,-16.179903],[33.668092,-16.179933],[33.668122,-16.188972],[33.677477,-16.188943]]]}},{"type":"Feature","properties":{"ano":2025,"camada":"cultivo_sequeiro","area_km2":0.0009,"fracao_cobertura_celula":0.0009},"geometry":{"type":"Polygon","coordinates":[[[33.677415,-16.170863],[33.677384,-16.161824],[33.668031,-16.161853],[33.668061,-16.170893],[33.677415,-16.170863]]]}},{"type":"Feature","properties":{"ano":2025,"camada":"cultivo_sequeiro","area_km2":0.0108,"fracao_cobertura_celula":0.0108},"geometry":{"type":"Polygon","coordinates":[[[33.677384,-16.161824],[33.677354,-16.152784],[33.668001,-16.152814],[33.668031,-16.161853],[33.677384,-16.161824]]]}},{"type":"Feature","properties":{"ano":2025,"camada":"cultivo_sequeiro","area_km2":0.0243,"fracao_cobertura_celula":0.0243},"geometry":{"type":"Polygon","coordinates":[[[33.677354,-16.152784],[33.677323,-16.143744],[33.66797,-16.143774],[33.668001,-16.152814],[33.677354,-16.152784]]]}},{"type":"Feature","properties":{"ano":2025,"camada":"cultivo_sequeiro","area_km2":0.018,"fracao_cobertura_celula":0.018},"geometry":{"type":"Polygon","coordinates":[[[33.677323,-16.143744],[33.677292,-16.134705],[33.66794,-16.134734],[33.66797,-16.143774],[33.677323,-16.143744]]]}},{"type":"Feature","properties":{"ano":2025,"camada":"cultivo_sequeiro","area_km2":0.1035,"fracao_cobertura_celula":0.1035},"geometry":{"type":"Polygon","coordinates":[[[33.677292,-16.134705],[33.677261,-16.125665],[33.66791,-16.125695],[33.66794,-16.134734],[33.677292,-16.134705]]]}},{"type":"Feature","properties":{"ano":2025,"camada":"cultivo_sequeiro","area_km2":0.4536,"fracao_cobertura_celula":0.4536},"geometry":{"type":"Polygon","coordinates":[[[33.677261,-16.125665],[33.677231,-16.116625],[33.667879,-16.116655],[33.66791,-16.125695],[33.677261,-16.125665]]]}},{"type":"Feature","properties":{"ano":2025,"camada":"cultivo_sequeiro","area_km2":0.0936,"fracao_cobertura_celula":0.0936},"geometry":{"type":"Polygon","coordinates":[[[33.677231,-16.116625],[33.6772,-16.107586],[33.667849,-16.107615],[33.667879,-16.116655],[33.677231,-16.116625]]]}},{"type":"Feature","properties":{"ano":2025,"camada":"cultivo_sequeiro","area_km2":0.0009,"fracao_cobertura_celula":0.0009},"geometry":{"type":"Polygon","coordinates":[[[33.6772,-16.107586],[33.677169,-16.098546],[33.667819,-16.098576],[33.667849,-16.107615],[33.6772,-16.107586]]]}},{"type":"Feature","properties":{"ano":2025,"camada":"cultivo_sequeiro","area_km2":0.0045,"fracao_cobertura_celula":0.0045},"geometry":{"type":"Polygon","coordinates":[[[33.677169,-16.098546],[33.677139,-16.089506],[33.667789,-16.089536],[33.667819,-16.098576],[33.677169,-16.098546]]]}},{"type":"Feature","properties":{"ano":2025,"camada":"cultivo_sequeiro","area_km2":0.0243,"fracao_cobertura_celula":0.0243},"geometry":{"type":"Polygon","coordinates":[[[33.677108,-16.080467],[33.677078,-16.071427],[33.667728,-16.071456],[33.667759,-16.080496],[33.677108,-16.080467]]]}},{"type":"Feature","properties":{"ano":2025,"camada":"cultivo_sequeiro","area_km2":0.0315,"fracao_cobertura_celula":0.0315},"geometry":{"type":"Polygon","coordinates":[[[33.677078,-16.071427],[33.677047,-16.062387],[33.667698,-16.062417],[33.667728,-16.071456],[33.677078,-16.071427]]]}},{"type":"Feature","properties":{"ano":2025,"camada":"cultivo_sequeiro","area_km2":0.2277,"fracao_cobertura_celula":0.2277},"geometry":{"type":"Polygon","coordinates":[[[33.677047,-16.062387],[33.677016,-16.053348],[33.667668,-16.053377],[33.667698,-16.062417],[33.677047,-16.062387]]]}},{"type":"Feature","properties":{"ano":2025,"camada":"cultivo_sequeiro","area_km2":0.2547,"fracao_cobertura_celula":0.2547},"geometry":{"type":"Polygon","coordinates":[[[33.677016,-16.053348],[33.676986,-16.044308],[33.667638,-16.044337],[33.667668,-16.053377],[33.677016,-16.053348]]]}},{"type":"Feature","properties":{"ano":2025,"camada":"cultivo_sequeiro","area_km2":4.4973,"fracao_cobertura_celula":4.4973},"geometry":{"type":"Polygon","coordinates":[[[33.676986,-16.044308],[33.676955,-16.035268],[33.667608,-16.035297],[33.667638,-16.044337],[33.676986,-16.044308]]]}},{"type":"Feature","properties":{"ano":2025,"camada":"cultivo_sequeiro","area_km2":0.0036,"fracao_cobertura_celula":0.0036},"geometry":{"type":"Polygon","coordinates":[[[33.676955,-16.035268],[33.676925,-16.026228],[33.667578,-16.026258],[33.667608,-16.035297],[33.676955,-16.035268]]]}},{"type":"Feature","properties":{"ano":2025,"camada":"cultivo_sequeiro","area_km2":0.0936,"fracao_cobertura_celula":0.0936},"geometry":{"type":"Polygon","coordinates":[[[33.676925,-16.026228],[33.676894,-16.017189],[33.667548,-16.017218],[33.667578,-16.026258],[33.676925,-16.026228]]]}},{"type":"Feature","properties":{"ano":2025,"camada":"cultivo_sequeiro","area_km2":0.1674,"fracao_cobertura_celula":0.1674},"geometry":{"type":"Polygon","coordinates":[[[33.676894,-16.017189],[33.676864,-16.008149],[33.667518,-16.008178],[33.667548,-16.017218],[33.676894,-16.017189]]]}},{"type":"Feature","properties":{"ano":2025,"camada":"cultivo_sequeiro","area_km2":0.0711,"fracao_cobertura_celula":0.0711},"geometry":{"type":"Polygon","coordinates":[[[33.676864,-16.008149],[33.676834,-15.999109],[33.667488,-15.999138],[33.667518,-16.008178],[33.676864,-16.008149]]]}},{"type":"Feature","properties":{"ano":2025,"camada":"cultivo_sequeiro","area_km2":0.0351,"fracao_cobertura_celula":0.0351},"geometry":{"type":"Polygon","coordinates":[[[33.687398,-16.351624],[33.687366,-16.342585],[33.678004,-16.342615],[33.678035,-16.351655],[33.687398,-16.351624]]]}},{"type":"Feature","properties":{"ano":2025,"camada":"cultivo_sequeiro","area_km2":0.1737,"fracao_cobertura_celula":0.1737},"geometry":{"type":"Polygon","coordinates":[[[33.687366,-16.342585],[33.687334,-16.333545],[33.677973,-16.333576],[33.678004,-16.342615],[33.687366,-16.342585]]]}},{"type":"Feature","properties":{"ano":2025,"camada":"cultivo_sequeiro","area_km2":0.0693,"fracao_cobertura_celula":0.0693},"geometry":{"type":"Polygon","coordinates":[[[33.687334,-16.333545],[33.687303,-16.324506],[33.677942,-16.324536],[33.677973,-16.333576],[33.687334,-16.333545]]]}},{"type":"Feature","properties":{"ano":2025,"camada":"cultivo_sequeiro","area_km2":0.0396,"fracao_cobertura_celula":0.0396},"geometry":{"type":"Polygon","coordinates":[[[33.687303,-16.324506],[33.687271,-16.315466],[33.677911,-16.315497],[33.677942,-16.324536],[33.687303,-16.324506]]]}},{"type":"Feature","properties":{"ano":2025,"camada":"cultivo_sequeiro","area_km2":0.1746,"fracao_cobertura_celula":0.1746},"geometry":{"type":"Polygon","coordinates":[[[33.687271,-16.315466],[33.68724,-16.306427],[33.677879,-16.306457],[33.677911,-16.315497],[33.687271,-16.315466]]]}},{"type":"Feature","properties":{"ano":2025,"camada":"cultivo_sequeiro","area_km2":0.1341,"fracao_cobertura_celula":0.1341},"geometry":{"type":"Polygon","coordinates":[[[33.68724,-16.306427],[33.687208,-16.297387],[33.677848,-16.297418],[33.677879,-16.306457],[33.68724,-16.306427]]]}},{"type":"Feature","properties":{"ano":2025,"camada":"cultivo_sequeiro","area_km2":0.243,"fracao_cobertura_celula":0.243},"geometry":{"type":"Polygon","coordinates":[[[33.687208,-16.297387],[33.687177,-16.288348],[33.677817,-16.288378],[33.677848,-16.297418],[33.687208,-16.297387]]]}},{"type":"Feature","properties":{"ano":2025,"camada":"cultivo_sequeiro","area_km2":0.1863,"fracao_cobertura_celula":0.1863},"geometry":{"type":"Polygon","coordinates":[[[33.687177,-16.288348],[33.687145,-16.279308],[33.677786,-16.279338],[33.677817,-16.288378],[33.687177,-16.288348]]]}},{"type":"Feature","properties":{"ano":2025,"camada":"cultivo_sequeiro","area_km2":0.0936,"fracao_cobertura_celula":0.0936},"geometry":{"type":"Polygon","coordinates":[[[33.687145,-16.279308],[33.687114,-16.270269],[33.677755,-16.270299],[33.677786,-16.279338],[33.687145,-16.279308]]]}},{"type":"Feature","properties":{"ano":2025,"camada":"cultivo_sequeiro","area_km2":0.0405,"fracao_cobertura_celula":0.0405},"geometry":{"type":"Polygon","coordinates":[[[33.687114,-16.270269],[33.687082,-16.261229],[33.677724,-16.261259],[33.677755,-16.270299],[33.687114,-16.270269]]]}},{"type":"Feature","properties":{"ano":2025,"camada":"cultivo_sequeiro","area_km2":0.0369,"fracao_cobertura_celula":0.0369},"geometry":{"type":"Polygon","coordinates":[[[33.687082,-16.261229],[33.687051,-16.25219],[33.677693,-16.25222],[33.677724,-16.261259],[33.687082,-16.261229]]]}},{"type":"Feature","properties":{"ano":2025,"camada":"cultivo_sequeiro","area_km2":0.0324,"fracao_cobertura_celula":0.0324},"geometry":{"type":"Polygon","coordinates":[[[33.687051,-16.25219],[33.68702,-16.24315],[33.677662,-16.24318],[33.677693,-16.25222],[33.687051,-16.25219]]]}},{"type":"Feature","properties":{"ano":2025,"camada":"cultivo_sequeiro","area_km2":0.0864,"fracao_cobertura_celula":0.0864},"geometry":{"type":"Polygon","coordinates":[[[33.68702,-16.24315],[33.686988,-16.234111],[33.677631,-16.234141],[33.677662,-16.24318],[33.68702,-16.24315]]]}},{"type":"Feature","properties":{"ano":2025,"camada":"cultivo_sequeiro","area_km2":0.1602,"fracao_cobertura_celula":0.1602},"geometry":{"type":"Polygon","coordinates":[[[33.686988,-16.234111],[33.686957,-16.225071],[33.6776,-16.225101],[33.677631,-16.234141],[33.686988,-16.234111]]]}},{"type":"Feature","properties":{"ano":2025,"camada":"cultivo_sequeiro","area_km2":0.0387,"fracao_cobertura_celula":0.0387},"geometry":{"type":"Polygon","coordinates":[[[33.686957,-16.225071],[33.686925,-16.216031],[33.677569,-16.216061],[33.6776,-16.225101],[33.686957,-16.225071]]]}},{"type":"Feature","properties":{"ano":2025,"camada":"cultivo_sequeiro","area_km2":0.0045,"fracao_cobertura_celula":0.0045},"geometry":{"type":"Polygon","coordinates":[[[33.686925,-16.216031],[33.686894,-16.206992],[33.677539,-16.207022],[33.677569,-16.216061],[33.686925,-16.216031]]]}},{"type":"Feature","properties":{"ano":2025,"camada":"cultivo_sequeiro","area_km2":0.1017,"fracao_cobertura_celula":0.1017},"geometry":{"type":"Polygon","coordinates":[[[33.686894,-16.206992],[33.686863,-16.197952],[33.677508,-16.197982],[33.677539,-16.207022],[33.686894,-16.206992]]]}},{"type":"Feature","properties":{"ano":2025,"camada":"cultivo_sequeiro","area_km2":0.0378,"fracao_cobertura_celula":0.0378},"geometry":{"type":"Polygon","coordinates":[[[33.686863,-16.197952],[33.686832,-16.188913],[33.677477,-16.188943],[33.677508,-16.197982],[33.686863,-16.197952]]]}},{"type":"Feature","properties":{"ano":2025,"camada":"cultivo_sequeiro","area_km2":3.2985,"fracao_cobertura_celula":3.2985},"geometry":{"type":"Polygon","coordinates":[[[33.686832,-16.188913],[33.6868,-16.179873],[33.677446,-16.179903],[33.677477,-16.188943],[33.686832,-16.188913]]]}},{"type":"Feature","properties":{"ano":2025,"camada":"cultivo_sequeiro","area_km2":0.054,"fracao_cobertura_celula":0.054},"geometry":{"type":"Polygon","coordinates":[[[33.6868,-16.179873],[33.686769,-16.170833],[33.677415,-16.170863],[33.677446,-16.179903],[33.6868,-16.179873]]]}},{"type":"Feature","properties":{"ano":2025,"camada":"cultivo_sequeiro","area_km2":0.18,"fracao_cobertura_celula":0.18},"geometry":{"type":"Polygon","coordinates":[[[33.686769,-16.170833],[33.686738,-16.161794],[33.677384,-16.161824],[33.677415,-16.170863],[33.686769,-16.170833]]]}},{"type":"Feature","properties":{"ano":2025,"camada":"cultivo_sequeiro","area_km2":0.0126,"fracao_cobertura_celula":0.0126},"geometry":{"type":"Polygon","coordinates":[[[33.686738,-16.161794],[33.686707,-16.152754],[33.677354,-16.152784],[33.677384,-16.161824],[33.686738,-16.161794]]]}},{"type":"Feature","properties":{"ano":2025,"camada":"cultivo_sequeiro","area_km2":0.0459,"fracao_cobertura_celula":0.0459},"geometry":{"type":"Polygon","coordinates":[[[33.686707,-16.152754],[33.686676,-16.143715],[33.677323,-16.143744],[33.677354,-16.152784],[33.686707,-16.152754]]]}},{"type":"Feature","properties":{"ano":2025,"camada":"cultivo_sequeiro","area_km2":0.0162,"fracao_cobertura_celula":0.0162},"geometry":{"type":"Polygon","coordinates":[[[33.686676,-16.143715],[33.686644,-16.134675],[33.677292,-16.134705],[33.677323,-16.143744],[33.686676,-16.143715]]]}},{"type":"Feature","properties":{"ano":2025,"camada":"cultivo_sequeiro","area_km2":0.117,"fracao_cobertura_celula":0.117},"geometry":{"type":"Polygon","coordinates":[[[33.686644,-16.134675],[33.686613,-16.125635],[33.677261,-16.125665],[33.677292,-16.134705],[33.686644,-16.134675]]]}},{"type":"Feature","properties":{"ano":2025,"camada":"cultivo_sequeiro","area_km2":0.0369,"fracao_cobertura_celula":0.0369},"geometry":{"type":"Polygon","coordinates":[[[33.686613,-16.125635],[33.686582,-16.116596],[33.677231,-16.116625],[33.677261,-16.125665],[33.686613,-16.125635]]]}},{"type":"Feature","properties":{"ano":2025,"camada":"cultivo_sequeiro","area_km2":0.0009,"fracao_cobertura_celula":0.0009},"geometry":{"type":"Polygon","coordinates":[[[33.68652,-16.098516],[33.686489,-16.089477],[33.677139,-16.089506],[33.677169,-16.098546],[33.68652,-16.098516]]]}},{"type":"Feature","properties":{"ano":2025,"camada":"cultivo_sequeiro","area_km2":0.0855,"fracao_cobertura_celula":0.0855},"geometry":{"type":"Polygon","coordinates":[[[33.686489,-16.089477],[33.686458,-16.080437],[33.677108,-16.080467],[33.677139,-16.089506],[33.686489,-16.089477]]]}},{"type":"Feature","properties":{"ano":2025,"camada":"cultivo_sequeiro","area_km2":7.1172,"fracao_cobertura_celula":7.1172},"geometry":{"type":"Polygon","coordinates":[[[33.686458,-16.080437],[33.686427,-16.071397],[33.677078,-16.071427],[33.677108,-16.080467],[33.686458,-16.080437]]]}},{"type":"Feature","properties":{"ano":2025,"camada":"cultivo_sequeiro","area_km2":0.0486,"fracao_cobertura_celula":0.0486},"geometry":{"type":"Polygon","coordinates":[[[33.686427,-16.071397],[33.686396,-16.062358],[33.677047,-16.062387],[33.677078,-16.071427],[33.686427,-16.071397]]]}},{"type":"Feature","properties":{"ano":2025,"camada":"cultivo_sequeiro","area_km2":0.2538,"fracao_cobertura_celula":0.2538},"geometry":{"type":"Polygon","coordinates":[[[33.686396,-16.062358],[33.686365,-16.053318],[33.677016,-16.053348],[33.677047,-16.062387],[33.686396,-16.062358]]]}},{"type":"Feature","properties":{"ano":2025,"camada":"cultivo_sequeiro","area_km2":0.0873,"fracao_cobertura_celula":0.0873},"geometry":{"type":"Polygon","coordinates":[[[33.686365,-16.053318],[33.686334,-16.044278],[33.676986,-16.044308],[33.677016,-16.053348],[33.686365,-16.053318]]]}},{"type":"Feature","properties":{"ano":2025,"camada":"cultivo_sequeiro","area_km2":0.0324,"fracao_cobertura_celula":0.0324},"geometry":{"type":"Polygon","coordinates":[[[33.686334,-16.044278],[33.686303,-16.035238],[33.676955,-16.035268],[33.676986,-16.044308],[33.686334,-16.044278]]]}},{"type":"Feature","properties":{"ano":2025,"camada":"cultivo_sequeiro","area_km2":0.1179,"fracao_cobertura_celula":0.1179},"geometry":{"type":"Polygon","coordinates":[[[33.686303,-16.035238],[33.686272,-16.026199],[33.676925,-16.026228],[33.676955,-16.035268],[33.686303,-16.035238]]]}},{"type":"Feature","properties":{"ano":2025,"camada":"cultivo_sequeiro","area_km2":0.7947,"fracao_cobertura_celula":0.7947},"geometry":{"type":"Polygon","coordinates":[[[33.686272,-16.026199],[33.686241,-16.017159],[33.676894,-16.017189],[33.676925,-16.026228],[33.686272,-16.026199]]]}},{"type":"Feature","properties":{"ano":2025,"camada":"cultivo_sequeiro","area_km2":0.0396,"fracao_cobertura_celula":0.0396},"geometry":{"type":"Polygon","coordinates":[[[33.686241,-16.017159],[33.68621,-16.008119],[33.676864,-16.008149],[33.676894,-16.017189],[33.686241,-16.017159]]]}},{"type":"Feature","properties":{"ano":2025,"camada":"cultivo_sequeiro","area_km2":0.2916,"fracao_cobertura_celula":0.2916},"geometry":{"type":"Polygon","coordinates":[[[33.68621,-16.008119],[33.686179,-15.999079],[33.676834,-15.999109],[33.676864,-16.008149],[33.68621,-16.008119]]]}},{"type":"Feature","properties":{"ano":2025,"camada":"cultivo_sequeiro","area_km2":0.0072,"fracao_cobertura_celula":0.0072},"geometry":{"type":"Polygon","coordinates":[[[33.69676,-16.351593],[33.696728,-16.342554],[33.687366,-16.342585],[33.687398,-16.351624],[33.69676,-16.351593]]]}},{"type":"Feature","properties":{"ano":2025,"camada":"cultivo_sequeiro","area_km2":0.0675,"fracao_cobertura_celula":0.0675},"geometry":{"type":"Polygon","coordinates":[[[33.696728,-16.342554],[33.696696,-16.333515],[33.687334,-16.333545],[33.687366,-16.342585],[33.696728,-16.342554]]]}},{"type":"Feature","properties":{"ano":2025,"camada":"cultivo_sequeiro","area_km2":0.0792,"fracao_cobertura_celula":0.0792},"geometry":{"type":"Polygon","coordinates":[[[33.696696,-16.333515],[33.696664,-16.324475],[33.687303,-16.324506],[33.687334,-16.333545],[33.696696,-16.333515]]]}},{"type":"Feature","properties":{"ano":2025,"camada":"cultivo_sequeiro","area_km2":0.5652,"fracao_cobertura_celula":0.5652},"geometry":{"type":"Polygon","coordinates":[[[33.696664,-16.324475],[33.696632,-16.315436],[33.687271,-16.315466],[33.687303,-16.324506],[33.696664,-16.324475]]]}},{"type":"Feature","properties":{"ano":2025,"camada":"cultivo_sequeiro","area_km2":0.234,"fracao_cobertura_celula":0.234},"geometry":{"type":"Polygon","coordinates":[[[33.696632,-16.315436],[33.6966,-16.306396],[33.68724,-16.306427],[33.687271,-16.315466],[33.696632,-16.315436]]]}},{"type":"Feature","properties":{"ano":2025,"camada":"cultivo_sequeiro","area_km2":0.1656,"fracao_cobertura_celula":0.1656},"geometry":{"type":"Polygon","coordinates":[[[33.6966,-16.306396],[33.696568,-16.297357],[33.687208,-16.297387],[33.68724,-16.306427],[33.6966,-16.306396]]]}},{"type":"Feature","properties":{"ano":2025,"camada":"cultivo_sequeiro","area_km2":0.81,"fracao_cobertura_celula":0.81},"geometry":{"type":"Polygon","coordinates":[[[33.696568,-16.297357],[33.696536,-16.288317],[33.687177,-16.288348],[33.687208,-16.297387],[33.696568,-16.297357]]]}},{"type":"Feature","properties":{"ano":2025,"camada":"cultivo_sequeiro","area_km2":0.0135,"fracao_cobertura_celula":0.0135},"geometry":{"type":"Polygon","coordinates":[[[33.696536,-16.288317],[33.696504,-16.279278],[33.687145,-16.279308],[33.687177,-16.288348],[33.696536,-16.288317]]]}},{"type":"Feature","properties":{"ano":2025,"camada":"cultivo_sequeiro","area_km2":0.009,"fracao_cobertura_celula":0.009},"geometry":{"type":"Polygon","coordinates":[[[33.696504,-16.279278],[33.696472,-16.270238],[33.687114,-16.270269],[33.687145,-16.279308],[33.696504,-16.279278]]]}},{"type":"Feature","properties":{"ano":2025,"camada":"cultivo_sequeiro","area_km2":0.045,"fracao_cobertura_celula":0.045},"geometry":{"type":"Polygon","coordinates":[[[33.696472,-16.270238],[33.69644,-16.261199],[33.687082,-16.261229],[33.687114,-16.270269],[33.696472,-16.270238]]]}},{"type":"Feature","properties":{"ano":2025,"camada":"cultivo_sequeiro","area_km2":0.0585,"fracao_cobertura_celula":0.0585},"geometry":{"type":"Polygon","coordinates":[[[33.69644,-16.261199],[33.696409,-16.252159],[33.687051,-16.25219],[33.687082,-16.261229],[33.69644,-16.261199]]]}},{"type":"Feature","properties":{"ano":2025,"camada":"cultivo_sequeiro","area_km2":0.1161,"fracao_cobertura_celula":0.1161},"geometry":{"type":"Polygon","coordinates":[[[33.696409,-16.252159],[33.696377,-16.24312],[33.68702,-16.24315],[33.687051,-16.25219],[33.696409,-16.252159]]]}},{"type":"Feature","properties":{"ano":2025,"camada":"cultivo_sequeiro","area_km2":0.2871,"fracao_cobertura_celula":0.2871},"geometry":{"type":"Polygon","coordinates":[[[33.696377,-16.24312],[33.696345,-16.23408],[33.686988,-16.234111],[33.68702,-16.24315],[33.696377,-16.24312]]]}},{"type":"Feature","properties":{"ano":2025,"camada":"cultivo_sequeiro","area_km2":0.1863,"fracao_cobertura_celula":0.1863},"geometry":{"type":"Polygon","coordinates":[[[33.696345,-16.23408],[33.696313,-16.225041],[33.686957,-16.225071],[33.686988,-16.234111],[33.696345,-16.23408]]]}},{"type":"Feature","properties":{"ano":2025,"camada":"cultivo_sequeiro","area_km2":0.3645,"fracao_cobertura_celula":0.3645},"geometry":{"type":"Polygon","coordinates":[[[33.696313,-16.225041],[33.696281,-16.216001],[33.686925,-16.216031],[33.686957,-16.225071],[33.696313,-16.225041]]]}},{"type":"Feature","properties":{"ano":2025,"camada":"cultivo_sequeiro","area_km2":0.144,"fracao_cobertura_celula":0.144},"geometry":{"type":"Polygon","coordinates":[[[33.696281,-16.216001],[33.69625,-16.206961],[33.686894,-16.206992],[33.686925,-16.216031],[33.696281,-16.216001]]]}},{"type":"Feature","properties":{"ano":2025,"camada":"cultivo_sequeiro","area_km2":0.0801,"fracao_cobertura_celula":0.0801},"geometry":{"type":"Polygon","coordinates":[[[33.69625,-16.206961],[33.696218,-16.197922],[33.686863,-16.197952],[33.686894,-16.206992],[33.69625,-16.206961]]]}},{"type":"Feature","properties":{"ano":2025,"camada":"cultivo_sequeiro","area_km2":0.1017,"fracao_cobertura_celula":0.1017},"geometry":{"type":"Polygon","coordinates":[[[33.696155,-16.179843],[33.696123,-16.170803],[33.686769,-16.170833],[33.6868,-16.179873],[33.696155,-16.179843]]]}},{"type":"Feature","properties":{"ano":2025,"camada":"cultivo_sequeiro","area_km2":0.0432,"fracao_cobertura_celula":0.0432},"geometry":{"type":"Polygon","coordinates":[[[33.696123,-16.170803],[33.696091,-16.161763],[33.686738,-16.161794],[33.686769,-16.170833],[33.696123,-16.170803]]]}},{"type":"Feature","properties":{"ano":2025,"camada":"cultivo_sequeiro","area_km2":1.6416,"fracao_cobertura_celula":1.6416},"geometry":{"type":"Polygon","coordinates":[[[33.696091,-16.161763],[33.69606,-16.152724],[33.686707,-16.152754],[33.686738,-16.161794],[33.696091,-16.161763]]]}},{"type":"Feature","properties":{"ano":2025,"camada":"cultivo_sequeiro","area_km2":0.0486,"fracao_cobertura_celula":0.0486},"geometry":{"type":"Polygon","coordinates":[[[33.69606,-16.152724],[33.696028,-16.143684],[33.686676,-16.143715],[33.686707,-16.152754],[33.69606,-16.152724]]]}},{"type":"Feature","properties":{"ano":2025,"camada":"cultivo_sequeiro","area_km2":3.3354,"fracao_cobertura_celula":3.3354},"geometry":{"type":"Polygon","coordinates":[[[33.696028,-16.143684],[33.695996,-16.134645],[33.686644,-16.134675],[33.686676,-16.143715],[33.696028,-16.143684]]]}},{"type":"Feature","properties":{"ano":2025,"camada":"cultivo_sequeiro","area_km2":0.036,"fracao_cobertura_celula":0.036},"geometry":{"type":"Polygon","coordinates":[[[33.695996,-16.134645],[33.695965,-16.125605],[33.686613,-16.125635],[33.686644,-16.134675],[33.695996,-16.134645]]]}},{"type":"Feature","properties":{"ano":2025,"camada":"cultivo_sequeiro","area_km2":0.0099,"fracao_cobertura_celula":0.0099},"geometry":{"type":"Polygon","coordinates":[[[33.695965,-16.125605],[33.695933,-16.116565],[33.686582,-16.116596],[33.686613,-16.125635],[33.695965,-16.125605]]]}},{"type":"Feature","properties":{"ano":2025,"camada":"cultivo_sequeiro","area_km2":0.117,"fracao_cobertura_celula":0.117},"geometry":{"type":"Polygon","coordinates":[[[33.695839,-16.089446],[33.695807,-16.080407],[33.686458,-16.080437],[33.686489,-16.089477],[33.695839,-16.089446]]]}},{"type":"Feature","properties":{"ano":2025,"camada":"cultivo_sequeiro","area_km2":0.0279,"fracao_cobertura_celula":0.0279},"geometry":{"type":"Polygon","coordinates":[[[33.695807,-16.080407],[33.695776,-16.071367],[33.686427,-16.071397],[33.686458,-16.080437],[33.695807,-16.080407]]]}},{"type":"Feature","properties":{"ano":2025,"camada":"cultivo_sequeiro","area_km2":0.0081,"fracao_cobertura_celula":0.0081},"geometry":{"type":"Polygon","coordinates":[[[33.695776,-16.071367],[33.695745,-16.062327],[33.686396,-16.062358],[33.686427,-16.071397],[33.695776,-16.071367]]]}},{"type":"Feature","properties":{"ano":2025,"camada":"cultivo_sequeiro","area_km2":0.036,"fracao_cobertura_celula":0.036},"geometry":{"type":"Polygon","coordinates":[[[33.695745,-16.062327],[33.695713,-16.053288],[33.686365,-16.053318],[33.686396,-16.062358],[33.695745,-16.062327]]]}},{"type":"Feature","properties":{"ano":2025,"camada":"cultivo_sequeiro","area_km2":0.3141,"fracao_cobertura_celula":0.3141},"geometry":{"type":"Polygon","coordinates":[[[33.695713,-16.053288],[33.695682,-16.044248],[33.686334,-16.044278],[33.686365,-16.053318],[33.695713,-16.053288]]]}},{"type":"Feature","properties":{"ano":2025,"camada":"cultivo_sequeiro","area_km2":0.0504,"fracao_cobertura_celula":0.0504},"geometry":{"type":"Polygon","coordinates":[[[33.695682,-16.044248],[33.69565,-16.035208],[33.686303,-16.035238],[33.686334,-16.044278],[33.695682,-16.044248]]]}},{"type":"Feature","properties":{"ano":2025,"camada":"cultivo_sequeiro","area_km2":0.2538,"fracao_cobertura_celula":0.2538},"geometry":{"type":"Polygon","coordinates":[[[33.69565,-16.035208],[33.695619,-16.026169],[33.686272,-16.026199],[33.686303,-16.035238],[33.69565,-16.035208]]]}},{"type":"Feature","properties":{"ano":2025,"camada":"cultivo_sequeiro","area_km2":0.0747,"fracao_cobertura_celula":0.0747},"geometry":{"type":"Polygon","coordinates":[[[33.695619,-16.026169],[33.695588,-16.017129],[33.686241,-16.017159],[33.686272,-16.026199],[33.695619,-16.026169]]]}},{"type":"Feature","properties":{"ano":2025,"camada":"cultivo_sequeiro","area_km2":0.1764,"fracao_cobertura_celula":0.1764},"geometry":{"type":"Polygon","coordinates":[[[33.695588,-16.017129],[33.695556,-16.008089],[33.68621,-16.008119],[33.686241,-16.017159],[33.695588,-16.017129]]]}},{"type":"Feature","properties":{"ano":2025,"camada":"cultivo_sequeiro","area_km2":0.2025,"fracao_cobertura_celula":0.2025},"geometry":{"type":"Polygon","coordinates":[[[33.695556,-16.008089],[33.695525,-15.999049],[33.686179,-15.999079],[33.68621,-16.008119],[33.695556,-16.008089]]]}},{"type":"Feature","properties":{"ano":2025,"camada":"cultivo_sequeiro","area_km2":0.0063,"fracao_cobertura_celula":0.0063},"geometry":{"type":"Polygon","coordinates":[[[33.706122,-16.351562],[33.70609,-16.342523],[33.696728,-16.342554],[33.69676,-16.351593],[33.706122,-16.351562]]]}},{"type":"Feature","properties":{"ano":2025,"camada":"cultivo_sequeiro","area_km2":0.0288,"fracao_cobertura_celula":0.0288},"geometry":{"type":"Polygon","coordinates":[[[33.70609,-16.342523],[33.706057,-16.333483],[33.696696,-16.333515],[33.696728,-16.342554],[33.70609,-16.342523]]]}},{"type":"Feature","properties":{"ano":2025,"camada":"cultivo_sequeiro","area_km2":0.2439,"fracao_cobertura_celula":0.2439},"geometry":{"type":"Polygon","coordinates":[[[33.706057,-16.333483],[33.706025,-16.324444],[33.696664,-16.324475],[33.696696,-16.333515],[33.706057,-16.333483]]]}},{"type":"Feature","properties":{"ano":2025,"camada":"cultivo_sequeiro","area_km2":0.2025,"fracao_cobertura_celula":0.2025},"geometry":{"type":"Polygon","coordinates":[[[33.706025,-16.324444],[33.705993,-16.315405],[33.696632,-16.315436],[33.696664,-16.324475],[33.706025,-16.324444]]]}},{"type":"Feature","properties":{"ano":2025,"camada":"cultivo_sequeiro","area_km2":0.2241,"fracao_cobertura_celula":0.2241},"geometry":{"type":"Polygon","coordinates":[[[33.705993,-16.315405],[33.70596,-16.306365],[33.6966,-16.306396],[33.696632,-16.315436],[33.705993,-16.315405]]]}},{"type":"Feature","properties":{"ano":2025,"camada":"cultivo_sequeiro","area_km2":0.27,"fracao_cobertura_celula":0.27},"geometry":{"type":"Polygon","coordinates":[[[33.70596,-16.306365],[33.705928,-16.297326],[33.696568,-16.297357],[33.6966,-16.306396],[33.70596,-16.306365]]]}},{"type":"Feature","properties":{"ano":2025,"camada":"cultivo_sequeiro","area_km2":0.0378,"fracao_cobertura_celula":0.0378},"geometry":{"type":"Polygon","coordinates":[[[33.705928,-16.297326],[33.705895,-16.288286],[33.696536,-16.288317],[33.696568,-16.297357],[33.705928,-16.297326]]]}},{"type":"Feature","properties":{"ano":2025,"camada":"cultivo_sequeiro","area_km2":0.009,"fracao_cobertura_celula":0.009},"geometry":{"type":"Polygon","coordinates":[[[33.705895,-16.288286],[33.705863,-16.279247],[33.696504,-16.279278],[33.696536,-16.288317],[33.705895,-16.288286]]]}},{"type":"Feature","properties":{"ano":2025,"camada":"cultivo_sequeiro","area_km2":0.0432,"fracao_cobertura_celula":0.0432},"geometry":{"type":"Polygon","coordinates":[[[33.705863,-16.279247],[33.705831,-16.270207],[33.696472,-16.270238],[33.696504,-16.279278],[33.705863,-16.279247]]]}},{"type":"Feature","properties":{"ano":2025,"camada":"cultivo_sequeiro","area_km2":0.0936,"fracao_cobertura_celula":0.0936},"geometry":{"type":"Polygon","coordinates":[[[33.705831,-16.270207],[33.705799,-16.261168],[33.69644,-16.261199],[33.696472,-16.270238],[33.705831,-16.270207]]]}},{"type":"Feature","properties":{"ano":2025,"camada":"cultivo_sequeiro","area_km2":0.0486,"fracao_cobertura_celula":0.0486},"geometry":{"type":"Polygon","coordinates":[[[33.705799,-16.261168],[33.705766,-16.252128],[33.696409,-16.252159],[33.69644,-16.261199],[33.705799,-16.261168]]]}},{"type":"Feature","properties":{"ano":2025,"camada":"cultivo_sequeiro","area_km2":0.5751,"fracao_cobertura_celula":0.5751},"geometry":{"type":"Polygon","coordinates":[[[33.705766,-16.252128],[33.705734,-16.243089],[33.696377,-16.24312],[33.696409,-16.252159],[33.705766,-16.252128]]]}},{"type":"Feature","properties":{"ano":2025,"camada":"cultivo_sequeiro","area_km2":0.3357,"fracao_cobertura_celula":0.3357},"geometry":{"type":"Polygon","coordinates":[[[33.705734,-16.243089],[33.705702,-16.234049],[33.696345,-16.23408],[33.696377,-16.24312],[33.705734,-16.243089]]]}},{"type":"Feature","properties":{"ano":2025,"camada":"cultivo_sequeiro","area_km2":0.3159,"fracao_cobertura_celula":0.3159},"geometry":{"type":"Polygon","coordinates":[[[33.705702,-16.234049],[33.70567,-16.22501],[33.696313,-16.225041],[33.696345,-16.23408],[33.705702,-16.234049]]]}},{"type":"Feature","properties":{"ano":2025,"camada":"cultivo_sequeiro","area_km2":0.0873,"fracao_cobertura_celula":0.0873},"geometry":{"type":"Polygon","coordinates":[[[33.70567,-16.22501],[33.705637,-16.21597],[33.696281,-16.216001],[33.696313,-16.225041],[33.70567,-16.22501]]]}},{"type":"Feature","properties":{"ano":2025,"camada":"cultivo_sequeiro","area_km2":0.243,"fracao_cobertura_celula":0.243},"geometry":{"type":"Polygon","coordinates":[[[33.705637,-16.21597],[33.705605,-16.206931],[33.69625,-16.206961],[33.696281,-16.216001],[33.705637,-16.21597]]]}},{"type":"Feature","properties":{"ano":2025,"camada":"cultivo_sequeiro","area_km2":0.0873,"fracao_cobertura_celula":0.0873},"geometry":{"type":"Polygon","coordinates":[[[33.705605,-16.206931],[33.705573,-16.197891],[33.696218,-16.197922],[33.69625,-16.206961],[33.705605,-16.206931]]]}},{"type":"Feature","properties":{"ano":2025,"camada":"cultivo_sequeiro","area_km2":5.3037,"fracao_cobertura_celula":5.3037},"geometry":{"type":"Polygon","coordinates":[[[33.705573,-16.197891],[33.705541,-16.188851],[33.696186,-16.188882],[33.696218,-16.197922],[33.705573,-16.197891]]]}},{"type":"Feature","properties":{"ano":2025,"camada":"cultivo_sequeiro","area_km2":0.0045,"fracao_cobertura_celula":0.0045},"geometry":{"type":"Polygon","coordinates":[[[33.705541,-16.188851],[33.705509,-16.179812],[33.696155,-16.179843],[33.696186,-16.188882],[33.705541,-16.188851]]]}},{"type":"Feature","properties":{"ano":2025,"camada":"cultivo_sequeiro","area_km2":0.0954,"fracao_cobertura_celula":0.0954},"geometry":{"type":"Polygon","coordinates":[[[33.705509,-16.179812],[33.705477,-16.170772],[33.696123,-16.170803],[33.696155,-16.179843],[33.705509,-16.179812]]]}},{"type":"Feature","properties":{"ano":2025,"camada":"cultivo_sequeiro","area_km2":0.0666,"fracao_cobertura_celula":0.0666},"geometry":{"type":"Polygon","coordinates":[[[33.705477,-16.170772],[33.705445,-16.161733],[33.696091,-16.161763],[33.696123,-16.170803],[33.705477,-16.170772]]]}},{"type":"Feature","properties":{"ano":2025,"camada":"cultivo_sequeiro","area_km2":0.2052,"fracao_cobertura_celula":0.2052},"geometry":{"type":"Polygon","coordinates":[[[33.705445,-16.161733],[33.705413,-16.152693],[33.69606,-16.152724],[33.696091,-16.161763],[33.705445,-16.161733]]]}},{"type":"Feature","properties":{"ano":2025,"camada":"cultivo_sequeiro","area_km2":0.0963,"fracao_cobertura_celula":0.0963},"geometry":{"type":"Polygon","coordinates":[[[33.705413,-16.152693],[33.705381,-16.143654],[33.696028,-16.143684],[33.69606,-16.152724],[33.705413,-16.152693]]]}},{"type":"Feature","properties":{"ano":2025,"camada":"cultivo_sequeiro","area_km2":0.657,"fracao_cobertura_celula":0.657},"geometry":{"type":"Polygon","coordinates":[[[33.705381,-16.143654],[33.705349,-16.134614],[33.695996,-16.134645],[33.696028,-16.143684],[33.705381,-16.143654]]]}},{"type":"Feature","properties":{"ano":2025,"camada":"cultivo_sequeiro","area_km2":0.0396,"fracao_cobertura_celula":0.0396},"geometry":{"type":"Polygon","coordinates":[[[33.705349,-16.134614],[33.705317,-16.125574],[33.695965,-16.125605],[33.695996,-16.134645],[33.705349,-16.134614]]]}},{"type":"Feature","properties":{"ano":2025,"camada":"cultivo_sequeiro","area_km2":0.0171,"fracao_cobertura_celula":0.0171},"geometry":{"type":"Polygon","coordinates":[[[33.705317,-16.125574],[33.705285,-16.116535],[33.695933,-16.116565],[33.695965,-16.125605],[33.705317,-16.125574]]]}},{"type":"Feature","properties":{"ano":2025,"camada":"cultivo_sequeiro","area_km2":0.0009,"fracao_cobertura_celula":0.0009},"geometry":{"type":"Polygon","coordinates":[[[33.705285,-16.116535],[33.705253,-16.107495],[33.695902,-16.107526],[33.695933,-16.116565],[33.705285,-16.116535]]]}},{"type":"Feature","properties":{"ano":2025,"camada":"cultivo_sequeiro","area_km2":0.0072,"fracao_cobertura_celula":0.0072},"geometry":{"type":"Polygon","coordinates":[[[33.705253,-16.107495],[33.705221,-16.098455],[33.69587,-16.098486],[33.695902,-16.107526],[33.705253,-16.107495]]]}},{"type":"Feature","properties":{"ano":2025,"camada":"cultivo_sequeiro","area_km2":0.0018,"fracao_cobertura_celula":0.0018},"geometry":{"type":"Polygon","coordinates":[[[33.705221,-16.098455],[33.705189,-16.089416],[33.695839,-16.089446],[33.69587,-16.098486],[33.705221,-16.098455]]]}},{"type":"Feature","properties":{"ano":2025,"camada":"cultivo_sequeiro","area_km2":0.0378,"fracao_cobertura_celula":0.0378},"geometry":{"type":"Polygon","coordinates":[[[33.705189,-16.089416],[33.705157,-16.080376],[33.695807,-16.080407],[33.695839,-16.089446],[33.705189,-16.089416]]]}},{"type":"Feature","properties":{"ano":2025,"camada":"cultivo_sequeiro","area_km2":0.0063,"fracao_cobertura_celula":0.0063},"geometry":{"type":"Polygon","coordinates":[[[33.705157,-16.080376],[33.705125,-16.071336],[33.695776,-16.071367],[33.695807,-16.080407],[33.705157,-16.080376]]]}},{"type":"Feature","properties":{"ano":2025,"camada":"cultivo_sequeiro","area_km2":0.063,"fracao_cobertura_celula":0.063},"geometry":{"type":"Polygon","coordinates":[[[33.705125,-16.071336],[33.705093,-16.062297],[33.695745,-16.062327],[33.695776,-16.071367],[33.705125,-16.071336]]]}},{"type":"Feature","properties":{"ano":2025,"camada":"cultivo_sequeiro","area_km2":0.0072,"fracao_cobertura_celula":0.0072},"geometry":{"type":"Polygon","coordinates":[[[33.705093,-16.062297],[33.705061,-16.053257],[33.695713,-16.053288],[33.695745,-16.062327],[33.705093,-16.062297]]]}},{"type":"Feature","properties":{"ano":2025,"camada":"cultivo_sequeiro","area_km2":0.0954,"fracao_cobertura_celula":0.0954},"geometry":{"type":"Polygon","coordinates":[[[33.705061,-16.053257],[33.70503,-16.044217],[33.695682,-16.044248],[33.695713,-16.053288],[33.705061,-16.053257]]]}},{"type":"Feature","properties":{"ano":2025,"camada":"cultivo_sequeiro","area_km2":0.1089,"fracao_cobertura_celula":0.1089},"geometry":{"type":"Polygon","coordinates":[[[33.70503,-16.044217],[33.704998,-16.035178],[33.69565,-16.035208],[33.695682,-16.044248],[33.70503,-16.044217]]]}},{"type":"Feature","properties":{"ano":2025,"camada":"cultivo_sequeiro","area_km2":0.2025,"fracao_cobertura_celula":0.2025},"geometry":{"type":"Polygon","coordinates":[[[33.704998,-16.035178],[33.704966,-16.026138],[33.695619,-16.026169],[33.69565,-16.035208],[33.704998,-16.035178]]]}},{"type":"Feature","properties":{"ano":2025,"camada":"cultivo_sequeiro","area_km2":0.3231,"fracao_cobertura_celula":0.3231},"geometry":{"type":"Polygon","coordinates":[[[33.704966,-16.026138],[33.704934,-16.017098],[33.695588,-16.017129],[33.695619,-16.026169],[33.704966,-16.026138]]]}},{"type":"Feature","properties":{"ano":2025,"camada":"cultivo_sequeiro","area_km2":0.1278,"fracao_cobertura_celula":0.1278},"geometry":{"type":"Polygon","coordinates":[[[33.704934,-16.017098],[33.704903,-16.008059],[33.695556,-16.008089],[33.695588,-16.017129],[33.704934,-16.017098]]]}},{"type":"Feature","properties":{"ano":2025,"camada":"cultivo_sequeiro","area_km2":0.0261,"fracao_cobertura_celula":0.0261},"geometry":{"type":"Polygon","coordinates":[[[33.704903,-16.008059],[33.704871,-15.999019],[33.695525,-15.999049],[33.695556,-16.008089],[33.704903,-16.008059]]]}},{"type":"Feature","properties":{"ano":2025,"camada":"cultivo_sequeiro","area_km2":0.0171,"fracao_cobertura_celula":0.0171},"geometry":{"type":"Polygon","coordinates":[[[33.715485,-16.351531],[33.715452,-16.342491],[33.70609,-16.342523],[33.706122,-16.351562],[33.715485,-16.351531]]]}},{"type":"Feature","properties":{"ano":2025,"camada":"cultivo_sequeiro","area_km2":0.1215,"fracao_cobertura_celula":0.1215},"geometry":{"type":"Polygon","coordinates":[[[33.715452,-16.342491],[33.715419,-16.333452],[33.706057,-16.333483],[33.70609,-16.342523],[33.715452,-16.342491]]]}},{"type":"Feature","properties":{"ano":2025,"camada":"cultivo_sequeiro","area_km2":0.4482,"fracao_cobertura_celula":0.4482},"geometry":{"type":"Polygon","coordinates":[[[33.715419,-16.333452],[33.715386,-16.324412],[33.706025,-16.324444],[33.706057,-16.333483],[33.715419,-16.333452]]]}},{"type":"Feature","properties":{"ano":2025,"camada":"cultivo_sequeiro","area_km2":0.2952,"fracao_cobertura_celula":0.2952},"geometry":{"type":"Polygon","coordinates":[[[33.715386,-16.324412],[33.715353,-16.315373],[33.705993,-16.315405],[33.706025,-16.324444],[33.715386,-16.324412]]]}},{"type":"Feature","properties":{"ano":2025,"camada":"cultivo_sequeiro","area_km2":0.0792,"fracao_cobertura_celula":0.0792},"geometry":{"type":"Polygon","coordinates":[[[33.715353,-16.315373],[33.71532,-16.306334],[33.70596,-16.306365],[33.705993,-16.315405],[33.715353,-16.315373]]]}},{"type":"Feature","properties":{"ano":2025,"camada":"cultivo_sequeiro","area_km2":0.0279,"fracao_cobertura_celula":0.0279},"geometry":{"type":"Polygon","coordinates":[[[33.71532,-16.306334],[33.715288,-16.297294],[33.705928,-16.297326],[33.70596,-16.306365],[33.71532,-16.306334]]]}},{"type":"Feature","properties":{"ano":2025,"camada":"cultivo_sequeiro","area_km2":0.0567,"fracao_cobertura_celula":0.0567},"geometry":{"type":"Polygon","coordinates":[[[33.715288,-16.297294],[33.715255,-16.288255],[33.705895,-16.288286],[33.705928,-16.297326],[33.715288,-16.297294]]]}},{"type":"Feature","properties":{"ano":2025,"camada":"cultivo_sequeiro","area_km2":0.0513,"fracao_cobertura_celula":0.0513},"geometry":{"type":"Polygon","coordinates":[[[33.715255,-16.288255],[33.715222,-16.279215],[33.705863,-16.279247],[33.705895,-16.288286],[33.715255,-16.288255]]]}},{"type":"Feature","properties":{"ano":2025,"camada":"cultivo_sequeiro","area_km2":0.1143,"fracao_cobertura_celula":0.1143},"geometry":{"type":"Polygon","coordinates":[[[33.715222,-16.279215],[33.715189,-16.270176],[33.705831,-16.270207],[33.705863,-16.279247],[33.715222,-16.279215]]]}},{"type":"Feature","properties":{"ano":2025,"camada":"cultivo_sequeiro","area_km2":0.0405,"fracao_cobertura_celula":0.0405},"geometry":{"type":"Polygon","coordinates":[[[33.715189,-16.270176],[33.715157,-16.261136],[33.705799,-16.261168],[33.705831,-16.270207],[33.715189,-16.270176]]]}},{"type":"Feature","properties":{"ano":2025,"camada":"cultivo_sequeiro","area_km2":0.0477,"fracao_cobertura_celula":0.0477},"geometry":{"type":"Polygon","coordinates":[[[33.715157,-16.261136],[33.715124,-16.252097],[33.705766,-16.252128],[33.705799,-16.261168],[33.715157,-16.261136]]]}},{"type":"Feature","properties":{"ano":2025,"camada":"cultivo_sequeiro","area_km2":0.4977,"fracao_cobertura_celula":0.4977},"geometry":{"type":"Polygon","coordinates":[[[33.715124,-16.252097],[33.715091,-16.243057],[33.705734,-16.243089],[33.705766,-16.252128],[33.715124,-16.252097]]]}},{"type":"Feature","properties":{"ano":2025,"camada":"cultivo_sequeiro","area_km2":0.0369,"fracao_cobertura_celula":0.0369},"geometry":{"type":"Polygon","coordinates":[[[33.715091,-16.243057],[33.715059,-16.234018],[33.705702,-16.234049],[33.705734,-16.243089],[33.715091,-16.243057]]]}},{"type":"Feature","properties":{"ano":2025,"camada":"cultivo_sequeiro","area_km2":0.2088,"fracao_cobertura_celula":0.2088},"geometry":{"type":"Polygon","coordinates":[[[33.715059,-16.234018],[33.715026,-16.224978],[33.70567,-16.22501],[33.705702,-16.234049],[33.715059,-16.234018]]]}},{"type":"Feature","properties":{"ano":2025,"camada":"cultivo_sequeiro","area_km2":0.3798,"fracao_cobertura_celula":0.3798},"geometry":{"type":"Polygon","coordinates":[[[33.715026,-16.224978],[33.714993,-16.215939],[33.705637,-16.21597],[33.70567,-16.22501],[33.715026,-16.224978]]]}},{"type":"Feature","properties":{"ano":2025,"camada":"cultivo_sequeiro","area_km2":0.288,"fracao_cobertura_celula":0.288},"geometry":{"type":"Polygon","coordinates":[[[33.714993,-16.215939],[33.714961,-16.206899],[33.705605,-16.206931],[33.705637,-16.21597],[33.714993,-16.215939]]]}},{"type":"Feature","properties":{"ano":2025,"camada":"cultivo_sequeiro","area_km2":0.18,"fracao_cobertura_celula":0.18},"geometry":{"type":"Polygon","coordinates":[[[33.714961,-16.206899],[33.714928,-16.19786],[33.705573,-16.197891],[33.705605,-16.206931],[33.714961,-16.206899]]]}},{"type":"Feature","properties":{"ano":2025,"camada":"cultivo_sequeiro","area_km2":0.162,"fracao_cobertura_celula":0.162},"geometry":{"type":"Polygon","coordinates":[[[33.714928,-16.19786],[33.714896,-16.18882],[33.705541,-16.188851],[33.705573,-16.197891],[33.714928,-16.19786]]]}},{"type":"Feature","properties":{"ano":2025,"camada":"cultivo_sequeiro","area_km2":0.0108,"fracao_cobertura_celula":0.0108},"geometry":{"type":"Polygon","coordinates":[[[33.714896,-16.18882],[33.714863,-16.179781],[33.705509,-16.179812],[33.705541,-16.188851],[33.714896,-16.18882]]]}},{"type":"Feature","properties":{"ano":2025,"camada":"cultivo_sequeiro","area_km2":0.2016,"fracao_cobertura_celula":0.2016},"geometry":{"type":"Polygon","coordinates":[[[33.714863,-16.179781],[33.714831,-16.170741],[33.705477,-16.170772],[33.705509,-16.179812],[33.714863,-16.179781]]]}},{"type":"Feature","properties":{"ano":2025,"camada":"cultivo_sequeiro","area_km2":1.3896,"fracao_cobertura_celula":1.3896},"geometry":{"type":"Polygon","coordinates":[[[33.714831,-16.170741],[33.714798,-16.161702],[33.705445,-16.161733],[33.705477,-16.170772],[33.714831,-16.170741]]]}},{"type":"Feature","properties":{"ano":2025,"camada":"cultivo_sequeiro","area_km2":0.0486,"fracao_cobertura_celula":0.0486},"geometry":{"type":"Polygon","coordinates":[[[33.714798,-16.161702],[33.714766,-16.152662],[33.705413,-16.152693],[33.705445,-16.161733],[33.714798,-16.161702]]]}},{"type":"Feature","properties":{"ano":2025,"camada":"cultivo_sequeiro","area_km2":0.1116,"fracao_cobertura_celula":0.1116},"geometry":{"type":"Polygon","coordinates":[[[33.714766,-16.152662],[33.714733,-16.143622],[33.705381,-16.143654],[33.705413,-16.152693],[33.714766,-16.152662]]]}},{"type":"Feature","properties":{"ano":2025,"camada":"cultivo_sequeiro","area_km2":0.0045,"fracao_cobertura_celula":0.0045},"geometry":{"type":"Polygon","coordinates":[[[33.714701,-16.134583],[33.714668,-16.125543],[33.705317,-16.125574],[33.705349,-16.134614],[33.714701,-16.134583]]]}},{"type":"Feature","properties":{"ano":2025,"camada":"cultivo_sequeiro","area_km2":0.0171,"fracao_cobertura_celula":0.0171},"geometry":{"type":"Polygon","coordinates":[[[33.714668,-16.125543],[33.714636,-16.116504],[33.705285,-16.116535],[33.705317,-16.125574],[33.714668,-16.125543]]]}},{"type":"Feature","properties":{"ano":2025,"camada":"cultivo_sequeiro","area_km2":0.0018,"fracao_cobertura_celula":0.0018},"geometry":{"type":"Polygon","coordinates":[[[33.714636,-16.116504],[33.714604,-16.107464],[33.705253,-16.107495],[33.705285,-16.116535],[33.714636,-16.116504]]]}},{"type":"Feature","properties":{"ano":2025,"camada":"cultivo_sequeiro","area_km2":0.0072,"fracao_cobertura_celula":0.0072},"geometry":{"type":"Polygon","coordinates":[[[33.714571,-16.098424],[33.714539,-16.089385],[33.705189,-16.089416],[33.705221,-16.098455],[33.714571,-16.098424]]]}},{"type":"Feature","properties":{"ano":2025,"camada":"cultivo_sequeiro","area_km2":0.0054,"fracao_cobertura_celula":0.0054},"geometry":{"type":"Polygon","coordinates":[[[33.714539,-16.089385],[33.714507,-16.080345],[33.705157,-16.080376],[33.705189,-16.089416],[33.714539,-16.089385]]]}},{"type":"Feature","properties":{"ano":2025,"camada":"cultivo_sequeiro","area_km2":0.0153,"fracao_cobertura_celula":0.0153},"geometry":{"type":"Polygon","coordinates":[[[33.714507,-16.080345],[33.714474,-16.071305],[33.705125,-16.071336],[33.705157,-16.080376],[33.714507,-16.080345]]]}},{"type":"Feature","properties":{"ano":2025,"camada":"cultivo_sequeiro","area_km2":0.0576,"fracao_cobertura_celula":0.0576},"geometry":{"type":"Polygon","coordinates":[[[33.714474,-16.071305],[33.714442,-16.062266],[33.705093,-16.062297],[33.705125,-16.071336],[33.714474,-16.071305]]]}},{"type":"Feature","properties":{"ano":2025,"camada":"cultivo_sequeiro","area_km2":0.1017,"fracao_cobertura_celula":0.1017},"geometry":{"type":"Polygon","coordinates":[[[33.714442,-16.062266],[33.71441,-16.053226],[33.705061,-16.053257],[33.705093,-16.062297],[33.714442,-16.062266]]]}},{"type":"Feature","properties":{"ano":2025,"camada":"cultivo_sequeiro","area_km2":0.0756,"fracao_cobertura_celula":0.0756},"geometry":{"type":"Polygon","coordinates":[[[33.71441,-16.053226],[33.714378,-16.044186],[33.70503,-16.044217],[33.705061,-16.053257],[33.71441,-16.053226]]]}},{"type":"Feature","properties":{"ano":2025,"camada":"cultivo_sequeiro","area_km2":0.1458,"fracao_cobertura_celula":0.1458},"geometry":{"type":"Polygon","coordinates":[[[33.714378,-16.044186],[33.714345,-16.035147],[33.704998,-16.035178],[33.70503,-16.044217],[33.714378,-16.044186]]]}},{"type":"Feature","properties":{"ano":2025,"camada":"cultivo_sequeiro","area_km2":0.0711,"fracao_cobertura_celula":0.0711},"geometry":{"type":"Polygon","coordinates":[[[33.714345,-16.035147],[33.714313,-16.026107],[33.704966,-16.026138],[33.704998,-16.035178],[33.714345,-16.035147]]]}},{"type":"Feature","properties":{"ano":2025,"camada":"cultivo_sequeiro","area_km2":0.1134,"fracao_cobertura_celula":0.1134},"geometry":{"type":"Polygon","coordinates":[[[33.714313,-16.026107],[33.714281,-16.017067],[33.704934,-16.017098],[33.704966,-16.026138],[33.714313,-16.026107]]]}},{"type":"Feature","properties":{"ano":2025,"camada":"cultivo_sequeiro","area_km2":0.1818,"fracao_cobertura_celula":0.1818},"geometry":{"type":"Polygon","coordinates":[[[33.714281,-16.017067],[33.714249,-16.008028],[33.704903,-16.008059],[33.704934,-16.017098],[33.714281,-16.017067]]]}},{"type":"Feature","properties":{"ano":2025,"camada":"cultivo_sequeiro","area_km2":0.2079,"fracao_cobertura_celula":0.2079},"geometry":{"type":"Polygon","coordinates":[[[33.714249,-16.008028],[33.714217,-15.998988],[33.704871,-15.999019],[33.704903,-16.008059],[33.714249,-16.008028]]]}},{"type":"Feature","properties":{"ano":2025,"camada":"cultivo_sequeiro","area_km2":4.4271,"fracao_cobertura_celula":4.4271},"geometry":{"type":"Polygon","coordinates":[[[33.724847,-16.351499],[33.724814,-16.342459],[33.715452,-16.342491],[33.715485,-16.351531],[33.724847,-16.351499]]]}},{"type":"Feature","properties":{"ano":2025,"camada":"cultivo_sequeiro","area_km2":0.0639,"fracao_cobertura_celula":0.0639},"geometry":{"type":"Polygon","coordinates":[[[33.724814,-16.342459],[33.72478,-16.33342],[33.715419,-16.333452],[33.715452,-16.342491],[33.724814,-16.342459]]]}},{"type":"Feature","properties":{"ano":2025,"camada":"cultivo_sequeiro","area_km2":0.0747,"fracao_cobertura_celula":0.0747},"geometry":{"type":"Polygon","coordinates":[[[33.72478,-16.33342],[33.724747,-16.324381],[33.715386,-16.324412],[33.715419,-16.333452],[33.72478,-16.33342]]]}},{"type":"Feature","properties":{"ano":2025,"camada":"cultivo_sequeiro","area_km2":0.0414,"fracao_cobertura_celula":0.0414},"geometry":{"type":"Polygon","coordinates":[[[33.724747,-16.324381],[33.724714,-16.315341],[33.715353,-16.315373],[33.715386,-16.324412],[33.724747,-16.324381]]]}},{"type":"Feature","properties":{"ano":2025,"camada":"cultivo_sequeiro","area_km2":0.0027,"fracao_cobertura_celula":0.0027},"geometry":{"type":"Polygon","coordinates":[[[33.724714,-16.315341],[33.724681,-16.306302],[33.71532,-16.306334],[33.715353,-16.315373],[33.724714,-16.315341]]]}},{"type":"Feature","properties":{"ano":2025,"camada":"cultivo_sequeiro","area_km2":0.0693,"fracao_cobertura_celula":0.0693},"geometry":{"type":"Polygon","coordinates":[[[33.724681,-16.306302],[33.724647,-16.297262],[33.715288,-16.297294],[33.71532,-16.306334],[33.724681,-16.306302]]]}},{"type":"Feature","properties":{"ano":2025,"camada":"cultivo_sequeiro","area_km2":0.0774,"fracao_cobertura_celula":0.0774},"geometry":{"type":"Polygon","coordinates":[[[33.724647,-16.297262],[33.724614,-16.288223],[33.715255,-16.288255],[33.715288,-16.297294],[33.724647,-16.297262]]]}},{"type":"Feature","properties":{"ano":2025,"camada":"cultivo_sequeiro","area_km2":0.0666,"fracao_cobertura_celula":0.0666},"geometry":{"type":"Polygon","coordinates":[[[33.724614,-16.288223],[33.724581,-16.279183],[33.715222,-16.279215],[33.715255,-16.288255],[33.724614,-16.288223]]]}},{"type":"Feature","properties":{"ano":2025,"camada":"cultivo_sequeiro","area_km2":0.1431,"fracao_cobertura_celula":0.1431},"geometry":{"type":"Polygon","coordinates":[[[33.724581,-16.279183],[33.724548,-16.270144],[33.715189,-16.270176],[33.715222,-16.279215],[33.724581,-16.279183]]]}},{"type":"Feature","properties":{"ano":2025,"camada":"cultivo_sequeiro","area_km2":1.6749,"fracao_cobertura_celula":1.6749},"geometry":{"type":"Polygon","coordinates":[[[33.724548,-16.270144],[33.724515,-16.261104],[33.715157,-16.261136],[33.715189,-16.270176],[33.724548,-16.270144]]]}},{"type":"Feature","properties":{"ano":2025,"camada":"cultivo_sequeiro","area_km2":0.027,"fracao_cobertura_celula":0.027},"geometry":{"type":"Polygon","coordinates":[[[33.724515,-16.261104],[33.724482,-16.252065],[33.715124,-16.252097],[33.715157,-16.261136],[33.724515,-16.261104]]]}},{"type":"Feature","properties":{"ano":2025,"camada":"cultivo_sequeiro","area_km2":0.2052,"fracao_cobertura_celula":0.2052},"geometry":{"type":"Polygon","coordinates":[[[33.724482,-16.252065],[33.724448,-16.243026],[33.715091,-16.243057],[33.715124,-16.252097],[33.724482,-16.252065]]]}},{"type":"Feature","properties":{"ano":2025,"camada":"cultivo_sequeiro","area_km2":0.0684,"fracao_cobertura_celula":0.0684},"geometry":{"type":"Polygon","coordinates":[[[33.724448,-16.243026],[33.724415,-16.233986],[33.715059,-16.234018],[33.715091,-16.243057],[33.724448,-16.243026]]]}},{"type":"Feature","properties":{"ano":2025,"camada":"cultivo_sequeiro","area_km2":0.2592,"fracao_cobertura_celula":0.2592},"geometry":{"type":"Polygon","coordinates":[[[33.724415,-16.233986],[33.724382,-16.224947],[33.715026,-16.224978],[33.715059,-16.234018],[33.724415,-16.233986]]]}},{"type":"Feature","properties":{"ano":2025,"camada":"cultivo_sequeiro","area_km2":0.3726,"fracao_cobertura_celula":0.3726},"geometry":{"type":"Polygon","coordinates":[[[33.724382,-16.224947],[33.724349,-16.215907],[33.714993,-16.215939],[33.715026,-16.224978],[33.724382,-16.224947]]]}},{"type":"Feature","properties":{"ano":2025,"camada":"cultivo_sequeiro","area_km2":0.495,"fracao_cobertura_celula":0.495},"geometry":{"type":"Polygon","coordinates":[[[33.724349,-16.215907],[33.724316,-16.206868],[33.714961,-16.206899],[33.714993,-16.215939],[33.724349,-16.215907]]]}},{"type":"Feature","properties":{"ano":2025,"camada":"cultivo_sequeiro","area_km2":0.2772,"fracao_cobertura_celula":0.2772},"geometry":{"type":"Polygon","coordinates":[[[33.724316,-16.206868],[33.724283,-16.197828],[33.714928,-16.19786],[33.714961,-16.206899],[33.724316,-16.206868]]]}},{"type":"Feature","properties":{"ano":2025,"camada":"cultivo_sequeiro","area_km2":0.1908,"fracao_cobertura_celula":0.1908},"geometry":{"type":"Polygon","coordinates":[[[33.724283,-16.197828],[33.72425,-16.188789],[33.714896,-16.18882],[33.714928,-16.19786],[33.724283,-16.197828]]]}},{"type":"Feature","properties":{"ano":2025,"camada":"cultivo_sequeiro","area_km2":0.0972,"fracao_cobertura_celula":0.0972},"geometry":{"type":"Polygon","coordinates":[[[33.72425,-16.188789],[33.724217,-16.179749],[33.714863,-16.179781],[33.714896,-16.18882],[33.72425,-16.188789]]]}},{"type":"Feature","properties":{"ano":2025,"camada":"cultivo_sequeiro","area_km2":0.1197,"fracao_cobertura_celula":0.1197},"geometry":{"type":"Polygon","coordinates":[[[33.724217,-16.179749],[33.724184,-16.170709],[33.714831,-16.170741],[33.714863,-16.179781],[33.724217,-16.179749]]]}},{"type":"Feature","properties":{"ano":2025,"camada":"cultivo_sequeiro","area_km2":0.2088,"fracao_cobertura_celula":0.2088},"geometry":{"type":"Polygon","coordinates":[[[33.724184,-16.170709],[33.724151,-16.16167],[33.714798,-16.161702],[33.714831,-16.170741],[33.724184,-16.170709]]]}},{"type":"Feature","properties":{"ano":2025,"camada":"cultivo_sequeiro","area_km2":0.0765,"fracao_cobertura_celula":0.0765},"geometry":{"type":"Polygon","coordinates":[[[33.724151,-16.16167],[33.724118,-16.15263],[33.714766,-16.152662],[33.714798,-16.161702],[33.724151,-16.16167]]]}},{"type":"Feature","properties":{"ano":2025,"camada":"cultivo_sequeiro","area_km2":0.0279,"fracao_cobertura_celula":0.0279},"geometry":{"type":"Polygon","coordinates":[[[33.724118,-16.15263],[33.724086,-16.143591],[33.714733,-16.143622],[33.714766,-16.152662],[33.724118,-16.15263]]]}},{"type":"Feature","properties":{"ano":2025,"camada":"cultivo_sequeiro","area_km2":0.0009,"fracao_cobertura_celula":0.0009},"geometry":{"type":"Polygon","coordinates":[[[33.723954,-16.107432],[33.723922,-16.098393],[33.714571,-16.098424],[33.714604,-16.107464],[33.723954,-16.107432]]]}},{"type":"Feature","properties":{"ano":2025,"camada":"cultivo_sequeiro","area_km2":0.0333,"fracao_cobertura_celula":0.0333},"geometry":{"type":"Polygon","coordinates":[[[33.723922,-16.098393],[33.723889,-16.089353],[33.714539,-16.089385],[33.714571,-16.098424],[33.723922,-16.098393]]]}},{"type":"Feature","properties":{"ano":2025,"camada":"cultivo_sequeiro","area_km2":0.2655,"fracao_cobertura_celula":0.2655},"geometry":{"type":"Polygon","coordinates":[[[33.723889,-16.089353],[33.723856,-16.080314],[33.714507,-16.080345],[33.714539,-16.089385],[33.723889,-16.089353]]]}},{"type":"Feature","properties":{"ano":2025,"camada":"cultivo_sequeiro","area_km2":0.0504,"fracao_cobertura_celula":0.0504},"geometry":{"type":"Polygon","coordinates":[[[33.723856,-16.080314],[33.723823,-16.071274],[33.714474,-16.071305],[33.714507,-16.080345],[33.723856,-16.080314]]]}},{"type":"Feature","properties":{"ano":2025,"camada":"cultivo_sequeiro","area_km2":0.0117,"fracao_cobertura_celula":0.0117},"geometry":{"type":"Polygon","coordinates":[[[33.723823,-16.071274],[33.723791,-16.062234],[33.714442,-16.062266],[33.714474,-16.071305],[33.723823,-16.071274]]]}},{"type":"Feature","properties":{"ano":2025,"camada":"cultivo_sequeiro","area_km2":0.0522,"fracao_cobertura_celula":0.0522},"geometry":{"type":"Polygon","coordinates":[[[33.723791,-16.062234],[33.723758,-16.053195],[33.71441,-16.053226],[33.714442,-16.062266],[33.723791,-16.062234]]]}},{"type":"Feature","properties":{"ano":2025,"camada":"cultivo_sequeiro","area_km2":0.0648,"fracao_cobertura_celula":0.0648},"geometry":{"type":"Polygon","coordinates":[[[33.723758,-16.053195],[33.723725,-16.044155],[33.714378,-16.044186],[33.71441,-16.053226],[33.723758,-16.053195]]]}},{"type":"Feature","properties":{"ano":2025,"camada":"cultivo_sequeiro","area_km2":0.3492,"fracao_cobertura_celula":0.3492},"geometry":{"type":"Polygon","coordinates":[[[33.723725,-16.044155],[33.723693,-16.035115],[33.714345,-16.035147],[33.714378,-16.044186],[33.723725,-16.044155]]]}},{"type":"Feature","properties":{"ano":2025,"camada":"cultivo_sequeiro","area_km2":0.1854,"fracao_cobertura_celula":0.1854},"geometry":{"type":"Polygon","coordinates":[[[33.723693,-16.035115],[33.72366,-16.026076],[33.714313,-16.026107],[33.714345,-16.035147],[33.723693,-16.035115]]]}},{"type":"Feature","properties":{"ano":2025,"camada":"cultivo_sequeiro","area_km2":0.3042,"fracao_cobertura_celula":0.3042},"geometry":{"type":"Polygon","coordinates":[[[33.72366,-16.026076],[33.723628,-16.017036],[33.714281,-16.017067],[33.714313,-16.026107],[33.72366,-16.026076]]]}},{"type":"Feature","properties":{"ano":2025,"camada":"cultivo_sequeiro","area_km2":0.0765,"fracao_cobertura_celula":0.0765},"geometry":{"type":"Polygon","coordinates":[[[33.723628,-16.017036],[33.723595,-16.007996],[33.714249,-16.008028],[33.714281,-16.017067],[33.723628,-16.017036]]]}},{"type":"Feature","properties":{"ano":2025,"camada":"cultivo_sequeiro","area_km2":0.0972,"fracao_cobertura_celula":0.0972},"geometry":{"type":"Polygon","coordinates":[[[33.723595,-16.007996],[33.723562,-15.998957],[33.714217,-15.998988],[33.714249,-16.008028],[33.723595,-16.007996]]]}},{"type":"Feature","properties":{"ano":2025,"camada":"cultivo_sequeiro","area_km2":0.0288,"fracao_cobertura_celula":0.0288},"geometry":{"type":"Polygon","coordinates":[[[33.734209,-16.351466],[33.734176,-16.342427],[33.724814,-16.342459],[33.724847,-16.351499],[33.734209,-16.351466]]]}},{"type":"Feature","properties":{"ano":2025,"camada":"cultivo_sequeiro","area_km2":0.1206,"fracao_cobertura_celula":0.1206},"geometry":{"type":"Polygon","coordinates":[[[33.734176,-16.342427],[33.734142,-16.333388],[33.72478,-16.33342],[33.724814,-16.342459],[33.734176,-16.342427]]]}},{"type":"Feature","properties":{"ano":2025,"camada":"cultivo_sequeiro","area_km2":0.054,"fracao_cobertura_celula":0.054},"geometry":{"type":"Polygon","coordinates":[[[33.734142,-16.333388],[33.734108,-16.324348],[33.724747,-16.324381],[33.72478,-16.33342],[33.734142,-16.333388]]]}},{"type":"Feature","properties":{"ano":2025,"camada":"cultivo_sequeiro","area_km2":0.0072,"fracao_cobertura_celula":0.0072},"geometry":{"type":"Polygon","coordinates":[[[33.734108,-16.324348],[33.734074,-16.315309],[33.724714,-16.315341],[33.724747,-16.324381],[33.734108,-16.324348]]]}},{"type":"Feature","properties":{"ano":2025,"camada":"cultivo_sequeiro","area_km2":0.1044,"fracao_cobertura_celula":0.1044},"geometry":{"type":"Polygon","coordinates":[[[33.734074,-16.315309],[33.734041,-16.306269],[33.724681,-16.306302],[33.724714,-16.315341],[33.734074,-16.315309]]]}},{"type":"Feature","properties":{"ano":2025,"camada":"cultivo_sequeiro","area_km2":0.198,"fracao_cobertura_celula":0.198},"geometry":{"type":"Polygon","coordinates":[[[33.734041,-16.306269],[33.734007,-16.29723],[33.724647,-16.297262],[33.724681,-16.306302],[33.734041,-16.306269]]]}},{"type":"Feature","properties":{"ano":2025,"camada":"cultivo_sequeiro","area_km2":0.2295,"fracao_cobertura_celula":0.2295},"geometry":{"type":"Polygon","coordinates":[[[33.734007,-16.29723],[33.733973,-16.288191],[33.724614,-16.288223],[33.724647,-16.297262],[33.734007,-16.29723]]]}},{"type":"Feature","properties":{"ano":2025,"camada":"cultivo_sequeiro","area_km2":0.2907,"fracao_cobertura_celula":0.2907},"geometry":{"type":"Polygon","coordinates":[[[33.733973,-16.288191],[33.73394,-16.279151],[33.724581,-16.279183],[33.724614,-16.288223],[33.733973,-16.288191]]]}},{"type":"Feature","properties":{"ano":2025,"camada":"cultivo_sequeiro","area_km2":0.3969,"fracao_cobertura_celula":0.3969},"geometry":{"type":"Polygon","coordinates":[[[33.73394,-16.279151],[33.733906,-16.270112],[33.724548,-16.270144],[33.724581,-16.279183],[33.73394,-16.279151]]]}},{"type":"Feature","properties":{"ano":2025,"camada":"cultivo_sequeiro","area_km2":0.1899,"fracao_cobertura_celula":0.1899},"geometry":{"type":"Polygon","coordinates":[[[33.733906,-16.270112],[33.733873,-16.261072],[33.724515,-16.261104],[33.724548,-16.270144],[33.733906,-16.270112]]]}},{"type":"Feature","properties":{"ano":2025,"camada":"cultivo_sequeiro","area_km2":0.6282,"fracao_cobertura_celula":0.6282},"geometry":{"type":"Polygon","coordinates":[[[33.733873,-16.261072],[33.733839,-16.252033],[33.724482,-16.252065],[33.724515,-16.261104],[33.733873,-16.261072]]]}},{"type":"Feature","properties":{"ano":2025,"camada":"cultivo_sequeiro","area_km2":0.3681,"fracao_cobertura_celula":0.3681},"geometry":{"type":"Polygon","coordinates":[[[33.733839,-16.252033],[33.733806,-16.242993],[33.724448,-16.243026],[33.724482,-16.252065],[33.733839,-16.252033]]]}},{"type":"Feature","properties":{"ano":2025,"camada":"cultivo_sequeiro","area_km2":0.3789,"fracao_cobertura_celula":0.3789},"geometry":{"type":"Polygon","coordinates":[[[33.733806,-16.242993],[33.733772,-16.233954],[33.724415,-16.233986],[33.724448,-16.243026],[33.733806,-16.242993]]]}},{"type":"Feature","properties":{"ano":2025,"camada":"cultivo_sequeiro","area_km2":0.0981,"fracao_cobertura_celula":0.0981},"geometry":{"type":"Polygon","coordinates":[[[33.733772,-16.233954],[33.733739,-16.224914],[33.724382,-16.224947],[33.724415,-16.233986],[33.733772,-16.233954]]]}},{"type":"Feature","properties":{"ano":2025,"camada":"cultivo_sequeiro","area_km2":0.1539,"fracao_cobertura_celula":0.1539},"geometry":{"type":"Polygon","coordinates":[[[33.733739,-16.224914],[33.733705,-16.215875],[33.724349,-16.215907],[33.724382,-16.224947],[33.733739,-16.224914]]]}},{"type":"Feature","properties":{"ano":2025,"camada":"cultivo_sequeiro","area_km2":0.6723,"fracao_cobertura_celula":0.6723},"geometry":{"type":"Polygon","coordinates":[[[33.733705,-16.215875],[33.733672,-16.206835],[33.724316,-16.206868],[33.724349,-16.215907],[33.733705,-16.215875]]]}},{"type":"Feature","properties":{"ano":2025,"camada":"cultivo_sequeiro","area_km2":0.2709,"fracao_cobertura_celula":0.2709},"geometry":{"type":"Polygon","coordinates":[[[33.733672,-16.206835],[33.733638,-16.197796],[33.724283,-16.197828],[33.724316,-16.206868],[33.733672,-16.206835]]]}},{"type":"Feature","properties":{"ano":2025,"camada":"cultivo_sequeiro","area_km2":0.2493,"fracao_cobertura_celula":0.2493},"geometry":{"type":"Polygon","coordinates":[[[33.733638,-16.197796],[33.733605,-16.188756],[33.72425,-16.188789],[33.724283,-16.197828],[33.733638,-16.197796]]]}},{"type":"Feature","properties":{"ano":2025,"camada":"cultivo_sequeiro","area_km2":0.6156,"fracao_cobertura_celula":0.6156},"geometry":{"type":"Polygon","coordinates":[[[33.733605,-16.188756],[33.733571,-16.179717],[33.724217,-16.179749],[33.72425,-16.188789],[33.733605,-16.188756]]]}},{"type":"Feature","properties":{"ano":2025,"camada":"cultivo_sequeiro","area_km2":0.0612,"fracao_cobertura_celula":0.0612},"geometry":{"type":"Polygon","coordinates":[[[33.733571,-16.179717],[33.733538,-16.170677],[33.724184,-16.170709],[33.724217,-16.179749],[33.733571,-16.179717]]]}},{"type":"Feature","properties":{"ano":2025,"camada":"cultivo_sequeiro","area_km2":0.0018,"fracao_cobertura_celula":0.0018},"geometry":{"type":"Polygon","coordinates":[[[33.733538,-16.170677],[33.733505,-16.161638],[33.724151,-16.16167],[33.724184,-16.170709],[33.733538,-16.170677]]]}},{"type":"Feature","properties":{"ano":2025,"camada":"cultivo_sequeiro","area_km2":0.0036,"fracao_cobertura_celula":0.0036},"geometry":{"type":"Polygon","coordinates":[[[33.733505,-16.161638],[33.733471,-16.152598],[33.724118,-16.15263],[33.724151,-16.16167],[33.733505,-16.161638]]]}},{"type":"Feature","properties":{"ano":2025,"camada":"cultivo_sequeiro","area_km2":0.0018,"fracao_cobertura_celula":0.0018},"geometry":{"type":"Polygon","coordinates":[[[33.733372,-16.12548],[33.733338,-16.11644],[33.723987,-16.116472],[33.72402,-16.125512],[33.733372,-16.12548]]]}},{"type":"Feature","properties":{"ano":2025,"camada":"cultivo_sequeiro","area_km2":0.0099,"fracao_cobertura_celula":0.0099},"geometry":{"type":"Polygon","coordinates":[[[33.733305,-16.107401],[33.733272,-16.098361],[33.723922,-16.098393],[33.723954,-16.107432],[33.733305,-16.107401]]]}},{"type":"Feature","properties":{"ano":2025,"camada":"cultivo_sequeiro","area_km2":0.0423,"fracao_cobertura_celula":0.0423},"geometry":{"type":"Polygon","coordinates":[[[33.733272,-16.098361],[33.733239,-16.089321],[33.723889,-16.089353],[33.723922,-16.098393],[33.733272,-16.098361]]]}},{"type":"Feature","properties":{"ano":2025,"camada":"cultivo_sequeiro","area_km2":0.0846,"fracao_cobertura_celula":0.0846},"geometry":{"type":"Polygon","coordinates":[[[33.733239,-16.089321],[33.733206,-16.080282],[33.723856,-16.080314],[33.723889,-16.089353],[33.733239,-16.089321]]]}},{"type":"Feature","properties":{"ano":2025,"camada":"cultivo_sequeiro","area_km2":0.63,"fracao_cobertura_celula":0.63},"geometry":{"type":"Polygon","coordinates":[[[33.733206,-16.080282],[33.733172,-16.071242],[33.723823,-16.071274],[33.723856,-16.080314],[33.733206,-16.080282]]]}},{"type":"Feature","properties":{"ano":2025,"camada":"cultivo_sequeiro","area_km2":0.0576,"fracao_cobertura_celula":0.0576},"geometry":{"type":"Polygon","coordinates":[[[33.733172,-16.071242],[33.733139,-16.062203],[33.723791,-16.062234],[33.723823,-16.071274],[33.733172,-16.071242]]]}},{"type":"Feature","properties":{"ano":2025,"camada":"cultivo_sequeiro","area_km2":0.0342,"fracao_cobertura_celula":0.0342},"geometry":{"type":"Polygon","coordinates":[[[33.733139,-16.062203],[33.733106,-16.053163],[33.723758,-16.053195],[33.723791,-16.062234],[33.733139,-16.062203]]]}},{"type":"Feature","properties":{"ano":2025,"camada":"cultivo_sequeiro","area_km2":0.1755,"fracao_cobertura_celula":0.1755},"geometry":{"type":"Polygon","coordinates":[[[33.733106,-16.053163],[33.733073,-16.044123],[33.723725,-16.044155],[33.723758,-16.053195],[33.733106,-16.053163]]]}},{"type":"Feature","properties":{"ano":2025,"camada":"cultivo_sequeiro","area_km2":0.0504,"fracao_cobertura_celula":0.0504},"geometry":{"type":"Polygon","coordinates":[[[33.733073,-16.044123],[33.73304,-16.035084],[33.723693,-16.035115],[33.723725,-16.044155],[33.733073,-16.044123]]]}},{"type":"Feature","properties":{"ano":2025,"camada":"cultivo_sequeiro","area_km2":0.4212,"fracao_cobertura_celula":0.4212},"geometry":{"type":"Polygon","coordinates":[[[33.73304,-16.035084],[33.733007,-16.026044],[33.72366,-16.026076],[33.723693,-16.035115],[33.73304,-16.035084]]]}},{"type":"Feature","properties":{"ano":2025,"camada":"cultivo_sequeiro","area_km2":0.0783,"fracao_cobertura_celula":0.0783},"geometry":{"type":"Polygon","coordinates":[[[33.733007,-16.026044],[33.732974,-16.017004],[33.723628,-16.017036],[33.72366,-16.026076],[33.733007,-16.026044]]]}},{"type":"Feature","properties":{"ano":2025,"camada":"cultivo_sequeiro","area_km2":0.0216,"fracao_cobertura_celula":0.0216},"geometry":{"type":"Polygon","coordinates":[[[33.732974,-16.017004],[33.732941,-16.007965],[33.723595,-16.007996],[33.723628,-16.017036],[33.732974,-16.017004]]]}},{"type":"Feature","properties":{"ano":2025,"camada":"cultivo_sequeiro","area_km2":0.4356,"fracao_cobertura_celula":0.4356},"geometry":{"type":"Polygon","coordinates":[[[33.732941,-16.007965],[33.732908,-15.998925],[33.723562,-15.998957],[33.723595,-16.007996],[33.732941,-16.007965]]]}},{"type":"Feature","properties":{"ano":2025,"camada":"cultivo_sequeiro","area_km2":0.0495,"fracao_cobertura_celula":0.0495},"geometry":{"type":"Polygon","coordinates":[[[33.743572,-16.351434],[33.743537,-16.342394],[33.734176,-16.342427],[33.734209,-16.351466],[33.743572,-16.351434]]]}},{"type":"Feature","properties":{"ano":2025,"camada":"cultivo_sequeiro","area_km2":0.0063,"fracao_cobertura_celula":0.0063},"geometry":{"type":"Polygon","coordinates":[[[33.743537,-16.342394],[33.743503,-16.333355],[33.734142,-16.333388],[33.734176,-16.342427],[33.743537,-16.342394]]]}},{"type":"Feature","properties":{"ano":2025,"camada":"cultivo_sequeiro","area_km2":0.0369,"fracao_cobertura_celula":0.0369},"geometry":{"type":"Polygon","coordinates":[[[33.743503,-16.333355],[33.743469,-16.324315],[33.734108,-16.324348],[33.734142,-16.333388],[33.743503,-16.333355]]]}},{"type":"Feature","properties":{"ano":2025,"camada":"cultivo_sequeiro","area_km2":0.0441,"fracao_cobertura_celula":0.0441},"geometry":{"type":"Polygon","coordinates":[[[33.743469,-16.324315],[33.743435,-16.315276],[33.734074,-16.315309],[33.734108,-16.324348],[33.743469,-16.324315]]]}},{"type":"Feature","properties":{"ano":2025,"camada":"cultivo_sequeiro","area_km2":0.1431,"fracao_cobertura_celula":0.1431},"geometry":{"type":"Polygon","coordinates":[[[33.743435,-16.315276],[33.743401,-16.306237],[33.734041,-16.306269],[33.734074,-16.315309],[33.743435,-16.315276]]]}},{"type":"Feature","properties":{"ano":2025,"camada":"cultivo_sequeiro","area_km2":0.3465,"fracao_cobertura_celula":0.3465},"geometry":{"type":"Polygon","coordinates":[[[33.743401,-16.306237],[33.743367,-16.297197],[33.734007,-16.29723],[33.734041,-16.306269],[33.743401,-16.306237]]]}},{"type":"Feature","properties":{"ano":2025,"camada":"cultivo_sequeiro","area_km2":0.0702,"fracao_cobertura_celula":0.0702},"geometry":{"type":"Polygon","coordinates":[[[33.743367,-16.297197],[33.743333,-16.288158],[33.733973,-16.288191],[33.734007,-16.29723],[33.743367,-16.297197]]]}},{"type":"Feature","properties":{"ano":2025,"camada":"cultivo_sequeiro","area_km2":0.8604,"fracao_cobertura_celula":0.8604},"geometry":{"type":"Polygon","coordinates":[[[33.743333,-16.288158],[33.743299,-16.279118],[33.73394,-16.279151],[33.733973,-16.288191],[33.743333,-16.288158]]]}},{"type":"Feature","properties":{"ano":2025,"camada":"cultivo_sequeiro","area_km2":0.1683,"fracao_cobertura_celula":0.1683},"geometry":{"type":"Polygon","coordinates":[[[33.743299,-16.279118],[33.743265,-16.270079],[33.733906,-16.270112],[33.73394,-16.279151],[33.743299,-16.279118]]]}},{"type":"Feature","properties":{"ano":2025,"camada":"cultivo_sequeiro","area_km2":0.0387,"fracao_cobertura_celula":0.0387},"geometry":{"type":"Polygon","coordinates":[[[33.743265,-16.270079],[33.743231,-16.26104],[33.733873,-16.261072],[33.733906,-16.270112],[33.743265,-16.270079]]]}},{"type":"Feature","properties":{"ano":2025,"camada":"cultivo_sequeiro","area_km2":0.5589,"fracao_cobertura_celula":0.5589},"geometry":{"type":"Polygon","coordinates":[[[33.743231,-16.26104],[33.743197,-16.252],[33.733839,-16.252033],[33.733873,-16.261072],[33.743231,-16.26104]]]}},{"type":"Feature","properties":{"ano":2025,"camada":"cultivo_sequeiro","area_km2":0.2493,"fracao_cobertura_celula":0.2493},"geometry":{"type":"Polygon","coordinates":[[[33.743197,-16.252],[33.743163,-16.242961],[33.733806,-16.242993],[33.733839,-16.252033],[33.743197,-16.252]]]}},{"type":"Feature","properties":{"ano":2025,"camada":"cultivo_sequeiro","area_km2":0.2457,"fracao_cobertura_celula":0.2457},"geometry":{"type":"Polygon","coordinates":[[[33.743163,-16.242961],[33.743129,-16.233921],[33.733772,-16.233954],[33.733806,-16.242993],[33.743163,-16.242961]]]}},{"type":"Feature","properties":{"ano":2025,"camada":"cultivo_sequeiro","area_km2":0.0495,"fracao_cobertura_celula":0.0495},"geometry":{"type":"Polygon","coordinates":[[[33.743129,-16.233921],[33.743095,-16.224882],[33.733739,-16.224914],[33.733772,-16.233954],[33.743129,-16.233921]]]}},{"type":"Feature","properties":{"ano":2025,"camada":"cultivo_sequeiro","area_km2":0.2835,"fracao_cobertura_celula":0.2835},"geometry":{"type":"Polygon","coordinates":[[[33.743095,-16.224882],[33.743061,-16.215842],[33.733705,-16.215875],[33.733739,-16.224914],[33.743095,-16.224882]]]}},{"type":"Feature","properties":{"ano":2025,"camada":"cultivo_sequeiro","area_km2":0.7614,"fracao_cobertura_celula":0.7614},"geometry":{"type":"Polygon","coordinates":[[[33.743061,-16.215842],[33.743027,-16.206803],[33.733672,-16.206835],[33.733705,-16.215875],[33.743061,-16.215842]]]}},{"type":"Feature","properties":{"ano":2025,"camada":"cultivo_sequeiro","area_km2":0.4599,"fracao_cobertura_celula":0.4599},"geometry":{"type":"Polygon","coordinates":[[[33.743027,-16.206803],[33.742993,-16.197763],[33.733638,-16.197796],[33.733672,-16.206835],[33.743027,-16.206803]]]}},{"type":"Feature","properties":{"ano":2025,"camada":"cultivo_sequeiro","area_km2":0.0855,"fracao_cobertura_celula":0.0855},"geometry":{"type":"Polygon","coordinates":[[[33.742993,-16.197763],[33.742959,-16.188724],[33.733605,-16.188756],[33.733638,-16.197796],[33.742993,-16.197763]]]}},{"type":"Feature","properties":{"ano":2025,"camada":"cultivo_sequeiro","area_km2":0.2718,"fracao_cobertura_celula":0.2718},"geometry":{"type":"Polygon","coordinates":[[[33.742959,-16.188724],[33.742926,-16.179684],[33.733571,-16.179717],[33.733605,-16.188756],[33.742959,-16.188724]]]}},{"type":"Feature","properties":{"ano":2025,"camada":"cultivo_sequeiro","area_km2":7.4628,"fracao_cobertura_celula":7.4628},"geometry":{"type":"Polygon","coordinates":[[[33.742892,-16.170645],[33.742858,-16.161605],[33.733505,-16.161638],[33.733538,-16.170677],[33.742892,-16.170645]]]}},{"type":"Feature","properties":{"ano":2025,"camada":"cultivo_sequeiro","area_km2":0.0288,"fracao_cobertura_celula":0.0288},"geometry":{"type":"Polygon","coordinates":[[[33.742858,-16.161605],[33.742824,-16.152566],[33.733471,-16.152598],[33.733505,-16.161638],[33.742858,-16.161605]]]}},{"type":"Feature","properties":{"ano":2025,"camada":"cultivo_sequeiro","area_km2":0.0009,"fracao_cobertura_celula":0.0009},"geometry":{"type":"Polygon","coordinates":[[[33.742824,-16.152566],[33.742791,-16.143526],[33.733438,-16.143559],[33.733471,-16.152598],[33.742824,-16.152566]]]}},{"type":"Feature","properties":{"ano":2025,"camada":"cultivo_sequeiro","area_km2":0.2934,"fracao_cobertura_celula":0.2934},"geometry":{"type":"Polygon","coordinates":[[[33.742791,-16.143526],[33.742757,-16.134487],[33.733405,-16.134519],[33.733438,-16.143559],[33.742791,-16.143526]]]}},{"type":"Feature","properties":{"ano":2025,"camada":"cultivo_sequeiro","area_km2":0.0234,"fracao_cobertura_celula":0.0234},"geometry":{"type":"Polygon","coordinates":[[[33.742757,-16.134487],[33.742723,-16.125447],[33.733372,-16.12548],[33.733405,-16.134519],[33.742757,-16.134487]]]}},{"type":"Feature","properties":{"ano":2025,"camada":"cultivo_sequeiro","area_km2":0.0009,"fracao_cobertura_celula":0.0009},"geometry":{"type":"Polygon","coordinates":[[[33.742723,-16.125447],[33.74269,-16.116408],[33.733338,-16.11644],[33.733372,-16.12548],[33.742723,-16.125447]]]}},{"type":"Feature","properties":{"ano":2025,"camada":"cultivo_sequeiro","area_km2":0.0081,"fracao_cobertura_celula":0.0081},"geometry":{"type":"Polygon","coordinates":[[[33.74269,-16.116408],[33.742656,-16.107368],[33.733305,-16.107401],[33.733338,-16.11644],[33.74269,-16.116408]]]}},{"type":"Feature","properties":{"ano":2025,"camada":"cultivo_sequeiro","area_km2":0.1287,"fracao_cobertura_celula":0.1287},"geometry":{"type":"Polygon","coordinates":[[[33.742656,-16.107368],[33.742622,-16.098329],[33.733272,-16.098361],[33.733305,-16.107401],[33.742656,-16.107368]]]}},{"type":"Feature","properties":{"ano":2025,"camada":"cultivo_sequeiro","area_km2":0.0837,"fracao_cobertura_celula":0.0837},"geometry":{"type":"Polygon","coordinates":[[[33.742622,-16.098329],[33.742589,-16.089289],[33.733239,-16.089321],[33.733272,-16.098361],[33.742622,-16.098329]]]}},{"type":"Feature","properties":{"ano":2025,"camada":"cultivo_sequeiro","area_km2":0.4266,"fracao_cobertura_celula":0.4266},"geometry":{"type":"Polygon","coordinates":[[[33.742589,-16.089289],[33.742555,-16.08025],[33.733206,-16.080282],[33.733239,-16.089321],[33.742589,-16.089289]]]}},{"type":"Feature","properties":{"ano":2025,"camada":"cultivo_sequeiro","area_km2":0.1332,"fracao_cobertura_celula":0.1332},"geometry":{"type":"Polygon","coordinates":[[[33.742555,-16.08025],[33.742522,-16.07121],[33.733172,-16.071242],[33.733206,-16.080282],[33.742555,-16.08025]]]}},{"type":"Feature","properties":{"ano":2025,"camada":"cultivo_sequeiro","area_km2":3.3408,"fracao_cobertura_celula":3.3408},"geometry":{"type":"Polygon","coordinates":[[[33.742522,-16.07121],[33.742488,-16.06217],[33.733139,-16.062203],[33.733172,-16.071242],[33.742522,-16.07121]]]}},{"type":"Feature","properties":{"ano":2025,"camada":"cultivo_sequeiro","area_km2":0.144,"fracao_cobertura_celula":0.144},"geometry":{"type":"Polygon","coordinates":[[[33.742488,-16.06217],[33.742454,-16.053131],[33.733106,-16.053163],[33.733139,-16.062203],[33.742488,-16.06217]]]}},{"type":"Feature","properties":{"ano":2025,"camada":"cultivo_sequeiro","area_km2":0.2214,"fracao_cobertura_celula":0.2214},"geometry":{"type":"Polygon","coordinates":[[[33.742454,-16.053131],[33.742421,-16.044091],[33.733073,-16.044123],[33.733106,-16.053163],[33.742454,-16.053131]]]}},{"type":"Feature","properties":{"ano":2025,"camada":"cultivo_sequeiro","area_km2":0.1368,"fracao_cobertura_celula":0.1368},"geometry":{"type":"Polygon","coordinates":[[[33.742421,-16.044091],[33.742388,-16.035052],[33.73304,-16.035084],[33.733073,-16.044123],[33.742421,-16.044091]]]}},{"type":"Feature","properties":{"ano":2025,"camada":"cultivo_sequeiro","area_km2":0.2295,"fracao_cobertura_celula":0.2295},"geometry":{"type":"Polygon","coordinates":[[[33.742388,-16.035052],[33.742354,-16.026012],[33.733007,-16.026044],[33.73304,-16.035084],[33.742388,-16.035052]]]}},{"type":"Feature","properties":{"ano":2025,"camada":"cultivo_sequeiro","area_km2":0.1836,"fracao_cobertura_celula":0.1836},"geometry":{"type":"Polygon","coordinates":[[[33.742354,-16.026012],[33.742321,-16.016972],[33.732974,-16.017004],[33.733007,-16.026044],[33.742354,-16.026012]]]}},{"type":"Feature","properties":{"ano":2025,"camada":"cultivo_sequeiro","area_km2":0.2007,"fracao_cobertura_celula":0.2007},"geometry":{"type":"Polygon","coordinates":[[[33.742321,-16.016972],[33.742287,-16.007933],[33.732941,-16.007965],[33.732974,-16.017004],[33.742321,-16.016972]]]}},{"type":"Feature","properties":{"ano":2025,"camada":"cultivo_sequeiro","area_km2":0.1431,"fracao_cobertura_celula":0.1431},"geometry":{"type":"Polygon","coordinates":[[[33.742287,-16.007933],[33.742254,-15.998893],[33.732908,-15.998925],[33.732941,-16.007965],[33.742287,-16.007933]]]}},{"type":"Feature","properties":{"ano":2025,"camada":"cultivo_sequeiro","area_km2":0.0324,"fracao_cobertura_celula":0.0324},"geometry":{"type":"Polygon","coordinates":[[[33.752934,-16.3514],[33.752899,-16.342361],[33.743537,-16.342394],[33.743572,-16.351434],[33.752934,-16.3514]]]}},{"type":"Feature","properties":{"ano":2025,"camada":"cultivo_sequeiro","area_km2":0.027,"fracao_cobertura_celula":0.027},"geometry":{"type":"Polygon","coordinates":[[[33.752899,-16.342361],[33.752865,-16.333322],[33.743503,-16.333355],[33.743537,-16.342394],[33.752899,-16.342361]]]}},{"type":"Feature","properties":{"ano":2025,"camada":"cultivo_sequeiro","area_km2":0.1773,"fracao_cobertura_celula":0.1773},"geometry":{"type":"Polygon","coordinates":[[[33.752865,-16.333322],[33.75283,-16.324282],[33.743469,-16.324315],[33.743503,-16.333355],[33.752865,-16.333322]]]}},{"type":"Feature","properties":{"ano":2025,"camada":"cultivo_sequeiro","area_km2":0.0441,"fracao_cobertura_celula":0.0441},"geometry":{"type":"Polygon","coordinates":[[[33.75283,-16.324282],[33.752796,-16.315243],[33.743435,-16.315276],[33.743469,-16.324315],[33.75283,-16.324282]]]}},{"type":"Feature","properties":{"ano":2025,"camada":"cultivo_sequeiro","area_km2":0.0189,"fracao_cobertura_celula":0.0189},"geometry":{"type":"Polygon","coordinates":[[[33.752796,-16.315243],[33.752761,-16.306204],[33.743401,-16.306237],[33.743435,-16.315276],[33.752796,-16.315243]]]}},{"type":"Feature","properties":{"ano":2025,"camada":"cultivo_sequeiro","area_km2":0.0513,"fracao_cobertura_celula":0.0513},"geometry":{"type":"Polygon","coordinates":[[[33.752761,-16.306204],[33.752726,-16.297164],[33.743367,-16.297197],[33.743401,-16.306237],[33.752761,-16.306204]]]}},{"type":"Feature","properties":{"ano":2025,"camada":"cultivo_sequeiro","area_km2":0.1197,"fracao_cobertura_celula":0.1197},"geometry":{"type":"Polygon","coordinates":[[[33.752726,-16.297164],[33.752692,-16.288125],[33.743333,-16.288158],[33.743367,-16.297197],[33.752726,-16.297164]]]}},{"type":"Feature","properties":{"ano":2025,"camada":"cultivo_sequeiro","area_km2":0.0081,"fracao_cobertura_celula":0.0081},"geometry":{"type":"Polygon","coordinates":[[[33.752692,-16.288125],[33.752658,-16.279085],[33.743299,-16.279118],[33.743333,-16.288158],[33.752692,-16.288125]]]}},{"type":"Feature","properties":{"ano":2025,"camada":"cultivo_sequeiro","area_km2":0.0018,"fracao_cobertura_celula":0.0018},"geometry":{"type":"Polygon","coordinates":[[[33.752658,-16.279085],[33.752623,-16.270046],[33.743265,-16.270079],[33.743299,-16.279118],[33.752658,-16.279085]]]}},{"type":"Feature","properties":{"ano":2025,"camada":"cultivo_sequeiro","area_km2":0.0216,"fracao_cobertura_celula":0.0216},"geometry":{"type":"Polygon","coordinates":[[[33.752623,-16.270046],[33.752589,-16.261007],[33.743231,-16.26104],[33.743265,-16.270079],[33.752623,-16.270046]]]}},{"type":"Feature","properties":{"ano":2025,"camada":"cultivo_sequeiro","area_km2":0.027,"fracao_cobertura_celula":0.027},"geometry":{"type":"Polygon","coordinates":[[[33.752589,-16.261007],[33.752554,-16.251967],[33.743197,-16.252],[33.743231,-16.26104],[33.752589,-16.261007]]]}},{"type":"Feature","properties":{"ano":2025,"camada":"cultivo_sequeiro","area_km2":0.1377,"fracao_cobertura_celula":0.1377},"geometry":{"type":"Polygon","coordinates":[[[33.752554,-16.251967],[33.75252,-16.242928],[33.743163,-16.242961],[33.743197,-16.252],[33.752554,-16.251967]]]}},{"type":"Feature","properties":{"ano":2025,"camada":"cultivo_sequeiro","area_km2":0.1629,"fracao_cobertura_celula":0.1629},"geometry":{"type":"Polygon","coordinates":[[[33.75252,-16.242928],[33.752485,-16.233888],[33.743129,-16.233921],[33.743163,-16.242961],[33.75252,-16.242928]]]}},{"type":"Feature","properties":{"ano":2025,"camada":"cultivo_sequeiro","area_km2":0.1026,"fracao_cobertura_celula":0.1026},"geometry":{"type":"Polygon","coordinates":[[[33.752485,-16.233888],[33.752451,-16.224849],[33.743095,-16.224882],[33.743129,-16.233921],[33.752485,-16.233888]]]}},{"type":"Feature","properties":{"ano":2025,"camada":"cultivo_sequeiro","area_km2":0.1008,"fracao_cobertura_celula":0.1008},"geometry":{"type":"Polygon","coordinates":[[[33.752451,-16.224849],[33.752417,-16.215809],[33.743061,-16.215842],[33.743095,-16.224882],[33.752451,-16.224849]]]}},{"type":"Feature","properties":{"ano":2025,"camada":"cultivo_sequeiro","area_km2":0.0963,"fracao_cobertura_celula":0.0963},"geometry":{"type":"Polygon","coordinates":[[[33.752417,-16.215809],[33.752382,-16.20677],[33.743027,-16.206803],[33.743061,-16.215842],[33.752417,-16.215809]]]}},{"type":"Feature","properties":{"ano":2025,"camada":"cultivo_sequeiro","area_km2":0.6219,"fracao_cobertura_celula":0.6219},"geometry":{"type":"Polygon","coordinates":[[[33.752382,-16.20677],[33.752348,-16.197731],[33.742993,-16.197763],[33.743027,-16.206803],[33.752382,-16.20677]]]}},{"type":"Feature","properties":{"ano":2025,"camada":"cultivo_sequeiro","area_km2":0.5616,"fracao_cobertura_celula":0.5616},"geometry":{"type":"Polygon","coordinates":[[[33.752348,-16.197731],[33.752314,-16.188691],[33.742959,-16.188724],[33.742993,-16.197763],[33.752348,-16.197731]]]}},{"type":"Feature","properties":{"ano":2025,"camada":"cultivo_sequeiro","area_km2":0.0306,"fracao_cobertura_celula":0.0306},"geometry":{"type":"Polygon","coordinates":[[[33.752314,-16.188691],[33.75228,-16.179652],[33.742926,-16.179684],[33.742959,-16.188724],[33.752314,-16.188691]]]}},{"type":"Feature","properties":{"ano":2025,"camada":"cultivo_sequeiro","area_km2":0.0009,"fracao_cobertura_celula":0.0009},"geometry":{"type":"Polygon","coordinates":[[[33.75228,-16.179652],[33.752246,-16.170612],[33.742892,-16.170645],[33.742926,-16.179684],[33.75228,-16.179652]]]}},{"type":"Feature","properties":{"ano":2025,"camada":"cultivo_sequeiro","area_km2":0.0207,"fracao_cobertura_celula":0.0207},"geometry":{"type":"Polygon","coordinates":[[[33.752246,-16.170612],[33.752211,-16.161573],[33.742858,-16.161605],[33.742892,-16.170645],[33.752246,-16.170612]]]}},{"type":"Feature","properties":{"ano":2025,"camada":"cultivo_sequeiro","area_km2":0.0027,"fracao_cobertura_celula":0.0027},"geometry":{"type":"Polygon","coordinates":[[[33.752211,-16.161573],[33.752177,-16.152533],[33.742824,-16.152566],[33.742858,-16.161605],[33.752211,-16.161573]]]}},{"type":"Feature","properties":{"ano":2025,"camada":"cultivo_sequeiro","area_km2":0.0144,"fracao_cobertura_celula":0.0144},"geometry":{"type":"Polygon","coordinates":[[[33.752177,-16.152533],[33.752143,-16.143494],[33.742791,-16.143526],[33.742824,-16.152566],[33.752177,-16.152533]]]}},{"type":"Feature","properties":{"ano":2025,"camada":"cultivo_sequeiro","area_km2":0.2385,"fracao_cobertura_celula":0.2385},"geometry":{"type":"Polygon","coordinates":[[[33.752143,-16.143494],[33.752109,-16.134454],[33.742757,-16.134487],[33.742791,-16.143526],[33.752143,-16.143494]]]}},{"type":"Feature","properties":{"ano":2025,"camada":"cultivo_sequeiro","area_km2":0.0315,"fracao_cobertura_celula":0.0315},"geometry":{"type":"Polygon","coordinates":[[[33.752109,-16.134454],[33.752075,-16.125415],[33.742723,-16.125447],[33.742757,-16.134487],[33.752109,-16.134454]]]}},{"type":"Feature","properties":{"ano":2025,"camada":"cultivo_sequeiro","area_km2":0.0999,"fracao_cobertura_celula":0.0999},"geometry":{"type":"Polygon","coordinates":[[[33.752041,-16.116375],[33.752007,-16.107336],[33.742656,-16.107368],[33.74269,-16.116408],[33.752041,-16.116375]]]}},{"type":"Feature","properties":{"ano":2025,"camada":"cultivo_sequeiro","area_km2":0.1035,"fracao_cobertura_celula":0.1035},"geometry":{"type":"Polygon","coordinates":[[[33.752007,-16.107336],[33.751973,-16.098296],[33.742622,-16.098329],[33.742656,-16.107368],[33.752007,-16.107336]]]}},{"type":"Feature","properties":{"ano":2025,"camada":"cultivo_sequeiro","area_km2":0.1881,"fracao_cobertura_celula":0.1881},"geometry":{"type":"Polygon","coordinates":[[[33.751973,-16.098296],[33.751939,-16.089256],[33.742589,-16.089289],[33.742622,-16.098329],[33.751973,-16.098296]]]}},{"type":"Feature","properties":{"ano":2025,"camada":"cultivo_sequeiro","area_km2":0.1656,"fracao_cobertura_celula":0.1656},"geometry":{"type":"Polygon","coordinates":[[[33.751939,-16.089256],[33.751905,-16.080217],[33.742555,-16.08025],[33.742589,-16.089289],[33.751939,-16.089256]]]}},{"type":"Feature","properties":{"ano":2025,"camada":"cultivo_sequeiro","area_km2":0.1647,"fracao_cobertura_celula":0.1647},"geometry":{"type":"Polygon","coordinates":[[[33.751905,-16.080217],[33.751871,-16.071177],[33.742522,-16.07121],[33.742555,-16.08025],[33.751905,-16.080217]]]}},{"type":"Feature","properties":{"ano":2025,"camada":"cultivo_sequeiro","area_km2":0.0378,"fracao_cobertura_celula":0.0378},"geometry":{"type":"Polygon","coordinates":[[[33.751871,-16.071177],[33.751837,-16.062138],[33.742488,-16.06217],[33.742522,-16.07121],[33.751871,-16.071177]]]}},{"type":"Feature","properties":{"ano":2025,"camada":"cultivo_sequeiro","area_km2":0.1845,"fracao_cobertura_celula":0.1845},"geometry":{"type":"Polygon","coordinates":[[[33.751837,-16.062138],[33.751803,-16.053098],[33.742454,-16.053131],[33.742488,-16.06217],[33.751837,-16.062138]]]}},{"type":"Feature","properties":{"ano":2025,"camada":"cultivo_sequeiro","area_km2":0.6273,"fracao_cobertura_celula":0.6273},"geometry":{"type":"Polygon","coordinates":[[[33.751803,-16.053098],[33.751769,-16.044059],[33.742421,-16.044091],[33.742454,-16.053131],[33.751803,-16.053098]]]}},{"type":"Feature","properties":{"ano":2025,"camada":"cultivo_sequeiro","area_km2":0.1134,"fracao_cobertura_celula":0.1134},"geometry":{"type":"Polygon","coordinates":[[[33.751769,-16.044059],[33.751735,-16.035019],[33.742388,-16.035052],[33.742421,-16.044091],[33.751769,-16.044059]]]}},{"type":"Feature","properties":{"ano":2025,"camada":"cultivo_sequeiro","area_km2":0.207,"fracao_cobertura_celula":0.207},"geometry":{"type":"Polygon","coordinates":[[[33.751735,-16.035019],[33.751701,-16.025979],[33.742354,-16.026012],[33.742388,-16.035052],[33.751735,-16.035019]]]}},{"type":"Feature","properties":{"ano":2025,"camada":"cultivo_sequeiro","area_km2":0.1161,"fracao_cobertura_celula":0.1161},"geometry":{"type":"Polygon","coordinates":[[[33.751701,-16.025979],[33.751667,-16.01694],[33.742321,-16.016972],[33.742354,-16.026012],[33.751701,-16.025979]]]}},{"type":"Feature","properties":{"ano":2025,"camada":"cultivo_sequeiro","area_km2":0.1503,"fracao_cobertura_celula":0.1503},"geometry":{"type":"Polygon","coordinates":[[[33.751667,-16.01694],[33.751633,-16.0079],[33.742287,-16.007933],[33.742321,-16.016972],[33.751667,-16.01694]]]}},{"type":"Feature","properties":{"ano":2025,"camada":"cultivo_sequeiro","area_km2":0.4554,"fracao_cobertura_celula":0.4554},"geometry":{"type":"Polygon","coordinates":[[[33.751633,-16.0079],[33.7516,-15.998861],[33.742254,-15.998893],[33.742287,-16.007933],[33.751633,-16.0079]]]}},{"type":"Feature","properties":{"ano":2025,"camada":"cultivo_sequeiro","area_km2":0.1521,"fracao_cobertura_celula":0.1521},"geometry":{"type":"Polygon","coordinates":[[[33.762296,-16.351367],[33.762261,-16.342327],[33.752899,-16.342361],[33.752934,-16.3514],[33.762296,-16.351367]]]}},{"type":"Feature","properties":{"ano":2025,"camada":"cultivo_sequeiro","area_km2":0.0846,"fracao_cobertura_celula":0.0846},"geometry":{"type":"Polygon","coordinates":[[[33.762261,-16.342327],[33.762226,-16.333288],[33.752865,-16.333322],[33.752899,-16.342361],[33.762261,-16.342327]]]}},{"type":"Feature","properties":{"ano":2025,"camada":"cultivo_sequeiro","area_km2":0.063,"fracao_cobertura_celula":0.063},"geometry":{"type":"Polygon","coordinates":[[[33.762226,-16.333288],[33.762191,-16.324249],[33.75283,-16.324282],[33.752865,-16.333322],[33.762226,-16.333288]]]}},{"type":"Feature","properties":{"ano":2025,"camada":"cultivo_sequeiro","area_km2":0.0162,"fracao_cobertura_celula":0.0162},"geometry":{"type":"Polygon","coordinates":[[[33.762191,-16.324249],[33.762156,-16.315209],[33.752796,-16.315243],[33.75283,-16.324282],[33.762191,-16.324249]]]}},{"type":"Feature","properties":{"ano":2025,"camada":"cultivo_sequeiro","area_km2":0.0045,"fracao_cobertura_celula":0.0045},"geometry":{"type":"Polygon","coordinates":[[[33.762121,-16.30617],[33.762086,-16.297131],[33.752726,-16.297164],[33.752761,-16.306204],[33.762121,-16.30617]]]}},{"type":"Feature","properties":{"ano":2025,"camada":"cultivo_sequeiro","area_km2":0.153,"fracao_cobertura_celula":0.153},"geometry":{"type":"Polygon","coordinates":[[[33.762086,-16.297131],[33.762051,-16.288091],[33.752692,-16.288125],[33.752726,-16.297164],[33.762086,-16.297131]]]}},{"type":"Feature","properties":{"ano":2025,"camada":"cultivo_sequeiro","area_km2":0.1827,"fracao_cobertura_celula":0.1827},"geometry":{"type":"Polygon","coordinates":[[[33.762051,-16.288091],[33.762016,-16.279052],[33.752658,-16.279085],[33.752692,-16.288125],[33.762051,-16.288091]]]}},{"type":"Feature","properties":{"ano":2025,"camada":"cultivo_sequeiro","area_km2":0.036,"fracao_cobertura_celula":0.036},"geometry":{"type":"Polygon","coordinates":[[[33.762016,-16.279052],[33.761981,-16.270013],[33.752623,-16.270046],[33.752658,-16.279085],[33.762016,-16.279052]]]}},{"type":"Feature","properties":{"ano":2025,"camada":"cultivo_sequeiro","area_km2":6.1281,"fracao_cobertura_celula":6.1281},"geometry":{"type":"Polygon","coordinates":[[[33.761981,-16.270013],[33.761947,-16.260973],[33.752589,-16.261007],[33.752623,-16.270046],[33.761981,-16.270013]]]}},{"type":"Feature","properties":{"ano":2025,"camada":"cultivo_sequeiro","area_km2":0.0738,"fracao_cobertura_celula":0.0738},"geometry":{"type":"Polygon","coordinates":[[[33.761947,-16.260973],[33.761912,-16.251934],[33.752554,-16.251967],[33.752589,-16.261007],[33.761947,-16.260973]]]}},{"type":"Feature","properties":{"ano":2025,"camada":"cultivo_sequeiro","area_km2":0.0936,"fracao_cobertura_celula":0.0936},"geometry":{"type":"Polygon","coordinates":[[[33.761912,-16.251934],[33.761877,-16.242894],[33.75252,-16.242928],[33.752554,-16.251967],[33.761912,-16.251934]]]}},{"type":"Feature","properties":{"ano":2025,"camada":"cultivo_sequeiro","area_km2":0.2556,"fracao_cobertura_celula":0.2556},"geometry":{"type":"Polygon","coordinates":[[[33.761877,-16.242894],[33.761842,-16.233855],[33.752485,-16.233888],[33.75252,-16.242928],[33.761877,-16.242894]]]}},{"type":"Feature","properties":{"ano":2025,"camada":"cultivo_sequeiro","area_km2":0.1341,"fracao_cobertura_celula":0.1341},"geometry":{"type":"Polygon","coordinates":[[[33.761842,-16.233855],[33.761807,-16.224816],[33.752451,-16.224849],[33.752485,-16.233888],[33.761842,-16.233855]]]}},{"type":"Feature","properties":{"ano":2025,"camada":"cultivo_sequeiro","area_km2":0.0594,"fracao_cobertura_celula":0.0594},"geometry":{"type":"Polygon","coordinates":[[[33.761807,-16.224816],[33.761773,-16.215776],[33.752417,-16.215809],[33.752451,-16.224849],[33.761807,-16.224816]]]}},{"type":"Feature","properties":{"ano":2025,"camada":"cultivo_sequeiro","area_km2":0.5643,"fracao_cobertura_celula":0.5643},"geometry":{"type":"Polygon","coordinates":[[[33.761773,-16.215776],[33.761738,-16.206737],[33.752382,-16.20677],[33.752417,-16.215809],[33.761773,-16.215776]]]}},{"type":"Feature","properties":{"ano":2025,"camada":"cultivo_sequeiro","area_km2":0.1953,"fracao_cobertura_celula":0.1953},"geometry":{"type":"Polygon","coordinates":[[[33.761738,-16.206737],[33.761703,-16.197697],[33.752348,-16.197731],[33.752382,-16.20677],[33.761738,-16.206737]]]}},{"type":"Feature","properties":{"ano":2025,"camada":"cultivo_sequeiro","area_km2":0.3159,"fracao_cobertura_celula":0.3159},"geometry":{"type":"Polygon","coordinates":[[[33.761703,-16.197697],[33.761668,-16.188658],[33.752314,-16.188691],[33.752348,-16.197731],[33.761703,-16.197697]]]}},{"type":"Feature","properties":{"ano":2025,"camada":"cultivo_sequeiro","area_km2":0.1143,"fracao_cobertura_celula":0.1143},"geometry":{"type":"Polygon","coordinates":[[[33.761634,-16.179618],[33.761599,-16.170579],[33.752246,-16.170612],[33.75228,-16.179652],[33.761634,-16.179618]]]}},{"type":"Feature","properties":{"ano":2025,"camada":"cultivo_sequeiro","area_km2":0.6552,"fracao_cobertura_celula":0.6552},"geometry":{"type":"Polygon","coordinates":[[[33.761599,-16.170579],[33.761565,-16.161539],[33.752211,-16.161573],[33.752246,-16.170612],[33.761599,-16.170579]]]}},{"type":"Feature","properties":{"ano":2025,"camada":"cultivo_sequeiro","area_km2":0.0063,"fracao_cobertura_celula":0.0063},"geometry":{"type":"Polygon","coordinates":[[[33.761565,-16.161539],[33.76153,-16.1525],[33.752177,-16.152533],[33.752211,-16.161573],[33.761565,-16.161539]]]}},{"type":"Feature","properties":{"ano":2025,"camada":"cultivo_sequeiro","area_km2":0.0342,"fracao_cobertura_celula":0.0342},"geometry":{"type":"Polygon","coordinates":[[[33.761495,-16.14346],[33.761461,-16.134421],[33.752109,-16.134454],[33.752143,-16.143494],[33.761495,-16.14346]]]}},{"type":"Feature","properties":{"ano":2025,"camada":"cultivo_sequeiro","area_km2":0.0036,"fracao_cobertura_celula":0.0036},"geometry":{"type":"Polygon","coordinates":[[[33.761461,-16.134421],[33.761426,-16.125381],[33.752075,-16.125415],[33.752109,-16.134454],[33.761461,-16.134421]]]}},{"type":"Feature","properties":{"ano":2025,"camada":"cultivo_sequeiro","area_km2":0.0081,"fracao_cobertura_celula":0.0081},"geometry":{"type":"Polygon","coordinates":[[[33.761392,-16.116342],[33.761357,-16.107302],[33.752007,-16.107336],[33.752041,-16.116375],[33.761392,-16.116342]]]}},{"type":"Feature","properties":{"ano":2025,"camada":"cultivo_sequeiro","area_km2":0.1314,"fracao_cobertura_celula":0.1314},"geometry":{"type":"Polygon","coordinates":[[[33.761357,-16.107302],[33.761323,-16.098263],[33.751973,-16.098296],[33.752007,-16.107336],[33.761357,-16.107302]]]}},{"type":"Feature","properties":{"ano":2025,"camada":"cultivo_sequeiro","area_km2":0.1071,"fracao_cobertura_celula":0.1071},"geometry":{"type":"Polygon","coordinates":[[[33.761323,-16.098263],[33.761288,-16.089223],[33.751939,-16.089256],[33.751973,-16.098296],[33.761323,-16.098263]]]}},{"type":"Feature","properties":{"ano":2025,"camada":"cultivo_sequeiro","area_km2":0.3807,"fracao_cobertura_celula":0.3807},"geometry":{"type":"Polygon","coordinates":[[[33.761288,-16.089223],[33.761254,-16.080184],[33.751905,-16.080217],[33.751939,-16.089256],[33.761288,-16.089223]]]}},{"type":"Feature","properties":{"ano":2025,"camada":"cultivo_sequeiro","area_km2":0.2088,"fracao_cobertura_celula":0.2088},"geometry":{"type":"Polygon","coordinates":[[[33.761254,-16.080184],[33.76122,-16.071144],[33.751871,-16.071177],[33.751905,-16.080217],[33.761254,-16.080184]]]}},{"type":"Feature","properties":{"ano":2025,"camada":"cultivo_sequeiro","area_km2":0.0459,"fracao_cobertura_celula":0.0459},"geometry":{"type":"Polygon","coordinates":[[[33.76122,-16.071144],[33.761185,-16.062105],[33.751837,-16.062138],[33.751871,-16.071177],[33.76122,-16.071144]]]}},{"type":"Feature","properties":{"ano":2025,"camada":"cultivo_sequeiro","area_km2":0.027,"fracao_cobertura_celula":0.027},"geometry":{"type":"Polygon","coordinates":[[[33.761185,-16.062105],[33.761151,-16.053065],[33.751803,-16.053098],[33.751837,-16.062138],[33.761185,-16.062105]]]}},{"type":"Feature","properties":{"ano":2025,"camada":"cultivo_sequeiro","area_km2":0.1539,"fracao_cobertura_celula":0.1539},"geometry":{"type":"Polygon","coordinates":[[[33.761151,-16.053065],[33.761117,-16.044026],[33.751769,-16.044059],[33.751803,-16.053098],[33.761151,-16.053065]]]}},{"type":"Feature","properties":{"ano":2025,"camada":"cultivo_sequeiro","area_km2":0.2331,"fracao_cobertura_celula":0.2331},"geometry":{"type":"Polygon","coordinates":[[[33.761117,-16.044026],[33.761082,-16.034986],[33.751735,-16.035019],[33.751769,-16.044059],[33.761117,-16.044026]]]}},{"type":"Feature","properties":{"ano":2025,"camada":"cultivo_sequeiro","area_km2":0.0819,"fracao_cobertura_celula":0.0819},"geometry":{"type":"Polygon","coordinates":[[[33.761082,-16.034986],[33.761048,-16.025946],[33.751701,-16.025979],[33.751735,-16.035019],[33.761082,-16.034986]]]}},{"type":"Feature","properties":{"ano":2025,"camada":"cultivo_sequeiro","area_km2":0.1611,"fracao_cobertura_celula":0.1611},"geometry":{"type":"Polygon","coordinates":[[[33.761048,-16.025946],[33.761014,-16.016907],[33.751667,-16.01694],[33.751701,-16.025979],[33.761048,-16.025946]]]}},{"type":"Feature","properties":{"ano":2025,"camada":"cultivo_sequeiro","area_km2":1.4499,"fracao_cobertura_celula":1.4499},"geometry":{"type":"Polygon","coordinates":[[[33.761014,-16.016907],[33.760979,-16.007867],[33.751633,-16.0079],[33.751667,-16.01694],[33.761014,-16.016907]]]}},{"type":"Feature","properties":{"ano":2025,"camada":"cultivo_sequeiro","area_km2":0.0387,"fracao_cobertura_celula":0.0387},"geometry":{"type":"Polygon","coordinates":[[[33.760979,-16.007867],[33.760945,-15.998828],[33.7516,-15.998861],[33.751633,-16.0079],[33.760979,-16.007867]]]}},{"type":"Feature","properties":{"ano":2025,"camada":"cultivo_sequeiro","area_km2":0.054,"fracao_cobertura_celula":0.054},"geometry":{"type":"Polygon","coordinates":[[[33.771658,-16.351333],[33.771623,-16.342293],[33.762261,-16.342327],[33.762296,-16.351367],[33.771658,-16.351333]]]}},{"type":"Feature","properties":{"ano":2025,"camada":"cultivo_sequeiro","area_km2":0.0423,"fracao_cobertura_celula":0.0423},"geometry":{"type":"Polygon","coordinates":[[[33.771623,-16.342293],[33.771587,-16.333254],[33.762226,-16.333288],[33.762261,-16.342327],[33.771623,-16.342293]]]}},{"type":"Feature","properties":{"ano":2025,"camada":"cultivo_sequeiro","area_km2":0.2313,"fracao_cobertura_celula":0.2313},"geometry":{"type":"Polygon","coordinates":[[[33.771587,-16.333254],[33.771552,-16.324215],[33.762191,-16.324249],[33.762226,-16.333288],[33.771587,-16.333254]]]}},{"type":"Feature","properties":{"ano":2025,"camada":"cultivo_sequeiro","area_km2":0.0729,"fracao_cobertura_celula":0.0729},"geometry":{"type":"Polygon","coordinates":[[[33.771552,-16.324215],[33.771517,-16.315175],[33.762156,-16.315209],[33.762191,-16.324249],[33.771552,-16.324215]]]}},{"type":"Feature","properties":{"ano":2025,"camada":"cultivo_sequeiro","area_km2":0.018,"fracao_cobertura_celula":0.018},"geometry":{"type":"Polygon","coordinates":[[[33.771517,-16.315175],[33.771481,-16.306136],[33.762121,-16.30617],[33.762156,-16.315209],[33.771517,-16.315175]]]}},{"type":"Feature","properties":{"ano":2025,"camada":"cultivo_sequeiro","area_km2":0.0216,"fracao_cobertura_celula":0.0216},"geometry":{"type":"Polygon","coordinates":[[[33.771481,-16.306136],[33.771446,-16.297097],[33.762086,-16.297131],[33.762121,-16.30617],[33.771481,-16.306136]]]}},{"type":"Feature","properties":{"ano":2025,"camada":"cultivo_sequeiro","area_km2":0.0657,"fracao_cobertura_celula":0.0657},"geometry":{"type":"Polygon","coordinates":[[[33.771446,-16.297097],[33.77141,-16.288057],[33.762051,-16.288091],[33.762086,-16.297131],[33.771446,-16.297097]]]}},{"type":"Feature","properties":{"ano":2025,"camada":"cultivo_sequeiro","area_km2":0.1917,"fracao_cobertura_celula":0.1917},"geometry":{"type":"Polygon","coordinates":[[[33.77141,-16.288057],[33.771375,-16.279018],[33.762016,-16.279052],[33.762051,-16.288091],[33.77141,-16.288057]]]}},{"type":"Feature","properties":{"ano":2025,"camada":"cultivo_sequeiro","area_km2":0.0072,"fracao_cobertura_celula":0.0072},"geometry":{"type":"Polygon","coordinates":[[[33.771375,-16.279018],[33.77134,-16.269979],[33.761981,-16.270013],[33.762016,-16.279052],[33.771375,-16.279018]]]}},{"type":"Feature","properties":{"ano":2025,"camada":"cultivo_sequeiro","area_km2":0.0171,"fracao_cobertura_celula":0.0171},"geometry":{"type":"Polygon","coordinates":[[[33.77134,-16.269979],[33.771305,-16.260939],[33.761947,-16.260973],[33.761981,-16.270013],[33.77134,-16.269979]]]}},{"type":"Feature","properties":{"ano":2025,"camada":"cultivo_sequeiro","area_km2":0.3996,"fracao_cobertura_celula":0.3996},"geometry":{"type":"Polygon","coordinates":[[[33.771305,-16.260939],[33.771269,-16.2519],[33.761912,-16.251934],[33.761947,-16.260973],[33.771305,-16.260939]]]}},{"type":"Feature","properties":{"ano":2025,"camada":"cultivo_sequeiro","area_km2":0.7875,"fracao_cobertura_celula":0.7875},"geometry":{"type":"Polygon","coordinates":[[[33.771269,-16.2519],[33.771234,-16.242861],[33.761877,-16.242894],[33.761912,-16.251934],[33.771269,-16.2519]]]}},{"type":"Feature","properties":{"ano":2025,"camada":"cultivo_sequeiro","area_km2":0.0702,"fracao_cobertura_celula":0.0702},"geometry":{"type":"Polygon","coordinates":[[[33.771234,-16.242861],[33.771199,-16.233821],[33.761842,-16.233855],[33.761877,-16.242894],[33.771234,-16.242861]]]}},{"type":"Feature","properties":{"ano":2025,"camada":"cultivo_sequeiro","area_km2":0.0495,"fracao_cobertura_celula":0.0495},"geometry":{"type":"Polygon","coordinates":[[[33.771199,-16.233821],[33.771164,-16.224782],[33.761807,-16.224816],[33.761842,-16.233855],[33.771199,-16.233821]]]}},{"type":"Feature","properties":{"ano":2025,"camada":"cultivo_sequeiro","area_km2":0.1485,"fracao_cobertura_celula":0.1485},"geometry":{"type":"Polygon","coordinates":[[[33.771164,-16.224782],[33.771128,-16.215742],[33.761773,-16.215776],[33.761807,-16.224816],[33.771164,-16.224782]]]}},{"type":"Feature","properties":{"ano":2025,"camada":"cultivo_sequeiro","area_km2":0.1404,"fracao_cobertura_celula":0.1404},"geometry":{"type":"Polygon","coordinates":[[[33.771128,-16.215742],[33.771093,-16.206703],[33.761738,-16.206737],[33.761773,-16.215776],[33.771128,-16.215742]]]}},{"type":"Feature","properties":{"ano":2025,"camada":"cultivo_sequeiro","area_km2":0.2565,"fracao_cobertura_celula":0.2565},"geometry":{"type":"Polygon","coordinates":[[[33.771093,-16.206703],[33.771058,-16.197664],[33.761703,-16.197697],[33.761738,-16.206737],[33.771093,-16.206703]]]}},{"type":"Feature","properties":{"ano":2025,"camada":"cultivo_sequeiro","area_km2":0.0414,"fracao_cobertura_celula":0.0414},"geometry":{"type":"Polygon","coordinates":[[[33.771058,-16.197664],[33.771023,-16.188624],[33.761668,-16.188658],[33.761703,-16.197697],[33.771058,-16.197664]]]}},{"type":"Feature","properties":{"ano":2025,"camada":"cultivo_sequeiro","area_km2":4.3551,"fracao_cobertura_celula":4.3551},"geometry":{"type":"Polygon","coordinates":[[[33.771023,-16.188624],[33.770988,-16.179585],[33.761634,-16.179618],[33.761668,-16.188658],[33.771023,-16.188624]]]}},{"type":"Feature","properties":{"ano":2025,"camada":"cultivo_sequeiro","area_km2":0.1143,"fracao_cobertura_celula":0.1143},"geometry":{"type":"Polygon","coordinates":[[[33.770988,-16.179585],[33.770953,-16.170545],[33.761599,-16.170579],[33.761634,-16.179618],[33.770988,-16.179585]]]}},{"type":"Feature","properties":{"ano":2025,"camada":"cultivo_sequeiro","area_km2":0.0459,"fracao_cobertura_celula":0.0459},"geometry":{"type":"Polygon","coordinates":[[[33.770953,-16.170545],[33.770918,-16.161506],[33.761565,-16.161539],[33.761599,-16.170579],[33.770953,-16.170545]]]}},{"type":"Feature","properties":{"ano":2025,"camada":"cultivo_sequeiro","area_km2":0.5355,"fracao_cobertura_celula":0.5355},"geometry":{"type":"Polygon","coordinates":[[[33.770918,-16.161506],[33.770883,-16.152466],[33.76153,-16.1525],[33.761565,-16.161539],[33.770918,-16.161506]]]}},{"type":"Feature","properties":{"ano":2025,"camada":"cultivo_sequeiro","area_km2":0.0036,"fracao_cobertura_celula":0.0036},"geometry":{"type":"Polygon","coordinates":[[[33.770883,-16.152466],[33.770848,-16.143427],[33.761495,-16.14346],[33.76153,-16.1525],[33.770883,-16.152466]]]}},{"type":"Feature","properties":{"ano":2025,"camada":"cultivo_sequeiro","area_km2":0.0855,"fracao_cobertura_celula":0.0855},"geometry":{"type":"Polygon","coordinates":[[[33.770848,-16.143427],[33.770813,-16.134387],[33.761461,-16.134421],[33.761495,-16.14346],[33.770848,-16.143427]]]}},{"type":"Feature","properties":{"ano":2025,"camada":"cultivo_sequeiro","area_km2":0.0027,"fracao_cobertura_celula":0.0027},"geometry":{"type":"Polygon","coordinates":[[[33.770778,-16.125348],[33.770743,-16.116308],[33.761392,-16.116342],[33.761426,-16.125381],[33.770778,-16.125348]]]}},{"type":"Feature","properties":{"ano":2025,"camada":"cultivo_sequeiro","area_km2":0.3015,"fracao_cobertura_celula":0.3015},"geometry":{"type":"Polygon","coordinates":[[[33.770743,-16.116308],[33.770708,-16.107269],[33.761357,-16.107302],[33.761392,-16.116342],[33.770743,-16.116308]]]}},{"type":"Feature","properties":{"ano":2025,"camada":"cultivo_sequeiro","area_km2":0.1386,"fracao_cobertura_celula":0.1386},"geometry":{"type":"Polygon","coordinates":[[[33.770708,-16.107269],[33.770673,-16.098229],[33.761323,-16.098263],[33.761357,-16.107302],[33.770708,-16.107269]]]}},{"type":"Feature","properties":{"ano":2025,"camada":"cultivo_sequeiro","area_km2":0.414,"fracao_cobertura_celula":0.414},"geometry":{"type":"Polygon","coordinates":[[[33.770673,-16.098229],[33.770638,-16.08919],[33.761288,-16.089223],[33.761323,-16.098263],[33.770673,-16.098229]]]}},{"type":"Feature","properties":{"ano":2025,"camada":"cultivo_sequeiro","area_km2":0.1746,"fracao_cobertura_celula":0.1746},"geometry":{"type":"Polygon","coordinates":[[[33.770638,-16.08919],[33.770603,-16.08015],[33.761254,-16.080184],[33.761288,-16.089223],[33.770638,-16.08919]]]}},{"type":"Feature","properties":{"ano":2025,"camada":"cultivo_sequeiro","area_km2":0.2511,"fracao_cobertura_celula":0.2511},"geometry":{"type":"Polygon","coordinates":[[[33.770603,-16.08015],[33.770569,-16.071111],[33.76122,-16.071144],[33.761254,-16.080184],[33.770603,-16.08015]]]}},{"type":"Feature","properties":{"ano":2025,"camada":"cultivo_sequeiro","area_km2":0.0189,"fracao_cobertura_celula":0.0189},"geometry":{"type":"Polygon","coordinates":[[[33.770569,-16.071111],[33.770534,-16.062071],[33.761185,-16.062105],[33.76122,-16.071144],[33.770569,-16.071111]]]}},{"type":"Feature","properties":{"ano":2025,"camada":"cultivo_sequeiro","area_km2":0.0126,"fracao_cobertura_celula":0.0126},"geometry":{"type":"Polygon","coordinates":[[[33.770534,-16.062071],[33.770499,-16.053032],[33.761151,-16.053065],[33.761185,-16.062105],[33.770534,-16.062071]]]}},{"type":"Feature","properties":{"ano":2025,"camada":"cultivo_sequeiro","area_km2":0.018,"fracao_cobertura_celula":0.018},"geometry":{"type":"Polygon","coordinates":[[[33.770499,-16.053032],[33.770464,-16.043992],[33.761117,-16.044026],[33.761151,-16.053065],[33.770499,-16.053032]]]}},{"type":"Feature","properties":{"ano":2025,"camada":"cultivo_sequeiro","area_km2":0.0567,"fracao_cobertura_celula":0.0567},"geometry":{"type":"Polygon","coordinates":[[[33.770464,-16.043992],[33.77043,-16.034953],[33.761082,-16.034986],[33.761117,-16.044026],[33.770464,-16.043992]]]}},{"type":"Feature","properties":{"ano":2025,"camada":"cultivo_sequeiro","area_km2":0.7758,"fracao_cobertura_celula":0.7758},"geometry":{"type":"Polygon","coordinates":[[[33.77043,-16.034953],[33.770395,-16.025913],[33.761048,-16.025946],[33.761082,-16.034986],[33.77043,-16.034953]]]}},{"type":"Feature","properties":{"ano":2025,"camada":"cultivo_sequeiro","area_km2":0.1125,"fracao_cobertura_celula":0.1125},"geometry":{"type":"Polygon","coordinates":[[[33.770395,-16.025913],[33.77036,-16.016874],[33.761014,-16.016907],[33.761048,-16.025946],[33.770395,-16.025913]]]}},{"type":"Feature","properties":{"ano":2025,"camada":"cultivo_sequeiro","area_km2":0.153,"fracao_cobertura_celula":0.153},"geometry":{"type":"Polygon","coordinates":[[[33.77036,-16.016874],[33.770325,-16.007834],[33.760979,-16.007867],[33.761014,-16.016907],[33.77036,-16.016874]]]}},{"type":"Feature","properties":{"ano":2025,"camada":"cultivo_sequeiro","area_km2":0.6003,"fracao_cobertura_celula":0.6003},"geometry":{"type":"Polygon","coordinates":[[[33.770325,-16.007834],[33.770291,-15.998794],[33.760945,-15.998828],[33.760979,-16.007867],[33.770325,-16.007834]]]}},{"type":"Feature","properties":{"ano":2025,"camada":"cultivo_sequeiro","area_km2":0.0882,"fracao_cobertura_celula":0.0882},"geometry":{"type":"Polygon","coordinates":[[[33.781021,-16.351298],[33.780985,-16.342259],[33.771623,-16.342293],[33.771658,-16.351333],[33.781021,-16.351298]]]}},{"type":"Feature","properties":{"ano":2025,"camada":"cultivo_sequeiro","area_km2":0.0261,"fracao_cobertura_celula":0.0261},"geometry":{"type":"Polygon","coordinates":[[[33.780985,-16.342259],[33.780949,-16.33322],[33.771587,-16.333254],[33.771623,-16.342293],[33.780985,-16.342259]]]}},{"type":"Feature","properties":{"ano":2025,"camada":"cultivo_sequeiro","area_km2":0.0657,"fracao_cobertura_celula":0.0657},"geometry":{"type":"Polygon","coordinates":[[[33.780949,-16.33322],[33.780913,-16.32418],[33.771552,-16.324215],[33.771587,-16.333254],[33.780949,-16.33322]]]}},{"type":"Feature","properties":{"ano":2025,"camada":"cultivo_sequeiro","area_km2":0.0063,"fracao_cobertura_celula":0.0063},"geometry":{"type":"Polygon","coordinates":[[[33.780913,-16.32418],[33.780877,-16.315141],[33.771517,-16.315175],[33.771552,-16.324215],[33.780913,-16.32418]]]}},{"type":"Feature","properties":{"ano":2025,"camada":"cultivo_sequeiro","area_km2":0.0396,"fracao_cobertura_celula":0.0396},"geometry":{"type":"Polygon","coordinates":[[[33.780877,-16.315141],[33.780841,-16.306102],[33.771481,-16.306136],[33.771517,-16.315175],[33.780877,-16.315141]]]}},{"type":"Feature","properties":{"ano":2025,"camada":"cultivo_sequeiro","area_km2":0.0135,"fracao_cobertura_celula":0.0135},"geometry":{"type":"Polygon","coordinates":[[[33.780841,-16.306102],[33.780805,-16.297062],[33.771446,-16.297097],[33.771481,-16.306136],[33.780841,-16.306102]]]}},{"type":"Feature","properties":{"ano":2025,"camada":"cultivo_sequeiro","area_km2":0.135,"fracao_cobertura_celula":0.135},"geometry":{"type":"Polygon","coordinates":[[[33.780805,-16.297062],[33.78077,-16.288023],[33.77141,-16.288057],[33.771446,-16.297097],[33.780805,-16.297062]]]}},{"type":"Feature","properties":{"ano":2025,"camada":"cultivo_sequeiro","area_km2":0.0513,"fracao_cobertura_celula":0.0513},"geometry":{"type":"Polygon","coordinates":[[[33.78077,-16.288023],[33.780734,-16.278984],[33.771375,-16.279018],[33.77141,-16.288057],[33.78077,-16.288023]]]}},{"type":"Feature","properties":{"ano":2025,"camada":"cultivo_sequeiro","area_km2":0.0009,"fracao_cobertura_celula":0.0009},"geometry":{"type":"Polygon","coordinates":[[[33.780734,-16.278984],[33.780698,-16.269944],[33.77134,-16.269979],[33.771375,-16.279018],[33.780734,-16.278984]]]}},{"type":"Feature","properties":{"ano":2025,"camada":"cultivo_sequeiro","area_km2":0.2205,"fracao_cobertura_celula":0.2205},"geometry":{"type":"Polygon","coordinates":[[[33.780698,-16.269944],[33.780662,-16.260905],[33.771305,-16.260939],[33.77134,-16.269979],[33.780698,-16.269944]]]}},{"type":"Feature","properties":{"ano":2025,"camada":"cultivo_sequeiro","area_km2":0.0954,"fracao_cobertura_celula":0.0954},"geometry":{"type":"Polygon","coordinates":[[[33.780662,-16.260905],[33.780627,-16.251866],[33.771269,-16.2519],[33.771305,-16.260939],[33.780662,-16.260905]]]}},{"type":"Feature","properties":{"ano":2025,"camada":"cultivo_sequeiro","area_km2":0.27,"fracao_cobertura_celula":0.27},"geometry":{"type":"Polygon","coordinates":[[[33.780627,-16.251866],[33.780591,-16.242826],[33.771234,-16.242861],[33.771269,-16.2519],[33.780627,-16.251866]]]}},{"type":"Feature","properties":{"ano":2025,"camada":"cultivo_sequeiro","area_km2":0.234,"fracao_cobertura_celula":0.234},"geometry":{"type":"Polygon","coordinates":[[[33.780591,-16.242826],[33.780555,-16.233787],[33.771199,-16.233821],[33.771234,-16.242861],[33.780591,-16.242826]]]}},{"type":"Feature","properties":{"ano":2025,"camada":"cultivo_sequeiro","area_km2":0.1413,"fracao_cobertura_celula":0.1413},"geometry":{"type":"Polygon","coordinates":[[[33.780555,-16.233787],[33.78052,-16.224748],[33.771164,-16.224782],[33.771199,-16.233821],[33.780555,-16.233787]]]}},{"type":"Feature","properties":{"ano":2025,"camada":"cultivo_sequeiro","area_km2":0.3816,"fracao_cobertura_celula":0.3816},"geometry":{"type":"Polygon","coordinates":[[[33.78052,-16.224748],[33.780484,-16.215708],[33.771128,-16.215742],[33.771164,-16.224782],[33.78052,-16.224748]]]}},{"type":"Feature","properties":{"ano":2025,"camada":"cultivo_sequeiro","area_km2":0.1539,"fracao_cobertura_celula":0.1539},"geometry":{"type":"Polygon","coordinates":[[[33.780484,-16.215708],[33.780449,-16.206669],[33.771093,-16.206703],[33.771128,-16.215742],[33.780484,-16.215708]]]}},{"type":"Feature","properties":{"ano":2025,"camada":"cultivo_sequeiro","area_km2":0.0432,"fracao_cobertura_celula":0.0432},"geometry":{"type":"Polygon","coordinates":[[[33.780449,-16.206669],[33.780413,-16.197629],[33.771058,-16.197664],[33.771093,-16.206703],[33.780449,-16.206669]]]}},{"type":"Feature","properties":{"ano":2025,"camada":"cultivo_sequeiro","area_km2":0.0108,"fracao_cobertura_celula":0.0108},"geometry":{"type":"Polygon","coordinates":[[[33.780413,-16.197629],[33.780378,-16.18859],[33.771023,-16.188624],[33.771058,-16.197664],[33.780413,-16.197629]]]}},{"type":"Feature","properties":{"ano":2025,"camada":"cultivo_sequeiro","area_km2":0.0054,"fracao_cobertura_celula":0.0054},"geometry":{"type":"Polygon","coordinates":[[[33.780378,-16.18859],[33.780342,-16.179551],[33.770988,-16.179585],[33.771023,-16.188624],[33.780378,-16.18859]]]}},{"type":"Feature","properties":{"ano":2025,"camada":"cultivo_sequeiro","area_km2":0.585,"fracao_cobertura_celula":0.585},"geometry":{"type":"Polygon","coordinates":[[[33.780342,-16.179551],[33.780306,-16.170511],[33.770953,-16.170545],[33.770988,-16.179585],[33.780342,-16.179551]]]}},{"type":"Feature","properties":{"ano":2025,"camada":"cultivo_sequeiro","area_km2":0.0252,"fracao_cobertura_celula":0.0252},"geometry":{"type":"Polygon","coordinates":[[[33.780306,-16.170511],[33.780271,-16.161472],[33.770918,-16.161506],[33.770953,-16.170545],[33.780306,-16.170511]]]}},{"type":"Feature","properties":{"ano":2025,"camada":"cultivo_sequeiro","area_km2":0.1557,"fracao_cobertura_celula":0.1557},"geometry":{"type":"Polygon","coordinates":[[[33.780271,-16.161472],[33.780236,-16.152432],[33.770883,-16.152466],[33.770918,-16.161506],[33.780271,-16.161472]]]}},{"type":"Feature","properties":{"ano":2025,"camada":"cultivo_sequeiro","area_km2":0.0027,"fracao_cobertura_celula":0.0027},"geometry":{"type":"Polygon","coordinates":[[[33.780236,-16.152432],[33.7802,-16.143393],[33.770848,-16.143427],[33.770883,-16.152466],[33.780236,-16.152432]]]}},{"type":"Feature","properties":{"ano":2025,"camada":"cultivo_sequeiro","area_km2":0.0207,"fracao_cobertura_celula":0.0207},"geometry":{"type":"Polygon","coordinates":[[[33.7802,-16.143393],[33.780165,-16.134353],[33.770813,-16.134387],[33.770848,-16.143427],[33.7802,-16.143393]]]}},{"type":"Feature","properties":{"ano":2025,"camada":"cultivo_sequeiro","area_km2":0.2403,"fracao_cobertura_celula":0.2403},"geometry":{"type":"Polygon","coordinates":[[[33.780165,-16.134353],[33.780129,-16.125314],[33.770778,-16.125348],[33.770813,-16.134387],[33.780165,-16.134353]]]}},{"type":"Feature","properties":{"ano":2025,"camada":"cultivo_sequeiro","area_km2":0.0018,"fracao_cobertura_celula":0.0018},"geometry":{"type":"Polygon","coordinates":[[[33.780129,-16.125314],[33.780094,-16.116274],[33.770743,-16.116308],[33.770778,-16.125348],[33.780129,-16.125314]]]}},{"type":"Feature","properties":{"ano":2025,"camada":"cultivo_sequeiro","area_km2":0.0108,"fracao_cobertura_celula":0.0108},"geometry":{"type":"Polygon","coordinates":[[[33.780094,-16.116274],[33.780059,-16.107235],[33.770708,-16.107269],[33.770743,-16.116308],[33.780094,-16.116274]]]}},{"type":"Feature","properties":{"ano":2025,"camada":"cultivo_sequeiro","area_km2":0.2313,"fracao_cobertura_celula":0.2313},"geometry":{"type":"Polygon","coordinates":[[[33.780059,-16.107235],[33.780023,-16.098195],[33.770673,-16.098229],[33.770708,-16.107269],[33.780059,-16.107235]]]}},{"type":"Feature","properties":{"ano":2025,"camada":"cultivo_sequeiro","area_km2":0.4266,"fracao_cobertura_celula":0.4266},"geometry":{"type":"Polygon","coordinates":[[[33.780023,-16.098195],[33.779988,-16.089156],[33.770638,-16.08919],[33.770673,-16.098229],[33.780023,-16.098195]]]}},{"type":"Feature","properties":{"ano":2025,"camada":"cultivo_sequeiro","area_km2":0.2187,"fracao_cobertura_celula":0.2187},"geometry":{"type":"Polygon","coordinates":[[[33.779988,-16.089156],[33.779953,-16.080116],[33.770603,-16.08015],[33.770638,-16.08919],[33.779988,-16.089156]]]}},{"type":"Feature","properties":{"ano":2025,"camada":"cultivo_sequeiro","area_km2":0.1377,"fracao_cobertura_celula":0.1377},"geometry":{"type":"Polygon","coordinates":[[[33.779953,-16.080116],[33.779918,-16.071077],[33.770569,-16.071111],[33.770603,-16.08015],[33.779953,-16.080116]]]}},{"type":"Feature","properties":{"ano":2025,"camada":"cultivo_sequeiro","area_km2":0.0333,"fracao_cobertura_celula":0.0333},"geometry":{"type":"Polygon","coordinates":[[[33.779918,-16.071077],[33.779882,-16.062037],[33.770534,-16.062071],[33.770569,-16.071111],[33.779918,-16.071077]]]}},{"type":"Feature","properties":{"ano":2025,"camada":"cultivo_sequeiro","area_km2":0.0207,"fracao_cobertura_celula":0.0207},"geometry":{"type":"Polygon","coordinates":[[[33.779882,-16.062037],[33.779847,-16.052998],[33.770499,-16.053032],[33.770534,-16.062071],[33.779882,-16.062037]]]}},{"type":"Feature","properties":{"ano":2025,"camada":"cultivo_sequeiro","area_km2":10.6542,"fracao_cobertura_celula":10.6542},"geometry":{"type":"Polygon","coordinates":[[[33.779847,-16.052998],[33.779812,-16.043958],[33.770464,-16.043992],[33.770499,-16.053032],[33.779847,-16.052998]]]}},{"type":"Feature","properties":{"ano":2025,"camada":"cultivo_sequeiro","area_km2":0.0054,"fracao_cobertura_celula":0.0054},"geometry":{"type":"Polygon","coordinates":[[[33.779812,-16.043958],[33.779777,-16.034919],[33.77043,-16.034953],[33.770464,-16.043992],[33.779812,-16.043958]]]}},{"type":"Feature","properties":{"ano":2025,"camada":"cultivo_sequeiro","area_km2":0.0738,"fracao_cobertura_celula":0.0738},"geometry":{"type":"Polygon","coordinates":[[[33.779777,-16.034919],[33.779742,-16.025879],[33.770395,-16.025913],[33.77043,-16.034953],[33.779777,-16.034919]]]}},{"type":"Feature","properties":{"ano":2025,"camada":"cultivo_sequeiro","area_km2":0.2646,"fracao_cobertura_celula":0.2646},"geometry":{"type":"Polygon","coordinates":[[[33.779742,-16.025879],[33.779707,-16.01684],[33.77036,-16.016874],[33.770395,-16.025913],[33.779742,-16.025879]]]}},{"type":"Feature","properties":{"ano":2025,"camada":"cultivo_sequeiro","area_km2":0.3645,"fracao_cobertura_celula":0.3645},"geometry":{"type":"Polygon","coordinates":[[[33.779707,-16.01684],[33.779672,-16.0078],[33.770325,-16.007834],[33.77036,-16.016874],[33.779707,-16.01684]]]}},{"type":"Feature","properties":{"ano":2025,"camada":"cultivo_sequeiro","area_km2":0.3267,"fracao_cobertura_celula":0.3267},"geometry":{"type":"Polygon","coordinates":[[[33.779672,-16.0078],[33.779636,-15.998761],[33.770291,-15.998794],[33.770325,-16.007834],[33.779672,-16.0078]]]}},{"type":"Feature","properties":{"ano":2025,"camada":"cultivo_sequeiro","area_km2":0.0603,"fracao_cobertura_celula":0.0603},"geometry":{"type":"Polygon","coordinates":[[[33.790383,-16.351263],[33.790346,-16.342224],[33.780985,-16.342259],[33.781021,-16.351298],[33.790383,-16.351263]]]}},{"type":"Feature","properties":{"ano":2025,"camada":"cultivo_sequeiro","area_km2":0.0054,"fracao_cobertura_celula":0.0054},"geometry":{"type":"Polygon","coordinates":[[[33.790346,-16.342224],[33.79031,-16.333185],[33.780949,-16.33322],[33.780985,-16.342259],[33.790346,-16.342224]]]}},{"type":"Feature","properties":{"ano":2025,"camada":"cultivo_sequeiro","area_km2":0.0063,"fracao_cobertura_celula":0.0063},"geometry":{"type":"Polygon","coordinates":[[[33.79031,-16.333185],[33.790274,-16.324145],[33.780913,-16.32418],[33.780949,-16.33322],[33.79031,-16.333185]]]}},{"type":"Feature","properties":{"ano":2025,"camada":"cultivo_sequeiro","area_km2":0.0135,"fracao_cobertura_celula":0.0135},"geometry":{"type":"Polygon","coordinates":[[[33.790274,-16.324145],[33.790238,-16.315106],[33.780877,-16.315141],[33.780913,-16.32418],[33.790274,-16.324145]]]}},{"type":"Feature","properties":{"ano":2025,"camada":"cultivo_sequeiro","area_km2":0.0405,"fracao_cobertura_celula":0.0405},"geometry":{"type":"Polygon","coordinates":[[[33.790238,-16.315106],[33.790201,-16.306067],[33.780841,-16.306102],[33.780877,-16.315141],[33.790238,-16.315106]]]}},{"type":"Feature","properties":{"ano":2025,"camada":"cultivo_sequeiro","area_km2":1.5948,"fracao_cobertura_celula":1.5948},"geometry":{"type":"Polygon","coordinates":[[[33.790201,-16.306067],[33.790165,-16.297028],[33.780805,-16.297062],[33.780841,-16.306102],[33.790201,-16.306067]]]}},{"type":"Feature","properties":{"ano":2025,"camada":"cultivo_sequeiro","area_km2":0.2241,"fracao_cobertura_celula":0.2241},"geometry":{"type":"Polygon","coordinates":[[[33.790165,-16.297028],[33.790129,-16.287988],[33.78077,-16.288023],[33.780805,-16.297062],[33.790165,-16.297028]]]}},{"type":"Feature","properties":{"ano":2025,"camada":"cultivo_sequeiro","area_km2":0.0009,"fracao_cobertura_celula":0.0009},"geometry":{"type":"Polygon","coordinates":[[[33.790129,-16.287988],[33.790093,-16.278949],[33.780734,-16.278984],[33.78077,-16.288023],[33.790129,-16.287988]]]}},{"type":"Feature","properties":{"ano":2025,"camada":"cultivo_sequeiro","area_km2":6.7536,"fracao_cobertura_celula":6.7536},"geometry":{"type":"Polygon","coordinates":[[[33.790093,-16.278949],[33.790056,-16.26991],[33.780698,-16.269944],[33.780734,-16.278984],[33.790093,-16.278949]]]}},{"type":"Feature","properties":{"ano":2025,"camada":"cultivo_sequeiro","area_km2":0.0351,"fracao_cobertura_celula":0.0351},"geometry":{"type":"Polygon","coordinates":[[[33.790056,-16.26991],[33.79002,-16.26087],[33.780662,-16.260905],[33.780698,-16.269944],[33.790056,-16.26991]]]}},{"type":"Feature","properties":{"ano":2025,"camada":"cultivo_sequeiro","area_km2":0.1737,"fracao_cobertura_celula":0.1737},"geometry":{"type":"Polygon","coordinates":[[[33.79002,-16.26087],[33.789984,-16.251831],[33.780627,-16.251866],[33.780662,-16.260905],[33.79002,-16.26087]]]}},{"type":"Feature","properties":{"ano":2025,"camada":"cultivo_sequeiro","area_km2":0.0414,"fracao_cobertura_celula":0.0414},"geometry":{"type":"Polygon","coordinates":[[[33.789984,-16.251831],[33.789948,-16.242792],[33.780591,-16.242826],[33.780627,-16.251866],[33.789984,-16.251831]]]}},{"type":"Feature","properties":{"ano":2025,"camada":"cultivo_sequeiro","area_km2":0.2322,"fracao_cobertura_celula":0.2322},"geometry":{"type":"Polygon","coordinates":[[[33.789948,-16.242792],[33.789912,-16.233752],[33.780555,-16.233787],[33.780591,-16.242826],[33.789948,-16.242792]]]}},{"type":"Feature","properties":{"ano":2025,"camada":"cultivo_sequeiro","area_km2":0.0999,"fracao_cobertura_celula":0.0999},"geometry":{"type":"Polygon","coordinates":[[[33.789912,-16.233752],[33.789876,-16.224713],[33.78052,-16.224748],[33.780555,-16.233787],[33.789912,-16.233752]]]}},{"type":"Feature","properties":{"ano":2025,"camada":"cultivo_sequeiro","area_km2":0.1584,"fracao_cobertura_celula":0.1584},"geometry":{"type":"Polygon","coordinates":[[[33.789876,-16.224713],[33.78984,-16.215674],[33.780484,-16.215708],[33.78052,-16.224748],[33.789876,-16.224713]]]}},{"type":"Feature","properties":{"ano":2025,"camada":"cultivo_sequeiro","area_km2":0.0351,"fracao_cobertura_celula":0.0351},"geometry":{"type":"Polygon","coordinates":[[[33.78984,-16.215674],[33.789804,-16.206634],[33.780449,-16.206669],[33.780484,-16.215708],[33.78984,-16.215674]]]}},{"type":"Feature","properties":{"ano":2025,"camada":"cultivo_sequeiro","area_km2":0.1224,"fracao_cobertura_celula":0.1224},"geometry":{"type":"Polygon","coordinates":[[[33.789804,-16.206634],[33.789768,-16.197595],[33.780413,-16.197629],[33.780449,-16.206669],[33.789804,-16.206634]]]}},{"type":"Feature","properties":{"ano":2025,"camada":"cultivo_sequeiro","area_km2":0.0171,"fracao_cobertura_celula":0.0171},"geometry":{"type":"Polygon","coordinates":[[[33.789768,-16.197595],[33.789732,-16.188555],[33.780378,-16.18859],[33.780413,-16.197629],[33.789768,-16.197595]]]}},{"type":"Feature","properties":{"ano":2025,"camada":"cultivo_sequeiro","area_km2":0.1062,"fracao_cobertura_celula":0.1062},"geometry":{"type":"Polygon","coordinates":[[[33.789732,-16.188555],[33.789696,-16.179516],[33.780342,-16.179551],[33.780378,-16.18859],[33.789732,-16.188555]]]}},{"type":"Feature","properties":{"ano":2025,"camada":"cultivo_sequeiro","area_km2":0.0315,"fracao_cobertura_celula":0.0315},"geometry":{"type":"Polygon","coordinates":[[[33.789696,-16.179516],[33.78966,-16.170477],[33.780306,-16.170511],[33.780342,-16.179551],[33.789696,-16.179516]]]}},{"type":"Feature","properties":{"ano":2025,"camada":"cultivo_sequeiro","area_km2":0.0027,"fracao_cobertura_celula":0.0027},"geometry":{"type":"Polygon","coordinates":[[[33.78966,-16.170477],[33.789624,-16.161437],[33.780271,-16.161472],[33.780306,-16.170511],[33.78966,-16.170477]]]}},{"type":"Feature","properties":{"ano":2025,"camada":"cultivo_sequeiro","area_km2":0.0126,"fracao_cobertura_celula":0.0126},"geometry":{"type":"Polygon","coordinates":[[[33.789588,-16.152398],[33.789553,-16.143358],[33.7802,-16.143393],[33.780236,-16.152432],[33.789588,-16.152398]]]}},{"type":"Feature","properties":{"ano":2025,"camada":"cultivo_sequeiro","area_km2":0.1332,"fracao_cobertura_celula":0.1332},"geometry":{"type":"Polygon","coordinates":[[[33.789553,-16.143358],[33.789517,-16.134319],[33.780165,-16.134353],[33.7802,-16.143393],[33.789553,-16.143358]]]}},{"type":"Feature","properties":{"ano":2025,"camada":"cultivo_sequeiro","area_km2":0.0882,"fracao_cobertura_celula":0.0882},"geometry":{"type":"Polygon","coordinates":[[[33.789517,-16.134319],[33.789481,-16.12528],[33.780129,-16.125314],[33.780165,-16.134353],[33.789517,-16.134319]]]}},{"type":"Feature","properties":{"ano":2025,"camada":"cultivo_sequeiro","area_km2":0.0072,"fracao_cobertura_celula":0.0072},"geometry":{"type":"Polygon","coordinates":[[[33.789445,-16.11624],[33.789409,-16.107201],[33.780059,-16.107235],[33.780094,-16.116274],[33.789445,-16.11624]]]}},{"type":"Feature","properties":{"ano":2025,"camada":"cultivo_sequeiro","area_km2":0.2295,"fracao_cobertura_celula":0.2295},"geometry":{"type":"Polygon","coordinates":[[[33.789409,-16.107201],[33.789374,-16.098161],[33.780023,-16.098195],[33.780059,-16.107235],[33.789409,-16.107201]]]}},{"type":"Feature","properties":{"ano":2025,"camada":"cultivo_sequeiro","area_km2":0.27,"fracao_cobertura_celula":0.27},"geometry":{"type":"Polygon","coordinates":[[[33.789374,-16.098161],[33.789338,-16.089122],[33.779988,-16.089156],[33.780023,-16.098195],[33.789374,-16.098161]]]}},{"type":"Feature","properties":{"ano":2025,"camada":"cultivo_sequeiro","area_km2":0.1503,"fracao_cobertura_celula":0.1503},"geometry":{"type":"Polygon","coordinates":[[[33.789338,-16.089122],[33.789302,-16.080082],[33.779953,-16.080116],[33.779988,-16.089156],[33.789338,-16.089122]]]}},{"type":"Feature","properties":{"ano":2025,"camada":"cultivo_sequeiro","area_km2":0.3987,"fracao_cobertura_celula":0.3987},"geometry":{"type":"Polygon","coordinates":[[[33.789302,-16.080082],[33.789267,-16.071043],[33.779918,-16.071077],[33.779953,-16.080116],[33.789302,-16.080082]]]}},{"type":"Feature","properties":{"ano":2025,"camada":"cultivo_sequeiro","area_km2":0.1395,"fracao_cobertura_celula":0.1395},"geometry":{"type":"Polygon","coordinates":[[[33.789267,-16.071043],[33.789231,-16.062003],[33.779882,-16.062037],[33.779918,-16.071077],[33.789267,-16.071043]]]}},{"type":"Feature","properties":{"ano":2025,"camada":"cultivo_sequeiro","area_km2":0.0405,"fracao_cobertura_celula":0.0405},"geometry":{"type":"Polygon","coordinates":[[[33.789231,-16.062003],[33.789195,-16.052964],[33.779847,-16.052998],[33.779882,-16.062037],[33.789231,-16.062003]]]}},{"type":"Feature","properties":{"ano":2025,"camada":"cultivo_sequeiro","area_km2":0.0486,"fracao_cobertura_celula":0.0486},"geometry":{"type":"Polygon","coordinates":[[[33.789195,-16.052964],[33.78916,-16.043924],[33.779812,-16.043958],[33.779847,-16.052998],[33.789195,-16.052964]]]}},{"type":"Feature","properties":{"ano":2025,"camada":"cultivo_sequeiro","area_km2":0.0117,"fracao_cobertura_celula":0.0117},"geometry":{"type":"Polygon","coordinates":[[[33.78916,-16.043924],[33.789124,-16.034885],[33.779777,-16.034919],[33.779812,-16.043958],[33.78916,-16.043924]]]}},{"type":"Feature","properties":{"ano":2025,"camada":"cultivo_sequeiro","area_km2":0.1287,"fracao_cobertura_celula":0.1287},"geometry":{"type":"Polygon","coordinates":[[[33.789124,-16.034885],[33.789089,-16.025845],[33.779742,-16.025879],[33.779777,-16.034919],[33.789124,-16.034885]]]}},{"type":"Feature","properties":{"ano":2025,"camada":"cultivo_sequeiro","area_km2":0.0054,"fracao_cobertura_celula":0.0054},"geometry":{"type":"Polygon","coordinates":[[[33.789089,-16.025845],[33.789053,-16.016806],[33.779707,-16.01684],[33.779742,-16.025879],[33.789089,-16.025845]]]}},{"type":"Feature","properties":{"ano":2025,"camada":"cultivo_sequeiro","area_km2":0.2223,"fracao_cobertura_celula":0.2223},"geometry":{"type":"Polygon","coordinates":[[[33.789053,-16.016806],[33.789018,-16.007766],[33.779672,-16.0078],[33.779707,-16.01684],[33.789053,-16.016806]]]}},{"type":"Feature","properties":{"ano":2025,"camada":"cultivo_sequeiro","area_km2":0.1008,"fracao_cobertura_celula":0.1008},"geometry":{"type":"Polygon","coordinates":[[[33.789018,-16.007766],[33.788982,-15.998727],[33.779636,-15.998761],[33.779672,-16.0078],[33.789018,-16.007766]]]}},{"type":"Feature","properties":{"ano":2025,"camada":"cultivo_sequeiro","area_km2":0.0018,"fracao_cobertura_celula":0.0018},"geometry":{"type":"Polygon","coordinates":[[[33.799708,-16.342189],[33.799671,-16.333149],[33.79031,-16.333185],[33.790346,-16.342224],[33.799708,-16.342189]]]}},{"type":"Feature","properties":{"ano":2025,"camada":"cultivo_sequeiro","area_km2":0.0018,"fracao_cobertura_celula":0.0018},"geometry":{"type":"Polygon","coordinates":[[[33.799635,-16.32411],[33.799598,-16.315071],[33.790238,-16.315106],[33.790274,-16.324145],[33.799635,-16.32411]]]}},{"type":"Feature","properties":{"ano":2025,"camada":"cultivo_sequeiro","area_km2":0.0063,"fracao_cobertura_celula":0.0063},"geometry":{"type":"Polygon","coordinates":[[[33.799598,-16.315071],[33.799561,-16.306032],[33.790201,-16.306067],[33.790238,-16.315106],[33.799598,-16.315071]]]}},{"type":"Feature","properties":{"ano":2025,"camada":"cultivo_sequeiro","area_km2":0.4239,"fracao_cobertura_celula":0.4239},"geometry":{"type":"Polygon","coordinates":[[[33.799561,-16.306032],[33.799525,-16.296992],[33.790165,-16.297028],[33.790201,-16.306067],[33.799561,-16.306032]]]}},{"type":"Feature","properties":{"ano":2025,"camada":"cultivo_sequeiro","area_km2":0.0801,"fracao_cobertura_celula":0.0801},"geometry":{"type":"Polygon","coordinates":[[[33.799525,-16.296992],[33.799488,-16.287953],[33.790129,-16.287988],[33.790165,-16.297028],[33.799525,-16.296992]]]}},{"type":"Feature","properties":{"ano":2025,"camada":"cultivo_sequeiro","area_km2":0.2223,"fracao_cobertura_celula":0.2223},"geometry":{"type":"Polygon","coordinates":[[[33.799488,-16.287953],[33.799451,-16.278914],[33.790093,-16.278949],[33.790129,-16.287988],[33.799488,-16.287953]]]}},{"type":"Feature","properties":{"ano":2025,"camada":"cultivo_sequeiro","area_km2":0.0045,"fracao_cobertura_celula":0.0045},"geometry":{"type":"Polygon","coordinates":[[[33.799451,-16.278914],[33.799415,-16.269874],[33.790056,-16.26991],[33.790093,-16.278949],[33.799451,-16.278914]]]}},{"type":"Feature","properties":{"ano":2025,"camada":"cultivo_sequeiro","area_km2":0.0513,"fracao_cobertura_celula":0.0513},"geometry":{"type":"Polygon","coordinates":[[[33.799415,-16.269874],[33.799378,-16.260835],[33.79002,-16.26087],[33.790056,-16.26991],[33.799415,-16.269874]]]}},{"type":"Feature","properties":{"ano":2025,"camada":"cultivo_sequeiro","area_km2":0.9927,"fracao_cobertura_celula":0.9927},"geometry":{"type":"Polygon","coordinates":[[[33.799378,-16.260835],[33.799342,-16.251796],[33.789984,-16.251831],[33.79002,-16.26087],[33.799378,-16.260835]]]}},{"type":"Feature","properties":{"ano":2025,"camada":"cultivo_sequeiro","area_km2":0.2493,"fracao_cobertura_celula":0.2493},"geometry":{"type":"Polygon","coordinates":[[[33.799342,-16.251796],[33.799305,-16.242757],[33.789948,-16.242792],[33.789984,-16.251831],[33.799342,-16.251796]]]}},{"type":"Feature","properties":{"ano":2025,"camada":"cultivo_sequeiro","area_km2":0.153,"fracao_cobertura_celula":0.153},"geometry":{"type":"Polygon","coordinates":[[[33.799305,-16.242757],[33.799269,-16.233717],[33.789912,-16.233752],[33.789948,-16.242792],[33.799305,-16.242757]]]}},{"type":"Feature","properties":{"ano":2025,"camada":"cultivo_sequeiro","area_km2":1.3491,"fracao_cobertura_celula":1.3491},"geometry":{"type":"Polygon","coordinates":[[[33.799269,-16.233717],[33.799232,-16.224678],[33.789876,-16.224713],[33.789912,-16.233752],[33.799269,-16.233717]]]}},{"type":"Feature","properties":{"ano":2025,"camada":"cultivo_sequeiro","area_km2":0.0612,"fracao_cobertura_celula":0.0612},"geometry":{"type":"Polygon","coordinates":[[[33.799232,-16.224678],[33.799196,-16.215639],[33.78984,-16.215674],[33.789876,-16.224713],[33.799232,-16.224678]]]}},{"type":"Feature","properties":{"ano":2025,"camada":"cultivo_sequeiro","area_km2":0.0414,"fracao_cobertura_celula":0.0414},"geometry":{"type":"Polygon","coordinates":[[[33.799196,-16.215639],[33.799159,-16.206599],[33.789804,-16.206634],[33.78984,-16.215674],[33.799196,-16.215639]]]}},{"type":"Feature","properties":{"ano":2025,"camada":"cultivo_sequeiro","area_km2":5.9634,"fracao_cobertura_celula":5.9634},"geometry":{"type":"Polygon","coordinates":[[[33.799159,-16.206599],[33.799123,-16.19756],[33.789768,-16.197595],[33.789804,-16.206634],[33.799159,-16.206599]]]}},{"type":"Feature","properties":{"ano":2025,"camada":"cultivo_sequeiro","area_km2":0.0423,"fracao_cobertura_celula":0.0423},"geometry":{"type":"Polygon","coordinates":[[[33.799123,-16.19756],[33.799086,-16.18852],[33.789732,-16.188555],[33.789768,-16.197595],[33.799123,-16.19756]]]}},{"type":"Feature","properties":{"ano":2025,"camada":"cultivo_sequeiro","area_km2":0.621,"fracao_cobertura_celula":0.621},"geometry":{"type":"Polygon","coordinates":[[[33.799086,-16.18852],[33.79905,-16.179481],[33.789696,-16.179516],[33.789732,-16.188555],[33.799086,-16.18852]]]}},{"type":"Feature","properties":{"ano":2025,"camada":"cultivo_sequeiro","area_km2":0.3888,"fracao_cobertura_celula":0.3888},"geometry":{"type":"Polygon","coordinates":[[[33.79905,-16.179481],[33.799014,-16.170442],[33.78966,-16.170477],[33.789696,-16.179516],[33.79905,-16.179481]]]}},{"type":"Feature","properties":{"ano":2025,"camada":"cultivo_sequeiro","area_km2":0.0081,"fracao_cobertura_celula":0.0081},"geometry":{"type":"Polygon","coordinates":[[[33.799014,-16.170442],[33.798977,-16.161402],[33.789624,-16.161437],[33.78966,-16.170477],[33.799014,-16.170442]]]}},{"type":"Feature","properties":{"ano":2025,"camada":"cultivo_sequeiro","area_km2":0.0882,"fracao_cobertura_celula":0.0882},"geometry":{"type":"Polygon","coordinates":[[[33.798977,-16.161402],[33.798941,-16.152363],[33.789588,-16.152398],[33.789624,-16.161437],[33.798977,-16.161402]]]}},{"type":"Feature","properties":{"ano":2025,"camada":"cultivo_sequeiro","area_km2":0.0144,"fracao_cobertura_celula":0.0144},"geometry":{"type":"Polygon","coordinates":[[[33.798941,-16.152363],[33.798905,-16.143324],[33.789553,-16.143358],[33.789588,-16.152398],[33.798941,-16.152363]]]}},{"type":"Feature","properties":{"ano":2025,"camada":"cultivo_sequeiro","area_km2":0.0567,"fracao_cobertura_celula":0.0567},"geometry":{"type":"Polygon","coordinates":[[[33.798905,-16.143324],[33.798869,-16.134284],[33.789517,-16.134319],[33.789553,-16.143358],[33.798905,-16.143324]]]}},{"type":"Feature","properties":{"ano":2025,"camada":"cultivo_sequeiro","area_km2":0.0648,"fracao_cobertura_celula":0.0648},"geometry":{"type":"Polygon","coordinates":[[[33.798869,-16.134284],[33.798832,-16.125245],[33.789481,-16.12528],[33.789517,-16.134319],[33.798869,-16.134284]]]}},{"type":"Feature","properties":{"ano":2025,"camada":"cultivo_sequeiro","area_km2":0.0009,"fracao_cobertura_celula":0.0009},"geometry":{"type":"Polygon","coordinates":[[[33.798832,-16.125245],[33.798796,-16.116205],[33.789445,-16.11624],[33.789481,-16.12528],[33.798832,-16.125245]]]}},{"type":"Feature","properties":{"ano":2025,"camada":"cultivo_sequeiro","area_km2":0.0099,"fracao_cobertura_celula":0.0099},"geometry":{"type":"Polygon","coordinates":[[[33.798796,-16.116205],[33.79876,-16.107166],[33.789409,-16.107201],[33.789445,-16.11624],[33.798796,-16.116205]]]}},{"type":"Feature","properties":{"ano":2025,"camada":"cultivo_sequeiro","area_km2":0.1854,"fracao_cobertura_celula":0.1854},"geometry":{"type":"Polygon","coordinates":[[[33.79876,-16.107166],[33.798724,-16.098126],[33.789374,-16.098161],[33.789409,-16.107201],[33.79876,-16.107166]]]}},{"type":"Feature","properties":{"ano":2025,"camada":"cultivo_sequeiro","area_km2":0.0918,"fracao_cobertura_celula":0.0918},"geometry":{"type":"Polygon","coordinates":[[[33.798724,-16.098126],[33.798688,-16.089087],[33.789338,-16.089122],[33.789374,-16.098161],[33.798724,-16.098126]]]}},{"type":"Feature","properties":{"ano":2025,"camada":"cultivo_sequeiro","area_km2":0.1413,"fracao_cobertura_celula":0.1413},"geometry":{"type":"Polygon","coordinates":[[[33.798688,-16.089087],[33.798652,-16.080048],[33.789302,-16.080082],[33.789338,-16.089122],[33.798688,-16.089087]]]}},{"type":"Feature","properties":{"ano":2025,"camada":"cultivo_sequeiro","area_km2":0.2493,"fracao_cobertura_celula":0.2493},"geometry":{"type":"Polygon","coordinates":[[[33.798652,-16.080048],[33.798615,-16.071008],[33.789267,-16.071043],[33.789302,-16.080082],[33.798652,-16.080048]]]}},{"type":"Feature","properties":{"ano":2025,"camada":"cultivo_sequeiro","area_km2":0.0324,"fracao_cobertura_celula":0.0324},"geometry":{"type":"Polygon","coordinates":[[[33.798615,-16.071008],[33.798579,-16.061969],[33.789231,-16.062003],[33.789267,-16.071043],[33.798615,-16.071008]]]}},{"type":"Feature","properties":{"ano":2025,"camada":"cultivo_sequeiro","area_km2":0.2079,"fracao_cobertura_celula":0.2079},"geometry":{"type":"Polygon","coordinates":[[[33.798579,-16.061969],[33.798543,-16.052929],[33.789195,-16.052964],[33.789231,-16.062003],[33.798579,-16.061969]]]}},{"type":"Feature","properties":{"ano":2025,"camada":"cultivo_sequeiro","area_km2":0.0936,"fracao_cobertura_celula":0.0936},"geometry":{"type":"Polygon","coordinates":[[[33.798543,-16.052929],[33.798507,-16.04389],[33.78916,-16.043924],[33.789195,-16.052964],[33.798543,-16.052929]]]}},{"type":"Feature","properties":{"ano":2025,"camada":"cultivo_sequeiro","area_km2":0.0369,"fracao_cobertura_celula":0.0369},"geometry":{"type":"Polygon","coordinates":[[[33.798507,-16.04389],[33.798471,-16.03485],[33.789124,-16.034885],[33.78916,-16.043924],[33.798507,-16.04389]]]}},{"type":"Feature","properties":{"ano":2025,"camada":"cultivo_sequeiro","area_km2":0.0216,"fracao_cobertura_celula":0.0216},"geometry":{"type":"Polygon","coordinates":[[[33.798471,-16.03485],[33.798435,-16.025811],[33.789089,-16.025845],[33.789124,-16.034885],[33.798471,-16.03485]]]}},{"type":"Feature","properties":{"ano":2025,"camada":"cultivo_sequeiro","area_km2":0.0747,"fracao_cobertura_celula":0.0747},"geometry":{"type":"Polygon","coordinates":[[[33.798435,-16.025811],[33.798399,-16.016771],[33.789053,-16.016806],[33.789089,-16.025845],[33.798435,-16.025811]]]}},{"type":"Feature","properties":{"ano":2025,"camada":"cultivo_sequeiro","area_km2":0.216,"fracao_cobertura_celula":0.216},"geometry":{"type":"Polygon","coordinates":[[[33.798399,-16.016771],[33.798364,-16.007732],[33.789018,-16.007766],[33.789053,-16.016806],[33.798399,-16.016771]]]}},{"type":"Feature","properties":{"ano":2025,"camada":"cultivo_sequeiro","area_km2":0.0324,"fracao_cobertura_celula":0.0324},"geometry":{"type":"Polygon","coordinates":[[[33.798364,-16.007732],[33.798328,-15.998692],[33.788982,-15.998727],[33.789018,-16.007766],[33.798364,-16.007732]]]}},{"type":"Feature","properties":{"ano":2025,"camada":"cultivo_sequeiro","area_km2":0.0126,"fracao_cobertura_celula":0.0126},"geometry":{"type":"Polygon","coordinates":[[[33.809107,-16.351192],[33.80907,-16.342153],[33.799708,-16.342189],[33.799745,-16.351228],[33.809107,-16.351192]]]}},{"type":"Feature","properties":{"ano":2025,"camada":"cultivo_sequeiro","area_km2":0.036,"fracao_cobertura_celula":0.036},"geometry":{"type":"Polygon","coordinates":[[[33.80907,-16.342153],[33.809033,-16.333114],[33.799671,-16.333149],[33.799708,-16.342189],[33.80907,-16.342153]]]}},{"type":"Feature","properties":{"ano":2025,"camada":"cultivo_sequeiro","area_km2":0.009,"fracao_cobertura_celula":0.009},"geometry":{"type":"Polygon","coordinates":[[[33.809033,-16.333114],[33.808995,-16.324074],[33.799635,-16.32411],[33.799671,-16.333149],[33.809033,-16.333114]]]}},{"type":"Feature","properties":{"ano":2025,"camada":"cultivo_sequeiro","area_km2":32.9724,"fracao_cobertura_celula":32.9724},"geometry":{"type":"Polygon","coordinates":[[[33.808995,-16.324074],[33.808958,-16.315035],[33.799598,-16.315071],[33.799635,-16.32411],[33.808995,-16.324074]]]}},{"type":"Feature","properties":{"ano":2025,"camada":"cultivo_sequeiro","area_km2":0.0297,"fracao_cobertura_celula":0.0297},"geometry":{"type":"Polygon","coordinates":[[[33.808958,-16.315035],[33.808921,-16.305996],[33.799561,-16.306032],[33.799598,-16.315071],[33.808958,-16.315035]]]}},{"type":"Feature","properties":{"ano":2025,"camada":"cultivo_sequeiro","area_km2":0.1557,"fracao_cobertura_celula":0.1557},"geometry":{"type":"Polygon","coordinates":[[[33.808921,-16.305996],[33.808884,-16.296957],[33.799525,-16.296992],[33.799561,-16.306032],[33.808921,-16.305996]]]}},{"type":"Feature","properties":{"ano":2025,"camada":"cultivo_sequeiro","area_km2":0.3924,"fracao_cobertura_celula":0.3924},"geometry":{"type":"Polygon","coordinates":[[[33.808884,-16.296957],[33.808847,-16.287917],[33.799488,-16.287953],[33.799525,-16.296992],[33.808884,-16.296957]]]}},{"type":"Feature","properties":{"ano":2025,"camada":"cultivo_sequeiro","area_km2":0.0846,"fracao_cobertura_celula":0.0846},"geometry":{"type":"Polygon","coordinates":[[[33.808847,-16.287917],[33.80881,-16.278878],[33.799451,-16.278914],[33.799488,-16.287953],[33.808847,-16.287917]]]}},{"type":"Feature","properties":{"ano":2025,"camada":"cultivo_sequeiro","area_km2":0.1206,"fracao_cobertura_celula":0.1206},"geometry":{"type":"Polygon","coordinates":[[[33.80881,-16.278878],[33.808773,-16.269839],[33.799415,-16.269874],[33.799451,-16.278914],[33.80881,-16.278878]]]}},{"type":"Feature","properties":{"ano":2025,"camada":"cultivo_sequeiro","area_km2":0.0009,"fracao_cobertura_celula":0.0009},"geometry":{"type":"Polygon","coordinates":[[[33.808773,-16.269839],[33.808736,-16.2608],[33.799378,-16.260835],[33.799415,-16.269874],[33.808773,-16.269839]]]}},{"type":"Feature","properties":{"ano":2025,"camada":"cultivo_sequeiro","area_km2":0.3519,"fracao_cobertura_celula":0.3519},"geometry":{"type":"Polygon","coordinates":[[[33.808736,-16.2608],[33.808699,-16.25176],[33.799342,-16.251796],[33.799378,-16.260835],[33.808736,-16.2608]]]}},{"type":"Feature","properties":{"ano":2025,"camada":"cultivo_sequeiro","area_km2":0.0234,"fracao_cobertura_celula":0.0234},"geometry":{"type":"Polygon","coordinates":[[[33.808699,-16.25176],[33.808662,-16.242721],[33.799305,-16.242757],[33.799342,-16.251796],[33.808699,-16.25176]]]}},{"type":"Feature","properties":{"ano":2025,"camada":"cultivo_sequeiro","area_km2":1.8207,"fracao_cobertura_celula":1.8207},"geometry":{"type":"Polygon","coordinates":[[[33.808662,-16.242721],[33.808625,-16.233682],[33.799269,-16.233717],[33.799305,-16.242757],[33.808662,-16.242721]]]}},{"type":"Feature","properties":{"ano":2025,"camada":"cultivo_sequeiro","area_km2":0.1854,"fracao_cobertura_celula":0.1854},"geometry":{"type":"Polygon","coordinates":[[[33.808625,-16.233682],[33.808588,-16.224642],[33.799232,-16.224678],[33.799269,-16.233717],[33.808625,-16.233682]]]}},{"type":"Feature","properties":{"ano":2025,"camada":"cultivo_sequeiro","area_km2":0.0972,"fracao_cobertura_celula":0.0972},"geometry":{"type":"Polygon","coordinates":[[[33.808588,-16.224642],[33.808551,-16.215603],[33.799196,-16.215639],[33.799232,-16.224678],[33.808588,-16.224642]]]}},{"type":"Feature","properties":{"ano":2025,"camada":"cultivo_sequeiro","area_km2":0.0126,"fracao_cobertura_celula":0.0126},"geometry":{"type":"Polygon","coordinates":[[[33.808551,-16.215603],[33.808514,-16.206564],[33.799159,-16.206599],[33.799196,-16.215639],[33.808551,-16.215603]]]}},{"type":"Feature","properties":{"ano":2025,"camada":"cultivo_sequeiro","area_km2":0.2502,"fracao_cobertura_celula":0.2502},"geometry":{"type":"Polygon","coordinates":[[[33.808514,-16.206564],[33.808478,-16.197524],[33.799123,-16.19756],[33.799159,-16.206599],[33.808514,-16.206564]]]}},{"type":"Feature","properties":{"ano":2025,"camada":"cultivo_sequeiro","area_km2":0.0108,"fracao_cobertura_celula":0.0108},"geometry":{"type":"Polygon","coordinates":[[[33.808478,-16.197524],[33.808441,-16.188485],[33.799086,-16.18852],[33.799123,-16.19756],[33.808478,-16.197524]]]}},{"type":"Feature","properties":{"ano":2025,"camada":"cultivo_sequeiro","area_km2":0.0018,"fracao_cobertura_celula":0.0018},"geometry":{"type":"Polygon","coordinates":[[[33.808441,-16.188485],[33.808404,-16.179446],[33.79905,-16.179481],[33.799086,-16.18852],[33.808441,-16.188485]]]}},{"type":"Feature","properties":{"ano":2025,"camada":"cultivo_sequeiro","area_km2":0.0009,"fracao_cobertura_celula":0.0009},"geometry":{"type":"Polygon","coordinates":[[[33.808331,-16.161367],[33.808294,-16.152328],[33.798941,-16.152363],[33.798977,-16.161402],[33.808331,-16.161367]]]}},{"type":"Feature","properties":{"ano":2025,"camada":"cultivo_sequeiro","area_km2":0.0369,"fracao_cobertura_celula":0.0369},"geometry":{"type":"Polygon","coordinates":[[[33.808294,-16.152328],[33.808257,-16.143288],[33.798905,-16.143324],[33.798941,-16.152363],[33.808294,-16.152328]]]}},{"type":"Feature","properties":{"ano":2025,"camada":"cultivo_sequeiro","area_km2":0.0513,"fracao_cobertura_celula":0.0513},"geometry":{"type":"Polygon","coordinates":[[[33.808257,-16.143288],[33.80822,-16.134249],[33.798869,-16.134284],[33.798905,-16.143324],[33.808257,-16.143288]]]}},{"type":"Feature","properties":{"ano":2025,"camada":"cultivo_sequeiro","area_km2":0.3834,"fracao_cobertura_celula":0.3834},"geometry":{"type":"Polygon","coordinates":[[[33.80822,-16.134249],[33.808184,-16.12521],[33.798832,-16.125245],[33.798869,-16.134284],[33.80822,-16.134249]]]}},{"type":"Feature","properties":{"ano":2025,"camada":"cultivo_sequeiro","area_km2":0.0162,"fracao_cobertura_celula":0.0162},"geometry":{"type":"Polygon","coordinates":[[[33.808184,-16.12521],[33.808147,-16.11617],[33.798796,-16.116205],[33.798832,-16.125245],[33.808184,-16.12521]]]}},{"type":"Feature","properties":{"ano":2025,"camada":"cultivo_sequeiro","area_km2":0.0009,"fracao_cobertura_celula":0.0009},"geometry":{"type":"Polygon","coordinates":[[[33.808147,-16.11617],[33.808111,-16.107131],[33.79876,-16.107166],[33.798796,-16.116205],[33.808147,-16.11617]]]}},{"type":"Feature","properties":{"ano":2025,"camada":"cultivo_sequeiro","area_km2":0.0279,"fracao_cobertura_celula":0.0279},"geometry":{"type":"Polygon","coordinates":[[[33.808111,-16.107131],[33.808074,-16.098091],[33.798724,-16.098126],[33.79876,-16.107166],[33.808111,-16.107131]]]}},{"type":"Feature","properties":{"ano":2025,"camada":"cultivo_sequeiro","area_km2":0.1422,"fracao_cobertura_celula":0.1422},"geometry":{"type":"Polygon","coordinates":[[[33.808074,-16.098091],[33.808037,-16.089052],[33.798688,-16.089087],[33.798724,-16.098126],[33.808074,-16.098091]]]}},{"type":"Feature","properties":{"ano":2025,"camada":"cultivo_sequeiro","area_km2":0.1017,"fracao_cobertura_celula":0.1017},"geometry":{"type":"Polygon","coordinates":[[[33.808037,-16.089052],[33.808001,-16.080012],[33.798652,-16.080048],[33.798688,-16.089087],[33.808037,-16.089052]]]}},{"type":"Feature","properties":{"ano":2025,"camada":"cultivo_sequeiro","area_km2":0.2313,"fracao_cobertura_celula":0.2313},"geometry":{"type":"Polygon","coordinates":[[[33.808001,-16.080012],[33.807964,-16.070973],[33.798615,-16.071008],[33.798652,-16.080048],[33.808001,-16.080012]]]}},{"type":"Feature","properties":{"ano":2025,"camada":"cultivo_sequeiro","area_km2":0.2637,"fracao_cobertura_celula":0.2637},"geometry":{"type":"Polygon","coordinates":[[[33.807964,-16.070973],[33.807928,-16.061934],[33.798579,-16.061969],[33.798615,-16.071008],[33.807964,-16.070973]]]}},{"type":"Feature","properties":{"ano":2025,"camada":"cultivo_sequeiro","area_km2":0.423,"fracao_cobertura_celula":0.423},"geometry":{"type":"Polygon","coordinates":[[[33.807928,-16.061934],[33.807891,-16.052894],[33.798543,-16.052929],[33.798579,-16.061969],[33.807928,-16.061934]]]}},{"type":"Feature","properties":{"ano":2025,"camada":"cultivo_sequeiro","area_km2":0.2952,"fracao_cobertura_celula":0.2952},"geometry":{"type":"Polygon","coordinates":[[[33.807891,-16.052894],[33.807855,-16.043855],[33.798507,-16.04389],[33.798543,-16.052929],[33.807891,-16.052894]]]}},{"type":"Feature","properties":{"ano":2025,"camada":"cultivo_sequeiro","area_km2":0.0216,"fracao_cobertura_celula":0.0216},"geometry":{"type":"Polygon","coordinates":[[[33.807855,-16.043855],[33.807819,-16.034815],[33.798471,-16.03485],[33.798507,-16.04389],[33.807855,-16.043855]]]}},{"type":"Feature","properties":{"ano":2025,"camada":"cultivo_sequeiro","area_km2":2.4534,"fracao_cobertura_celula":2.4534},"geometry":{"type":"Polygon","coordinates":[[[33.807819,-16.034815],[33.807782,-16.025776],[33.798435,-16.025811],[33.798471,-16.03485],[33.807819,-16.034815]]]}},{"type":"Feature","properties":{"ano":2025,"camada":"cultivo_sequeiro","area_km2":0.2745,"fracao_cobertura_celula":0.2745},"geometry":{"type":"Polygon","coordinates":[[[33.807782,-16.025776],[33.807746,-16.016736],[33.798399,-16.016771],[33.798435,-16.025811],[33.807782,-16.025776]]]}},{"type":"Feature","properties":{"ano":2025,"camada":"cultivo_sequeiro","area_km2":0.1899,"fracao_cobertura_celula":0.1899},"geometry":{"type":"Polygon","coordinates":[[[33.807746,-16.016736],[33.807709,-16.007697],[33.798364,-16.007732],[33.798399,-16.016771],[33.807746,-16.016736]]]}},{"type":"Feature","properties":{"ano":2025,"camada":"cultivo_sequeiro","area_km2":0.0216,"fracao_cobertura_celula":0.0216},"geometry":{"type":"Polygon","coordinates":[[[33.807709,-16.007697],[33.807673,-15.998657],[33.798328,-15.998692],[33.798364,-16.007732],[33.807709,-16.007697]]]}},{"type":"Feature","properties":{"ano":2025,"camada":"cultivo_sequeiro","area_km2":0.0243,"fracao_cobertura_celula":0.0243},"geometry":{"type":"Polygon","coordinates":[[[33.818469,-16.351156],[33.818432,-16.342117],[33.80907,-16.342153],[33.809107,-16.351192],[33.818469,-16.351156]]]}},{"type":"Feature","properties":{"ano":2025,"camada":"cultivo_sequeiro","area_km2":0.018,"fracao_cobertura_celula":0.018},"geometry":{"type":"Polygon","coordinates":[[[33.818432,-16.342117],[33.818394,-16.333078],[33.809033,-16.333114],[33.80907,-16.342153],[33.818432,-16.342117]]]}},{"type":"Feature","properties":{"ano":2025,"camada":"cultivo_sequeiro","area_km2":0.063,"fracao_cobertura_celula":0.063},"geometry":{"type":"Polygon","coordinates":[[[33.818394,-16.333078],[33.818356,-16.324038],[33.808995,-16.324074],[33.809033,-16.333114],[33.818394,-16.333078]]]}},{"type":"Feature","properties":{"ano":2025,"camada":"cultivo_sequeiro","area_km2":0.0072,"fracao_cobertura_celula":0.0072},"geometry":{"type":"Polygon","coordinates":[[[33.818356,-16.324038],[33.818319,-16.314999],[33.808958,-16.315035],[33.808995,-16.324074],[33.818356,-16.324038]]]}},{"type":"Feature","properties":{"ano":2025,"camada":"cultivo_sequeiro","area_km2":0.0099,"fracao_cobertura_celula":0.0099},"geometry":{"type":"Polygon","coordinates":[[[33.818319,-16.314999],[33.818281,-16.30596],[33.808921,-16.305996],[33.808958,-16.315035],[33.818319,-16.314999]]]}},{"type":"Feature","properties":{"ano":2025,"camada":"cultivo_sequeiro","area_km2":0.1476,"fracao_cobertura_celula":0.1476},"geometry":{"type":"Polygon","coordinates":[[[33.818281,-16.30596],[33.818244,-16.296921],[33.808884,-16.296957],[33.808921,-16.305996],[33.818281,-16.30596]]]}},{"type":"Feature","properties":{"ano":2025,"camada":"cultivo_sequeiro","area_km2":0.0441,"fracao_cobertura_celula":0.0441},"geometry":{"type":"Polygon","coordinates":[[[33.818244,-16.296921],[33.818206,-16.287881],[33.808847,-16.287917],[33.808884,-16.296957],[33.818244,-16.296921]]]}},{"type":"Feature","properties":{"ano":2025,"camada":"cultivo_sequeiro","area_km2":0.0378,"fracao_cobertura_celula":0.0378},"geometry":{"type":"Polygon","coordinates":[[[33.818206,-16.287881],[33.818169,-16.278842],[33.80881,-16.278878],[33.808847,-16.287917],[33.818206,-16.287881]]]}},{"type":"Feature","properties":{"ano":2025,"camada":"cultivo_sequeiro","area_km2":0.1953,"fracao_cobertura_celula":0.1953},"geometry":{"type":"Polygon","coordinates":[[[33.818169,-16.278842],[33.818131,-16.269803],[33.808773,-16.269839],[33.80881,-16.278878],[33.818169,-16.278842]]]}},{"type":"Feature","properties":{"ano":2025,"camada":"cultivo_sequeiro","area_km2":0.0522,"fracao_cobertura_celula":0.0522},"geometry":{"type":"Polygon","coordinates":[[[33.818131,-16.269803],[33.818094,-16.260764],[33.808736,-16.2608],[33.808773,-16.269839],[33.818131,-16.269803]]]}},{"type":"Feature","properties":{"ano":2025,"camada":"cultivo_sequeiro","area_km2":0.225,"fracao_cobertura_celula":0.225},"geometry":{"type":"Polygon","coordinates":[[[33.818094,-16.260764],[33.818056,-16.251724],[33.808699,-16.25176],[33.808736,-16.2608],[33.818094,-16.260764]]]}},{"type":"Feature","properties":{"ano":2025,"camada":"cultivo_sequeiro","area_km2":0.5724,"fracao_cobertura_celula":0.5724},"geometry":{"type":"Polygon","coordinates":[[[33.818056,-16.251724],[33.818019,-16.242685],[33.808662,-16.242721],[33.808699,-16.25176],[33.818056,-16.251724]]]}},{"type":"Feature","properties":{"ano":2025,"camada":"cultivo_sequeiro","area_km2":0.0126,"fracao_cobertura_celula":0.0126},"geometry":{"type":"Polygon","coordinates":[[[33.818019,-16.242685],[33.817982,-16.233646],[33.808625,-16.233682],[33.808662,-16.242721],[33.818019,-16.242685]]]}},{"type":"Feature","properties":{"ano":2025,"camada":"cultivo_sequeiro","area_km2":0.279,"fracao_cobertura_celula":0.279},"geometry":{"type":"Polygon","coordinates":[[[33.817982,-16.233646],[33.817944,-16.224607],[33.808588,-16.224642],[33.808625,-16.233682],[33.817982,-16.233646]]]}},{"type":"Feature","properties":{"ano":2025,"camada":"cultivo_sequeiro","area_km2":0.2313,"fracao_cobertura_celula":0.2313},"geometry":{"type":"Polygon","coordinates":[[[33.817944,-16.224607],[33.817907,-16.215567],[33.808551,-16.215603],[33.808588,-16.224642],[33.817944,-16.224607]]]}},{"type":"Feature","properties":{"ano":2025,"camada":"cultivo_sequeiro","area_km2":0.9279,"fracao_cobertura_celula":0.9279},"geometry":{"type":"Polygon","coordinates":[[[33.817907,-16.215567],[33.81787,-16.206528],[33.808514,-16.206564],[33.808551,-16.215603],[33.817907,-16.215567]]]}},{"type":"Feature","properties":{"ano":2025,"camada":"cultivo_sequeiro","area_km2":0.1782,"fracao_cobertura_celula":0.1782},"geometry":{"type":"Polygon","coordinates":[[[33.81787,-16.206528],[33.817832,-16.197489],[33.808478,-16.197524],[33.808514,-16.206564],[33.81787,-16.206528]]]}},{"type":"Feature","properties":{"ano":2025,"camada":"cultivo_sequeiro","area_km2":0.0747,"fracao_cobertura_celula":0.0747},"geometry":{"type":"Polygon","coordinates":[[[33.817684,-16.161331],[33.817647,-16.152292],[33.808294,-16.152328],[33.808331,-16.161367],[33.817684,-16.161331]]]}},{"type":"Feature","properties":{"ano":2025,"camada":"cultivo_sequeiro","area_km2":0.2007,"fracao_cobertura_celula":0.2007},"geometry":{"type":"Polygon","coordinates":[[[33.817647,-16.152292],[33.817609,-16.143253],[33.808257,-16.143288],[33.808294,-16.152328],[33.817647,-16.152292]]]}},{"type":"Feature","properties":{"ano":2025,"camada":"cultivo_sequeiro","area_km2":0.0243,"fracao_cobertura_celula":0.0243},"geometry":{"type":"Polygon","coordinates":[[[33.817609,-16.143253],[33.817572,-16.134213],[33.80822,-16.134249],[33.808257,-16.143288],[33.817609,-16.143253]]]}},{"type":"Feature","properties":{"ano":2025,"camada":"cultivo_sequeiro","area_km2":0.054,"fracao_cobertura_celula":0.054},"geometry":{"type":"Polygon","coordinates":[[[33.817572,-16.134213],[33.817535,-16.125174],[33.808184,-16.12521],[33.80822,-16.134249],[33.817572,-16.134213]]]}},{"type":"Feature","properties":{"ano":2025,"camada":"cultivo_sequeiro","area_km2":0.3384,"fracao_cobertura_celula":0.3384},"geometry":{"type":"Polygon","coordinates":[[[33.817535,-16.125174],[33.817498,-16.116134],[33.808147,-16.11617],[33.808184,-16.12521],[33.817535,-16.125174]]]}},{"type":"Feature","properties":{"ano":2025,"camada":"cultivo_sequeiro","area_km2":0.0009,"fracao_cobertura_celula":0.0009},"geometry":{"type":"Polygon","coordinates":[[[33.817498,-16.116134],[33.817461,-16.107095],[33.808111,-16.107131],[33.808147,-16.11617],[33.817498,-16.116134]]]}},{"type":"Feature","properties":{"ano":2025,"camada":"cultivo_sequeiro","area_km2":0.0036,"fracao_cobertura_celula":0.0036},"geometry":{"type":"Polygon","coordinates":[[[33.817461,-16.107095],[33.817424,-16.098056],[33.808074,-16.098091],[33.808111,-16.107131],[33.817461,-16.107095]]]}},{"type":"Feature","properties":{"ano":2025,"camada":"cultivo_sequeiro","area_km2":0.2196,"fracao_cobertura_celula":0.2196},"geometry":{"type":"Polygon","coordinates":[[[33.817424,-16.098056],[33.817387,-16.089016],[33.808037,-16.089052],[33.808074,-16.098091],[33.817424,-16.098056]]]}},{"type":"Feature","properties":{"ano":2025,"camada":"cultivo_sequeiro","area_km2":0.1701,"fracao_cobertura_celula":0.1701},"geometry":{"type":"Polygon","coordinates":[[[33.817387,-16.089016],[33.81735,-16.079977],[33.808001,-16.080012],[33.808037,-16.089052],[33.817387,-16.089016]]]}},{"type":"Feature","properties":{"ano":2025,"camada":"cultivo_sequeiro","area_km2":0.0558,"fracao_cobertura_celula":0.0558},"geometry":{"type":"Polygon","coordinates":[[[33.81735,-16.079977],[33.817313,-16.070937],[33.807964,-16.070973],[33.808001,-16.080012],[33.81735,-16.079977]]]}},{"type":"Feature","properties":{"ano":2025,"camada":"cultivo_sequeiro","area_km2":0.1872,"fracao_cobertura_celula":0.1872},"geometry":{"type":"Polygon","coordinates":[[[33.817313,-16.070937],[33.817276,-16.061898],[33.807928,-16.061934],[33.807964,-16.070973],[33.817313,-16.070937]]]}},{"type":"Feature","properties":{"ano":2025,"camada":"cultivo_sequeiro","area_km2":0.1377,"fracao_cobertura_celula":0.1377},"geometry":{"type":"Polygon","coordinates":[[[33.817276,-16.061898],[33.81724,-16.052859],[33.807891,-16.052894],[33.807928,-16.061934],[33.817276,-16.061898]]]}},{"type":"Feature","properties":{"ano":2025,"camada":"cultivo_sequeiro","area_km2":0.2952,"fracao_cobertura_celula":0.2952},"geometry":{"type":"Polygon","coordinates":[[[33.81724,-16.052859],[33.817203,-16.043819],[33.807855,-16.043855],[33.807891,-16.052894],[33.81724,-16.052859]]]}},{"type":"Feature","properties":{"ano":2025,"camada":"cultivo_sequeiro","area_km2":0.252,"fracao_cobertura_celula":0.252},"geometry":{"type":"Polygon","coordinates":[[[33.817203,-16.043819],[33.817166,-16.03478],[33.807819,-16.034815],[33.807855,-16.043855],[33.817203,-16.043819]]]}},{"type":"Feature","properties":{"ano":2025,"camada":"cultivo_sequeiro","area_km2":0.2916,"fracao_cobertura_celula":0.2916},"geometry":{"type":"Polygon","coordinates":[[[33.817166,-16.03478],[33.817129,-16.02574],[33.807782,-16.025776],[33.807819,-16.034815],[33.817166,-16.03478]]]}},{"type":"Feature","properties":{"ano":2025,"camada":"cultivo_sequeiro","area_km2":0.1719,"fracao_cobertura_celula":0.1719},"geometry":{"type":"Polygon","coordinates":[[[33.817129,-16.02574],[33.817092,-16.016701],[33.807746,-16.016736],[33.807782,-16.025776],[33.817129,-16.02574]]]}},{"type":"Feature","properties":{"ano":2025,"camada":"cultivo_sequeiro","area_km2":0.0738,"fracao_cobertura_celula":0.0738},"geometry":{"type":"Polygon","coordinates":[[[33.817092,-16.016701],[33.817055,-16.007661],[33.807709,-16.007697],[33.807746,-16.016736],[33.817092,-16.016701]]]}},{"type":"Feature","properties":{"ano":2025,"camada":"cultivo_sequeiro","area_km2":0.0612,"fracao_cobertura_celula":0.0612},"geometry":{"type":"Polygon","coordinates":[[[33.817055,-16.007661],[33.817019,-15.998622],[33.807673,-15.998657],[33.807709,-16.007697],[33.817055,-16.007661]]]}},{"type":"Feature","properties":{"ano":2025,"camada":"cultivo_sequeiro","area_km2":0.1116,"fracao_cobertura_celula":0.1116},"geometry":{"type":"Polygon","coordinates":[[[33.827831,-16.351119],[33.827793,-16.34208],[33.818432,-16.342117],[33.818469,-16.351156],[33.827831,-16.351119]]]}},{"type":"Feature","properties":{"ano":2025,"camada":"cultivo_sequeiro","area_km2":0.0351,"fracao_cobertura_celula":0.0351},"geometry":{"type":"Polygon","coordinates":[[[33.827793,-16.34208],[33.827755,-16.333041],[33.818394,-16.333078],[33.818432,-16.342117],[33.827793,-16.34208]]]}},{"type":"Feature","properties":{"ano":2025,"camada":"cultivo_sequeiro","area_km2":0.099,"fracao_cobertura_celula":0.099},"geometry":{"type":"Polygon","coordinates":[[[33.827755,-16.333041],[33.827717,-16.324002],[33.818356,-16.324038],[33.818394,-16.333078],[33.827755,-16.333041]]]}},{"type":"Feature","properties":{"ano":2025,"camada":"cultivo_sequeiro","area_km2":0.0063,"fracao_cobertura_celula":0.0063},"geometry":{"type":"Polygon","coordinates":[[[33.827717,-16.324002],[33.827679,-16.314963],[33.818319,-16.314999],[33.818356,-16.324038],[33.827717,-16.324002]]]}},{"type":"Feature","properties":{"ano":2025,"camada":"cultivo_sequeiro","area_km2":0.0045,"fracao_cobertura_celula":0.0045},"geometry":{"type":"Polygon","coordinates":[[[33.827679,-16.314963],[33.827641,-16.305924],[33.818281,-16.30596],[33.818319,-16.314999],[33.827679,-16.314963]]]}},{"type":"Feature","properties":{"ano":2025,"camada":"cultivo_sequeiro","area_km2":0.0297,"fracao_cobertura_celula":0.0297},"geometry":{"type":"Polygon","coordinates":[[[33.827641,-16.305924],[33.827603,-16.296884],[33.818244,-16.296921],[33.818281,-16.30596],[33.827641,-16.305924]]]}},{"type":"Feature","properties":{"ano":2025,"camada":"cultivo_sequeiro","area_km2":0.1332,"fracao_cobertura_celula":0.1332},"geometry":{"type":"Polygon","coordinates":[[[33.827603,-16.296884],[33.827565,-16.287845],[33.818206,-16.287881],[33.818244,-16.296921],[33.827603,-16.296884]]]}},{"type":"Feature","properties":{"ano":2025,"camada":"cultivo_sequeiro","area_km2":0.3105,"fracao_cobertura_celula":0.3105},"geometry":{"type":"Polygon","coordinates":[[[33.827565,-16.287845],[33.827527,-16.278806],[33.818169,-16.278842],[33.818206,-16.287881],[33.827565,-16.287845]]]}},{"type":"Feature","properties":{"ano":2025,"camada":"cultivo_sequeiro","area_km2":0.081,"fracao_cobertura_celula":0.081},"geometry":{"type":"Polygon","coordinates":[[[33.827527,-16.278806],[33.827489,-16.269767],[33.818131,-16.269803],[33.818169,-16.278842],[33.827527,-16.278806]]]}},{"type":"Feature","properties":{"ano":2025,"camada":"cultivo_sequeiro","area_km2":0.8136,"fracao_cobertura_celula":0.8136},"geometry":{"type":"Polygon","coordinates":[[[33.827489,-16.269767],[33.827452,-16.260727],[33.818094,-16.260764],[33.818131,-16.269803],[33.827489,-16.269767]]]}},{"type":"Feature","properties":{"ano":2025,"camada":"cultivo_sequeiro","area_km2":0.0954,"fracao_cobertura_celula":0.0954},"geometry":{"type":"Polygon","coordinates":[[[33.827452,-16.260727],[33.827414,-16.251688],[33.818056,-16.251724],[33.818094,-16.260764],[33.827452,-16.260727]]]}},{"type":"Feature","properties":{"ano":2025,"camada":"cultivo_sequeiro","area_km2":0.1062,"fracao_cobertura_celula":0.1062},"geometry":{"type":"Polygon","coordinates":[[[33.827414,-16.251688],[33.827376,-16.242649],[33.818019,-16.242685],[33.818056,-16.251724],[33.827414,-16.251688]]]}},{"type":"Feature","properties":{"ano":2025,"camada":"cultivo_sequeiro","area_km2":0.1269,"fracao_cobertura_celula":0.1269},"geometry":{"type":"Polygon","coordinates":[[[33.827376,-16.242649],[33.827338,-16.23361],[33.817982,-16.233646],[33.818019,-16.242685],[33.827376,-16.242649]]]}},{"type":"Feature","properties":{"ano":2025,"camada":"cultivo_sequeiro","area_km2":1.0782,"fracao_cobertura_celula":1.0782},"geometry":{"type":"Polygon","coordinates":[[[33.827338,-16.23361],[33.8273,-16.22457],[33.817944,-16.224607],[33.817982,-16.233646],[33.827338,-16.23361]]]}},{"type":"Feature","properties":{"ano":2025,"camada":"cultivo_sequeiro","area_km2":0.0702,"fracao_cobertura_celula":0.0702},"geometry":{"type":"Polygon","coordinates":[[[33.8273,-16.22457],[33.827263,-16.215531],[33.817907,-16.215567],[33.817944,-16.224607],[33.8273,-16.22457]]]}},{"type":"Feature","properties":{"ano":2025,"camada":"cultivo_sequeiro","area_km2":0.2664,"fracao_cobertura_celula":0.2664},"geometry":{"type":"Polygon","coordinates":[[[33.827263,-16.215531],[33.827225,-16.206492],[33.81787,-16.206528],[33.817907,-16.215567],[33.827263,-16.215531]]]}},{"type":"Feature","properties":{"ano":2025,"camada":"cultivo_sequeiro","area_km2":0.0036,"fracao_cobertura_celula":0.0036},"geometry":{"type":"Polygon","coordinates":[[[33.827225,-16.206492],[33.827187,-16.197452],[33.817832,-16.197489],[33.81787,-16.206528],[33.827225,-16.206492]]]}},{"type":"Feature","properties":{"ano":2025,"camada":"cultivo_sequeiro","area_km2":0.0009,"fracao_cobertura_celula":0.0009},"geometry":{"type":"Polygon","coordinates":[[[33.82715,-16.188413],[33.827112,-16.179374],[33.817758,-16.17941],[33.817795,-16.188449],[33.82715,-16.188413]]]}},{"type":"Feature","properties":{"ano":2025,"camada":"cultivo_sequeiro","area_km2":0.027,"fracao_cobertura_celula":0.027},"geometry":{"type":"Polygon","coordinates":[[[33.827112,-16.179374],[33.827074,-16.170335],[33.817721,-16.170371],[33.817758,-16.17941],[33.827112,-16.179374]]]}},{"type":"Feature","properties":{"ano":2025,"camada":"cultivo_sequeiro","area_km2":0.1746,"fracao_cobertura_celula":0.1746},"geometry":{"type":"Polygon","coordinates":[[[33.827074,-16.170335],[33.827037,-16.161295],[33.817684,-16.161331],[33.817721,-16.170371],[33.827074,-16.170335]]]}},{"type":"Feature","properties":{"ano":2025,"camada":"cultivo_sequeiro","area_km2":0.1728,"fracao_cobertura_celula":0.1728},"geometry":{"type":"Polygon","coordinates":[[[33.827037,-16.161295],[33.826999,-16.152256],[33.817647,-16.152292],[33.817684,-16.161331],[33.827037,-16.161295]]]}},{"type":"Feature","properties":{"ano":2025,"camada":"cultivo_sequeiro","area_km2":0.4608,"fracao_cobertura_celula":0.4608},"geometry":{"type":"Polygon","coordinates":[[[33.826999,-16.152256],[33.826962,-16.143217],[33.817609,-16.143253],[33.817647,-16.152292],[33.826999,-16.152256]]]}},{"type":"Feature","properties":{"ano":2025,"camada":"cultivo_sequeiro","area_km2":6.4836,"fracao_cobertura_celula":6.4836},"geometry":{"type":"Polygon","coordinates":[[[33.826962,-16.143217],[33.826924,-16.134177],[33.817572,-16.134213],[33.817609,-16.143253],[33.826962,-16.143217]]]}},{"type":"Feature","properties":{"ano":2025,"camada":"cultivo_sequeiro","area_km2":0.0144,"fracao_cobertura_celula":0.0144},"geometry":{"type":"Polygon","coordinates":[[[33.826924,-16.134177],[33.826887,-16.125138],[33.817535,-16.125174],[33.817572,-16.134213],[33.826924,-16.134177]]]}},{"type":"Feature","properties":{"ano":2025,"camada":"cultivo_sequeiro","area_km2":0.0081,"fracao_cobertura_celula":0.0081},"geometry":{"type":"Polygon","coordinates":[[[33.826887,-16.125138],[33.826849,-16.116098],[33.817498,-16.116134],[33.817535,-16.125174],[33.826887,-16.125138]]]}},{"type":"Feature","properties":{"ano":2025,"camada":"cultivo_sequeiro","area_km2":0.0018,"fracao_cobertura_celula":0.0018},"geometry":{"type":"Polygon","coordinates":[[[33.826849,-16.116098],[33.826812,-16.107059],[33.817461,-16.107095],[33.817498,-16.116134],[33.826849,-16.116098]]]}},{"type":"Feature","properties":{"ano":2025,"camada":"cultivo_sequeiro","area_km2":0.3375,"fracao_cobertura_celula":0.3375},"geometry":{"type":"Polygon","coordinates":[[[33.826774,-16.09802],[33.826737,-16.08898],[33.817387,-16.089016],[33.817424,-16.098056],[33.826774,-16.09802]]]}},{"type":"Feature","properties":{"ano":2025,"camada":"cultivo_sequeiro","area_km2":0.2511,"fracao_cobertura_celula":0.2511},"geometry":{"type":"Polygon","coordinates":[[[33.826737,-16.08898],[33.8267,-16.079941],[33.81735,-16.079977],[33.817387,-16.089016],[33.826737,-16.08898]]]}},{"type":"Feature","properties":{"ano":2025,"camada":"cultivo_sequeiro","area_km2":0.0963,"fracao_cobertura_celula":0.0963},"geometry":{"type":"Polygon","coordinates":[[[33.8267,-16.079941],[33.826662,-16.070902],[33.817313,-16.070937],[33.81735,-16.079977],[33.8267,-16.079941]]]}},{"type":"Feature","properties":{"ano":2025,"camada":"cultivo_sequeiro","area_km2":0.0684,"fracao_cobertura_celula":0.0684},"geometry":{"type":"Polygon","coordinates":[[[33.826662,-16.070902],[33.826625,-16.061862],[33.817276,-16.061898],[33.817313,-16.070937],[33.826662,-16.070902]]]}},{"type":"Feature","properties":{"ano":2025,"camada":"cultivo_sequeiro","area_km2":0.0603,"fracao_cobertura_celula":0.0603},"geometry":{"type":"Polygon","coordinates":[[[33.826625,-16.061862],[33.826588,-16.052823],[33.81724,-16.052859],[33.817276,-16.061898],[33.826625,-16.061862]]]}},{"type":"Feature","properties":{"ano":2025,"camada":"cultivo_sequeiro","area_km2":0.1215,"fracao_cobertura_celula":0.1215},"geometry":{"type":"Polygon","coordinates":[[[33.826588,-16.052823],[33.82655,-16.043783],[33.817203,-16.043819],[33.81724,-16.052859],[33.826588,-16.052823]]]}},{"type":"Feature","properties":{"ano":2025,"camada":"cultivo_sequeiro","area_km2":0.6831,"fracao_cobertura_celula":0.6831},"geometry":{"type":"Polygon","coordinates":[[[33.82655,-16.043783],[33.826513,-16.034744],[33.817166,-16.03478],[33.817203,-16.043819],[33.82655,-16.043783]]]}},{"type":"Feature","properties":{"ano":2025,"camada":"cultivo_sequeiro","area_km2":0.0414,"fracao_cobertura_celula":0.0414},"geometry":{"type":"Polygon","coordinates":[[[33.826513,-16.034744],[33.826476,-16.025704],[33.817129,-16.02574],[33.817166,-16.03478],[33.826513,-16.034744]]]}},{"type":"Feature","properties":{"ano":2025,"camada":"cultivo_sequeiro","area_km2":0.0243,"fracao_cobertura_celula":0.0243},"geometry":{"type":"Polygon","coordinates":[[[33.826476,-16.025704],[33.826439,-16.016665],[33.817092,-16.016701],[33.817129,-16.02574],[33.826476,-16.025704]]]}},{"type":"Feature","properties":{"ano":2025,"camada":"cultivo_sequeiro","area_km2":0.0765,"fracao_cobertura_celula":0.0765},"geometry":{"type":"Polygon","coordinates":[[[33.826439,-16.016665],[33.826401,-16.007626],[33.817055,-16.007661],[33.817092,-16.016701],[33.826439,-16.016665]]]}},{"type":"Feature","properties":{"ano":2025,"camada":"cultivo_sequeiro","area_km2":0.1071,"fracao_cobertura_celula":0.1071},"geometry":{"type":"Polygon","coordinates":[[[33.826401,-16.007626],[33.826364,-15.998586],[33.817019,-15.998622],[33.817055,-16.007661],[33.826401,-16.007626]]]}},{"type":"Feature","properties":{"ano":2025,"camada":"cultivo_sequeiro","area_km2":0.0522,"fracao_cobertura_celula":0.0522},"geometry":{"type":"Polygon","coordinates":[[[33.837193,-16.351082],[33.837155,-16.342043],[33.827793,-16.34208],[33.827831,-16.351119],[33.837193,-16.351082]]]}},{"type":"Feature","properties":{"ano":2025,"camada":"cultivo_sequeiro","area_km2":0.036,"fracao_cobertura_celula":0.036},"geometry":{"type":"Polygon","coordinates":[[[33.837155,-16.342043],[33.837116,-16.333004],[33.827755,-16.333041],[33.827793,-16.34208],[33.837155,-16.342043]]]}},{"type":"Feature","properties":{"ano":2025,"camada":"cultivo_sequeiro","area_km2":0.1494,"fracao_cobertura_celula":0.1494},"geometry":{"type":"Polygon","coordinates":[[[33.837116,-16.333004],[33.837078,-16.323965],[33.827717,-16.324002],[33.827755,-16.333041],[33.837116,-16.333004]]]}},{"type":"Feature","properties":{"ano":2025,"camada":"cultivo_sequeiro","area_km2":0.0045,"fracao_cobertura_celula":0.0045},"geometry":{"type":"Polygon","coordinates":[[[33.837078,-16.323965],[33.837039,-16.314926],[33.827679,-16.314963],[33.827717,-16.324002],[33.837078,-16.323965]]]}},{"type":"Feature","properties":{"ano":2025,"camada":"cultivo_sequeiro","area_km2":0.0711,"fracao_cobertura_celula":0.0711},"geometry":{"type":"Polygon","coordinates":[[[33.837039,-16.314926],[33.837001,-16.305887],[33.827641,-16.305924],[33.827679,-16.314963],[33.837039,-16.314926]]]}},{"type":"Feature","properties":{"ano":2025,"camada":"cultivo_sequeiro","area_km2":0.0711,"fracao_cobertura_celula":0.0711},"geometry":{"type":"Polygon","coordinates":[[[33.837001,-16.305887],[33.836963,-16.296847],[33.827603,-16.296884],[33.827641,-16.305924],[33.837001,-16.305887]]]}},{"type":"Feature","properties":{"ano":2025,"camada":"cultivo_sequeiro","area_km2":0.09,"fracao_cobertura_celula":0.09},"geometry":{"type":"Polygon","coordinates":[[[33.836963,-16.296847],[33.836924,-16.287808],[33.827565,-16.287845],[33.827603,-16.296884],[33.836963,-16.296847]]]}},{"type":"Feature","properties":{"ano":2025,"camada":"cultivo_sequeiro","area_km2":0.7119,"fracao_cobertura_celula":0.7119},"geometry":{"type":"Polygon","coordinates":[[[33.836924,-16.287808],[33.836886,-16.278769],[33.827527,-16.278806],[33.827565,-16.287845],[33.836924,-16.287808]]]}},{"type":"Feature","properties":{"ano":2025,"camada":"cultivo_sequeiro","area_km2":0.1665,"fracao_cobertura_celula":0.1665},"geometry":{"type":"Polygon","coordinates":[[[33.836886,-16.278769],[33.836848,-16.26973],[33.827489,-16.269767],[33.827527,-16.278806],[33.836886,-16.278769]]]}},{"type":"Feature","properties":{"ano":2025,"camada":"cultivo_sequeiro","area_km2":0.2205,"fracao_cobertura_celula":0.2205},"geometry":{"type":"Polygon","coordinates":[[[33.836848,-16.26973],[33.836809,-16.260691],[33.827452,-16.260727],[33.827489,-16.269767],[33.836848,-16.26973]]]}},{"type":"Feature","properties":{"ano":2025,"camada":"cultivo_sequeiro","area_km2":0.0819,"fracao_cobertura_celula":0.0819},"geometry":{"type":"Polygon","coordinates":[[[33.836809,-16.260691],[33.836771,-16.251651],[33.827414,-16.251688],[33.827452,-16.260727],[33.836809,-16.260691]]]}},{"type":"Feature","properties":{"ano":2025,"camada":"cultivo_sequeiro","area_km2":1.7199,"fracao_cobertura_celula":1.7199},"geometry":{"type":"Polygon","coordinates":[[[33.836771,-16.251651],[33.836733,-16.242612],[33.827376,-16.242649],[33.827414,-16.251688],[33.836771,-16.251651]]]}},{"type":"Feature","properties":{"ano":2025,"camada":"cultivo_sequeiro","area_km2":0.3762,"fracao_cobertura_celula":0.3762},"geometry":{"type":"Polygon","coordinates":[[[33.836733,-16.242612],[33.836695,-16.233573],[33.827338,-16.23361],[33.827376,-16.242649],[33.836733,-16.242612]]]}},{"type":"Feature","properties":{"ano":2025,"camada":"cultivo_sequeiro","area_km2":0.4482,"fracao_cobertura_celula":0.4482},"geometry":{"type":"Polygon","coordinates":[[[33.836695,-16.233573],[33.836656,-16.224534],[33.8273,-16.22457],[33.827338,-16.23361],[33.836695,-16.233573]]]}},{"type":"Feature","properties":{"ano":2025,"camada":"cultivo_sequeiro","area_km2":0.2709,"fracao_cobertura_celula":0.2709},"geometry":{"type":"Polygon","coordinates":[[[33.836656,-16.224534],[33.836618,-16.215494],[33.827263,-16.215531],[33.8273,-16.22457],[33.836656,-16.224534]]]}},{"type":"Feature","properties":{"ano":2025,"camada":"cultivo_sequeiro","area_km2":0.1305,"fracao_cobertura_celula":0.1305},"geometry":{"type":"Polygon","coordinates":[[[33.836618,-16.215494],[33.83658,-16.206455],[33.827225,-16.206492],[33.827263,-16.215531],[33.836618,-16.215494]]]}},{"type":"Feature","properties":{"ano":2025,"camada":"cultivo_sequeiro","area_km2":0.5328,"fracao_cobertura_celula":0.5328},"geometry":{"type":"Polygon","coordinates":[[[33.836504,-16.188377],[33.836466,-16.179337],[33.827112,-16.179374],[33.82715,-16.188413],[33.836504,-16.188377]]]}},{"type":"Feature","properties":{"ano":2025,"camada":"cultivo_sequeiro","area_km2":0.0117,"fracao_cobertura_celula":0.0117},"geometry":{"type":"Polygon","coordinates":[[[33.836466,-16.179337],[33.836428,-16.170298],[33.827074,-16.170335],[33.827112,-16.179374],[33.836466,-16.179337]]]}},{"type":"Feature","properties":{"ano":2025,"camada":"cultivo_sequeiro","area_km2":0.0126,"fracao_cobertura_celula":0.0126},"geometry":{"type":"Polygon","coordinates":[[[33.836428,-16.170298],[33.83639,-16.161259],[33.827037,-16.161295],[33.827074,-16.170335],[33.836428,-16.170298]]]}},{"type":"Feature","properties":{"ano":2025,"camada":"cultivo_sequeiro","area_km2":0.0306,"fracao_cobertura_celula":0.0306},"geometry":{"type":"Polygon","coordinates":[[[33.83639,-16.161259],[33.836352,-16.152219],[33.826999,-16.152256],[33.827037,-16.161295],[33.83639,-16.161259]]]}},{"type":"Feature","properties":{"ano":2025,"camada":"cultivo_sequeiro","area_km2":0.1314,"fracao_cobertura_celula":0.1314},"geometry":{"type":"Polygon","coordinates":[[[33.836352,-16.152219],[33.836314,-16.14318],[33.826962,-16.143217],[33.826999,-16.152256],[33.836352,-16.152219]]]}},{"type":"Feature","properties":{"ano":2025,"camada":"cultivo_sequeiro","area_km2":0.0765,"fracao_cobertura_celula":0.0765},"geometry":{"type":"Polygon","coordinates":[[[33.836314,-16.14318],[33.836276,-16.134141],[33.826924,-16.134177],[33.826962,-16.143217],[33.836314,-16.14318]]]}},{"type":"Feature","properties":{"ano":2025,"camada":"cultivo_sequeiro","area_km2":0.0207,"fracao_cobertura_celula":0.0207},"geometry":{"type":"Polygon","coordinates":[[[33.836276,-16.134141],[33.836238,-16.125101],[33.826887,-16.125138],[33.826924,-16.134177],[33.836276,-16.134141]]]}},{"type":"Feature","properties":{"ano":2025,"camada":"cultivo_sequeiro","area_km2":0.0009,"fracao_cobertura_celula":0.0009},"geometry":{"type":"Polygon","coordinates":[[[33.836238,-16.125101],[33.8362,-16.116062],[33.826849,-16.116098],[33.826887,-16.125138],[33.836238,-16.125101]]]}},{"type":"Feature","properties":{"ano":2025,"camada":"cultivo_sequeiro","area_km2":0.0018,"fracao_cobertura_celula":0.0018},"geometry":{"type":"Polygon","coordinates":[[[33.8362,-16.116062],[33.836162,-16.107023],[33.826812,-16.107059],[33.826849,-16.116098],[33.8362,-16.116062]]]}},{"type":"Feature","properties":{"ano":2025,"camada":"cultivo_sequeiro","area_km2":24.5376,"fracao_cobertura_celula":24.5376},"geometry":{"type":"Polygon","coordinates":[[[33.836162,-16.107023],[33.836124,-16.097983],[33.826774,-16.09802],[33.826812,-16.107059],[33.836162,-16.107023]]]}},{"type":"Feature","properties":{"ano":2025,"camada":"cultivo_sequeiro","area_km2":0.0081,"fracao_cobertura_celula":0.0081},"geometry":{"type":"Polygon","coordinates":[[[33.836124,-16.097983],[33.836087,-16.088944],[33.826737,-16.08898],[33.826774,-16.09802],[33.836124,-16.097983]]]}},{"type":"Feature","properties":{"ano":2025,"camada":"cultivo_sequeiro","area_km2":0.0054,"fracao_cobertura_celula":0.0054},"geometry":{"type":"Polygon","coordinates":[[[33.836087,-16.088944],[33.836049,-16.079905],[33.8267,-16.079941],[33.826737,-16.08898],[33.836087,-16.088944]]]}},{"type":"Feature","properties":{"ano":2025,"camada":"cultivo_sequeiro","area_km2":0.0945,"fracao_cobertura_celula":0.0945},"geometry":{"type":"Polygon","coordinates":[[[33.836049,-16.079905],[33.836011,-16.070865],[33.826662,-16.070902],[33.8267,-16.079941],[33.836049,-16.079905]]]}},{"type":"Feature","properties":{"ano":2025,"camada":"cultivo_sequeiro","area_km2":0.0648,"fracao_cobertura_celula":0.0648},"geometry":{"type":"Polygon","coordinates":[[[33.836011,-16.070865],[33.835973,-16.061826],[33.826625,-16.061862],[33.826662,-16.070902],[33.836011,-16.070865]]]}},{"type":"Feature","properties":{"ano":2025,"camada":"cultivo_sequeiro","area_km2":0.0135,"fracao_cobertura_celula":0.0135},"geometry":{"type":"Polygon","coordinates":[[[33.835973,-16.061826],[33.835936,-16.052786],[33.826588,-16.052823],[33.826625,-16.061862],[33.835973,-16.061826]]]}},{"type":"Feature","properties":{"ano":2025,"camada":"cultivo_sequeiro","area_km2":0.081,"fracao_cobertura_celula":0.081},"geometry":{"type":"Polygon","coordinates":[[[33.835936,-16.052786],[33.835898,-16.043747],[33.82655,-16.043783],[33.826588,-16.052823],[33.835936,-16.052786]]]}},{"type":"Feature","properties":{"ano":2025,"camada":"cultivo_sequeiro","area_km2":0.1413,"fracao_cobertura_celula":0.1413},"geometry":{"type":"Polygon","coordinates":[[[33.835898,-16.043747],[33.83586,-16.034708],[33.826513,-16.034744],[33.82655,-16.043783],[33.835898,-16.043747]]]}},{"type":"Feature","properties":{"ano":2025,"camada":"cultivo_sequeiro","area_km2":0.1449,"fracao_cobertura_celula":0.1449},"geometry":{"type":"Polygon","coordinates":[[[33.83586,-16.034708],[33.835822,-16.025668],[33.826476,-16.025704],[33.826513,-16.034744],[33.83586,-16.034708]]]}},{"type":"Feature","properties":{"ano":2025,"camada":"cultivo_sequeiro","area_km2":0.0324,"fracao_cobertura_celula":0.0324},"geometry":{"type":"Polygon","coordinates":[[[33.835822,-16.025668],[33.835785,-16.016629],[33.826439,-16.016665],[33.826476,-16.025704],[33.835822,-16.025668]]]}},{"type":"Feature","properties":{"ano":2025,"camada":"cultivo_sequeiro","area_km2":0.0738,"fracao_cobertura_celula":0.0738},"geometry":{"type":"Polygon","coordinates":[[[33.835785,-16.016629],[33.835747,-16.007589],[33.826401,-16.007626],[33.826439,-16.016665],[33.835785,-16.016629]]]}},{"type":"Feature","properties":{"ano":2025,"camada":"cultivo_sequeiro","area_km2":0.0693,"fracao_cobertura_celula":0.0693},"geometry":{"type":"Polygon","coordinates":[[[33.835747,-16.007589],[33.83571,-15.99855],[33.826364,-15.998586],[33.826401,-16.007626],[33.835747,-16.007589]]]}},{"type":"Feature","properties":{"ano":2025,"camada":"cultivo_sequeiro","area_km2":0.0864,"fracao_cobertura_celula":0.0864},"geometry":{"type":"Polygon","coordinates":[[[33.846555,-16.351045],[33.846516,-16.342006],[33.837155,-16.342043],[33.837193,-16.351082],[33.846555,-16.351045]]]}},{"type":"Feature","properties":{"ano":2025,"camada":"cultivo_sequeiro","area_km2":0.0504,"fracao_cobertura_celula":0.0504},"geometry":{"type":"Polygon","coordinates":[[[33.846516,-16.342006],[33.846478,-16.332967],[33.837116,-16.333004],[33.837155,-16.342043],[33.846516,-16.342006]]]}},{"type":"Feature","properties":{"ano":2025,"camada":"cultivo_sequeiro","area_km2":0.0639,"fracao_cobertura_celula":0.0639},"geometry":{"type":"Polygon","coordinates":[[[33.846478,-16.332967],[33.846439,-16.323928],[33.837078,-16.323965],[33.837116,-16.333004],[33.846478,-16.332967]]]}},{"type":"Feature","properties":{"ano":2025,"camada":"cultivo_sequeiro","area_km2":0.0117,"fracao_cobertura_celula":0.0117},"geometry":{"type":"Polygon","coordinates":[[[33.846439,-16.323928],[33.8464,-16.314889],[33.837039,-16.314926],[33.837078,-16.323965],[33.846439,-16.323928]]]}},{"type":"Feature","properties":{"ano":2025,"camada":"cultivo_sequeiro","area_km2":0.0126,"fracao_cobertura_celula":0.0126},"geometry":{"type":"Polygon","coordinates":[[[33.8464,-16.314889],[33.846361,-16.305849],[33.837001,-16.305887],[33.837039,-16.314926],[33.8464,-16.314889]]]}},{"type":"Feature","properties":{"ano":2025,"camada":"cultivo_sequeiro","area_km2":0.0342,"fracao_cobertura_celula":0.0342},"geometry":{"type":"Polygon","coordinates":[[[33.846361,-16.305849],[33.846322,-16.29681],[33.836963,-16.296847],[33.837001,-16.305887],[33.846361,-16.305849]]]}},{"type":"Feature","properties":{"ano":2025,"camada":"cultivo_sequeiro","area_km2":0.0531,"fracao_cobertura_celula":0.0531},"geometry":{"type":"Polygon","coordinates":[[[33.846322,-16.29681],[33.846283,-16.287771],[33.836924,-16.287808],[33.836963,-16.296847],[33.846322,-16.29681]]]}},{"type":"Feature","properties":{"ano":2025,"camada":"cultivo_sequeiro","area_km2":0.1737,"fracao_cobertura_celula":0.1737},"geometry":{"type":"Polygon","coordinates":[[[33.846283,-16.287771],[33.846245,-16.278732],[33.836886,-16.278769],[33.836924,-16.287808],[33.846283,-16.287771]]]}},{"type":"Feature","properties":{"ano":2025,"camada":"cultivo_sequeiro","area_km2":0.693,"fracao_cobertura_celula":0.693},"geometry":{"type":"Polygon","coordinates":[[[33.846245,-16.278732],[33.846206,-16.269693],[33.836848,-16.26973],[33.836886,-16.278769],[33.846245,-16.278732]]]}},{"type":"Feature","properties":{"ano":2025,"camada":"cultivo_sequeiro","area_km2":0.1791,"fracao_cobertura_celula":0.1791},"geometry":{"type":"Polygon","coordinates":[[[33.846206,-16.269693],[33.846167,-16.260653],[33.836809,-16.260691],[33.836848,-16.26973],[33.846206,-16.269693]]]}},{"type":"Feature","properties":{"ano":2025,"camada":"cultivo_sequeiro","area_km2":1.5138,"fracao_cobertura_celula":1.5138},"geometry":{"type":"Polygon","coordinates":[[[33.846167,-16.260653],[33.846128,-16.251614],[33.836771,-16.251651],[33.836809,-16.260691],[33.846167,-16.260653]]]}},{"type":"Feature","properties":{"ano":2025,"camada":"cultivo_sequeiro","area_km2":0.1152,"fracao_cobertura_celula":0.1152},"geometry":{"type":"Polygon","coordinates":[[[33.846128,-16.251614],[33.84609,-16.242575],[33.836733,-16.242612],[33.836771,-16.251651],[33.846128,-16.251614]]]}},{"type":"Feature","properties":{"ano":2025,"camada":"cultivo_sequeiro","area_km2":0.3807,"fracao_cobertura_celula":0.3807},"geometry":{"type":"Polygon","coordinates":[[[33.84609,-16.242575],[33.846051,-16.233536],[33.836695,-16.233573],[33.836733,-16.242612],[33.84609,-16.242575]]]}},{"type":"Feature","properties":{"ano":2025,"camada":"cultivo_sequeiro","area_km2":0.045,"fracao_cobertura_celula":0.045},"geometry":{"type":"Polygon","coordinates":[[[33.846051,-16.233536],[33.846013,-16.224497],[33.836656,-16.224534],[33.836695,-16.233573],[33.846051,-16.233536]]]}},{"type":"Feature","properties":{"ano":2025,"camada":"cultivo_sequeiro","area_km2":0.1026,"fracao_cobertura_celula":0.1026},"geometry":{"type":"Polygon","coordinates":[[[33.846013,-16.224497],[33.845974,-16.215457],[33.836618,-16.215494],[33.836656,-16.224534],[33.846013,-16.224497]]]}},{"type":"Feature","properties":{"ano":2025,"camada":"cultivo_sequeiro","area_km2":0.3051,"fracao_cobertura_celula":0.3051},"geometry":{"type":"Polygon","coordinates":[[[33.845974,-16.215457],[33.845935,-16.206418],[33.83658,-16.206455],[33.836618,-16.215494],[33.845974,-16.215457]]]}},{"type":"Feature","properties":{"ano":2025,"camada":"cultivo_sequeiro","area_km2":0.0459,"fracao_cobertura_celula":0.0459},"geometry":{"type":"Polygon","coordinates":[[[33.845897,-16.197379],[33.845858,-16.18834],[33.836504,-16.188377],[33.836542,-16.197416],[33.845897,-16.197379]]]}},{"type":"Feature","properties":{"ano":2025,"camada":"cultivo_sequeiro","area_km2":0.0441,"fracao_cobertura_celula":0.0441},"geometry":{"type":"Polygon","coordinates":[[[33.845858,-16.18834],[33.84582,-16.1793],[33.836466,-16.179337],[33.836504,-16.188377],[33.845858,-16.18834]]]}},{"type":"Feature","properties":{"ano":2025,"camada":"cultivo_sequeiro","area_km2":0.1044,"fracao_cobertura_celula":0.1044},"geometry":{"type":"Polygon","coordinates":[[[33.84582,-16.1793],[33.845781,-16.170261],[33.836428,-16.170298],[33.836466,-16.179337],[33.84582,-16.1793]]]}},{"type":"Feature","properties":{"ano":2025,"camada":"cultivo_sequeiro","area_km2":0.0054,"fracao_cobertura_celula":0.0054},"geometry":{"type":"Polygon","coordinates":[[[33.845781,-16.170261],[33.845743,-16.161222],[33.83639,-16.161259],[33.836428,-16.170298],[33.845781,-16.170261]]]}},{"type":"Feature","properties":{"ano":2025,"camada":"cultivo_sequeiro","area_km2":0.0225,"fracao_cobertura_celula":0.0225},"geometry":{"type":"Polygon","coordinates":[[[33.845743,-16.161222],[33.845704,-16.152182],[33.836352,-16.152219],[33.83639,-16.161259],[33.845743,-16.161222]]]}},{"type":"Feature","properties":{"ano":2025,"camada":"cultivo_sequeiro","area_km2":0.0333,"fracao_cobertura_celula":0.0333},"geometry":{"type":"Polygon","coordinates":[[[33.845704,-16.152182],[33.845666,-16.143143],[33.836314,-16.14318],[33.836352,-16.152219],[33.845704,-16.152182]]]}},{"type":"Feature","properties":{"ano":2025,"camada":"cultivo_sequeiro","area_km2":0.0504,"fracao_cobertura_celula":0.0504},"geometry":{"type":"Polygon","coordinates":[[[33.845666,-16.143143],[33.845628,-16.134104],[33.836276,-16.134141],[33.836314,-16.14318],[33.845666,-16.143143]]]}},{"type":"Feature","properties":{"ano":2025,"camada":"cultivo_sequeiro","area_km2":0.2727,"fracao_cobertura_celula":0.2727},"geometry":{"type":"Polygon","coordinates":[[[33.845628,-16.134104],[33.845589,-16.125065],[33.836238,-16.125101],[33.836276,-16.134141],[33.845628,-16.134104]]]}},{"type":"Feature","properties":{"ano":2025,"camada":"cultivo_sequeiro","area_km2":0.0531,"fracao_cobertura_celula":0.0531},"geometry":{"type":"Polygon","coordinates":[[[33.845589,-16.125065],[33.845551,-16.116025],[33.8362,-16.116062],[33.836238,-16.125101],[33.845589,-16.125065]]]}},{"type":"Feature","properties":{"ano":2025,"camada":"cultivo_sequeiro","area_km2":0.0018,"fracao_cobertura_celula":0.0018},"geometry":{"type":"Polygon","coordinates":[[[33.845551,-16.116025],[33.845513,-16.106986],[33.836162,-16.107023],[33.8362,-16.116062],[33.845551,-16.116025]]]}},{"type":"Feature","properties":{"ano":2025,"camada":"cultivo_sequeiro","area_km2":0.0504,"fracao_cobertura_celula":0.0504},"geometry":{"type":"Polygon","coordinates":[[[33.845436,-16.088907],[33.845398,-16.079868],[33.836049,-16.079905],[33.836087,-16.088944],[33.845436,-16.088907]]]}},{"type":"Feature","properties":{"ano":2025,"camada":"cultivo_sequeiro","area_km2":0.2673,"fracao_cobertura_celula":0.2673},"geometry":{"type":"Polygon","coordinates":[[[33.845398,-16.079868],[33.84536,-16.070829],[33.836011,-16.070865],[33.836049,-16.079905],[33.845398,-16.079868]]]}},{"type":"Feature","properties":{"ano":2025,"camada":"cultivo_sequeiro","area_km2":0.2772,"fracao_cobertura_celula":0.2772},"geometry":{"type":"Polygon","coordinates":[[[33.84536,-16.070829],[33.845322,-16.061789],[33.835973,-16.061826],[33.836011,-16.070865],[33.84536,-16.070829]]]}},{"type":"Feature","properties":{"ano":2025,"camada":"cultivo_sequeiro","area_km2":0.1458,"fracao_cobertura_celula":0.1458},"geometry":{"type":"Polygon","coordinates":[[[33.845322,-16.061789],[33.845284,-16.05275],[33.835936,-16.052786],[33.835973,-16.061826],[33.845322,-16.061789]]]}},{"type":"Feature","properties":{"ano":2025,"camada":"cultivo_sequeiro","area_km2":0.3222,"fracao_cobertura_celula":0.3222},"geometry":{"type":"Polygon","coordinates":[[[33.845284,-16.05275],[33.845245,-16.04371],[33.835898,-16.043747],[33.835936,-16.052786],[33.845284,-16.05275]]]}},{"type":"Feature","properties":{"ano":2025,"camada":"cultivo_sequeiro","area_km2":0.1053,"fracao_cobertura_celula":0.1053},"geometry":{"type":"Polygon","coordinates":[[[33.845245,-16.04371],[33.845207,-16.034671],[33.83586,-16.034708],[33.835898,-16.043747],[33.845245,-16.04371]]]}},{"type":"Feature","properties":{"ano":2025,"camada":"cultivo_sequeiro","area_km2":0.6336,"fracao_cobertura_celula":0.6336},"geometry":{"type":"Polygon","coordinates":[[[33.845207,-16.034671],[33.845169,-16.025632],[33.835822,-16.025668],[33.83586,-16.034708],[33.845207,-16.034671]]]}},{"type":"Feature","properties":{"ano":2025,"camada":"cultivo_sequeiro","area_km2":1.575,"fracao_cobertura_celula":1.575},"geometry":{"type":"Polygon","coordinates":[[[33.845169,-16.025632],[33.845131,-16.016592],[33.835785,-16.016629],[33.835822,-16.025668],[33.845169,-16.025632]]]}},{"type":"Feature","properties":{"ano":2025,"camada":"cultivo_sequeiro","area_km2":0.099,"fracao_cobertura_celula":0.099},"geometry":{"type":"Polygon","coordinates":[[[33.845131,-16.016592],[33.845093,-16.007553],[33.835747,-16.007589],[33.835785,-16.016629],[33.845131,-16.016592]]]}},{"type":"Feature","properties":{"ano":2025,"camada":"cultivo_sequeiro","area_km2":0.1548,"fracao_cobertura_celula":0.1548},"geometry":{"type":"Polygon","coordinates":[[[33.845093,-16.007553],[33.845055,-15.998513],[33.83571,-15.99855],[33.835747,-16.007589],[33.845093,-16.007553]]]}},{"type":"Feature","properties":{"ano":2025,"camada":"cultivo_sequeiro","area_km2":0.0351,"fracao_cobertura_celula":0.0351},"geometry":{"type":"Polygon","coordinates":[[[33.855917,-16.351007],[33.855878,-16.341968],[33.846516,-16.342006],[33.846555,-16.351045],[33.855917,-16.351007]]]}},{"type":"Feature","properties":{"ano":2025,"camada":"cultivo_sequeiro","area_km2":0.0378,"fracao_cobertura_celula":0.0378},"geometry":{"type":"Polygon","coordinates":[[[33.855878,-16.341968],[33.855839,-16.332929],[33.846478,-16.332967],[33.846516,-16.342006],[33.855878,-16.341968]]]}},{"type":"Feature","properties":{"ano":2025,"camada":"cultivo_sequeiro","area_km2":0.0054,"fracao_cobertura_celula":0.0054},"geometry":{"type":"Polygon","coordinates":[[[33.855839,-16.332929],[33.855799,-16.32389],[33.846439,-16.323928],[33.846478,-16.332967],[33.855839,-16.332929]]]}},{"type":"Feature","properties":{"ano":2025,"camada":"cultivo_sequeiro","area_km2":0.3852,"fracao_cobertura_celula":0.3852},"geometry":{"type":"Polygon","coordinates":[[[33.855799,-16.32389],[33.85576,-16.314851],[33.8464,-16.314889],[33.846439,-16.323928],[33.855799,-16.32389]]]}},{"type":"Feature","properties":{"ano":2025,"camada":"cultivo_sequeiro","area_km2":0.0117,"fracao_cobertura_celula":0.0117},"geometry":{"type":"Polygon","coordinates":[[[33.85576,-16.314851],[33.855721,-16.305812],[33.846361,-16.305849],[33.8464,-16.314889],[33.85576,-16.314851]]]}},{"type":"Feature","properties":{"ano":2025,"camada":"cultivo_sequeiro","area_km2":0.054,"fracao_cobertura_celula":0.054},"geometry":{"type":"Polygon","coordinates":[[[33.855721,-16.305812],[33.855682,-16.296773],[33.846322,-16.29681],[33.846361,-16.305849],[33.855721,-16.305812]]]}},{"type":"Feature","properties":{"ano":2025,"camada":"cultivo_sequeiro","area_km2":0.1242,"fracao_cobertura_celula":0.1242},"geometry":{"type":"Polygon","coordinates":[[[33.855682,-16.296773],[33.855642,-16.287733],[33.846283,-16.287771],[33.846322,-16.29681],[33.855682,-16.296773]]]}},{"type":"Feature","properties":{"ano":2025,"camada":"cultivo_sequeiro","area_km2":0.1368,"fracao_cobertura_celula":0.1368},"geometry":{"type":"Polygon","coordinates":[[[33.855642,-16.287733],[33.855603,-16.278694],[33.846245,-16.278732],[33.846283,-16.287771],[33.855642,-16.287733]]]}},{"type":"Feature","properties":{"ano":2025,"camada":"cultivo_sequeiro","area_km2":0.0558,"fracao_cobertura_celula":0.0558},"geometry":{"type":"Polygon","coordinates":[[[33.855603,-16.278694],[33.855564,-16.269655],[33.846206,-16.269693],[33.846245,-16.278732],[33.855603,-16.278694]]]}},{"type":"Feature","properties":{"ano":2025,"camada":"cultivo_sequeiro","area_km2":0.1278,"fracao_cobertura_celula":0.1278},"geometry":{"type":"Polygon","coordinates":[[[33.855564,-16.269655],[33.855525,-16.260616],[33.846167,-16.260653],[33.846206,-16.269693],[33.855564,-16.269655]]]}},{"type":"Feature","properties":{"ano":2025,"camada":"cultivo_sequeiro","area_km2":0.0711,"fracao_cobertura_celula":0.0711},"geometry":{"type":"Polygon","coordinates":[[[33.855525,-16.260616],[33.855486,-16.251577],[33.846128,-16.251614],[33.846167,-16.260653],[33.855525,-16.260616]]]}},{"type":"Feature","properties":{"ano":2025,"camada":"cultivo_sequeiro","area_km2":0.7146,"fracao_cobertura_celula":0.7146},"geometry":{"type":"Polygon","coordinates":[[[33.855486,-16.251577],[33.855447,-16.242537],[33.84609,-16.242575],[33.846128,-16.251614],[33.855486,-16.251577]]]}},{"type":"Feature","properties":{"ano":2025,"camada":"cultivo_sequeiro","area_km2":0.0414,"fracao_cobertura_celula":0.0414},"geometry":{"type":"Polygon","coordinates":[[[33.855447,-16.242537],[33.855408,-16.233498],[33.846051,-16.233536],[33.84609,-16.242575],[33.855447,-16.242537]]]}},{"type":"Feature","properties":{"ano":2025,"camada":"cultivo_sequeiro","area_km2":1.5966,"fracao_cobertura_celula":1.5966},"geometry":{"type":"Polygon","coordinates":[[[33.855408,-16.233498],[33.855369,-16.224459],[33.846013,-16.224497],[33.846051,-16.233536],[33.855408,-16.233498]]]}},{"type":"Feature","properties":{"ano":2025,"camada":"cultivo_sequeiro","area_km2":0.0315,"fracao_cobertura_celula":0.0315},"geometry":{"type":"Polygon","coordinates":[[[33.855369,-16.224459],[33.85533,-16.21542],[33.845974,-16.215457],[33.846013,-16.224497],[33.855369,-16.224459]]]}},{"type":"Feature","properties":{"ano":2025,"camada":"cultivo_sequeiro","area_km2":0.288,"fracao_cobertura_celula":0.288},"geometry":{"type":"Polygon","coordinates":[[[33.85533,-16.21542],[33.855291,-16.206381],[33.845935,-16.206418],[33.845974,-16.215457],[33.85533,-16.21542]]]}},{"type":"Feature","properties":{"ano":2025,"camada":"cultivo_sequeiro","area_km2":0.1719,"fracao_cobertura_celula":0.1719},"geometry":{"type":"Polygon","coordinates":[[[33.855291,-16.206381],[33.855252,-16.197341],[33.845897,-16.197379],[33.845935,-16.206418],[33.855291,-16.206381]]]}},{"type":"Feature","properties":{"ano":2025,"camada":"cultivo_sequeiro","area_km2":0.1161,"fracao_cobertura_celula":0.1161},"geometry":{"type":"Polygon","coordinates":[[[33.855252,-16.197341],[33.855213,-16.188302],[33.845858,-16.18834],[33.845897,-16.197379],[33.855252,-16.197341]]]}},{"type":"Feature","properties":{"ano":2025,"camada":"cultivo_sequeiro","area_km2":0.7983,"fracao_cobertura_celula":0.7983},"geometry":{"type":"Polygon","coordinates":[[[33.855213,-16.188302],[33.855174,-16.179263],[33.84582,-16.1793],[33.845858,-16.18834],[33.855213,-16.188302]]]}},{"type":"Feature","properties":{"ano":2025,"camada":"cultivo_sequeiro","area_km2":0.0909,"fracao_cobertura_celula":0.0909},"geometry":{"type":"Polygon","coordinates":[[[33.855174,-16.179263],[33.855135,-16.170224],[33.845781,-16.170261],[33.84582,-16.1793],[33.855174,-16.179263]]]}},{"type":"Feature","properties":{"ano":2025,"camada":"cultivo_sequeiro","area_km2":0.1116,"fracao_cobertura_celula":0.1116},"geometry":{"type":"Polygon","coordinates":[[[33.855135,-16.170224],[33.855096,-16.161184],[33.845743,-16.161222],[33.845781,-16.170261],[33.855135,-16.170224]]]}},{"type":"Feature","properties":{"ano":2025,"camada":"cultivo_sequeiro","area_km2":0.0639,"fracao_cobertura_celula":0.0639},"geometry":{"type":"Polygon","coordinates":[[[33.855096,-16.161184],[33.855057,-16.152145],[33.845704,-16.152182],[33.845743,-16.161222],[33.855096,-16.161184]]]}},{"type":"Feature","properties":{"ano":2025,"camada":"cultivo_sequeiro","area_km2":13.4199,"fracao_cobertura_celula":13.4199},"geometry":{"type":"Polygon","coordinates":[[[33.855057,-16.152145],[33.855018,-16.143106],[33.845666,-16.143143],[33.845704,-16.152182],[33.855057,-16.152145]]]}},{"type":"Feature","properties":{"ano":2025,"camada":"cultivo_sequeiro","area_km2":0.0162,"fracao_cobertura_celula":0.0162},"geometry":{"type":"Polygon","coordinates":[[[33.854979,-16.134067],[33.854941,-16.125027],[33.845589,-16.125065],[33.845628,-16.134104],[33.854979,-16.134067]]]}},{"type":"Feature","properties":{"ano":2025,"camada":"cultivo_sequeiro","area_km2":0.0477,"fracao_cobertura_celula":0.0477},"geometry":{"type":"Polygon","coordinates":[[[33.854941,-16.125027],[33.854902,-16.115988],[33.845551,-16.116025],[33.845589,-16.125065],[33.854941,-16.125027]]]}},{"type":"Feature","properties":{"ano":2025,"camada":"cultivo_sequeiro","area_km2":0.0063,"fracao_cobertura_celula":0.0063},"geometry":{"type":"Polygon","coordinates":[[[33.854902,-16.115988],[33.854863,-16.106949],[33.845513,-16.106986],[33.845551,-16.116025],[33.854902,-16.115988]]]}},{"type":"Feature","properties":{"ano":2025,"camada":"cultivo_sequeiro","area_km2":0.0126,"fracao_cobertura_celula":0.0126},"geometry":{"type":"Polygon","coordinates":[[[33.854863,-16.106949],[33.854825,-16.097909],[33.845475,-16.097947],[33.845513,-16.106986],[33.854863,-16.106949]]]}},{"type":"Feature","properties":{"ano":2025,"camada":"cultivo_sequeiro","area_km2":0.0135,"fracao_cobertura_celula":0.0135},"geometry":{"type":"Polygon","coordinates":[[[33.854786,-16.08887],[33.854747,-16.079831],[33.845398,-16.079868],[33.845436,-16.088907],[33.854786,-16.08887]]]}},{"type":"Feature","properties":{"ano":2025,"camada":"cultivo_sequeiro","area_km2":0.2304,"fracao_cobertura_celula":0.2304},"geometry":{"type":"Polygon","coordinates":[[[33.854747,-16.079831],[33.854709,-16.070791],[33.84536,-16.070829],[33.845398,-16.079868],[33.854747,-16.079831]]]}},{"type":"Feature","properties":{"ano":2025,"camada":"cultivo_sequeiro","area_km2":0.2934,"fracao_cobertura_celula":0.2934},"geometry":{"type":"Polygon","coordinates":[[[33.854709,-16.070791],[33.85467,-16.061752],[33.845322,-16.061789],[33.84536,-16.070829],[33.854709,-16.070791]]]}},{"type":"Feature","properties":{"ano":2025,"camada":"cultivo_sequeiro","area_km2":0.846,"fracao_cobertura_celula":0.846},"geometry":{"type":"Polygon","coordinates":[[[33.85467,-16.061752],[33.854631,-16.052713],[33.845284,-16.05275],[33.845322,-16.061789],[33.85467,-16.061752]]]}},{"type":"Feature","properties":{"ano":2025,"camada":"cultivo_sequeiro","area_km2":0.2052,"fracao_cobertura_celula":0.2052},"geometry":{"type":"Polygon","coordinates":[[[33.854631,-16.052713],[33.854593,-16.043673],[33.845245,-16.04371],[33.845284,-16.05275],[33.854631,-16.052713]]]}},{"type":"Feature","properties":{"ano":2025,"camada":"cultivo_sequeiro","area_km2":0.4509,"fracao_cobertura_celula":0.4509},"geometry":{"type":"Polygon","coordinates":[[[33.854593,-16.043673],[33.854554,-16.034634],[33.845207,-16.034671],[33.845245,-16.04371],[33.854593,-16.043673]]]}},{"type":"Feature","properties":{"ano":2025,"camada":"cultivo_sequeiro","area_km2":0.1188,"fracao_cobertura_celula":0.1188},"geometry":{"type":"Polygon","coordinates":[[[33.854554,-16.034634],[33.854516,-16.025595],[33.845169,-16.025632],[33.845207,-16.034671],[33.854554,-16.034634]]]}},{"type":"Feature","properties":{"ano":2025,"camada":"cultivo_sequeiro","area_km2":0.1233,"fracao_cobertura_celula":0.1233},"geometry":{"type":"Polygon","coordinates":[[[33.854516,-16.025595],[33.854477,-16.016555],[33.845131,-16.016592],[33.845169,-16.025632],[33.854516,-16.025595]]]}},{"type":"Feature","properties":{"ano":2025,"camada":"cultivo_sequeiro","area_km2":0.0855,"fracao_cobertura_celula":0.0855},"geometry":{"type":"Polygon","coordinates":[[[33.854477,-16.016555],[33.854439,-16.007516],[33.845093,-16.007553],[33.845131,-16.016592],[33.854477,-16.016555]]]}},{"type":"Feature","properties":{"ano":2025,"camada":"cultivo_sequeiro","area_km2":0.0207,"fracao_cobertura_celula":0.0207},"geometry":{"type":"Polygon","coordinates":[[[33.854439,-16.007516],[33.854401,-15.998476],[33.845055,-15.998513],[33.845093,-16.007553],[33.854439,-16.007516]]]}},{"type":"Feature","properties":{"ano":2025,"camada":"cultivo_sequeiro","area_km2":0.1161,"fracao_cobertura_celula":0.1161},"geometry":{"type":"Polygon","coordinates":[[[33.865279,-16.350969],[33.86524,-16.34193],[33.855878,-16.341968],[33.855917,-16.351007],[33.865279,-16.350969]]]}},{"type":"Feature","properties":{"ano":2025,"camada":"cultivo_sequeiro","area_km2":0.117,"fracao_cobertura_celula":0.117},"geometry":{"type":"Polygon","coordinates":[[[33.86524,-16.34193],[33.8652,-16.332891],[33.855839,-16.332929],[33.855878,-16.341968],[33.86524,-16.34193]]]}},{"type":"Feature","properties":{"ano":2025,"camada":"cultivo_sequeiro","area_km2":0.0171,"fracao_cobertura_celula":0.0171},"geometry":{"type":"Polygon","coordinates":[[[33.8652,-16.332891],[33.86516,-16.323852],[33.855799,-16.32389],[33.855839,-16.332929],[33.8652,-16.332891]]]}},{"type":"Feature","properties":{"ano":2025,"camada":"cultivo_sequeiro","area_km2":0.0468,"fracao_cobertura_celula":0.0468},"geometry":{"type":"Polygon","coordinates":[[[33.86516,-16.323852],[33.86512,-16.314813],[33.85576,-16.314851],[33.855799,-16.32389],[33.86516,-16.323852]]]}},{"type":"Feature","properties":{"ano":2025,"camada":"cultivo_sequeiro","area_km2":0.144,"fracao_cobertura_celula":0.144},"geometry":{"type":"Polygon","coordinates":[[[33.86512,-16.314813],[33.865081,-16.305774],[33.855721,-16.305812],[33.85576,-16.314851],[33.86512,-16.314813]]]}},{"type":"Feature","properties":{"ano":2025,"camada":"cultivo_sequeiro","area_km2":1.0764,"fracao_cobertura_celula":1.0764},"geometry":{"type":"Polygon","coordinates":[[[33.865081,-16.305774],[33.865041,-16.296734],[33.855682,-16.296773],[33.855721,-16.305812],[33.865081,-16.305774]]]}},{"type":"Feature","properties":{"ano":2025,"camada":"cultivo_sequeiro","area_km2":0.162,"fracao_cobertura_celula":0.162},"geometry":{"type":"Polygon","coordinates":[[[33.865041,-16.296734],[33.865001,-16.287695],[33.855642,-16.287733],[33.855682,-16.296773],[33.865041,-16.296734]]]}},{"type":"Feature","properties":{"ano":2025,"camada":"cultivo_sequeiro","area_km2":0.0288,"fracao_cobertura_celula":0.0288},"geometry":{"type":"Polygon","coordinates":[[[33.865001,-16.287695],[33.864962,-16.278656],[33.855603,-16.278694],[33.855642,-16.287733],[33.865001,-16.287695]]]}},{"type":"Feature","properties":{"ano":2025,"camada":"cultivo_sequeiro","area_km2":0.5238,"fracao_cobertura_celula":0.5238},"geometry":{"type":"Polygon","coordinates":[[[33.864962,-16.278656],[33.864922,-16.269617],[33.855564,-16.269655],[33.855603,-16.278694],[33.864962,-16.278656]]]}},{"type":"Feature","properties":{"ano":2025,"camada":"cultivo_sequeiro","area_km2":0.0936,"fracao_cobertura_celula":0.0936},"geometry":{"type":"Polygon","coordinates":[[[33.864922,-16.269617],[33.864883,-16.260578],[33.855525,-16.260616],[33.855564,-16.269655],[33.864922,-16.269617]]]}},{"type":"Feature","properties":{"ano":2025,"camada":"cultivo_sequeiro","area_km2":0.1782,"fracao_cobertura_celula":0.1782},"geometry":{"type":"Polygon","coordinates":[[[33.864883,-16.260578],[33.864843,-16.251539],[33.855486,-16.251577],[33.855525,-16.260616],[33.864883,-16.260578]]]}},{"type":"Feature","properties":{"ano":2025,"camada":"cultivo_sequeiro","area_km2":0.5121,"fracao_cobertura_celula":0.5121},"geometry":{"type":"Polygon","coordinates":[[[33.864843,-16.251539],[33.864803,-16.2425],[33.855447,-16.242537],[33.855486,-16.251577],[33.864843,-16.251539]]]}},{"type":"Feature","properties":{"ano":2025,"camada":"cultivo_sequeiro","area_km2":0.1494,"fracao_cobertura_celula":0.1494},"geometry":{"type":"Polygon","coordinates":[[[33.864803,-16.2425],[33.864764,-16.23346],[33.855408,-16.233498],[33.855447,-16.242537],[33.864803,-16.2425]]]}},{"type":"Feature","properties":{"ano":2025,"camada":"cultivo_sequeiro","area_km2":0.1206,"fracao_cobertura_celula":0.1206},"geometry":{"type":"Polygon","coordinates":[[[33.864764,-16.23346],[33.864725,-16.224421],[33.855369,-16.224459],[33.855408,-16.233498],[33.864764,-16.23346]]]}},{"type":"Feature","properties":{"ano":2025,"camada":"cultivo_sequeiro","area_km2":0.1179,"fracao_cobertura_celula":0.1179},"geometry":{"type":"Polygon","coordinates":[[[33.864725,-16.224421],[33.864685,-16.215382],[33.85533,-16.21542],[33.855369,-16.224459],[33.864725,-16.224421]]]}},{"type":"Feature","properties":{"ano":2025,"camada":"cultivo_sequeiro","area_km2":0.18,"fracao_cobertura_celula":0.18},"geometry":{"type":"Polygon","coordinates":[[[33.864685,-16.215382],[33.864646,-16.206343],[33.855291,-16.206381],[33.85533,-16.21542],[33.864685,-16.215382]]]}},{"type":"Feature","properties":{"ano":2025,"camada":"cultivo_sequeiro","area_km2":0.108,"fracao_cobertura_celula":0.108},"geometry":{"type":"Polygon","coordinates":[[[33.864646,-16.206343],[33.864606,-16.197304],[33.855252,-16.197341],[33.855291,-16.206381],[33.864646,-16.206343]]]}},{"type":"Feature","properties":{"ano":2025,"camada":"cultivo_sequeiro","area_km2":0.1737,"fracao_cobertura_celula":0.1737},"geometry":{"type":"Polygon","coordinates":[[[33.864606,-16.197304],[33.864567,-16.188264],[33.855213,-16.188302],[33.855252,-16.197341],[33.864606,-16.197304]]]}},{"type":"Feature","properties":{"ano":2025,"camada":"cultivo_sequeiro","area_km2":1.6488,"fracao_cobertura_celula":1.6488},"geometry":{"type":"Polygon","coordinates":[[[33.864567,-16.188264],[33.864528,-16.179225],[33.855174,-16.179263],[33.855213,-16.188302],[33.864567,-16.188264]]]}},{"type":"Feature","properties":{"ano":2025,"camada":"cultivo_sequeiro","area_km2":0.0243,"fracao_cobertura_celula":0.0243},"geometry":{"type":"Polygon","coordinates":[[[33.864528,-16.179225],[33.864488,-16.170186],[33.855135,-16.170224],[33.855174,-16.179263],[33.864528,-16.179225]]]}},{"type":"Feature","properties":{"ano":2025,"camada":"cultivo_sequeiro","area_km2":0.0765,"fracao_cobertura_celula":0.0765},"geometry":{"type":"Polygon","coordinates":[[[33.864488,-16.170186],[33.864449,-16.161147],[33.855096,-16.161184],[33.855135,-16.170224],[33.864488,-16.170186]]]}},{"type":"Feature","properties":{"ano":2025,"camada":"cultivo_sequeiro","area_km2":0.0126,"fracao_cobertura_celula":0.0126},"geometry":{"type":"Polygon","coordinates":[[[33.864449,-16.161147],[33.86441,-16.152107],[33.855057,-16.152145],[33.855096,-16.161184],[33.864449,-16.161147]]]}},{"type":"Feature","properties":{"ano":2025,"camada":"cultivo_sequeiro","area_km2":0.0711,"fracao_cobertura_celula":0.0711},"geometry":{"type":"Polygon","coordinates":[[[33.86441,-16.152107],[33.86437,-16.143068],[33.855018,-16.143106],[33.855057,-16.152145],[33.86441,-16.152107]]]}},{"type":"Feature","properties":{"ano":2025,"camada":"cultivo_sequeiro","area_km2":0.0072,"fracao_cobertura_celula":0.0072},"geometry":{"type":"Polygon","coordinates":[[[33.86437,-16.143068],[33.864331,-16.134029],[33.854979,-16.134067],[33.855018,-16.143106],[33.86437,-16.143068]]]}},{"type":"Feature","properties":{"ano":2025,"camada":"cultivo_sequeiro","area_km2":0.0099,"fracao_cobertura_celula":0.0099},"geometry":{"type":"Polygon","coordinates":[[[33.864331,-16.134029],[33.864292,-16.12499],[33.854941,-16.125027],[33.854979,-16.134067],[33.864331,-16.134029]]]}},{"type":"Feature","properties":{"ano":2025,"camada":"cultivo_sequeiro","area_km2":0.0279,"fracao_cobertura_celula":0.0279},"geometry":{"type":"Polygon","coordinates":[[[33.864292,-16.12499],[33.864253,-16.11595],[33.854902,-16.115988],[33.854941,-16.125027],[33.864292,-16.12499]]]}},{"type":"Feature","properties":{"ano":2025,"camada":"cultivo_sequeiro","area_km2":0.1179,"fracao_cobertura_celula":0.1179},"geometry":{"type":"Polygon","coordinates":[[[33.864253,-16.11595],[33.864214,-16.106911],[33.854863,-16.106949],[33.854902,-16.115988],[33.864253,-16.11595]]]}},{"type":"Feature","properties":{"ano":2025,"camada":"cultivo_sequeiro","area_km2":0.0135,"fracao_cobertura_celula":0.0135},"geometry":{"type":"Polygon","coordinates":[[[33.864214,-16.106911],[33.864175,-16.097872],[33.854825,-16.097909],[33.854863,-16.106949],[33.864214,-16.106911]]]}},{"type":"Feature","properties":{"ano":2025,"camada":"cultivo_sequeiro","area_km2":0.0144,"fracao_cobertura_celula":0.0144},"geometry":{"type":"Polygon","coordinates":[[[33.864175,-16.097872],[33.864136,-16.088832],[33.854786,-16.08887],[33.854825,-16.097909],[33.864175,-16.097872]]]}},{"type":"Feature","properties":{"ano":2025,"camada":"cultivo_sequeiro","area_km2":0.0531,"fracao_cobertura_celula":0.0531},"geometry":{"type":"Polygon","coordinates":[[[33.864136,-16.088832],[33.864096,-16.079793],[33.854747,-16.079831],[33.854786,-16.08887],[33.864136,-16.088832]]]}},{"type":"Feature","properties":{"ano":2025,"camada":"cultivo_sequeiro","area_km2":0.4239,"fracao_cobertura_celula":0.4239},"geometry":{"type":"Polygon","coordinates":[[[33.864096,-16.079793],[33.864057,-16.070754],[33.854709,-16.070791],[33.854747,-16.079831],[33.864096,-16.079793]]]}},{"type":"Feature","properties":{"ano":2025,"camada":"cultivo_sequeiro","area_km2":0.2376,"fracao_cobertura_celula":0.2376},"geometry":{"type":"Polygon","coordinates":[[[33.864057,-16.070754],[33.864018,-16.061715],[33.85467,-16.061752],[33.854709,-16.070791],[33.864057,-16.070754]]]}},{"type":"Feature","properties":{"ano":2025,"camada":"cultivo_sequeiro","area_km2":0.1125,"fracao_cobertura_celula":0.1125},"geometry":{"type":"Polygon","coordinates":[[[33.864018,-16.061715],[33.863979,-16.052675],[33.854631,-16.052713],[33.85467,-16.061752],[33.864018,-16.061715]]]}},{"type":"Feature","properties":{"ano":2025,"camada":"cultivo_sequeiro","area_km2":0.2007,"fracao_cobertura_celula":0.2007},"geometry":{"type":"Polygon","coordinates":[[[33.863979,-16.052675],[33.86394,-16.043636],[33.854593,-16.043673],[33.854631,-16.052713],[33.863979,-16.052675]]]}},{"type":"Feature","properties":{"ano":2025,"camada":"cultivo_sequeiro","area_km2":0.3222,"fracao_cobertura_celula":0.3222},"geometry":{"type":"Polygon","coordinates":[[[33.86394,-16.043636],[33.863901,-16.034597],[33.854554,-16.034634],[33.854593,-16.043673],[33.86394,-16.043636]]]}},{"type":"Feature","properties":{"ano":2025,"camada":"cultivo_sequeiro","area_km2":0.0828,"fracao_cobertura_celula":0.0828},"geometry":{"type":"Polygon","coordinates":[[[33.863901,-16.034597],[33.863863,-16.025557],[33.854516,-16.025595],[33.854554,-16.034634],[33.863901,-16.034597]]]}},{"type":"Feature","properties":{"ano":2025,"camada":"cultivo_sequeiro","area_km2":0.0261,"fracao_cobertura_celula":0.0261},"geometry":{"type":"Polygon","coordinates":[[[33.863863,-16.025557],[33.863824,-16.016518],[33.854477,-16.016555],[33.854516,-16.025595],[33.863863,-16.025557]]]}},{"type":"Feature","properties":{"ano":2025,"camada":"cultivo_sequeiro","area_km2":0.0252,"fracao_cobertura_celula":0.0252},"geometry":{"type":"Polygon","coordinates":[[[33.863824,-16.016518],[33.863785,-16.007478],[33.854439,-16.007516],[33.854477,-16.016555],[33.863824,-16.016518]]]}},{"type":"Feature","properties":{"ano":2025,"camada":"cultivo_sequeiro","area_km2":0.0315,"fracao_cobertura_celula":0.0315},"geometry":{"type":"Polygon","coordinates":[[[33.863785,-16.007478],[33.863746,-15.998439],[33.854401,-15.998476],[33.854439,-16.007516],[33.863785,-16.007478]]]}},{"type":"Feature","properties":{"ano":2025,"camada":"cultivo_sequeiro","area_km2":0.1611,"fracao_cobertura_celula":0.1611},"geometry":{"type":"Polygon","coordinates":[[[33.874641,-16.35093],[33.874601,-16.341891],[33.86524,-16.34193],[33.865279,-16.350969],[33.874641,-16.35093]]]}},{"type":"Feature","properties":{"ano":2025,"camada":"cultivo_sequeiro","area_km2":0.1719,"fracao_cobertura_celula":0.1719},"geometry":{"type":"Polygon","coordinates":[[[33.874601,-16.341891],[33.874561,-16.332852],[33.8652,-16.332891],[33.86524,-16.34193],[33.874601,-16.341891]]]}},{"type":"Feature","properties":{"ano":2025,"camada":"cultivo_sequeiro","area_km2":0.0459,"fracao_cobertura_celula":0.0459},"geometry":{"type":"Polygon","coordinates":[[[33.874561,-16.332852],[33.874521,-16.323813],[33.86516,-16.323852],[33.8652,-16.332891],[33.874561,-16.332852]]]}},{"type":"Feature","properties":{"ano":2025,"camada":"cultivo_sequeiro","area_km2":0.1215,"fracao_cobertura_celula":0.1215},"geometry":{"type":"Polygon","coordinates":[[[33.874521,-16.323813],[33.874481,-16.314774],[33.86512,-16.314813],[33.86516,-16.323852],[33.874521,-16.323813]]]}},{"type":"Feature","properties":{"ano":2025,"camada":"cultivo_sequeiro","area_km2":0.1719,"fracao_cobertura_celula":0.1719},"geometry":{"type":"Polygon","coordinates":[[[33.874481,-16.314774],[33.87444,-16.305735],[33.865081,-16.305774],[33.86512,-16.314813],[33.874481,-16.314774]]]}},{"type":"Feature","properties":{"ano":2025,"camada":"cultivo_sequeiro","area_km2":0.117,"fracao_cobertura_celula":0.117},"geometry":{"type":"Polygon","coordinates":[[[33.87444,-16.305735],[33.8744,-16.296696],[33.865041,-16.296734],[33.865081,-16.305774],[33.87444,-16.305735]]]}},{"type":"Feature","properties":{"ano":2025,"camada":"cultivo_sequeiro","area_km2":0.2835,"fracao_cobertura_celula":0.2835},"geometry":{"type":"Polygon","coordinates":[[[33.8744,-16.296696],[33.87436,-16.287657],[33.865001,-16.287695],[33.865041,-16.296734],[33.8744,-16.296696]]]}},{"type":"Feature","properties":{"ano":2025,"camada":"cultivo_sequeiro","area_km2":0.0963,"fracao_cobertura_celula":0.0963},"geometry":{"type":"Polygon","coordinates":[[[33.87436,-16.287657],[33.87432,-16.278618],[33.864962,-16.278656],[33.865001,-16.287695],[33.87436,-16.287657]]]}},{"type":"Feature","properties":{"ano":2025,"camada":"cultivo_sequeiro","area_km2":0.063,"fracao_cobertura_celula":0.063},"geometry":{"type":"Polygon","coordinates":[[[33.87432,-16.278618],[33.87428,-16.269579],[33.864922,-16.269617],[33.864962,-16.278656],[33.87432,-16.278618]]]}},{"type":"Feature","properties":{"ano":2025,"camada":"cultivo_sequeiro","area_km2":0.1962,"fracao_cobertura_celula":0.1962},"geometry":{"type":"Polygon","coordinates":[[[33.87428,-16.269579],[33.87424,-16.260539],[33.864883,-16.260578],[33.864922,-16.269617],[33.87428,-16.269579]]]}},{"type":"Feature","properties":{"ano":2025,"camada":"cultivo_sequeiro","area_km2":0.0936,"fracao_cobertura_celula":0.0936},"geometry":{"type":"Polygon","coordinates":[[[33.87424,-16.260539],[33.8742,-16.2515],[33.864843,-16.251539],[33.864883,-16.260578],[33.87424,-16.260539]]]}},{"type":"Feature","properties":{"ano":2025,"camada":"cultivo_sequeiro","area_km2":0.7263,"fracao_cobertura_celula":0.7263},"geometry":{"type":"Polygon","coordinates":[[[33.8742,-16.2515],[33.87416,-16.242461],[33.864803,-16.2425],[33.864843,-16.251539],[33.8742,-16.2515]]]}},{"type":"Feature","properties":{"ano":2025,"camada":"cultivo_sequeiro","area_km2":0.1035,"fracao_cobertura_celula":0.1035},"geometry":{"type":"Polygon","coordinates":[[[33.87416,-16.242461],[33.87412,-16.233422],[33.864764,-16.23346],[33.864803,-16.2425],[33.87416,-16.242461]]]}},{"type":"Feature","properties":{"ano":2025,"camada":"cultivo_sequeiro","area_km2":0.0351,"fracao_cobertura_celula":0.0351},"geometry":{"type":"Polygon","coordinates":[[[33.87412,-16.233422],[33.87408,-16.224383],[33.864725,-16.224421],[33.864764,-16.23346],[33.87412,-16.233422]]]}},{"type":"Feature","properties":{"ano":2025,"camada":"cultivo_sequeiro","area_km2":0.0882,"fracao_cobertura_celula":0.0882},"geometry":{"type":"Polygon","coordinates":[[[33.87408,-16.224383],[33.874041,-16.215344],[33.864685,-16.215382],[33.864725,-16.224421],[33.87408,-16.224383]]]}},{"type":"Feature","properties":{"ano":2025,"camada":"cultivo_sequeiro","area_km2":0.1071,"fracao_cobertura_celula":0.1071},"geometry":{"type":"Polygon","coordinates":[[[33.874041,-16.215344],[33.874001,-16.206304],[33.864646,-16.206343],[33.864685,-16.215382],[33.874041,-16.215344]]]}},{"type":"Feature","properties":{"ano":2025,"camada":"cultivo_sequeiro","area_km2":0.0126,"fracao_cobertura_celula":0.0126},"geometry":{"type":"Polygon","coordinates":[[[33.874001,-16.206304],[33.873961,-16.197265],[33.864606,-16.197304],[33.864646,-16.206343],[33.874001,-16.206304]]]}},{"type":"Feature","properties":{"ano":2025,"camada":"cultivo_sequeiro","area_km2":0.0252,"fracao_cobertura_celula":0.0252},"geometry":{"type":"Polygon","coordinates":[[[33.873961,-16.197265],[33.873921,-16.188226],[33.864567,-16.188264],[33.864606,-16.197304],[33.873961,-16.197265]]]}},{"type":"Feature","properties":{"ano":2025,"camada":"cultivo_sequeiro","area_km2":7.2567,"fracao_cobertura_celula":7.2567},"geometry":{"type":"Polygon","coordinates":[[[33.873921,-16.188226],[33.873881,-16.179187],[33.864528,-16.179225],[33.864567,-16.188264],[33.873921,-16.188226]]]}},{"type":"Feature","properties":{"ano":2025,"camada":"cultivo_sequeiro","area_km2":0.0738,"fracao_cobertura_celula":0.0738},"geometry":{"type":"Polygon","coordinates":[[[33.873881,-16.179187],[33.873842,-16.170148],[33.864488,-16.170186],[33.864528,-16.179225],[33.873881,-16.179187]]]}},{"type":"Feature","properties":{"ano":2025,"camada":"cultivo_sequeiro","area_km2":0.0558,"fracao_cobertura_celula":0.0558},"geometry":{"type":"Polygon","coordinates":[[[33.873842,-16.170148],[33.873802,-16.161108],[33.864449,-16.161147],[33.864488,-16.170186],[33.873842,-16.170148]]]}},{"type":"Feature","properties":{"ano":2025,"camada":"cultivo_sequeiro","area_km2":0.1143,"fracao_cobertura_celula":0.1143},"geometry":{"type":"Polygon","coordinates":[[[33.873802,-16.161108],[33.873762,-16.152069],[33.86441,-16.152107],[33.864449,-16.161147],[33.873802,-16.161108]]]}},{"type":"Feature","properties":{"ano":2025,"camada":"cultivo_sequeiro","area_km2":0.0585,"fracao_cobertura_celula":0.0585},"geometry":{"type":"Polygon","coordinates":[[[33.873762,-16.152069],[33.873723,-16.14303],[33.86437,-16.143068],[33.86441,-16.152107],[33.873762,-16.152069]]]}},{"type":"Feature","properties":{"ano":2025,"camada":"cultivo_sequeiro","area_km2":0.0513,"fracao_cobertura_celula":0.0513},"geometry":{"type":"Polygon","coordinates":[[[33.873723,-16.14303],[33.873683,-16.133991],[33.864331,-16.134029],[33.86437,-16.143068],[33.873723,-16.14303]]]}},{"type":"Feature","properties":{"ano":2025,"camada":"cultivo_sequeiro","area_km2":0.0225,"fracao_cobertura_celula":0.0225},"geometry":{"type":"Polygon","coordinates":[[[33.873683,-16.133991],[33.873643,-16.124952],[33.864292,-16.12499],[33.864331,-16.134029],[33.873683,-16.133991]]]}},{"type":"Feature","properties":{"ano":2025,"camada":"cultivo_sequeiro","area_km2":0.0405,"fracao_cobertura_celula":0.0405},"geometry":{"type":"Polygon","coordinates":[[[33.873643,-16.124952],[33.873604,-16.115912],[33.864253,-16.11595],[33.864292,-16.12499],[33.873643,-16.124952]]]}},{"type":"Feature","properties":{"ano":2025,"camada":"cultivo_sequeiro","area_km2":0.2916,"fracao_cobertura_celula":0.2916},"geometry":{"type":"Polygon","coordinates":[[[33.873604,-16.115912],[33.873564,-16.106873],[33.864214,-16.106911],[33.864253,-16.11595],[33.873604,-16.115912]]]}},{"type":"Feature","properties":{"ano":2025,"camada":"cultivo_sequeiro","area_km2":0.1053,"fracao_cobertura_celula":0.1053},"geometry":{"type":"Polygon","coordinates":[[[33.873564,-16.106873],[33.873525,-16.097834],[33.864175,-16.097872],[33.864214,-16.106911],[33.873564,-16.106873]]]}},{"type":"Feature","properties":{"ano":2025,"camada":"cultivo_sequeiro","area_km2":0.0189,"fracao_cobertura_celula":0.0189},"geometry":{"type":"Polygon","coordinates":[[[33.873525,-16.097834],[33.873485,-16.088794],[33.864136,-16.088832],[33.864175,-16.097872],[33.873525,-16.097834]]]}},{"type":"Feature","properties":{"ano":2025,"camada":"cultivo_sequeiro","area_km2":0.0459,"fracao_cobertura_celula":0.0459},"geometry":{"type":"Polygon","coordinates":[[[33.873485,-16.088794],[33.873446,-16.079755],[33.864096,-16.079793],[33.864136,-16.088832],[33.873485,-16.088794]]]}},{"type":"Feature","properties":{"ano":2025,"camada":"cultivo_sequeiro","area_km2":0.2943,"fracao_cobertura_celula":0.2943},"geometry":{"type":"Polygon","coordinates":[[[33.873446,-16.079755],[33.873406,-16.070716],[33.864057,-16.070754],[33.864096,-16.079793],[33.873446,-16.079755]]]}},{"type":"Feature","properties":{"ano":2025,"camada":"cultivo_sequeiro","area_km2":0.297,"fracao_cobertura_celula":0.297},"geometry":{"type":"Polygon","coordinates":[[[33.873406,-16.070716],[33.873367,-16.061677],[33.864018,-16.061715],[33.864057,-16.070754],[33.873406,-16.070716]]]}},{"type":"Feature","properties":{"ano":2025,"camada":"cultivo_sequeiro","area_km2":0.2106,"fracao_cobertura_celula":0.2106},"geometry":{"type":"Polygon","coordinates":[[[33.873367,-16.061677],[33.873327,-16.052637],[33.863979,-16.052675],[33.864018,-16.061715],[33.873367,-16.061677]]]}},{"type":"Feature","properties":{"ano":2025,"camada":"cultivo_sequeiro","area_km2":0.2178,"fracao_cobertura_celula":0.2178},"geometry":{"type":"Polygon","coordinates":[[[33.873327,-16.052637],[33.873288,-16.043598],[33.86394,-16.043636],[33.863979,-16.052675],[33.873327,-16.052637]]]}},{"type":"Feature","properties":{"ano":2025,"camada":"cultivo_sequeiro","area_km2":0.1647,"fracao_cobertura_celula":0.1647},"geometry":{"type":"Polygon","coordinates":[[[33.873288,-16.043598],[33.873249,-16.034559],[33.863901,-16.034597],[33.86394,-16.043636],[33.873288,-16.043598]]]}},{"type":"Feature","properties":{"ano":2025,"camada":"cultivo_sequeiro","area_km2":0.0684,"fracao_cobertura_celula":0.0684},"geometry":{"type":"Polygon","coordinates":[[[33.873249,-16.034559],[33.873209,-16.025519],[33.863863,-16.025557],[33.863901,-16.034597],[33.873249,-16.034559]]]}},{"type":"Feature","properties":{"ano":2025,"camada":"cultivo_sequeiro","area_km2":0.0549,"fracao_cobertura_celula":0.0549},"geometry":{"type":"Polygon","coordinates":[[[33.873209,-16.025519],[33.87317,-16.01648],[33.863824,-16.016518],[33.863863,-16.025557],[33.873209,-16.025519]]]}},{"type":"Feature","properties":{"ano":2025,"camada":"cultivo_sequeiro","area_km2":0.0477,"fracao_cobertura_celula":0.0477},"geometry":{"type":"Polygon","coordinates":[[[33.87317,-16.01648],[33.873131,-16.007441],[33.863785,-16.007478],[33.863824,-16.016518],[33.87317,-16.01648]]]}},{"type":"Feature","properties":{"ano":2025,"camada":"cultivo_sequeiro","area_km2":0.0315,"fracao_cobertura_celula":0.0315},"geometry":{"type":"Polygon","coordinates":[[[33.873131,-16.007441],[33.873091,-15.998401],[33.863746,-15.998439],[33.863785,-16.007478],[33.873131,-16.007441]]]}},{"type":"Feature","properties":{"ano":2025,"camada":"cultivo_sequeiro","area_km2":0.3357,"fracao_cobertura_celula":0.3357},"geometry":{"type":"Polygon","coordinates":[[[33.884003,-16.350891],[33.883963,-16.341852],[33.874601,-16.341891],[33.874641,-16.35093],[33.884003,-16.350891]]]}},{"type":"Feature","properties":{"ano":2025,"camada":"cultivo_sequeiro","area_km2":0.1656,"fracao_cobertura_celula":0.1656},"geometry":{"type":"Polygon","coordinates":[[[33.883963,-16.341852],[33.883922,-16.332813],[33.874561,-16.332852],[33.874601,-16.341891],[33.883963,-16.341852]]]}},{"type":"Feature","properties":{"ano":2025,"camada":"cultivo_sequeiro","area_km2":0.1602,"fracao_cobertura_celula":0.1602},"geometry":{"type":"Polygon","coordinates":[[[33.883922,-16.332813],[33.883881,-16.323774],[33.874521,-16.323813],[33.874561,-16.332852],[33.883922,-16.332813]]]}},{"type":"Feature","properties":{"ano":2025,"camada":"cultivo_sequeiro","area_km2":0.0657,"fracao_cobertura_celula":0.0657},"geometry":{"type":"Polygon","coordinates":[[[33.883881,-16.323774],[33.883841,-16.314735],[33.874481,-16.314774],[33.874521,-16.323813],[33.883881,-16.323774]]]}},{"type":"Feature","properties":{"ano":2025,"camada":"cultivo_sequeiro","area_km2":0.1557,"fracao_cobertura_celula":0.1557},"geometry":{"type":"Polygon","coordinates":[[[33.883841,-16.314735],[33.8838,-16.305696],[33.87444,-16.305735],[33.874481,-16.314774],[33.883841,-16.314735]]]}},{"type":"Feature","properties":{"ano":2025,"camada":"cultivo_sequeiro","area_km2":0.0612,"fracao_cobertura_celula":0.0612},"geometry":{"type":"Polygon","coordinates":[[[33.8838,-16.305696],[33.88376,-16.296657],[33.8744,-16.296696],[33.87444,-16.305735],[33.8838,-16.305696]]]}},{"type":"Feature","properties":{"ano":2025,"camada":"cultivo_sequeiro","area_km2":0.1674,"fracao_cobertura_celula":0.1674},"geometry":{"type":"Polygon","coordinates":[[[33.88376,-16.296657],[33.883719,-16.287618],[33.87436,-16.287657],[33.8744,-16.296696],[33.88376,-16.296657]]]}},{"type":"Feature","properties":{"ano":2025,"camada":"cultivo_sequeiro","area_km2":0.1566,"fracao_cobertura_celula":0.1566},"geometry":{"type":"Polygon","coordinates":[[[33.883719,-16.287618],[33.883679,-16.278579],[33.87432,-16.278618],[33.87436,-16.287657],[33.883719,-16.287618]]]}},{"type":"Feature","properties":{"ano":2025,"camada":"cultivo_sequeiro","area_km2":0.027,"fracao_cobertura_celula":0.027},"geometry":{"type":"Polygon","coordinates":[[[33.883679,-16.278579],[33.883638,-16.26954],[33.87428,-16.269579],[33.87432,-16.278618],[33.883679,-16.278579]]]}},{"type":"Feature","properties":{"ano":2025,"camada":"cultivo_sequeiro","area_km2":0.0612,"fracao_cobertura_celula":0.0612},"geometry":{"type":"Polygon","coordinates":[[[33.883638,-16.26954],[33.883598,-16.260501],[33.87424,-16.260539],[33.87428,-16.269579],[33.883638,-16.26954]]]}},{"type":"Feature","properties":{"ano":2025,"camada":"cultivo_sequeiro","area_km2":0.4113,"fracao_cobertura_celula":0.4113},"geometry":{"type":"Polygon","coordinates":[[[33.883598,-16.260501],[33.883557,-16.251461],[33.8742,-16.2515],[33.87424,-16.260539],[33.883598,-16.260501]]]}},{"type":"Feature","properties":{"ano":2025,"camada":"cultivo_sequeiro","area_km2":0.5445,"fracao_cobertura_celula":0.5445},"geometry":{"type":"Polygon","coordinates":[[[33.883557,-16.251461],[33.883517,-16.242422],[33.87416,-16.242461],[33.8742,-16.2515],[33.883557,-16.251461]]]}},{"type":"Feature","properties":{"ano":2025,"camada":"cultivo_sequeiro","area_km2":0.1953,"fracao_cobertura_celula":0.1953},"geometry":{"type":"Polygon","coordinates":[[[33.883517,-16.242422],[33.883477,-16.233383],[33.87412,-16.233422],[33.87416,-16.242461],[33.883517,-16.242422]]]}},{"type":"Feature","properties":{"ano":2025,"camada":"cultivo_sequeiro","area_km2":0.1278,"fracao_cobertura_celula":0.1278},"geometry":{"type":"Polygon","coordinates":[[[33.883477,-16.233383],[33.883436,-16.224344],[33.87408,-16.224383],[33.87412,-16.233422],[33.883477,-16.233383]]]}},{"type":"Feature","properties":{"ano":2025,"camada":"cultivo_sequeiro","area_km2":0.0693,"fracao_cobertura_celula":0.0693},"geometry":{"type":"Polygon","coordinates":[[[33.883436,-16.224344],[33.883396,-16.215305],[33.874041,-16.215344],[33.87408,-16.224383],[33.883436,-16.224344]]]}},{"type":"Feature","properties":{"ano":2025,"camada":"cultivo_sequeiro","area_km2":0.0576,"fracao_cobertura_celula":0.0576},"geometry":{"type":"Polygon","coordinates":[[[33.883396,-16.215305],[33.883356,-16.206266],[33.874001,-16.206304],[33.874041,-16.215344],[33.883396,-16.215305]]]}},{"type":"Feature","properties":{"ano":2025,"camada":"cultivo_sequeiro","area_km2":0.2538,"fracao_cobertura_celula":0.2538},"geometry":{"type":"Polygon","coordinates":[[[33.883356,-16.206266],[33.883316,-16.197227],[33.873961,-16.197265],[33.874001,-16.206304],[33.883356,-16.206266]]]}},{"type":"Feature","properties":{"ano":2025,"camada":"cultivo_sequeiro","area_km2":0.0027,"fracao_cobertura_celula":0.0027},"geometry":{"type":"Polygon","coordinates":[[[33.883275,-16.188187],[33.883235,-16.179148],[33.873881,-16.179187],[33.873921,-16.188226],[33.883275,-16.188187]]]}},{"type":"Feature","properties":{"ano":2025,"camada":"cultivo_sequeiro","area_km2":0.0684,"fracao_cobertura_celula":0.0684},"geometry":{"type":"Polygon","coordinates":[[[33.883235,-16.179148],[33.883195,-16.170109],[33.873842,-16.170148],[33.873881,-16.179187],[33.883235,-16.179148]]]}},{"type":"Feature","properties":{"ano":2025,"camada":"cultivo_sequeiro","area_km2":0.0333,"fracao_cobertura_celula":0.0333},"geometry":{"type":"Polygon","coordinates":[[[33.883195,-16.170109],[33.883155,-16.16107],[33.873802,-16.161108],[33.873842,-16.170148],[33.883195,-16.170109]]]}},{"type":"Feature","properties":{"ano":2025,"camada":"cultivo_sequeiro","area_km2":0.1044,"fracao_cobertura_celula":0.1044},"geometry":{"type":"Polygon","coordinates":[[[33.883155,-16.16107],[33.883115,-16.152031],[33.873762,-16.152069],[33.873802,-16.161108],[33.883155,-16.16107]]]}},{"type":"Feature","properties":{"ano":2025,"camada":"cultivo_sequeiro","area_km2":0.0837,"fracao_cobertura_celula":0.0837},"geometry":{"type":"Polygon","coordinates":[[[33.883115,-16.152031],[33.883075,-16.142992],[33.873723,-16.14303],[33.873762,-16.152069],[33.883115,-16.152031]]]}},{"type":"Feature","properties":{"ano":2025,"camada":"cultivo_sequeiro","area_km2":0.0297,"fracao_cobertura_celula":0.0297},"geometry":{"type":"Polygon","coordinates":[[[33.883075,-16.142992],[33.883035,-16.133952],[33.873683,-16.133991],[33.873723,-16.14303],[33.883075,-16.142992]]]}},{"type":"Feature","properties":{"ano":2025,"camada":"cultivo_sequeiro","area_km2":0.0216,"fracao_cobertura_celula":0.0216},"geometry":{"type":"Polygon","coordinates":[[[33.883035,-16.133952],[33.882995,-16.124913],[33.873643,-16.124952],[33.873683,-16.133991],[33.883035,-16.133952]]]}},{"type":"Feature","properties":{"ano":2025,"camada":"cultivo_sequeiro","area_km2":0.0864,"fracao_cobertura_celula":0.0864},"geometry":{"type":"Polygon","coordinates":[[[33.882995,-16.124913],[33.882955,-16.115874],[33.873604,-16.115912],[33.873643,-16.124952],[33.882995,-16.124913]]]}},{"type":"Feature","properties":{"ano":2025,"camada":"cultivo_sequeiro","area_km2":0.4662,"fracao_cobertura_celula":0.4662},"geometry":{"type":"Polygon","coordinates":[[[33.882955,-16.115874],[33.882915,-16.106835],[33.873564,-16.106873],[33.873604,-16.115912],[33.882955,-16.115874]]]}},{"type":"Feature","properties":{"ano":2025,"camada":"cultivo_sequeiro","area_km2":0.3528,"fracao_cobertura_celula":0.3528},"geometry":{"type":"Polygon","coordinates":[[[33.882915,-16.106835],[33.882875,-16.097795],[33.873525,-16.097834],[33.873564,-16.106873],[33.882915,-16.106835]]]}},{"type":"Feature","properties":{"ano":2025,"camada":"cultivo_sequeiro","area_km2":0.1746,"fracao_cobertura_celula":0.1746},"geometry":{"type":"Polygon","coordinates":[[[33.882875,-16.097795],[33.882835,-16.088756],[33.873485,-16.088794],[33.873525,-16.097834],[33.882875,-16.097795]]]}},{"type":"Feature","properties":{"ano":2025,"camada":"cultivo_sequeiro","area_km2":0.0702,"fracao_cobertura_celula":0.0702},"geometry":{"type":"Polygon","coordinates":[[[33.882835,-16.088756],[33.882795,-16.079717],[33.873446,-16.079755],[33.873485,-16.088794],[33.882835,-16.088756]]]}},{"type":"Feature","properties":{"ano":2025,"camada":"cultivo_sequeiro","area_km2":0.0963,"fracao_cobertura_celula":0.0963},"geometry":{"type":"Polygon","coordinates":[[[33.882795,-16.079717],[33.882755,-16.070678],[33.873406,-16.070716],[33.873446,-16.079755],[33.882795,-16.079717]]]}},{"type":"Feature","properties":{"ano":2025,"camada":"cultivo_sequeiro","area_km2":0.0234,"fracao_cobertura_celula":0.0234},"geometry":{"type":"Polygon","coordinates":[[[33.882755,-16.070678],[33.882715,-16.061638],[33.873367,-16.061677],[33.873406,-16.070716],[33.882755,-16.070678]]]}},{"type":"Feature","properties":{"ano":2025,"camada":"cultivo_sequeiro","area_km2":0.7083,"fracao_cobertura_celula":0.7083},"geometry":{"type":"Polygon","coordinates":[[[33.882715,-16.061638],[33.882675,-16.052599],[33.873327,-16.052637],[33.873367,-16.061677],[33.882715,-16.061638]]]}},{"type":"Feature","properties":{"ano":2025,"camada":"cultivo_sequeiro","area_km2":0.1404,"fracao_cobertura_celula":0.1404},"geometry":{"type":"Polygon","coordinates":[[[33.882675,-16.052599],[33.882635,-16.04356],[33.873288,-16.043598],[33.873327,-16.052637],[33.882675,-16.052599]]]}},{"type":"Feature","properties":{"ano":2025,"camada":"cultivo_sequeiro","area_km2":0.2682,"fracao_cobertura_celula":0.2682},"geometry":{"type":"Polygon","coordinates":[[[33.882635,-16.04356],[33.882596,-16.03452],[33.873249,-16.034559],[33.873288,-16.043598],[33.882635,-16.04356]]]}},{"type":"Feature","properties":{"ano":2025,"camada":"cultivo_sequeiro","area_km2":0.063,"fracao_cobertura_celula":0.063},"geometry":{"type":"Polygon","coordinates":[[[33.882596,-16.03452],[33.882556,-16.025481],[33.873209,-16.025519],[33.873249,-16.034559],[33.882596,-16.03452]]]}},{"type":"Feature","properties":{"ano":2025,"camada":"cultivo_sequeiro","area_km2":0.1998,"fracao_cobertura_celula":0.1998},"geometry":{"type":"Polygon","coordinates":[[[33.882556,-16.025481],[33.882516,-16.016442],[33.87317,-16.01648],[33.873209,-16.025519],[33.882556,-16.025481]]]}},{"type":"Feature","properties":{"ano":2025,"camada":"cultivo_sequeiro","area_km2":0.0108,"fracao_cobertura_celula":0.0108},"geometry":{"type":"Polygon","coordinates":[[[33.882516,-16.016442],[33.882476,-16.007402],[33.873131,-16.007441],[33.87317,-16.01648],[33.882516,-16.016442]]]}},{"type":"Feature","properties":{"ano":2025,"camada":"cultivo_sequeiro","area_km2":0.3699,"fracao_cobertura_celula":0.3699},"geometry":{"type":"Polygon","coordinates":[[[33.882476,-16.007402],[33.882437,-15.998363],[33.873091,-15.998401],[33.873131,-16.007441],[33.882476,-16.007402]]]}},{"type":"Feature","properties":{"ano":2025,"camada":"cultivo_sequeiro","area_km2":0.1989,"fracao_cobertura_celula":0.1989},"geometry":{"type":"Polygon","coordinates":[[[33.893365,-16.350852],[33.893324,-16.341813],[33.883963,-16.341852],[33.884003,-16.350891],[33.893365,-16.350852]]]}},{"type":"Feature","properties":{"ano":2025,"camada":"cultivo_sequeiro","area_km2":0.1845,"fracao_cobertura_celula":0.1845},"geometry":{"type":"Polygon","coordinates":[[[33.893324,-16.341813],[33.893283,-16.332774],[33.883922,-16.332813],[33.883963,-16.341852],[33.893324,-16.341813]]]}},{"type":"Feature","properties":{"ano":2025,"camada":"cultivo_sequeiro","area_km2":0.0504,"fracao_cobertura_celula":0.0504},"geometry":{"type":"Polygon","coordinates":[[[33.893283,-16.332774],[33.893242,-16.323735],[33.883881,-16.323774],[33.883922,-16.332813],[33.893283,-16.332774]]]}},{"type":"Feature","properties":{"ano":2025,"camada":"cultivo_sequeiro","area_km2":0.0603,"fracao_cobertura_celula":0.0603},"geometry":{"type":"Polygon","coordinates":[[[33.893242,-16.323735],[33.893201,-16.314696],[33.883841,-16.314735],[33.883881,-16.323774],[33.893242,-16.323735]]]}},{"type":"Feature","properties":{"ano":2025,"camada":"cultivo_sequeiro","area_km2":0.0027,"fracao_cobertura_celula":0.0027},"geometry":{"type":"Polygon","coordinates":[[[33.893201,-16.314696],[33.89316,-16.305657],[33.8838,-16.305696],[33.883841,-16.314735],[33.893201,-16.314696]]]}},{"type":"Feature","properties":{"ano":2025,"camada":"cultivo_sequeiro","area_km2":0.0963,"fracao_cobertura_celula":0.0963},"geometry":{"type":"Polygon","coordinates":[[[33.89316,-16.305657],[33.893119,-16.296618],[33.88376,-16.296657],[33.8838,-16.305696],[33.89316,-16.305657]]]}},{"type":"Feature","properties":{"ano":2025,"camada":"cultivo_sequeiro","area_km2":0.1215,"fracao_cobertura_celula":0.1215},"geometry":{"type":"Polygon","coordinates":[[[33.893119,-16.296618],[33.893078,-16.287579],[33.883719,-16.287618],[33.88376,-16.296657],[33.893119,-16.296618]]]}},{"type":"Feature","properties":{"ano":2025,"camada":"cultivo_sequeiro","area_km2":0.108,"fracao_cobertura_celula":0.108},"geometry":{"type":"Polygon","coordinates":[[[33.893078,-16.287579],[33.893037,-16.27854],[33.883679,-16.278579],[33.883719,-16.287618],[33.893078,-16.287579]]]}},{"type":"Feature","properties":{"ano":2025,"camada":"cultivo_sequeiro","area_km2":0.0522,"fracao_cobertura_celula":0.0522},"geometry":{"type":"Polygon","coordinates":[[[33.893037,-16.27854],[33.892996,-16.2695],[33.883638,-16.26954],[33.883679,-16.278579],[33.893037,-16.27854]]]}},{"type":"Feature","properties":{"ano":2025,"camada":"cultivo_sequeiro","area_km2":0.0873,"fracao_cobertura_celula":0.0873},"geometry":{"type":"Polygon","coordinates":[[[33.892996,-16.2695],[33.892955,-16.260461],[33.883598,-16.260501],[33.883638,-16.26954],[33.892996,-16.2695]]]}},{"type":"Feature","properties":{"ano":2025,"camada":"cultivo_sequeiro","area_km2":0.1674,"fracao_cobertura_celula":0.1674},"geometry":{"type":"Polygon","coordinates":[[[33.892955,-16.260461],[33.892915,-16.251422],[33.883557,-16.251461],[33.883598,-16.260501],[33.892955,-16.260461]]]}},{"type":"Feature","properties":{"ano":2025,"camada":"cultivo_sequeiro","area_km2":0.4473,"fracao_cobertura_celula":0.4473},"geometry":{"type":"Polygon","coordinates":[[[33.892915,-16.251422],[33.892874,-16.242383],[33.883517,-16.242422],[33.883557,-16.251461],[33.892915,-16.251422]]]}},{"type":"Feature","properties":{"ano":2025,"camada":"cultivo_sequeiro","area_km2":0.288,"fracao_cobertura_celula":0.288},"geometry":{"type":"Polygon","coordinates":[[[33.892874,-16.242383],[33.892833,-16.233344],[33.883477,-16.233383],[33.883517,-16.242422],[33.892874,-16.242383]]]}},{"type":"Feature","properties":{"ano":2025,"camada":"cultivo_sequeiro","area_km2":0.1512,"fracao_cobertura_celula":0.1512},"geometry":{"type":"Polygon","coordinates":[[[33.892833,-16.233344],[33.892792,-16.224305],[33.883436,-16.224344],[33.883477,-16.233383],[33.892833,-16.233344]]]}},{"type":"Feature","properties":{"ano":2025,"camada":"cultivo_sequeiro","area_km2":0.0801,"fracao_cobertura_celula":0.0801},"geometry":{"type":"Polygon","coordinates":[[[33.892792,-16.224305],[33.892752,-16.215266],[33.883396,-16.215305],[33.883436,-16.224344],[33.892792,-16.224305]]]}},{"type":"Feature","properties":{"ano":2025,"camada":"cultivo_sequeiro","area_km2":0.0783,"fracao_cobertura_celula":0.0783},"geometry":{"type":"Polygon","coordinates":[[[33.892752,-16.215266],[33.892711,-16.206227],[33.883356,-16.206266],[33.883396,-16.215305],[33.892752,-16.215266]]]}},{"type":"Feature","properties":{"ano":2025,"camada":"cultivo_sequeiro","area_km2":0.2259,"fracao_cobertura_celula":0.2259},"geometry":{"type":"Polygon","coordinates":[[[33.892711,-16.206227],[33.89267,-16.197188],[33.883316,-16.197227],[33.883356,-16.206266],[33.892711,-16.206227]]]}},{"type":"Feature","properties":{"ano":2025,"camada":"cultivo_sequeiro","area_km2":0.1836,"fracao_cobertura_celula":0.1836},"geometry":{"type":"Polygon","coordinates":[[[33.89267,-16.197188],[33.89263,-16.188148],[33.883275,-16.188187],[33.883316,-16.197227],[33.89267,-16.197188]]]}},{"type":"Feature","properties":{"ano":2025,"camada":"cultivo_sequeiro","area_km2":0.2151,"fracao_cobertura_celula":0.2151},"geometry":{"type":"Polygon","coordinates":[[[33.89263,-16.188148],[33.892589,-16.179109],[33.883235,-16.179148],[33.883275,-16.188187],[33.89263,-16.188148]]]}},{"type":"Feature","properties":{"ano":2025,"camada":"cultivo_sequeiro","area_km2":0.054,"fracao_cobertura_celula":0.054},"geometry":{"type":"Polygon","coordinates":[[[33.892589,-16.179109],[33.892548,-16.17007],[33.883195,-16.170109],[33.883235,-16.179148],[33.892589,-16.179109]]]}},{"type":"Feature","properties":{"ano":2025,"camada":"cultivo_sequeiro","area_km2":0.1422,"fracao_cobertura_celula":0.1422},"geometry":{"type":"Polygon","coordinates":[[[33.892548,-16.17007],[33.892508,-16.161031],[33.883155,-16.16107],[33.883195,-16.170109],[33.892548,-16.17007]]]}},{"type":"Feature","properties":{"ano":2025,"camada":"cultivo_sequeiro","area_km2":0.9207,"fracao_cobertura_celula":0.9207},"geometry":{"type":"Polygon","coordinates":[[[33.892508,-16.161031],[33.892467,-16.151992],[33.883115,-16.152031],[33.883155,-16.16107],[33.892508,-16.161031]]]}},{"type":"Feature","properties":{"ano":2025,"camada":"cultivo_sequeiro","area_km2":0.1872,"fracao_cobertura_celula":0.1872},"geometry":{"type":"Polygon","coordinates":[[[33.892467,-16.151992],[33.892427,-16.142953],[33.883075,-16.142992],[33.883115,-16.152031],[33.892467,-16.151992]]]}},{"type":"Feature","properties":{"ano":2025,"camada":"cultivo_sequeiro","area_km2":0.0324,"fracao_cobertura_celula":0.0324},"geometry":{"type":"Polygon","coordinates":[[[33.892427,-16.142953],[33.892386,-16.133913],[33.883035,-16.133952],[33.883075,-16.142992],[33.892427,-16.142953]]]}},{"type":"Feature","properties":{"ano":2025,"camada":"cultivo_sequeiro","area_km2":2.6244,"fracao_cobertura_celula":2.6244},"geometry":{"type":"Polygon","coordinates":[[[33.892386,-16.133913],[33.892346,-16.124874],[33.882995,-16.124913],[33.883035,-16.133952],[33.892386,-16.133913]]]}},{"type":"Feature","properties":{"ano":2025,"camada":"cultivo_sequeiro","area_km2":0.0342,"fracao_cobertura_celula":0.0342},"geometry":{"type":"Polygon","coordinates":[[[33.892346,-16.124874],[33.892305,-16.115835],[33.882955,-16.115874],[33.882995,-16.124913],[33.892346,-16.124874]]]}},{"type":"Feature","properties":{"ano":2025,"camada":"cultivo_sequeiro","area_km2":0.1197,"fracao_cobertura_celula":0.1197},"geometry":{"type":"Polygon","coordinates":[[[33.892305,-16.115835],[33.892265,-16.106796],[33.882915,-16.106835],[33.882955,-16.115874],[33.892305,-16.115835]]]}},{"type":"Feature","properties":{"ano":2025,"camada":"cultivo_sequeiro","area_km2":0.369,"fracao_cobertura_celula":0.369},"geometry":{"type":"Polygon","coordinates":[[[33.892265,-16.106796],[33.892225,-16.097757],[33.882875,-16.097795],[33.882915,-16.106835],[33.892265,-16.106796]]]}},{"type":"Feature","properties":{"ano":2025,"camada":"cultivo_sequeiro","area_km2":0.3168,"fracao_cobertura_celula":0.3168},"geometry":{"type":"Polygon","coordinates":[[[33.892225,-16.097757],[33.892184,-16.088717],[33.882835,-16.088756],[33.882875,-16.097795],[33.892225,-16.097757]]]}},{"type":"Feature","properties":{"ano":2025,"camada":"cultivo_sequeiro","area_km2":0.0297,"fracao_cobertura_celula":0.0297},"geometry":{"type":"Polygon","coordinates":[[[33.892184,-16.088717],[33.892144,-16.079678],[33.882795,-16.079717],[33.882835,-16.088756],[33.892184,-16.088717]]]}},{"type":"Feature","properties":{"ano":2025,"camada":"cultivo_sequeiro","area_km2":3.8448,"fracao_cobertura_celula":3.8448},"geometry":{"type":"Polygon","coordinates":[[[33.892144,-16.079678],[33.892104,-16.070639],[33.882755,-16.070678],[33.882795,-16.079717],[33.892144,-16.079678]]]}},{"type":"Feature","properties":{"ano":2025,"camada":"cultivo_sequeiro","area_km2":0.0927,"fracao_cobertura_celula":0.0927},"geometry":{"type":"Polygon","coordinates":[[[33.892104,-16.070639],[33.892063,-16.0616],[33.882715,-16.061638],[33.882755,-16.070678],[33.892104,-16.070639]]]}},{"type":"Feature","properties":{"ano":2025,"camada":"cultivo_sequeiro","area_km2":0.1665,"fracao_cobertura_celula":0.1665},"geometry":{"type":"Polygon","coordinates":[[[33.892063,-16.0616],[33.892023,-16.05256],[33.882675,-16.052599],[33.882715,-16.061638],[33.892063,-16.0616]]]}},{"type":"Feature","properties":{"ano":2025,"camada":"cultivo_sequeiro","area_km2":0.0864,"fracao_cobertura_celula":0.0864},"geometry":{"type":"Polygon","coordinates":[[[33.892023,-16.05256],[33.891983,-16.043521],[33.882635,-16.04356],[33.882675,-16.052599],[33.892023,-16.05256]]]}},{"type":"Feature","properties":{"ano":2025,"camada":"cultivo_sequeiro","area_km2":0.3078,"fracao_cobertura_celula":0.3078},"geometry":{"type":"Polygon","coordinates":[[[33.891983,-16.043521],[33.891943,-16.034482],[33.882596,-16.03452],[33.882635,-16.04356],[33.891983,-16.043521]]]}},{"type":"Feature","properties":{"ano":2025,"camada":"cultivo_sequeiro","area_km2":0.0765,"fracao_cobertura_celula":0.0765},"geometry":{"type":"Polygon","coordinates":[[[33.891943,-16.034482],[33.891902,-16.025442],[33.882556,-16.025481],[33.882596,-16.03452],[33.891943,-16.034482]]]}},{"type":"Feature","properties":{"ano":2025,"camada":"cultivo_sequeiro","area_km2":0.0144,"fracao_cobertura_celula":0.0144},"geometry":{"type":"Polygon","coordinates":[[[33.891902,-16.025442],[33.891862,-16.016403],[33.882516,-16.016442],[33.882556,-16.025481],[33.891902,-16.025442]]]}},{"type":"Feature","properties":{"ano":2025,"camada":"cultivo_sequeiro","area_km2":0.0072,"fracao_cobertura_celula":0.0072},"geometry":{"type":"Polygon","coordinates":[[[33.891862,-16.016403],[33.891822,-16.007364],[33.882476,-16.007402],[33.882516,-16.016442],[33.891862,-16.016403]]]}},{"type":"Feature","properties":{"ano":2025,"camada":"cultivo_sequeiro","area_km2":0.0027,"fracao_cobertura_celula":0.0027},"geometry":{"type":"Polygon","coordinates":[[[33.891822,-16.007364],[33.891782,-15.998325],[33.882437,-15.998363],[33.882476,-16.007402],[33.891822,-16.007364]]]}},{"type":"Feature","properties":{"ano":2025,"camada":"cultivo_sequeiro","area_km2":0.1872,"fracao_cobertura_celula":0.1872},"geometry":{"type":"Polygon","coordinates":[[[33.902727,-16.350812],[33.902686,-16.341773],[33.893324,-16.341813],[33.893365,-16.350852],[33.902727,-16.350812]]]}},{"type":"Feature","properties":{"ano":2025,"camada":"cultivo_sequeiro","area_km2":0.0621,"fracao_cobertura_celula":0.0621},"geometry":{"type":"Polygon","coordinates":[[[33.902686,-16.341773],[33.902644,-16.332734],[33.893283,-16.332774],[33.893324,-16.341813],[33.902686,-16.341773]]]}},{"type":"Feature","properties":{"ano":2025,"camada":"cultivo_sequeiro","area_km2":0.1584,"fracao_cobertura_celula":0.1584},"geometry":{"type":"Polygon","coordinates":[[[33.902644,-16.332734],[33.902603,-16.323695],[33.893242,-16.323735],[33.893283,-16.332774],[33.902644,-16.332734]]]}},{"type":"Feature","properties":{"ano":2025,"camada":"cultivo_sequeiro","area_km2":0.0702,"fracao_cobertura_celula":0.0702},"geometry":{"type":"Polygon","coordinates":[[[33.902603,-16.323695],[33.902561,-16.314656],[33.893201,-16.314696],[33.893242,-16.323735],[33.902603,-16.323695]]]}},{"type":"Feature","properties":{"ano":2025,"camada":"cultivo_sequeiro","area_km2":0.0252,"fracao_cobertura_celula":0.0252},"geometry":{"type":"Polygon","coordinates":[[[33.902561,-16.314656],[33.90252,-16.305617],[33.89316,-16.305657],[33.893201,-16.314696],[33.902561,-16.314656]]]}},{"type":"Feature","properties":{"ano":2025,"camada":"cultivo_sequeiro","area_km2":0.0324,"fracao_cobertura_celula":0.0324},"geometry":{"type":"Polygon","coordinates":[[[33.90252,-16.305617],[33.902478,-16.296578],[33.893119,-16.296618],[33.89316,-16.305657],[33.90252,-16.305617]]]}},{"type":"Feature","properties":{"ano":2025,"camada":"cultivo_sequeiro","area_km2":0.0171,"fracao_cobertura_celula":0.0171},"geometry":{"type":"Polygon","coordinates":[[[33.902478,-16.296578],[33.902437,-16.287539],[33.893078,-16.287579],[33.893119,-16.296618],[33.902478,-16.296578]]]}},{"type":"Feature","properties":{"ano":2025,"camada":"cultivo_sequeiro","area_km2":0.0738,"fracao_cobertura_celula":0.0738},"geometry":{"type":"Polygon","coordinates":[[[33.902437,-16.287539],[33.902396,-16.2785],[33.893037,-16.27854],[33.893078,-16.287579],[33.902437,-16.287539]]]}},{"type":"Feature","properties":{"ano":2025,"camada":"cultivo_sequeiro","area_km2":0.1467,"fracao_cobertura_celula":0.1467},"geometry":{"type":"Polygon","coordinates":[[[33.902396,-16.2785],[33.902354,-16.269461],[33.892996,-16.2695],[33.893037,-16.27854],[33.902396,-16.2785]]]}},{"type":"Feature","properties":{"ano":2025,"camada":"cultivo_sequeiro","area_km2":0.0954,"fracao_cobertura_celula":0.0954},"geometry":{"type":"Polygon","coordinates":[[[33.902354,-16.269461],[33.902313,-16.260422],[33.892955,-16.260461],[33.892996,-16.2695],[33.902354,-16.269461]]]}},{"type":"Feature","properties":{"ano":2025,"camada":"cultivo_sequeiro","area_km2":0.2664,"fracao_cobertura_celula":0.2664},"geometry":{"type":"Polygon","coordinates":[[[33.902313,-16.260422],[33.902272,-16.251383],[33.892915,-16.251422],[33.892955,-16.260461],[33.902313,-16.260422]]]}},{"type":"Feature","properties":{"ano":2025,"camada":"cultivo_sequeiro","area_km2":0.2151,"fracao_cobertura_celula":0.2151},"geometry":{"type":"Polygon","coordinates":[[[33.902272,-16.251383],[33.902231,-16.242344],[33.892874,-16.242383],[33.892915,-16.251422],[33.902272,-16.251383]]]}},{"type":"Feature","properties":{"ano":2025,"camada":"cultivo_sequeiro","area_km2":0.1836,"fracao_cobertura_celula":0.1836},"geometry":{"type":"Polygon","coordinates":[[[33.902231,-16.242344],[33.902189,-16.233304],[33.892833,-16.233344],[33.892874,-16.242383],[33.902231,-16.242344]]]}},{"type":"Feature","properties":{"ano":2025,"camada":"cultivo_sequeiro","area_km2":0.1215,"fracao_cobertura_celula":0.1215},"geometry":{"type":"Polygon","coordinates":[[[33.902189,-16.233304],[33.902148,-16.224265],[33.892792,-16.224305],[33.892833,-16.233344],[33.902189,-16.233304]]]}},{"type":"Feature","properties":{"ano":2025,"camada":"cultivo_sequeiro","area_km2":0.1683,"fracao_cobertura_celula":0.1683},"geometry":{"type":"Polygon","coordinates":[[[33.902148,-16.224265],[33.902107,-16.215226],[33.892752,-16.215266],[33.892792,-16.224305],[33.902148,-16.224265]]]}},{"type":"Feature","properties":{"ano":2025,"camada":"cultivo_sequeiro","area_km2":0.0513,"fracao_cobertura_celula":0.0513},"geometry":{"type":"Polygon","coordinates":[[[33.902107,-16.215226],[33.902066,-16.206187],[33.892711,-16.206227],[33.892752,-16.215266],[33.902107,-16.215226]]]}},{"type":"Feature","properties":{"ano":2025,"camada":"cultivo_sequeiro","area_km2":0.09,"fracao_cobertura_celula":0.09},"geometry":{"type":"Polygon","coordinates":[[[33.902066,-16.206187],[33.902025,-16.197148],[33.89267,-16.197188],[33.892711,-16.206227],[33.902066,-16.206187]]]}},{"type":"Feature","properties":{"ano":2025,"camada":"cultivo_sequeiro","area_km2":0.0207,"fracao_cobertura_celula":0.0207},"geometry":{"type":"Polygon","coordinates":[[[33.902025,-16.197148],[33.901984,-16.188109],[33.89263,-16.188148],[33.89267,-16.197188],[33.902025,-16.197148]]]}},{"type":"Feature","properties":{"ano":2025,"camada":"cultivo_sequeiro","area_km2":3.2094,"fracao_cobertura_celula":3.2094},"geometry":{"type":"Polygon","coordinates":[[[33.901984,-16.188109],[33.901943,-16.17907],[33.892589,-16.179109],[33.89263,-16.188148],[33.901984,-16.188109]]]}},{"type":"Feature","properties":{"ano":2025,"camada":"cultivo_sequeiro","area_km2":0.1611,"fracao_cobertura_celula":0.1611},"geometry":{"type":"Polygon","coordinates":[[[33.901943,-16.17907],[33.901902,-16.170031],[33.892548,-16.17007],[33.892589,-16.179109],[33.901943,-16.17907]]]}},{"type":"Feature","properties":{"ano":2025,"camada":"cultivo_sequeiro","area_km2":0.3249,"fracao_cobertura_celula":0.3249},"geometry":{"type":"Polygon","coordinates":[[[33.901902,-16.170031],[33.901861,-16.160992],[33.892508,-16.161031],[33.892548,-16.17007],[33.901902,-16.170031]]]}},{"type":"Feature","properties":{"ano":2025,"camada":"cultivo_sequeiro","area_km2":0.1278,"fracao_cobertura_celula":0.1278},"geometry":{"type":"Polygon","coordinates":[[[33.901861,-16.160992],[33.90182,-16.151952],[33.892467,-16.151992],[33.892508,-16.161031],[33.901861,-16.160992]]]}},{"type":"Feature","properties":{"ano":2025,"camada":"cultivo_sequeiro","area_km2":0.1791,"fracao_cobertura_celula":0.1791},"geometry":{"type":"Polygon","coordinates":[[[33.90182,-16.151952],[33.901779,-16.142913],[33.892427,-16.142953],[33.892467,-16.151992],[33.90182,-16.151952]]]}},{"type":"Feature","properties":{"ano":2025,"camada":"cultivo_sequeiro","area_km2":0.1566,"fracao_cobertura_celula":0.1566},"geometry":{"type":"Polygon","coordinates":[[[33.901779,-16.142913],[33.901738,-16.133874],[33.892386,-16.133913],[33.892427,-16.142953],[33.901779,-16.142913]]]}},{"type":"Feature","properties":{"ano":2025,"camada":"cultivo_sequeiro","area_km2":0.0801,"fracao_cobertura_celula":0.0801},"geometry":{"type":"Polygon","coordinates":[[[33.901738,-16.133874],[33.901697,-16.124835],[33.892346,-16.124874],[33.892386,-16.133913],[33.901738,-16.133874]]]}},{"type":"Feature","properties":{"ano":2025,"camada":"cultivo_sequeiro","area_km2":0.3969,"fracao_cobertura_celula":0.3969},"geometry":{"type":"Polygon","coordinates":[[[33.901697,-16.124835],[33.901656,-16.115796],[33.892305,-16.115835],[33.892346,-16.124874],[33.901697,-16.124835]]]}},{"type":"Feature","properties":{"ano":2025,"camada":"cultivo_sequeiro","area_km2":0.2745,"fracao_cobertura_celula":0.2745},"geometry":{"type":"Polygon","coordinates":[[[33.901656,-16.115796],[33.901615,-16.106756],[33.892265,-16.106796],[33.892305,-16.115835],[33.901656,-16.115796]]]}},{"type":"Feature","properties":{"ano":2025,"camada":"cultivo_sequeiro","area_km2":0.2511,"fracao_cobertura_celula":0.2511},"geometry":{"type":"Polygon","coordinates":[[[33.901615,-16.106756],[33.901575,-16.097717],[33.892225,-16.097757],[33.892265,-16.106796],[33.901615,-16.106756]]]}},{"type":"Feature","properties":{"ano":2025,"camada":"cultivo_sequeiro","area_km2":0.1557,"fracao_cobertura_celula":0.1557},"geometry":{"type":"Polygon","coordinates":[[[33.901575,-16.097717],[33.901534,-16.088678],[33.892184,-16.088717],[33.892225,-16.097757],[33.901575,-16.097717]]]}},{"type":"Feature","properties":{"ano":2025,"camada":"cultivo_sequeiro","area_km2":0.1503,"fracao_cobertura_celula":0.1503},"geometry":{"type":"Polygon","coordinates":[[[33.901534,-16.088678],[33.901493,-16.079639],[33.892144,-16.079678],[33.892184,-16.088717],[33.901534,-16.088678]]]}},{"type":"Feature","properties":{"ano":2025,"camada":"cultivo_sequeiro","area_km2":0.0135,"fracao_cobertura_celula":0.0135},"geometry":{"type":"Polygon","coordinates":[[[33.901493,-16.079639],[33.901452,-16.0706],[33.892104,-16.070639],[33.892144,-16.079678],[33.901493,-16.079639]]]}},{"type":"Feature","properties":{"ano":2025,"camada":"cultivo_sequeiro","area_km2":0.5013,"fracao_cobertura_celula":0.5013},"geometry":{"type":"Polygon","coordinates":[[[33.901452,-16.0706],[33.901412,-16.06156],[33.892063,-16.0616],[33.892104,-16.070639],[33.901452,-16.0706]]]}},{"type":"Feature","properties":{"ano":2025,"camada":"cultivo_sequeiro","area_km2":0.126,"fracao_cobertura_celula":0.126},"geometry":{"type":"Polygon","coordinates":[[[33.901412,-16.06156],[33.901371,-16.052521],[33.892023,-16.05256],[33.892063,-16.0616],[33.901412,-16.06156]]]}},{"type":"Feature","properties":{"ano":2025,"camada":"cultivo_sequeiro","area_km2":0.1467,"fracao_cobertura_celula":0.1467},"geometry":{"type":"Polygon","coordinates":[[[33.901371,-16.052521],[33.90133,-16.043482],[33.891983,-16.043521],[33.892023,-16.05256],[33.901371,-16.052521]]]}},{"type":"Feature","properties":{"ano":2025,"camada":"cultivo_sequeiro","area_km2":0.0252,"fracao_cobertura_celula":0.0252},"geometry":{"type":"Polygon","coordinates":[[[33.90133,-16.043482],[33.90129,-16.034443],[33.891943,-16.034482],[33.891983,-16.043521],[33.90133,-16.043482]]]}},{"type":"Feature","properties":{"ano":2025,"camada":"cultivo_sequeiro","area_km2":0.1674,"fracao_cobertura_celula":0.1674},"geometry":{"type":"Polygon","coordinates":[[[33.90129,-16.034443],[33.901249,-16.025403],[33.891902,-16.025442],[33.891943,-16.034482],[33.90129,-16.034443]]]}},{"type":"Feature","properties":{"ano":2025,"camada":"cultivo_sequeiro","area_km2":0.0324,"fracao_cobertura_celula":0.0324},"geometry":{"type":"Polygon","coordinates":[[[33.901249,-16.025403],[33.901208,-16.016364],[33.891862,-16.016403],[33.891902,-16.025442],[33.901249,-16.025403]]]}},{"type":"Feature","properties":{"ano":2025,"camada":"cultivo_sequeiro","area_km2":0.0171,"fracao_cobertura_celula":0.0171},"geometry":{"type":"Polygon","coordinates":[[[33.901208,-16.016364],[33.901168,-16.007325],[33.891822,-16.007364],[33.891862,-16.016403],[33.901208,-16.016364]]]}},{"type":"Feature","properties":{"ano":2025,"camada":"cultivo_sequeiro","area_km2":0.0972,"fracao_cobertura_celula":0.0972},"geometry":{"type":"Polygon","coordinates":[[[33.912089,-16.350772],[33.912047,-16.341733],[33.902686,-16.341773],[33.902727,-16.350812],[33.912089,-16.350772]]]}},{"type":"Feature","properties":{"ano":2025,"camada":"cultivo_sequeiro","area_km2":0.0423,"fracao_cobertura_celula":0.0423},"geometry":{"type":"Polygon","coordinates":[[[33.912047,-16.341733],[33.912005,-16.332694],[33.902644,-16.332734],[33.902686,-16.341773],[33.912047,-16.341733]]]}},{"type":"Feature","properties":{"ano":2025,"camada":"cultivo_sequeiro","area_km2":0.1116,"fracao_cobertura_celula":0.1116},"geometry":{"type":"Polygon","coordinates":[[[33.912005,-16.332694],[33.911963,-16.323655],[33.902603,-16.323695],[33.902644,-16.332734],[33.912005,-16.332694]]]}},{"type":"Feature","properties":{"ano":2025,"camada":"cultivo_sequeiro","area_km2":0.045,"fracao_cobertura_celula":0.045},"geometry":{"type":"Polygon","coordinates":[[[33.911963,-16.323655],[33.911921,-16.314616],[33.902561,-16.314656],[33.902603,-16.323695],[33.911963,-16.323655]]]}},{"type":"Feature","properties":{"ano":2025,"camada":"cultivo_sequeiro","area_km2":0.0126,"fracao_cobertura_celula":0.0126},"geometry":{"type":"Polygon","coordinates":[[[33.911921,-16.314616],[33.911879,-16.305577],[33.90252,-16.305617],[33.902561,-16.314656],[33.911921,-16.314616]]]}},{"type":"Feature","properties":{"ano":2025,"camada":"cultivo_sequeiro","area_km2":0.0027,"fracao_cobertura_celula":0.0027},"geometry":{"type":"Polygon","coordinates":[[[33.911879,-16.305577],[33.911838,-16.296538],[33.902478,-16.296578],[33.90252,-16.305617],[33.911879,-16.305577]]]}},{"type":"Feature","properties":{"ano":2025,"camada":"cultivo_sequeiro","area_km2":0.0144,"fracao_cobertura_celula":0.0144},"geometry":{"type":"Polygon","coordinates":[[[33.911838,-16.296538],[33.911796,-16.287499],[33.902437,-16.287539],[33.902478,-16.296578],[33.911838,-16.296538]]]}},{"type":"Feature","properties":{"ano":2025,"camada":"cultivo_sequeiro","area_km2":0.0387,"fracao_cobertura_celula":0.0387},"geometry":{"type":"Polygon","coordinates":[[[33.911796,-16.287499],[33.911754,-16.27846],[33.902396,-16.2785],[33.902437,-16.287539],[33.911796,-16.287499]]]}},{"type":"Feature","properties":{"ano":2025,"camada":"cultivo_sequeiro","area_km2":0.0918,"fracao_cobertura_celula":0.0918},"geometry":{"type":"Polygon","coordinates":[[[33.911754,-16.27846],[33.911712,-16.269421],[33.902354,-16.269461],[33.902396,-16.2785],[33.911754,-16.27846]]]}},{"type":"Feature","properties":{"ano":2025,"camada":"cultivo_sequeiro","area_km2":0.1827,"fracao_cobertura_celula":0.1827},"geometry":{"type":"Polygon","coordinates":[[[33.911712,-16.269421],[33.911671,-16.260382],[33.902313,-16.260422],[33.902354,-16.269461],[33.911712,-16.269421]]]}},{"type":"Feature","properties":{"ano":2025,"camada":"cultivo_sequeiro","area_km2":0.1539,"fracao_cobertura_celula":0.1539},"geometry":{"type":"Polygon","coordinates":[[[33.911671,-16.260382],[33.911629,-16.251343],[33.902272,-16.251383],[33.902313,-16.260422],[33.911671,-16.260382]]]}},{"type":"Feature","properties":{"ano":2025,"camada":"cultivo_sequeiro","area_km2":0.0819,"fracao_cobertura_celula":0.0819},"geometry":{"type":"Polygon","coordinates":[[[33.911629,-16.251343],[33.911587,-16.242304],[33.902231,-16.242344],[33.902272,-16.251383],[33.911629,-16.251343]]]}},{"type":"Feature","properties":{"ano":2025,"camada":"cultivo_sequeiro","area_km2":0.153,"fracao_cobertura_celula":0.153},"geometry":{"type":"Polygon","coordinates":[[[33.911587,-16.242304],[33.911546,-16.233264],[33.902189,-16.233304],[33.902231,-16.242344],[33.911587,-16.242304]]]}},{"type":"Feature","properties":{"ano":2025,"camada":"cultivo_sequeiro","area_km2":0.0801,"fracao_cobertura_celula":0.0801},"geometry":{"type":"Polygon","coordinates":[[[33.911546,-16.233264],[33.911504,-16.224225],[33.902148,-16.224265],[33.902189,-16.233304],[33.911546,-16.233264]]]}},{"type":"Feature","properties":{"ano":2025,"camada":"cultivo_sequeiro","area_km2":0.1359,"fracao_cobertura_celula":0.1359},"geometry":{"type":"Polygon","coordinates":[[[33.911504,-16.224225],[33.911463,-16.215186],[33.902107,-16.215226],[33.902148,-16.224265],[33.911504,-16.224225]]]}},{"type":"Feature","properties":{"ano":2025,"camada":"cultivo_sequeiro","area_km2":0.3042,"fracao_cobertura_celula":0.3042},"geometry":{"type":"Polygon","coordinates":[[[33.911463,-16.215186],[33.911421,-16.206147],[33.902066,-16.206187],[33.902107,-16.215226],[33.911463,-16.215186]]]}},{"type":"Feature","properties":{"ano":2025,"camada":"cultivo_sequeiro","area_km2":0.1071,"fracao_cobertura_celula":0.1071},"geometry":{"type":"Polygon","coordinates":[[[33.911421,-16.206147],[33.911379,-16.197108],[33.902025,-16.197148],[33.902066,-16.206187],[33.911421,-16.206147]]]}},{"type":"Feature","properties":{"ano":2025,"camada":"cultivo_sequeiro","area_km2":0.0657,"fracao_cobertura_celula":0.0657},"geometry":{"type":"Polygon","coordinates":[[[33.911379,-16.197108],[33.911338,-16.188069],[33.901984,-16.188109],[33.902025,-16.197148],[33.911379,-16.197108]]]}},{"type":"Feature","properties":{"ano":2025,"camada":"cultivo_sequeiro","area_km2":0.0117,"fracao_cobertura_celula":0.0117},"geometry":{"type":"Polygon","coordinates":[[[33.911338,-16.188069],[33.911296,-16.17903],[33.901943,-16.17907],[33.901984,-16.188109],[33.911338,-16.188069]]]}},{"type":"Feature","properties":{"ano":2025,"camada":"cultivo_sequeiro","area_km2":0.2178,"fracao_cobertura_celula":0.2178},"geometry":{"type":"Polygon","coordinates":[[[33.911296,-16.17903],[33.911255,-16.169991],[33.901902,-16.170031],[33.901943,-16.17907],[33.911296,-16.17903]]]}},{"type":"Feature","properties":{"ano":2025,"camada":"cultivo_sequeiro","area_km2":0.0423,"fracao_cobertura_celula":0.0423},"geometry":{"type":"Polygon","coordinates":[[[33.911255,-16.169991],[33.911214,-16.160952],[33.901861,-16.160992],[33.901902,-16.170031],[33.911255,-16.169991]]]}},{"type":"Feature","properties":{"ano":2025,"camada":"cultivo_sequeiro","area_km2":0.2367,"fracao_cobertura_celula":0.2367},"geometry":{"type":"Polygon","coordinates":[[[33.911214,-16.160952],[33.911172,-16.151913],[33.90182,-16.151952],[33.901861,-16.160992],[33.911214,-16.160952]]]}},{"type":"Feature","properties":{"ano":2025,"camada":"cultivo_sequeiro","area_km2":0.1845,"fracao_cobertura_celula":0.1845},"geometry":{"type":"Polygon","coordinates":[[[33.911172,-16.151913],[33.911131,-16.142873],[33.901779,-16.142913],[33.90182,-16.151952],[33.911172,-16.151913]]]}},{"type":"Feature","properties":{"ano":2025,"camada":"cultivo_sequeiro","area_km2":0.2079,"fracao_cobertura_celula":0.2079},"geometry":{"type":"Polygon","coordinates":[[[33.911131,-16.142873],[33.91109,-16.133834],[33.901738,-16.133874],[33.901779,-16.142913],[33.911131,-16.142873]]]}},{"type":"Feature","properties":{"ano":2025,"camada":"cultivo_sequeiro","area_km2":0.3699,"fracao_cobertura_celula":0.3699},"geometry":{"type":"Polygon","coordinates":[[[33.91109,-16.133834],[33.911048,-16.124795],[33.901697,-16.124835],[33.901738,-16.133874],[33.91109,-16.133834]]]}},{"type":"Feature","properties":{"ano":2025,"camada":"cultivo_sequeiro","area_km2":0.1728,"fracao_cobertura_celula":0.1728},"geometry":{"type":"Polygon","coordinates":[[[33.911048,-16.124795],[33.911007,-16.115756],[33.901656,-16.115796],[33.901697,-16.124835],[33.911048,-16.124795]]]}},{"type":"Feature","properties":{"ano":2025,"camada":"cultivo_sequeiro","area_km2":0.2304,"fracao_cobertura_celula":0.2304},"geometry":{"type":"Polygon","coordinates":[[[33.911007,-16.115756],[33.910966,-16.106717],[33.901615,-16.106756],[33.901656,-16.115796],[33.911007,-16.115756]]]}},{"type":"Feature","properties":{"ano":2025,"camada":"cultivo_sequeiro","area_km2":0.0936,"fracao_cobertura_celula":0.0936},"geometry":{"type":"Polygon","coordinates":[[[33.910966,-16.106717],[33.910924,-16.097678],[33.901575,-16.097717],[33.901615,-16.106756],[33.910966,-16.106717]]]}},{"type":"Feature","properties":{"ano":2025,"camada":"cultivo_sequeiro","area_km2":0.3267,"fracao_cobertura_celula":0.3267},"geometry":{"type":"Polygon","coordinates":[[[33.910924,-16.097678],[33.910883,-16.088638],[33.901534,-16.088678],[33.901575,-16.097717],[33.910924,-16.097678]]]}},{"type":"Feature","properties":{"ano":2025,"camada":"cultivo_sequeiro","area_km2":0.1134,"fracao_cobertura_celula":0.1134},"geometry":{"type":"Polygon","coordinates":[[[33.910883,-16.088638],[33.910842,-16.079599],[33.901493,-16.079639],[33.901534,-16.088678],[33.910883,-16.088638]]]}},{"type":"Feature","properties":{"ano":2025,"camada":"cultivo_sequeiro","area_km2":0.0819,"fracao_cobertura_celula":0.0819},"geometry":{"type":"Polygon","coordinates":[[[33.910842,-16.079599],[33.910801,-16.07056],[33.901452,-16.0706],[33.901493,-16.079639],[33.910842,-16.079599]]]}},{"type":"Feature","properties":{"ano":2025,"camada":"cultivo_sequeiro","area_km2":0.2601,"fracao_cobertura_celula":0.2601},"geometry":{"type":"Polygon","coordinates":[[[33.910801,-16.07056],[33.91076,-16.061521],[33.901412,-16.06156],[33.901452,-16.0706],[33.910801,-16.07056]]]}},{"type":"Feature","properties":{"ano":2025,"camada":"cultivo_sequeiro","area_km2":0.5976,"fracao_cobertura_celula":0.5976},"geometry":{"type":"Polygon","coordinates":[[[33.91076,-16.061521],[33.910719,-16.052482],[33.901371,-16.052521],[33.901412,-16.06156],[33.91076,-16.061521]]]}},{"type":"Feature","properties":{"ano":2025,"camada":"cultivo_sequeiro","area_km2":0.0432,"fracao_cobertura_celula":0.0432},"geometry":{"type":"Polygon","coordinates":[[[33.910719,-16.052482],[33.910678,-16.043442],[33.90133,-16.043482],[33.901371,-16.052521],[33.910719,-16.052482]]]}},{"type":"Feature","properties":{"ano":2025,"camada":"cultivo_sequeiro","area_km2":0.036,"fracao_cobertura_celula":0.036},"geometry":{"type":"Polygon","coordinates":[[[33.910678,-16.043442],[33.910637,-16.034403],[33.90129,-16.034443],[33.90133,-16.043482],[33.910678,-16.043442]]]}},{"type":"Feature","properties":{"ano":2025,"camada":"cultivo_sequeiro","area_km2":0.0468,"fracao_cobertura_celula":0.0468},"geometry":{"type":"Polygon","coordinates":[[[33.910637,-16.034403],[33.910595,-16.025364],[33.901249,-16.025403],[33.90129,-16.034443],[33.910637,-16.034403]]]}},{"type":"Feature","properties":{"ano":2025,"camada":"cultivo_sequeiro","area_km2":0.0162,"fracao_cobertura_celula":0.0162},"geometry":{"type":"Polygon","coordinates":[[[33.910595,-16.025364],[33.910554,-16.016325],[33.901208,-16.016364],[33.901249,-16.025403],[33.910595,-16.025364]]]}},{"type":"Feature","properties":{"ano":2025,"camada":"cultivo_sequeiro","area_km2":0.0054,"fracao_cobertura_celula":0.0054},"geometry":{"type":"Polygon","coordinates":[[[33.910554,-16.016325],[33.910514,-16.007285],[33.901168,-16.007325],[33.901208,-16.016364],[33.910554,-16.016325]]]}},{"type":"Feature","properties":{"ano":2025,"camada":"cultivo_sequeiro","area_km2":0.0162,"fracao_cobertura_celula":0.0162},"geometry":{"type":"Polygon","coordinates":[[[33.910514,-16.007285],[33.910473,-15.998246],[33.901127,-15.998286],[33.901168,-16.007325],[33.910514,-16.007285]]]}},{"type":"Feature","properties":{"ano":2025,"camada":"cultivo_sequeiro","area_km2":0.1593,"fracao_cobertura_celula":0.1593},"geometry":{"type":"Polygon","coordinates":[[[33.921451,-16.350731],[33.921408,-16.341692],[33.912047,-16.341733],[33.912089,-16.350772],[33.921451,-16.350731]]]}},{"type":"Feature","properties":{"ano":2025,"camada":"cultivo_sequeiro","area_km2":0.135,"fracao_cobertura_celula":0.135},"geometry":{"type":"Polygon","coordinates":[[[33.921408,-16.341692],[33.921366,-16.332653],[33.912005,-16.332694],[33.912047,-16.341733],[33.921408,-16.341692]]]}},{"type":"Feature","properties":{"ano":2025,"camada":"cultivo_sequeiro","area_km2":0.3312,"fracao_cobertura_celula":0.3312},"geometry":{"type":"Polygon","coordinates":[[[33.921366,-16.332653],[33.921324,-16.323614],[33.911963,-16.323655],[33.912005,-16.332694],[33.921366,-16.332653]]]}},{"type":"Feature","properties":{"ano":2025,"camada":"cultivo_sequeiro","area_km2":0.0549,"fracao_cobertura_celula":0.0549},"geometry":{"type":"Polygon","coordinates":[[[33.921324,-16.323614],[33.921281,-16.314575],[33.911921,-16.314616],[33.911963,-16.323655],[33.921324,-16.323614]]]}},{"type":"Feature","properties":{"ano":2025,"camada":"cultivo_sequeiro","area_km2":0.1071,"fracao_cobertura_celula":0.1071},"geometry":{"type":"Polygon","coordinates":[[[33.921281,-16.314575],[33.921239,-16.305536],[33.911879,-16.305577],[33.911921,-16.314616],[33.921281,-16.314575]]]}},{"type":"Feature","properties":{"ano":2025,"camada":"cultivo_sequeiro","area_km2":0.0558,"fracao_cobertura_celula":0.0558},"geometry":{"type":"Polygon","coordinates":[[[33.921239,-16.305536],[33.921197,-16.296497],[33.911838,-16.296538],[33.911879,-16.305577],[33.921239,-16.305536]]]}},{"type":"Feature","properties":{"ano":2025,"camada":"cultivo_sequeiro","area_km2":0.081,"fracao_cobertura_celula":0.081},"geometry":{"type":"Polygon","coordinates":[[[33.921197,-16.296497],[33.921155,-16.287458],[33.911796,-16.287499],[33.911838,-16.296538],[33.921197,-16.296497]]]}},{"type":"Feature","properties":{"ano":2025,"camada":"cultivo_sequeiro","area_km2":0.0504,"fracao_cobertura_celula":0.0504},"geometry":{"type":"Polygon","coordinates":[[[33.921155,-16.287458],[33.921112,-16.278419],[33.911754,-16.27846],[33.911796,-16.287499],[33.921155,-16.287458]]]}},{"type":"Feature","properties":{"ano":2025,"camada":"cultivo_sequeiro","area_km2":0.0486,"fracao_cobertura_celula":0.0486},"geometry":{"type":"Polygon","coordinates":[[[33.921112,-16.278419],[33.92107,-16.26938],[33.911712,-16.269421],[33.911754,-16.27846],[33.921112,-16.278419]]]}},{"type":"Feature","properties":{"ano":2025,"camada":"cultivo_sequeiro","area_km2":0.2628,"fracao_cobertura_celula":0.2628},"geometry":{"type":"Polygon","coordinates":[[[33.92107,-16.26938],[33.921028,-16.260341],[33.911671,-16.260382],[33.911712,-16.269421],[33.92107,-16.26938]]]}},{"type":"Feature","properties":{"ano":2025,"camada":"cultivo_sequeiro","area_km2":0.1179,"fracao_cobertura_celula":0.1179},"geometry":{"type":"Polygon","coordinates":[[[33.921028,-16.260341],[33.920986,-16.251302],[33.911629,-16.251343],[33.911671,-16.260382],[33.921028,-16.260341]]]}},{"type":"Feature","properties":{"ano":2025,"camada":"cultivo_sequeiro","area_km2":0.027,"fracao_cobertura_celula":0.027},"geometry":{"type":"Polygon","coordinates":[[[33.920986,-16.251302],[33.920944,-16.242263],[33.911587,-16.242304],[33.911629,-16.251343],[33.920986,-16.251302]]]}},{"type":"Feature","properties":{"ano":2025,"camada":"cultivo_sequeiro","area_km2":0.0639,"fracao_cobertura_celula":0.0639},"geometry":{"type":"Polygon","coordinates":[[[33.920944,-16.242263],[33.920902,-16.233224],[33.911546,-16.233264],[33.911587,-16.242304],[33.920944,-16.242263]]]}},{"type":"Feature","properties":{"ano":2025,"camada":"cultivo_sequeiro","area_km2":0.0558,"fracao_cobertura_celula":0.0558},"geometry":{"type":"Polygon","coordinates":[[[33.920902,-16.233224],[33.92086,-16.224185],[33.911504,-16.224225],[33.911546,-16.233264],[33.920902,-16.233224]]]}},{"type":"Feature","properties":{"ano":2025,"camada":"cultivo_sequeiro","area_km2":0.0198,"fracao_cobertura_celula":0.0198},"geometry":{"type":"Polygon","coordinates":[[[33.92086,-16.224185],[33.920818,-16.215146],[33.911463,-16.215186],[33.911504,-16.224225],[33.92086,-16.224185]]]}},{"type":"Feature","properties":{"ano":2025,"camada":"cultivo_sequeiro","area_km2":0.036,"fracao_cobertura_celula":0.036},"geometry":{"type":"Polygon","coordinates":[[[33.920818,-16.215146],[33.920776,-16.206107],[33.911421,-16.206147],[33.911463,-16.215186],[33.920818,-16.215146]]]}},{"type":"Feature","properties":{"ano":2025,"camada":"cultivo_sequeiro","area_km2":0.4266,"fracao_cobertura_celula":0.4266},"geometry":{"type":"Polygon","coordinates":[[[33.920776,-16.206107],[33.920734,-16.197068],[33.911379,-16.197108],[33.911421,-16.206147],[33.920776,-16.206107]]]}},{"type":"Feature","properties":{"ano":2025,"camada":"cultivo_sequeiro","area_km2":2.0385,"fracao_cobertura_celula":2.0385},"geometry":{"type":"Polygon","coordinates":[[[33.920734,-16.197068],[33.920692,-16.188029],[33.911338,-16.188069],[33.911379,-16.197108],[33.920734,-16.197068]]]}},{"type":"Feature","properties":{"ano":2025,"camada":"cultivo_sequeiro","area_km2":0.1926,"fracao_cobertura_celula":0.1926},"geometry":{"type":"Polygon","coordinates":[[[33.920692,-16.188029],[33.92065,-16.17899],[33.911296,-16.17903],[33.911338,-16.188069],[33.920692,-16.188029]]]}},{"type":"Feature","properties":{"ano":2025,"camada":"cultivo_sequeiro","area_km2":0.4401,"fracao_cobertura_celula":0.4401},"geometry":{"type":"Polygon","coordinates":[[[33.92065,-16.17899],[33.920608,-16.169951],[33.911255,-16.169991],[33.911296,-16.17903],[33.92065,-16.17899]]]}},{"type":"Feature","properties":{"ano":2025,"camada":"cultivo_sequeiro","area_km2":1.3005,"fracao_cobertura_celula":1.3005},"geometry":{"type":"Polygon","coordinates":[[[33.920608,-16.169951],[33.920566,-16.160911],[33.911214,-16.160952],[33.911255,-16.169991],[33.920608,-16.169951]]]}},{"type":"Feature","properties":{"ano":2025,"camada":"cultivo_sequeiro","area_km2":0.0567,"fracao_cobertura_celula":0.0567},"geometry":{"type":"Polygon","coordinates":[[[33.920566,-16.160911],[33.920525,-16.151872],[33.911172,-16.151913],[33.911214,-16.160952],[33.920566,-16.160911]]]}},{"type":"Feature","properties":{"ano":2025,"camada":"cultivo_sequeiro","area_km2":0.1116,"fracao_cobertura_celula":0.1116},"geometry":{"type":"Polygon","coordinates":[[[33.920525,-16.151872],[33.920483,-16.142833],[33.911131,-16.142873],[33.911172,-16.151913],[33.920525,-16.151872]]]}},{"type":"Feature","properties":{"ano":2025,"camada":"cultivo_sequeiro","area_km2":0.117,"fracao_cobertura_celula":0.117},"geometry":{"type":"Polygon","coordinates":[[[33.920483,-16.142833],[33.920441,-16.133794],[33.91109,-16.133834],[33.911131,-16.142873],[33.920483,-16.142833]]]}},{"type":"Feature","properties":{"ano":2025,"camada":"cultivo_sequeiro","area_km2":0.153,"fracao_cobertura_celula":0.153},"geometry":{"type":"Polygon","coordinates":[[[33.920441,-16.133794],[33.920399,-16.124755],[33.911048,-16.124795],[33.91109,-16.133834],[33.920441,-16.133794]]]}},{"type":"Feature","properties":{"ano":2025,"camada":"cultivo_sequeiro","area_km2":0.0405,"fracao_cobertura_celula":0.0405},"geometry":{"type":"Polygon","coordinates":[[[33.920399,-16.124755],[33.920358,-16.115716],[33.911007,-16.115756],[33.911048,-16.124795],[33.920399,-16.124755]]]}},{"type":"Feature","properties":{"ano":2025,"camada":"cultivo_sequeiro","area_km2":0.2286,"fracao_cobertura_celula":0.2286},"geometry":{"type":"Polygon","coordinates":[[[33.920358,-16.115716],[33.920316,-16.106677],[33.910966,-16.106717],[33.911007,-16.115756],[33.920358,-16.115716]]]}},{"type":"Feature","properties":{"ano":2025,"camada":"cultivo_sequeiro","area_km2":0.6192,"fracao_cobertura_celula":0.6192},"geometry":{"type":"Polygon","coordinates":[[[33.920316,-16.106677],[33.920274,-16.097638],[33.910924,-16.097678],[33.910966,-16.106717],[33.920316,-16.106677]]]}},{"type":"Feature","properties":{"ano":2025,"camada":"cultivo_sequeiro","area_km2":0.4842,"fracao_cobertura_celula":0.4842},"geometry":{"type":"Polygon","coordinates":[[[33.920274,-16.097638],[33.920233,-16.088598],[33.910883,-16.088638],[33.910924,-16.097678],[33.920274,-16.097638]]]}},{"type":"Feature","properties":{"ano":2025,"camada":"cultivo_sequeiro","area_km2":0.0423,"fracao_cobertura_celula":0.0423},"geometry":{"type":"Polygon","coordinates":[[[33.920233,-16.088598],[33.920191,-16.079559],[33.910842,-16.079599],[33.910883,-16.088638],[33.920233,-16.088598]]]}},{"type":"Feature","properties":{"ano":2025,"camada":"cultivo_sequeiro","area_km2":0.0468,"fracao_cobertura_celula":0.0468},"geometry":{"type":"Polygon","coordinates":[[[33.920191,-16.079559],[33.920149,-16.07052],[33.910801,-16.07056],[33.910842,-16.079599],[33.920191,-16.079559]]]}},{"type":"Feature","properties":{"ano":2025,"camada":"cultivo_sequeiro","area_km2":0.1152,"fracao_cobertura_celula":0.1152},"geometry":{"type":"Polygon","coordinates":[[[33.920149,-16.07052],[33.920108,-16.061481],[33.91076,-16.061521],[33.910801,-16.07056],[33.920149,-16.07052]]]}},{"type":"Feature","properties":{"ano":2025,"camada":"cultivo_sequeiro","area_km2":0.2538,"fracao_cobertura_celula":0.2538},"geometry":{"type":"Polygon","coordinates":[[[33.920108,-16.061481],[33.920066,-16.052442],[33.910719,-16.052482],[33.91076,-16.061521],[33.920108,-16.061481]]]}},{"type":"Feature","properties":{"ano":2025,"camada":"cultivo_sequeiro","area_km2":0.0747,"fracao_cobertura_celula":0.0747},"geometry":{"type":"Polygon","coordinates":[[[33.920066,-16.052442],[33.920025,-16.043403],[33.910678,-16.043442],[33.910719,-16.052482],[33.920066,-16.052442]]]}},{"type":"Feature","properties":{"ano":2025,"camada":"cultivo_sequeiro","area_km2":0.0342,"fracao_cobertura_celula":0.0342},"geometry":{"type":"Polygon","coordinates":[[[33.920025,-16.043403],[33.919983,-16.034363],[33.910637,-16.034403],[33.910678,-16.043442],[33.920025,-16.043403]]]}},{"type":"Feature","properties":{"ano":2025,"camada":"cultivo_sequeiro","area_km2":0.0513,"fracao_cobertura_celula":0.0513},"geometry":{"type":"Polygon","coordinates":[[[33.919983,-16.034363],[33.919942,-16.025324],[33.910595,-16.025364],[33.910637,-16.034403],[33.919983,-16.034363]]]}},{"type":"Feature","properties":{"ano":2025,"camada":"cultivo_sequeiro","area_km2":0.0045,"fracao_cobertura_celula":0.0045},"geometry":{"type":"Polygon","coordinates":[[[33.919942,-16.025324],[33.919901,-16.016285],[33.910554,-16.016325],[33.910595,-16.025364],[33.919942,-16.025324]]]}},{"type":"Feature","properties":{"ano":2025,"camada":"cultivo_sequeiro","area_km2":0.0027,"fracao_cobertura_celula":0.0027},"geometry":{"type":"Polygon","coordinates":[[[33.919901,-16.016285],[33.919859,-16.007246],[33.910514,-16.007285],[33.910554,-16.016325],[33.919901,-16.016285]]]}},{"type":"Feature","properties":{"ano":2025,"camada":"cultivo_sequeiro","area_km2":0.1125,"fracao_cobertura_celula":0.1125},"geometry":{"type":"Polygon","coordinates":[[[33.919859,-16.007246],[33.919818,-15.998206],[33.910473,-15.998246],[33.910514,-16.007285],[33.919859,-16.007246]]]}},{"type":"Feature","properties":{"ano":2025,"camada":"cultivo_sequeiro","area_km2":0.0891,"fracao_cobertura_celula":0.0891},"geometry":{"type":"Polygon","coordinates":[[[33.930813,-16.35069],[33.93077,-16.341651],[33.921408,-16.341692],[33.921451,-16.350731],[33.930813,-16.35069]]]}},{"type":"Feature","properties":{"ano":2025,"camada":"cultivo_sequeiro","area_km2":0.2259,"fracao_cobertura_celula":0.2259},"geometry":{"type":"Polygon","coordinates":[[[33.93077,-16.341651],[33.930727,-16.332612],[33.921366,-16.332653],[33.921408,-16.341692],[33.93077,-16.341651]]]}},{"type":"Feature","properties":{"ano":2025,"camada":"cultivo_sequeiro","area_km2":0.144,"fracao_cobertura_celula":0.144},"geometry":{"type":"Polygon","coordinates":[[[33.930727,-16.332612],[33.930684,-16.323573],[33.921324,-16.323614],[33.921366,-16.332653],[33.930727,-16.332612]]]}},{"type":"Feature","properties":{"ano":2025,"camada":"cultivo_sequeiro","area_km2":0.1062,"fracao_cobertura_celula":0.1062},"geometry":{"type":"Polygon","coordinates":[[[33.930684,-16.323573],[33.930641,-16.314534],[33.921281,-16.314575],[33.921324,-16.323614],[33.930684,-16.323573]]]}},{"type":"Feature","properties":{"ano":2025,"camada":"cultivo_sequeiro","area_km2":0.0486,"fracao_cobertura_celula":0.0486},"geometry":{"type":"Polygon","coordinates":[[[33.930641,-16.314534],[33.930599,-16.305495],[33.921239,-16.305536],[33.921281,-16.314575],[33.930641,-16.314534]]]}},{"type":"Feature","properties":{"ano":2025,"camada":"cultivo_sequeiro","area_km2":0.0432,"fracao_cobertura_celula":0.0432},"geometry":{"type":"Polygon","coordinates":[[[33.930599,-16.305495],[33.930556,-16.296456],[33.921197,-16.296497],[33.921239,-16.305536],[33.930599,-16.305495]]]}},{"type":"Feature","properties":{"ano":2025,"camada":"cultivo_sequeiro","area_km2":0.045,"fracao_cobertura_celula":0.045},"geometry":{"type":"Polygon","coordinates":[[[33.930556,-16.296456],[33.930513,-16.287417],[33.921155,-16.287458],[33.921197,-16.296497],[33.930556,-16.296456]]]}},{"type":"Feature","properties":{"ano":2025,"camada":"cultivo_sequeiro","area_km2":0.0846,"fracao_cobertura_celula":0.0846},"geometry":{"type":"Polygon","coordinates":[[[33.930513,-16.287417],[33.930471,-16.278378],[33.921112,-16.278419],[33.921155,-16.287458],[33.930513,-16.287417]]]}},{"type":"Feature","properties":{"ano":2025,"camada":"cultivo_sequeiro","area_km2":0.09,"fracao_cobertura_celula":0.09},"geometry":{"type":"Polygon","coordinates":[[[33.930471,-16.278378],[33.930428,-16.269339],[33.92107,-16.26938],[33.921112,-16.278419],[33.930471,-16.278378]]]}},{"type":"Feature","properties":{"ano":2025,"camada":"cultivo_sequeiro","area_km2":0.1188,"fracao_cobertura_celula":0.1188},"geometry":{"type":"Polygon","coordinates":[[[33.930428,-16.269339],[33.930386,-16.2603],[33.921028,-16.260341],[33.92107,-16.26938],[33.930428,-16.269339]]]}},{"type":"Feature","properties":{"ano":2025,"camada":"cultivo_sequeiro","area_km2":0.0927,"fracao_cobertura_celula":0.0927},"geometry":{"type":"Polygon","coordinates":[[[33.930386,-16.2603],[33.930343,-16.251261],[33.920986,-16.251302],[33.921028,-16.260341],[33.930386,-16.2603]]]}},{"type":"Feature","properties":{"ano":2025,"camada":"cultivo_sequeiro","area_km2":0.0351,"fracao_cobertura_celula":0.0351},"geometry":{"type":"Polygon","coordinates":[[[33.930343,-16.251261],[33.930301,-16.242222],[33.920944,-16.242263],[33.920986,-16.251302],[33.930343,-16.251261]]]}},{"type":"Feature","properties":{"ano":2025,"camada":"cultivo_sequeiro","area_km2":0.0801,"fracao_cobertura_celula":0.0801},"geometry":{"type":"Polygon","coordinates":[[[33.930301,-16.242222],[33.930258,-16.233183],[33.920902,-16.233224],[33.920944,-16.242263],[33.930301,-16.242222]]]}},{"type":"Feature","properties":{"ano":2025,"camada":"cultivo_sequeiro","area_km2":0.045,"fracao_cobertura_celula":0.045},"geometry":{"type":"Polygon","coordinates":[[[33.930258,-16.233183],[33.930216,-16.224144],[33.92086,-16.224185],[33.920902,-16.233224],[33.930258,-16.233183]]]}},{"type":"Feature","properties":{"ano":2025,"camada":"cultivo_sequeiro","area_km2":0.1332,"fracao_cobertura_celula":0.1332},"geometry":{"type":"Polygon","coordinates":[[[33.930216,-16.224144],[33.930173,-16.215105],[33.920818,-16.215146],[33.92086,-16.224185],[33.930216,-16.224144]]]}},{"type":"Feature","properties":{"ano":2025,"camada":"cultivo_sequeiro","area_km2":0.099,"fracao_cobertura_celula":0.099},"geometry":{"type":"Polygon","coordinates":[[[33.930173,-16.215105],[33.930131,-16.206066],[33.920776,-16.206107],[33.920818,-16.215146],[33.930173,-16.215105]]]}},{"type":"Feature","properties":{"ano":2025,"camada":"cultivo_sequeiro","area_km2":0.2538,"fracao_cobertura_celula":0.2538},"geometry":{"type":"Polygon","coordinates":[[[33.930131,-16.206066],[33.930089,-16.197027],[33.920734,-16.197068],[33.920776,-16.206107],[33.930131,-16.206066]]]}},{"type":"Feature","properties":{"ano":2025,"camada":"cultivo_sequeiro","area_km2":0.0234,"fracao_cobertura_celula":0.0234},"geometry":{"type":"Polygon","coordinates":[[[33.930089,-16.197027],[33.930046,-16.187988],[33.920692,-16.188029],[33.920734,-16.197068],[33.930089,-16.197027]]]}},{"type":"Feature","properties":{"ano":2025,"camada":"cultivo_sequeiro","area_km2":0.0198,"fracao_cobertura_celula":0.0198},"geometry":{"type":"Polygon","coordinates":[[[33.930046,-16.187988],[33.930004,-16.178949],[33.92065,-16.17899],[33.920692,-16.188029],[33.930046,-16.187988]]]}},{"type":"Feature","properties":{"ano":2025,"camada":"cultivo_sequeiro","area_km2":0.1179,"fracao_cobertura_celula":0.1179},"geometry":{"type":"Polygon","coordinates":[[[33.930004,-16.178949],[33.929962,-16.16991],[33.920608,-16.169951],[33.92065,-16.17899],[33.930004,-16.178949]]]}},{"type":"Feature","properties":{"ano":2025,"camada":"cultivo_sequeiro","area_km2":0.3168,"fracao_cobertura_celula":0.3168},"geometry":{"type":"Polygon","coordinates":[[[33.929962,-16.16991],[33.929919,-16.160871],[33.920566,-16.160911],[33.920608,-16.169951],[33.929962,-16.16991]]]}},{"type":"Feature","properties":{"ano":2025,"camada":"cultivo_sequeiro","area_km2":0.1377,"fracao_cobertura_celula":0.1377},"geometry":{"type":"Polygon","coordinates":[[[33.929919,-16.160871],[33.929877,-16.151832],[33.920525,-16.151872],[33.920566,-16.160911],[33.929919,-16.160871]]]}},{"type":"Feature","properties":{"ano":2025,"camada":"cultivo_sequeiro","area_km2":0.2979,"fracao_cobertura_celula":0.2979},"geometry":{"type":"Polygon","coordinates":[[[33.929877,-16.151832],[33.929835,-16.142793],[33.920483,-16.142833],[33.920525,-16.151872],[33.929877,-16.151832]]]}},{"type":"Feature","properties":{"ano":2025,"camada":"cultivo_sequeiro","area_km2":0.2151,"fracao_cobertura_celula":0.2151},"geometry":{"type":"Polygon","coordinates":[[[33.929835,-16.142793],[33.929793,-16.133754],[33.920441,-16.133794],[33.920483,-16.142833],[33.929835,-16.142793]]]}},{"type":"Feature","properties":{"ano":2025,"camada":"cultivo_sequeiro","area_km2":0.2088,"fracao_cobertura_celula":0.2088},"geometry":{"type":"Polygon","coordinates":[[[33.929793,-16.133754],[33.92975,-16.124714],[33.920399,-16.124755],[33.920441,-16.133794],[33.929793,-16.133754]]]}},{"type":"Feature","properties":{"ano":2025,"camada":"cultivo_sequeiro","area_km2":0.2718,"fracao_cobertura_celula":0.2718},"geometry":{"type":"Polygon","coordinates":[[[33.92975,-16.124714],[33.929708,-16.115675],[33.920358,-16.115716],[33.920399,-16.124755],[33.92975,-16.124714]]]}},{"type":"Feature","properties":{"ano":2025,"camada":"cultivo_sequeiro","area_km2":0.3249,"fracao_cobertura_celula":0.3249},"geometry":{"type":"Polygon","coordinates":[[[33.929708,-16.115675],[33.929666,-16.106636],[33.920316,-16.106677],[33.920358,-16.115716],[33.929708,-16.115675]]]}},{"type":"Feature","properties":{"ano":2025,"camada":"cultivo_sequeiro","area_km2":0.2268,"fracao_cobertura_celula":0.2268},"geometry":{"type":"Polygon","coordinates":[[[33.929666,-16.106636],[33.929624,-16.097597],[33.920274,-16.097638],[33.920316,-16.106677],[33.929666,-16.106636]]]}},{"type":"Feature","properties":{"ano":2025,"camada":"cultivo_sequeiro","area_km2":0.2835,"fracao_cobertura_celula":0.2835},"geometry":{"type":"Polygon","coordinates":[[[33.929624,-16.097597],[33.929582,-16.088558],[33.920233,-16.088598],[33.920274,-16.097638],[33.929624,-16.097597]]]}},{"type":"Feature","properties":{"ano":2025,"camada":"cultivo_sequeiro","area_km2":0.0774,"fracao_cobertura_celula":0.0774},"geometry":{"type":"Polygon","coordinates":[[[33.929582,-16.088558],[33.92954,-16.079519],[33.920191,-16.079559],[33.920233,-16.088598],[33.929582,-16.088558]]]}},{"type":"Feature","properties":{"ano":2025,"camada":"cultivo_sequeiro","area_km2":4.2354,"fracao_cobertura_celula":4.2354},"geometry":{"type":"Polygon","coordinates":[[[33.92954,-16.079519],[33.929498,-16.07048],[33.920149,-16.07052],[33.920191,-16.079559],[33.92954,-16.079519]]]}},{"type":"Feature","properties":{"ano":2025,"camada":"cultivo_sequeiro","area_km2":0.009,"fracao_cobertura_celula":0.009},"geometry":{"type":"Polygon","coordinates":[[[33.929498,-16.07048],[33.929456,-16.061441],[33.920108,-16.061481],[33.920149,-16.07052],[33.929498,-16.07048]]]}},{"type":"Feature","properties":{"ano":2025,"camada":"cultivo_sequeiro","area_km2":0.2016,"fracao_cobertura_celula":0.2016},"geometry":{"type":"Polygon","coordinates":[[[33.929456,-16.061441],[33.929414,-16.052401],[33.920066,-16.052442],[33.920108,-16.061481],[33.929456,-16.061441]]]}},{"type":"Feature","properties":{"ano":2025,"camada":"cultivo_sequeiro","area_km2":0.0234,"fracao_cobertura_celula":0.0234},"geometry":{"type":"Polygon","coordinates":[[[33.929414,-16.052401],[33.929372,-16.043362],[33.920025,-16.043403],[33.920066,-16.052442],[33.929414,-16.052401]]]}},{"type":"Feature","properties":{"ano":2025,"camada":"cultivo_sequeiro","area_km2":0.0477,"fracao_cobertura_celula":0.0477},"geometry":{"type":"Polygon","coordinates":[[[33.929372,-16.043362],[33.92933,-16.034323],[33.919983,-16.034363],[33.920025,-16.043403],[33.929372,-16.043362]]]}},{"type":"Feature","properties":{"ano":2025,"camada":"cultivo_sequeiro","area_km2":0.1584,"fracao_cobertura_celula":0.1584},"geometry":{"type":"Polygon","coordinates":[[[33.92933,-16.034323],[33.929288,-16.025284],[33.919942,-16.025324],[33.919983,-16.034363],[33.92933,-16.034323]]]}},{"type":"Feature","properties":{"ano":2025,"camada":"cultivo_sequeiro","area_km2":0.0117,"fracao_cobertura_celula":0.0117},"geometry":{"type":"Polygon","coordinates":[[[33.929288,-16.025284],[33.929247,-16.016245],[33.919901,-16.016285],[33.919942,-16.025324],[33.929288,-16.025284]]]}},{"type":"Feature","properties":{"ano":2025,"camada":"cultivo_sequeiro","area_km2":0.0207,"fracao_cobertura_celula":0.0207},"geometry":{"type":"Polygon","coordinates":[[[33.929247,-16.016245],[33.929205,-16.007205],[33.919859,-16.007246],[33.919901,-16.016285],[33.929247,-16.016245]]]}},{"type":"Feature","properties":{"ano":2025,"camada":"cultivo_sequeiro","area_km2":0.171,"fracao_cobertura_celula":0.171},"geometry":{"type":"Polygon","coordinates":[[[33.929205,-16.007205],[33.929163,-15.998166],[33.919818,-15.998206],[33.919859,-16.007246],[33.929205,-16.007205]]]}},{"type":"Feature","properties":{"ano":2025,"camada":"cultivo_sequeiro","area_km2":0.0963,"fracao_cobertura_celula":0.0963},"geometry":{"type":"Polygon","coordinates":[[[33.940174,-16.350648],[33.940131,-16.341609],[33.93077,-16.341651],[33.930813,-16.35069],[33.940174,-16.350648]]]}},{"type":"Feature","properties":{"ano":2025,"camada":"cultivo_sequeiro","area_km2":0.1458,"fracao_cobertura_celula":0.1458},"geometry":{"type":"Polygon","coordinates":[[[33.940131,-16.341609],[33.940088,-16.33257],[33.930727,-16.332612],[33.93077,-16.341651],[33.940131,-16.341609]]]}},{"type":"Feature","properties":{"ano":2025,"camada":"cultivo_sequeiro","area_km2":0.108,"fracao_cobertura_celula":0.108},"geometry":{"type":"Polygon","coordinates":[[[33.940088,-16.33257],[33.940045,-16.323532],[33.930684,-16.323573],[33.930727,-16.332612],[33.940088,-16.33257]]]}},{"type":"Feature","properties":{"ano":2025,"camada":"cultivo_sequeiro","area_km2":0.0378,"fracao_cobertura_celula":0.0378},"geometry":{"type":"Polygon","coordinates":[[[33.940045,-16.323532],[33.940002,-16.314493],[33.930641,-16.314534],[33.930684,-16.323573],[33.940045,-16.323532]]]}},{"type":"Feature","properties":{"ano":2025,"camada":"cultivo_sequeiro","area_km2":0.0702,"fracao_cobertura_celula":0.0702},"geometry":{"type":"Polygon","coordinates":[[[33.940002,-16.314493],[33.939958,-16.305454],[33.930599,-16.305495],[33.930641,-16.314534],[33.940002,-16.314493]]]}},{"type":"Feature","properties":{"ano":2025,"camada":"cultivo_sequeiro","area_km2":0.0567,"fracao_cobertura_celula":0.0567},"geometry":{"type":"Polygon","coordinates":[[[33.939958,-16.305454],[33.939915,-16.296415],[33.930556,-16.296456],[33.930599,-16.305495],[33.939958,-16.305454]]]}},{"type":"Feature","properties":{"ano":2025,"camada":"cultivo_sequeiro","area_km2":0.1449,"fracao_cobertura_celula":0.1449},"geometry":{"type":"Polygon","coordinates":[[[33.939915,-16.296415],[33.939872,-16.287376],[33.930513,-16.287417],[33.930556,-16.296456],[33.939915,-16.296415]]]}},{"type":"Feature","properties":{"ano":2025,"camada":"cultivo_sequeiro","area_km2":0.1071,"fracao_cobertura_celula":0.1071},"geometry":{"type":"Polygon","coordinates":[[[33.939872,-16.287376],[33.939829,-16.278337],[33.930471,-16.278378],[33.930513,-16.287417],[33.939872,-16.287376]]]}},{"type":"Feature","properties":{"ano":2025,"camada":"cultivo_sequeiro","area_km2":0.1143,"fracao_cobertura_celula":0.1143},"geometry":{"type":"Polygon","coordinates":[[[33.939829,-16.278337],[33.939786,-16.269298],[33.930428,-16.269339],[33.930471,-16.278378],[33.939829,-16.278337]]]}},{"type":"Feature","properties":{"ano":2025,"camada":"cultivo_sequeiro","area_km2":0.0333,"fracao_cobertura_celula":0.0333},"geometry":{"type":"Polygon","coordinates":[[[33.939786,-16.269298],[33.939743,-16.260259],[33.930386,-16.2603],[33.930428,-16.269339],[33.939786,-16.269298]]]}},{"type":"Feature","properties":{"ano":2025,"camada":"cultivo_sequeiro","area_km2":0.0999,"fracao_cobertura_celula":0.0999},"geometry":{"type":"Polygon","coordinates":[[[33.939743,-16.260259],[33.9397,-16.25122],[33.930343,-16.251261],[33.930386,-16.2603],[33.939743,-16.260259]]]}},{"type":"Feature","properties":{"ano":2025,"camada":"cultivo_sequeiro","area_km2":0.126,"fracao_cobertura_celula":0.126},"geometry":{"type":"Polygon","coordinates":[[[33.9397,-16.25122],[33.939657,-16.242181],[33.930301,-16.242222],[33.930343,-16.251261],[33.9397,-16.25122]]]}},{"type":"Feature","properties":{"ano":2025,"camada":"cultivo_sequeiro","area_km2":0.1017,"fracao_cobertura_celula":0.1017},"geometry":{"type":"Polygon","coordinates":[[[33.939657,-16.242181],[33.939614,-16.233142],[33.930258,-16.233183],[33.930301,-16.242222],[33.939657,-16.242181]]]}},{"type":"Feature","properties":{"ano":2025,"camada":"cultivo_sequeiro","area_km2":0.1692,"fracao_cobertura_celula":0.1692},"geometry":{"type":"Polygon","coordinates":[[[33.939614,-16.233142],[33.939572,-16.224103],[33.930216,-16.224144],[33.930258,-16.233183],[33.939614,-16.233142]]]}},{"type":"Feature","properties":{"ano":2025,"camada":"cultivo_sequeiro","area_km2":0.2322,"fracao_cobertura_celula":0.2322},"geometry":{"type":"Polygon","coordinates":[[[33.939572,-16.224103],[33.939529,-16.215064],[33.930173,-16.215105],[33.930216,-16.224144],[33.939572,-16.224103]]]}},{"type":"Feature","properties":{"ano":2025,"camada":"cultivo_sequeiro","area_km2":0.2871,"fracao_cobertura_celula":0.2871},"geometry":{"type":"Polygon","coordinates":[[[33.939529,-16.215064],[33.939486,-16.206025],[33.930131,-16.206066],[33.930173,-16.215105],[33.939529,-16.215064]]]}},{"type":"Feature","properties":{"ano":2025,"camada":"cultivo_sequeiro","area_km2":0.1395,"fracao_cobertura_celula":0.1395},"geometry":{"type":"Polygon","coordinates":[[[33.939486,-16.206025],[33.939443,-16.196986],[33.930089,-16.197027],[33.930131,-16.206066],[33.939486,-16.206025]]]}},{"type":"Feature","properties":{"ano":2025,"camada":"cultivo_sequeiro","area_km2":0.1611,"fracao_cobertura_celula":0.1611},"geometry":{"type":"Polygon","coordinates":[[[33.939443,-16.196986],[33.9394,-16.187947],[33.930046,-16.187988],[33.930089,-16.197027],[33.939443,-16.196986]]]}},{"type":"Feature","properties":{"ano":2025,"camada":"cultivo_sequeiro","area_km2":0.1017,"fracao_cobertura_celula":0.1017},"geometry":{"type":"Polygon","coordinates":[[[33.9394,-16.187947],[33.939357,-16.178908],[33.930004,-16.178949],[33.930046,-16.187988],[33.9394,-16.187947]]]}},{"type":"Feature","properties":{"ano":2025,"camada":"cultivo_sequeiro","area_km2":0.2817,"fracao_cobertura_celula":0.2817},"geometry":{"type":"Polygon","coordinates":[[[33.939357,-16.178908],[33.939315,-16.169869],[33.929962,-16.16991],[33.930004,-16.178949],[33.939357,-16.178908]]]}},{"type":"Feature","properties":{"ano":2025,"camada":"cultivo_sequeiro","area_km2":0.387,"fracao_cobertura_celula":0.387},"geometry":{"type":"Polygon","coordinates":[[[33.939315,-16.169869],[33.939272,-16.16083],[33.929919,-16.160871],[33.929962,-16.16991],[33.939315,-16.169869]]]}},{"type":"Feature","properties":{"ano":2025,"camada":"cultivo_sequeiro","area_km2":1.1781,"fracao_cobertura_celula":1.1781},"geometry":{"type":"Polygon","coordinates":[[[33.939272,-16.16083],[33.939229,-16.151791],[33.929877,-16.151832],[33.929919,-16.160871],[33.939272,-16.16083]]]}},{"type":"Feature","properties":{"ano":2025,"camada":"cultivo_sequeiro","area_km2":0.6696,"fracao_cobertura_celula":0.6696},"geometry":{"type":"Polygon","coordinates":[[[33.939229,-16.151791],[33.939187,-16.142752],[33.929835,-16.142793],[33.929877,-16.151832],[33.939229,-16.151791]]]}},{"type":"Feature","properties":{"ano":2025,"camada":"cultivo_sequeiro","area_km2":0.3465,"fracao_cobertura_celula":0.3465},"geometry":{"type":"Polygon","coordinates":[[[33.939187,-16.142752],[33.939144,-16.133713],[33.929793,-16.133754],[33.929835,-16.142793],[33.939187,-16.142752]]]}},{"type":"Feature","properties":{"ano":2025,"camada":"cultivo_sequeiro","area_km2":0.6894,"fracao_cobertura_celula":0.6894},"geometry":{"type":"Polygon","coordinates":[[[33.939144,-16.133713],[33.939102,-16.124674],[33.92975,-16.124714],[33.929793,-16.133754],[33.939144,-16.133713]]]}},{"type":"Feature","properties":{"ano":2025,"camada":"cultivo_sequeiro","area_km2":0.0936,"fracao_cobertura_celula":0.0936},"geometry":{"type":"Polygon","coordinates":[[[33.939102,-16.124674],[33.939059,-16.115634],[33.929708,-16.115675],[33.92975,-16.124714],[33.939102,-16.124674]]]}},{"type":"Feature","properties":{"ano":2025,"camada":"cultivo_sequeiro","area_km2":0.0468,"fracao_cobertura_celula":0.0468},"geometry":{"type":"Polygon","coordinates":[[[33.939059,-16.115634],[33.939016,-16.106595],[33.929666,-16.106636],[33.929708,-16.115675],[33.939059,-16.115634]]]}},{"type":"Feature","properties":{"ano":2025,"camada":"cultivo_sequeiro","area_km2":0.1422,"fracao_cobertura_celula":0.1422},"geometry":{"type":"Polygon","coordinates":[[[33.939016,-16.106595],[33.938974,-16.097556],[33.929624,-16.097597],[33.929666,-16.106636],[33.939016,-16.106595]]]}},{"type":"Feature","properties":{"ano":2025,"camada":"cultivo_sequeiro","area_km2":0.1449,"fracao_cobertura_celula":0.1449},"geometry":{"type":"Polygon","coordinates":[[[33.938974,-16.097556],[33.938932,-16.088517],[33.929582,-16.088558],[33.929624,-16.097597],[33.938974,-16.097556]]]}},{"type":"Feature","properties":{"ano":2025,"camada":"cultivo_sequeiro","area_km2":1.0431,"fracao_cobertura_celula":1.0431},"geometry":{"type":"Polygon","coordinates":[[[33.938932,-16.088517],[33.938889,-16.079478],[33.92954,-16.079519],[33.929582,-16.088558],[33.938932,-16.088517]]]}},{"type":"Feature","properties":{"ano":2025,"camada":"cultivo_sequeiro","area_km2":0.0963,"fracao_cobertura_celula":0.0963},"geometry":{"type":"Polygon","coordinates":[[[33.938889,-16.079478],[33.938847,-16.070439],[33.929498,-16.07048],[33.92954,-16.079519],[33.938889,-16.079478]]]}},{"type":"Feature","properties":{"ano":2025,"camada":"cultivo_sequeiro","area_km2":0.0522,"fracao_cobertura_celula":0.0522},"geometry":{"type":"Polygon","coordinates":[[[33.938847,-16.070439],[33.938804,-16.0614],[33.929456,-16.061441],[33.929498,-16.07048],[33.938847,-16.070439]]]}},{"type":"Feature","properties":{"ano":2025,"camada":"cultivo_sequeiro","area_km2":0.0261,"fracao_cobertura_celula":0.0261},"geometry":{"type":"Polygon","coordinates":[[[33.938804,-16.0614],[33.938762,-16.052361],[33.929414,-16.052401],[33.929456,-16.061441],[33.938804,-16.0614]]]}},{"type":"Feature","properties":{"ano":2025,"camada":"cultivo_sequeiro","area_km2":0.0108,"fracao_cobertura_celula":0.0108},"geometry":{"type":"Polygon","coordinates":[[[33.938762,-16.052361],[33.93872,-16.043321],[33.929372,-16.043362],[33.929414,-16.052401],[33.938762,-16.052361]]]}},{"type":"Feature","properties":{"ano":2025,"camada":"cultivo_sequeiro","area_km2":0.0693,"fracao_cobertura_celula":0.0693},"geometry":{"type":"Polygon","coordinates":[[[33.93872,-16.043321],[33.938677,-16.034282],[33.92933,-16.034323],[33.929372,-16.043362],[33.93872,-16.043321]]]}},{"type":"Feature","properties":{"ano":2025,"camada":"cultivo_sequeiro","area_km2":0.0621,"fracao_cobertura_celula":0.0621},"geometry":{"type":"Polygon","coordinates":[[[33.938677,-16.034282],[33.938635,-16.025243],[33.929288,-16.025284],[33.92933,-16.034323],[33.938677,-16.034282]]]}},{"type":"Feature","properties":{"ano":2025,"camada":"cultivo_sequeiro","area_km2":0.0189,"fracao_cobertura_celula":0.0189},"geometry":{"type":"Polygon","coordinates":[[[33.938635,-16.025243],[33.938593,-16.016204],[33.929247,-16.016245],[33.929288,-16.025284],[33.938635,-16.025243]]]}},{"type":"Feature","properties":{"ano":2025,"camada":"cultivo_sequeiro","area_km2":0.0081,"fracao_cobertura_celula":0.0081},"geometry":{"type":"Polygon","coordinates":[[[33.938593,-16.016204],[33.93855,-16.007165],[33.929205,-16.007205],[33.929247,-16.016245],[33.938593,-16.016204]]]}},{"type":"Feature","properties":{"ano":2025,"camada":"cultivo_sequeiro","area_km2":0.0225,"fracao_cobertura_celula":0.0225},"geometry":{"type":"Polygon","coordinates":[[[33.93855,-16.007165],[33.938508,-15.998126],[33.929163,-15.998166],[33.929205,-16.007205],[33.93855,-16.007165]]]}},{"type":"Feature","properties":{"ano":2025,"camada":"cultivo_sequeiro","area_km2":0.1629,"fracao_cobertura_celula":0.1629},"geometry":{"type":"Polygon","coordinates":[[[33.949536,-16.350606],[33.949492,-16.341567],[33.940131,-16.341609],[33.940174,-16.350648],[33.949536,-16.350606]]]}},{"type":"Feature","properties":{"ano":2025,"camada":"cultivo_sequeiro","area_km2":0.5094,"fracao_cobertura_celula":0.5094},"geometry":{"type":"Polygon","coordinates":[[[33.949492,-16.341567],[33.949449,-16.332529],[33.940088,-16.33257],[33.940131,-16.341609],[33.949492,-16.341567]]]}},{"type":"Feature","properties":{"ano":2025,"camada":"cultivo_sequeiro","area_km2":0.1602,"fracao_cobertura_celula":0.1602},"geometry":{"type":"Polygon","coordinates":[[[33.949449,-16.332529],[33.949405,-16.32349],[33.940045,-16.323532],[33.940088,-16.33257],[33.949449,-16.332529]]]}},{"type":"Feature","properties":{"ano":2025,"camada":"cultivo_sequeiro","area_km2":0.1458,"fracao_cobertura_celula":0.1458},"geometry":{"type":"Polygon","coordinates":[[[33.949405,-16.32349],[33.949362,-16.314451],[33.940002,-16.314493],[33.940045,-16.323532],[33.949405,-16.32349]]]}},{"type":"Feature","properties":{"ano":2025,"camada":"cultivo_sequeiro","area_km2":0.0621,"fracao_cobertura_celula":0.0621},"geometry":{"type":"Polygon","coordinates":[[[33.949362,-16.314451],[33.949318,-16.305412],[33.939958,-16.305454],[33.940002,-16.314493],[33.949362,-16.314451]]]}},{"type":"Feature","properties":{"ano":2025,"camada":"cultivo_sequeiro","area_km2":0.1152,"fracao_cobertura_celula":0.1152},"geometry":{"type":"Polygon","coordinates":[[[33.949318,-16.305412],[33.949275,-16.296373],[33.939915,-16.296415],[33.939958,-16.305454],[33.949318,-16.305412]]]}},{"type":"Feature","properties":{"ano":2025,"camada":"cultivo_sequeiro","area_km2":0.693,"fracao_cobertura_celula":0.693},"geometry":{"type":"Polygon","coordinates":[[[33.949275,-16.296373],[33.949231,-16.287334],[33.939872,-16.287376],[33.939915,-16.296415],[33.949275,-16.296373]]]}},{"type":"Feature","properties":{"ano":2025,"camada":"cultivo_sequeiro","area_km2":0.1125,"fracao_cobertura_celula":0.1125},"geometry":{"type":"Polygon","coordinates":[[[33.949231,-16.287334],[33.949188,-16.278295],[33.939829,-16.278337],[33.939872,-16.287376],[33.949231,-16.287334]]]}},{"type":"Feature","properties":{"ano":2025,"camada":"cultivo_sequeiro","area_km2":0.1188,"fracao_cobertura_celula":0.1188},"geometry":{"type":"Polygon","coordinates":[[[33.949188,-16.278295],[33.949144,-16.269256],[33.939786,-16.269298],[33.939829,-16.278337],[33.949188,-16.278295]]]}},{"type":"Feature","properties":{"ano":2025,"camada":"cultivo_sequeiro","area_km2":0.2484,"fracao_cobertura_celula":0.2484},"geometry":{"type":"Polygon","coordinates":[[[33.949144,-16.269256],[33.949101,-16.260217],[33.939743,-16.260259],[33.939786,-16.269298],[33.949144,-16.269256]]]}},{"type":"Feature","properties":{"ano":2025,"camada":"cultivo_sequeiro","area_km2":0.0783,"fracao_cobertura_celula":0.0783},"geometry":{"type":"Polygon","coordinates":[[[33.949101,-16.260217],[33.949057,-16.251178],[33.9397,-16.25122],[33.939743,-16.260259],[33.949101,-16.260217]]]}},{"type":"Feature","properties":{"ano":2025,"camada":"cultivo_sequeiro","area_km2":0.0243,"fracao_cobertura_celula":0.0243},"geometry":{"type":"Polygon","coordinates":[[[33.949057,-16.251178],[33.949014,-16.242139],[33.939657,-16.242181],[33.9397,-16.25122],[33.949057,-16.251178]]]}},{"type":"Feature","properties":{"ano":2025,"camada":"cultivo_sequeiro","area_km2":0.117,"fracao_cobertura_celula":0.117},"geometry":{"type":"Polygon","coordinates":[[[33.949014,-16.242139],[33.948971,-16.2331],[33.939614,-16.233142],[33.939657,-16.242181],[33.949014,-16.242139]]]}},{"type":"Feature","properties":{"ano":2025,"camada":"cultivo_sequeiro","area_km2":0.0918,"fracao_cobertura_celula":0.0918},"geometry":{"type":"Polygon","coordinates":[[[33.948971,-16.2331],[33.948927,-16.224061],[33.939572,-16.224103],[33.939614,-16.233142],[33.948971,-16.2331]]]}},{"type":"Feature","properties":{"ano":2025,"camada":"cultivo_sequeiro","area_km2":0.3231,"fracao_cobertura_celula":0.3231},"geometry":{"type":"Polygon","coordinates":[[[33.948927,-16.224061],[33.948884,-16.215022],[33.939529,-16.215064],[33.939572,-16.224103],[33.948927,-16.224061]]]}},{"type":"Feature","properties":{"ano":2025,"camada":"cultivo_sequeiro","area_km2":0.1854,"fracao_cobertura_celula":0.1854},"geometry":{"type":"Polygon","coordinates":[[[33.948884,-16.215022],[33.948841,-16.205983],[33.939486,-16.206025],[33.939529,-16.215064],[33.948884,-16.215022]]]}},{"type":"Feature","properties":{"ano":2025,"camada":"cultivo_sequeiro","area_km2":1.233,"fracao_cobertura_celula":1.233},"geometry":{"type":"Polygon","coordinates":[[[33.948841,-16.205983],[33.948797,-16.196944],[33.939443,-16.196986],[33.939486,-16.206025],[33.948841,-16.205983]]]}},{"type":"Feature","properties":{"ano":2025,"camada":"cultivo_sequeiro","area_km2":0.1467,"fracao_cobertura_celula":0.1467},"geometry":{"type":"Polygon","coordinates":[[[33.948797,-16.196944],[33.948754,-16.187905],[33.9394,-16.187947],[33.939443,-16.196986],[33.948797,-16.196944]]]}},{"type":"Feature","properties":{"ano":2025,"camada":"cultivo_sequeiro","area_km2":0.5454,"fracao_cobertura_celula":0.5454},"geometry":{"type":"Polygon","coordinates":[[[33.948754,-16.187905],[33.948711,-16.178866],[33.939357,-16.178908],[33.9394,-16.187947],[33.948754,-16.187905]]]}},{"type":"Feature","properties":{"ano":2025,"camada":"cultivo_sequeiro","area_km2":1.2528,"fracao_cobertura_celula":1.2528},"geometry":{"type":"Polygon","coordinates":[[[33.948711,-16.178866],[33.948668,-16.169827],[33.939315,-16.169869],[33.939357,-16.178908],[33.948711,-16.178866]]]}},{"type":"Feature","properties":{"ano":2025,"camada":"cultivo_sequeiro","area_km2":0.0792,"fracao_cobertura_celula":0.0792},"geometry":{"type":"Polygon","coordinates":[[[33.948668,-16.169827],[33.948625,-16.160788],[33.939272,-16.16083],[33.939315,-16.169869],[33.948668,-16.169827]]]}},{"type":"Feature","properties":{"ano":2025,"camada":"cultivo_sequeiro","area_km2":0.252,"fracao_cobertura_celula":0.252},"geometry":{"type":"Polygon","coordinates":[[[33.948625,-16.160788],[33.948582,-16.151749],[33.939229,-16.151791],[33.939272,-16.16083],[33.948625,-16.160788]]]}},{"type":"Feature","properties":{"ano":2025,"camada":"cultivo_sequeiro","area_km2":0.1107,"fracao_cobertura_celula":0.1107},"geometry":{"type":"Polygon","coordinates":[[[33.948582,-16.151749],[33.948539,-16.14271],[33.939187,-16.142752],[33.939229,-16.151791],[33.948582,-16.151749]]]}},{"type":"Feature","properties":{"ano":2025,"camada":"cultivo_sequeiro","area_km2":0.6318,"fracao_cobertura_celula":0.6318},"geometry":{"type":"Polygon","coordinates":[[[33.948539,-16.14271],[33.948496,-16.133671],[33.939144,-16.133713],[33.939187,-16.142752],[33.948539,-16.14271]]]}},{"type":"Feature","properties":{"ano":2025,"camada":"cultivo_sequeiro","area_km2":0.0918,"fracao_cobertura_celula":0.0918},"geometry":{"type":"Polygon","coordinates":[[[33.948496,-16.133671],[33.948453,-16.124632],[33.939102,-16.124674],[33.939144,-16.133713],[33.948496,-16.133671]]]}},{"type":"Feature","properties":{"ano":2025,"camada":"cultivo_sequeiro","area_km2":0.153,"fracao_cobertura_celula":0.153},"geometry":{"type":"Polygon","coordinates":[[[33.948453,-16.124632],[33.94841,-16.115593],[33.939059,-16.115634],[33.939102,-16.124674],[33.948453,-16.124632]]]}},{"type":"Feature","properties":{"ano":2025,"camada":"cultivo_sequeiro","area_km2":0.0756,"fracao_cobertura_celula":0.0756},"geometry":{"type":"Polygon","coordinates":[[[33.94841,-16.115593],[33.948367,-16.106554],[33.939016,-16.106595],[33.939059,-16.115634],[33.94841,-16.115593]]]}},{"type":"Feature","properties":{"ano":2025,"camada":"cultivo_sequeiro","area_km2":0.1638,"fracao_cobertura_celula":0.1638},"geometry":{"type":"Polygon","coordinates":[[[33.948367,-16.106554],[33.948324,-16.097515],[33.938974,-16.097556],[33.939016,-16.106595],[33.948367,-16.106554]]]}},{"type":"Feature","properties":{"ano":2025,"camada":"cultivo_sequeiro","area_km2":0.1503,"fracao_cobertura_celula":0.1503},"geometry":{"type":"Polygon","coordinates":[[[33.948324,-16.097515],[33.948281,-16.088476],[33.938932,-16.088517],[33.938974,-16.097556],[33.948324,-16.097515]]]}},{"type":"Feature","properties":{"ano":2025,"camada":"cultivo_sequeiro","area_km2":0.1206,"fracao_cobertura_celula":0.1206},"geometry":{"type":"Polygon","coordinates":[[[33.948281,-16.088476],[33.948238,-16.079437],[33.938889,-16.079478],[33.938932,-16.088517],[33.948281,-16.088476]]]}},{"type":"Feature","properties":{"ano":2025,"camada":"cultivo_sequeiro","area_km2":0.1026,"fracao_cobertura_celula":0.1026},"geometry":{"type":"Polygon","coordinates":[[[33.948238,-16.079437],[33.948195,-16.070398],[33.938847,-16.070439],[33.938889,-16.079478],[33.948238,-16.079437]]]}},{"type":"Feature","properties":{"ano":2025,"camada":"cultivo_sequeiro","area_km2":0.2124,"fracao_cobertura_celula":0.2124},"geometry":{"type":"Polygon","coordinates":[[[33.948195,-16.070398],[33.948152,-16.061359],[33.938804,-16.0614],[33.938847,-16.070439],[33.948195,-16.070398]]]}},{"type":"Feature","properties":{"ano":2025,"camada":"cultivo_sequeiro","area_km2":0.2043,"fracao_cobertura_celula":0.2043},"geometry":{"type":"Polygon","coordinates":[[[33.948152,-16.061359],[33.94811,-16.052319],[33.938762,-16.052361],[33.938804,-16.0614],[33.948152,-16.061359]]]}},{"type":"Feature","properties":{"ano":2025,"camada":"cultivo_sequeiro","area_km2":0.0738,"fracao_cobertura_celula":0.0738},"geometry":{"type":"Polygon","coordinates":[[[33.94811,-16.052319],[33.948067,-16.04328],[33.93872,-16.043321],[33.938762,-16.052361],[33.94811,-16.052319]]]}},{"type":"Feature","properties":{"ano":2025,"camada":"cultivo_sequeiro","area_km2":0.0765,"fracao_cobertura_celula":0.0765},"geometry":{"type":"Polygon","coordinates":[[[33.948067,-16.04328],[33.948024,-16.034241],[33.938677,-16.034282],[33.93872,-16.043321],[33.948067,-16.04328]]]}},{"type":"Feature","properties":{"ano":2025,"camada":"cultivo_sequeiro","area_km2":0.0225,"fracao_cobertura_celula":0.0225},"geometry":{"type":"Polygon","coordinates":[[[33.948024,-16.034241],[33.947981,-16.025202],[33.938635,-16.025243],[33.938677,-16.034282],[33.948024,-16.034241]]]}},{"type":"Feature","properties":{"ano":2025,"camada":"cultivo_sequeiro","area_km2":0.0396,"fracao_cobertura_celula":0.0396},"geometry":{"type":"Polygon","coordinates":[[[33.947981,-16.025202],[33.947939,-16.016163],[33.938593,-16.016204],[33.938635,-16.025243],[33.947981,-16.025202]]]}},{"type":"Feature","properties":{"ano":2025,"camada":"cultivo_sequeiro","area_km2":0.0324,"fracao_cobertura_celula":0.0324},"geometry":{"type":"Polygon","coordinates":[[[33.947939,-16.016163],[33.947896,-16.007124],[33.93855,-16.007165],[33.938593,-16.016204],[33.947939,-16.016163]]]}},{"type":"Feature","properties":{"ano":2025,"camada":"cultivo_sequeiro","area_km2":0.3105,"fracao_cobertura_celula":0.3105},"geometry":{"type":"Polygon","coordinates":[[[33.947896,-16.007124],[33.947853,-15.998085],[33.938508,-15.998126],[33.93855,-16.007165],[33.947896,-16.007124]]]}},{"type":"Feature","properties":{"ano":2025,"camada":"cultivo_sequeiro","area_km2":0.4995,"fracao_cobertura_celula":0.4995},"geometry":{"type":"Polygon","coordinates":[[[33.958898,-16.350564],[33.958854,-16.341525],[33.949492,-16.341567],[33.949536,-16.350606],[33.958898,-16.350564]]]}},{"type":"Feature","properties":{"ano":2025,"camada":"cultivo_sequeiro","area_km2":0.1251,"fracao_cobertura_celula":0.1251},"geometry":{"type":"Polygon","coordinates":[[[33.958854,-16.341525],[33.95881,-16.332486],[33.949449,-16.332529],[33.949492,-16.341567],[33.958854,-16.341525]]]}},{"type":"Feature","properties":{"ano":2025,"camada":"cultivo_sequeiro","area_km2":0.1458,"fracao_cobertura_celula":0.1458},"geometry":{"type":"Polygon","coordinates":[[[33.95881,-16.332486],[33.958766,-16.323447],[33.949405,-16.32349],[33.949449,-16.332529],[33.95881,-16.332486]]]}},{"type":"Feature","properties":{"ano":2025,"camada":"cultivo_sequeiro","area_km2":0.09,"fracao_cobertura_celula":0.09},"geometry":{"type":"Polygon","coordinates":[[[33.958766,-16.323447],[33.958722,-16.314408],[33.949362,-16.314451],[33.949405,-16.32349],[33.958766,-16.323447]]]}},{"type":"Feature","properties":{"ano":2025,"camada":"cultivo_sequeiro","area_km2":0.3222,"fracao_cobertura_celula":0.3222},"geometry":{"type":"Polygon","coordinates":[[[33.958722,-16.314408],[33.958678,-16.30537],[33.949318,-16.305412],[33.949362,-16.314451],[33.958722,-16.314408]]]}},{"type":"Feature","properties":{"ano":2025,"camada":"cultivo_sequeiro","area_km2":0.2169,"fracao_cobertura_celula":0.2169},"geometry":{"type":"Polygon","coordinates":[[[33.958678,-16.30537],[33.958634,-16.296331],[33.949275,-16.296373],[33.949318,-16.305412],[33.958678,-16.30537]]]}},{"type":"Feature","properties":{"ano":2025,"camada":"cultivo_sequeiro","area_km2":0.2313,"fracao_cobertura_celula":0.2313},"geometry":{"type":"Polygon","coordinates":[[[33.958634,-16.296331],[33.95859,-16.287292],[33.949231,-16.287334],[33.949275,-16.296373],[33.958634,-16.296331]]]}},{"type":"Feature","properties":{"ano":2025,"camada":"cultivo_sequeiro","area_km2":0.6714,"fracao_cobertura_celula":0.6714},"geometry":{"type":"Polygon","coordinates":[[[33.95859,-16.287292],[33.958546,-16.278253],[33.949188,-16.278295],[33.949231,-16.287334],[33.95859,-16.287292]]]}},{"type":"Feature","properties":{"ano":2025,"camada":"cultivo_sequeiro","area_km2":0.1044,"fracao_cobertura_celula":0.1044},"geometry":{"type":"Polygon","coordinates":[[[33.958546,-16.278253],[33.958502,-16.269214],[33.949144,-16.269256],[33.949188,-16.278295],[33.958546,-16.278253]]]}},{"type":"Feature","properties":{"ano":2025,"camada":"cultivo_sequeiro","area_km2":0.3924,"fracao_cobertura_celula":0.3924},"geometry":{"type":"Polygon","coordinates":[[[33.958502,-16.269214],[33.958458,-16.260175],[33.949101,-16.260217],[33.949144,-16.269256],[33.958502,-16.269214]]]}},{"type":"Feature","properties":{"ano":2025,"camada":"cultivo_sequeiro","area_km2":0.063,"fracao_cobertura_celula":0.063},"geometry":{"type":"Polygon","coordinates":[[[33.958458,-16.260175],[33.958414,-16.251136],[33.949057,-16.251178],[33.949101,-16.260217],[33.958458,-16.260175]]]}},{"type":"Feature","properties":{"ano":2025,"camada":"cultivo_sequeiro","area_km2":0.0261,"fracao_cobertura_celula":0.0261},"geometry":{"type":"Polygon","coordinates":[[[33.958414,-16.251136],[33.95837,-16.242097],[33.949014,-16.242139],[33.949057,-16.251178],[33.958414,-16.251136]]]}},{"type":"Feature","properties":{"ano":2025,"camada":"cultivo_sequeiro","area_km2":0.0576,"fracao_cobertura_celula":0.0576},"geometry":{"type":"Polygon","coordinates":[[[33.95837,-16.242097],[33.958327,-16.233058],[33.948971,-16.2331],[33.949014,-16.242139],[33.95837,-16.242097]]]}},{"type":"Feature","properties":{"ano":2025,"camada":"cultivo_sequeiro","area_km2":0.072,"fracao_cobertura_celula":0.072},"geometry":{"type":"Polygon","coordinates":[[[33.958327,-16.233058],[33.958283,-16.224019],[33.948927,-16.224061],[33.948971,-16.2331],[33.958327,-16.233058]]]}},{"type":"Feature","properties":{"ano":2025,"camada":"cultivo_sequeiro","area_km2":0.0747,"fracao_cobertura_celula":0.0747},"geometry":{"type":"Polygon","coordinates":[[[33.958283,-16.224019],[33.958239,-16.21498],[33.948884,-16.215022],[33.948927,-16.224061],[33.958283,-16.224019]]]}},{"type":"Feature","properties":{"ano":2025,"camada":"cultivo_sequeiro","area_km2":0.0126,"fracao_cobertura_celula":0.0126},"geometry":{"type":"Polygon","coordinates":[[[33.958239,-16.21498],[33.958196,-16.205941],[33.948841,-16.205983],[33.948884,-16.215022],[33.958239,-16.21498]]]}},{"type":"Feature","properties":{"ano":2025,"camada":"cultivo_sequeiro","area_km2":0.1584,"fracao_cobertura_celula":0.1584},"geometry":{"type":"Polygon","coordinates":[[[33.958196,-16.205941],[33.958152,-16.196902],[33.948797,-16.196944],[33.948841,-16.205983],[33.958196,-16.205941]]]}},{"type":"Feature","properties":{"ano":2025,"camada":"cultivo_sequeiro","area_km2":0.2052,"fracao_cobertura_celula":0.2052},"geometry":{"type":"Polygon","coordinates":[[[33.958152,-16.196902],[33.958108,-16.187863],[33.948754,-16.187905],[33.948797,-16.196944],[33.958152,-16.196902]]]}},{"type":"Feature","properties":{"ano":2025,"camada":"cultivo_sequeiro","area_km2":0.1062,"fracao_cobertura_celula":0.1062},"geometry":{"type":"Polygon","coordinates":[[[33.958108,-16.187863],[33.958065,-16.178825],[33.948711,-16.178866],[33.948754,-16.187905],[33.958108,-16.187863]]]}},{"type":"Feature","properties":{"ano":2025,"camada":"cultivo_sequeiro","area_km2":0.4851,"fracao_cobertura_celula":0.4851},"geometry":{"type":"Polygon","coordinates":[[[33.958065,-16.178825],[33.958021,-16.169786],[33.948668,-16.169827],[33.948711,-16.178866],[33.958065,-16.178825]]]}},{"type":"Feature","properties":{"ano":2025,"camada":"cultivo_sequeiro","area_km2":0.4635,"fracao_cobertura_celula":0.4635},"geometry":{"type":"Polygon","coordinates":[[[33.958021,-16.169786],[33.957978,-16.160747],[33.948625,-16.160788],[33.948668,-16.169827],[33.958021,-16.169786]]]}},{"type":"Feature","properties":{"ano":2025,"camada":"cultivo_sequeiro","area_km2":0.3438,"fracao_cobertura_celula":0.3438},"geometry":{"type":"Polygon","coordinates":[[[33.957978,-16.160747],[33.957934,-16.151707],[33.948582,-16.151749],[33.948625,-16.160788],[33.957978,-16.160747]]]}},{"type":"Feature","properties":{"ano":2025,"camada":"cultivo_sequeiro","area_km2":0.108,"fracao_cobertura_celula":0.108},"geometry":{"type":"Polygon","coordinates":[[[33.957934,-16.151707],[33.957891,-16.142668],[33.948539,-16.14271],[33.948582,-16.151749],[33.957934,-16.151707]]]}},{"type":"Feature","properties":{"ano":2025,"camada":"cultivo_sequeiro","area_km2":0.1323,"fracao_cobertura_celula":0.1323},"geometry":{"type":"Polygon","coordinates":[[[33.957891,-16.142668],[33.957847,-16.133629],[33.948496,-16.133671],[33.948539,-16.14271],[33.957891,-16.142668]]]}},{"type":"Feature","properties":{"ano":2025,"camada":"cultivo_sequeiro","area_km2":0.0603,"fracao_cobertura_celula":0.0603},"geometry":{"type":"Polygon","coordinates":[[[33.957847,-16.133629],[33.957804,-16.12459],[33.948453,-16.124632],[33.948496,-16.133671],[33.957847,-16.133629]]]}},{"type":"Feature","properties":{"ano":2025,"camada":"cultivo_sequeiro","area_km2":0.1341,"fracao_cobertura_celula":0.1341},"geometry":{"type":"Polygon","coordinates":[[[33.957804,-16.12459],[33.95776,-16.115551],[33.94841,-16.115593],[33.948453,-16.124632],[33.957804,-16.12459]]]}},{"type":"Feature","properties":{"ano":2025,"camada":"cultivo_sequeiro","area_km2":0.1476,"fracao_cobertura_celula":0.1476},"geometry":{"type":"Polygon","coordinates":[[[33.95776,-16.115551],[33.957717,-16.106512],[33.948367,-16.106554],[33.94841,-16.115593],[33.95776,-16.115551]]]}},{"type":"Feature","properties":{"ano":2025,"camada":"cultivo_sequeiro","area_km2":0.2079,"fracao_cobertura_celula":0.2079},"geometry":{"type":"Polygon","coordinates":[[[33.957717,-16.106512],[33.957674,-16.097473],[33.948324,-16.097515],[33.948367,-16.106554],[33.957717,-16.106512]]]}},{"type":"Feature","properties":{"ano":2025,"camada":"cultivo_sequeiro","area_km2":0.1638,"fracao_cobertura_celula":0.1638},"geometry":{"type":"Polygon","coordinates":[[[33.957674,-16.097473],[33.95763,-16.088434],[33.948281,-16.088476],[33.948324,-16.097515],[33.957674,-16.097473]]]}},{"type":"Feature","properties":{"ano":2025,"camada":"cultivo_sequeiro","area_km2":0.4761,"fracao_cobertura_celula":0.4761},"geometry":{"type":"Polygon","coordinates":[[[33.95763,-16.088434],[33.957587,-16.079395],[33.948238,-16.079437],[33.948281,-16.088476],[33.95763,-16.088434]]]}},{"type":"Feature","properties":{"ano":2025,"camada":"cultivo_sequeiro","area_km2":0.099,"fracao_cobertura_celula":0.099},"geometry":{"type":"Polygon","coordinates":[[[33.957587,-16.079395],[33.957544,-16.070356],[33.948195,-16.070398],[33.948238,-16.079437],[33.957587,-16.079395]]]}},{"type":"Feature","properties":{"ano":2025,"camada":"cultivo_sequeiro","area_km2":0.1701,"fracao_cobertura_celula":0.1701},"geometry":{"type":"Polygon","coordinates":[[[33.957544,-16.070356],[33.9575,-16.061317],[33.948152,-16.061359],[33.948195,-16.070398],[33.957544,-16.070356]]]}},{"type":"Feature","properties":{"ano":2025,"camada":"cultivo_sequeiro","area_km2":0.2925,"fracao_cobertura_celula":0.2925},"geometry":{"type":"Polygon","coordinates":[[[33.9575,-16.061317],[33.957457,-16.052278],[33.94811,-16.052319],[33.948152,-16.061359],[33.9575,-16.061317]]]}},{"type":"Feature","properties":{"ano":2025,"camada":"cultivo_sequeiro","area_km2":0.0666,"fracao_cobertura_celula":0.0666},"geometry":{"type":"Polygon","coordinates":[[[33.957457,-16.052278],[33.957414,-16.043239],[33.948067,-16.04328],[33.94811,-16.052319],[33.957457,-16.052278]]]}},{"type":"Feature","properties":{"ano":2025,"camada":"cultivo_sequeiro","area_km2":0.036,"fracao_cobertura_celula":0.036},"geometry":{"type":"Polygon","coordinates":[[[33.957414,-16.043239],[33.957371,-16.0342],[33.948024,-16.034241],[33.948067,-16.04328],[33.957414,-16.043239]]]}},{"type":"Feature","properties":{"ano":2025,"camada":"cultivo_sequeiro","area_km2":0.0261,"fracao_cobertura_celula":0.0261},"geometry":{"type":"Polygon","coordinates":[[[33.957371,-16.0342],[33.957328,-16.025161],[33.947981,-16.025202],[33.948024,-16.034241],[33.957371,-16.0342]]]}},{"type":"Feature","properties":{"ano":2025,"camada":"cultivo_sequeiro","area_km2":0.045,"fracao_cobertura_celula":0.045},"geometry":{"type":"Polygon","coordinates":[[[33.957328,-16.025161],[33.957285,-16.016121],[33.947939,-16.016163],[33.947981,-16.025202],[33.957328,-16.025161]]]}},{"type":"Feature","properties":{"ano":2025,"camada":"cultivo_sequeiro","area_km2":0.0594,"fracao_cobertura_celula":0.0594},"geometry":{"type":"Polygon","coordinates":[[[33.957285,-16.016121],[33.957242,-16.007082],[33.947896,-16.007124],[33.947939,-16.016163],[33.957285,-16.016121]]]}},{"type":"Feature","properties":{"ano":2025,"camada":"cultivo_sequeiro","area_km2":0.1287,"fracao_cobertura_celula":0.1287},"geometry":{"type":"Polygon","coordinates":[[[33.957242,-16.007082],[33.957199,-15.998043],[33.947853,-15.998085],[33.947896,-16.007124],[33.957242,-16.007082]]]}},{"type":"Feature","properties":{"ano":2025,"camada":"cultivo_sequeiro","area_km2":0.504,"fracao_cobertura_celula":0.504},"geometry":{"type":"Polygon","coordinates":[[[33.96826,-16.350521],[33.968215,-16.341482],[33.958854,-16.341525],[33.958898,-16.350564],[33.96826,-16.350521]]]}},{"type":"Feature","properties":{"ano":2025,"camada":"cultivo_sequeiro","area_km2":0.0639,"fracao_cobertura_celula":0.0639},"geometry":{"type":"Polygon","coordinates":[[[33.968215,-16.341482],[33.96817,-16.332443],[33.95881,-16.332486],[33.958854,-16.341525],[33.968215,-16.341482]]]}},{"type":"Feature","properties":{"ano":2025,"camada":"cultivo_sequeiro","area_km2":0.0306,"fracao_cobertura_celula":0.0306},"geometry":{"type":"Polygon","coordinates":[[[33.96817,-16.332443],[33.968126,-16.323405],[33.958766,-16.323447],[33.95881,-16.332486],[33.96817,-16.332443]]]}},{"type":"Feature","properties":{"ano":2025,"camada":"cultivo_sequeiro","area_km2":0.2799,"fracao_cobertura_celula":0.2799},"geometry":{"type":"Polygon","coordinates":[[[33.968126,-16.323405],[33.968082,-16.314366],[33.958722,-16.314408],[33.958766,-16.323447],[33.968126,-16.323405]]]}},{"type":"Feature","properties":{"ano":2025,"camada":"cultivo_sequeiro","area_km2":0.1863,"fracao_cobertura_celula":0.1863},"geometry":{"type":"Polygon","coordinates":[[[33.968082,-16.314366],[33.968037,-16.305327],[33.958678,-16.30537],[33.958722,-16.314408],[33.968082,-16.314366]]]}},{"type":"Feature","properties":{"ano":2025,"camada":"cultivo_sequeiro","area_km2":0.279,"fracao_cobertura_celula":0.279},"geometry":{"type":"Polygon","coordinates":[[[33.968037,-16.305327],[33.967993,-16.296288],[33.958634,-16.296331],[33.958678,-16.30537],[33.968037,-16.305327]]]}},{"type":"Feature","properties":{"ano":2025,"camada":"cultivo_sequeiro","area_km2":0.2268,"fracao_cobertura_celula":0.2268},"geometry":{"type":"Polygon","coordinates":[[[33.967993,-16.296288],[33.967948,-16.287249],[33.95859,-16.287292],[33.958634,-16.296331],[33.967993,-16.296288]]]}},{"type":"Feature","properties":{"ano":2025,"camada":"cultivo_sequeiro","area_km2":0.099,"fracao_cobertura_celula":0.099},"geometry":{"type":"Polygon","coordinates":[[[33.967948,-16.287249],[33.967904,-16.27821],[33.958546,-16.278253],[33.95859,-16.287292],[33.967948,-16.287249]]]}},{"type":"Feature","properties":{"ano":2025,"camada":"cultivo_sequeiro","area_km2":0.3699,"fracao_cobertura_celula":0.3699},"geometry":{"type":"Polygon","coordinates":[[[33.967904,-16.27821],[33.96786,-16.269171],[33.958502,-16.269214],[33.958546,-16.278253],[33.967904,-16.27821]]]}},{"type":"Feature","properties":{"ano":2025,"camada":"cultivo_sequeiro","area_km2":0.1233,"fracao_cobertura_celula":0.1233},"geometry":{"type":"Polygon","coordinates":[[[33.96786,-16.269171],[33.967815,-16.260133],[33.958458,-16.260175],[33.958502,-16.269214],[33.96786,-16.269171]]]}},{"type":"Feature","properties":{"ano":2025,"camada":"cultivo_sequeiro","area_km2":0.0468,"fracao_cobertura_celula":0.0468},"geometry":{"type":"Polygon","coordinates":[[[33.967815,-16.260133],[33.967771,-16.251094],[33.958414,-16.251136],[33.958458,-16.260175],[33.967815,-16.260133]]]}},{"type":"Feature","properties":{"ano":2025,"camada":"cultivo_sequeiro","area_km2":0.0027,"fracao_cobertura_celula":0.0027},"geometry":{"type":"Polygon","coordinates":[[[33.967771,-16.251094],[33.967727,-16.242055],[33.95837,-16.242097],[33.958414,-16.251136],[33.967771,-16.251094]]]}},{"type":"Feature","properties":{"ano":2025,"camada":"cultivo_sequeiro","area_km2":0.0072,"fracao_cobertura_celula":0.0072},"geometry":{"type":"Polygon","coordinates":[[[33.967683,-16.233016],[33.967639,-16.223977],[33.958283,-16.224019],[33.958327,-16.233058],[33.967683,-16.233016]]]}},{"type":"Feature","properties":{"ano":2025,"camada":"cultivo_sequeiro","area_km2":4.9995,"fracao_cobertura_celula":4.9995},"geometry":{"type":"Polygon","coordinates":[[[33.967639,-16.223977],[33.967595,-16.214938],[33.958239,-16.21498],[33.958283,-16.224019],[33.967639,-16.223977]]]}},{"type":"Feature","properties":{"ano":2025,"camada":"cultivo_sequeiro","area_km2":0.0189,"fracao_cobertura_celula":0.0189},"geometry":{"type":"Polygon","coordinates":[[[33.967595,-16.214938],[33.96755,-16.205899],[33.958196,-16.205941],[33.958239,-16.21498],[33.967595,-16.214938]]]}},{"type":"Feature","properties":{"ano":2025,"camada":"cultivo_sequeiro","area_km2":0.099,"fracao_cobertura_celula":0.099},"geometry":{"type":"Polygon","coordinates":[[[33.96755,-16.205899],[33.967506,-16.19686],[33.958152,-16.196902],[33.958196,-16.205941],[33.96755,-16.205899]]]}},{"type":"Feature","properties":{"ano":2025,"camada":"cultivo_sequeiro","area_km2":0.1593,"fracao_cobertura_celula":0.1593},"geometry":{"type":"Polygon","coordinates":[[[33.967506,-16.19686],[33.967462,-16.187821],[33.958108,-16.187863],[33.958152,-16.196902],[33.967506,-16.19686]]]}},{"type":"Feature","properties":{"ano":2025,"camada":"cultivo_sequeiro","area_km2":0.6795,"fracao_cobertura_celula":0.6795},"geometry":{"type":"Polygon","coordinates":[[[33.967462,-16.187821],[33.967418,-16.178782],[33.958065,-16.178825],[33.958108,-16.187863],[33.967462,-16.187821]]]}},{"type":"Feature","properties":{"ano":2025,"camada":"cultivo_sequeiro","area_km2":0.0855,"fracao_cobertura_celula":0.0855},"geometry":{"type":"Polygon","coordinates":[[[33.967418,-16.178782],[33.967374,-16.169743],[33.958021,-16.169786],[33.958065,-16.178825],[33.967418,-16.178782]]]}},{"type":"Feature","properties":{"ano":2025,"camada":"cultivo_sequeiro","area_km2":0.432,"fracao_cobertura_celula":0.432},"geometry":{"type":"Polygon","coordinates":[[[33.967374,-16.169743],[33.96733,-16.160704],[33.957978,-16.160747],[33.958021,-16.169786],[33.967374,-16.169743]]]}},{"type":"Feature","properties":{"ano":2025,"camada":"cultivo_sequeiro","area_km2":0.3708,"fracao_cobertura_celula":0.3708},"geometry":{"type":"Polygon","coordinates":[[[33.96733,-16.160704],[33.967286,-16.151665],[33.957934,-16.151707],[33.957978,-16.160747],[33.96733,-16.160704]]]}},{"type":"Feature","properties":{"ano":2025,"camada":"cultivo_sequeiro","area_km2":0.0603,"fracao_cobertura_celula":0.0603},"geometry":{"type":"Polygon","coordinates":[[[33.967286,-16.151665],[33.967242,-16.142626],[33.957891,-16.142668],[33.957934,-16.151707],[33.967286,-16.151665]]]}},{"type":"Feature","properties":{"ano":2025,"camada":"cultivo_sequeiro","area_km2":0.0639,"fracao_cobertura_celula":0.0639},"geometry":{"type":"Polygon","coordinates":[[[33.967242,-16.142626],[33.967199,-16.133587],[33.957847,-16.133629],[33.957891,-16.142668],[33.967242,-16.142626]]]}},{"type":"Feature","properties":{"ano":2025,"camada":"cultivo_sequeiro","area_km2":0.0603,"fracao_cobertura_celula":0.0603},"geometry":{"type":"Polygon","coordinates":[[[33.967199,-16.133587],[33.967155,-16.124548],[33.957804,-16.12459],[33.957847,-16.133629],[33.967199,-16.133587]]]}},{"type":"Feature","properties":{"ano":2025,"camada":"cultivo_sequeiro","area_km2":0.0351,"fracao_cobertura_celula":0.0351},"geometry":{"type":"Polygon","coordinates":[[[33.967155,-16.124548],[33.967111,-16.115509],[33.95776,-16.115551],[33.957804,-16.12459],[33.967155,-16.124548]]]}},{"type":"Feature","properties":{"ano":2025,"camada":"cultivo_sequeiro","area_km2":0.1188,"fracao_cobertura_celula":0.1188},"geometry":{"type":"Polygon","coordinates":[[[33.967111,-16.115509],[33.967067,-16.10647],[33.957717,-16.106512],[33.95776,-16.115551],[33.967111,-16.115509]]]}},{"type":"Feature","properties":{"ano":2025,"camada":"cultivo_sequeiro","area_km2":0.0954,"fracao_cobertura_celula":0.0954},"geometry":{"type":"Polygon","coordinates":[[[33.967067,-16.10647],[33.967023,-16.097431],[33.957674,-16.097473],[33.957717,-16.106512],[33.967067,-16.10647]]]}},{"type":"Feature","properties":{"ano":2025,"camada":"cultivo_sequeiro","area_km2":0.1026,"fracao_cobertura_celula":0.1026},"geometry":{"type":"Polygon","coordinates":[[[33.967023,-16.097431],[33.96698,-16.088392],[33.95763,-16.088434],[33.957674,-16.097473],[33.967023,-16.097431]]]}},{"type":"Feature","properties":{"ano":2025,"camada":"cultivo_sequeiro","area_km2":0.0765,"fracao_cobertura_celula":0.0765},"geometry":{"type":"Polygon","coordinates":[[[33.96698,-16.088392],[33.966936,-16.079353],[33.957587,-16.079395],[33.95763,-16.088434],[33.96698,-16.088392]]]}},{"type":"Feature","properties":{"ano":2025,"camada":"cultivo_sequeiro","area_km2":0.3618,"fracao_cobertura_celula":0.3618},"geometry":{"type":"Polygon","coordinates":[[[33.966936,-16.079353],[33.966892,-16.070314],[33.957544,-16.070356],[33.957587,-16.079395],[33.966936,-16.079353]]]}},{"type":"Feature","properties":{"ano":2025,"camada":"cultivo_sequeiro","area_km2":0.1197,"fracao_cobertura_celula":0.1197},"geometry":{"type":"Polygon","coordinates":[[[33.966892,-16.070314],[33.966849,-16.061275],[33.9575,-16.061317],[33.957544,-16.070356],[33.966892,-16.070314]]]}},{"type":"Feature","properties":{"ano":2025,"camada":"cultivo_sequeiro","area_km2":0.0675,"fracao_cobertura_celula":0.0675},"geometry":{"type":"Polygon","coordinates":[[[33.966849,-16.061275],[33.966805,-16.052236],[33.957457,-16.052278],[33.9575,-16.061317],[33.966849,-16.061275]]]}},{"type":"Feature","properties":{"ano":2025,"camada":"cultivo_sequeiro","area_km2":0.0351,"fracao_cobertura_celula":0.0351},"geometry":{"type":"Polygon","coordinates":[[[33.966805,-16.052236],[33.966761,-16.043197],[33.957414,-16.043239],[33.957457,-16.052278],[33.966805,-16.052236]]]}},{"type":"Feature","properties":{"ano":2025,"camada":"cultivo_sequeiro","area_km2":0.0387,"fracao_cobertura_celula":0.0387},"geometry":{"type":"Polygon","coordinates":[[[33.966761,-16.043197],[33.966718,-16.034158],[33.957371,-16.0342],[33.957414,-16.043239],[33.966761,-16.043197]]]}},{"type":"Feature","properties":{"ano":2025,"camada":"cultivo_sequeiro","area_km2":0.018,"fracao_cobertura_celula":0.018},"geometry":{"type":"Polygon","coordinates":[[[33.966718,-16.034158],[33.966674,-16.025119],[33.957328,-16.025161],[33.957371,-16.0342],[33.966718,-16.034158]]]}},{"type":"Feature","properties":{"ano":2025,"camada":"cultivo_sequeiro","area_km2":0.0117,"fracao_cobertura_celula":0.0117},"geometry":{"type":"Polygon","coordinates":[[[33.966674,-16.025119],[33.966631,-16.01608],[33.957285,-16.016121],[33.957328,-16.025161],[33.966674,-16.025119]]]}},{"type":"Feature","properties":{"ano":2025,"camada":"cultivo_sequeiro","area_km2":0.0594,"fracao_cobertura_celula":0.0594},"geometry":{"type":"Polygon","coordinates":[[[33.966631,-16.01608],[33.966587,-16.00704],[33.957242,-16.007082],[33.957285,-16.016121],[33.966631,-16.01608]]]}},{"type":"Feature","properties":{"ano":2025,"camada":"cultivo_sequeiro","area_km2":0.0963,"fracao_cobertura_celula":0.0963},"geometry":{"type":"Polygon","coordinates":[[[33.966587,-16.00704],[33.966544,-15.998001],[33.957199,-15.998043],[33.957242,-16.007082],[33.966587,-16.00704]]]}},{"type":"Feature","properties":{"ano":2025,"camada":"cultivo_sequeiro","area_km2":0.2862,"fracao_cobertura_celula":0.2862},"geometry":{"type":"Polygon","coordinates":[[[33.977621,-16.350478],[33.977576,-16.341439],[33.968215,-16.341482],[33.96826,-16.350521],[33.977621,-16.350478]]]}},{"type":"Feature","properties":{"ano":2025,"camada":"cultivo_sequeiro","area_km2":2.6028,"fracao_cobertura_celula":2.6028},"geometry":{"type":"Polygon","coordinates":[[[33.977576,-16.341439],[33.977531,-16.3324],[33.96817,-16.332443],[33.968215,-16.341482],[33.977576,-16.341439]]]}},{"type":"Feature","properties":{"ano":2025,"camada":"cultivo_sequeiro","area_km2":0.0846,"fracao_cobertura_celula":0.0846},"geometry":{"type":"Polygon","coordinates":[[[33.977531,-16.3324],[33.977486,-16.323361],[33.968126,-16.323405],[33.96817,-16.332443],[33.977531,-16.3324]]]}},{"type":"Feature","properties":{"ano":2025,"camada":"cultivo_sequeiro","area_km2":0.7452,"fracao_cobertura_celula":0.7452},"geometry":{"type":"Polygon","coordinates":[[[33.977486,-16.323361],[33.977442,-16.314323],[33.968082,-16.314366],[33.968126,-16.323405],[33.977486,-16.323361]]]}},{"type":"Feature","properties":{"ano":2025,"camada":"cultivo_sequeiro","area_km2":0.5121,"fracao_cobertura_celula":0.5121},"geometry":{"type":"Polygon","coordinates":[[[33.977442,-16.314323],[33.977397,-16.305284],[33.968037,-16.305327],[33.968082,-16.314366],[33.977442,-16.314323]]]}},{"type":"Feature","properties":{"ano":2025,"camada":"cultivo_sequeiro","area_km2":0.1323,"fracao_cobertura_celula":0.1323},"geometry":{"type":"Polygon","coordinates":[[[33.977397,-16.305284],[33.977352,-16.296245],[33.967993,-16.296288],[33.968037,-16.305327],[33.977397,-16.305284]]]}},{"type":"Feature","properties":{"ano":2025,"camada":"cultivo_sequeiro","area_km2":0.2412,"fracao_cobertura_celula":0.2412},"geometry":{"type":"Polygon","coordinates":[[[33.977352,-16.296245],[33.977307,-16.287206],[33.967948,-16.287249],[33.967993,-16.296288],[33.977352,-16.296245]]]}},{"type":"Feature","properties":{"ano":2025,"camada":"cultivo_sequeiro","area_km2":0.2898,"fracao_cobertura_celula":0.2898},"geometry":{"type":"Polygon","coordinates":[[[33.977307,-16.287206],[33.977262,-16.278167],[33.967904,-16.27821],[33.967948,-16.287249],[33.977307,-16.287206]]]}},{"type":"Feature","properties":{"ano":2025,"camada":"cultivo_sequeiro","area_km2":0.1863,"fracao_cobertura_celula":0.1863},"geometry":{"type":"Polygon","coordinates":[[[33.977262,-16.278167],[33.977218,-16.269128],[33.96786,-16.269171],[33.967904,-16.27821],[33.977262,-16.278167]]]}},{"type":"Feature","properties":{"ano":2025,"camada":"cultivo_sequeiro","area_km2":0.1188,"fracao_cobertura_celula":0.1188},"geometry":{"type":"Polygon","coordinates":[[[33.977218,-16.269128],[33.977173,-16.26009],[33.967815,-16.260133],[33.96786,-16.269171],[33.977218,-16.269128]]]}},{"type":"Feature","properties":{"ano":2025,"camada":"cultivo_sequeiro","area_km2":0.1062,"fracao_cobertura_celula":0.1062},"geometry":{"type":"Polygon","coordinates":[[[33.977173,-16.26009],[33.977128,-16.251051],[33.967771,-16.251094],[33.967815,-16.260133],[33.977173,-16.26009]]]}},{"type":"Feature","properties":{"ano":2025,"camada":"cultivo_sequeiro","area_km2":9.3798,"fracao_cobertura_celula":9.3798},"geometry":{"type":"Polygon","coordinates":[[[33.977084,-16.242012],[33.977039,-16.232973],[33.967683,-16.233016],[33.967727,-16.242055],[33.977084,-16.242012]]]}},{"type":"Feature","properties":{"ano":2025,"camada":"cultivo_sequeiro","area_km2":0.0225,"fracao_cobertura_celula":0.0225},"geometry":{"type":"Polygon","coordinates":[[[33.977039,-16.232973],[33.976994,-16.223934],[33.967639,-16.223977],[33.967683,-16.233016],[33.977039,-16.232973]]]}},{"type":"Feature","properties":{"ano":2025,"camada":"cultivo_sequeiro","area_km2":0.1638,"fracao_cobertura_celula":0.1638},"geometry":{"type":"Polygon","coordinates":[[[33.976994,-16.223934],[33.97695,-16.214895],[33.967595,-16.214938],[33.967639,-16.223977],[33.976994,-16.223934]]]}},{"type":"Feature","properties":{"ano":2025,"camada":"cultivo_sequeiro","area_km2":0.1611,"fracao_cobertura_celula":0.1611},"geometry":{"type":"Polygon","coordinates":[[[33.97695,-16.214895],[33.976905,-16.205856],[33.96755,-16.205899],[33.967595,-16.214938],[33.97695,-16.214895]]]}},{"type":"Feature","properties":{"ano":2025,"camada":"cultivo_sequeiro","area_km2":0.0729,"fracao_cobertura_celula":0.0729},"geometry":{"type":"Polygon","coordinates":[[[33.976905,-16.205856],[33.976861,-16.196817],[33.967506,-16.19686],[33.96755,-16.205899],[33.976905,-16.205856]]]}},{"type":"Feature","properties":{"ano":2025,"camada":"cultivo_sequeiro","area_km2":2.3787,"fracao_cobertura_celula":2.3787},"geometry":{"type":"Polygon","coordinates":[[[33.976861,-16.196817],[33.976816,-16.187778],[33.967462,-16.187821],[33.967506,-16.19686],[33.976861,-16.196817]]]}},{"type":"Feature","properties":{"ano":2025,"camada":"cultivo_sequeiro","area_km2":0.0009,"fracao_cobertura_celula":0.0009},"geometry":{"type":"Polygon","coordinates":[[[33.976816,-16.187778],[33.976772,-16.178739],[33.967418,-16.178782],[33.967462,-16.187821],[33.976816,-16.187778]]]}},{"type":"Feature","properties":{"ano":2025,"camada":"cultivo_sequeiro","area_km2":0.5319,"fracao_cobertura_celula":0.5319},"geometry":{"type":"Polygon","coordinates":[[[33.976772,-16.178739],[33.976727,-16.169701],[33.967374,-16.169743],[33.967418,-16.178782],[33.976772,-16.178739]]]}},{"type":"Feature","properties":{"ano":2025,"camada":"cultivo_sequeiro","area_km2":0.126,"fracao_cobertura_celula":0.126},"geometry":{"type":"Polygon","coordinates":[[[33.976727,-16.169701],[33.976683,-16.160662],[33.96733,-16.160704],[33.967374,-16.169743],[33.976727,-16.169701]]]}},{"type":"Feature","properties":{"ano":2025,"camada":"cultivo_sequeiro","area_km2":0.0414,"fracao_cobertura_celula":0.0414},"geometry":{"type":"Polygon","coordinates":[[[33.976683,-16.160662],[33.976639,-16.151623],[33.967286,-16.151665],[33.96733,-16.160704],[33.976683,-16.160662]]]}},{"type":"Feature","properties":{"ano":2025,"camada":"cultivo_sequeiro","area_km2":0.0216,"fracao_cobertura_celula":0.0216},"geometry":{"type":"Polygon","coordinates":[[[33.976639,-16.151623],[33.976594,-16.142584],[33.967242,-16.142626],[33.967286,-16.151665],[33.976639,-16.151623]]]}},{"type":"Feature","properties":{"ano":2025,"camada":"cultivo_sequeiro","area_km2":0.072,"fracao_cobertura_celula":0.072},"geometry":{"type":"Polygon","coordinates":[[[33.976594,-16.142584],[33.97655,-16.133545],[33.967199,-16.133587],[33.967242,-16.142626],[33.976594,-16.142584]]]}},{"type":"Feature","properties":{"ano":2025,"camada":"cultivo_sequeiro","area_km2":0.0567,"fracao_cobertura_celula":0.0567},"geometry":{"type":"Polygon","coordinates":[[[33.97655,-16.133545],[33.976506,-16.124506],[33.967155,-16.124548],[33.967199,-16.133587],[33.97655,-16.133545]]]}},{"type":"Feature","properties":{"ano":2025,"camada":"cultivo_sequeiro","area_km2":0.0081,"fracao_cobertura_celula":0.0081},"geometry":{"type":"Polygon","coordinates":[[[33.976506,-16.124506],[33.976461,-16.115467],[33.967111,-16.115509],[33.967155,-16.124548],[33.976506,-16.124506]]]}},{"type":"Feature","properties":{"ano":2025,"camada":"cultivo_sequeiro","area_km2":0.1845,"fracao_cobertura_celula":0.1845},"geometry":{"type":"Polygon","coordinates":[[[33.976461,-16.115467],[33.976417,-16.106428],[33.967067,-16.10647],[33.967111,-16.115509],[33.976461,-16.115467]]]}},{"type":"Feature","properties":{"ano":2025,"camada":"cultivo_sequeiro","area_km2":0.0774,"fracao_cobertura_celula":0.0774},"geometry":{"type":"Polygon","coordinates":[[[33.976417,-16.106428],[33.976373,-16.097389],[33.967023,-16.097431],[33.967067,-16.10647],[33.976417,-16.106428]]]}},{"type":"Feature","properties":{"ano":2025,"camada":"cultivo_sequeiro","area_km2":0.1026,"fracao_cobertura_celula":0.1026},"geometry":{"type":"Polygon","coordinates":[[[33.976373,-16.097389],[33.976329,-16.08835],[33.96698,-16.088392],[33.967023,-16.097431],[33.976373,-16.097389]]]}},{"type":"Feature","properties":{"ano":2025,"camada":"cultivo_sequeiro","area_km2":0.1098,"fracao_cobertura_celula":0.1098},"geometry":{"type":"Polygon","coordinates":[[[33.976329,-16.08835],[33.976285,-16.079311],[33.966936,-16.079353],[33.96698,-16.088392],[33.976329,-16.08835]]]}},{"type":"Feature","properties":{"ano":2025,"camada":"cultivo_sequeiro","area_km2":0.2295,"fracao_cobertura_celula":0.2295},"geometry":{"type":"Polygon","coordinates":[[[33.976285,-16.079311],[33.976241,-16.070272],[33.966892,-16.070314],[33.966936,-16.079353],[33.976285,-16.079311]]]}},{"type":"Feature","properties":{"ano":2025,"camada":"cultivo_sequeiro","area_km2":0.0675,"fracao_cobertura_celula":0.0675},"geometry":{"type":"Polygon","coordinates":[[[33.976241,-16.070272],[33.976197,-16.061233],[33.966849,-16.061275],[33.966892,-16.070314],[33.976241,-16.070272]]]}},{"type":"Feature","properties":{"ano":2025,"camada":"cultivo_sequeiro","area_km2":0.1638,"fracao_cobertura_celula":0.1638},"geometry":{"type":"Polygon","coordinates":[[[33.976197,-16.061233],[33.976152,-16.052194],[33.966805,-16.052236],[33.966849,-16.061275],[33.976197,-16.061233]]]}},{"type":"Feature","properties":{"ano":2025,"camada":"cultivo_sequeiro","area_km2":0.4437,"fracao_cobertura_celula":0.4437},"geometry":{"type":"Polygon","coordinates":[[[33.976152,-16.052194],[33.976108,-16.043154],[33.966761,-16.043197],[33.966805,-16.052236],[33.976152,-16.052194]]]}},{"type":"Feature","properties":{"ano":2025,"camada":"cultivo_sequeiro","area_km2":0.0135,"fracao_cobertura_celula":0.0135},"geometry":{"type":"Polygon","coordinates":[[[33.976108,-16.043154],[33.976064,-16.034115],[33.966718,-16.034158],[33.966761,-16.043197],[33.976108,-16.043154]]]}},{"type":"Feature","properties":{"ano":2025,"camada":"cultivo_sequeiro","area_km2":0.0009,"fracao_cobertura_celula":0.0009},"geometry":{"type":"Polygon","coordinates":[[[33.976064,-16.034115],[33.97602,-16.025076],[33.966674,-16.025119],[33.966718,-16.034158],[33.976064,-16.034115]]]}},{"type":"Feature","properties":{"ano":2025,"camada":"cultivo_sequeiro","area_km2":0.0108,"fracao_cobertura_celula":0.0108},"geometry":{"type":"Polygon","coordinates":[[[33.97602,-16.025076],[33.975977,-16.016037],[33.966631,-16.01608],[33.966674,-16.025119],[33.97602,-16.025076]]]}},{"type":"Feature","properties":{"ano":2025,"camada":"cultivo_sequeiro","area_km2":0.0468,"fracao_cobertura_celula":0.0468},"geometry":{"type":"Polygon","coordinates":[[[33.975977,-16.016037],[33.975933,-16.006998],[33.966587,-16.00704],[33.966631,-16.01608],[33.975977,-16.016037]]]}},{"type":"Feature","properties":{"ano":2025,"camada":"cultivo_sequeiro","area_km2":0.0333,"fracao_cobertura_celula":0.0333},"geometry":{"type":"Polygon","coordinates":[[[33.975933,-16.006998],[33.975889,-15.997959],[33.966544,-15.998001],[33.966587,-16.00704],[33.975933,-16.006998]]]}},{"type":"Feature","properties":{"ano":2025,"camada":"cultivo_sequeiro","area_km2":0.2547,"fracao_cobertura_celula":0.2547},"geometry":{"type":"Polygon","coordinates":[[[33.986983,-16.350434],[33.986937,-16.341395],[33.977576,-16.341439],[33.977621,-16.350478],[33.986983,-16.350434]]]}},{"type":"Feature","properties":{"ano":2025,"camada":"cultivo_sequeiro","area_km2":0.063,"fracao_cobertura_celula":0.063},"geometry":{"type":"Polygon","coordinates":[[[33.986937,-16.341395],[33.986892,-16.332357],[33.977531,-16.3324],[33.977576,-16.341439],[33.986937,-16.341395]]]}},{"type":"Feature","properties":{"ano":2025,"camada":"cultivo_sequeiro","area_km2":0.0432,"fracao_cobertura_celula":0.0432},"geometry":{"type":"Polygon","coordinates":[[[33.986892,-16.332357],[33.986847,-16.323318],[33.977486,-16.323361],[33.977531,-16.3324],[33.986892,-16.332357]]]}},{"type":"Feature","properties":{"ano":2025,"camada":"cultivo_sequeiro","area_km2":0.4131,"fracao_cobertura_celula":0.4131},"geometry":{"type":"Polygon","coordinates":[[[33.986847,-16.323318],[33.986801,-16.314279],[33.977442,-16.314323],[33.977486,-16.323361],[33.986847,-16.323318]]]}},{"type":"Feature","properties":{"ano":2025,"camada":"cultivo_sequeiro","area_km2":0.0774,"fracao_cobertura_celula":0.0774},"geometry":{"type":"Polygon","coordinates":[[[33.986801,-16.314279],[33.986756,-16.30524],[33.977397,-16.305284],[33.977442,-16.314323],[33.986801,-16.314279]]]}},{"type":"Feature","properties":{"ano":2025,"camada":"cultivo_sequeiro","area_km2":0.0972,"fracao_cobertura_celula":0.0972},"geometry":{"type":"Polygon","coordinates":[[[33.986756,-16.30524],[33.986711,-16.296202],[33.977352,-16.296245],[33.977397,-16.305284],[33.986756,-16.30524]]]}},{"type":"Feature","properties":{"ano":2025,"camada":"cultivo_sequeiro","area_km2":0.0846,"fracao_cobertura_celula":0.0846},"geometry":{"type":"Polygon","coordinates":[[[33.986711,-16.296202],[33.986666,-16.287163],[33.977307,-16.287206],[33.977352,-16.296245],[33.986711,-16.296202]]]}},{"type":"Feature","properties":{"ano":2025,"camada":"cultivo_sequeiro","area_km2":0.0999,"fracao_cobertura_celula":0.0999},"geometry":{"type":"Polygon","coordinates":[[[33.986666,-16.287163],[33.986621,-16.278124],[33.977262,-16.278167],[33.977307,-16.287206],[33.986666,-16.287163]]]}},{"type":"Feature","properties":{"ano":2025,"camada":"cultivo_sequeiro","area_km2":0.0198,"fracao_cobertura_celula":0.0198},"geometry":{"type":"Polygon","coordinates":[[[33.986621,-16.278124],[33.986575,-16.269085],[33.977218,-16.269128],[33.977262,-16.278167],[33.986621,-16.278124]]]}},{"type":"Feature","properties":{"ano":2025,"camada":"cultivo_sequeiro","area_km2":0.1818,"fracao_cobertura_celula":0.1818},"geometry":{"type":"Polygon","coordinates":[[[33.986575,-16.269085],[33.98653,-16.260046],[33.977173,-16.26009],[33.977218,-16.269128],[33.986575,-16.269085]]]}},{"type":"Feature","properties":{"ano":2025,"camada":"cultivo_sequeiro","area_km2":0.1008,"fracao_cobertura_celula":0.1008},"geometry":{"type":"Polygon","coordinates":[[[33.98653,-16.260046],[33.986485,-16.251007],[33.977128,-16.251051],[33.977173,-16.26009],[33.98653,-16.260046]]]}},{"type":"Feature","properties":{"ano":2025,"camada":"cultivo_sequeiro","area_km2":0.0117,"fracao_cobertura_celula":0.0117},"geometry":{"type":"Polygon","coordinates":[[[33.986485,-16.251007],[33.98644,-16.241969],[33.977084,-16.242012],[33.977128,-16.251051],[33.986485,-16.251007]]]}},{"type":"Feature","properties":{"ano":2025,"camada":"cultivo_sequeiro","area_km2":0.0243,"fracao_cobertura_celula":0.0243},"geometry":{"type":"Polygon","coordinates":[[[33.98644,-16.241969],[33.986395,-16.23293],[33.977039,-16.232973],[33.977084,-16.242012],[33.98644,-16.241969]]]}},{"type":"Feature","properties":{"ano":2025,"camada":"cultivo_sequeiro","area_km2":0.1215,"fracao_cobertura_celula":0.1215},"geometry":{"type":"Polygon","coordinates":[[[33.986395,-16.23293],[33.98635,-16.223891],[33.976994,-16.223934],[33.977039,-16.232973],[33.986395,-16.23293]]]}},{"type":"Feature","properties":{"ano":2025,"camada":"cultivo_sequeiro","area_km2":0.3789,"fracao_cobertura_celula":0.3789},"geometry":{"type":"Polygon","coordinates":[[[33.98635,-16.223891],[33.986305,-16.214852],[33.97695,-16.214895],[33.976994,-16.223934],[33.98635,-16.223891]]]}},{"type":"Feature","properties":{"ano":2025,"camada":"cultivo_sequeiro","area_km2":0.2583,"fracao_cobertura_celula":0.2583},"geometry":{"type":"Polygon","coordinates":[[[33.986305,-16.214852],[33.98626,-16.205813],[33.976905,-16.205856],[33.97695,-16.214895],[33.986305,-16.214852]]]}},{"type":"Feature","properties":{"ano":2025,"camada":"cultivo_sequeiro","area_km2":0.1449,"fracao_cobertura_celula":0.1449},"geometry":{"type":"Polygon","coordinates":[[[33.98626,-16.205813],[33.986215,-16.196774],[33.976861,-16.196817],[33.976905,-16.205856],[33.98626,-16.205813]]]}},{"type":"Feature","properties":{"ano":2025,"camada":"cultivo_sequeiro","area_km2":0.378,"fracao_cobertura_celula":0.378},"geometry":{"type":"Polygon","coordinates":[[[33.986215,-16.196774],[33.98617,-16.187735],[33.976816,-16.187778],[33.976861,-16.196817],[33.986215,-16.196774]]]}},{"type":"Feature","properties":{"ano":2025,"camada":"cultivo_sequeiro","area_km2":0.126,"fracao_cobertura_celula":0.126},"geometry":{"type":"Polygon","coordinates":[[[33.98617,-16.187735],[33.986125,-16.178696],[33.976772,-16.178739],[33.976816,-16.187778],[33.98617,-16.187735]]]}},{"type":"Feature","properties":{"ano":2025,"camada":"cultivo_sequeiro","area_km2":0.0558,"fracao_cobertura_celula":0.0558},"geometry":{"type":"Polygon","coordinates":[[[33.986125,-16.178696],[33.98608,-16.169657],[33.976727,-16.169701],[33.976772,-16.178739],[33.986125,-16.178696]]]}},{"type":"Feature","properties":{"ano":2025,"camada":"cultivo_sequeiro","area_km2":2.8584,"fracao_cobertura_celula":2.8584},"geometry":{"type":"Polygon","coordinates":[[[33.98608,-16.169657],[33.986036,-16.160618],[33.976683,-16.160662],[33.976727,-16.169701],[33.98608,-16.169657]]]}},{"type":"Feature","properties":{"ano":2025,"camada":"cultivo_sequeiro","area_km2":0.0567,"fracao_cobertura_celula":0.0567},"geometry":{"type":"Polygon","coordinates":[[[33.986036,-16.160618],[33.985991,-16.15158],[33.976639,-16.151623],[33.976683,-16.160662],[33.986036,-16.160618]]]}},{"type":"Feature","properties":{"ano":2025,"camada":"cultivo_sequeiro","area_km2":0.1647,"fracao_cobertura_celula":0.1647},"geometry":{"type":"Polygon","coordinates":[[[33.985991,-16.15158],[33.985946,-16.142541],[33.976594,-16.142584],[33.976639,-16.151623],[33.985991,-16.15158]]]}},{"type":"Feature","properties":{"ano":2025,"camada":"cultivo_sequeiro","area_km2":0.0999,"fracao_cobertura_celula":0.0999},"geometry":{"type":"Polygon","coordinates":[[[33.985946,-16.142541],[33.985901,-16.133502],[33.97655,-16.133545],[33.976594,-16.142584],[33.985946,-16.142541]]]}},{"type":"Feature","properties":{"ano":2025,"camada":"cultivo_sequeiro","area_km2":0.0279,"fracao_cobertura_celula":0.0279},"geometry":{"type":"Polygon","coordinates":[[[33.985901,-16.133502],[33.985857,-16.124463],[33.976506,-16.124506],[33.97655,-16.133545],[33.985901,-16.133502]]]}},{"type":"Feature","properties":{"ano":2025,"camada":"cultivo_sequeiro","area_km2":0.0108,"fracao_cobertura_celula":0.0108},"geometry":{"type":"Polygon","coordinates":[[[33.985857,-16.124463],[33.985812,-16.115424],[33.976461,-16.115467],[33.976506,-16.124506],[33.985857,-16.124463]]]}},{"type":"Feature","properties":{"ano":2025,"camada":"cultivo_sequeiro","area_km2":0.054,"fracao_cobertura_celula":0.054},"geometry":{"type":"Polygon","coordinates":[[[33.985812,-16.115424],[33.985767,-16.106385],[33.976417,-16.106428],[33.976461,-16.115467],[33.985812,-16.115424]]]}},{"type":"Feature","properties":{"ano":2025,"camada":"cultivo_sequeiro","area_km2":0.1197,"fracao_cobertura_celula":0.1197},"geometry":{"type":"Polygon","coordinates":[[[33.985767,-16.106385],[33.985723,-16.097346],[33.976373,-16.097389],[33.976417,-16.106428],[33.985767,-16.106385]]]}},{"type":"Feature","properties":{"ano":2025,"camada":"cultivo_sequeiro","area_km2":0.0495,"fracao_cobertura_celula":0.0495},"geometry":{"type":"Polygon","coordinates":[[[33.985723,-16.097346],[33.985678,-16.088307],[33.976329,-16.08835],[33.976373,-16.097389],[33.985723,-16.097346]]]}},{"type":"Feature","properties":{"ano":2025,"camada":"cultivo_sequeiro","area_km2":0.0891,"fracao_cobertura_celula":0.0891},"geometry":{"type":"Polygon","coordinates":[[[33.985678,-16.088307],[33.985634,-16.079268],[33.976285,-16.079311],[33.976329,-16.08835],[33.985678,-16.088307]]]}},{"type":"Feature","properties":{"ano":2025,"camada":"cultivo_sequeiro","area_km2":0.0684,"fracao_cobertura_celula":0.0684},"geometry":{"type":"Polygon","coordinates":[[[33.985634,-16.079268],[33.985589,-16.070229],[33.976241,-16.070272],[33.976285,-16.079311],[33.985634,-16.079268]]]}},{"type":"Feature","properties":{"ano":2025,"camada":"cultivo_sequeiro","area_km2":0.9315,"fracao_cobertura_celula":0.9315},"geometry":{"type":"Polygon","coordinates":[[[33.985589,-16.070229],[33.985545,-16.06119],[33.976197,-16.061233],[33.976241,-16.070272],[33.985589,-16.070229]]]}},{"type":"Feature","properties":{"ano":2025,"camada":"cultivo_sequeiro","area_km2":0.1773,"fracao_cobertura_celula":0.1773},"geometry":{"type":"Polygon","coordinates":[[[33.985545,-16.06119],[33.9855,-16.052151],[33.976152,-16.052194],[33.976197,-16.061233],[33.985545,-16.06119]]]}},{"type":"Feature","properties":{"ano":2025,"camada":"cultivo_sequeiro","area_km2":0.2835,"fracao_cobertura_celula":0.2835},"geometry":{"type":"Polygon","coordinates":[[[33.9855,-16.052151],[33.985456,-16.043112],[33.976108,-16.043154],[33.976152,-16.052194],[33.9855,-16.052151]]]}},{"type":"Feature","properties":{"ano":2025,"camada":"cultivo_sequeiro","area_km2":0.0387,"fracao_cobertura_celula":0.0387},"geometry":{"type":"Polygon","coordinates":[[[33.985456,-16.043112],[33.985411,-16.034073],[33.976064,-16.034115],[33.976108,-16.043154],[33.985456,-16.043112]]]}},{"type":"Feature","properties":{"ano":2025,"camada":"cultivo_sequeiro","area_km2":0.0243,"fracao_cobertura_celula":0.0243},"geometry":{"type":"Polygon","coordinates":[[[33.985411,-16.034073],[33.985367,-16.025034],[33.97602,-16.025076],[33.976064,-16.034115],[33.985411,-16.034073]]]}},{"type":"Feature","properties":{"ano":2025,"camada":"cultivo_sequeiro","area_km2":0.0162,"fracao_cobertura_celula":0.0162},"geometry":{"type":"Polygon","coordinates":[[[33.985367,-16.025034],[33.985322,-16.015995],[33.975977,-16.016037],[33.97602,-16.025076],[33.985367,-16.025034]]]}},{"type":"Feature","properties":{"ano":2025,"camada":"cultivo_sequeiro","area_km2":0.0153,"fracao_cobertura_celula":0.0153},"geometry":{"type":"Polygon","coordinates":[[[33.985322,-16.015995],[33.985278,-16.006956],[33.975933,-16.006998],[33.975977,-16.016037],[33.985322,-16.015995]]]}},{"type":"Feature","properties":{"ano":2025,"camada":"cultivo_sequeiro","area_km2":0.0054,"fracao_cobertura_celula":0.0054},"geometry":{"type":"Polygon","coordinates":[[[33.985278,-16.006956],[33.985234,-15.997916],[33.975889,-15.997959],[33.975933,-16.006998],[33.985278,-16.006956]]]}},{"type":"Feature","properties":{"ano":2025,"camada":"cultivo_sequeiro","area_km2":0.2214,"fracao_cobertura_celula":0.2214},"geometry":{"type":"Polygon","coordinates":[[[33.996344,-16.35039],[33.996299,-16.341351],[33.986937,-16.341395],[33.986983,-16.350434],[33.996344,-16.35039]]]}},{"type":"Feature","properties":{"ano":2025,"camada":"cultivo_sequeiro","area_km2":0.7263,"fracao_cobertura_celula":0.7263},"geometry":{"type":"Polygon","coordinates":[[[33.996299,-16.341351],[33.996253,-16.332313],[33.986892,-16.332357],[33.986937,-16.341395],[33.996299,-16.341351]]]}},{"type":"Feature","properties":{"ano":2025,"camada":"cultivo_sequeiro","area_km2":0.5454,"fracao_cobertura_celula":0.5454},"geometry":{"type":"Polygon","coordinates":[[[33.996253,-16.332313],[33.996207,-16.323274],[33.986847,-16.323318],[33.986892,-16.332357],[33.996253,-16.332313]]]}},{"type":"Feature","properties":{"ano":2025,"camada":"cultivo_sequeiro","area_km2":0.2448,"fracao_cobertura_celula":0.2448},"geometry":{"type":"Polygon","coordinates":[[[33.996207,-16.323274],[33.996161,-16.314235],[33.986801,-16.314279],[33.986847,-16.323318],[33.996207,-16.323274]]]}},{"type":"Feature","properties":{"ano":2025,"camada":"cultivo_sequeiro","area_km2":0.5409,"fracao_cobertura_celula":0.5409},"geometry":{"type":"Polygon","coordinates":[[[33.996161,-16.314235],[33.996116,-16.305196],[33.986756,-16.30524],[33.986801,-16.314279],[33.996161,-16.314235]]]}},{"type":"Feature","properties":{"ano":2025,"camada":"cultivo_sequeiro","area_km2":0.0432,"fracao_cobertura_celula":0.0432},"geometry":{"type":"Polygon","coordinates":[[[33.996116,-16.305196],[33.99607,-16.296158],[33.986711,-16.296202],[33.986756,-16.30524],[33.996116,-16.305196]]]}},{"type":"Feature","properties":{"ano":2025,"camada":"cultivo_sequeiro","area_km2":0.0045,"fracao_cobertura_celula":0.0045},"geometry":{"type":"Polygon","coordinates":[[[33.99607,-16.296158],[33.996024,-16.287119],[33.986666,-16.287163],[33.986711,-16.296202],[33.99607,-16.296158]]]}},{"type":"Feature","properties":{"ano":2025,"camada":"cultivo_sequeiro","area_km2":0.0369,"fracao_cobertura_celula":0.0369},"geometry":{"type":"Polygon","coordinates":[[[33.996024,-16.287119],[33.995979,-16.27808],[33.986621,-16.278124],[33.986666,-16.287163],[33.996024,-16.287119]]]}},{"type":"Feature","properties":{"ano":2025,"camada":"cultivo_sequeiro","area_km2":0.1098,"fracao_cobertura_celula":0.1098},"geometry":{"type":"Polygon","coordinates":[[[33.995979,-16.27808],[33.995933,-16.269041],[33.986575,-16.269085],[33.986621,-16.278124],[33.995979,-16.27808]]]}},{"type":"Feature","properties":{"ano":2025,"camada":"cultivo_sequeiro","area_km2":0.2871,"fracao_cobertura_celula":0.2871},"geometry":{"type":"Polygon","coordinates":[[[33.995933,-16.269041],[33.995888,-16.260002],[33.98653,-16.260046],[33.986575,-16.269085],[33.995933,-16.269041]]]}},{"type":"Feature","properties":{"ano":2025,"camada":"cultivo_sequeiro","area_km2":0.1125,"fracao_cobertura_celula":0.1125},"geometry":{"type":"Polygon","coordinates":[[[33.995888,-16.260002],[33.995842,-16.250964],[33.986485,-16.251007],[33.98653,-16.260046],[33.995888,-16.260002]]]}},{"type":"Feature","properties":{"ano":2025,"camada":"cultivo_sequeiro","area_km2":0.1476,"fracao_cobertura_celula":0.1476},"geometry":{"type":"Polygon","coordinates":[[[33.995842,-16.250964],[33.995797,-16.241925],[33.98644,-16.241969],[33.986485,-16.251007],[33.995842,-16.250964]]]}},{"type":"Feature","properties":{"ano":2025,"camada":"cultivo_sequeiro","area_km2":0.0126,"fracao_cobertura_celula":0.0126},"geometry":{"type":"Polygon","coordinates":[[[33.995797,-16.241925],[33.995751,-16.232886],[33.986395,-16.23293],[33.98644,-16.241969],[33.995797,-16.241925]]]}},{"type":"Feature","properties":{"ano":2025,"camada":"cultivo_sequeiro","area_km2":0.0837,"fracao_cobertura_celula":0.0837},"geometry":{"type":"Polygon","coordinates":[[[33.995751,-16.232886],[33.995706,-16.223847],[33.98635,-16.223891],[33.986395,-16.23293],[33.995751,-16.232886]]]}},{"type":"Feature","properties":{"ano":2025,"camada":"cultivo_sequeiro","area_km2":0.6219,"fracao_cobertura_celula":0.6219},"geometry":{"type":"Polygon","coordinates":[[[33.995706,-16.223847],[33.99566,-16.214808],[33.986305,-16.214852],[33.98635,-16.223891],[33.995706,-16.223847]]]}},{"type":"Feature","properties":{"ano":2025,"camada":"cultivo_sequeiro","area_km2":0.0657,"fracao_cobertura_celula":0.0657},"geometry":{"type":"Polygon","coordinates":[[[33.99566,-16.214808],[33.995615,-16.205769],[33.98626,-16.205813],[33.986305,-16.214852],[33.99566,-16.214808]]]}},{"type":"Feature","properties":{"ano":2025,"camada":"cultivo_sequeiro","area_km2":0.189,"fracao_cobertura_celula":0.189},"geometry":{"type":"Polygon","coordinates":[[[33.995615,-16.205769],[33.995569,-16.196731],[33.986215,-16.196774],[33.98626,-16.205813],[33.995615,-16.205769]]]}},{"type":"Feature","properties":{"ano":2025,"camada":"cultivo_sequeiro","area_km2":0.2403,"fracao_cobertura_celula":0.2403},"geometry":{"type":"Polygon","coordinates":[[[33.995569,-16.196731],[33.995524,-16.187692],[33.98617,-16.187735],[33.986215,-16.196774],[33.995569,-16.196731]]]}},{"type":"Feature","properties":{"ano":2025,"camada":"cultivo_sequeiro","area_km2":0.2862,"fracao_cobertura_celula":0.2862},"geometry":{"type":"Polygon","coordinates":[[[33.995524,-16.187692],[33.995479,-16.178653],[33.986125,-16.178696],[33.98617,-16.187735],[33.995524,-16.187692]]]}},{"type":"Feature","properties":{"ano":2025,"camada":"cultivo_sequeiro","area_km2":0.0477,"fracao_cobertura_celula":0.0477},"geometry":{"type":"Polygon","coordinates":[[[33.995479,-16.178653],[33.995434,-16.169614],[33.98608,-16.169657],[33.986125,-16.178696],[33.995479,-16.178653]]]}},{"type":"Feature","properties":{"ano":2025,"camada":"cultivo_sequeiro","area_km2":1.6245,"fracao_cobertura_celula":1.6245},"geometry":{"type":"Polygon","coordinates":[[[33.995434,-16.169614],[33.995388,-16.160575],[33.986036,-16.160618],[33.98608,-16.169657],[33.995434,-16.169614]]]}},{"type":"Feature","properties":{"ano":2025,"camada":"cultivo_sequeiro","area_km2":0.1305,"fracao_cobertura_celula":0.1305},"geometry":{"type":"Polygon","coordinates":[[[33.995388,-16.160575],[33.995343,-16.151536],[33.985991,-16.15158],[33.986036,-16.160618],[33.995388,-16.160575]]]}},{"type":"Feature","properties":{"ano":2025,"camada":"cultivo_sequeiro","area_km2":0.5229,"fracao_cobertura_celula":0.5229},"geometry":{"type":"Polygon","coordinates":[[[33.995343,-16.151536],[33.995298,-16.142497],[33.985946,-16.142541],[33.985991,-16.15158],[33.995343,-16.151536]]]}},{"type":"Feature","properties":{"ano":2025,"camada":"cultivo_sequeiro","area_km2":0.1224,"fracao_cobertura_celula":0.1224},"geometry":{"type":"Polygon","coordinates":[[[33.995298,-16.142497],[33.995253,-16.133458],[33.985901,-16.133502],[33.985946,-16.142541],[33.995298,-16.142497]]]}},{"type":"Feature","properties":{"ano":2025,"camada":"cultivo_sequeiro","area_km2":0.0756,"fracao_cobertura_celula":0.0756},"geometry":{"type":"Polygon","coordinates":[[[33.995253,-16.133458],[33.995208,-16.124419],[33.985857,-16.124463],[33.985901,-16.133502],[33.995253,-16.133458]]]}},{"type":"Feature","properties":{"ano":2025,"camada":"cultivo_sequeiro","area_km2":0.0558,"fracao_cobertura_celula":0.0558},"geometry":{"type":"Polygon","coordinates":[[[33.995208,-16.124419],[33.995163,-16.11538],[33.985812,-16.115424],[33.985857,-16.124463],[33.995208,-16.124419]]]}},{"type":"Feature","properties":{"ano":2025,"camada":"cultivo_sequeiro","area_km2":0.0774,"fracao_cobertura_celula":0.0774},"geometry":{"type":"Polygon","coordinates":[[[33.995163,-16.11538],[33.995117,-16.106341],[33.985767,-16.106385],[33.985812,-16.115424],[33.995163,-16.11538]]]}},{"type":"Feature","properties":{"ano":2025,"camada":"cultivo_sequeiro","area_km2":0.1998,"fracao_cobertura_celula":0.1998},"geometry":{"type":"Polygon","coordinates":[[[33.995117,-16.106341],[33.995072,-16.097302],[33.985723,-16.097346],[33.985767,-16.106385],[33.995117,-16.106341]]]}},{"type":"Feature","properties":{"ano":2025,"camada":"cultivo_sequeiro","area_km2":0.0918,"fracao_cobertura_celula":0.0918},"geometry":{"type":"Polygon","coordinates":[[[33.995072,-16.097302],[33.995027,-16.088263],[33.985678,-16.088307],[33.985723,-16.097346],[33.995072,-16.097302]]]}},{"type":"Feature","properties":{"ano":2025,"camada":"cultivo_sequeiro","area_km2":0.0999,"fracao_cobertura_celula":0.0999},"geometry":{"type":"Polygon","coordinates":[[[33.995027,-16.088263],[33.994982,-16.079224],[33.985634,-16.079268],[33.985678,-16.088307],[33.995027,-16.088263]]]}},{"type":"Feature","properties":{"ano":2025,"camada":"cultivo_sequeiro","area_km2":0.3762,"fracao_cobertura_celula":0.3762},"geometry":{"type":"Polygon","coordinates":[[[33.994982,-16.079224],[33.994937,-16.070186],[33.985589,-16.070229],[33.985634,-16.079268],[33.994982,-16.079224]]]}},{"type":"Feature","properties":{"ano":2025,"camada":"cultivo_sequeiro","area_km2":0.0864,"fracao_cobertura_celula":0.0864},"geometry":{"type":"Polygon","coordinates":[[[33.994937,-16.070186],[33.994893,-16.061147],[33.985545,-16.06119],[33.985589,-16.070229],[33.994937,-16.070186]]]}},{"type":"Feature","properties":{"ano":2025,"camada":"cultivo_sequeiro","area_km2":0.1125,"fracao_cobertura_celula":0.1125},"geometry":{"type":"Polygon","coordinates":[[[33.994893,-16.061147],[33.994848,-16.052108],[33.9855,-16.052151],[33.985545,-16.06119],[33.994893,-16.061147]]]}},{"type":"Feature","properties":{"ano":2025,"camada":"cultivo_sequeiro","area_km2":0.045,"fracao_cobertura_celula":0.045},"geometry":{"type":"Polygon","coordinates":[[[33.994848,-16.052108],[33.994803,-16.043069],[33.985456,-16.043112],[33.9855,-16.052151],[33.994848,-16.052108]]]}},{"type":"Feature","properties":{"ano":2025,"camada":"cultivo_sequeiro","area_km2":0.0009,"fracao_cobertura_celula":0.0009},"geometry":{"type":"Polygon","coordinates":[[[33.994803,-16.043069],[33.994758,-16.03403],[33.985411,-16.034073],[33.985456,-16.043112],[33.994803,-16.043069]]]}},{"type":"Feature","properties":{"ano":2025,"camada":"cultivo_sequeiro","area_km2":0.0126,"fracao_cobertura_celula":0.0126},"geometry":{"type":"Polygon","coordinates":[[[33.994758,-16.03403],[33.994713,-16.024991],[33.985367,-16.025034],[33.985411,-16.034073],[33.994758,-16.03403]]]}},{"type":"Feature","properties":{"ano":2025,"camada":"cultivo_sequeiro","area_km2":0.0243,"fracao_cobertura_celula":0.0243},"geometry":{"type":"Polygon","coordinates":[[[33.994713,-16.024991],[33.994668,-16.015951],[33.985322,-16.015995],[33.985367,-16.025034],[33.994713,-16.024991]]]}},{"type":"Feature","properties":{"ano":2025,"camada":"cultivo_sequeiro","area_km2":0.0549,"fracao_cobertura_celula":0.0549},"geometry":{"type":"Polygon","coordinates":[[[33.994668,-16.015951],[33.994624,-16.006912],[33.985278,-16.006956],[33.985322,-16.015995],[33.994668,-16.015951]]]}},{"type":"Feature","properties":{"ano":2025,"camada":"cultivo_sequeiro","area_km2":0.0234,"fracao_cobertura_celula":0.0234},"geometry":{"type":"Polygon","coordinates":[[[33.994624,-16.006912],[33.994579,-15.997873],[33.985234,-15.997916],[33.985278,-16.006956],[33.994624,-16.006912]]]}},{"type":"Feature","properties":{"ano":2025,"camada":"cultivo_sequeiro","area_km2":0.1125,"fracao_cobertura_celula":0.1125},"geometry":{"type":"Polygon","coordinates":[[[34.005706,-16.350346],[34.00566,-16.341307],[33.996299,-16.341351],[33.996344,-16.35039],[34.005706,-16.350346]]]}},{"type":"Feature","properties":{"ano":2025,"camada":"cultivo_sequeiro","area_km2":0.2124,"fracao_cobertura_celula":0.2124},"geometry":{"type":"Polygon","coordinates":[[[34.00566,-16.341307],[34.005614,-16.332268],[33.996253,-16.332313],[33.996299,-16.341351],[34.00566,-16.341307]]]}},{"type":"Feature","properties":{"ano":2025,"camada":"cultivo_sequeiro","area_km2":0.054,"fracao_cobertura_celula":0.054},"geometry":{"type":"Polygon","coordinates":[[[34.005614,-16.332268],[34.005567,-16.32323],[33.996207,-16.323274],[33.996253,-16.332313],[34.005614,-16.332268]]]}},{"type":"Feature","properties":{"ano":2025,"camada":"cultivo_sequeiro","area_km2":0.8334,"fracao_cobertura_celula":0.8334},"geometry":{"type":"Polygon","coordinates":[[[34.005567,-16.32323],[34.005521,-16.314191],[33.996161,-16.314235],[33.996207,-16.323274],[34.005567,-16.32323]]]}},{"type":"Feature","properties":{"ano":2025,"camada":"cultivo_sequeiro","area_km2":0.0486,"fracao_cobertura_celula":0.0486},"geometry":{"type":"Polygon","coordinates":[[[34.005521,-16.314191],[34.005475,-16.305152],[33.996116,-16.305196],[33.996161,-16.314235],[34.005521,-16.314191]]]}},{"type":"Feature","properties":{"ano":2025,"camada":"cultivo_sequeiro","area_km2":0.0261,"fracao_cobertura_celula":0.0261},"geometry":{"type":"Polygon","coordinates":[[[34.005475,-16.305152],[34.005429,-16.296113],[33.99607,-16.296158],[33.996116,-16.305196],[34.005475,-16.305152]]]}},{"type":"Feature","properties":{"ano":2025,"camada":"cultivo_sequeiro","area_km2":0.0072,"fracao_cobertura_celula":0.0072},"geometry":{"type":"Polygon","coordinates":[[[34.005429,-16.296113],[34.005383,-16.287075],[33.996024,-16.287119],[33.99607,-16.296158],[34.005429,-16.296113]]]}},{"type":"Feature","properties":{"ano":2025,"camada":"cultivo_sequeiro","area_km2":0.0072,"fracao_cobertura_celula":0.0072},"geometry":{"type":"Polygon","coordinates":[[[34.005383,-16.287075],[34.005337,-16.278036],[33.995979,-16.27808],[33.996024,-16.287119],[34.005383,-16.287075]]]}},{"type":"Feature","properties":{"ano":2025,"camada":"cultivo_sequeiro","area_km2":0.0738,"fracao_cobertura_celula":0.0738},"geometry":{"type":"Polygon","coordinates":[[[34.005337,-16.278036],[34.005291,-16.268997],[33.995933,-16.269041],[33.995979,-16.27808],[34.005337,-16.278036]]]}},{"type":"Feature","properties":{"ano":2025,"camada":"cultivo_sequeiro","area_km2":0.3402,"fracao_cobertura_celula":0.3402},"geometry":{"type":"Polygon","coordinates":[[[34.005291,-16.268997],[34.005245,-16.259958],[33.995888,-16.260002],[33.995933,-16.269041],[34.005291,-16.268997]]]}},{"type":"Feature","properties":{"ano":2025,"camada":"cultivo_sequeiro","area_km2":0.1224,"fracao_cobertura_celula":0.1224},"geometry":{"type":"Polygon","coordinates":[[[34.005245,-16.259958],[34.005199,-16.250919],[33.995842,-16.250964],[33.995888,-16.260002],[34.005245,-16.259958]]]}},{"type":"Feature","properties":{"ano":2025,"camada":"cultivo_sequeiro","area_km2":0.1143,"fracao_cobertura_celula":0.1143},"geometry":{"type":"Polygon","coordinates":[[[34.005199,-16.250919],[34.005153,-16.241881],[33.995797,-16.241925],[33.995842,-16.250964],[34.005199,-16.250919]]]}},{"type":"Feature","properties":{"ano":2025,"camada":"cultivo_sequeiro","area_km2":0.0279,"fracao_cobertura_celula":0.0279},"geometry":{"type":"Polygon","coordinates":[[[34.005153,-16.241881],[34.005107,-16.232842],[33.995751,-16.232886],[33.995797,-16.241925],[34.005153,-16.241881]]]}},{"type":"Feature","properties":{"ano":2025,"camada":"cultivo_sequeiro","area_km2":0.0927,"fracao_cobertura_celula":0.0927},"geometry":{"type":"Polygon","coordinates":[[[34.005107,-16.232842],[34.005061,-16.223803],[33.995706,-16.223847],[33.995751,-16.232886],[34.005107,-16.232842]]]}},{"type":"Feature","properties":{"ano":2025,"camada":"cultivo_sequeiro","area_km2":0.2754,"fracao_cobertura_celula":0.2754},"geometry":{"type":"Polygon","coordinates":[[[34.005061,-16.223803],[34.005015,-16.214764],[33.99566,-16.214808],[33.995706,-16.223847],[34.005061,-16.223803]]]}},{"type":"Feature","properties":{"ano":2025,"camada":"cultivo_sequeiro","area_km2":0.423,"fracao_cobertura_celula":0.423},"geometry":{"type":"Polygon","coordinates":[[[34.005015,-16.214764],[34.00497,-16.205725],[33.995615,-16.205769],[33.99566,-16.214808],[34.005015,-16.214764]]]}},{"type":"Feature","properties":{"ano":2025,"camada":"cultivo_sequeiro","area_km2":0.0567,"fracao_cobertura_celula":0.0567},"geometry":{"type":"Polygon","coordinates":[[[34.00497,-16.205725],[34.004924,-16.196686],[33.995569,-16.196731],[33.995615,-16.205769],[34.00497,-16.205725]]]}},{"type":"Feature","properties":{"ano":2025,"camada":"cultivo_sequeiro","area_km2":0.6165,"fracao_cobertura_celula":0.6165},"geometry":{"type":"Polygon","coordinates":[[[34.004924,-16.196686],[34.004878,-16.187648],[33.995524,-16.187692],[33.995569,-16.196731],[34.004924,-16.196686]]]}},{"type":"Feature","properties":{"ano":2025,"camada":"cultivo_sequeiro","area_km2":0.4473,"fracao_cobertura_celula":0.4473},"geometry":{"type":"Polygon","coordinates":[[[34.004878,-16.187648],[34.004832,-16.178609],[33.995479,-16.178653],[33.995524,-16.187692],[34.004878,-16.187648]]]}},{"type":"Feature","properties":{"ano":2025,"camada":"cultivo_sequeiro","area_km2":0.1566,"fracao_cobertura_celula":0.1566},"geometry":{"type":"Polygon","coordinates":[[[34.004832,-16.178609],[34.004787,-16.16957],[33.995434,-16.169614],[33.995479,-16.178653],[34.004832,-16.178609]]]}},{"type":"Feature","properties":{"ano":2025,"camada":"cultivo_sequeiro","area_km2":0.1989,"fracao_cobertura_celula":0.1989},"geometry":{"type":"Polygon","coordinates":[[[34.004787,-16.16957],[34.004741,-16.160531],[33.995388,-16.160575],[33.995434,-16.169614],[34.004787,-16.16957]]]}},{"type":"Feature","properties":{"ano":2025,"camada":"cultivo_sequeiro","area_km2":0.1638,"fracao_cobertura_celula":0.1638},"geometry":{"type":"Polygon","coordinates":[[[34.004741,-16.160531],[34.004695,-16.151492],[33.995343,-16.151536],[33.995388,-16.160575],[34.004741,-16.160531]]]}},{"type":"Feature","properties":{"ano":2025,"camada":"cultivo_sequeiro","area_km2":0.0441,"fracao_cobertura_celula":0.0441},"geometry":{"type":"Polygon","coordinates":[[[34.004695,-16.151492],[34.00465,-16.142453],[33.995298,-16.142497],[33.995343,-16.151536],[34.004695,-16.151492]]]}},{"type":"Feature","properties":{"ano":2025,"camada":"cultivo_sequeiro","area_km2":0.0378,"fracao_cobertura_celula":0.0378},"geometry":{"type":"Polygon","coordinates":[[[34.00465,-16.142453],[34.004604,-16.133414],[33.995253,-16.133458],[33.995298,-16.142497],[34.00465,-16.142453]]]}},{"type":"Feature","properties":{"ano":2025,"camada":"cultivo_sequeiro","area_km2":0.0459,"fracao_cobertura_celula":0.0459},"geometry":{"type":"Polygon","coordinates":[[[34.004604,-16.133414],[34.004559,-16.124375],[33.995208,-16.124419],[33.995253,-16.133458],[34.004604,-16.133414]]]}},{"type":"Feature","properties":{"ano":2025,"camada":"cultivo_sequeiro","area_km2":0.2871,"fracao_cobertura_celula":0.2871},"geometry":{"type":"Polygon","coordinates":[[[34.004559,-16.124375],[34.004513,-16.115337],[33.995163,-16.11538],[33.995208,-16.124419],[34.004559,-16.124375]]]}},{"type":"Feature","properties":{"ano":2025,"camada":"cultivo_sequeiro","area_km2":0.2736,"fracao_cobertura_celula":0.2736},"geometry":{"type":"Polygon","coordinates":[[[34.004513,-16.115337],[34.004468,-16.106298],[33.995117,-16.106341],[33.995163,-16.11538],[34.004513,-16.115337]]]}},{"type":"Feature","properties":{"ano":2025,"camada":"cultivo_sequeiro","area_km2":0.1782,"fracao_cobertura_celula":0.1782},"geometry":{"type":"Polygon","coordinates":[[[34.004468,-16.106298],[34.004422,-16.097259],[33.995072,-16.097302],[33.995117,-16.106341],[34.004468,-16.106298]]]}},{"type":"Feature","properties":{"ano":2025,"camada":"cultivo_sequeiro","area_km2":0.1017,"fracao_cobertura_celula":0.1017},"geometry":{"type":"Polygon","coordinates":[[[34.004422,-16.097259],[34.004377,-16.08822],[33.995027,-16.088263],[33.995072,-16.097302],[34.004422,-16.097259]]]}},{"type":"Feature","properties":{"ano":2025,"camada":"cultivo_sequeiro","area_km2":0.1413,"fracao_cobertura_celula":0.1413},"geometry":{"type":"Polygon","coordinates":[[[34.004377,-16.08822],[34.004331,-16.079181],[33.994982,-16.079224],[33.995027,-16.088263],[34.004377,-16.08822]]]}},{"type":"Feature","properties":{"ano":2025,"camada":"cultivo_sequeiro","area_km2":0.0873,"fracao_cobertura_celula":0.0873},"geometry":{"type":"Polygon","coordinates":[[[34.004331,-16.079181],[34.004286,-16.070142],[33.994937,-16.070186],[33.994982,-16.079224],[34.004331,-16.079181]]]}},{"type":"Feature","properties":{"ano":2025,"camada":"cultivo_sequeiro","area_km2":0.0432,"fracao_cobertura_celula":0.0432},"geometry":{"type":"Polygon","coordinates":[[[34.004286,-16.070142],[34.00424,-16.061103],[33.994893,-16.061147],[33.994937,-16.070186],[34.004286,-16.070142]]]}},{"type":"Feature","properties":{"ano":2025,"camada":"cultivo_sequeiro","area_km2":0.0045,"fracao_cobertura_celula":0.0045},"geometry":{"type":"Polygon","coordinates":[[[34.00424,-16.061103],[34.004195,-16.052064],[33.994848,-16.052108],[33.994893,-16.061147],[34.00424,-16.061103]]]}},{"type":"Feature","properties":{"ano":2025,"camada":"cultivo_sequeiro","area_km2":0.0036,"fracao_cobertura_celula":0.0036},"geometry":{"type":"Polygon","coordinates":[[[34.00415,-16.043025],[34.004105,-16.033986],[33.994758,-16.03403],[33.994803,-16.043069],[34.00415,-16.043025]]]}},{"type":"Feature","properties":{"ano":2025,"camada":"cultivo_sequeiro","area_km2":0.0036,"fracao_cobertura_celula":0.0036},"geometry":{"type":"Polygon","coordinates":[[[34.004105,-16.033986],[34.004059,-16.024947],[33.994713,-16.024991],[33.994758,-16.03403],[34.004105,-16.033986]]]}},{"type":"Feature","properties":{"ano":2025,"camada":"cultivo_sequeiro","area_km2":0.0036,"fracao_cobertura_celula":0.0036},"geometry":{"type":"Polygon","coordinates":[[[34.004059,-16.024947],[34.004014,-16.015908],[33.994668,-16.015951],[33.994713,-16.024991],[34.004059,-16.024947]]]}},{"type":"Feature","properties":{"ano":2025,"camada":"cultivo_sequeiro","area_km2":0.0189,"fracao_cobertura_celula":0.0189},"geometry":{"type":"Polygon","coordinates":[[[34.004014,-16.015908],[34.003969,-16.006869],[33.994624,-16.006912],[33.994668,-16.015951],[34.004014,-16.015908]]]}},{"type":"Feature","properties":{"ano":2025,"camada":"cultivo_sequeiro","area_km2":0.045,"fracao_cobertura_celula":0.045},"geometry":{"type":"Polygon","coordinates":[[[34.003969,-16.006869],[34.003924,-15.99783],[33.994579,-15.997873],[33.994624,-16.006912],[34.003969,-16.006869]]]}},{"type":"Feature","properties":{"ano":2025,"camada":"cultivo_sequeiro","area_km2":0.1341,"fracao_cobertura_celula":0.1341},"geometry":{"type":"Polygon","coordinates":[[[34.015068,-16.350301],[34.015021,-16.341262],[34.00566,-16.341307],[34.005706,-16.350346],[34.015068,-16.350301]]]}},{"type":"Feature","properties":{"ano":2025,"camada":"cultivo_sequeiro","area_km2":0.0945,"fracao_cobertura_celula":0.0945},"geometry":{"type":"Polygon","coordinates":[[[34.015021,-16.341262],[34.014974,-16.332223],[34.005614,-16.332268],[34.00566,-16.341307],[34.015021,-16.341262]]]}},{"type":"Feature","properties":{"ano":2025,"camada":"cultivo_sequeiro","area_km2":0.0684,"fracao_cobertura_celula":0.0684},"geometry":{"type":"Polygon","coordinates":[[[34.014974,-16.332223],[34.014928,-16.323185],[34.005567,-16.32323],[34.005614,-16.332268],[34.014974,-16.332223]]]}},{"type":"Feature","properties":{"ano":2025,"camada":"cultivo_sequeiro","area_km2":0.0585,"fracao_cobertura_celula":0.0585},"geometry":{"type":"Polygon","coordinates":[[[34.014928,-16.323185],[34.014881,-16.314146],[34.005521,-16.314191],[34.005567,-16.32323],[34.014928,-16.323185]]]}},{"type":"Feature","properties":{"ano":2025,"camada":"cultivo_sequeiro","area_km2":0.2898,"fracao_cobertura_celula":0.2898},"geometry":{"type":"Polygon","coordinates":[[[34.014881,-16.314146],[34.014834,-16.305107],[34.005475,-16.305152],[34.005521,-16.314191],[34.014881,-16.314146]]]}},{"type":"Feature","properties":{"ano":2025,"camada":"cultivo_sequeiro","area_km2":0.0612,"fracao_cobertura_celula":0.0612},"geometry":{"type":"Polygon","coordinates":[[[34.014834,-16.305107],[34.014788,-16.296069],[34.005429,-16.296113],[34.005475,-16.305152],[34.014834,-16.305107]]]}},{"type":"Feature","properties":{"ano":2025,"camada":"cultivo_sequeiro","area_km2":0.0126,"fracao_cobertura_celula":0.0126},"geometry":{"type":"Polygon","coordinates":[[[34.014788,-16.296069],[34.014741,-16.28703],[34.005383,-16.287075],[34.005429,-16.296113],[34.014788,-16.296069]]]}},{"type":"Feature","properties":{"ano":2025,"camada":"cultivo_sequeiro","area_km2":0.0135,"fracao_cobertura_celula":0.0135},"geometry":{"type":"Polygon","coordinates":[[[34.014741,-16.28703],[34.014695,-16.277991],[34.005337,-16.278036],[34.005383,-16.287075],[34.014741,-16.28703]]]}},{"type":"Feature","properties":{"ano":2025,"camada":"cultivo_sequeiro","area_km2":0.1026,"fracao_cobertura_celula":0.1026},"geometry":{"type":"Polygon","coordinates":[[[34.014695,-16.277991],[34.014649,-16.268952],[34.005291,-16.268997],[34.005337,-16.278036],[34.014695,-16.277991]]]}},{"type":"Feature","properties":{"ano":2025,"camada":"cultivo_sequeiro","area_km2":0.1134,"fracao_cobertura_celula":0.1134},"geometry":{"type":"Polygon","coordinates":[[[34.014649,-16.268952],[34.014602,-16.259914],[34.005245,-16.259958],[34.005291,-16.268997],[34.014649,-16.268952]]]}},{"type":"Feature","properties":{"ano":2025,"camada":"cultivo_sequeiro","area_km2":0.18,"fracao_cobertura_celula":0.18},"geometry":{"type":"Polygon","coordinates":[[[34.014602,-16.259914],[34.014556,-16.250875],[34.005199,-16.250919],[34.005245,-16.259958],[34.014602,-16.259914]]]}},{"type":"Feature","properties":{"ano":2025,"camada":"cultivo_sequeiro","area_km2":0.5994,"fracao_cobertura_celula":0.5994},"geometry":{"type":"Polygon","coordinates":[[[34.014556,-16.250875],[34.014509,-16.241836],[34.005153,-16.241881],[34.005199,-16.250919],[34.014556,-16.250875]]]}},{"type":"Feature","properties":{"ano":2025,"camada":"cultivo_sequeiro","area_km2":0.0657,"fracao_cobertura_celula":0.0657},"geometry":{"type":"Polygon","coordinates":[[[34.014509,-16.241836],[34.014463,-16.232797],[34.005107,-16.232842],[34.005153,-16.241881],[34.014509,-16.241836]]]}},{"type":"Feature","properties":{"ano":2025,"camada":"cultivo_sequeiro","area_km2":0.081,"fracao_cobertura_celula":0.081},"geometry":{"type":"Polygon","coordinates":[[[34.014463,-16.232797],[34.014417,-16.223758],[34.005061,-16.223803],[34.005107,-16.232842],[34.014463,-16.232797]]]}},{"type":"Feature","properties":{"ano":2025,"camada":"cultivo_sequeiro","area_km2":0.3249,"fracao_cobertura_celula":0.3249},"geometry":{"type":"Polygon","coordinates":[[[34.014417,-16.223758],[34.01437,-16.21472],[34.005015,-16.214764],[34.005061,-16.223803],[34.014417,-16.223758]]]}},{"type":"Feature","properties":{"ano":2025,"camada":"cultivo_sequeiro","area_km2":0.0099,"fracao_cobertura_celula":0.0099},"geometry":{"type":"Polygon","coordinates":[[[34.01437,-16.21472],[34.014324,-16.205681],[34.00497,-16.205725],[34.005015,-16.214764],[34.01437,-16.21472]]]}},{"type":"Feature","properties":{"ano":2025,"camada":"cultivo_sequeiro","area_km2":2.1105,"fracao_cobertura_celula":2.1105},"geometry":{"type":"Polygon","coordinates":[[[34.014324,-16.205681],[34.014278,-16.196642],[34.004924,-16.196686],[34.00497,-16.205725],[34.014324,-16.205681]]]}},{"type":"Feature","properties":{"ano":2025,"camada":"cultivo_sequeiro","area_km2":0.0387,"fracao_cobertura_celula":0.0387},"geometry":{"type":"Polygon","coordinates":[[[34.014278,-16.196642],[34.014232,-16.187603],[34.004878,-16.187648],[34.004924,-16.196686],[34.014278,-16.196642]]]}},{"type":"Feature","properties":{"ano":2025,"camada":"cultivo_sequeiro","area_km2":0.1152,"fracao_cobertura_celula":0.1152},"geometry":{"type":"Polygon","coordinates":[[[34.014232,-16.187603],[34.014186,-16.178564],[34.004832,-16.178609],[34.004878,-16.187648],[34.014232,-16.187603]]]}},{"type":"Feature","properties":{"ano":2025,"camada":"cultivo_sequeiro","area_km2":0.4167,"fracao_cobertura_celula":0.4167},"geometry":{"type":"Polygon","coordinates":[[[34.014186,-16.178564],[34.01414,-16.169526],[34.004787,-16.16957],[34.004832,-16.178609],[34.014186,-16.178564]]]}},{"type":"Feature","properties":{"ano":2025,"camada":"cultivo_sequeiro","area_km2":0.0846,"fracao_cobertura_celula":0.0846},"geometry":{"type":"Polygon","coordinates":[[[34.01414,-16.169526],[34.014093,-16.160487],[34.004741,-16.160531],[34.004787,-16.16957],[34.01414,-16.169526]]]}},{"type":"Feature","properties":{"ano":2025,"camada":"cultivo_sequeiro","area_km2":0.0891,"fracao_cobertura_celula":0.0891},"geometry":{"type":"Polygon","coordinates":[[[34.014093,-16.160487],[34.014047,-16.151448],[34.004695,-16.151492],[34.004741,-16.160531],[34.014093,-16.160487]]]}},{"type":"Feature","properties":{"ano":2025,"camada":"cultivo_sequeiro","area_km2":0.0027,"fracao_cobertura_celula":0.0027},"geometry":{"type":"Polygon","coordinates":[[[34.014047,-16.151448],[34.014001,-16.142409],[34.00465,-16.142453],[34.004695,-16.151492],[34.014047,-16.151448]]]}},{"type":"Feature","properties":{"ano":2025,"camada":"cultivo_sequeiro","area_km2":0.0738,"fracao_cobertura_celula":0.0738},"geometry":{"type":"Polygon","coordinates":[[[34.014001,-16.142409],[34.013955,-16.13337],[34.004604,-16.133414],[34.00465,-16.142453],[34.014001,-16.142409]]]}},{"type":"Feature","properties":{"ano":2025,"camada":"cultivo_sequeiro","area_km2":0.1728,"fracao_cobertura_celula":0.1728},"geometry":{"type":"Polygon","coordinates":[[[34.013955,-16.13337],[34.013909,-16.124331],[34.004559,-16.124375],[34.004604,-16.133414],[34.013955,-16.13337]]]}},{"type":"Feature","properties":{"ano":2025,"camada":"cultivo_sequeiro","area_km2":0.1413,"fracao_cobertura_celula":0.1413},"geometry":{"type":"Polygon","coordinates":[[[34.013909,-16.124331],[34.013863,-16.115292],[34.004513,-16.115337],[34.004559,-16.124375],[34.013909,-16.124331]]]}},{"type":"Feature","properties":{"ano":2025,"camada":"cultivo_sequeiro","area_km2":0.1791,"fracao_cobertura_celula":0.1791},"geometry":{"type":"Polygon","coordinates":[[[34.013863,-16.115292],[34.013818,-16.106253],[34.004468,-16.106298],[34.004513,-16.115337],[34.013863,-16.115292]]]}},{"type":"Feature","properties":{"ano":2025,"camada":"cultivo_sequeiro","area_km2":0.1908,"fracao_cobertura_celula":0.1908},"geometry":{"type":"Polygon","coordinates":[[[34.013818,-16.106253],[34.013772,-16.097215],[34.004422,-16.097259],[34.004468,-16.106298],[34.013818,-16.106253]]]}},{"type":"Feature","properties":{"ano":2025,"camada":"cultivo_sequeiro","area_km2":0.0828,"fracao_cobertura_celula":0.0828},"geometry":{"type":"Polygon","coordinates":[[[34.013772,-16.097215],[34.013726,-16.088176],[34.004377,-16.08822],[34.004422,-16.097259],[34.013772,-16.097215]]]}},{"type":"Feature","properties":{"ano":2025,"camada":"cultivo_sequeiro","area_km2":0.0738,"fracao_cobertura_celula":0.0738},"geometry":{"type":"Polygon","coordinates":[[[34.013726,-16.088176],[34.01368,-16.079137],[34.004331,-16.079181],[34.004377,-16.08822],[34.013726,-16.088176]]]}},{"type":"Feature","properties":{"ano":2025,"camada":"cultivo_sequeiro","area_km2":0.0297,"fracao_cobertura_celula":0.0297},"geometry":{"type":"Polygon","coordinates":[[[34.01368,-16.079137],[34.013634,-16.070098],[34.004286,-16.070142],[34.004331,-16.079181],[34.01368,-16.079137]]]}},{"type":"Feature","properties":{"ano":2025,"camada":"cultivo_sequeiro","area_km2":0.0108,"fracao_cobertura_celula":0.0108},"geometry":{"type":"Polygon","coordinates":[[[34.013634,-16.070098],[34.013588,-16.061059],[34.00424,-16.061103],[34.004286,-16.070142],[34.013634,-16.070098]]]}},{"type":"Feature","properties":{"ano":2025,"camada":"cultivo_sequeiro","area_km2":0.0216,"fracao_cobertura_celula":0.0216},"geometry":{"type":"Polygon","coordinates":[[[34.013543,-16.05202],[34.013497,-16.042981],[34.00415,-16.043025],[34.004195,-16.052064],[34.013543,-16.05202]]]}},{"type":"Feature","properties":{"ano":2025,"camada":"cultivo_sequeiro","area_km2":0.0072,"fracao_cobertura_celula":0.0072},"geometry":{"type":"Polygon","coordinates":[[[34.013497,-16.042981],[34.013451,-16.033942],[34.004105,-16.033986],[34.00415,-16.043025],[34.013497,-16.042981]]]}},{"type":"Feature","properties":{"ano":2025,"camada":"cultivo_sequeiro","area_km2":0.0099,"fracao_cobertura_celula":0.0099},"geometry":{"type":"Polygon","coordinates":[[[34.013406,-16.024903],[34.01336,-16.015864],[34.004014,-16.015908],[34.004059,-16.024947],[34.013406,-16.024903]]]}},{"type":"Feature","properties":{"ano":2025,"camada":"cultivo_sequeiro","area_km2":0.0072,"fracao_cobertura_celula":0.0072},"geometry":{"type":"Polygon","coordinates":[[[34.01336,-16.015864],[34.013314,-16.006825],[34.003969,-16.006869],[34.004014,-16.015908],[34.01336,-16.015864]]]}},{"type":"Feature","properties":{"ano":2025,"camada":"cultivo_sequeiro","area_km2":0.0576,"fracao_cobertura_celula":0.0576},"geometry":{"type":"Polygon","coordinates":[[[34.013314,-16.006825],[34.013269,-15.997786],[34.003924,-15.99783],[34.003969,-16.006869],[34.013314,-16.006825]]]}},{"type":"Feature","properties":{"ano":2025,"camada":"cultivo_sequeiro","area_km2":0.0756,"fracao_cobertura_celula":0.0756},"geometry":{"type":"Polygon","coordinates":[[[34.024429,-16.350256],[34.024382,-16.341217],[34.015021,-16.341262],[34.015068,-16.350301],[34.024429,-16.350256]]]}},{"type":"Feature","properties":{"ano":2025,"camada":"cultivo_sequeiro","area_km2":0.3186,"fracao_cobertura_celula":0.3186},"geometry":{"type":"Polygon","coordinates":[[[34.024382,-16.341217],[34.024335,-16.332178],[34.014974,-16.332223],[34.015021,-16.341262],[34.024382,-16.341217]]]}},{"type":"Feature","properties":{"ano":2025,"camada":"cultivo_sequeiro","area_km2":0.1683,"fracao_cobertura_celula":0.1683},"geometry":{"type":"Polygon","coordinates":[[[34.024335,-16.332178],[34.024288,-16.32314],[34.014928,-16.323185],[34.014974,-16.332223],[34.024335,-16.332178]]]}},{"type":"Feature","properties":{"ano":2025,"camada":"cultivo_sequeiro","area_km2":0.3843,"fracao_cobertura_celula":0.3843},"geometry":{"type":"Polygon","coordinates":[[[34.024288,-16.32314],[34.024241,-16.314101],[34.014881,-16.314146],[34.014928,-16.323185],[34.024288,-16.32314]]]}},{"type":"Feature","properties":{"ano":2025,"camada":"cultivo_sequeiro","area_km2":0.3393,"fracao_cobertura_celula":0.3393},"geometry":{"type":"Polygon","coordinates":[[[34.024241,-16.314101],[34.024194,-16.305062],[34.014834,-16.305107],[34.014881,-16.314146],[34.024241,-16.314101]]]}},{"type":"Feature","properties":{"ano":2025,"camada":"cultivo_sequeiro","area_km2":0.0702,"fracao_cobertura_celula":0.0702},"geometry":{"type":"Polygon","coordinates":[[[34.024194,-16.305062],[34.024147,-16.296023],[34.014788,-16.296069],[34.014834,-16.305107],[34.024194,-16.305062]]]}},{"type":"Feature","properties":{"ano":2025,"camada":"cultivo_sequeiro","area_km2":0.0783,"fracao_cobertura_celula":0.0783},"geometry":{"type":"Polygon","coordinates":[[[34.024147,-16.296023],[34.0241,-16.286985],[34.014741,-16.28703],[34.014788,-16.296069],[34.024147,-16.296023]]]}},{"type":"Feature","properties":{"ano":2025,"camada":"cultivo_sequeiro","area_km2":0.0405,"fracao_cobertura_celula":0.0405},"geometry":{"type":"Polygon","coordinates":[[[34.0241,-16.286985],[34.024053,-16.277946],[34.014695,-16.277991],[34.014741,-16.28703],[34.0241,-16.286985]]]}},{"type":"Feature","properties":{"ano":2025,"camada":"cultivo_sequeiro","area_km2":0.0144,"fracao_cobertura_celula":0.0144},"geometry":{"type":"Polygon","coordinates":[[[34.024053,-16.277946],[34.024006,-16.268907],[34.014649,-16.268952],[34.014695,-16.277991],[34.024053,-16.277946]]]}},{"type":"Feature","properties":{"ano":2025,"camada":"cultivo_sequeiro","area_km2":0.1692,"fracao_cobertura_celula":0.1692},"geometry":{"type":"Polygon","coordinates":[[[34.024006,-16.268907],[34.023959,-16.259869],[34.014602,-16.259914],[34.014649,-16.268952],[34.024006,-16.268907]]]}},{"type":"Feature","properties":{"ano":2025,"camada":"cultivo_sequeiro","area_km2":0.0054,"fracao_cobertura_celula":0.0054},"geometry":{"type":"Polygon","coordinates":[[[34.023959,-16.259869],[34.023913,-16.25083],[34.014556,-16.250875],[34.014602,-16.259914],[34.023959,-16.259869]]]}},{"type":"Feature","properties":{"ano":2025,"camada":"cultivo_sequeiro","area_km2":0.0252,"fracao_cobertura_celula":0.0252},"geometry":{"type":"Polygon","coordinates":[[[34.023913,-16.25083],[34.023866,-16.241791],[34.014509,-16.241836],[34.014556,-16.250875],[34.023913,-16.25083]]]}},{"type":"Feature","properties":{"ano":2025,"camada":"cultivo_sequeiro","area_km2":0.0612,"fracao_cobertura_celula":0.0612},"geometry":{"type":"Polygon","coordinates":[[[34.023866,-16.241791],[34.023819,-16.232752],[34.014463,-16.232797],[34.014509,-16.241836],[34.023866,-16.241791]]]}},{"type":"Feature","properties":{"ano":2025,"camada":"cultivo_sequeiro","area_km2":0.0126,"fracao_cobertura_celula":0.0126},"geometry":{"type":"Polygon","coordinates":[[[34.023819,-16.232752],[34.023772,-16.223714],[34.014417,-16.223758],[34.014463,-16.232797],[34.023819,-16.232752]]]}},{"type":"Feature","properties":{"ano":2025,"camada":"cultivo_sequeiro","area_km2":0.1638,"fracao_cobertura_celula":0.1638},"geometry":{"type":"Polygon","coordinates":[[[34.023772,-16.223714],[34.023726,-16.214675],[34.01437,-16.21472],[34.014417,-16.223758],[34.023772,-16.223714]]]}},{"type":"Feature","properties":{"ano":2025,"camada":"cultivo_sequeiro","area_km2":0.2466,"fracao_cobertura_celula":0.2466},"geometry":{"type":"Polygon","coordinates":[[[34.023726,-16.214675],[34.023679,-16.205636],[34.014324,-16.205681],[34.01437,-16.21472],[34.023726,-16.214675]]]}},{"type":"Feature","properties":{"ano":2025,"camada":"cultivo_sequeiro","area_km2":0.2646,"fracao_cobertura_celula":0.2646},"geometry":{"type":"Polygon","coordinates":[[[34.023679,-16.205636],[34.023632,-16.196597],[34.014278,-16.196642],[34.014324,-16.205681],[34.023679,-16.205636]]]}},{"type":"Feature","properties":{"ano":2025,"camada":"cultivo_sequeiro","area_km2":0.684,"fracao_cobertura_celula":0.684},"geometry":{"type":"Polygon","coordinates":[[[34.023632,-16.196597],[34.023586,-16.187558],[34.014232,-16.187603],[34.014278,-16.196642],[34.023632,-16.196597]]]}},{"type":"Feature","properties":{"ano":2025,"camada":"cultivo_sequeiro","area_km2":0.6858,"fracao_cobertura_celula":0.6858},"geometry":{"type":"Polygon","coordinates":[[[34.023586,-16.187558],[34.023539,-16.17852],[34.014186,-16.178564],[34.014232,-16.187603],[34.023586,-16.187558]]]}},{"type":"Feature","properties":{"ano":2025,"camada":"cultivo_sequeiro","area_km2":0.4815,"fracao_cobertura_celula":0.4815},"geometry":{"type":"Polygon","coordinates":[[[34.023539,-16.17852],[34.023493,-16.169481],[34.01414,-16.169526],[34.014186,-16.178564],[34.023539,-16.17852]]]}},{"type":"Feature","properties":{"ano":2025,"camada":"cultivo_sequeiro","area_km2":0.4275,"fracao_cobertura_celula":0.4275},"geometry":{"type":"Polygon","coordinates":[[[34.023493,-16.169481],[34.023446,-16.160442],[34.014093,-16.160487],[34.01414,-16.169526],[34.023493,-16.169481]]]}},{"type":"Feature","properties":{"ano":2025,"camada":"cultivo_sequeiro","area_km2":0.0981,"fracao_cobertura_celula":0.0981},"geometry":{"type":"Polygon","coordinates":[[[34.023446,-16.160442],[34.0234,-16.151403],[34.014047,-16.151448],[34.014093,-16.160487],[34.023446,-16.160442]]]}},{"type":"Feature","properties":{"ano":2025,"camada":"cultivo_sequeiro","area_km2":0.1656,"fracao_cobertura_celula":0.1656},"geometry":{"type":"Polygon","coordinates":[[[34.0234,-16.151403],[34.023353,-16.142364],[34.014001,-16.142409],[34.014047,-16.151448],[34.0234,-16.151403]]]}},{"type":"Feature","properties":{"ano":2025,"camada":"cultivo_sequeiro","area_km2":0.1584,"fracao_cobertura_celula":0.1584},"geometry":{"type":"Polygon","coordinates":[[[34.023353,-16.142364],[34.023307,-16.133325],[34.013955,-16.13337],[34.014001,-16.142409],[34.023353,-16.142364]]]}},{"type":"Feature","properties":{"ano":2025,"camada":"cultivo_sequeiro","area_km2":0.3078,"fracao_cobertura_celula":0.3078},"geometry":{"type":"Polygon","coordinates":[[[34.023307,-16.133325],[34.02326,-16.124287],[34.013909,-16.124331],[34.013955,-16.13337],[34.023307,-16.133325]]]}},{"type":"Feature","properties":{"ano":2025,"camada":"cultivo_sequeiro","area_km2":0.207,"fracao_cobertura_celula":0.207},"geometry":{"type":"Polygon","coordinates":[[[34.02326,-16.124287],[34.023214,-16.115248],[34.013863,-16.115292],[34.013909,-16.124331],[34.02326,-16.124287]]]}},{"type":"Feature","properties":{"ano":2025,"camada":"cultivo_sequeiro","area_km2":0.261,"fracao_cobertura_celula":0.261},"geometry":{"type":"Polygon","coordinates":[[[34.023214,-16.115248],[34.023168,-16.106209],[34.013818,-16.106253],[34.013863,-16.115292],[34.023214,-16.115248]]]}},{"type":"Feature","properties":{"ano":2025,"camada":"cultivo_sequeiro","area_km2":0.3069,"fracao_cobertura_celula":0.3069},"geometry":{"type":"Polygon","coordinates":[[[34.023168,-16.106209],[34.023121,-16.09717],[34.013772,-16.097215],[34.013818,-16.106253],[34.023168,-16.106209]]]}},{"type":"Feature","properties":{"ano":2025,"camada":"cultivo_sequeiro","area_km2":0.1818,"fracao_cobertura_celula":0.1818},"geometry":{"type":"Polygon","coordinates":[[[34.023121,-16.09717],[34.023075,-16.088131],[34.013726,-16.088176],[34.013772,-16.097215],[34.023121,-16.09717]]]}},{"type":"Feature","properties":{"ano":2025,"camada":"cultivo_sequeiro","area_km2":0.0342,"fracao_cobertura_celula":0.0342},"geometry":{"type":"Polygon","coordinates":[[[34.023075,-16.088131],[34.023029,-16.079092],[34.01368,-16.079137],[34.013726,-16.088176],[34.023075,-16.088131]]]}},{"type":"Feature","properties":{"ano":2025,"camada":"cultivo_sequeiro","area_km2":0.0495,"fracao_cobertura_celula":0.0495},"geometry":{"type":"Polygon","coordinates":[[[34.023029,-16.079092],[34.022982,-16.070053],[34.013634,-16.070098],[34.01368,-16.079137],[34.023029,-16.079092]]]}},{"type":"Feature","properties":{"ano":2025,"camada":"cultivo_sequeiro","area_km2":0.0018,"fracao_cobertura_celula":0.0018},"geometry":{"type":"Polygon","coordinates":[[[34.022982,-16.070053],[34.022936,-16.061014],[34.013588,-16.061059],[34.013634,-16.070098],[34.022982,-16.070053]]]}},{"type":"Feature","properties":{"ano":2025,"camada":"cultivo_sequeiro","area_km2":0.0873,"fracao_cobertura_celula":0.0873},"geometry":{"type":"Polygon","coordinates":[[[34.02289,-16.051975],[34.022844,-16.042937],[34.013497,-16.042981],[34.013543,-16.05202],[34.02289,-16.051975]]]}},{"type":"Feature","properties":{"ano":2025,"camada":"cultivo_sequeiro","area_km2":0.0198,"fracao_cobertura_celula":0.0198},"geometry":{"type":"Polygon","coordinates":[[[34.022844,-16.042937],[34.022798,-16.033898],[34.013451,-16.033942],[34.013497,-16.042981],[34.022844,-16.042937]]]}},{"type":"Feature","properties":{"ano":2025,"camada":"cultivo_sequeiro","area_km2":0.0009,"fracao_cobertura_celula":0.0009},"geometry":{"type":"Polygon","coordinates":[[[34.022798,-16.033898],[34.022752,-16.024859],[34.013406,-16.024903],[34.013451,-16.033942],[34.022798,-16.033898]]]}},{"type":"Feature","properties":{"ano":2025,"camada":"cultivo_sequeiro","area_km2":0.0072,"fracao_cobertura_celula":0.0072},"geometry":{"type":"Polygon","coordinates":[[[34.022752,-16.024859],[34.022706,-16.01582],[34.01336,-16.015864],[34.013406,-16.024903],[34.022752,-16.024859]]]}},{"type":"Feature","properties":{"ano":2025,"camada":"cultivo_sequeiro","area_km2":0.0126,"fracao_cobertura_celula":0.0126},"geometry":{"type":"Polygon","coordinates":[[[34.022706,-16.01582],[34.02266,-16.006781],[34.013314,-16.006825],[34.01336,-16.015864],[34.022706,-16.01582]]]}},{"type":"Feature","properties":{"ano":2025,"camada":"cultivo_sequeiro","area_km2":0.1251,"fracao_cobertura_celula":0.1251},"geometry":{"type":"Polygon","coordinates":[[[34.02266,-16.006781],[34.022614,-15.997742],[34.013269,-15.997786],[34.013314,-16.006825],[34.02266,-16.006781]]]}},{"type":"Feature","properties":{"ano":2025,"camada":"cultivo_sequeiro","area_km2":0.1134,"fracao_cobertura_celula":0.1134},"geometry":{"type":"Polygon","coordinates":[[[34.033791,-16.35021],[34.033743,-16.341171],[34.024382,-16.341217],[34.024429,-16.350256],[34.033791,-16.35021]]]}},{"type":"Feature","properties":{"ano":2025,"camada":"cultivo_sequeiro","area_km2":0.072,"fracao_cobertura_celula":0.072},"geometry":{"type":"Polygon","coordinates":[[[34.033743,-16.341171],[34.033696,-16.332133],[34.024335,-16.332178],[34.024382,-16.341217],[34.033743,-16.341171]]]}},{"type":"Feature","properties":{"ano":2025,"camada":"cultivo_sequeiro","area_km2":0.2295,"fracao_cobertura_celula":0.2295},"geometry":{"type":"Polygon","coordinates":[[[34.033696,-16.332133],[34.033648,-16.323094],[34.024288,-16.32314],[34.024335,-16.332178],[34.033696,-16.332133]]]}},{"type":"Feature","properties":{"ano":2025,"camada":"cultivo_sequeiro","area_km2":0.1368,"fracao_cobertura_celula":0.1368},"geometry":{"type":"Polygon","coordinates":[[[34.033648,-16.323094],[34.033601,-16.314055],[34.024241,-16.314101],[34.024288,-16.32314],[34.033648,-16.323094]]]}},{"type":"Feature","properties":{"ano":2025,"camada":"cultivo_sequeiro","area_km2":0.2673,"fracao_cobertura_celula":0.2673},"geometry":{"type":"Polygon","coordinates":[[[34.033601,-16.314055],[34.033553,-16.305017],[34.024194,-16.305062],[34.024241,-16.314101],[34.033601,-16.314055]]]}},{"type":"Feature","properties":{"ano":2025,"camada":"cultivo_sequeiro","area_km2":0.0459,"fracao_cobertura_celula":0.0459},"geometry":{"type":"Polygon","coordinates":[[[34.033553,-16.305017],[34.033506,-16.295978],[34.024147,-16.296023],[34.024194,-16.305062],[34.033553,-16.305017]]]}},{"type":"Feature","properties":{"ano":2025,"camada":"cultivo_sequeiro","area_km2":0.1629,"fracao_cobertura_celula":0.1629},"geometry":{"type":"Polygon","coordinates":[[[34.033506,-16.295978],[34.033458,-16.286939],[34.0241,-16.286985],[34.024147,-16.296023],[34.033506,-16.295978]]]}},{"type":"Feature","properties":{"ano":2025,"camada":"cultivo_sequeiro","area_km2":0.1566,"fracao_cobertura_celula":0.1566},"geometry":{"type":"Polygon","coordinates":[[[34.033458,-16.286939],[34.033411,-16.277901],[34.024053,-16.277946],[34.0241,-16.286985],[34.033458,-16.286939]]]}},{"type":"Feature","properties":{"ano":2025,"camada":"cultivo_sequeiro","area_km2":0.2259,"fracao_cobertura_celula":0.2259},"geometry":{"type":"Polygon","coordinates":[[[34.033411,-16.277901],[34.033364,-16.268862],[34.024006,-16.268907],[34.024053,-16.277946],[34.033411,-16.277901]]]}},{"type":"Feature","properties":{"ano":2025,"camada":"cultivo_sequeiro","area_km2":0.0495,"fracao_cobertura_celula":0.0495},"geometry":{"type":"Polygon","coordinates":[[[34.033364,-16.268862],[34.033317,-16.259823],[34.023959,-16.259869],[34.024006,-16.268907],[34.033364,-16.268862]]]}},{"type":"Feature","properties":{"ano":2025,"camada":"cultivo_sequeiro","area_km2":0.4131,"fracao_cobertura_celula":0.4131},"geometry":{"type":"Polygon","coordinates":[[[34.033317,-16.259823],[34.033269,-16.250784],[34.023913,-16.25083],[34.023959,-16.259869],[34.033317,-16.259823]]]}},{"type":"Feature","properties":{"ano":2025,"camada":"cultivo_sequeiro","area_km2":0.4014,"fracao_cobertura_celula":0.4014},"geometry":{"type":"Polygon","coordinates":[[[34.033269,-16.250784],[34.033222,-16.241746],[34.023866,-16.241791],[34.023913,-16.25083],[34.033269,-16.250784]]]}},{"type":"Feature","properties":{"ano":2025,"camada":"cultivo_sequeiro","area_km2":0.0783,"fracao_cobertura_celula":0.0783},"geometry":{"type":"Polygon","coordinates":[[[34.033222,-16.241746],[34.033175,-16.232707],[34.023819,-16.232752],[34.023866,-16.241791],[34.033222,-16.241746]]]}},{"type":"Feature","properties":{"ano":2025,"camada":"cultivo_sequeiro","area_km2":0.1197,"fracao_cobertura_celula":0.1197},"geometry":{"type":"Polygon","coordinates":[[[34.033175,-16.232707],[34.033128,-16.223668],[34.023772,-16.223714],[34.023819,-16.232752],[34.033175,-16.232707]]]}},{"type":"Feature","properties":{"ano":2025,"camada":"cultivo_sequeiro","area_km2":0.1584,"fracao_cobertura_celula":0.1584},"geometry":{"type":"Polygon","coordinates":[[[34.033128,-16.223668],[34.033081,-16.214629],[34.023726,-16.214675],[34.023772,-16.223714],[34.033128,-16.223668]]]}},{"type":"Feature","properties":{"ano":2025,"camada":"cultivo_sequeiro","area_km2":0.0576,"fracao_cobertura_celula":0.0576},"geometry":{"type":"Polygon","coordinates":[[[34.033081,-16.214629],[34.033034,-16.205591],[34.023679,-16.205636],[34.023726,-16.214675],[34.033081,-16.214629]]]}},{"type":"Feature","properties":{"ano":2025,"camada":"cultivo_sequeiro","area_km2":0.3843,"fracao_cobertura_celula":0.3843},"geometry":{"type":"Polygon","coordinates":[[[34.033034,-16.205591],[34.032986,-16.196552],[34.023632,-16.196597],[34.023679,-16.205636],[34.033034,-16.205591]]]}},{"type":"Feature","properties":{"ano":2025,"camada":"cultivo_sequeiro","area_km2":0.5463,"fracao_cobertura_celula":0.5463},"geometry":{"type":"Polygon","coordinates":[[[34.032986,-16.196552],[34.032939,-16.187513],[34.023586,-16.187558],[34.023632,-16.196597],[34.032986,-16.196552]]]}},{"type":"Feature","properties":{"ano":2025,"camada":"cultivo_sequeiro","area_km2":0.1881,"fracao_cobertura_celula":0.1881},"geometry":{"type":"Polygon","coordinates":[[[34.032939,-16.187513],[34.032892,-16.178474],[34.023539,-16.17852],[34.023586,-16.187558],[34.032939,-16.187513]]]}},{"type":"Feature","properties":{"ano":2025,"camada":"cultivo_sequeiro","area_km2":0.1404,"fracao_cobertura_celula":0.1404},"geometry":{"type":"Polygon","coordinates":[[[34.032892,-16.178474],[34.032845,-16.169436],[34.023493,-16.169481],[34.023539,-16.17852],[34.032892,-16.178474]]]}},{"type":"Feature","properties":{"ano":2025,"camada":"cultivo_sequeiro","area_km2":0.3591,"fracao_cobertura_celula":0.3591},"geometry":{"type":"Polygon","coordinates":[[[34.032845,-16.169436],[34.032799,-16.160397],[34.023446,-16.160442],[34.023493,-16.169481],[34.032845,-16.169436]]]}},{"type":"Feature","properties":{"ano":2025,"camada":"cultivo_sequeiro","area_km2":0.1476,"fracao_cobertura_celula":0.1476},"geometry":{"type":"Polygon","coordinates":[[[34.032799,-16.160397],[34.032752,-16.151358],[34.0234,-16.151403],[34.023446,-16.160442],[34.032799,-16.160397]]]}},{"type":"Feature","properties":{"ano":2025,"camada":"cultivo_sequeiro","area_km2":0.1773,"fracao_cobertura_celula":0.1773},"geometry":{"type":"Polygon","coordinates":[[[34.032752,-16.151358],[34.032705,-16.142319],[34.023353,-16.142364],[34.0234,-16.151403],[34.032752,-16.151358]]]}},{"type":"Feature","properties":{"ano":2025,"camada":"cultivo_sequeiro","area_km2":0.3438,"fracao_cobertura_celula":0.3438},"geometry":{"type":"Polygon","coordinates":[[[34.032705,-16.142319],[34.032658,-16.13328],[34.023307,-16.133325],[34.023353,-16.142364],[34.032705,-16.142319]]]}},{"type":"Feature","properties":{"ano":2025,"camada":"cultivo_sequeiro","area_km2":0.045,"fracao_cobertura_celula":0.045},"geometry":{"type":"Polygon","coordinates":[[[34.032658,-16.13328],[34.032611,-16.124242],[34.02326,-16.124287],[34.023307,-16.133325],[34.032658,-16.13328]]]}},{"type":"Feature","properties":{"ano":2025,"camada":"cultivo_sequeiro","area_km2":0.0801,"fracao_cobertura_celula":0.0801},"geometry":{"type":"Polygon","coordinates":[[[34.032611,-16.124242],[34.032564,-16.115203],[34.023214,-16.115248],[34.02326,-16.124287],[34.032611,-16.124242]]]}},{"type":"Feature","properties":{"ano":2025,"camada":"cultivo_sequeiro","area_km2":0.1125,"fracao_cobertura_celula":0.1125},"geometry":{"type":"Polygon","coordinates":[[[34.032564,-16.115203],[34.032518,-16.106164],[34.023168,-16.106209],[34.023214,-16.115248],[34.032564,-16.115203]]]}},{"type":"Feature","properties":{"ano":2025,"camada":"cultivo_sequeiro","area_km2":0.0999,"fracao_cobertura_celula":0.0999},"geometry":{"type":"Polygon","coordinates":[[[34.032518,-16.106164],[34.032471,-16.097125],[34.023121,-16.09717],[34.023168,-16.106209],[34.032518,-16.106164]]]}},{"type":"Feature","properties":{"ano":2025,"camada":"cultivo_sequeiro","area_km2":0.0783,"fracao_cobertura_celula":0.0783},"geometry":{"type":"Polygon","coordinates":[[[34.032471,-16.097125],[34.032424,-16.088086],[34.023075,-16.088131],[34.023121,-16.09717],[34.032471,-16.097125]]]}},{"type":"Feature","properties":{"ano":2025,"camada":"cultivo_sequeiro","area_km2":0.063,"fracao_cobertura_celula":0.063},"geometry":{"type":"Polygon","coordinates":[[[34.032424,-16.088086],[34.032377,-16.079047],[34.023029,-16.079092],[34.023075,-16.088131],[34.032424,-16.088086]]]}},{"type":"Feature","properties":{"ano":2025,"camada":"cultivo_sequeiro","area_km2":0.0288,"fracao_cobertura_celula":0.0288},"geometry":{"type":"Polygon","coordinates":[[[34.032377,-16.079047],[34.032331,-16.070008],[34.022982,-16.070053],[34.023029,-16.079092],[34.032377,-16.079047]]]}},{"type":"Feature","properties":{"ano":2025,"camada":"cultivo_sequeiro","area_km2":0.0234,"fracao_cobertura_celula":0.0234},"geometry":{"type":"Polygon","coordinates":[[[34.032331,-16.070008],[34.032284,-16.06097],[34.022936,-16.061014],[34.022982,-16.070053],[34.032331,-16.070008]]]}},{"type":"Feature","properties":{"ano":2025,"camada":"cultivo_sequeiro","area_km2":0.0396,"fracao_cobertura_celula":0.0396},"geometry":{"type":"Polygon","coordinates":[[[34.032284,-16.06097],[34.032238,-16.051931],[34.02289,-16.051975],[34.022936,-16.061014],[34.032284,-16.06097]]]}},{"type":"Feature","properties":{"ano":2025,"camada":"cultivo_sequeiro","area_km2":0.0693,"fracao_cobertura_celula":0.0693},"geometry":{"type":"Polygon","coordinates":[[[34.032238,-16.051931],[34.032191,-16.042892],[34.022844,-16.042937],[34.02289,-16.051975],[34.032238,-16.051931]]]}},{"type":"Feature","properties":{"ano":2025,"camada":"cultivo_sequeiro","area_km2":0.0243,"fracao_cobertura_celula":0.0243},"geometry":{"type":"Polygon","coordinates":[[[34.032191,-16.042892],[34.032144,-16.033853],[34.022798,-16.033898],[34.022844,-16.042937],[34.032191,-16.042892]]]}},{"type":"Feature","properties":{"ano":2025,"camada":"cultivo_sequeiro","area_km2":0.0108,"fracao_cobertura_celula":0.0108},"geometry":{"type":"Polygon","coordinates":[[[34.032098,-16.024814],[34.032052,-16.015775],[34.022706,-16.01582],[34.022752,-16.024859],[34.032098,-16.024814]]]}},{"type":"Feature","properties":{"ano":2025,"camada":"cultivo_sequeiro","area_km2":0.0045,"fracao_cobertura_celula":0.0045},"geometry":{"type":"Polygon","coordinates":[[[34.032052,-16.015775],[34.032005,-16.006736],[34.02266,-16.006781],[34.022706,-16.01582],[34.032052,-16.015775]]]}},{"type":"Feature","properties":{"ano":2025,"camada":"cultivo_sequeiro","area_km2":0.0837,"fracao_cobertura_celula":0.0837},"geometry":{"type":"Polygon","coordinates":[[[34.032005,-16.006736],[34.031959,-15.997697],[34.022614,-15.997742],[34.02266,-16.006781],[34.032005,-16.006736]]]}},{"type":"Feature","properties":{"ano":2025,"camada":"cultivo_sequeiro","area_km2":0.1233,"fracao_cobertura_celula":0.1233},"geometry":{"type":"Polygon","coordinates":[[[34.043152,-16.350164],[34.043104,-16.341125],[34.033743,-16.341171],[34.033791,-16.35021],[34.043152,-16.350164]]]}},{"type":"Feature","properties":{"ano":2025,"camada":"cultivo_sequeiro","area_km2":0.0387,"fracao_cobertura_celula":0.0387},"geometry":{"type":"Polygon","coordinates":[[[34.043104,-16.341125],[34.043056,-16.332087],[34.033696,-16.332133],[34.033743,-16.341171],[34.043104,-16.341125]]]}},{"type":"Feature","properties":{"ano":2025,"camada":"cultivo_sequeiro","area_km2":0.1584,"fracao_cobertura_celula":0.1584},"geometry":{"type":"Polygon","coordinates":[[[34.043056,-16.332087],[34.043008,-16.323048],[34.033648,-16.323094],[34.033696,-16.332133],[34.043056,-16.332087]]]}},{"type":"Feature","properties":{"ano":2025,"camada":"cultivo_sequeiro","area_km2":0.4698,"fracao_cobertura_celula":0.4698},"geometry":{"type":"Polygon","coordinates":[[[34.043008,-16.323048],[34.04296,-16.314009],[34.033601,-16.314055],[34.033648,-16.323094],[34.043008,-16.323048]]]}},{"type":"Feature","properties":{"ano":2025,"camada":"cultivo_sequeiro","area_km2":0.2025,"fracao_cobertura_celula":0.2025},"geometry":{"type":"Polygon","coordinates":[[[34.04296,-16.314009],[34.042913,-16.304971],[34.033553,-16.305017],[34.033601,-16.314055],[34.04296,-16.314009]]]}},{"type":"Feature","properties":{"ano":2025,"camada":"cultivo_sequeiro","area_km2":0.1053,"fracao_cobertura_celula":0.1053},"geometry":{"type":"Polygon","coordinates":[[[34.042913,-16.304971],[34.042865,-16.295932],[34.033506,-16.295978],[34.033553,-16.305017],[34.042913,-16.304971]]]}},{"type":"Feature","properties":{"ano":2025,"camada":"cultivo_sequeiro","area_km2":0.135,"fracao_cobertura_celula":0.135},"geometry":{"type":"Polygon","coordinates":[[[34.042865,-16.295932],[34.042817,-16.286893],[34.033458,-16.286939],[34.033506,-16.295978],[34.042865,-16.295932]]]}},{"type":"Feature","properties":{"ano":2025,"camada":"cultivo_sequeiro","area_km2":0.1314,"fracao_cobertura_celula":0.1314},"geometry":{"type":"Polygon","coordinates":[[[34.042817,-16.286893],[34.042769,-16.277855],[34.033411,-16.277901],[34.033458,-16.286939],[34.042817,-16.286893]]]}},{"type":"Feature","properties":{"ano":2025,"camada":"cultivo_sequeiro","area_km2":0.3393,"fracao_cobertura_celula":0.3393},"geometry":{"type":"Polygon","coordinates":[[[34.042769,-16.277855],[34.042721,-16.268816],[34.033364,-16.268862],[34.033411,-16.277901],[34.042769,-16.277855]]]}},{"type":"Feature","properties":{"ano":2025,"camada":"cultivo_sequeiro","area_km2":0.1494,"fracao_cobertura_celula":0.1494},"geometry":{"type":"Polygon","coordinates":[[[34.042721,-16.268816],[34.042674,-16.259777],[34.033317,-16.259823],[34.033364,-16.268862],[34.042721,-16.268816]]]}},{"type":"Feature","properties":{"ano":2025,"camada":"cultivo_sequeiro","area_km2":0.1485,"fracao_cobertura_celula":0.1485},"geometry":{"type":"Polygon","coordinates":[[[34.042674,-16.259777],[34.042626,-16.250739],[34.033269,-16.250784],[34.033317,-16.259823],[34.042674,-16.259777]]]}},{"type":"Feature","properties":{"ano":2025,"camada":"cultivo_sequeiro","area_km2":0.1143,"fracao_cobertura_celula":0.1143},"geometry":{"type":"Polygon","coordinates":[[[34.042626,-16.250739],[34.042578,-16.2417],[34.033222,-16.241746],[34.033269,-16.250784],[34.042626,-16.250739]]]}},{"type":"Feature","properties":{"ano":2025,"camada":"cultivo_sequeiro","area_km2":0.1449,"fracao_cobertura_celula":0.1449},"geometry":{"type":"Polygon","coordinates":[[[34.042578,-16.2417],[34.042531,-16.232661],[34.033175,-16.232707],[34.033222,-16.241746],[34.042578,-16.2417]]]}},{"type":"Feature","properties":{"ano":2025,"camada":"cultivo_sequeiro","area_km2":0.0225,"fracao_cobertura_celula":0.0225},"geometry":{"type":"Polygon","coordinates":[[[34.042531,-16.232661],[34.042483,-16.223622],[34.033128,-16.223668],[34.033175,-16.232707],[34.042531,-16.232661]]]}},{"type":"Feature","properties":{"ano":2025,"camada":"cultivo_sequeiro","area_km2":0.1089,"fracao_cobertura_celula":0.1089},"geometry":{"type":"Polygon","coordinates":[[[34.042483,-16.223622],[34.042436,-16.214584],[34.033081,-16.214629],[34.033128,-16.223668],[34.042483,-16.223622]]]}},{"type":"Feature","properties":{"ano":2025,"camada":"cultivo_sequeiro","area_km2":0.0144,"fracao_cobertura_celula":0.0144},"geometry":{"type":"Polygon","coordinates":[[[34.042436,-16.214584],[34.042388,-16.205545],[34.033034,-16.205591],[34.033081,-16.214629],[34.042436,-16.214584]]]}},{"type":"Feature","properties":{"ano":2025,"camada":"cultivo_sequeiro","area_km2":0.2835,"fracao_cobertura_celula":0.2835},"geometry":{"type":"Polygon","coordinates":[[[34.042388,-16.205545],[34.042341,-16.196506],[34.032986,-16.196552],[34.033034,-16.205591],[34.042388,-16.205545]]]}},{"type":"Feature","properties":{"ano":2025,"camada":"cultivo_sequeiro","area_km2":0.2898,"fracao_cobertura_celula":0.2898},"geometry":{"type":"Polygon","coordinates":[[[34.042341,-16.196506],[34.042293,-16.187468],[34.032939,-16.187513],[34.032986,-16.196552],[34.042341,-16.196506]]]}},{"type":"Feature","properties":{"ano":2025,"camada":"cultivo_sequeiro","area_km2":0.0648,"fracao_cobertura_celula":0.0648},"geometry":{"type":"Polygon","coordinates":[[[34.042293,-16.187468],[34.042246,-16.178429],[34.032892,-16.178474],[34.032939,-16.187513],[34.042293,-16.187468]]]}},{"type":"Feature","properties":{"ano":2025,"camada":"cultivo_sequeiro","area_km2":0.1116,"fracao_cobertura_celula":0.1116},"geometry":{"type":"Polygon","coordinates":[[[34.042246,-16.178429],[34.042198,-16.16939],[34.032845,-16.169436],[34.032892,-16.178474],[34.042246,-16.178429]]]}},{"type":"Feature","properties":{"ano":2025,"camada":"cultivo_sequeiro","area_km2":0.0288,"fracao_cobertura_celula":0.0288},"geometry":{"type":"Polygon","coordinates":[[[34.042198,-16.16939],[34.042151,-16.160351],[34.032799,-16.160397],[34.032845,-16.169436],[34.042198,-16.16939]]]}},{"type":"Feature","properties":{"ano":2025,"camada":"cultivo_sequeiro","area_km2":0.0774,"fracao_cobertura_celula":0.0774},"geometry":{"type":"Polygon","coordinates":[[[34.042151,-16.160351],[34.042104,-16.151312],[34.032752,-16.151358],[34.032799,-16.160397],[34.042151,-16.160351]]]}},{"type":"Feature","properties":{"ano":2025,"camada":"cultivo_sequeiro","area_km2":0.2502,"fracao_cobertura_celula":0.2502},"geometry":{"type":"Polygon","coordinates":[[[34.042104,-16.151312],[34.042056,-16.142274],[34.032705,-16.142319],[34.032752,-16.151358],[34.042104,-16.151312]]]}},{"type":"Feature","properties":{"ano":2025,"camada":"cultivo_sequeiro","area_km2":0.2349,"fracao_cobertura_celula":0.2349},"geometry":{"type":"Polygon","coordinates":[[[34.042056,-16.142274],[34.042009,-16.133235],[34.032658,-16.13328],[34.032705,-16.142319],[34.042056,-16.142274]]]}},{"type":"Feature","properties":{"ano":2025,"camada":"cultivo_sequeiro","area_km2":0.1629,"fracao_cobertura_celula":0.1629},"geometry":{"type":"Polygon","coordinates":[[[34.042009,-16.133235],[34.041962,-16.124196],[34.032611,-16.124242],[34.032658,-16.13328],[34.042009,-16.133235]]]}},{"type":"Feature","properties":{"ano":2025,"camada":"cultivo_sequeiro","area_km2":0.0783,"fracao_cobertura_celula":0.0783},"geometry":{"type":"Polygon","coordinates":[[[34.041962,-16.124196],[34.041915,-16.115157],[34.032564,-16.115203],[34.032611,-16.124242],[34.041962,-16.124196]]]}},{"type":"Feature","properties":{"ano":2025,"camada":"cultivo_sequeiro","area_km2":0.0468,"fracao_cobertura_celula":0.0468},"geometry":{"type":"Polygon","coordinates":[[[34.041915,-16.115157],[34.041867,-16.106118],[34.032518,-16.106164],[34.032564,-16.115203],[34.041915,-16.115157]]]}},{"type":"Feature","properties":{"ano":2025,"camada":"cultivo_sequeiro","area_km2":0.1422,"fracao_cobertura_celula":0.1422},"geometry":{"type":"Polygon","coordinates":[[[34.041867,-16.106118],[34.04182,-16.09708],[34.032471,-16.097125],[34.032518,-16.106164],[34.041867,-16.106118]]]}},{"type":"Feature","properties":{"ano":2025,"camada":"cultivo_sequeiro","area_km2":0.207,"fracao_cobertura_celula":0.207},"geometry":{"type":"Polygon","coordinates":[[[34.04182,-16.09708],[34.041773,-16.088041],[34.032424,-16.088086],[34.032471,-16.097125],[34.04182,-16.09708]]]}},{"type":"Feature","properties":{"ano":2025,"camada":"cultivo_sequeiro","area_km2":0.0396,"fracao_cobertura_celula":0.0396},"geometry":{"type":"Polygon","coordinates":[[[34.041773,-16.088041],[34.041726,-16.079002],[34.032377,-16.079047],[34.032424,-16.088086],[34.041773,-16.088041]]]}},{"type":"Feature","properties":{"ano":2025,"camada":"cultivo_sequeiro","area_km2":0.0189,"fracao_cobertura_celula":0.0189},"geometry":{"type":"Polygon","coordinates":[[[34.041726,-16.079002],[34.041679,-16.069963],[34.032331,-16.070008],[34.032377,-16.079047],[34.041726,-16.079002]]]}},{"type":"Feature","properties":{"ano":2025,"camada":"cultivo_sequeiro","area_km2":0.1071,"fracao_cobertura_celula":0.1071},"geometry":{"type":"Polygon","coordinates":[[[34.041679,-16.069963],[34.041632,-16.060924],[34.032284,-16.06097],[34.032331,-16.070008],[34.041679,-16.069963]]]}},{"type":"Feature","properties":{"ano":2025,"camada":"cultivo_sequeiro","area_km2":0.0828,"fracao_cobertura_celula":0.0828},"geometry":{"type":"Polygon","coordinates":[[[34.041632,-16.060924],[34.041585,-16.051885],[34.032238,-16.051931],[34.032284,-16.06097],[34.041632,-16.060924]]]}},{"type":"Feature","properties":{"ano":2025,"camada":"cultivo_sequeiro","area_km2":0.045,"fracao_cobertura_celula":0.045},"geometry":{"type":"Polygon","coordinates":[[[34.041585,-16.051885],[34.041538,-16.042847],[34.032191,-16.042892],[34.032238,-16.051931],[34.041585,-16.051885]]]}},{"type":"Feature","properties":{"ano":2025,"camada":"cultivo_sequeiro","area_km2":0.0504,"fracao_cobertura_celula":0.0504},"geometry":{"type":"Polygon","coordinates":[[[34.041538,-16.042847],[34.041491,-16.033808],[34.032144,-16.033853],[34.032191,-16.042892],[34.041538,-16.042847]]]}},{"type":"Feature","properties":{"ano":2025,"camada":"cultivo_sequeiro","area_km2":0.0882,"fracao_cobertura_celula":0.0882},"geometry":{"type":"Polygon","coordinates":[[[34.041491,-16.033808],[34.041444,-16.024769],[34.032098,-16.024814],[34.032144,-16.033853],[34.041491,-16.033808]]]}},{"type":"Feature","properties":{"ano":2025,"camada":"cultivo_sequeiro","area_km2":0.0279,"fracao_cobertura_celula":0.0279},"geometry":{"type":"Polygon","coordinates":[[[34.041444,-16.024769],[34.041397,-16.01573],[34.032052,-16.015775],[34.032098,-16.024814],[34.041444,-16.024769]]]}},{"type":"Feature","properties":{"ano":2025,"camada":"cultivo_sequeiro","area_km2":0.0189,"fracao_cobertura_celula":0.0189},"geometry":{"type":"Polygon","coordinates":[[[34.041397,-16.01573],[34.04135,-16.006691],[34.032005,-16.006736],[34.032052,-16.015775],[34.041397,-16.01573]]]}},{"type":"Feature","properties":{"ano":2025,"camada":"cultivo_sequeiro","area_km2":0.0234,"fracao_cobertura_celula":0.0234},"geometry":{"type":"Polygon","coordinates":[[[34.04135,-16.006691],[34.041304,-15.997652],[34.031959,-15.997697],[34.032005,-16.006736],[34.04135,-16.006691]]]}},{"type":"Feature","properties":{"ano":2025,"camada":"cultivo_sequeiro","area_km2":0.2322,"fracao_cobertura_celula":0.2322},"geometry":{"type":"Polygon","coordinates":[[[34.052513,-16.350117],[34.052465,-16.341079],[34.043104,-16.341125],[34.043152,-16.350164],[34.052513,-16.350117]]]}},{"type":"Feature","properties":{"ano":2025,"camada":"cultivo_sequeiro","area_km2":0.3006,"fracao_cobertura_celula":0.3006},"geometry":{"type":"Polygon","coordinates":[[[34.052465,-16.341079],[34.052417,-16.33204],[34.043056,-16.332087],[34.043104,-16.341125],[34.052465,-16.341079]]]}},{"type":"Feature","properties":{"ano":2025,"camada":"cultivo_sequeiro","area_km2":0.1125,"fracao_cobertura_celula":0.1125},"geometry":{"type":"Polygon","coordinates":[[[34.052417,-16.33204],[34.052368,-16.323001],[34.043008,-16.323048],[34.043056,-16.332087],[34.052417,-16.33204]]]}},{"type":"Feature","properties":{"ano":2025,"camada":"cultivo_sequeiro","area_km2":0.1143,"fracao_cobertura_celula":0.1143},"geometry":{"type":"Polygon","coordinates":[[[34.052368,-16.323001],[34.05232,-16.313963],[34.04296,-16.314009],[34.043008,-16.323048],[34.052368,-16.323001]]]}},{"type":"Feature","properties":{"ano":2025,"camada":"cultivo_sequeiro","area_km2":0.2394,"fracao_cobertura_celula":0.2394},"geometry":{"type":"Polygon","coordinates":[[[34.05232,-16.313963],[34.052272,-16.304924],[34.042913,-16.304971],[34.04296,-16.314009],[34.05232,-16.313963]]]}},{"type":"Feature","properties":{"ano":2025,"camada":"cultivo_sequeiro","area_km2":0.333,"fracao_cobertura_celula":0.333},"geometry":{"type":"Polygon","coordinates":[[[34.052272,-16.304924],[34.052224,-16.295886],[34.042865,-16.295932],[34.042913,-16.304971],[34.052272,-16.304924]]]}},{"type":"Feature","properties":{"ano":2025,"camada":"cultivo_sequeiro","area_km2":0.297,"fracao_cobertura_celula":0.297},"geometry":{"type":"Polygon","coordinates":[[[34.052224,-16.295886],[34.052175,-16.286847],[34.042817,-16.286893],[34.042865,-16.295932],[34.052224,-16.295886]]]}},{"type":"Feature","properties":{"ano":2025,"camada":"cultivo_sequeiro","area_km2":0.3951,"fracao_cobertura_celula":0.3951},"geometry":{"type":"Polygon","coordinates":[[[34.052175,-16.286847],[34.052127,-16.277808],[34.042769,-16.277855],[34.042817,-16.286893],[34.052175,-16.286847]]]}},{"type":"Feature","properties":{"ano":2025,"camada":"cultivo_sequeiro","area_km2":0.2232,"fracao_cobertura_celula":0.2232},"geometry":{"type":"Polygon","coordinates":[[[34.052127,-16.277808],[34.052079,-16.26877],[34.042721,-16.268816],[34.042769,-16.277855],[34.052127,-16.277808]]]}},{"type":"Feature","properties":{"ano":2025,"camada":"cultivo_sequeiro","area_km2":0.1386,"fracao_cobertura_celula":0.1386},"geometry":{"type":"Polygon","coordinates":[[[34.052079,-16.26877],[34.052031,-16.259731],[34.042674,-16.259777],[34.042721,-16.268816],[34.052079,-16.26877]]]}},{"type":"Feature","properties":{"ano":2025,"camada":"cultivo_sequeiro","area_km2":0.0873,"fracao_cobertura_celula":0.0873},"geometry":{"type":"Polygon","coordinates":[[[34.052031,-16.259731],[34.051983,-16.250692],[34.042626,-16.250739],[34.042674,-16.259777],[34.052031,-16.259731]]]}},{"type":"Feature","properties":{"ano":2025,"camada":"cultivo_sequeiro","area_km2":0.0738,"fracao_cobertura_celula":0.0738},"geometry":{"type":"Polygon","coordinates":[[[34.051983,-16.250692],[34.051935,-16.241654],[34.042578,-16.2417],[34.042626,-16.250739],[34.051983,-16.250692]]]}},{"type":"Feature","properties":{"ano":2025,"camada":"cultivo_sequeiro","area_km2":0.0648,"fracao_cobertura_celula":0.0648},"geometry":{"type":"Polygon","coordinates":[[[34.051935,-16.241654],[34.051887,-16.232615],[34.042531,-16.232661],[34.042578,-16.2417],[34.051935,-16.241654]]]}},{"type":"Feature","properties":{"ano":2025,"camada":"cultivo_sequeiro","area_km2":0.0576,"fracao_cobertura_celula":0.0576},"geometry":{"type":"Polygon","coordinates":[[[34.051887,-16.232615],[34.051839,-16.223576],[34.042483,-16.223622],[34.042531,-16.232661],[34.051887,-16.232615]]]}},{"type":"Feature","properties":{"ano":2025,"camada":"cultivo_sequeiro","area_km2":6.8499,"fracao_cobertura_celula":6.8499},"geometry":{"type":"Polygon","coordinates":[[[34.051839,-16.223576],[34.051791,-16.214538],[34.042436,-16.214584],[34.042483,-16.223622],[34.051839,-16.223576]]]}},{"type":"Feature","properties":{"ano":2025,"camada":"cultivo_sequeiro","area_km2":0.0657,"fracao_cobertura_celula":0.0657},"geometry":{"type":"Polygon","coordinates":[[[34.051791,-16.214538],[34.051743,-16.205499],[34.042388,-16.205545],[34.042436,-16.214584],[34.051791,-16.214538]]]}},{"type":"Feature","properties":{"ano":2025,"camada":"cultivo_sequeiro","area_km2":0.1971,"fracao_cobertura_celula":0.1971},"geometry":{"type":"Polygon","coordinates":[[[34.051743,-16.205499],[34.051695,-16.19646],[34.042341,-16.196506],[34.042388,-16.205545],[34.051743,-16.205499]]]}},{"type":"Feature","properties":{"ano":2025,"camada":"cultivo_sequeiro","area_km2":0.2619,"fracao_cobertura_celula":0.2619},"geometry":{"type":"Polygon","coordinates":[[[34.051695,-16.19646],[34.051647,-16.187421],[34.042293,-16.187468],[34.042341,-16.196506],[34.051695,-16.19646]]]}},{"type":"Feature","properties":{"ano":2025,"camada":"cultivo_sequeiro","area_km2":0.3105,"fracao_cobertura_celula":0.3105},"geometry":{"type":"Polygon","coordinates":[[[34.051647,-16.187421],[34.051599,-16.178383],[34.042246,-16.178429],[34.042293,-16.187468],[34.051647,-16.187421]]]}},{"type":"Feature","properties":{"ano":2025,"camada":"cultivo_sequeiro","area_km2":0.0468,"fracao_cobertura_celula":0.0468},"geometry":{"type":"Polygon","coordinates":[[[34.051599,-16.178383],[34.051551,-16.169344],[34.042198,-16.16939],[34.042246,-16.178429],[34.051599,-16.178383]]]}},{"type":"Feature","properties":{"ano":2025,"camada":"cultivo_sequeiro","area_km2":0.0216,"fracao_cobertura_celula":0.0216},"geometry":{"type":"Polygon","coordinates":[[[34.051551,-16.169344],[34.051503,-16.160305],[34.042151,-16.160351],[34.042198,-16.16939],[34.051551,-16.169344]]]}},{"type":"Feature","properties":{"ano":2025,"camada":"cultivo_sequeiro","area_km2":0.1251,"fracao_cobertura_celula":0.1251},"geometry":{"type":"Polygon","coordinates":[[[34.051503,-16.160305],[34.051456,-16.151267],[34.042104,-16.151312],[34.042151,-16.160351],[34.051503,-16.160305]]]}},{"type":"Feature","properties":{"ano":2025,"camada":"cultivo_sequeiro","area_km2":0.1143,"fracao_cobertura_celula":0.1143},"geometry":{"type":"Polygon","coordinates":[[[34.051456,-16.151267],[34.051408,-16.142228],[34.042056,-16.142274],[34.042104,-16.151312],[34.051456,-16.151267]]]}},{"type":"Feature","properties":{"ano":2025,"camada":"cultivo_sequeiro","area_km2":0.0189,"fracao_cobertura_celula":0.0189},"geometry":{"type":"Polygon","coordinates":[[[34.051408,-16.142228],[34.05136,-16.133189],[34.042009,-16.133235],[34.042056,-16.142274],[34.051408,-16.142228]]]}},{"type":"Feature","properties":{"ano":2025,"camada":"cultivo_sequeiro","area_km2":0.2889,"fracao_cobertura_celula":0.2889},"geometry":{"type":"Polygon","coordinates":[[[34.05136,-16.133189],[34.051313,-16.12415],[34.041962,-16.124196],[34.042009,-16.133235],[34.05136,-16.133189]]]}},{"type":"Feature","properties":{"ano":2025,"camada":"cultivo_sequeiro","area_km2":0.1089,"fracao_cobertura_celula":0.1089},"geometry":{"type":"Polygon","coordinates":[[[34.051313,-16.12415],[34.051265,-16.115111],[34.041915,-16.115157],[34.041962,-16.124196],[34.051313,-16.12415]]]}},{"type":"Feature","properties":{"ano":2025,"camada":"cultivo_sequeiro","area_km2":0.2295,"fracao_cobertura_celula":0.2295},"geometry":{"type":"Polygon","coordinates":[[[34.051265,-16.115111],[34.051217,-16.106073],[34.041867,-16.106118],[34.041915,-16.115157],[34.051265,-16.115111]]]}},{"type":"Feature","properties":{"ano":2025,"camada":"cultivo_sequeiro","area_km2":0.063,"fracao_cobertura_celula":0.063},"geometry":{"type":"Polygon","coordinates":[[[34.051217,-16.106073],[34.05117,-16.097034],[34.04182,-16.09708],[34.041867,-16.106118],[34.051217,-16.106073]]]}},{"type":"Feature","properties":{"ano":2025,"camada":"cultivo_sequeiro","area_km2":0.0576,"fracao_cobertura_celula":0.0576},"geometry":{"type":"Polygon","coordinates":[[[34.05117,-16.097034],[34.051122,-16.087995],[34.041773,-16.088041],[34.04182,-16.09708],[34.05117,-16.097034]]]}},{"type":"Feature","properties":{"ano":2025,"camada":"cultivo_sequeiro","area_km2":0.0252,"fracao_cobertura_celula":0.0252},"geometry":{"type":"Polygon","coordinates":[[[34.051122,-16.087995],[34.051075,-16.078956],[34.041726,-16.079002],[34.041773,-16.088041],[34.051122,-16.087995]]]}},{"type":"Feature","properties":{"ano":2025,"camada":"cultivo_sequeiro","area_km2":0.0153,"fracao_cobertura_celula":0.0153},"geometry":{"type":"Polygon","coordinates":[[[34.051075,-16.078956],[34.051027,-16.069917],[34.041679,-16.069963],[34.041726,-16.079002],[34.051075,-16.078956]]]}},{"type":"Feature","properties":{"ano":2025,"camada":"cultivo_sequeiro","area_km2":0.1017,"fracao_cobertura_celula":0.1017},"geometry":{"type":"Polygon","coordinates":[[[34.051027,-16.069917],[34.05098,-16.060879],[34.041632,-16.060924],[34.041679,-16.069963],[34.051027,-16.069917]]]}},{"type":"Feature","properties":{"ano":2025,"camada":"cultivo_sequeiro","area_km2":0.0081,"fracao_cobertura_celula":0.0081},"geometry":{"type":"Polygon","coordinates":[[[34.05098,-16.060879],[34.050932,-16.05184],[34.041585,-16.051885],[34.041632,-16.060924],[34.05098,-16.060879]]]}},{"type":"Feature","properties":{"ano":2025,"camada":"cultivo_sequeiro","area_km2":0.0054,"fracao_cobertura_celula":0.0054},"geometry":{"type":"Polygon","coordinates":[[[34.050932,-16.05184],[34.050885,-16.042801],[34.041538,-16.042847],[34.041585,-16.051885],[34.050932,-16.05184]]]}},{"type":"Feature","properties":{"ano":2025,"camada":"cultivo_sequeiro","area_km2":0.0027,"fracao_cobertura_celula":0.0027},"geometry":{"type":"Polygon","coordinates":[[[34.050885,-16.042801],[34.050838,-16.033762],[34.041491,-16.033808],[34.041538,-16.042847],[34.050885,-16.042801]]]}},{"type":"Feature","properties":{"ano":2025,"camada":"cultivo_sequeiro","area_km2":0.0531,"fracao_cobertura_celula":0.0531},"geometry":{"type":"Polygon","coordinates":[[[34.050838,-16.033762],[34.05079,-16.024723],[34.041444,-16.024769],[34.041491,-16.033808],[34.050838,-16.033762]]]}},{"type":"Feature","properties":{"ano":2025,"camada":"cultivo_sequeiro","area_km2":0.1872,"fracao_cobertura_celula":0.1872},"geometry":{"type":"Polygon","coordinates":[[[34.05079,-16.024723],[34.050743,-16.015684],[34.041397,-16.01573],[34.041444,-16.024769],[34.05079,-16.024723]]]}},{"type":"Feature","properties":{"ano":2025,"camada":"cultivo_sequeiro","area_km2":0.0468,"fracao_cobertura_celula":0.0468},"geometry":{"type":"Polygon","coordinates":[[[34.050743,-16.015684],[34.050696,-16.006645],[34.04135,-16.006691],[34.041397,-16.01573],[34.050743,-16.015684]]]}},{"type":"Feature","properties":{"ano":2025,"camada":"cultivo_sequeiro","area_km2":0.1314,"fracao_cobertura_celula":0.1314},"geometry":{"type":"Polygon","coordinates":[[[34.050696,-16.006645],[34.050648,-15.997607],[34.041304,-15.997652],[34.04135,-16.006691],[34.050696,-16.006645]]]}},{"type":"Feature","properties":{"ano":2025,"camada":"cultivo_sequeiro","area_km2":0.0432,"fracao_cobertura_celula":0.0432},"geometry":{"type":"Polygon","coordinates":[[[34.061875,-16.35007],[34.061826,-16.341032],[34.052465,-16.341079],[34.052513,-16.350117],[34.061875,-16.35007]]]}},{"type":"Feature","properties":{"ano":2025,"camada":"cultivo_sequeiro","area_km2":0.1071,"fracao_cobertura_celula":0.1071},"geometry":{"type":"Polygon","coordinates":[[[34.061826,-16.341032],[34.061777,-16.331993],[34.052417,-16.33204],[34.052465,-16.341079],[34.061826,-16.341032]]]}},{"type":"Feature","properties":{"ano":2025,"camada":"cultivo_sequeiro","area_km2":0.0018,"fracao_cobertura_celula":0.0018},"geometry":{"type":"Polygon","coordinates":[[[34.061777,-16.331993],[34.061729,-16.322955],[34.052368,-16.323001],[34.052417,-16.33204],[34.061777,-16.331993]]]}},{"type":"Feature","properties":{"ano":2025,"camada":"cultivo_sequeiro","area_km2":0.0279,"fracao_cobertura_celula":0.0279},"geometry":{"type":"Polygon","coordinates":[[[34.061729,-16.322955],[34.06168,-16.313916],[34.05232,-16.313963],[34.052368,-16.323001],[34.061729,-16.322955]]]}},{"type":"Feature","properties":{"ano":2025,"camada":"cultivo_sequeiro","area_km2":0.0396,"fracao_cobertura_celula":0.0396},"geometry":{"type":"Polygon","coordinates":[[[34.06168,-16.313916],[34.061631,-16.304877],[34.052272,-16.304924],[34.05232,-16.313963],[34.06168,-16.313916]]]}},{"type":"Feature","properties":{"ano":2025,"camada":"cultivo_sequeiro","area_km2":0.171,"fracao_cobertura_celula":0.171},"geometry":{"type":"Polygon","coordinates":[[[34.061631,-16.304877],[34.061582,-16.295839],[34.052224,-16.295886],[34.052272,-16.304924],[34.061631,-16.304877]]]}},{"type":"Feature","properties":{"ano":2025,"camada":"cultivo_sequeiro","area_km2":0.0864,"fracao_cobertura_celula":0.0864},"geometry":{"type":"Polygon","coordinates":[[[34.061582,-16.295839],[34.061534,-16.2868],[34.052175,-16.286847],[34.052224,-16.295886],[34.061582,-16.295839]]]}},{"type":"Feature","properties":{"ano":2025,"camada":"cultivo_sequeiro","area_km2":1.2087,"fracao_cobertura_celula":1.2087},"geometry":{"type":"Polygon","coordinates":[[[34.061534,-16.2868],[34.061485,-16.277762],[34.052127,-16.277808],[34.052175,-16.286847],[34.061534,-16.2868]]]}},{"type":"Feature","properties":{"ano":2025,"camada":"cultivo_sequeiro","area_km2":0.1107,"fracao_cobertura_celula":0.1107},"geometry":{"type":"Polygon","coordinates":[[[34.061485,-16.277762],[34.061437,-16.268723],[34.052079,-16.26877],[34.052127,-16.277808],[34.061485,-16.277762]]]}},{"type":"Feature","properties":{"ano":2025,"camada":"cultivo_sequeiro","area_km2":0.3267,"fracao_cobertura_celula":0.3267},"geometry":{"type":"Polygon","coordinates":[[[34.061437,-16.268723],[34.061388,-16.259684],[34.052031,-16.259731],[34.052079,-16.26877],[34.061437,-16.268723]]]}},{"type":"Feature","properties":{"ano":2025,"camada":"cultivo_sequeiro","area_km2":0.1602,"fracao_cobertura_celula":0.1602},"geometry":{"type":"Polygon","coordinates":[[[34.061388,-16.259684],[34.061339,-16.250646],[34.051983,-16.250692],[34.052031,-16.259731],[34.061388,-16.259684]]]}},{"type":"Feature","properties":{"ano":2025,"camada":"cultivo_sequeiro","area_km2":0.0792,"fracao_cobertura_celula":0.0792},"geometry":{"type":"Polygon","coordinates":[[[34.061339,-16.250646],[34.061291,-16.241607],[34.051935,-16.241654],[34.051983,-16.250692],[34.061339,-16.250646]]]}},{"type":"Feature","properties":{"ano":2025,"camada":"cultivo_sequeiro","area_km2":0.0243,"fracao_cobertura_celula":0.0243},"geometry":{"type":"Polygon","coordinates":[[[34.061291,-16.241607],[34.061242,-16.232568],[34.051887,-16.232615],[34.051935,-16.241654],[34.061291,-16.241607]]]}},{"type":"Feature","properties":{"ano":2025,"camada":"cultivo_sequeiro","area_km2":0.0027,"fracao_cobertura_celula":0.0027},"geometry":{"type":"Polygon","coordinates":[[[34.061242,-16.232568],[34.061194,-16.22353],[34.051839,-16.223576],[34.051887,-16.232615],[34.061242,-16.232568]]]}},{"type":"Feature","properties":{"ano":2025,"camada":"cultivo_sequeiro","area_km2":0.3276,"fracao_cobertura_celula":0.3276},"geometry":{"type":"Polygon","coordinates":[[[34.061194,-16.22353],[34.061146,-16.214491],[34.051791,-16.214538],[34.051839,-16.223576],[34.061194,-16.22353]]]}},{"type":"Feature","properties":{"ano":2025,"camada":"cultivo_sequeiro","area_km2":0.1224,"fracao_cobertura_celula":0.1224},"geometry":{"type":"Polygon","coordinates":[[[34.061146,-16.214491],[34.061097,-16.205452],[34.051743,-16.205499],[34.051791,-16.214538],[34.061146,-16.214491]]]}},{"type":"Feature","properties":{"ano":2025,"camada":"cultivo_sequeiro","area_km2":0.5877,"fracao_cobertura_celula":0.5877},"geometry":{"type":"Polygon","coordinates":[[[34.061097,-16.205452],[34.061049,-16.196414],[34.051695,-16.19646],[34.051743,-16.205499],[34.061097,-16.205452]]]}},{"type":"Feature","properties":{"ano":2025,"camada":"cultivo_sequeiro","area_km2":0.0765,"fracao_cobertura_celula":0.0765},"geometry":{"type":"Polygon","coordinates":[[[34.061049,-16.196414],[34.061001,-16.187375],[34.051647,-16.187421],[34.051695,-16.19646],[34.061049,-16.196414]]]}},{"type":"Feature","properties":{"ano":2025,"camada":"cultivo_sequeiro","area_km2":0.1287,"fracao_cobertura_celula":0.1287},"geometry":{"type":"Polygon","coordinates":[[[34.061001,-16.187375],[34.060952,-16.178336],[34.051599,-16.178383],[34.051647,-16.187421],[34.061001,-16.187375]]]}},{"type":"Feature","properties":{"ano":2025,"camada":"cultivo_sequeiro","area_km2":0.0333,"fracao_cobertura_celula":0.0333},"geometry":{"type":"Polygon","coordinates":[[[34.060952,-16.178336],[34.060904,-16.169298],[34.051551,-16.169344],[34.051599,-16.178383],[34.060952,-16.178336]]]}},{"type":"Feature","properties":{"ano":2025,"camada":"cultivo_sequeiro","area_km2":0.0135,"fracao_cobertura_celula":0.0135},"geometry":{"type":"Polygon","coordinates":[[[34.060904,-16.169298],[34.060856,-16.160259],[34.051503,-16.160305],[34.051551,-16.169344],[34.060904,-16.169298]]]}},{"type":"Feature","properties":{"ano":2025,"camada":"cultivo_sequeiro","area_km2":0.0126,"fracao_cobertura_celula":0.0126},"geometry":{"type":"Polygon","coordinates":[[[34.060856,-16.160259],[34.060808,-16.15122],[34.051456,-16.151267],[34.051503,-16.160305],[34.060856,-16.160259]]]}},{"type":"Feature","properties":{"ano":2025,"camada":"cultivo_sequeiro","area_km2":0.0045,"fracao_cobertura_celula":0.0045},"geometry":{"type":"Polygon","coordinates":[[[34.060808,-16.15122],[34.06076,-16.142181],[34.051408,-16.142228],[34.051456,-16.151267],[34.060808,-16.15122]]]}},{"type":"Feature","properties":{"ano":2025,"camada":"cultivo_sequeiro","area_km2":0.0369,"fracao_cobertura_celula":0.0369},"geometry":{"type":"Polygon","coordinates":[[[34.06076,-16.142181],[34.060711,-16.133143],[34.05136,-16.133189],[34.051408,-16.142228],[34.06076,-16.142181]]]}},{"type":"Feature","properties":{"ano":2025,"camada":"cultivo_sequeiro","area_km2":0.0063,"fracao_cobertura_celula":0.0063},"geometry":{"type":"Polygon","coordinates":[[[34.060711,-16.133143],[34.060663,-16.124104],[34.051313,-16.12415],[34.05136,-16.133189],[34.060711,-16.133143]]]}},{"type":"Feature","properties":{"ano":2025,"camada":"cultivo_sequeiro","area_km2":0.0225,"fracao_cobertura_celula":0.0225},"geometry":{"type":"Polygon","coordinates":[[[34.060663,-16.124104],[34.060615,-16.115065],[34.051265,-16.115111],[34.051313,-16.12415],[34.060663,-16.124104]]]}},{"type":"Feature","properties":{"ano":2025,"camada":"cultivo_sequeiro","area_km2":0.0117,"fracao_cobertura_celula":0.0117},"geometry":{"type":"Polygon","coordinates":[[[34.060615,-16.115065],[34.060567,-16.106026],[34.051217,-16.106073],[34.051265,-16.115111],[34.060615,-16.115065]]]}},{"type":"Feature","properties":{"ano":2025,"camada":"cultivo_sequeiro","area_km2":0.036,"fracao_cobertura_celula":0.036},"geometry":{"type":"Polygon","coordinates":[[[34.060567,-16.106026],[34.060519,-16.096988],[34.05117,-16.097034],[34.051217,-16.106073],[34.060567,-16.106026]]]}},{"type":"Feature","properties":{"ano":2025,"camada":"cultivo_sequeiro","area_km2":0.0117,"fracao_cobertura_celula":0.0117},"geometry":{"type":"Polygon","coordinates":[[[34.060471,-16.087949],[34.060423,-16.07891],[34.051075,-16.078956],[34.051122,-16.087995],[34.060471,-16.087949]]]}},{"type":"Feature","properties":{"ano":2025,"camada":"cultivo_sequeiro","area_km2":0.027,"fracao_cobertura_celula":0.027},"geometry":{"type":"Polygon","coordinates":[[[34.060423,-16.07891],[34.060375,-16.069871],[34.051027,-16.069917],[34.051075,-16.078956],[34.060423,-16.07891]]]}},{"type":"Feature","properties":{"ano":2025,"camada":"cultivo_sequeiro","area_km2":0.1449,"fracao_cobertura_celula":0.1449},"geometry":{"type":"Polygon","coordinates":[[[34.060375,-16.069871],[34.060328,-16.060833],[34.05098,-16.060879],[34.051027,-16.069917],[34.060375,-16.069871]]]}},{"type":"Feature","properties":{"ano":2025,"camada":"cultivo_sequeiro","area_km2":0.0135,"fracao_cobertura_celula":0.0135},"geometry":{"type":"Polygon","coordinates":[[[34.060328,-16.060833],[34.06028,-16.051794],[34.050932,-16.05184],[34.05098,-16.060879],[34.060328,-16.060833]]]}},{"type":"Feature","properties":{"ano":2025,"camada":"cultivo_sequeiro","area_km2":0.0063,"fracao_cobertura_celula":0.0063},"geometry":{"type":"Polygon","coordinates":[[[34.06028,-16.051794],[34.060232,-16.042755],[34.050885,-16.042801],[34.050932,-16.05184],[34.06028,-16.051794]]]}},{"type":"Feature","properties":{"ano":2025,"camada":"cultivo_sequeiro","area_km2":0.0135,"fracao_cobertura_celula":0.0135},"geometry":{"type":"Polygon","coordinates":[[[34.060232,-16.042755],[34.060184,-16.033716],[34.050838,-16.033762],[34.050885,-16.042801],[34.060232,-16.042755]]]}},{"type":"Feature","properties":{"ano":2025,"camada":"cultivo_sequeiro","area_km2":0.0756,"fracao_cobertura_celula":0.0756},"geometry":{"type":"Polygon","coordinates":[[[34.060184,-16.033716],[34.060136,-16.024677],[34.05079,-16.024723],[34.050838,-16.033762],[34.060184,-16.033716]]]}},{"type":"Feature","properties":{"ano":2025,"camada":"cultivo_sequeiro","area_km2":0.0567,"fracao_cobertura_celula":0.0567},"geometry":{"type":"Polygon","coordinates":[[[34.060136,-16.024677],[34.060089,-16.015638],[34.050743,-16.015684],[34.05079,-16.024723],[34.060136,-16.024677]]]}},{"type":"Feature","properties":{"ano":2025,"camada":"cultivo_sequeiro","area_km2":0.0585,"fracao_cobertura_celula":0.0585},"geometry":{"type":"Polygon","coordinates":[[[34.060089,-16.015638],[34.060041,-16.0066],[34.050696,-16.006645],[34.050743,-16.015684],[34.060089,-16.015638]]]}},{"type":"Feature","properties":{"ano":2025,"camada":"cultivo_sequeiro","area_km2":0.1224,"fracao_cobertura_celula":0.1224},"geometry":{"type":"Polygon","coordinates":[[[34.060041,-16.0066],[34.059993,-15.997561],[34.050648,-15.997607],[34.050696,-16.006645],[34.060041,-16.0066]]]}},{"type":"Feature","properties":{"ano":2025,"camada":"cultivo_sequeiro","area_km2":0.009,"fracao_cobertura_celula":0.009},"geometry":{"type":"Polygon","coordinates":[[[34.071236,-16.350023],[34.071187,-16.340984],[34.061826,-16.341032],[34.061875,-16.35007],[34.071236,-16.350023]]]}},{"type":"Feature","properties":{"ano":2025,"camada":"cultivo_sequeiro","area_km2":0.027,"fracao_cobertura_celula":0.027},"geometry":{"type":"Polygon","coordinates":[[[34.071039,-16.313869],[34.07099,-16.30483],[34.061631,-16.304877],[34.06168,-16.313916],[34.071039,-16.313869]]]}},{"type":"Feature","properties":{"ano":2025,"camada":"cultivo_sequeiro","area_km2":0.0018,"fracao_cobertura_celula":0.0018},"geometry":{"type":"Polygon","coordinates":[[[34.07099,-16.30483],[34.070941,-16.295792],[34.061582,-16.295839],[34.061631,-16.304877],[34.07099,-16.30483]]]}},{"type":"Feature","properties":{"ano":2025,"camada":"cultivo_sequeiro","area_km2":0.0684,"fracao_cobertura_celula":0.0684},"geometry":{"type":"Polygon","coordinates":[[[34.070941,-16.295792],[34.070892,-16.286753],[34.061534,-16.2868],[34.061582,-16.295839],[34.070941,-16.295792]]]}},{"type":"Feature","properties":{"ano":2025,"camada":"cultivo_sequeiro","area_km2":0.1134,"fracao_cobertura_celula":0.1134},"geometry":{"type":"Polygon","coordinates":[[[34.070892,-16.286753],[34.070843,-16.277714],[34.061485,-16.277762],[34.061534,-16.2868],[34.070892,-16.286753]]]}},{"type":"Feature","properties":{"ano":2025,"camada":"cultivo_sequeiro","area_km2":0.4725,"fracao_cobertura_celula":0.4725},"geometry":{"type":"Polygon","coordinates":[[[34.070843,-16.277714],[34.070794,-16.268676],[34.061437,-16.268723],[34.061485,-16.277762],[34.070843,-16.277714]]]}},{"type":"Feature","properties":{"ano":2025,"camada":"cultivo_sequeiro","area_km2":0.243,"fracao_cobertura_celula":0.243},"geometry":{"type":"Polygon","coordinates":[[[34.070794,-16.268676],[34.070745,-16.259637],[34.061388,-16.259684],[34.061437,-16.268723],[34.070794,-16.268676]]]}},{"type":"Feature","properties":{"ano":2025,"camada":"cultivo_sequeiro","area_km2":0.0765,"fracao_cobertura_celula":0.0765},"geometry":{"type":"Polygon","coordinates":[[[34.070745,-16.259637],[34.070696,-16.250599],[34.061339,-16.250646],[34.061388,-16.259684],[34.070745,-16.259637]]]}},{"type":"Feature","properties":{"ano":2025,"camada":"cultivo_sequeiro","area_km2":0.1224,"fracao_cobertura_celula":0.1224},"geometry":{"type":"Polygon","coordinates":[[[34.070696,-16.250599],[34.070647,-16.24156],[34.061291,-16.241607],[34.061339,-16.250646],[34.070696,-16.250599]]]}},{"type":"Feature","properties":{"ano":2025,"camada":"cultivo_sequeiro","area_km2":0.1179,"fracao_cobertura_celula":0.1179},"geometry":{"type":"Polygon","coordinates":[[[34.070647,-16.24156],[34.070598,-16.232521],[34.061242,-16.232568],[34.061291,-16.241607],[34.070647,-16.24156]]]}},{"type":"Feature","properties":{"ano":2025,"camada":"cultivo_sequeiro","area_km2":0.1125,"fracao_cobertura_celula":0.1125},"geometry":{"type":"Polygon","coordinates":[[[34.070598,-16.232521],[34.070549,-16.223483],[34.061194,-16.22353],[34.061242,-16.232568],[34.070598,-16.232521]]]}},{"type":"Feature","properties":{"ano":2025,"camada":"cultivo_sequeiro","area_km2":0.2232,"fracao_cobertura_celula":0.2232},"geometry":{"type":"Polygon","coordinates":[[[34.070549,-16.223483],[34.070501,-16.214444],[34.061146,-16.214491],[34.061194,-16.22353],[34.070549,-16.223483]]]}},{"type":"Feature","properties":{"ano":2025,"camada":"cultivo_sequeiro","area_km2":0.1026,"fracao_cobertura_celula":0.1026},"geometry":{"type":"Polygon","coordinates":[[[34.070501,-16.214444],[34.070452,-16.205405],[34.061097,-16.205452],[34.061146,-16.214491],[34.070501,-16.214444]]]}},{"type":"Feature","properties":{"ano":2025,"camada":"cultivo_sequeiro","area_km2":0.2196,"fracao_cobertura_celula":0.2196},"geometry":{"type":"Polygon","coordinates":[[[34.070452,-16.205405],[34.070403,-16.196367],[34.061049,-16.196414],[34.061097,-16.205452],[34.070452,-16.205405]]]}},{"type":"Feature","properties":{"ano":2025,"camada":"cultivo_sequeiro","area_km2":0.1098,"fracao_cobertura_celula":0.1098},"geometry":{"type":"Polygon","coordinates":[[[34.070403,-16.196367],[34.070354,-16.187328],[34.061001,-16.187375],[34.061049,-16.196414],[34.070403,-16.196367]]]}},{"type":"Feature","properties":{"ano":2025,"camada":"cultivo_sequeiro","area_km2":0.1062,"fracao_cobertura_celula":0.1062},"geometry":{"type":"Polygon","coordinates":[[[34.070354,-16.187328],[34.070306,-16.178289],[34.060952,-16.178336],[34.061001,-16.187375],[34.070354,-16.187328]]]}},{"type":"Feature","properties":{"ano":2025,"camada":"cultivo_sequeiro","area_km2":0.0126,"fracao_cobertura_celula":0.0126},"geometry":{"type":"Polygon","coordinates":[[[34.070306,-16.178289],[34.070257,-16.169251],[34.060904,-16.169298],[34.060952,-16.178336],[34.070306,-16.178289]]]}},{"type":"Feature","properties":{"ano":2025,"camada":"cultivo_sequeiro","area_km2":0.0117,"fracao_cobertura_celula":0.0117},"geometry":{"type":"Polygon","coordinates":[[[34.070257,-16.169251],[34.070208,-16.160212],[34.060856,-16.160259],[34.060904,-16.169298],[34.070257,-16.169251]]]}},{"type":"Feature","properties":{"ano":2025,"camada":"cultivo_sequeiro","area_km2":0.0153,"fracao_cobertura_celula":0.0153},"geometry":{"type":"Polygon","coordinates":[[[34.070208,-16.160212],[34.07016,-16.151173],[34.060808,-16.15122],[34.060856,-16.160259],[34.070208,-16.160212]]]}},{"type":"Feature","properties":{"ano":2025,"camada":"cultivo_sequeiro","area_km2":0.0054,"fracao_cobertura_celula":0.0054},"geometry":{"type":"Polygon","coordinates":[[[34.070111,-16.142135],[34.070063,-16.133096],[34.060711,-16.133143],[34.06076,-16.142181],[34.070111,-16.142135]]]}},{"type":"Feature","properties":{"ano":2025,"camada":"cultivo_sequeiro","area_km2":0.0054,"fracao_cobertura_celula":0.0054},"geometry":{"type":"Polygon","coordinates":[[[34.070063,-16.133096],[34.070014,-16.124057],[34.060663,-16.124104],[34.060711,-16.133143],[34.070063,-16.133096]]]}},{"type":"Feature","properties":{"ano":2025,"camada":"cultivo_sequeiro","area_km2":0.0171,"fracao_cobertura_celula":0.0171},"geometry":{"type":"Polygon","coordinates":[[[34.069917,-16.10598],[34.069869,-16.096941],[34.060519,-16.096988],[34.060567,-16.106026],[34.069917,-16.10598]]]}},{"type":"Feature","properties":{"ano":2025,"camada":"cultivo_sequeiro","area_km2":0.0036,"fracao_cobertura_celula":0.0036},"geometry":{"type":"Polygon","coordinates":[[[34.069869,-16.096941],[34.06982,-16.087902],[34.060471,-16.087949],[34.060519,-16.096988],[34.069869,-16.096941]]]}},{"type":"Feature","properties":{"ano":2025,"camada":"cultivo_sequeiro","area_km2":0.072,"fracao_cobertura_celula":0.072},"geometry":{"type":"Polygon","coordinates":[[[34.06982,-16.087902],[34.069772,-16.078864],[34.060423,-16.07891],[34.060471,-16.087949],[34.06982,-16.087902]]]}},{"type":"Feature","properties":{"ano":2025,"camada":"cultivo_sequeiro","area_km2":0.0234,"fracao_cobertura_celula":0.0234},"geometry":{"type":"Polygon","coordinates":[[[34.069772,-16.078864],[34.069724,-16.069825],[34.060375,-16.069871],[34.060423,-16.07891],[34.069772,-16.078864]]]}},{"type":"Feature","properties":{"ano":2025,"camada":"cultivo_sequeiro","area_km2":0.0756,"fracao_cobertura_celula":0.0756},"geometry":{"type":"Polygon","coordinates":[[[34.069724,-16.069825],[34.069675,-16.060786],[34.060328,-16.060833],[34.060375,-16.069871],[34.069724,-16.069825]]]}},{"type":"Feature","properties":{"ano":2025,"camada":"cultivo_sequeiro","area_km2":0.0135,"fracao_cobertura_celula":0.0135},"geometry":{"type":"Polygon","coordinates":[[[34.069675,-16.060786],[34.069627,-16.051747],[34.06028,-16.051794],[34.060328,-16.060833],[34.069675,-16.060786]]]}},{"type":"Feature","properties":{"ano":2025,"camada":"cultivo_sequeiro","area_km2":0.0819,"fracao_cobertura_celula":0.0819},"geometry":{"type":"Polygon","coordinates":[[[34.069627,-16.051747],[34.069579,-16.042708],[34.060232,-16.042755],[34.06028,-16.051794],[34.069627,-16.051747]]]}},{"type":"Feature","properties":{"ano":2025,"camada":"cultivo_sequeiro","area_km2":0.0081,"fracao_cobertura_celula":0.0081},"geometry":{"type":"Polygon","coordinates":[[[34.069579,-16.042708],[34.069531,-16.03367],[34.060184,-16.033716],[34.060232,-16.042755],[34.069579,-16.042708]]]}},{"type":"Feature","properties":{"ano":2025,"camada":"cultivo_sequeiro","area_km2":0.018,"fracao_cobertura_celula":0.018},"geometry":{"type":"Polygon","coordinates":[[[34.069531,-16.03367],[34.069482,-16.024631],[34.060136,-16.024677],[34.060184,-16.033716],[34.069531,-16.03367]]]}},{"type":"Feature","properties":{"ano":2025,"camada":"cultivo_sequeiro","area_km2":0.027,"fracao_cobertura_celula":0.027},"geometry":{"type":"Polygon","coordinates":[[[34.069482,-16.024631],[34.069434,-16.015592],[34.060089,-16.015638],[34.060136,-16.024677],[34.069482,-16.024631]]]}},{"type":"Feature","properties":{"ano":2025,"camada":"cultivo_sequeiro","area_km2":0.0513,"fracao_cobertura_celula":0.0513},"geometry":{"type":"Polygon","coordinates":[[[34.069434,-16.015592],[34.069386,-16.006553],[34.060041,-16.0066],[34.060089,-16.015638],[34.069434,-16.015592]]]}},{"type":"Feature","properties":{"ano":2025,"camada":"cultivo_sequeiro","area_km2":0.0234,"fracao_cobertura_celula":0.0234},"geometry":{"type":"Polygon","coordinates":[[[34.069386,-16.006553],[34.069338,-15.997514],[34.059993,-15.997561],[34.060041,-16.0066],[34.069386,-16.006553]]]}},{"type":"Feature","properties":{"ano":2025,"camada":"cultivo_sequeiro","area_km2":0.009,"fracao_cobertura_celula":0.009},"geometry":{"type":"Polygon","coordinates":[[[34.080598,-16.349975],[34.080548,-16.340937],[34.071187,-16.340984],[34.071236,-16.350023],[34.080598,-16.349975]]]}},{"type":"Feature","properties":{"ano":2025,"camada":"cultivo_sequeiro","area_km2":0.0009,"fracao_cobertura_celula":0.0009},"geometry":{"type":"Polygon","coordinates":[[[34.080498,-16.331898],[34.080449,-16.32286],[34.071089,-16.322907],[34.071138,-16.331946],[34.080498,-16.331898]]]}},{"type":"Feature","properties":{"ano":2025,"camada":"cultivo_sequeiro","area_km2":0.0018,"fracao_cobertura_celula":0.0018},"geometry":{"type":"Polygon","coordinates":[[[34.080449,-16.32286],[34.080399,-16.313821],[34.071039,-16.313869],[34.071089,-16.322907],[34.080449,-16.32286]]]}},{"type":"Feature","properties":{"ano":2025,"camada":"cultivo_sequeiro","area_km2":0.1404,"fracao_cobertura_celula":0.1404},"geometry":{"type":"Polygon","coordinates":[[[34.0803,-16.295744],[34.08025,-16.286705],[34.070892,-16.286753],[34.070941,-16.295792],[34.0803,-16.295744]]]}},{"type":"Feature","properties":{"ano":2025,"camada":"cultivo_sequeiro","area_km2":0.0513,"fracao_cobertura_celula":0.0513},"geometry":{"type":"Polygon","coordinates":[[[34.08025,-16.286705],[34.080201,-16.277667],[34.070843,-16.277714],[34.070892,-16.286753],[34.08025,-16.286705]]]}},{"type":"Feature","properties":{"ano":2025,"camada":"cultivo_sequeiro","area_km2":0.1557,"fracao_cobertura_celula":0.1557},"geometry":{"type":"Polygon","coordinates":[[[34.080201,-16.277667],[34.080152,-16.268628],[34.070794,-16.268676],[34.070843,-16.277714],[34.080201,-16.277667]]]}},{"type":"Feature","properties":{"ano":2025,"camada":"cultivo_sequeiro","area_km2":0.1827,"fracao_cobertura_celula":0.1827},"geometry":{"type":"Polygon","coordinates":[[[34.080152,-16.268628],[34.080102,-16.25959],[34.070745,-16.259637],[34.070794,-16.268676],[34.080152,-16.268628]]]}},{"type":"Feature","properties":{"ano":2025,"camada":"cultivo_sequeiro","area_km2":0.1242,"fracao_cobertura_celula":0.1242},"geometry":{"type":"Polygon","coordinates":[[[34.080102,-16.25959],[34.080053,-16.250551],[34.070696,-16.250599],[34.070745,-16.259637],[34.080102,-16.25959]]]}},{"type":"Feature","properties":{"ano":2025,"camada":"cultivo_sequeiro","area_km2":0.1125,"fracao_cobertura_celula":0.1125},"geometry":{"type":"Polygon","coordinates":[[[34.080053,-16.250551],[34.080003,-16.241513],[34.070647,-16.24156],[34.070696,-16.250599],[34.080053,-16.250551]]]}},{"type":"Feature","properties":{"ano":2025,"camada":"cultivo_sequeiro","area_km2":0.1989,"fracao_cobertura_celula":0.1989},"geometry":{"type":"Polygon","coordinates":[[[34.080003,-16.241513],[34.079954,-16.232474],[34.070598,-16.232521],[34.070647,-16.24156],[34.080003,-16.241513]]]}},{"type":"Feature","properties":{"ano":2025,"camada":"cultivo_sequeiro","area_km2":0.1098,"fracao_cobertura_celula":0.1098},"geometry":{"type":"Polygon","coordinates":[[[34.079954,-16.232474],[34.079905,-16.223435],[34.070549,-16.223483],[34.070598,-16.232521],[34.079954,-16.232474]]]}},{"type":"Feature","properties":{"ano":2025,"camada":"cultivo_sequeiro","area_km2":0.0576,"fracao_cobertura_celula":0.0576},"geometry":{"type":"Polygon","coordinates":[[[34.079905,-16.223435],[34.079856,-16.214397],[34.070501,-16.214444],[34.070549,-16.223483],[34.079905,-16.223435]]]}},{"type":"Feature","properties":{"ano":2025,"camada":"cultivo_sequeiro","area_km2":0.0891,"fracao_cobertura_celula":0.0891},"geometry":{"type":"Polygon","coordinates":[[[34.079856,-16.214397],[34.079806,-16.205358],[34.070452,-16.205405],[34.070501,-16.214444],[34.079856,-16.214397]]]}},{"type":"Feature","properties":{"ano":2025,"camada":"cultivo_sequeiro","area_km2":0.4194,"fracao_cobertura_celula":0.4194},"geometry":{"type":"Polygon","coordinates":[[[34.079806,-16.205358],[34.079757,-16.19632],[34.070403,-16.196367],[34.070452,-16.205405],[34.079806,-16.205358]]]}},{"type":"Feature","properties":{"ano":2025,"camada":"cultivo_sequeiro","area_km2":0.0846,"fracao_cobertura_celula":0.0846},"geometry":{"type":"Polygon","coordinates":[[[34.079757,-16.19632],[34.079708,-16.187281],[34.070354,-16.187328],[34.070403,-16.196367],[34.079757,-16.19632]]]}},{"type":"Feature","properties":{"ano":2025,"camada":"cultivo_sequeiro","area_km2":0.0234,"fracao_cobertura_celula":0.0234},"geometry":{"type":"Polygon","coordinates":[[[34.079708,-16.187281],[34.079659,-16.178242],[34.070306,-16.178289],[34.070354,-16.187328],[34.079708,-16.187281]]]}},{"type":"Feature","properties":{"ano":2025,"camada":"cultivo_sequeiro","area_km2":0.0549,"fracao_cobertura_celula":0.0549},"geometry":{"type":"Polygon","coordinates":[[[34.079659,-16.178242],[34.07961,-16.169204],[34.070257,-16.169251],[34.070306,-16.178289],[34.079659,-16.178242]]]}},{"type":"Feature","properties":{"ano":2025,"camada":"cultivo_sequeiro","area_km2":0.0198,"fracao_cobertura_celula":0.0198},"geometry":{"type":"Polygon","coordinates":[[[34.07961,-16.169204],[34.079561,-16.160165],[34.070208,-16.160212],[34.070257,-16.169251],[34.07961,-16.169204]]]}},{"type":"Feature","properties":{"ano":2025,"camada":"cultivo_sequeiro","area_km2":0.0207,"fracao_cobertura_celula":0.0207},"geometry":{"type":"Polygon","coordinates":[[[34.079561,-16.160165],[34.079512,-16.151126],[34.07016,-16.151173],[34.070208,-16.160212],[34.079561,-16.160165]]]}},{"type":"Feature","properties":{"ano":2025,"camada":"cultivo_sequeiro","area_km2":0.0036,"fracao_cobertura_celula":0.0036},"geometry":{"type":"Polygon","coordinates":[[[34.079512,-16.151126],[34.079463,-16.142088],[34.070111,-16.142135],[34.07016,-16.151173],[34.079512,-16.151126]]]}},{"type":"Feature","properties":{"ano":2025,"camada":"cultivo_sequeiro","area_km2":0.0027,"fracao_cobertura_celula":0.0027},"geometry":{"type":"Polygon","coordinates":[[[34.079414,-16.133049],[34.079365,-16.12401],[34.070014,-16.124057],[34.070063,-16.133096],[34.079414,-16.133049]]]}},{"type":"Feature","properties":{"ano":2025,"camada":"cultivo_sequeiro","area_km2":0.0018,"fracao_cobertura_celula":0.0018},"geometry":{"type":"Polygon","coordinates":[[[34.079316,-16.114972],[34.079267,-16.105933],[34.069917,-16.10598],[34.069966,-16.115019],[34.079316,-16.114972]]]}},{"type":"Feature","properties":{"ano":2025,"camada":"cultivo_sequeiro","area_km2":0.0459,"fracao_cobertura_celula":0.0459},"geometry":{"type":"Polygon","coordinates":[[[34.079218,-16.096894],[34.079169,-16.087855],[34.06982,-16.087902],[34.069869,-16.096941],[34.079218,-16.096894]]]}},{"type":"Feature","properties":{"ano":2025,"camada":"cultivo_sequeiro","area_km2":0.0414,"fracao_cobertura_celula":0.0414},"geometry":{"type":"Polygon","coordinates":[[[34.079169,-16.087855],[34.07912,-16.078817],[34.069772,-16.078864],[34.06982,-16.087902],[34.079169,-16.087855]]]}},{"type":"Feature","properties":{"ano":2025,"camada":"cultivo_sequeiro","area_km2":0.1188,"fracao_cobertura_celula":0.1188},"geometry":{"type":"Polygon","coordinates":[[[34.07912,-16.078817],[34.079072,-16.069778],[34.069724,-16.069825],[34.069772,-16.078864],[34.07912,-16.078817]]]}},{"type":"Feature","properties":{"ano":2025,"camada":"cultivo_sequeiro","area_km2":0.0225,"fracao_cobertura_celula":0.0225},"geometry":{"type":"Polygon","coordinates":[[[34.079072,-16.069778],[34.079023,-16.060739],[34.069675,-16.060786],[34.069724,-16.069825],[34.079072,-16.069778]]]}},{"type":"Feature","properties":{"ano":2025,"camada":"cultivo_sequeiro","area_km2":0.0387,"fracao_cobertura_celula":0.0387},"geometry":{"type":"Polygon","coordinates":[[[34.079023,-16.060739],[34.078974,-16.0517],[34.069627,-16.051747],[34.069675,-16.060786],[34.079023,-16.060739]]]}},{"type":"Feature","properties":{"ano":2025,"camada":"cultivo_sequeiro","area_km2":0.0567,"fracao_cobertura_celula":0.0567},"geometry":{"type":"Polygon","coordinates":[[[34.078974,-16.0517],[34.078926,-16.042662],[34.069579,-16.042708],[34.069627,-16.051747],[34.078974,-16.0517]]]}},{"type":"Feature","properties":{"ano":2025,"camada":"cultivo_sequeiro","area_km2":0.0261,"fracao_cobertura_celula":0.0261},"geometry":{"type":"Polygon","coordinates":[[[34.078926,-16.042662],[34.078877,-16.033623],[34.069531,-16.03367],[34.069579,-16.042708],[34.078926,-16.042662]]]}},{"type":"Feature","properties":{"ano":2025,"camada":"cultivo_sequeiro","area_km2":0.0027,"fracao_cobertura_celula":0.0027},"geometry":{"type":"Polygon","coordinates":[[[34.078877,-16.033623],[34.078828,-16.024584],[34.069482,-16.024631],[34.069531,-16.03367],[34.078877,-16.033623]]]}},{"type":"Feature","properties":{"ano":2025,"camada":"cultivo_sequeiro","area_km2":0.0108,"fracao_cobertura_celula":0.0108},"geometry":{"type":"Polygon","coordinates":[[[34.078828,-16.024584],[34.07878,-16.015545],[34.069434,-16.015592],[34.069482,-16.024631],[34.078828,-16.024584]]]}},{"type":"Feature","properties":{"ano":2025,"camada":"cultivo_sequeiro","area_km2":0.036,"fracao_cobertura_celula":0.036},"geometry":{"type":"Polygon","coordinates":[[[34.07878,-16.015545],[34.078731,-16.006507],[34.069386,-16.006553],[34.069434,-16.015592],[34.07878,-16.015545]]]}},{"type":"Feature","properties":{"ano":2025,"camada":"cultivo_sequeiro","area_km2":0.0351,"fracao_cobertura_celula":0.0351},"geometry":{"type":"Polygon","coordinates":[[[34.078731,-16.006507],[34.078683,-15.997468],[34.069338,-15.997514],[34.069386,-16.006553],[34.078731,-16.006507]]]}},{"type":"Feature","properties":{"ano":2025,"camada":"cultivo_sequeiro","area_km2":0.0018,"fracao_cobertura_celula":0.0018},"geometry":{"type":"Polygon","coordinates":[[[34.089909,-16.340888],[34.089859,-16.33185],[34.080498,-16.331898],[34.080548,-16.340937],[34.089909,-16.340888]]]}},{"type":"Feature","properties":{"ano":2025,"camada":"cultivo_sequeiro","area_km2":0.0297,"fracao_cobertura_celula":0.0297},"geometry":{"type":"Polygon","coordinates":[[[34.089859,-16.33185],[34.089809,-16.322811],[34.080449,-16.32286],[34.080498,-16.331898],[34.089859,-16.33185]]]}},{"type":"Feature","properties":{"ano":2025,"camada":"cultivo_sequeiro","area_km2":0.018,"fracao_cobertura_celula":0.018},"geometry":{"type":"Polygon","coordinates":[[[34.089809,-16.322811],[34.089759,-16.313773],[34.080399,-16.313821],[34.080449,-16.32286],[34.089809,-16.322811]]]}},{"type":"Feature","properties":{"ano":2025,"camada":"cultivo_sequeiro","area_km2":0.0126,"fracao_cobertura_celula":0.0126},"geometry":{"type":"Polygon","coordinates":[[[34.089759,-16.313773],[34.089709,-16.304734],[34.080349,-16.304783],[34.080399,-16.313821],[34.089759,-16.313773]]]}},{"type":"Feature","properties":{"ano":2025,"camada":"cultivo_sequeiro","area_km2":0.0009,"fracao_cobertura_celula":0.0009},"geometry":{"type":"Polygon","coordinates":[[[34.089709,-16.304734],[34.089659,-16.295696],[34.0803,-16.295744],[34.080349,-16.304783],[34.089709,-16.304734]]]}},{"type":"Feature","properties":{"ano":2025,"camada":"cultivo_sequeiro","area_km2":0.0423,"fracao_cobertura_celula":0.0423},"geometry":{"type":"Polygon","coordinates":[[[34.089659,-16.295696],[34.089609,-16.286657],[34.08025,-16.286705],[34.0803,-16.295744],[34.089659,-16.295696]]]}},{"type":"Feature","properties":{"ano":2025,"camada":"cultivo_sequeiro","area_km2":0.1368,"fracao_cobertura_celula":0.1368},"geometry":{"type":"Polygon","coordinates":[[[34.089609,-16.286657],[34.089559,-16.277619],[34.080201,-16.277667],[34.08025,-16.286705],[34.089609,-16.286657]]]}},{"type":"Feature","properties":{"ano":2025,"camada":"cultivo_sequeiro","area_km2":0.18,"fracao_cobertura_celula":0.18},"geometry":{"type":"Polygon","coordinates":[[[34.089559,-16.277619],[34.089509,-16.26858],[34.080152,-16.268628],[34.080201,-16.277667],[34.089559,-16.277619]]]}},{"type":"Feature","properties":{"ano":2025,"camada":"cultivo_sequeiro","area_km2":0.2898,"fracao_cobertura_celula":0.2898},"geometry":{"type":"Polygon","coordinates":[[[34.089509,-16.26858],[34.089459,-16.259542],[34.080102,-16.25959],[34.080152,-16.268628],[34.089509,-16.26858]]]}},{"type":"Feature","properties":{"ano":2025,"camada":"cultivo_sequeiro","area_km2":0.2484,"fracao_cobertura_celula":0.2484},"geometry":{"type":"Polygon","coordinates":[[[34.089459,-16.259542],[34.089409,-16.250503],[34.080053,-16.250551],[34.080102,-16.25959],[34.089459,-16.259542]]]}},{"type":"Feature","properties":{"ano":2025,"camada":"cultivo_sequeiro","area_km2":0.1422,"fracao_cobertura_celula":0.1422},"geometry":{"type":"Polygon","coordinates":[[[34.089409,-16.250503],[34.08936,-16.241465],[34.080003,-16.241513],[34.080053,-16.250551],[34.089409,-16.250503]]]}},{"type":"Feature","properties":{"ano":2025,"camada":"cultivo_sequeiro","area_km2":0.0846,"fracao_cobertura_celula":0.0846},"geometry":{"type":"Polygon","coordinates":[[[34.08936,-16.241465],[34.08931,-16.232426],[34.079954,-16.232474],[34.080003,-16.241513],[34.08936,-16.241465]]]}},{"type":"Feature","properties":{"ano":2025,"camada":"cultivo_sequeiro","area_km2":0.3546,"fracao_cobertura_celula":0.3546},"geometry":{"type":"Polygon","coordinates":[[[34.08931,-16.232426],[34.08926,-16.223388],[34.079905,-16.223435],[34.079954,-16.232474],[34.08931,-16.232426]]]}},{"type":"Feature","properties":{"ano":2025,"camada":"cultivo_sequeiro","area_km2":0.0594,"fracao_cobertura_celula":0.0594},"geometry":{"type":"Polygon","coordinates":[[[34.08926,-16.223388],[34.08921,-16.214349],[34.079856,-16.214397],[34.079905,-16.223435],[34.08926,-16.223388]]]}},{"type":"Feature","properties":{"ano":2025,"camada":"cultivo_sequeiro","area_km2":0.873,"fracao_cobertura_celula":0.873},"geometry":{"type":"Polygon","coordinates":[[[34.08921,-16.214349],[34.089161,-16.20531],[34.079806,-16.205358],[34.079856,-16.214397],[34.08921,-16.214349]]]}},{"type":"Feature","properties":{"ano":2025,"camada":"cultivo_sequeiro","area_km2":0.261,"fracao_cobertura_celula":0.261},"geometry":{"type":"Polygon","coordinates":[[[34.089161,-16.20531],[34.089111,-16.196272],[34.079757,-16.19632],[34.079806,-16.205358],[34.089161,-16.20531]]]}},{"type":"Feature","properties":{"ano":2025,"camada":"cultivo_sequeiro","area_km2":0.018,"fracao_cobertura_celula":0.018},"geometry":{"type":"Polygon","coordinates":[[[34.089111,-16.196272],[34.089062,-16.187233],[34.079708,-16.187281],[34.079757,-16.19632],[34.089111,-16.196272]]]}},{"type":"Feature","properties":{"ano":2025,"camada":"cultivo_sequeiro","area_km2":0.0234,"fracao_cobertura_celula":0.0234},"geometry":{"type":"Polygon","coordinates":[[[34.089062,-16.187233],[34.089012,-16.178195],[34.079659,-16.178242],[34.079708,-16.187281],[34.089062,-16.187233]]]}},{"type":"Feature","properties":{"ano":2025,"camada":"cultivo_sequeiro","area_km2":0.018,"fracao_cobertura_celula":0.018},"geometry":{"type":"Polygon","coordinates":[[[34.089012,-16.178195],[34.088962,-16.169156],[34.07961,-16.169204],[34.079659,-16.178242],[34.089012,-16.178195]]]}},{"type":"Feature","properties":{"ano":2025,"camada":"cultivo_sequeiro","area_km2":0.0261,"fracao_cobertura_celula":0.0261},"geometry":{"type":"Polygon","coordinates":[[[34.088962,-16.169156],[34.088913,-16.160117],[34.079561,-16.160165],[34.07961,-16.169204],[34.088962,-16.169156]]]}},{"type":"Feature","properties":{"ano":2025,"camada":"cultivo_sequeiro","area_km2":0.0459,"fracao_cobertura_celula":0.0459},"geometry":{"type":"Polygon","coordinates":[[[34.088913,-16.160117],[34.088864,-16.151079],[34.079512,-16.151126],[34.079561,-16.160165],[34.088913,-16.160117]]]}},{"type":"Feature","properties":{"ano":2025,"camada":"cultivo_sequeiro","area_km2":0.0009,"fracao_cobertura_celula":0.0009},"geometry":{"type":"Polygon","coordinates":[[[34.088864,-16.151079],[34.088814,-16.14204],[34.079463,-16.142088],[34.079512,-16.151126],[34.088864,-16.151079]]]}},{"type":"Feature","properties":{"ano":2025,"camada":"cultivo_sequeiro","area_km2":0.0018,"fracao_cobertura_celula":0.0018},"geometry":{"type":"Polygon","coordinates":[[[34.088814,-16.14204],[34.088765,-16.133001],[34.079414,-16.133049],[34.079463,-16.142088],[34.088814,-16.14204]]]}},{"type":"Feature","properties":{"ano":2025,"camada":"cultivo_sequeiro","area_km2":0.0027,"fracao_cobertura_celula":0.0027},"geometry":{"type":"Polygon","coordinates":[[[34.088765,-16.133001],[34.088715,-16.123963],[34.079365,-16.12401],[34.079414,-16.133049],[34.088765,-16.133001]]]}},{"type":"Feature","properties":{"ano":2025,"camada":"cultivo_sequeiro","area_km2":0.0009,"fracao_cobertura_celula":0.0009},"geometry":{"type":"Polygon","coordinates":[[[34.088715,-16.123963],[34.088666,-16.114924],[34.079316,-16.114972],[34.079365,-16.12401],[34.088715,-16.123963]]]}},{"type":"Feature","properties":{"ano":2025,"camada":"cultivo_sequeiro","area_km2":0.0036,"fracao_cobertura_celula":0.0036},"geometry":{"type":"Polygon","coordinates":[[[34.088617,-16.105885],[34.088567,-16.096847],[34.079218,-16.096894],[34.079267,-16.105933],[34.088617,-16.105885]]]}},{"type":"Feature","properties":{"ano":2025,"camada":"cultivo_sequeiro","area_km2":0.0099,"fracao_cobertura_celula":0.0099},"geometry":{"type":"Polygon","coordinates":[[[34.088567,-16.096847],[34.088518,-16.087808],[34.079169,-16.087855],[34.079218,-16.096894],[34.088567,-16.096847]]]}},{"type":"Feature","properties":{"ano":2025,"camada":"cultivo_sequeiro","area_km2":0.0972,"fracao_cobertura_celula":0.0972},"geometry":{"type":"Polygon","coordinates":[[[34.088518,-16.087808],[34.088469,-16.078769],[34.07912,-16.078817],[34.079169,-16.087855],[34.088518,-16.087808]]]}},{"type":"Feature","properties":{"ano":2025,"camada":"cultivo_sequeiro","area_km2":0.0558,"fracao_cobertura_celula":0.0558},"geometry":{"type":"Polygon","coordinates":[[[34.088469,-16.078769],[34.08842,-16.069731],[34.079072,-16.069778],[34.07912,-16.078817],[34.088469,-16.078769]]]}},{"type":"Feature","properties":{"ano":2025,"camada":"cultivo_sequeiro","area_km2":0.0261,"fracao_cobertura_celula":0.0261},"geometry":{"type":"Polygon","coordinates":[[[34.08842,-16.069731],[34.088371,-16.060692],[34.079023,-16.060739],[34.079072,-16.069778],[34.08842,-16.069731]]]}},{"type":"Feature","properties":{"ano":2025,"camada":"cultivo_sequeiro","area_km2":0.1071,"fracao_cobertura_celula":0.1071},"geometry":{"type":"Polygon","coordinates":[[[34.088371,-16.060692],[34.088322,-16.051653],[34.078974,-16.0517],[34.079023,-16.060739],[34.088371,-16.060692]]]}},{"type":"Feature","properties":{"ano":2025,"camada":"cultivo_sequeiro","area_km2":0.009,"fracao_cobertura_celula":0.009},"geometry":{"type":"Polygon","coordinates":[[[34.088322,-16.051653],[34.088272,-16.042614],[34.078926,-16.042662],[34.078974,-16.0517],[34.088322,-16.051653]]]}},{"type":"Feature","properties":{"ano":2025,"camada":"cultivo_sequeiro","area_km2":0.0306,"fracao_cobertura_celula":0.0306},"geometry":{"type":"Polygon","coordinates":[[[34.088272,-16.042614],[34.088223,-16.033576],[34.078877,-16.033623],[34.078926,-16.042662],[34.088272,-16.042614]]]}},{"type":"Feature","properties":{"ano":2025,"camada":"cultivo_sequeiro","area_km2":0.0045,"fracao_cobertura_celula":0.0045},"geometry":{"type":"Polygon","coordinates":[[[34.088223,-16.033576],[34.088174,-16.024537],[34.078828,-16.024584],[34.078877,-16.033623],[34.088223,-16.033576]]]}},{"type":"Feature","properties":{"ano":2025,"camada":"cultivo_sequeiro","area_km2":0.0081,"fracao_cobertura_celula":0.0081},"geometry":{"type":"Polygon","coordinates":[[[34.088174,-16.024537],[34.088125,-16.015498],[34.07878,-16.015545],[34.078828,-16.024584],[34.088174,-16.024537]]]}},{"type":"Feature","properties":{"ano":2025,"camada":"cultivo_sequeiro","area_km2":0.0054,"fracao_cobertura_celula":0.0054},"geometry":{"type":"Polygon","coordinates":[[[34.088125,-16.015498],[34.088076,-16.006459],[34.078731,-16.006507],[34.07878,-16.015545],[34.088125,-16.015498]]]}},{"type":"Feature","properties":{"ano":2025,"camada":"cultivo_sequeiro","area_km2":0.0144,"fracao_cobertura_celula":0.0144},"geometry":{"type":"Polygon","coordinates":[[[34.088076,-16.006459],[34.088028,-15.997421],[34.078683,-15.997468],[34.078731,-16.006507],[34.088076,-16.006459]]]}},{"type":"Feature","properties":{"ano":2025,"camada":"cultivo_sequeiro","area_km2":0.0072,"fracao_cobertura_celula":0.0072},"geometry":{"type":"Polygon","coordinates":[[[34.09932,-16.349878],[34.09927,-16.34084],[34.089909,-16.340888],[34.089959,-16.349927],[34.09932,-16.349878]]]}},{"type":"Feature","properties":{"ano":2025,"camada":"cultivo_sequeiro","area_km2":0.0108,"fracao_cobertura_celula":0.0108},"geometry":{"type":"Polygon","coordinates":[[[34.09927,-16.34084],[34.099219,-16.331801],[34.089859,-16.33185],[34.089909,-16.340888],[34.09927,-16.34084]]]}},{"type":"Feature","properties":{"ano":2025,"camada":"cultivo_sequeiro","area_km2":0.0612,"fracao_cobertura_celula":0.0612},"geometry":{"type":"Polygon","coordinates":[[[34.099219,-16.331801],[34.099169,-16.322763],[34.089809,-16.322811],[34.089859,-16.33185],[34.099219,-16.331801]]]}},{"type":"Feature","properties":{"ano":2025,"camada":"cultivo_sequeiro","area_km2":0.0081,"fracao_cobertura_celula":0.0081},"geometry":{"type":"Polygon","coordinates":[[[34.099169,-16.322763],[34.099118,-16.313724],[34.089759,-16.313773],[34.089809,-16.322811],[34.099169,-16.322763]]]}},{"type":"Feature","properties":{"ano":2025,"camada":"cultivo_sequeiro","area_km2":0.0018,"fracao_cobertura_celula":0.0018},"geometry":{"type":"Polygon","coordinates":[[[34.099068,-16.304686],[34.099017,-16.295648],[34.089659,-16.295696],[34.089709,-16.304734],[34.099068,-16.304686]]]}},{"type":"Feature","properties":{"ano":2025,"camada":"cultivo_sequeiro","area_km2":0.0603,"fracao_cobertura_celula":0.0603},"geometry":{"type":"Polygon","coordinates":[[[34.099017,-16.295648],[34.098967,-16.286609],[34.089609,-16.286657],[34.089659,-16.295696],[34.099017,-16.295648]]]}},{"type":"Feature","properties":{"ano":2025,"camada":"cultivo_sequeiro","area_km2":0.0324,"fracao_cobertura_celula":0.0324},"geometry":{"type":"Polygon","coordinates":[[[34.098967,-16.286609],[34.098917,-16.277571],[34.089559,-16.277619],[34.089609,-16.286657],[34.098967,-16.286609]]]}},{"type":"Feature","properties":{"ano":2025,"camada":"cultivo_sequeiro","area_km2":0.171,"fracao_cobertura_celula":0.171},"geometry":{"type":"Polygon","coordinates":[[[34.098917,-16.277571],[34.098866,-16.268532],[34.089509,-16.26858],[34.089559,-16.277619],[34.098917,-16.277571]]]}},{"type":"Feature","properties":{"ano":2025,"camada":"cultivo_sequeiro","area_km2":0.4599,"fracao_cobertura_celula":0.4599},"geometry":{"type":"Polygon","coordinates":[[[34.098866,-16.268532],[34.098816,-16.259493],[34.089459,-16.259542],[34.089509,-16.26858],[34.098866,-16.268532]]]}},{"type":"Feature","properties":{"ano":2025,"camada":"cultivo_sequeiro","area_km2":0.1575,"fracao_cobertura_celula":0.1575},"geometry":{"type":"Polygon","coordinates":[[[34.098816,-16.259493],[34.098766,-16.250455],[34.089409,-16.250503],[34.089459,-16.259542],[34.098816,-16.259493]]]}},{"type":"Feature","properties":{"ano":2025,"camada":"cultivo_sequeiro","area_km2":0.1179,"fracao_cobertura_celula":0.1179},"geometry":{"type":"Polygon","coordinates":[[[34.098766,-16.250455],[34.098716,-16.241416],[34.08936,-16.241465],[34.089409,-16.250503],[34.098766,-16.250455]]]}},{"type":"Feature","properties":{"ano":2025,"camada":"cultivo_sequeiro","area_km2":0.1152,"fracao_cobertura_celula":0.1152},"geometry":{"type":"Polygon","coordinates":[[[34.098716,-16.241416],[34.098666,-16.232378],[34.08931,-16.232426],[34.08936,-16.241465],[34.098716,-16.241416]]]}},{"type":"Feature","properties":{"ano":2025,"camada":"cultivo_sequeiro","area_km2":0.0783,"fracao_cobertura_celula":0.0783},"geometry":{"type":"Polygon","coordinates":[[[34.098666,-16.232378],[34.098615,-16.223339],[34.08926,-16.223388],[34.08931,-16.232426],[34.098666,-16.232378]]]}},{"type":"Feature","properties":{"ano":2025,"camada":"cultivo_sequeiro","area_km2":0.0567,"fracao_cobertura_celula":0.0567},"geometry":{"type":"Polygon","coordinates":[[[34.098615,-16.223339],[34.098565,-16.214301],[34.08921,-16.214349],[34.08926,-16.223388],[34.098615,-16.223339]]]}},{"type":"Feature","properties":{"ano":2025,"camada":"cultivo_sequeiro","area_km2":0.036,"fracao_cobertura_celula":0.036},"geometry":{"type":"Polygon","coordinates":[[[34.098565,-16.214301],[34.098515,-16.205262],[34.089161,-16.20531],[34.08921,-16.214349],[34.098565,-16.214301]]]}},{"type":"Feature","properties":{"ano":2025,"camada":"cultivo_sequeiro","area_km2":0.045,"fracao_cobertura_celula":0.045},"geometry":{"type":"Polygon","coordinates":[[[34.098515,-16.205262],[34.098465,-16.196224],[34.089111,-16.196272],[34.089161,-16.20531],[34.098515,-16.205262]]]}},{"type":"Feature","properties":{"ano":2025,"camada":"cultivo_sequeiro","area_km2":0.027,"fracao_cobertura_celula":0.027},"geometry":{"type":"Polygon","coordinates":[[[34.098465,-16.196224],[34.098415,-16.187185],[34.089062,-16.187233],[34.089111,-16.196272],[34.098465,-16.196224]]]}},{"type":"Feature","properties":{"ano":2025,"camada":"cultivo_sequeiro","area_km2":0.0171,"fracao_cobertura_celula":0.0171},"geometry":{"type":"Polygon","coordinates":[[[34.098415,-16.187185],[34.098365,-16.178146],[34.089012,-16.178195],[34.089062,-16.187233],[34.098415,-16.187185]]]}},{"type":"Feature","properties":{"ano":2025,"camada":"cultivo_sequeiro","area_km2":0.0081,"fracao_cobertura_celula":0.0081},"geometry":{"type":"Polygon","coordinates":[[[34.098365,-16.178146],[34.098315,-16.169108],[34.088962,-16.169156],[34.089012,-16.178195],[34.098365,-16.178146]]]}},{"type":"Feature","properties":{"ano":2025,"camada":"cultivo_sequeiro","area_km2":0.0018,"fracao_cobertura_celula":0.0018},"geometry":{"type":"Polygon","coordinates":[[[34.098315,-16.169108],[34.098265,-16.160069],[34.088913,-16.160117],[34.088962,-16.169156],[34.098315,-16.169108]]]}},{"type":"Feature","properties":{"ano":2025,"camada":"cultivo_sequeiro","area_km2":0.0126,"fracao_cobertura_celula":0.0126},"geometry":{"type":"Polygon","coordinates":[[[34.098166,-16.141992],[34.098116,-16.132953],[34.088765,-16.133001],[34.088814,-16.14204],[34.098166,-16.141992]]]}},{"type":"Feature","properties":{"ano":2025,"camada":"cultivo_sequeiro","area_km2":0.0036,"fracao_cobertura_celula":0.0036},"geometry":{"type":"Polygon","coordinates":[[[34.098116,-16.132953],[34.098066,-16.123915],[34.088715,-16.123963],[34.088765,-16.133001],[34.098116,-16.132953]]]}},{"type":"Feature","properties":{"ano":2025,"camada":"cultivo_sequeiro","area_km2":0.0081,"fracao_cobertura_celula":0.0081},"geometry":{"type":"Polygon","coordinates":[[[34.098066,-16.123915],[34.098016,-16.114876],[34.088666,-16.114924],[34.088715,-16.123963],[34.098066,-16.123915]]]}},{"type":"Feature","properties":{"ano":2025,"camada":"cultivo_sequeiro","area_km2":0.0063,"fracao_cobertura_celula":0.0063},"geometry":{"type":"Polygon","coordinates":[[[34.098016,-16.114876],[34.097966,-16.105838],[34.088617,-16.105885],[34.088666,-16.114924],[34.098016,-16.114876]]]}},{"type":"Feature","properties":{"ano":2025,"camada":"cultivo_sequeiro","area_km2":0.0405,"fracao_cobertura_celula":0.0405},"geometry":{"type":"Polygon","coordinates":[[[34.097966,-16.105838],[34.097917,-16.096799],[34.088567,-16.096847],[34.088617,-16.105885],[34.097966,-16.105838]]]}},{"type":"Feature","properties":{"ano":2025,"camada":"cultivo_sequeiro","area_km2":0.0216,"fracao_cobertura_celula":0.0216},"geometry":{"type":"Polygon","coordinates":[[[34.097917,-16.096799],[34.097867,-16.08776],[34.088518,-16.087808],[34.088567,-16.096847],[34.097917,-16.096799]]]}},{"type":"Feature","properties":{"ano":2025,"camada":"cultivo_sequeiro","area_km2":0.0378,"fracao_cobertura_celula":0.0378},"geometry":{"type":"Polygon","coordinates":[[[34.097867,-16.08776],[34.097817,-16.078722],[34.088469,-16.078769],[34.088518,-16.087808],[34.097867,-16.08776]]]}},{"type":"Feature","properties":{"ano":2025,"camada":"cultivo_sequeiro","area_km2":0.0882,"fracao_cobertura_celula":0.0882},"geometry":{"type":"Polygon","coordinates":[[[34.097817,-16.078722],[34.097768,-16.069683],[34.08842,-16.069731],[34.088469,-16.078769],[34.097817,-16.078722]]]}},{"type":"Feature","properties":{"ano":2025,"camada":"cultivo_sequeiro","area_km2":0.2754,"fracao_cobertura_celula":0.2754},"geometry":{"type":"Polygon","coordinates":[[[34.097768,-16.069683],[34.097718,-16.060644],[34.088371,-16.060692],[34.08842,-16.069731],[34.097768,-16.069683]]]}},{"type":"Feature","properties":{"ano":2025,"camada":"cultivo_sequeiro","area_km2":0.0378,"fracao_cobertura_celula":0.0378},"geometry":{"type":"Polygon","coordinates":[[[34.097718,-16.060644],[34.097669,-16.051605],[34.088322,-16.051653],[34.088371,-16.060692],[34.097718,-16.060644]]]}},{"type":"Feature","properties":{"ano":2025,"camada":"cultivo_sequeiro","area_km2":0.009,"fracao_cobertura_celula":0.009},"geometry":{"type":"Polygon","coordinates":[[[34.097669,-16.051605],[34.097619,-16.042567],[34.088272,-16.042614],[34.088322,-16.051653],[34.097669,-16.051605]]]}},{"type":"Feature","properties":{"ano":2025,"camada":"cultivo_sequeiro","area_km2":0.0036,"fracao_cobertura_celula":0.0036},"geometry":{"type":"Polygon","coordinates":[[[34.09757,-16.033528],[34.09752,-16.024489],[34.088174,-16.024537],[34.088223,-16.033576],[34.09757,-16.033528]]]}},{"type":"Feature","properties":{"ano":2025,"camada":"cultivo_sequeiro","area_km2":0.0117,"fracao_cobertura_celula":0.0117},"geometry":{"type":"Polygon","coordinates":[[[34.09752,-16.024489],[34.097471,-16.015451],[34.088125,-16.015498],[34.088174,-16.024537],[34.09752,-16.024489]]]}},{"type":"Feature","properties":{"ano":2025,"camada":"cultivo_sequeiro","area_km2":0.0099,"fracao_cobertura_celula":0.0099},"geometry":{"type":"Polygon","coordinates":[[[34.097471,-16.015451],[34.097422,-16.006412],[34.088076,-16.006459],[34.088125,-16.015498],[34.097471,-16.015451]]]}},{"type":"Feature","properties":{"ano":2025,"camada":"cultivo_sequeiro","area_km2":0.0027,"fracao_cobertura_celula":0.0027},"geometry":{"type":"Polygon","coordinates":[[[34.097422,-16.006412],[34.097372,-15.997373],[34.088028,-15.997421],[34.088076,-16.006459],[34.097422,-16.006412]]]}},{"type":"Feature","properties":{"ano":2025,"camada":"cultivo_sequeiro","area_km2":0.0396,"fracao_cobertura_celula":0.0396},"geometry":{"type":"Polygon","coordinates":[[[34.10863,-16.340791],[34.10858,-16.331752],[34.099219,-16.331801],[34.09927,-16.34084],[34.10863,-16.340791]]]}},{"type":"Feature","properties":{"ano":2025,"camada":"cultivo_sequeiro","area_km2":0.0666,"fracao_cobertura_celula":0.0666},"geometry":{"type":"Polygon","coordinates":[[[34.10858,-16.331752],[34.108529,-16.322714],[34.099169,-16.322763],[34.099219,-16.331801],[34.10858,-16.331752]]]}},{"type":"Feature","properties":{"ano":2025,"camada":"cultivo_sequeiro","area_km2":0.0009,"fracao_cobertura_celula":0.0009},"geometry":{"type":"Polygon","coordinates":[[[34.108529,-16.322714],[34.108478,-16.313676],[34.099118,-16.313724],[34.099169,-16.322763],[34.108529,-16.322714]]]}},{"type":"Feature","properties":{"ano":2025,"camada":"cultivo_sequeiro","area_km2":0.0603,"fracao_cobertura_celula":0.0603},"geometry":{"type":"Polygon","coordinates":[[[34.108376,-16.295599],[34.108325,-16.28656],[34.098967,-16.286609],[34.099017,-16.295648],[34.108376,-16.295599]]]}},{"type":"Feature","properties":{"ano":2025,"camada":"cultivo_sequeiro","area_km2":0.0297,"fracao_cobertura_celula":0.0297},"geometry":{"type":"Polygon","coordinates":[[[34.108325,-16.28656],[34.108275,-16.277522],[34.098917,-16.277571],[34.098967,-16.286609],[34.108325,-16.28656]]]}},{"type":"Feature","properties":{"ano":2025,"camada":"cultivo_sequeiro","area_km2":0.0666,"fracao_cobertura_celula":0.0666},"geometry":{"type":"Polygon","coordinates":[[[34.108275,-16.277522],[34.108224,-16.268483],[34.098866,-16.268532],[34.098917,-16.277571],[34.108275,-16.277522]]]}},{"type":"Feature","properties":{"ano":2025,"camada":"cultivo_sequeiro","area_km2":0.0225,"fracao_cobertura_celula":0.0225},"geometry":{"type":"Polygon","coordinates":[[[34.108224,-16.268483],[34.108173,-16.259445],[34.098816,-16.259493],[34.098866,-16.268532],[34.108224,-16.268483]]]}},{"type":"Feature","properties":{"ano":2025,"camada":"cultivo_sequeiro","area_km2":0.1116,"fracao_cobertura_celula":0.1116},"geometry":{"type":"Polygon","coordinates":[[[34.108173,-16.259445],[34.108122,-16.250406],[34.098766,-16.250455],[34.098816,-16.259493],[34.108173,-16.259445]]]}},{"type":"Feature","properties":{"ano":2025,"camada":"cultivo_sequeiro","area_km2":0.0153,"fracao_cobertura_celula":0.0153},"geometry":{"type":"Polygon","coordinates":[[[34.108122,-16.250406],[34.108072,-16.241368],[34.098716,-16.241416],[34.098766,-16.250455],[34.108122,-16.250406]]]}},{"type":"Feature","properties":{"ano":2025,"camada":"cultivo_sequeiro","area_km2":0.0108,"fracao_cobertura_celula":0.0108},"geometry":{"type":"Polygon","coordinates":[[[34.108072,-16.241368],[34.108021,-16.232329],[34.098666,-16.232378],[34.098716,-16.241416],[34.108072,-16.241368]]]}},{"type":"Feature","properties":{"ano":2025,"camada":"cultivo_sequeiro","area_km2":0.054,"fracao_cobertura_celula":0.054},"geometry":{"type":"Polygon","coordinates":[[[34.107971,-16.223291],[34.10792,-16.214252],[34.098565,-16.214301],[34.098615,-16.223339],[34.107971,-16.223291]]]}},{"type":"Feature","properties":{"ano":2025,"camada":"cultivo_sequeiro","area_km2":0.0225,"fracao_cobertura_celula":0.0225},"geometry":{"type":"Polygon","coordinates":[[[34.10792,-16.214252],[34.10787,-16.205214],[34.098515,-16.205262],[34.098565,-16.214301],[34.10792,-16.214252]]]}},{"type":"Feature","properties":{"ano":2025,"camada":"cultivo_sequeiro","area_km2":0.2682,"fracao_cobertura_celula":0.2682},"geometry":{"type":"Polygon","coordinates":[[[34.10787,-16.205214],[34.107819,-16.196175],[34.098465,-16.196224],[34.098515,-16.205262],[34.10787,-16.205214]]]}},{"type":"Feature","properties":{"ano":2025,"camada":"cultivo_sequeiro","area_km2":0.0297,"fracao_cobertura_celula":0.0297},"geometry":{"type":"Polygon","coordinates":[[[34.107819,-16.196175],[34.107769,-16.187137],[34.098415,-16.187185],[34.098465,-16.196224],[34.107819,-16.196175]]]}},{"type":"Feature","properties":{"ano":2025,"camada":"cultivo_sequeiro","area_km2":0.0009,"fracao_cobertura_celula":0.0009},"geometry":{"type":"Polygon","coordinates":[[[34.107769,-16.187137],[34.107718,-16.178098],[34.098365,-16.178146],[34.098415,-16.187185],[34.107769,-16.187137]]]}},{"type":"Feature","properties":{"ano":2025,"camada":"cultivo_sequeiro","area_km2":0.0009,"fracao_cobertura_celula":0.0009},"geometry":{"type":"Polygon","coordinates":[[[34.107467,-16.132905],[34.107417,-16.123866],[34.098066,-16.123915],[34.098116,-16.132953],[34.107467,-16.132905]]]}},{"type":"Feature","properties":{"ano":2025,"camada":"cultivo_sequeiro","area_km2":0.0045,"fracao_cobertura_celula":0.0045},"geometry":{"type":"Polygon","coordinates":[[[34.107417,-16.123866],[34.107366,-16.114828],[34.098016,-16.114876],[34.098066,-16.123915],[34.107417,-16.123866]]]}},{"type":"Feature","properties":{"ano":2025,"camada":"cultivo_sequeiro","area_km2":0.0009,"fracao_cobertura_celula":0.0009},"geometry":{"type":"Polygon","coordinates":[[[34.107366,-16.114828],[34.107316,-16.105789],[34.097966,-16.105838],[34.098016,-16.114876],[34.107366,-16.114828]]]}},{"type":"Feature","properties":{"ano":2025,"camada":"cultivo_sequeiro","area_km2":0.0441,"fracao_cobertura_celula":0.0441},"geometry":{"type":"Polygon","coordinates":[[[34.107316,-16.105789],[34.107266,-16.096751],[34.097917,-16.096799],[34.097966,-16.105838],[34.107316,-16.105789]]]}},{"type":"Feature","properties":{"ano":2025,"camada":"cultivo_sequeiro","area_km2":0.0036,"fracao_cobertura_celula":0.0036},"geometry":{"type":"Polygon","coordinates":[[[34.107266,-16.096751],[34.107216,-16.087712],[34.097867,-16.08776],[34.097917,-16.096799],[34.107266,-16.096751]]]}},{"type":"Feature","properties":{"ano":2025,"camada":"cultivo_sequeiro","area_km2":0.1314,"fracao_cobertura_celula":0.1314},"geometry":{"type":"Polygon","coordinates":[[[34.107216,-16.087712],[34.107166,-16.078673],[34.097817,-16.078722],[34.097867,-16.08776],[34.107216,-16.087712]]]}},{"type":"Feature","properties":{"ano":2025,"camada":"cultivo_sequeiro","area_km2":0.0657,"fracao_cobertura_celula":0.0657},"geometry":{"type":"Polygon","coordinates":[[[34.107166,-16.078673],[34.107116,-16.069635],[34.097768,-16.069683],[34.097817,-16.078722],[34.107166,-16.078673]]]}},{"type":"Feature","properties":{"ano":2025,"camada":"cultivo_sequeiro","area_km2":0.0081,"fracao_cobertura_celula":0.0081},"geometry":{"type":"Polygon","coordinates":[[[34.107116,-16.069635],[34.107066,-16.060596],[34.097718,-16.060644],[34.097768,-16.069683],[34.107116,-16.069635]]]}},{"type":"Feature","properties":{"ano":2025,"camada":"cultivo_sequeiro","area_km2":0.0045,"fracao_cobertura_celula":0.0045},"geometry":{"type":"Polygon","coordinates":[[[34.107066,-16.060596],[34.107016,-16.051557],[34.097669,-16.051605],[34.097718,-16.060644],[34.107066,-16.060596]]]}},{"type":"Feature","properties":{"ano":2025,"camada":"cultivo_sequeiro","area_km2":0.0018,"fracao_cobertura_celula":0.0018},"geometry":{"type":"Polygon","coordinates":[[[34.106866,-16.024441],[34.106816,-16.015403],[34.097471,-16.015451],[34.09752,-16.024489],[34.106866,-16.024441]]]}}]}