{"type":"FeatureCollection","features":[{"type":"Feature","properties":{"ano":2000,"camada":"urbano","area_km2":0.0009},"geometry":{"type":"Polygon","coordinates":[[[33.593151,-16.034477],[33.593152,-16.034748],[33.593432,-16.034747],[33.593432,-16.034476],[33.593151,-16.034477]]]}},{"type":"Feature","properties":{"ano":2000,"camada":"urbano","area_km2":0.0036},"geometry":{"type":"Polygon","coordinates":[[[33.697136,-16.099521],[33.697138,-16.100064],[33.697699,-16.100062],[33.697697,-16.09952],[33.697136,-16.099521]]]}},{"type":"Feature","properties":{"ano":2000,"camada":"urbano","area_km2":0.0009},"geometry":{"type":"Polygon","coordinates":[[[33.697144,-16.101691],[33.697145,-16.101962],[33.697425,-16.101961],[33.697424,-16.10169],[33.697144,-16.101691]]]}},{"type":"Feature","properties":{"ano":2000,"camada":"urbano","area_km2":0.0036},"geometry":{"type":"Polygon","coordinates":[[[33.701352,-16.101677],[33.701354,-16.10222],[33.701915,-16.102218],[33.701913,-16.101675],[33.701352,-16.101677]]]}},{"type":"Feature","properties":{"ano":2000,"camada":"urbano","area_km2":0.0009},"geometry":{"type":"Polygon","coordinates":[[[33.696864,-16.101963],[33.696865,-16.102234],[33.697146,-16.102233],[33.697145,-16.101962],[33.696864,-16.101963]]]}},{"type":"Feature","properties":{"ano":2000,"camada":"urbano","area_km2":0.0036},"geometry":{"type":"Polygon","coordinates":[[[33.646372,-16.102393],[33.646374,-16.103207],[33.646655,-16.103206],[33.646934,-16.102663],[33.646372,-16.102393]]]}},{"type":"Feature","properties":{"ano":2000,"camada":"urbano","area_km2":0.0018},"geometry":{"type":"Polygon","coordinates":[[[33.651709,-16.104546],[33.65171,-16.104818],[33.652271,-16.104816],[33.65227,-16.104545],[33.651709,-16.104546]]]}},{"type":"Feature","properties":{"ano":2000,"camada":"urbano","area_km2":0.0027},"geometry":{"type":"Polygon","coordinates":[[[33.647501,-16.104559],[33.647503,-16.105102],[33.648064,-16.1051],[33.648063,-16.104829],[33.647501,-16.104559]]]}},{"type":"Feature","properties":{"ano":2000,"camada":"urbano","area_km2":0.0036},"geometry":{"type":"Polygon","coordinates":[[[33.724644,-16.104311],[33.724927,-16.104853],[33.725488,-16.104851],[33.725205,-16.10431],[33.724644,-16.104311]]]}},{"type":"Feature","properties":{"ano":2000,"camada":"urbano","area_km2":0.0207},"geometry":{"type":"Polygon","coordinates":[[[33.727165,-16.103218],[33.727167,-16.10376],[33.726886,-16.103761],[33.726887,-16.104033],[33.727168,-16.104032],[33.72717,-16.104574],[33.72745,-16.104573],[33.727449,-16.104031],[33.727729,-16.10403],[33.72773,-16.104301],[33.728011,-16.1043],[33.728012,-16.104571],[33.727731,-16.104572],[33.727733,-16.105115],[33.728294,-16.105113],[33.728291,-16.104299],[33.728572,-16.104298],[33.72857,-16.103756],[33.728289,-16.103757],[33.728007,-16.103215],[33.727165,-16.103218]]]}},{"type":"Feature","properties":{"ano":2000,"camada":"urbano","area_km2":0.0036},"geometry":{"type":"Polygon","coordinates":[[[33.633479,-16.105957],[33.633761,-16.106499],[33.634321,-16.106226],[33.63432,-16.105955],[33.633479,-16.105957]]]}},{"type":"Feature","properties":{"ano":2000,"camada":"urbano","area_km2":0.0009},"geometry":{"type":"Polygon","coordinates":[[[33.689024,-16.106056],[33.689025,-16.106328],[33.689305,-16.106327],[33.689304,-16.106056],[33.689024,-16.106056]]]}},{"type":"Feature","properties":{"ano":2000,"camada":"urbano","area_km2":0.0018},"geometry":{"type":"Polygon","coordinates":[[[33.635445,-16.106765],[33.635446,-16.107036],[33.636007,-16.107034],[33.636006,-16.106763],[33.635445,-16.106765]]]}},{"type":"Feature","properties":{"ano":2000,"camada":"urbano","area_km2":0.0126},"geometry":{"type":"Polygon","coordinates":[[[33.727454,-16.105658],[33.727455,-16.105929],[33.727175,-16.10593],[33.727177,-16.106472],[33.727457,-16.106471],[33.72774,-16.107013],[33.728301,-16.107011],[33.728299,-16.106469],[33.728018,-16.106469],[33.728297,-16.105926],[33.728016,-16.105927],[33.728015,-16.105656],[33.727454,-16.105658]]]}},{"type":"Feature","properties":{"ano":2000,"camada":"urbano","area_km2":0.009},"geometry":{"type":"Polygon","coordinates":[[[33.730541,-16.105918],[33.730542,-16.10619],[33.730262,-16.106191],[33.730265,-16.107004],[33.730826,-16.107002],[33.730825,-16.106731],[33.731105,-16.10673],[33.731102,-16.105917],[33.730541,-16.105918]]]}},{"type":"Feature","properties":{"ano":2000,"camada":"urbano","area_km2":0.0027},"geometry":{"type":"Polygon","coordinates":[[[33.670512,-16.106929],[33.670513,-16.1072],[33.671075,-16.10747],[33.671073,-16.106927],[33.670512,-16.106929]]]}},{"type":"Feature","properties":{"ano":2000,"camada":"urbano","area_km2":0.0009},"geometry":{"type":"Polygon","coordinates":[[[33.725217,-16.107564],[33.725218,-16.107835],[33.725499,-16.107834],[33.725498,-16.107563],[33.725217,-16.107564]]]}},{"type":"Feature","properties":{"ano":2000,"camada":"urbano","area_km2":0.0009},"geometry":{"type":"Polygon","coordinates":[[[33.671638,-16.10801],[33.671639,-16.108281],[33.671919,-16.10828],[33.671918,-16.108009],[33.671638,-16.10801]]]}},{"type":"Feature","properties":{"ano":2000,"camada":"urbano","area_km2":0.0009},"geometry":{"type":"Polygon","coordinates":[[[33.724938,-16.107836],[33.724939,-16.108107],[33.725219,-16.108106],[33.725218,-16.107835],[33.724938,-16.107836]]]}},{"type":"Feature","properties":{"ano":2000,"camada":"urbano","area_km2":0.0216},"geometry":{"type":"Polygon","coordinates":[[[33.730267,-16.107547],[33.730269,-16.108089],[33.729708,-16.108091],[33.729707,-16.10782],[33.729145,-16.107822],[33.729146,-16.108093],[33.728586,-16.108366],[33.729151,-16.109449],[33.729712,-16.109447],[33.72971,-16.108633],[33.73083,-16.108087],[33.730828,-16.107545],[33.730267,-16.107547]],[[33.729427,-16.108092],[33.729708,-16.108091],[33.729709,-16.108362],[33.729428,-16.108363],[33.729427,-16.108092]]]}},{"type":"Feature","properties":{"ano":2000,"camada":"urbano","area_km2":0.0189},"geometry":{"type":"Polygon","coordinates":[[[33.684542,-16.107969],[33.684544,-16.108512],[33.684824,-16.108511],[33.684825,-16.108782],[33.683984,-16.108785],[33.683986,-16.109598],[33.684267,-16.109597],[33.684266,-16.109326],[33.684547,-16.109325],[33.684548,-16.109596],[33.685109,-16.109595],[33.685108,-16.109323],[33.685668,-16.10905],[33.685666,-16.108508],[33.685385,-16.108509],[33.685103,-16.107967],[33.684542,-16.107969]],[[33.685106,-16.108781],[33.685386,-16.10878],[33.685387,-16.109051],[33.685107,-16.109052],[33.685106,-16.108781]]]}},{"type":"Feature","properties":{"ano":2000,"camada":"urbano","area_km2":0.0036},"geometry":{"type":"Polygon","coordinates":[[[33.708391,-16.108976],[33.708392,-16.109519],[33.708953,-16.109517],[33.708952,-16.108974],[33.708391,-16.108976]]]}},{"type":"Feature","properties":{"ano":2000,"camada":"urbano","area_km2":0.0072},"geometry":{"type":"Polygon","coordinates":[[[33.72438,-16.108651],[33.724101,-16.109195],[33.725224,-16.109462],[33.725222,-16.10892],[33.724942,-16.108921],[33.724941,-16.108649],[33.72438,-16.108651]]]}},{"type":"Feature","properties":{"ano":2000,"camada":"urbano","area_km2":0.0009},"geometry":{"type":"Polygon","coordinates":[[[33.710355,-16.109241],[33.710356,-16.109512],[33.710637,-16.109511],[33.710636,-16.10924],[33.710355,-16.109241]]]}},{"type":"Feature","properties":{"ano":2000,"camada":"urbano","area_km2":0.0009},"geometry":{"type":"Polygon","coordinates":[[[33.670521,-16.109641],[33.670522,-16.109912],[33.670802,-16.109911],[33.670802,-16.10964],[33.670521,-16.109641]]]}},{"type":"Feature","properties":{"ano":2000,"camada":"urbano","area_km2":0.0414},"geometry":{"type":"Polygon","coordinates":[[[33.644144,-16.107552],[33.644145,-16.107824],[33.643864,-16.107824],[33.643866,-16.108367],[33.644147,-16.108366],[33.644148,-16.108637],[33.643587,-16.108639],[33.643591,-16.109995],[33.644151,-16.109722],[33.644149,-16.108908],[33.64471,-16.108907],[33.644992,-16.109448],[33.644711,-16.109449],[33.644433,-16.109992],[33.644713,-16.109991],[33.644714,-16.110263],[33.645275,-16.110261],[33.645272,-16.109176],[33.645833,-16.109175],[33.646111,-16.108631],[33.645831,-16.108632],[33.64583,-16.108361],[33.645269,-16.108363],[33.645268,-16.108091],[33.644987,-16.108092],[33.644986,-16.10755],[33.644144,-16.107552]]]}},{"type":"Feature","properties":{"ano":2000,"camada":"urbano","area_km2":0.0522},"geometry":{"type":"Polygon","coordinates":[[[33.669393,-16.108017],[33.669397,-16.109102],[33.668836,-16.109104],[33.668837,-16.109375],[33.668556,-16.109376],[33.668556,-16.109105],[33.667432,-16.108837],[33.667433,-16.109108],[33.666872,-16.10911],[33.666595,-16.110196],[33.666876,-16.110195],[33.666877,-16.110466],[33.667999,-16.110462],[33.668278,-16.109919],[33.668839,-16.109917],[33.668838,-16.109646],[33.669399,-16.109644],[33.669398,-16.109373],[33.670521,-16.109641],[33.670518,-16.108827],[33.670799,-16.108826],[33.670798,-16.108555],[33.670517,-16.108556],[33.670516,-16.108014],[33.669393,-16.108017]],[[33.667435,-16.10965],[33.667996,-16.109649],[33.667997,-16.10992],[33.667436,-16.109922],[33.667435,-16.10965]]]}},{"type":"Feature","properties":{"ano":2000,"camada":"urbano","area_km2":0.0027},"geometry":{"type":"Polygon","coordinates":[[[33.686232,-16.109862],[33.686233,-16.110405],[33.686514,-16.110404],[33.686793,-16.10986],[33.686232,-16.109862]]]}},{"type":"Feature","properties":{"ano":2000,"camada":"urbano","area_km2":0.0027},"geometry":{"type":"Polygon","coordinates":[[[33.733081,-16.109978],[33.733083,-16.11052],[33.733363,-16.110519],[33.733642,-16.109976],[33.733081,-16.109978]]]}},{"type":"Feature","properties":{"ano":2000,"camada":"urbano","area_km2":0.0198},"geometry":{"type":"Polygon","coordinates":[[[33.727748,-16.109182],[33.72775,-16.109725],[33.728312,-16.109994],[33.728033,-16.110537],[33.728594,-16.110535],[33.728592,-16.109993],[33.729153,-16.109991],[33.729154,-16.110262],[33.729715,-16.11026],[33.729716,-16.110532],[33.730278,-16.11053],[33.730277,-16.110258],[33.730557,-16.110257],[33.730275,-16.109716],[33.729714,-16.109989],[33.729713,-16.109718],[33.728591,-16.109722],[33.728309,-16.10918],[33.727748,-16.109182]]]}},{"type":"Feature","properties":{"ano":2000,"camada":"urbano","area_km2":0.0153},"geometry":{"type":"Polygon","coordinates":[[[33.709794,-16.109243],[33.709796,-16.109785],[33.708954,-16.109788],[33.708676,-16.110331],[33.708956,-16.11033],[33.708957,-16.110601],[33.709799,-16.110599],[33.7098,-16.11087],[33.71008,-16.110869],[33.710077,-16.109784],[33.710357,-16.109783],[33.710356,-16.109512],[33.709794,-16.109243]]]}},{"type":"Feature","properties":{"ano":2000,"camada":"urbano","area_km2":0.009},"geometry":{"type":"Polygon","coordinates":[[[33.724384,-16.110007],[33.724385,-16.110279],[33.723824,-16.11028],[33.723826,-16.110823],[33.724948,-16.110819],[33.724946,-16.110005],[33.724384,-16.110007]]]}},{"type":"Feature","properties":{"ano":2000,"camada":"urbano","area_km2":0.0009},"geometry":{"type":"Polygon","coordinates":[[[33.654256,-16.111318],[33.654256,-16.11159],[33.654537,-16.111589],[33.654536,-16.111318],[33.654256,-16.111318]]]}},{"type":"Feature","properties":{"ano":2000,"camada":"urbano","area_km2":0.0459},"geometry":{"type":"Polygon","coordinates":[[[33.671643,-16.109637],[33.671644,-16.109908],[33.670802,-16.109911],[33.670806,-16.110996],[33.671087,-16.110995],[33.671088,-16.111266],[33.671929,-16.111264],[33.67193,-16.111535],[33.67249,-16.111262],[33.672773,-16.111803],[33.673334,-16.111802],[33.673333,-16.11153],[33.673894,-16.111529],[33.673893,-16.111257],[33.674173,-16.111256],[33.674173,-16.110985],[33.673892,-16.110986],[33.673891,-16.110715],[33.673611,-16.110716],[33.67361,-16.110445],[33.673329,-16.110446],[33.673047,-16.109904],[33.672205,-16.109907],[33.672204,-16.109636],[33.671643,-16.109637]],[[33.671364,-16.110181],[33.672206,-16.110178],[33.672209,-16.110991],[33.671928,-16.110992],[33.671927,-16.110721],[33.671366,-16.110723],[33.671364,-16.110181]],[[33.672769,-16.110719],[33.673049,-16.110718],[33.67305,-16.110989],[33.67277,-16.11099],[33.672769,-16.110719]]]}},{"type":"Feature","properties":{"ano":2000,"camada":"urbano","area_km2":0.0486},"geometry":{"type":"Polygon","coordinates":[[[33.682585,-16.109874],[33.682586,-16.110145],[33.682305,-16.110146],[33.682307,-16.110688],[33.681745,-16.110419],[33.681747,-16.110961],[33.682027,-16.11096],[33.682028,-16.111232],[33.682589,-16.11123],[33.682588,-16.110959],[33.682869,-16.110958],[33.68287,-16.111229],[33.68315,-16.111228],[33.683151,-16.111499],[33.683712,-16.111497],[33.683995,-16.112039],[33.684836,-16.112036],[33.684833,-16.110951],[33.685113,-16.11095],[33.685111,-16.110408],[33.684831,-16.110409],[33.68483,-16.110138],[33.683709,-16.110413],[33.683707,-16.10987],[33.682585,-16.109874]],[[33.683429,-16.110685],[33.68371,-16.110684],[33.683711,-16.110955],[33.68343,-16.110956],[33.683429,-16.110685]],[[33.68315,-16.110957],[33.68343,-16.110956],[33.683431,-16.111227],[33.68315,-16.111228],[33.68315,-16.110957]]]}},{"type":"Feature","properties":{"ano":2000,"camada":"urbano","area_km2":0.0108},"geometry":{"type":"Polygon","coordinates":[[[33.658184,-16.111578],[33.657905,-16.112121],[33.657344,-16.112123],[33.657909,-16.113206],[33.658189,-16.113205],[33.658187,-16.112391],[33.658467,-16.11239],[33.658464,-16.111577],[33.658184,-16.111578]]]}},{"type":"Feature","properties":{"ano":2000,"camada":"urbano","area_km2":0.0081},"geometry":{"type":"Polygon","coordinates":[[[33.657065,-16.112395],[33.657065,-16.112666],[33.656504,-16.112668],[33.656507,-16.113481],[33.657068,-16.113479],[33.657067,-16.113208],[33.657348,-16.113207],[33.657345,-16.112394],[33.657065,-16.112395]]]}},{"type":"Feature","properties":{"ano":2000,"camada":"urbano","area_km2":0.0009},"geometry":{"type":"Polygon","coordinates":[[[33.712332,-16.113031],[33.712333,-16.113302],[33.712614,-16.113301],[33.712613,-16.11303],[33.712332,-16.113031]]]}},{"type":"Feature","properties":{"ano":2000,"camada":"urbano","area_km2":0.0009},"geometry":{"type":"Polygon","coordinates":[[[33.741227,-16.112933],[33.741228,-16.113204],[33.741509,-16.113203],[33.741508,-16.112932],[33.741227,-16.112933]]]}},{"type":"Feature","properties":{"ano":2000,"camada":"urbano","area_km2":0.0009},"geometry":{"type":"Polygon","coordinates":[[[33.740948,-16.113205],[33.740949,-16.113476],[33.741229,-16.113475],[33.741228,-16.113204],[33.740948,-16.113205]]]}},{"type":"Feature","properties":{"ano":2000,"camada":"urbano","area_km2":0.0045},"geometry":{"type":"Polygon","coordinates":[[[33.646689,-16.113782],[33.646691,-16.114325],[33.647252,-16.114323],[33.647251,-16.114052],[33.647532,-16.114051],[33.647531,-16.11378],[33.646689,-16.113782]]]}},{"type":"Feature","properties":{"ano":2000,"camada":"urbano","area_km2":0.0612},"geometry":{"type":"Polygon","coordinates":[[[33.686514,-16.110404],[33.686796,-16.110945],[33.686235,-16.110947],[33.686236,-16.111218],[33.685956,-16.111219],[33.685958,-16.111761],[33.685397,-16.112034],[33.6854,-16.112848],[33.685681,-16.112847],[33.685965,-16.113931],[33.686525,-16.113658],[33.686527,-16.1142],[33.686808,-16.114199],[33.686809,-16.114471],[33.68737,-16.114469],[33.687369,-16.114198],[33.687649,-16.114197],[33.687646,-16.113383],[33.687927,-16.113382],[33.687925,-16.11284],[33.687645,-16.112841],[33.687644,-16.11257],[33.687083,-16.112843],[33.687082,-16.1123],[33.687362,-16.112299],[33.68736,-16.111757],[33.68708,-16.111758],[33.687075,-16.110402],[33.686514,-16.110404]],[[33.685958,-16.111761],[33.686238,-16.11176],[33.686239,-16.112032],[33.685959,-16.112033],[33.685958,-16.111761]],[[33.686519,-16.11176],[33.686799,-16.111759],[33.6868,-16.11203],[33.68652,-16.112031],[33.686519,-16.11176]],[[33.686804,-16.113115],[33.687084,-16.113114],[33.687086,-16.113656],[33.686525,-16.113658],[33.686804,-16.113115]]]}},{"type":"Feature","properties":{"ano":2000,"camada":"urbano","area_km2":0.0036},"geometry":{"type":"Polygon","coordinates":[[[33.742634,-16.114013],[33.742636,-16.114555],[33.743197,-16.114553],[33.743195,-16.114011],[33.742634,-16.114013]]]}},{"type":"Feature","properties":{"ano":2000,"camada":"urbano","area_km2":0.0018},"geometry":{"type":"Polygon","coordinates":[[[33.565896,-16.114825],[33.565897,-16.115096],[33.566458,-16.115095],[33.566457,-16.114824],[33.565896,-16.114825]]]}},{"type":"Feature","properties":{"ano":2000,"camada":"urbano","area_km2":0.0009},"geometry":{"type":"Polygon","coordinates":[[[33.656231,-16.114838],[33.656232,-16.115109],[33.656512,-16.115108],[33.656511,-16.114837],[33.656231,-16.114838]]]}},{"type":"Feature","properties":{"ano":2000,"camada":"urbano","area_km2":0.4347},"geometry":{"type":"Polygon","coordinates":[[[33.71344,-16.108959],[33.713441,-16.109231],[33.712319,-16.109234],[33.712321,-16.109777],[33.71204,-16.109778],[33.712043,-16.110591],[33.712605,-16.110861],[33.712604,-16.110589],[33.712885,-16.110588],[33.713163,-16.110045],[33.713724,-16.110043],[33.713723,-16.109772],[33.714004,-16.109771],[33.714005,-16.110042],[33.714285,-16.110041],[33.714286,-16.110313],[33.714006,-16.110313],[33.714008,-16.110856],[33.714288,-16.110855],[33.714571,-16.111396],[33.714851,-16.111395],[33.714849,-16.110853],[33.71513,-16.110852],[33.715414,-16.111936],[33.715134,-16.111937],[33.715133,-16.111666],[33.714572,-16.111668],[33.714574,-16.11221],[33.714293,-16.112211],[33.714015,-16.112754],[33.713173,-16.112757],[33.713176,-16.113571],[33.712615,-16.113572],[33.712616,-16.113844],[33.713457,-16.113841],[33.713458,-16.114112],[33.713739,-16.114111],[33.71374,-16.114382],[33.714302,-16.114652],[33.714301,-16.11438],[33.714582,-16.114379],[33.714581,-16.114108],[33.714019,-16.113839],[33.714297,-16.113296],[33.714578,-16.113295],[33.71458,-16.113837],[33.715141,-16.113835],[33.715419,-16.113292],[33.7157,-16.113291],[33.715982,-16.113832],[33.716824,-16.11383],[33.716823,-16.113558],[33.717103,-16.113557],[33.717102,-16.113286],[33.717383,-16.113285],[33.717382,-16.113014],[33.717942,-16.112741],[33.717943,-16.113012],[33.719065,-16.113008],[33.719067,-16.113551],[33.718787,-16.113552],[33.718508,-16.114095],[33.71935,-16.114092],[33.719351,-16.114363],[33.719631,-16.114362],[33.719634,-16.115176],[33.720195,-16.115174],[33.720193,-16.114632],[33.720474,-16.114631],[33.720475,-16.114902],[33.721035,-16.114629],[33.721036,-16.1149],[33.721597,-16.114898],[33.721879,-16.11544],[33.72216,-16.115439],[33.722159,-16.115167],[33.722439,-16.115167],[33.72244,-16.115438],[33.723001,-16.115436],[33.723,-16.115165],[33.723281,-16.115164],[33.723276,-16.113808],[33.723836,-16.113535],[33.723554,-16.112993],[33.724115,-16.112991],[33.724114,-16.11272],[33.723553,-16.112722],[33.723552,-16.112451],[33.72271,-16.112454],[33.722711,-16.112725],[33.722431,-16.112726],[33.722429,-16.112183],[33.724112,-16.112178],[33.724109,-16.111364],[33.723548,-16.111366],[33.723549,-16.111637],[33.723268,-16.111638],[33.723267,-16.111367],[33.722426,-16.11137],[33.722424,-16.110828],[33.722143,-16.110828],[33.722146,-16.111642],[33.721866,-16.111643],[33.721865,-16.111372],[33.721305,-16.111645],[33.721303,-16.111103],[33.720461,-16.111105],[33.72046,-16.110834],[33.719899,-16.110836],[33.719898,-16.110565],[33.721301,-16.11056],[33.721299,-16.110018],[33.721018,-16.110019],[33.721015,-16.109205],[33.720735,-16.109206],[33.720736,-16.109477],[33.720455,-16.109478],[33.720454,-16.109207],[33.719893,-16.109209],[33.719894,-16.10948],[33.719614,-16.109481],[33.719896,-16.110023],[33.719335,-16.110024],[33.719336,-16.110296],[33.719055,-16.110297],[33.719054,-16.110025],[33.717932,-16.110029],[33.717931,-16.109758],[33.717651,-16.109759],[33.717652,-16.11003],[33.717371,-16.110031],[33.717093,-16.110574],[33.715971,-16.110578],[33.71597,-16.110307],[33.715409,-16.110309],[33.715408,-16.110038],[33.714566,-16.11004],[33.714565,-16.109769],[33.714284,-16.10977],[33.714283,-16.109228],[33.714002,-16.109229],[33.714001,-16.108958],[33.71344,-16.108959]],[[33.713441,-16.109231],[33.713721,-16.10923],[33.713722,-16.109501],[33.713442,-16.109502],[33.713441,-16.109231]],[[33.717373,-16.110573],[33.717934,-16.110571],[33.717935,-16.110843],[33.717374,-16.110845],[33.717373,-16.110573]],[[33.717094,-16.110846],[33.717374,-16.110845],[33.717375,-16.111116],[33.717095,-16.111117],[33.717094,-16.110846]],[[33.719338,-16.110838],[33.719618,-16.110837],[33.719619,-16.111108],[33.719339,-16.111109],[33.719338,-16.110838]],[[33.715411,-16.111122],[33.715692,-16.111121],[33.715693,-16.111393],[33.715412,-16.111394],[33.715411,-16.111122]],[[33.717659,-16.111928],[33.717939,-16.111927],[33.717941,-16.11247],[33.717661,-16.112471],[33.717659,-16.111928]],[[33.719061,-16.111924],[33.719622,-16.111922],[33.719623,-16.112193],[33.719062,-16.112195],[33.719061,-16.111924]],[[33.715696,-16.112206],[33.716257,-16.112204],[33.716258,-16.112475],[33.715697,-16.112477],[33.715696,-16.112206]],[[33.718782,-16.112196],[33.719062,-16.112195],[33.719063,-16.112466],[33.718783,-16.112467],[33.718782,-16.112196]],[[33.714855,-16.11248],[33.715136,-16.112479],[33.715137,-16.11275],[33.714856,-16.112751],[33.714855,-16.11248]],[[33.721027,-16.112459],[33.721307,-16.112458],[33.721308,-16.11273],[33.721028,-16.112731],[33.721027,-16.112459]],[[33.720186,-16.112733],[33.720467,-16.112732],[33.720468,-16.113004],[33.720187,-16.113005],[33.720186,-16.112733]],[[33.714016,-16.113025],[33.714296,-16.113024],[33.714297,-16.113296],[33.714017,-16.113297],[33.714016,-16.113025]],[[33.719907,-16.113006],[33.720187,-16.113005],[33.720188,-16.113276],[33.719908,-16.113277],[33.719907,-16.113006]],[[33.721031,-16.113544],[33.721311,-16.113543],[33.721312,-16.113814],[33.721032,-16.113815],[33.721031,-16.113544]],[[33.721592,-16.113542],[33.722153,-16.11354],[33.722154,-16.113812],[33.721593,-16.113813],[33.721592,-16.113542]],[[33.71963,-16.114091],[33.720191,-16.114089],[33.720192,-16.114361],[33.719631,-16.114362],[33.71963,-16.114091]]]}},{"type":"Feature","properties":{"ano":2000,"camada":"urbano","area_km2":0.0018},"geometry":{"type":"Polygon","coordinates":[[[33.751898,-16.115607],[33.751899,-16.115878],[33.75246,-16.115876],[33.752459,-16.115605],[33.751898,-16.115607]]]}},{"type":"Feature","properties":{"ano":2000,"camada":"urbano","area_km2":0.0207},"geometry":{"type":"Polygon","coordinates":[[[33.740952,-16.11429],[33.740953,-16.114561],[33.740672,-16.114562],[33.740677,-16.115918],[33.741238,-16.115916],[33.741239,-16.116187],[33.742081,-16.116184],[33.74208,-16.115913],[33.74264,-16.11564],[33.742638,-16.115097],[33.742357,-16.115098],[33.742358,-16.115369],[33.741798,-16.115643],[33.741797,-16.115371],[33.741236,-16.115373],[33.741232,-16.114289],[33.740952,-16.11429]]]}},{"type":"Feature","properties":{"ano":2000,"camada":"urbano","area_km2":0.0045},"geometry":{"type":"Polygon","coordinates":[[[33.720759,-16.115986],[33.720761,-16.116528],[33.721603,-16.116525],[33.72132,-16.115984],[33.720759,-16.115986]]]}},{"type":"Feature","properties":{"ano":2000,"camada":"urbano","area_km2":0.0009},"geometry":{"type":"Polygon","coordinates":[[[33.742081,-16.116184],[33.742082,-16.116455],[33.742362,-16.116454],[33.742361,-16.116183],[33.742081,-16.116184]]]}},{"type":"Feature","properties":{"ano":2000,"camada":"urbano","area_km2":0.0126},"geometry":{"type":"Polygon","coordinates":[[[33.743479,-16.115094],[33.743201,-16.115638],[33.74264,-16.11564],[33.742641,-16.115911],[33.742921,-16.11591],[33.742643,-16.116453],[33.743485,-16.11645],[33.743483,-16.115908],[33.744043,-16.115635],[33.744041,-16.115092],[33.743479,-16.115094]]]}},{"type":"Feature","properties":{"ano":2000,"camada":"urbano","area_km2":0.0072},"geometry":{"type":"Polygon","coordinates":[[[33.656796,-16.116192],[33.656797,-16.116463],[33.656237,-16.116736],[33.656519,-16.117278],[33.6568,-16.117277],[33.656799,-16.117006],[33.657359,-16.116733],[33.657358,-16.116462],[33.656796,-16.116192]]]}},{"type":"Feature","properties":{"ano":2000,"camada":"urbano","area_km2":0.0072},"geometry":{"type":"Polygon","coordinates":[[[33.566744,-16.116993],[33.566745,-16.117535],[33.567026,-16.117534],[33.567027,-16.117805],[33.567589,-16.118075],[33.567586,-16.117262],[33.567306,-16.117262],[33.567305,-16.116991],[33.566744,-16.116993]]]}},{"type":"Feature","properties":{"ano":2000,"camada":"urbano","area_km2":0.0036},"geometry":{"type":"Polygon","coordinates":[[[33.709261,-16.117109],[33.709263,-16.117651],[33.709824,-16.11765],[33.709822,-16.117107],[33.709261,-16.117109]]]}},{"type":"Feature","properties":{"ano":2000,"camada":"urbano","area_km2":0.0009},"geometry":{"type":"Polygon","coordinates":[[[33.570113,-16.118068],[33.570114,-16.11834],[33.570395,-16.118339],[33.570394,-16.118068],[33.570113,-16.118068]]]}},{"type":"Feature","properties":{"ano":2000,"camada":"urbano","area_km2":0.0009},"geometry":{"type":"Polygon","coordinates":[[[33.690187,-16.117985],[33.690188,-16.118256],[33.690469,-16.118255],[33.690468,-16.117984],[33.690187,-16.117985]]]}},{"type":"Feature","properties":{"ano":2000,"camada":"urbano","area_km2":0.2619},"geometry":{"type":"Polygon","coordinates":[[[33.726066,-16.109459],[33.725787,-16.110003],[33.726629,-16.11],[33.726911,-16.110541],[33.72607,-16.110544],[33.726069,-16.110273],[33.725508,-16.110275],[33.725509,-16.110546],[33.725228,-16.110547],[33.72523,-16.111089],[33.725791,-16.111087],[33.726074,-16.111629],[33.727196,-16.111625],[33.727199,-16.112438],[33.726638,-16.11244],[33.726637,-16.112169],[33.726356,-16.11217],[33.726358,-16.112713],[33.726077,-16.112713],[33.726076,-16.112171],[33.725795,-16.112172],[33.725794,-16.111901],[33.724952,-16.111904],[33.724954,-16.112446],[33.724393,-16.112448],[33.724392,-16.112177],[33.724112,-16.112178],[33.724114,-16.11272],[33.724394,-16.112719],[33.724395,-16.11299],[33.724115,-16.112991],[33.724117,-16.113534],[33.723557,-16.113807],[33.72356,-16.11462],[33.72384,-16.114619],[33.723841,-16.114891],[33.724122,-16.11489],[33.724404,-16.115431],[33.723843,-16.115433],[33.723844,-16.115704],[33.723564,-16.115705],[33.723285,-16.116248],[33.722162,-16.115981],[33.722163,-16.116252],[33.721603,-16.116525],[33.721604,-16.116797],[33.721884,-16.116796],[33.721886,-16.117338],[33.721326,-16.117611],[33.721329,-16.118425],[33.721889,-16.118152],[33.721887,-16.117609],[33.722168,-16.117608],[33.722169,-16.117879],[33.722731,-16.118149],[33.72273,-16.117877],[33.72301,-16.117877],[33.723006,-16.116792],[33.723287,-16.116791],[33.723565,-16.116248],[33.723846,-16.116247],[33.723848,-16.116789],[33.723567,-16.11679],[33.723568,-16.117061],[33.723849,-16.11706],[33.724131,-16.117602],[33.724412,-16.117601],[33.724411,-16.117329],[33.725253,-16.117327],[33.725252,-16.117055],[33.725532,-16.117054],[33.725533,-16.117326],[33.726375,-16.117323],[33.726092,-16.116781],[33.725531,-16.116783],[33.72553,-16.116512],[33.724689,-16.116515],[33.724688,-16.116244],[33.724968,-16.116243],[33.724967,-16.115972],[33.725528,-16.11597],[33.725526,-16.115427],[33.725807,-16.115426],[33.725806,-16.115155],[33.726367,-16.115153],[33.726365,-16.114611],[33.726645,-16.11461],[33.726647,-16.115152],[33.727209,-16.115422],[33.727207,-16.114608],[33.726926,-16.114609],[33.726643,-16.114068],[33.727205,-16.114066],[33.727204,-16.113794],[33.727484,-16.113793],[33.727486,-16.114336],[33.728048,-16.114605],[33.728046,-16.114063],[33.727766,-16.114064],[33.727765,-16.113793],[33.728045,-16.113792],[33.728044,-16.11352],[33.728605,-16.113518],[33.728323,-16.112977],[33.728884,-16.112975],[33.728883,-16.112704],[33.728602,-16.112705],[33.728598,-16.11162],[33.728318,-16.111621],[33.728317,-16.11135],[33.728036,-16.111351],[33.728035,-16.11108],[33.727473,-16.11081],[33.72747,-16.109997],[33.72719,-16.109998],[33.727189,-16.109727],[33.726066,-16.109459]],[[33.7272,-16.11271],[33.72748,-16.112709],[33.727481,-16.11298],[33.727201,-16.112981],[33.7272,-16.11271]],[[33.725518,-16.113258],[33.725799,-16.113257],[33.7258,-16.113528],[33.725519,-16.113529],[33.725518,-16.113258]],[[33.725804,-16.114613],[33.726084,-16.114612],[33.726085,-16.114883],[33.725805,-16.114884],[33.725804,-16.114613]],[[33.724684,-16.115159],[33.724964,-16.115158],[33.724966,-16.1157],[33.724405,-16.115702],[33.724684,-16.115159]]]}},{"type":"Feature","properties":{"ano":2000,"camada":"urbano","area_km2":0.0009},"geometry":{"type":"Polygon","coordinates":[[[33.689908,-16.118257],[33.689909,-16.118528],[33.690189,-16.118528],[33.690188,-16.118256],[33.689908,-16.118257]]]}},{"type":"Feature","properties":{"ano":2000,"camada":"urbano","area_km2":0.0009},"geometry":{"type":"Polygon","coordinates":[[[33.729184,-16.118398],[33.729185,-16.118669],[33.729466,-16.118668],[33.729465,-16.118397],[33.729184,-16.118398]]]}},{"type":"Feature","properties":{"ano":2000,"camada":"urbano","area_km2":0.0072},"geometry":{"type":"Polygon","coordinates":[[[33.726378,-16.118136],[33.726379,-16.118407],[33.725537,-16.11841],[33.725539,-16.118953],[33.726381,-16.11895],[33.72638,-16.118679],[33.72666,-16.118678],[33.726658,-16.118135],[33.726378,-16.118136]]]}},{"type":"Feature","properties":{"ano":2000,"camada":"urbano","area_km2":0.0324},"geometry":{"type":"Polygon","coordinates":[[[33.740119,-16.116733],[33.740121,-16.117276],[33.740402,-16.117275],[33.740403,-16.117546],[33.740964,-16.117544],[33.740966,-16.118086],[33.740685,-16.118087],[33.740968,-16.118629],[33.741528,-16.118355],[33.741529,-16.118627],[33.741809,-16.118626],[33.74181,-16.118897],[33.742371,-16.118895],[33.742372,-16.119166],[33.742934,-16.119164],[33.742933,-16.118893],[33.743213,-16.118892],[33.743211,-16.11835],[33.742931,-16.118351],[33.742929,-16.117808],[33.742367,-16.11781],[33.742368,-16.118081],[33.741246,-16.118085],[33.741523,-16.116999],[33.740963,-16.117273],[33.740961,-16.11673],[33.740119,-16.116733]],[[33.74265,-16.118351],[33.742931,-16.118351],[33.742932,-16.118622],[33.742651,-16.118623],[33.74265,-16.118351]]]}},{"type":"Feature","properties":{"ano":2000,"camada":"urbano","area_km2":0.0009},"geometry":{"type":"Polygon","coordinates":[[[33.719928,-16.118972],[33.719929,-16.119243],[33.72021,-16.119242],[33.720209,-16.118971],[33.719928,-16.118972]]]}},{"type":"Feature","properties":{"ano":2000,"camada":"urbano","area_km2":0.0027},"geometry":{"type":"Polygon","coordinates":[[[33.56619,-16.119706],[33.566191,-16.119977],[33.566753,-16.120247],[33.566752,-16.119705],[33.56619,-16.119706]]]}},{"type":"Feature","properties":{"ano":2000,"camada":"urbano","area_km2":0.0027},"geometry":{"type":"Polygon","coordinates":[[[33.718807,-16.119247],[33.718809,-16.119789],[33.71909,-16.119788],[33.719368,-16.119245],[33.718807,-16.119247]]]}},{"type":"Feature","properties":{"ano":2000,"camada":"urbano","area_km2":0.0027},"geometry":{"type":"Polygon","coordinates":[[[33.721613,-16.119237],[33.721614,-16.11978],[33.722176,-16.119778],[33.722175,-16.119507],[33.721613,-16.119237]]]}},{"type":"Feature","properties":{"ano":2000,"camada":"urbano","area_km2":0.0009},"geometry":{"type":"Polygon","coordinates":[[[33.73508,-16.119734],[33.735081,-16.120005],[33.735362,-16.120004],[33.735361,-16.119733],[33.73508,-16.119734]]]}},{"type":"Feature","properties":{"ano":2000,"camada":"urbano","area_km2":0.0477},"geometry":{"type":"Polygon","coordinates":[[[33.723291,-16.117876],[33.723292,-16.118147],[33.722731,-16.118149],[33.722736,-16.119505],[33.723297,-16.119503],[33.723299,-16.120045],[33.723579,-16.120044],[33.72358,-16.120315],[33.723861,-16.120314],[33.72386,-16.120043],[33.724982,-16.120039],[33.724981,-16.119768],[33.725262,-16.119767],[33.725263,-16.120038],[33.725824,-16.120037],[33.725822,-16.119494],[33.725261,-16.119496],[33.72526,-16.119225],[33.724979,-16.119226],[33.724977,-16.118683],[33.724697,-16.118684],[33.724696,-16.118413],[33.724415,-16.118414],[33.724416,-16.118685],[33.723855,-16.118687],[33.724133,-16.118144],[33.723853,-16.118145],[33.723852,-16.117874],[33.723291,-16.117876]],[[33.723576,-16.119231],[33.723857,-16.11923],[33.723858,-16.119501],[33.723577,-16.119502],[33.723576,-16.119231]],[[33.724698,-16.119227],[33.724979,-16.119226],[33.72498,-16.119497],[33.724699,-16.119498],[33.724698,-16.119227]]]}},{"type":"Feature","properties":{"ano":2000,"camada":"urbano","area_km2":0.0009},"geometry":{"type":"Polygon","coordinates":[[[33.736765,-16.119999],[33.736766,-16.12027],[33.737046,-16.120269],[33.737045,-16.119998],[33.736765,-16.119999]]]}},{"type":"Feature","properties":{"ano":2000,"camada":"urbano","area_km2":0.1053},"geometry":{"type":"Polygon","coordinates":[[[33.730302,-16.117309],[33.730303,-16.117581],[33.729743,-16.117854],[33.729748,-16.11921],[33.730029,-16.119209],[33.73003,-16.11948],[33.730591,-16.119478],[33.73059,-16.119207],[33.73087,-16.119206],[33.730868,-16.118663],[33.731149,-16.118662],[33.73115,-16.118934],[33.731711,-16.118932],[33.731994,-16.119473],[33.733957,-16.119466],[33.733959,-16.120009],[33.733398,-16.120011],[33.733681,-16.120552],[33.734242,-16.12055],[33.734241,-16.120279],[33.734521,-16.120278],[33.73452,-16.120007],[33.73424,-16.120008],[33.734238,-16.119465],[33.734518,-16.119464],[33.734517,-16.119193],[33.734798,-16.119192],[33.734796,-16.11865],[33.735076,-16.118649],[33.735075,-16.118378],[33.734514,-16.11838],[33.734513,-16.118108],[33.734233,-16.118109],[33.734511,-16.117566],[33.73367,-16.117569],[33.733669,-16.117298],[33.733388,-16.117299],[33.733389,-16.11757],[33.732267,-16.117574],[33.732266,-16.117303],[33.730302,-16.117309]],[[33.731426,-16.117848],[33.732268,-16.117845],[33.73227,-16.118387],[33.731709,-16.118389],[33.731426,-16.117848]],[[33.732829,-16.117843],[33.73311,-16.117842],[33.733112,-16.118384],[33.732551,-16.118386],[33.732829,-16.117843]],[[33.733952,-16.11811],[33.734233,-16.118109],[33.734234,-16.118381],[33.733953,-16.118382],[33.733952,-16.11811]],[[33.730027,-16.118666],[33.730307,-16.118665],[33.730308,-16.118936],[33.730028,-16.118937],[33.730027,-16.118666]]]}},{"type":"Feature","properties":{"ano":2000,"camada":"urbano","area_km2":0.3384},"geometry":{"type":"Polygon","coordinates":[[[33.717385,-16.113828],[33.717386,-16.114099],[33.716825,-16.114101],[33.716826,-16.114372],[33.716545,-16.114373],[33.716544,-16.114102],[33.716264,-16.114103],[33.716265,-16.114374],[33.715423,-16.114377],[33.715424,-16.114648],[33.715144,-16.114649],[33.715145,-16.11492],[33.714864,-16.114921],[33.714585,-16.115464],[33.714305,-16.115465],[33.714304,-16.115194],[33.713743,-16.115196],[33.713744,-16.115467],[33.712902,-16.11547],[33.712901,-16.115199],[33.71206,-16.115201],[33.712059,-16.11493],[33.711498,-16.114932],[33.711501,-16.116017],[33.712063,-16.116015],[33.711509,-16.118186],[33.71207,-16.118184],[33.712075,-16.11954],[33.712356,-16.119539],[33.712357,-16.119811],[33.712918,-16.119809],[33.712917,-16.119538],[33.713197,-16.119537],[33.713195,-16.118994],[33.713476,-16.118993],[33.713475,-16.118722],[33.712914,-16.118724],[33.712913,-16.118453],[33.712632,-16.118454],[33.712631,-16.118183],[33.712912,-16.118182],[33.712911,-16.11791],[33.71263,-16.117911],[33.712627,-16.117098],[33.712908,-16.117097],[33.71291,-16.117639],[33.71319,-16.117638],[33.713191,-16.11791],[33.714033,-16.117907],[33.714317,-16.118991],[33.714598,-16.11899],[33.714597,-16.118718],[33.715158,-16.118717],[33.715159,-16.118988],[33.71544,-16.118987],[33.715443,-16.1198],[33.716566,-16.120068],[33.716569,-16.120881],[33.71713,-16.120879],[33.717408,-16.120336],[33.71825,-16.120333],[33.718248,-16.119791],[33.717406,-16.119794],[33.717407,-16.120065],[33.716846,-16.120067],[33.717125,-16.119524],[33.716844,-16.119524],[33.716843,-16.119253],[33.716281,-16.118984],[33.716279,-16.118442],[33.717401,-16.118438],[33.717401,-16.118167],[33.717961,-16.117894],[33.717963,-16.118436],[33.718243,-16.118435],[33.718244,-16.118706],[33.717402,-16.118709],[33.717405,-16.119523],[33.717966,-16.119521],[33.717684,-16.118979],[33.718806,-16.118975],[33.718804,-16.118433],[33.719365,-16.118431],[33.719648,-16.118973],[33.719928,-16.118972],[33.719926,-16.118429],[33.720768,-16.118426],[33.720766,-16.117884],[33.720485,-16.117885],[33.720482,-16.1168],[33.720201,-16.116801],[33.719919,-16.11626],[33.719077,-16.116263],[33.719078,-16.116534],[33.718797,-16.116535],[33.718799,-16.117077],[33.718238,-16.117079],[33.718237,-16.116808],[33.717957,-16.116809],[33.717674,-16.116267],[33.716833,-16.11627],[33.716832,-16.115999],[33.716551,-16.116],[33.716549,-16.115458],[33.71683,-16.115457],[33.716829,-16.115185],[33.717109,-16.115185],[33.71711,-16.115456],[33.717391,-16.115455],[33.71739,-16.115184],[33.717951,-16.115182],[33.717952,-16.115453],[33.718512,-16.11518],[33.718511,-16.114909],[33.717949,-16.114639],[33.717946,-16.113826],[33.717385,-16.113828]],[[33.715985,-16.114646],[33.716266,-16.114645],[33.716267,-16.114916],[33.715986,-16.114917],[33.715985,-16.114646]],[[33.714865,-16.115192],[33.715427,-16.115461],[33.71543,-16.116275],[33.714869,-16.116277],[33.714865,-16.115192]],[[33.715707,-16.115189],[33.715987,-16.115188],[33.715988,-16.115459],[33.715708,-16.11546],[33.715707,-16.115189]],[[33.712345,-16.116556],[33.712626,-16.116555],[33.712627,-16.116827],[33.712346,-16.116828],[33.712345,-16.116556]],[[33.714028,-16.116551],[33.714309,-16.11655],[33.71431,-16.116821],[33.714029,-16.116822],[33.714028,-16.116551]],[[33.715992,-16.116544],[33.716554,-16.116814],[33.716555,-16.117085],[33.716274,-16.117086],[33.716277,-16.117899],[33.716558,-16.117898],[33.716559,-16.118169],[33.715998,-16.118171],[33.715994,-16.117087],[33.715713,-16.117088],[33.715992,-16.116544]],[[33.716834,-16.116541],[33.717114,-16.11654],[33.717115,-16.116812],[33.716835,-16.116813],[33.716834,-16.116541]],[[33.717115,-16.116812],[33.717676,-16.11681],[33.717677,-16.117081],[33.717116,-16.117083],[33.717115,-16.116812]],[[33.71964,-16.116803],[33.71992,-16.116802],[33.719921,-16.117073],[33.719641,-16.117074],[33.71964,-16.116803]],[[33.715433,-16.117088],[33.715713,-16.117088],[33.715715,-16.11763],[33.715154,-16.117632],[33.715433,-16.117088]],[[33.716557,-16.117627],[33.717118,-16.117625],[33.717119,-16.117896],[33.716558,-16.117898],[33.716557,-16.117627]],[[33.718802,-16.117891],[33.719363,-16.117889],[33.719364,-16.11816],[33.718803,-16.118162],[33.718802,-16.117891]],[[33.718242,-16.118164],[33.718523,-16.118163],[33.718524,-16.118434],[33.718243,-16.118435],[33.718242,-16.118164]]]}},{"type":"Feature","properties":{"ano":2000,"camada":"urbano","area_km2":0.0126},"geometry":{"type":"Polygon","coordinates":[[[33.743498,-16.119976],[33.743499,-16.120247],[33.743218,-16.120248],[33.743501,-16.120789],[33.744623,-16.120785],[33.744624,-16.121057],[33.744904,-16.121056],[33.744902,-16.120513],[33.744622,-16.120514],[33.744339,-16.119973],[33.743498,-16.119976]]]}},{"type":"Feature","properties":{"ano":2000,"camada":"urbano","area_km2":0.576},"geometry":{"type":"Polygon","coordinates":[[[33.730837,-16.109985],[33.730839,-16.110528],[33.730558,-16.110529],[33.730559,-16.1108],[33.73084,-16.110799],[33.730842,-16.111341],[33.730281,-16.111614],[33.729999,-16.111073],[33.729438,-16.111075],[33.729441,-16.111888],[33.729721,-16.111887],[33.729722,-16.112159],[33.730003,-16.112158],[33.730285,-16.112699],[33.730847,-16.112697],[33.730848,-16.112968],[33.731128,-16.112967],[33.731133,-16.114323],[33.730852,-16.114324],[33.730849,-16.113511],[33.730569,-16.113512],[33.730568,-16.113241],[33.729726,-16.113243],[33.729727,-16.113515],[33.730289,-16.113784],[33.73029,-16.114055],[33.72973,-16.114328],[33.729732,-16.114871],[33.729452,-16.114872],[33.729169,-16.11433],[33.728608,-16.114332],[33.728332,-16.115418],[33.728051,-16.115419],[33.727773,-16.115962],[33.727211,-16.115964],[33.726933,-16.116507],[33.726091,-16.11651],[33.726092,-16.116781],[33.727214,-16.116777],[33.727213,-16.116506],[33.727775,-16.116504],[33.727774,-16.116233],[33.728054,-16.116232],[33.728055,-16.116503],[33.728616,-16.116502],[33.728617,-16.116773],[33.729178,-16.116771],[33.729457,-16.116227],[33.728896,-16.116229],[33.728895,-16.115958],[33.729456,-16.115956],[33.729455,-16.115685],[33.730578,-16.115952],[33.730577,-16.115681],[33.730857,-16.11568],[33.730856,-16.115409],[33.731417,-16.115136],[33.73114,-16.116222],[33.73142,-16.116221],[33.731703,-16.116762],[33.732545,-16.116759],[33.732546,-16.11703],[33.733108,-16.1173],[33.733384,-16.116214],[33.733945,-16.116212],[33.733946,-16.116483],[33.734227,-16.116482],[33.734509,-16.117024],[33.73507,-16.117022],[33.735071,-16.117293],[33.73451,-16.117295],[33.734511,-16.117566],[33.734792,-16.117565],[33.734794,-16.118107],[33.735074,-16.118107],[33.735075,-16.118378],[33.735636,-16.118105],[33.735637,-16.118376],[33.735917,-16.118375],[33.735918,-16.118646],[33.73648,-16.118915],[33.736481,-16.119186],[33.73564,-16.119189],[33.735361,-16.119733],[33.735922,-16.119731],[33.735921,-16.11946],[33.737604,-16.119454],[33.737605,-16.119725],[33.738447,-16.119722],[33.738446,-16.119451],[33.739006,-16.119178],[33.739011,-16.120534],[33.73873,-16.120535],[33.738732,-16.121077],[33.739294,-16.121075],[33.739293,-16.120804],[33.739573,-16.120803],[33.73957,-16.119989],[33.739851,-16.119988],[33.739849,-16.119446],[33.739568,-16.119447],[33.739567,-16.119176],[33.739848,-16.119175],[33.739845,-16.118361],[33.739564,-16.118362],[33.739563,-16.118091],[33.739002,-16.118093],[33.739004,-16.118635],[33.738443,-16.118637],[33.738719,-16.117552],[33.739281,-16.11755],[33.739279,-16.117007],[33.738998,-16.117008],[33.738996,-16.116466],[33.738715,-16.116467],[33.738713,-16.115924],[33.738433,-16.115925],[33.73843,-16.115112],[33.738149,-16.115113],[33.738428,-16.114569],[33.738147,-16.11457],[33.737865,-16.114029],[33.737304,-16.114031],[33.737301,-16.113217],[33.73674,-16.113219],[33.736741,-16.113491],[33.73646,-16.113492],[33.736462,-16.114034],[33.736743,-16.114033],[33.736744,-16.114304],[33.736463,-16.114305],[33.736465,-16.114847],[33.736185,-16.114848],[33.735906,-16.115392],[33.735064,-16.115395],[33.735063,-16.115123],[33.735625,-16.115122],[33.735621,-16.114037],[33.73534,-16.114038],[33.735339,-16.113767],[33.734777,-16.113497],[33.734775,-16.112955],[33.735055,-16.112954],[33.735054,-16.112683],[33.735616,-16.112681],[33.735615,-16.11241],[33.735895,-16.112409],[33.735893,-16.111866],[33.735332,-16.111868],[33.735333,-16.112139],[33.734773,-16.112413],[33.73477,-16.111599],[33.734489,-16.1116],[33.73449,-16.111871],[33.73421,-16.111872],[33.734207,-16.111059],[33.733647,-16.111332],[33.733646,-16.11106],[33.733085,-16.111062],[33.733083,-16.11052],[33.732522,-16.110522],[33.732239,-16.109981],[33.730837,-16.109985]],[[33.731121,-16.111069],[33.731683,-16.111338],[33.731685,-16.111881],[33.731405,-16.111882],[33.731406,-16.112153],[33.731125,-16.112154],[33.731123,-16.111612],[33.730843,-16.111612],[33.731121,-16.111069]],[[33.732244,-16.111336],[33.732525,-16.111336],[33.732526,-16.111607],[33.732245,-16.111608],[33.732244,-16.111336]],[[33.733929,-16.111873],[33.73421,-16.111872],[33.734211,-16.112143],[33.73393,-16.112144],[33.733929,-16.111873]],[[33.731406,-16.112153],[33.731686,-16.112152],[33.731687,-16.112423],[33.731407,-16.112424],[33.731406,-16.112153]],[[33.732247,-16.11215],[33.732528,-16.112149],[33.73253,-16.112691],[33.732249,-16.112692],[33.732247,-16.11215]],[[33.73281,-16.11269],[33.733371,-16.112689],[33.733372,-16.11296],[33.733933,-16.112958],[33.733932,-16.112687],[33.734213,-16.112686],[33.734214,-16.112957],[33.734494,-16.112956],[33.734218,-16.114042],[33.733937,-16.114043],[33.733936,-16.113771],[33.733656,-16.113772],[33.733654,-16.11323],[33.733093,-16.113232],[33.73281,-16.11269]],[[33.73422,-16.114584],[33.734782,-16.114853],[33.734503,-16.115397],[33.734223,-16.115398],[33.73422,-16.114584]],[[33.728892,-16.115145],[33.729172,-16.115144],[33.729173,-16.115415],[33.728893,-16.115416],[33.728892,-16.115145]],[[33.729733,-16.115142],[33.730294,-16.11514],[33.730296,-16.115682],[33.730016,-16.115683],[33.729733,-16.115142]],[[33.735907,-16.115663],[33.736188,-16.115662],[33.736189,-16.115933],[33.735908,-16.115934],[33.735907,-16.115663]],[[33.736749,-16.11566],[33.737029,-16.115659],[33.737031,-16.116201],[33.736751,-16.116202],[33.736749,-16.11566]],[[33.732823,-16.116216],[33.733104,-16.116215],[33.733105,-16.116486],[33.732824,-16.116487],[33.732823,-16.116216]],[[33.73647,-16.116203],[33.736751,-16.116202],[33.737033,-16.116744],[33.736192,-16.116747],[33.73647,-16.116203]],[[33.735631,-16.116749],[33.735911,-16.116748],[33.735912,-16.117019],[33.735632,-16.11702],[33.735631,-16.116749]],[[33.735352,-16.117292],[33.735633,-16.117291],[33.735634,-16.117562],[33.735353,-16.117563],[33.735352,-16.117292]],[[33.736195,-16.11756],[33.736475,-16.117559],[33.736476,-16.117831],[33.736196,-16.117831],[33.736195,-16.11756]],[[33.737597,-16.117555],[33.737878,-16.117554],[33.737879,-16.117826],[33.737598,-16.117827],[33.737597,-16.117555]],[[33.736476,-16.117831],[33.737318,-16.117828],[33.737319,-16.118099],[33.736759,-16.118372],[33.736476,-16.117831]],[[33.737321,-16.118641],[33.738162,-16.118638],[33.738163,-16.118909],[33.737322,-16.118912],[33.737321,-16.118641]]]}},{"type":"Feature","properties":{"ano":2000,"camada":"urbano","area_km2":0.0009},"geometry":{"type":"Polygon","coordinates":[[[33.716288,-16.120882],[33.716289,-16.121153],[33.71657,-16.121153],[33.716569,-16.120881],[33.716288,-16.120882]]]}},{"type":"Feature","properties":{"ano":2000,"camada":"urbano","area_km2":0.0063},"geometry":{"type":"Polygon","coordinates":[[[33.728912,-16.120568],[33.728915,-16.121382],[33.729476,-16.12138],[33.729754,-16.120837],[33.729474,-16.120838],[33.729473,-16.120566],[33.728912,-16.120568]]]}},{"type":"Feature","properties":{"ano":2000,"camada":"urbano","area_km2":0.0027},"geometry":{"type":"Polygon","coordinates":[[[33.709836,-16.120904],[33.709838,-16.121446],[33.710399,-16.121444],[33.710398,-16.121173],[33.709836,-16.120904]]]}},{"type":"Feature","properties":{"ano":2000,"camada":"urbano","area_km2":0.0018},"geometry":{"type":"Polygon","coordinates":[[[33.736207,-16.120815],[33.736209,-16.121357],[33.736489,-16.121356],[33.736487,-16.120814],[33.736207,-16.120815]]]}},{"type":"Feature","properties":{"ano":2000,"camada":"urbano","area_km2":0.0099},"geometry":{"type":"Polygon","coordinates":[[[33.732277,-16.120286],[33.732279,-16.120828],[33.73256,-16.120827],[33.732281,-16.12137],[33.732842,-16.121368],[33.732841,-16.121097],[33.733122,-16.121096],[33.7334,-16.120553],[33.73312,-16.120554],[33.733119,-16.120283],[33.732277,-16.120286]]]}},{"type":"Feature","properties":{"ano":2000,"camada":"urbano","area_km2":0.0027},"geometry":{"type":"Polygon","coordinates":[[[33.72667,-16.12139],[33.726671,-16.121661],[33.727233,-16.12193],[33.727231,-16.121388],[33.72667,-16.12139]]]}},{"type":"Feature","properties":{"ano":2000,"camada":"urbano","area_km2":0.0054},"geometry":{"type":"Polygon","coordinates":[[[33.739294,-16.121075],[33.739015,-16.121618],[33.739577,-16.121888],[33.739576,-16.121616],[33.739857,-16.121615],[33.739855,-16.121073],[33.739294,-16.121075]]]}},{"type":"Feature","properties":{"ano":2000,"camada":"urbano","area_km2":0.0009},"geometry":{"type":"Polygon","coordinates":[[[33.713206,-16.121977],[33.713207,-16.122249],[33.713488,-16.122248],[33.713487,-16.121976],[33.713206,-16.121977]]]}},{"type":"Feature","properties":{"ano":2000,"camada":"urbano","area_km2":0.0621},"geometry":{"type":"Polygon","coordinates":[[[33.713197,-16.119537],[33.713201,-16.120621],[33.712921,-16.120622],[33.712922,-16.120894],[33.71208,-16.120896],[33.712083,-16.12171],[33.712363,-16.121709],[33.712364,-16.12198],[33.712925,-16.121978],[33.712924,-16.121436],[33.713485,-16.121434],[33.713487,-16.121976],[33.713767,-16.121976],[33.713768,-16.122247],[33.71433,-16.122516],[33.714328,-16.121974],[33.714048,-16.121975],[33.714047,-16.121703],[33.714608,-16.121701],[33.714609,-16.121973],[33.714889,-16.121972],[33.714888,-16.121701],[33.715169,-16.1217],[33.715167,-16.121157],[33.715447,-16.121156],[33.715445,-16.120614],[33.715165,-16.120615],[33.715164,-16.120344],[33.714602,-16.120074],[33.7146,-16.119532],[33.713197,-16.119537]],[[33.713479,-16.119807],[33.713759,-16.119806],[33.71376,-16.120077],[33.71348,-16.120078],[33.713479,-16.119807]],[[33.714042,-16.120347],[33.714322,-16.120346],[33.714323,-16.120618],[33.714043,-16.120619],[33.714042,-16.120347]],[[33.713201,-16.120621],[33.713482,-16.120621],[33.713483,-16.120892],[33.713202,-16.120893],[33.713201,-16.120621]]]}},{"type":"Feature","properties":{"ano":2000,"camada":"urbano","area_km2":0.0378},"geometry":{"type":"Polygon","coordinates":[[[33.720493,-16.120055],[33.720494,-16.120326],[33.719933,-16.120328],[33.719934,-16.120599],[33.719654,-16.1206],[33.719653,-16.120329],[33.719092,-16.12033],[33.719093,-16.120602],[33.718812,-16.120603],[33.718813,-16.120874],[33.718253,-16.121147],[33.718535,-16.121688],[33.717975,-16.121961],[33.717977,-16.122504],[33.718538,-16.122502],[33.718817,-16.121959],[33.719659,-16.121956],[33.719937,-16.121412],[33.720498,-16.121411],[33.720216,-16.120869],[33.720777,-16.120867],[33.720776,-16.120596],[33.721056,-16.120595],[33.721054,-16.120053],[33.720493,-16.120055]],[[33.718813,-16.120874],[33.719094,-16.120873],[33.719095,-16.121144],[33.718814,-16.121145],[33.718813,-16.120874]],[[33.719655,-16.120871],[33.719935,-16.12087],[33.719936,-16.121141],[33.719656,-16.121142],[33.719655,-16.120871]]]}},{"type":"Feature","properties":{"ano":2000,"camada":"urbano","area_km2":0.0027},"geometry":{"type":"Polygon","coordinates":[[[33.713488,-16.122248],[33.713489,-16.12279],[33.714051,-16.122788],[33.71405,-16.122517],[33.713488,-16.122248]]]}},{"type":"Feature","properties":{"ano":2000,"camada":"urbano","area_km2":0.0018},"geometry":{"type":"Polygon","coordinates":[[[33.717135,-16.122235],[33.717137,-16.122778],[33.717417,-16.122777],[33.717415,-16.122234],[33.717135,-16.122235]]]}},{"type":"Feature","properties":{"ano":2000,"camada":"urbano","area_km2":0.0018},"geometry":{"type":"Polygon","coordinates":[[[33.738737,-16.122162],[33.738739,-16.122704],[33.739019,-16.122703],[33.739017,-16.122161],[33.738737,-16.122162]]]}},{"type":"Feature","properties":{"ano":2000,"camada":"urbano","area_km2":0.0018},"geometry":{"type":"Polygon","coordinates":[[[33.740139,-16.122157],[33.740141,-16.122699],[33.740422,-16.122698],[33.74042,-16.122156],[33.740139,-16.122157]]]}},{"type":"Feature","properties":{"ano":2000,"camada":"urbano","area_km2":0.0018},"geometry":{"type":"Polygon","coordinates":[[[33.720783,-16.122494],[33.720784,-16.122765],[33.721345,-16.122764],[33.721344,-16.122492],[33.720783,-16.122494]]]}},{"type":"Feature","properties":{"ano":2000,"camada":"urbano","area_km2":0.0045},"geometry":{"type":"Polygon","coordinates":[[[33.71966,-16.122498],[33.719663,-16.123312],[33.720225,-16.12331],[33.720223,-16.122767],[33.71966,-16.122498]]]}},{"type":"Feature","properties":{"ano":2000,"camada":"urbano","area_km2":0.0045},"geometry":{"type":"Polygon","coordinates":[[[33.724993,-16.123022],[33.725275,-16.123564],[33.725836,-16.123562],[33.725834,-16.12302],[33.724993,-16.123022]]]}},{"type":"Feature","properties":{"ano":2000,"camada":"urbano","area_km2":0.0054},"geometry":{"type":"Polygon","coordinates":[[[33.726395,-16.122746],[33.726396,-16.123018],[33.726115,-16.123019],[33.726117,-16.123561],[33.726678,-16.123559],[33.726677,-16.123288],[33.726958,-16.123287],[33.726957,-16.123016],[33.726395,-16.122746]]]}},{"type":"Feature","properties":{"ano":2000,"camada":"urbano","area_km2":0.0054},"geometry":{"type":"Polygon","coordinates":[[[33.719101,-16.123042],[33.718823,-16.123586],[33.719103,-16.123585],[33.719104,-16.123856],[33.719665,-16.123854],[33.719663,-16.123312],[33.719101,-16.123042]]]}},{"type":"Feature","properties":{"ano":2000,"camada":"urbano","area_km2":0.0036},"geometry":{"type":"Polygon","coordinates":[[[33.748001,-16.123757],[33.748002,-16.124028],[33.747721,-16.124029],[33.747723,-16.124571],[33.748283,-16.124298],[33.748281,-16.123756],[33.748001,-16.123757]]]}},{"type":"Feature","properties":{"ano":2000,"camada":"urbano","area_km2":0.0009},"geometry":{"type":"Polygon","coordinates":[[[33.746321,-16.124847],[33.746322,-16.125118],[33.746603,-16.125117],[33.746602,-16.124846],[33.746321,-16.124847]]]}},{"type":"Feature","properties":{"ano":2000,"camada":"urbano","area_km2":0.0009},"geometry":{"type":"Polygon","coordinates":[[[33.746603,-16.125117],[33.746604,-16.125389],[33.746884,-16.125388],[33.746883,-16.125116],[33.746603,-16.125117]]]}},{"type":"Feature","properties":{"ano":2000,"camada":"urbano","area_km2":0.036},"geometry":{"type":"Polygon","coordinates":[[[33.740422,-16.122698],[33.740423,-16.122969],[33.740142,-16.12297],[33.739864,-16.123514],[33.739303,-16.123516],[33.739304,-16.123787],[33.739023,-16.123788],[33.739025,-16.12433],[33.739587,-16.124599],[33.739589,-16.125142],[33.73987,-16.125141],[33.740152,-16.125682],[33.740713,-16.12568],[33.740712,-16.125409],[33.740993,-16.125408],[33.740992,-16.125137],[33.740431,-16.125139],[33.74043,-16.124868],[33.740991,-16.124866],[33.740989,-16.124323],[33.740708,-16.124324],[33.740707,-16.124053],[33.740145,-16.123784],[33.740144,-16.123513],[33.740705,-16.123511],[33.740702,-16.122697],[33.740422,-16.122698]]]}},{"type":"Feature","properties":{"ano":2000,"camada":"urbano","area_km2":0.0873},"geometry":{"type":"Polygon","coordinates":[[[33.740973,-16.119984],[33.740974,-16.120256],[33.740693,-16.120257],[33.740695,-16.120799],[33.740976,-16.120798],[33.740697,-16.121341],[33.740978,-16.12134],[33.74126,-16.121882],[33.741821,-16.12188],[33.741822,-16.122151],[33.742103,-16.12215],[33.742104,-16.122421],[33.741824,-16.122422],[33.741833,-16.124863],[33.742674,-16.12486],[33.742675,-16.125131],[33.742395,-16.125132],[33.742397,-16.125675],[33.742677,-16.125674],[33.742676,-16.125402],[33.743518,-16.125399],[33.743517,-16.125128],[33.743797,-16.125127],[33.743791,-16.1235],[33.743511,-16.123501],[33.74351,-16.12323],[33.74379,-16.123229],[33.743788,-16.122687],[33.743508,-16.122688],[33.743225,-16.122146],[33.742664,-16.122148],[33.742662,-16.121606],[33.7421,-16.121336],[33.741815,-16.120253],[33.741535,-16.120254],[33.741534,-16.119983],[33.740973,-16.119984]],[[33.741819,-16.121337],[33.7421,-16.121336],[33.742101,-16.121608],[33.74182,-16.121609],[33.741819,-16.121337]],[[33.742384,-16.122149],[33.742664,-16.122148],[33.742665,-16.122419],[33.742385,-16.12242],[33.742384,-16.122149]],[[33.742389,-16.123505],[33.742669,-16.123504],[33.742671,-16.124046],[33.742952,-16.124045],[33.742954,-16.124588],[33.743234,-16.124587],[33.743235,-16.124858],[33.742674,-16.12486],[33.742672,-16.124318],[33.742392,-16.124319],[33.742389,-16.123505]]]}},{"type":"Feature","properties":{"ano":2000,"camada":"urbano","area_km2":0.0711},"geometry":{"type":"Polygon","coordinates":[[[33.727793,-16.121657],[33.727796,-16.122471],[33.728077,-16.12247],[33.728078,-16.122741],[33.7292,-16.122737],[33.729201,-16.123008],[33.729482,-16.123007],[33.729485,-16.123821],[33.729204,-16.123822],[33.728921,-16.12328],[33.72808,-16.123283],[33.728083,-16.124097],[33.728363,-16.124096],[33.728365,-16.124638],[33.728926,-16.124636],[33.728927,-16.124907],[33.728366,-16.124909],[33.728368,-16.125452],[33.72949,-16.125448],[33.729492,-16.12599],[33.729773,-16.125989],[33.729769,-16.124904],[33.729488,-16.124905],[33.729206,-16.124364],[33.729487,-16.124363],[33.729486,-16.124092],[33.730046,-16.123819],[33.730048,-16.124361],[33.729767,-16.124362],[33.729768,-16.124633],[33.73061,-16.12463],[33.730605,-16.123274],[33.730043,-16.123005],[33.730041,-16.122463],[33.72976,-16.122464],[33.729758,-16.121921],[33.729478,-16.121922],[33.729477,-16.121651],[33.728915,-16.121653],[33.728916,-16.121924],[33.727793,-16.121657]],[[33.728927,-16.124907],[33.729208,-16.124906],[33.729209,-16.125178],[33.728928,-16.125179],[33.728927,-16.124907]]]}},{"type":"Feature","properties":{"ano":2000,"camada":"urbano","area_km2":0.0036},"geometry":{"type":"Polygon","coordinates":[[[33.560036,-16.12596],[33.560037,-16.126502],[33.560598,-16.126501],[33.560597,-16.125958],[33.560036,-16.12596]]]}},{"type":"Feature","properties":{"ano":2000,"camada":"urbano","area_km2":0.0009},"geometry":{"type":"Polygon","coordinates":[[[33.742116,-16.125675],[33.742117,-16.125947],[33.742398,-16.125946],[33.742397,-16.125675],[33.742116,-16.125675]]]}},{"type":"Feature","properties":{"ano":2000,"camada":"urbano","area_km2":0.0045},"geometry":{"type":"Polygon","coordinates":[[[33.751094,-16.125644],[33.750815,-16.126187],[33.751377,-16.126457],[33.751656,-16.125913],[33.751094,-16.125644]]]}},{"type":"Feature","properties":{"ano":2000,"camada":"urbano","area_km2":0.0045},"geometry":{"type":"Polygon","coordinates":[[[33.636069,-16.12656],[33.636072,-16.127374],[33.636633,-16.127372],[33.636631,-16.12683],[33.636069,-16.12656]]]}},{"type":"Feature","properties":{"ano":2000,"camada":"urbano","area_km2":0.0135},"geometry":{"type":"Polygon","coordinates":[[[33.550499,-16.126798],[33.550501,-16.127341],[33.550781,-16.12734],[33.550782,-16.127611],[33.551905,-16.127879],[33.551903,-16.127066],[33.551622,-16.127067],[33.551621,-16.126795],[33.550499,-16.126798]]]}},{"type":"Feature","properties":{"ano":2000,"camada":"urbano","area_km2":0.0009},"geometry":{"type":"Polygon","coordinates":[[[33.523848,-16.127679],[33.523849,-16.12795],[33.524129,-16.127949],[33.524128,-16.127678],[33.523848,-16.127679]]]}},{"type":"Feature","properties":{"ano":2000,"camada":"urbano","area_km2":0.0027},"geometry":{"type":"Polygon","coordinates":[[[33.586418,-16.129143],[33.586419,-16.129414],[33.58726,-16.129412],[33.58726,-16.129141],[33.586418,-16.129143]]]}},{"type":"Feature","properties":{"ano":2000,"camada":"urbano","area_km2":0.0009},"geometry":{"type":"Polygon","coordinates":[[[33.628222,-16.129296],[33.628223,-16.129567],[33.628504,-16.129566],[33.628503,-16.129295],[33.628222,-16.129296]]]}},{"type":"Feature","properties":{"ano":2000,"camada":"urbano","area_km2":0.0027},"geometry":{"type":"Polygon","coordinates":[[[33.613635,-16.12988],[33.613636,-16.130423],[33.613917,-16.130422],[33.614196,-16.129879],[33.613635,-16.12988]]]}},{"type":"Feature","properties":{"ano":2000,"camada":"urbano","area_km2":0.0027},"geometry":{"type":"Polygon","coordinates":[[[33.625421,-16.13066],[33.625422,-16.130931],[33.626263,-16.130928],[33.626263,-16.130657],[33.625421,-16.13066]]]}},{"type":"Feature","properties":{"ano":2000,"camada":"urbano","area_km2":0.0036},"geometry":{"type":"Polygon","coordinates":[[[33.656563,-16.130566],[33.656565,-16.131109],[33.657126,-16.131107],[33.657124,-16.130564],[33.656563,-16.130566]]]}},{"type":"Feature","properties":{"ano":2000,"camada":"urbano","area_km2":0.0009},"geometry":{"type":"Polygon","coordinates":[[[33.625141,-16.130932],[33.625142,-16.131203],[33.625423,-16.131202],[33.625422,-16.130931],[33.625141,-16.130932]]]}},{"type":"Feature","properties":{"ano":2000,"camada":"urbano","area_km2":0.0225},"geometry":{"type":"Polygon","coordinates":[[[33.615597,-16.129332],[33.615318,-16.129876],[33.614195,-16.129608],[33.614196,-16.129879],[33.614477,-16.129878],[33.614479,-16.130692],[33.61476,-16.130691],[33.614759,-16.13042],[33.615319,-16.130147],[33.615321,-16.130689],[33.61504,-16.13069],[33.615041,-16.130961],[33.615322,-16.13096],[33.615324,-16.131774],[33.615605,-16.131773],[33.615603,-16.131231],[33.616163,-16.130958],[33.616162,-16.130687],[33.615882,-16.130687],[33.615878,-16.129331],[33.615597,-16.129332]]]}},{"type":"Feature","properties":{"ano":2000,"camada":"urbano","area_km2":0.0054},"geometry":{"type":"Polygon","coordinates":[[[33.62458,-16.130933],[33.624581,-16.131205],[33.6243,-16.131205],[33.624022,-16.131749],[33.625143,-16.131474],[33.625142,-16.131203],[33.62458,-16.130933]]]}},{"type":"Feature","properties":{"ano":2000,"camada":"urbano","area_km2":0.0009},"geometry":{"type":"Polygon","coordinates":[[[33.60719,-16.132611],[33.607191,-16.132882],[33.607472,-16.132881],[33.607471,-16.13261],[33.60719,-16.132611]]]}},{"type":"Feature","properties":{"ano":2000,"camada":"urbano","area_km2":0.0045},"geometry":{"type":"Polygon","coordinates":[[[33.627109,-16.132011],[33.627111,-16.132824],[33.627673,-16.133094],[33.627671,-16.132551],[33.627391,-16.132552],[33.627389,-16.13201],[33.627109,-16.132011]]]}},{"type":"Feature","properties":{"ano":2000,"camada":"urbano","area_km2":0.0081},"geometry":{"type":"Polygon","coordinates":[[[33.620656,-16.13203],[33.620656,-16.132301],[33.620095,-16.132302],[33.620097,-16.132845],[33.620378,-16.132844],[33.620378,-16.133115],[33.620659,-16.133114],[33.620657,-16.132572],[33.621218,-16.13257],[33.621217,-16.132028],[33.620656,-16.13203]]]}},{"type":"Feature","properties":{"ano":2000,"camada":"urbano","area_km2":0.0009},"geometry":{"type":"Polygon","coordinates":[[[33.607472,-16.132881],[33.607472,-16.133152],[33.607753,-16.133152],[33.607752,-16.13288],[33.607472,-16.132881]]]}},{"type":"Feature","properties":{"ano":2000,"camada":"urbano","area_km2":0.0369},"geometry":{"type":"Polygon","coordinates":[[[33.621496,-16.131485],[33.62178,-16.132569],[33.621218,-16.13257],[33.62094,-16.133114],[33.622062,-16.13311],[33.622061,-16.132839],[33.622903,-16.132837],[33.622904,-16.133108],[33.623184,-16.133107],[33.623186,-16.133649],[33.623747,-16.133648],[33.623746,-16.133377],[33.624308,-16.133646],[33.624307,-16.133375],[33.624588,-16.133374],[33.624585,-16.132561],[33.624305,-16.132561],[33.624305,-16.132833],[33.623464,-16.132835],[33.623461,-16.132021],[33.623742,-16.132021],[33.623741,-16.131749],[33.622899,-16.131752],[33.622901,-16.132294],[33.622059,-16.132297],[33.622058,-16.131754],[33.621496,-16.131485]],[[33.622902,-16.132565],[33.623182,-16.132565],[33.623183,-16.132836],[33.622903,-16.132837],[33.622902,-16.132565]]]}},{"type":"Feature","properties":{"ano":2000,"camada":"urbano","area_km2":0.0027},"geometry":{"type":"Polygon","coordinates":[[[33.6201,-16.133658],[33.620101,-16.134201],[33.620382,-16.1342],[33.620661,-16.133657],[33.6201,-16.133658]]]}},{"type":"Feature","properties":{"ano":2000,"camada":"urbano","area_km2":0.0009},"geometry":{"type":"Polygon","coordinates":[[[33.621503,-16.133926],[33.621504,-16.134197],[33.621785,-16.134196],[33.621784,-16.133925],[33.621503,-16.133926]]]}},{"type":"Feature","properties":{"ano":2000,"camada":"urbano","area_km2":0.0009},"geometry":{"type":"Polygon","coordinates":[[[33.746915,-16.133523],[33.746916,-16.133794],[33.747197,-16.133793],[33.747195,-16.133522],[33.746915,-16.133523]]]}},{"type":"Feature","properties":{"ano":2000,"camada":"urbano","area_km2":0.0027},"geometry":{"type":"Polygon","coordinates":[[[33.624589,-16.133916],[33.62459,-16.134188],[33.625152,-16.134457],[33.625151,-16.133915],[33.624589,-16.133916]]]}},{"type":"Feature","properties":{"ano":2000,"camada":"urbano","area_km2":0.0063},"geometry":{"type":"Polygon","coordinates":[[[33.501699,-16.13397],[33.5017,-16.134241],[33.501419,-16.134242],[33.50114,-16.134785],[33.502262,-16.134511],[33.50226,-16.133968],[33.501699,-16.13397]]]}},{"type":"Feature","properties":{"ano":2000,"camada":"urbano","area_km2":0.0018},"geometry":{"type":"Polygon","coordinates":[[[33.623749,-16.13419],[33.623749,-16.134461],[33.624311,-16.13446],[33.62431,-16.134189],[33.623749,-16.13419]]]}},{"type":"Feature","properties":{"ano":2000,"camada":"urbano","area_km2":0.0045},"geometry":{"type":"Polygon","coordinates":[[[33.622906,-16.133921],[33.622909,-16.134735],[33.62347,-16.134733],[33.623468,-16.134191],[33.622906,-16.133921]]]}},{"type":"Feature","properties":{"ano":2000,"camada":"urbano","area_km2":0.0009},"geometry":{"type":"Polygon","coordinates":[[[33.629641,-16.134444],[33.629642,-16.134715],[33.629923,-16.134714],[33.629922,-16.134443],[33.629641,-16.134444]]]}},{"type":"Feature","properties":{"ano":2000,"camada":"urbano","area_km2":0.0018},"geometry":{"type":"Polygon","coordinates":[[[33.618139,-16.134749],[33.61814,-16.13502],[33.618701,-16.135018],[33.6187,-16.134747],[33.618139,-16.134749]]]}},{"type":"Feature","properties":{"ano":2000,"camada":"urbano","area_km2":0.0009},"geometry":{"type":"Polygon","coordinates":[[[33.620945,-16.135012],[33.620946,-16.135283],[33.621227,-16.135282],[33.621226,-16.135011],[33.620945,-16.135012]]]}},{"type":"Feature","properties":{"ano":2000,"camada":"urbano","area_km2":0.0009},"geometry":{"type":"Polygon","coordinates":[[[33.641988,-16.13495],[33.641989,-16.135221],[33.64227,-16.13522],[33.642269,-16.134949],[33.641988,-16.13495]]]}},{"type":"Feature","properties":{"ano":2000,"camada":"urbano","area_km2":0.0018},"geometry":{"type":"Polygon","coordinates":[[[33.623753,-16.135546],[33.623754,-16.135817],[33.624315,-16.135816],[33.624314,-16.135544],[33.623753,-16.135546]]]}},{"type":"Feature","properties":{"ano":2000,"camada":"urbano","area_km2":0.009},"geometry":{"type":"Polygon","coordinates":[[[33.621787,-16.135009],[33.621788,-16.135281],[33.621227,-16.135282],[33.621228,-16.135553],[33.621508,-16.135553],[33.62151,-16.136095],[33.622072,-16.136365],[33.622351,-16.135821],[33.62207,-16.135822],[33.622068,-16.135009],[33.621787,-16.135009]]]}},{"type":"Feature","properties":{"ano":2000,"camada":"urbano","area_km2":0.0036},"geometry":{"type":"Polygon","coordinates":[[[33.596258,-16.135896],[33.596259,-16.136438],[33.596821,-16.136437],[33.596819,-16.135894],[33.596258,-16.135896]]]}},{"type":"Feature","properties":{"ano":2000,"camada":"urbano","area_km2":0.0009},"geometry":{"type":"Polygon","coordinates":[[[33.629927,-16.13607],[33.629928,-16.136342],[33.630209,-16.136341],[33.630208,-16.13607],[33.629927,-16.13607]]]}},{"type":"Feature","properties":{"ano":2000,"camada":"urbano","area_km2":0.1161},"geometry":{"type":"Polygon","coordinates":[[[33.614203,-16.132319],[33.614206,-16.133133],[33.613645,-16.133135],[33.613927,-16.133676],[33.613366,-16.133678],[33.613368,-16.13422],[33.613928,-16.133947],[33.61393,-16.13449],[33.613649,-16.134491],[33.613651,-16.135033],[33.613931,-16.135032],[33.613932,-16.135303],[33.615054,-16.1353],[33.615057,-16.136114],[33.615337,-16.136113],[33.615339,-16.136655],[33.6159,-16.136654],[33.615899,-16.136383],[33.616741,-16.13638],[33.61702,-16.135837],[33.617581,-16.135835],[33.61758,-16.135564],[33.618141,-16.135291],[33.61814,-16.13502],[33.617859,-16.135021],[33.618138,-16.134478],[33.617577,-16.134479],[33.617578,-16.13475],[33.617017,-16.134752],[33.617016,-16.134481],[33.616735,-16.134482],[33.616733,-16.133668],[33.616452,-16.133669],[33.61645,-16.133127],[33.615328,-16.13313],[33.615046,-16.132588],[33.614485,-16.13259],[33.614484,-16.132319],[33.614203,-16.132319]],[[33.615329,-16.133401],[33.61561,-16.1334],[33.61561,-16.133671],[33.61533,-16.133672],[33.615329,-16.133401]],[[33.61505,-16.133944],[33.615331,-16.133943],[33.615332,-16.134215],[33.615051,-16.134215],[33.61505,-16.133944]],[[33.616175,-16.134755],[33.616736,-16.134753],[33.616739,-16.135567],[33.616177,-16.135568],[33.616175,-16.134755]]]}},{"type":"Feature","properties":{"ano":2000,"camada":"urbano","area_km2":0.0072},"geometry":{"type":"Polygon","coordinates":[[[33.600186,-16.135885],[33.600187,-16.136427],[33.600468,-16.136427],[33.600469,-16.136698],[33.600749,-16.136697],[33.600749,-16.136426],[33.60131,-16.136424],[33.601028,-16.135883],[33.600186,-16.135885]]]}},{"type":"Feature","properties":{"ano":2000,"camada":"urbano","area_km2":0.036},"geometry":{"type":"Polygon","coordinates":[[[33.625153,-16.134728],[33.625157,-16.135813],[33.624596,-16.136086],[33.624598,-16.136628],[33.624317,-16.136629],[33.62432,-16.137443],[33.62488,-16.13717],[33.624879,-16.136628],[33.62544,-16.136626],[33.625441,-16.136897],[33.627123,-16.136621],[33.627124,-16.136892],[33.627405,-16.136891],[33.627402,-16.136078],[33.625719,-16.136083],[33.625997,-16.13554],[33.625717,-16.13554],[33.625715,-16.134998],[33.625153,-16.134728]]]}},{"type":"Feature","properties":{"ano":2000,"camada":"urbano","area_km2":0.0261},"geometry":{"type":"Polygon","coordinates":[[[33.613373,-16.136119],[33.613095,-16.136662],[33.612533,-16.136663],[33.612535,-16.137206],[33.613377,-16.137203],[33.613379,-16.138017],[33.61366,-16.138016],[33.613659,-16.137745],[33.614501,-16.137743],[33.61478,-16.137199],[33.615341,-16.137198],[33.615339,-16.136655],[33.614778,-16.136657],[33.614779,-16.136928],[33.613937,-16.136931],[33.613938,-16.137202],[33.613657,-16.137203],[33.613375,-16.136661],[33.613936,-16.136659],[33.613935,-16.136117],[33.613373,-16.136119]]]}},{"type":"Feature","properties":{"ano":2000,"camada":"urbano","area_km2":0.0144},"geometry":{"type":"Polygon","coordinates":[[[33.626843,-16.136893],[33.626844,-16.137164],[33.626564,-16.137165],[33.626565,-16.137707],[33.625443,-16.137711],[33.625445,-16.138253],[33.626286,-16.138251],[33.626286,-16.137979],[33.626848,-16.138249],[33.626847,-16.137978],[33.627407,-16.137705],[33.627406,-16.137434],[33.627126,-16.137435],[33.627124,-16.136892],[33.626843,-16.136893]]]}},{"type":"Feature","properties":{"ano":2000,"camada":"urbano","area_km2":0.0036},"geometry":{"type":"Polygon","coordinates":[[[33.611134,-16.137752],[33.610855,-16.138295],[33.611697,-16.138293],[33.611696,-16.138022],[33.611134,-16.137752]]]}},{"type":"Feature","properties":{"ano":2000,"camada":"urbano","area_km2":0.0018},"geometry":{"type":"Polygon","coordinates":[[[33.629933,-16.137969],[33.629934,-16.13824],[33.630495,-16.138238],[33.630494,-16.137967],[33.629933,-16.137969]]]}},{"type":"Feature","properties":{"ano":2000,"camada":"urbano","area_km2":0.0045},"geometry":{"type":"Polygon","coordinates":[[[33.624321,-16.137714],[33.624323,-16.138528],[33.624604,-16.138527],[33.624603,-16.138256],[33.624884,-16.138255],[33.624882,-16.137712],[33.624321,-16.137714]]]}},{"type":"Feature","properties":{"ano":2000,"camada":"urbano","area_km2":0.0009},"geometry":{"type":"Polygon","coordinates":[[[33.626286,-16.138251],[33.626287,-16.138522],[33.626568,-16.138521],[33.626567,-16.13825],[33.626286,-16.138251]]]}},{"type":"Feature","properties":{"ano":2000,"camada":"urbano","area_km2":0.0009},"geometry":{"type":"Polygon","coordinates":[[[33.624043,-16.138528],[33.624044,-16.1388],[33.624324,-16.138799],[33.624323,-16.138528],[33.624043,-16.138528]]]}},{"type":"Feature","properties":{"ano":2000,"camada":"urbano","area_km2":0.0045},"geometry":{"type":"Polygon","coordinates":[[[33.592057,-16.13862],[33.591778,-16.139163],[33.59262,-16.13916],[33.592618,-16.138618],[33.592057,-16.13862]]]}},{"type":"Feature","properties":{"ano":2000,"camada":"urbano","area_km2":0.0036},"geometry":{"type":"Polygon","coordinates":[[[33.615626,-16.138553],[33.615347,-16.139096],[33.615909,-16.139366],[33.615906,-16.138552],[33.615626,-16.138553]]]}},{"type":"Feature","properties":{"ano":2000,"camada":"urbano","area_km2":0.0054},"geometry":{"type":"Polygon","coordinates":[[[33.629935,-16.138511],[33.629936,-16.138782],[33.629655,-16.138783],[33.629657,-16.139325],[33.630499,-16.139323],[33.630498,-16.139052],[33.630217,-16.139053],[33.630215,-16.13851],[33.629935,-16.138511]]]}},{"type":"Feature","properties":{"ano":2000,"camada":"urbano","area_km2":0.0027},"geometry":{"type":"Polygon","coordinates":[[[33.593462,-16.139158],[33.593463,-16.139429],[33.594025,-16.139699],[33.594023,-16.139157],[33.593462,-16.139158]]]}},{"type":"Feature","properties":{"ano":2000,"camada":"urbano","area_km2":0.0072},"geometry":{"type":"Polygon","coordinates":[[[33.623763,-16.1388],[33.623765,-16.139343],[33.623484,-16.139344],[33.623485,-16.139615],[33.623766,-16.139614],[33.623766,-16.139885],[33.624328,-16.139884],[33.624325,-16.13907],[33.623763,-16.1388]]]}},{"type":"Feature","properties":{"ano":2000,"camada":"urbano","area_km2":0.0441},"geometry":{"type":"Polygon","coordinates":[[[33.628806,-16.136345],[33.628807,-16.136887],[33.627966,-16.13689],[33.627967,-16.137432],[33.627407,-16.137705],[33.627408,-16.137976],[33.627689,-16.137975],[33.627971,-16.138517],[33.62769,-16.138518],[33.627691,-16.138789],[33.62741,-16.13879],[33.627411,-16.139061],[33.626851,-16.139334],[33.626853,-16.139876],[33.627414,-16.139874],[33.627693,-16.139331],[33.627973,-16.13933],[33.627974,-16.139602],[33.628535,-16.1396],[33.628535,-16.139329],[33.628815,-16.139328],[33.628814,-16.139057],[33.628253,-16.139058],[33.628251,-16.138516],[33.628812,-16.138243],[33.629089,-16.137158],[33.62965,-16.137156],[33.629649,-16.136885],[33.62993,-16.136884],[33.629928,-16.136342],[33.628806,-16.136345]],[[33.629087,-16.136615],[33.629368,-16.136614],[33.629369,-16.136886],[33.629088,-16.136886],[33.629087,-16.136615]],[[33.627968,-16.137703],[33.628249,-16.137702],[33.62825,-16.137974],[33.627969,-16.137974],[33.627968,-16.137703]],[[33.62825,-16.137974],[33.62853,-16.137973],[33.628531,-16.138244],[33.628251,-16.138245],[33.62825,-16.137974]]]}},{"type":"Feature","properties":{"ano":2000,"camada":"urbano","area_km2":0.0009},"geometry":{"type":"Polygon","coordinates":[[[33.62601,-16.139607],[33.626011,-16.139879],[33.626292,-16.139878],[33.626291,-16.139607],[33.62601,-16.139607]]]}},{"type":"Feature","properties":{"ano":2000,"camada":"urbano","area_km2":0.0045},"geometry":{"type":"Polygon","coordinates":[[[33.629096,-16.139327],[33.629097,-16.13987],[33.629659,-16.140139],[33.629657,-16.139325],[33.629096,-16.139327]]]}},{"type":"Feature","properties":{"ano":2000,"camada":"urbano","area_km2":0.0027},"geometry":{"type":"Polygon","coordinates":[[[33.632463,-16.139588],[33.632464,-16.13986],[33.632184,-16.13986],[33.632185,-16.140132],[33.632746,-16.14013],[33.632744,-16.139588],[33.632463,-16.139588]]]}},{"type":"Feature","properties":{"ano":2000,"camada":"urbano","area_km2":0.0036},"geometry":{"type":"Polygon","coordinates":[[[33.627416,-16.140417],[33.627417,-16.140959],[33.627698,-16.140958],[33.627697,-16.140687],[33.628258,-16.140686],[33.628257,-16.140414],[33.627416,-16.140417]]]}},{"type":"Feature","properties":{"ano":2000,"camada":"urbano","area_km2":0.0009},"geometry":{"type":"Polygon","coordinates":[[[33.628819,-16.140684],[33.62882,-16.140955],[33.629101,-16.140954],[33.6291,-16.140683],[33.628819,-16.140684]]]}},{"type":"Feature","properties":{"ano":2000,"camada":"urbano","area_km2":0.0135},"geometry":{"type":"Polygon","coordinates":[[[33.623487,-16.140157],[33.623488,-16.1407],[33.623769,-16.140699],[33.624051,-16.14124],[33.624612,-16.141239],[33.624612,-16.140968],[33.625173,-16.140966],[33.625172,-16.140695],[33.625452,-16.140694],[33.625452,-16.140423],[33.62433,-16.140697],[33.624328,-16.140155],[33.623487,-16.140157]]]}},{"type":"Feature","properties":{"ano":2000,"camada":"urbano","area_km2":0.0009},"geometry":{"type":"Polygon","coordinates":[[[33.629101,-16.140954],[33.629102,-16.141225],[33.629382,-16.141225],[33.629381,-16.140953],[33.629101,-16.140954]]]}},{"type":"Feature","properties":{"ano":2000,"camada":"urbano","area_km2":0.0009},"geometry":{"type":"Polygon","coordinates":[[[33.644532,-16.140908],[33.644533,-16.141179],[33.644814,-16.141179],[33.644813,-16.140907],[33.644532,-16.140908]]]}},{"type":"Feature","properties":{"ano":2000,"camada":"urbano","area_km2":0.0036},"geometry":{"type":"Polygon","coordinates":[[[33.593747,-16.140784],[33.59375,-16.141598],[33.59403,-16.141597],[33.594309,-16.141054],[33.593747,-16.140784]]]}},{"type":"Feature","properties":{"ano":2000,"camada":"urbano","area_km2":0.0081},"geometry":{"type":"Polygon","coordinates":[[[33.625452,-16.140694],[33.625454,-16.141236],[33.625735,-16.141235],[33.625736,-16.141507],[33.626016,-16.141506],[33.626014,-16.140963],[33.626576,-16.140962],[33.626576,-16.141233],[33.626857,-16.141232],[33.626855,-16.14069],[33.625452,-16.140694]]]}},{"type":"Feature","properties":{"ano":2000,"camada":"urbano","area_km2":0.0036},"geometry":{"type":"Polygon","coordinates":[[[33.651266,-16.140888],[33.651268,-16.14143],[33.651829,-16.141428],[33.651827,-16.140886],[33.651266,-16.140888]]]}},{"type":"Feature","properties":{"ano":2000,"camada":"urbano","area_km2":0.0054},"geometry":{"type":"Polygon","coordinates":[[[33.514625,-16.141533],[33.514346,-16.142076],[33.515188,-16.142074],[33.515187,-16.141802],[33.515467,-16.141802],[33.515467,-16.14153],[33.514625,-16.141533]]]}},{"type":"Feature","properties":{"ano":2000,"camada":"urbano","area_km2":0.0027},"geometry":{"type":"Polygon","coordinates":[[[33.569338,-16.141393],[33.569339,-16.141665],[33.569059,-16.141665],[33.569059,-16.141937],[33.569621,-16.141935],[33.569619,-16.141393],[33.569338,-16.141393]]]}},{"type":"Feature","properties":{"ano":2000,"camada":"urbano","area_km2":0.0009},"geometry":{"type":"Polygon","coordinates":[[[33.621246,-16.14152],[33.621247,-16.141791],[33.621528,-16.14179],[33.621527,-16.141519],[33.621246,-16.14152]]]}},{"type":"Feature","properties":{"ano":2000,"camada":"urbano","area_km2":0.0117},"geometry":{"type":"Polygon","coordinates":[[[33.633871,-16.14094],[33.633871,-16.141211],[33.633591,-16.141212],[33.633593,-16.141755],[33.634716,-16.142022],[33.634995,-16.141479],[33.634714,-16.14148],[33.634432,-16.140939],[33.633871,-16.14094]]]}},{"type":"Feature","properties":{"ano":2000,"camada":"urbano","area_km2":0.0009},"geometry":{"type":"Polygon","coordinates":[[[33.624614,-16.141781],[33.624615,-16.142052],[33.624896,-16.142051],[33.624895,-16.14178],[33.624614,-16.141781]]]}},{"type":"Feature","properties":{"ano":2000,"camada":"urbano","area_km2":0.0009},"geometry":{"type":"Polygon","coordinates":[[[33.627139,-16.141774],[33.62714,-16.142045],[33.627421,-16.142044],[33.62742,-16.141773],[33.627139,-16.141774]]]}},{"type":"Feature","properties":{"ano":2000,"camada":"urbano","area_km2":0.0009},"geometry":{"type":"Polygon","coordinates":[[[33.615636,-16.142078],[33.615637,-16.14235],[33.615918,-16.142349],[33.615917,-16.142078],[33.615636,-16.142078]]]}},{"type":"Feature","properties":{"ano":2000,"camada":"urbano","area_km2":0.0018},"geometry":{"type":"Polygon","coordinates":[[[33.624896,-16.142051],[33.624896,-16.142323],[33.625458,-16.142321],[33.625457,-16.14205],[33.624896,-16.142051]]]}},{"type":"Feature","properties":{"ano":2000,"camada":"urbano","area_km2":0.0036},"geometry":{"type":"Polygon","coordinates":[[[33.632471,-16.142029],[33.632473,-16.142571],[33.633315,-16.142569],[33.633314,-16.142298],[33.632753,-16.142299],[33.632752,-16.142028],[33.632471,-16.142029]]]}},{"type":"Feature","properties":{"ano":2000,"camada":"urbano","area_km2":0.0027},"geometry":{"type":"Polygon","coordinates":[[[33.613112,-16.142357],[33.613113,-16.142628],[33.612832,-16.142629],[33.612833,-16.1429],[33.613394,-16.142898],[33.613393,-16.142356],[33.613112,-16.142357]]]}},{"type":"Feature","properties":{"ano":2000,"camada":"urbano","area_km2":0.0009},"geometry":{"type":"Polygon","coordinates":[[[33.625739,-16.142591],[33.62574,-16.142863],[33.62602,-16.142862],[33.62602,-16.142591],[33.625739,-16.142591]]]}},{"type":"Feature","properties":{"ano":2000,"camada":"urbano","area_km2":0.0009},"geometry":{"type":"Polygon","coordinates":[[[33.633315,-16.142569],[33.633315,-16.14284],[33.633596,-16.142839],[33.633595,-16.142568],[33.633315,-16.142569]]]}},{"type":"Feature","properties":{"ano":2000,"camada":"urbano","area_km2":0.0009},"geometry":{"type":"Polygon","coordinates":[[[33.655761,-16.142501],[33.655762,-16.142772],[33.656042,-16.142771],[33.656041,-16.1425],[33.655761,-16.142501]]]}},{"type":"Feature","properties":{"ano":2000,"camada":"urbano","area_km2":0.0009},"geometry":{"type":"Polygon","coordinates":[[[33.657164,-16.142497],[33.657165,-16.142768],[33.657445,-16.142767],[33.657444,-16.142496],[33.657164,-16.142497]]]}},{"type":"Feature","properties":{"ano":2000,"camada":"urbano","area_km2":0.009},"geometry":{"type":"Polygon","coordinates":[[[33.635557,-16.141749],[33.635278,-16.142292],[33.635558,-16.142291],[33.63556,-16.142834],[33.636122,-16.143103],[33.63612,-16.142561],[33.636401,-16.14256],[33.6364,-16.142289],[33.63612,-16.142289],[33.636119,-16.142018],[33.635557,-16.141749]]]}},{"type":"Feature","properties":{"ano":2000,"camada":"urbano","area_km2":0.0027},"geometry":{"type":"Polygon","coordinates":[[[33.603293,-16.142656],[33.603294,-16.143198],[33.603575,-16.143198],[33.603854,-16.142654],[33.603293,-16.142656]]]}},{"type":"Feature","properties":{"ano":2000,"camada":"urbano","area_km2":0.0009},"geometry":{"type":"Polygon","coordinates":[[[33.656042,-16.142771],[33.656043,-16.143043],[33.656324,-16.143042],[33.656323,-16.142771],[33.656042,-16.142771]]]}},{"type":"Feature","properties":{"ano":2000,"camada":"urbano","area_km2":0.0045},"geometry":{"type":"Polygon","coordinates":[[[33.615918,-16.142349],[33.615921,-16.143434],[33.616482,-16.143432],[33.616482,-16.143161],[33.616201,-16.143162],[33.616198,-16.142348],[33.615918,-16.142349]]]}},{"type":"Feature","properties":{"ano":2000,"camada":"urbano","area_km2":0.0054},"geometry":{"type":"Polygon","coordinates":[[[33.60245,-16.142387],[33.602171,-16.14293],[33.602452,-16.14293],[33.602453,-16.143472],[33.602734,-16.143471],[33.602732,-16.142929],[33.603013,-16.142928],[33.603012,-16.142657],[33.60245,-16.142387]]]}},{"type":"Feature","properties":{"ano":2000,"camada":"urbano","area_km2":0.0045},"geometry":{"type":"Polygon","coordinates":[[[33.627142,-16.142587],[33.627144,-16.14313],[33.627706,-16.143399],[33.627703,-16.142586],[33.627142,-16.142587]]]}},{"type":"Feature","properties":{"ano":2000,"camada":"urbano","area_km2":0.0009},"geometry":{"type":"Polygon","coordinates":[[[33.611712,-16.143174],[33.611713,-16.143446],[33.611993,-16.143445],[33.611992,-16.143174],[33.611712,-16.143174]]]}},{"type":"Feature","properties":{"ano":2000,"camada":"urbano","area_km2":0.0009},"geometry":{"type":"Polygon","coordinates":[[[33.636122,-16.143103],[33.636123,-16.143374],[33.636404,-16.143373],[33.636403,-16.143102],[33.636122,-16.143103]]]}},{"type":"Feature","properties":{"ano":2000,"camada":"urbano","area_km2":0.0009},"geometry":{"type":"Polygon","coordinates":[[[33.62995,-16.143393],[33.629951,-16.143664],[33.630232,-16.143663],[33.630231,-16.143392],[33.62995,-16.143393]]]}},{"type":"Feature","properties":{"ano":2000,"camada":"urbano","area_km2":0.0027},"geometry":{"type":"Polygon","coordinates":[[[33.614518,-16.143438],[33.61452,-16.14398],[33.615081,-16.143978],[33.61508,-16.143707],[33.614518,-16.143438]]]}},{"type":"Feature","properties":{"ano":2000,"camada":"urbano","area_km2":0.009},"geometry":{"type":"Polygon","coordinates":[[[33.633596,-16.142839],[33.633598,-16.143382],[33.633317,-16.143383],[33.633318,-16.143654],[33.634441,-16.143922],[33.634157,-16.142838],[33.633596,-16.142839]]]}},{"type":"Feature","properties":{"ano":2000,"camada":"urbano","area_km2":0.0009},"geometry":{"type":"Polygon","coordinates":[[[33.608066,-16.143727],[33.608067,-16.143998],[33.608347,-16.143998],[33.608346,-16.143726],[33.608066,-16.143727]]]}},{"type":"Feature","properties":{"ano":2000,"camada":"urbano","area_km2":0.0027},"geometry":{"type":"Polygon","coordinates":[[[33.626022,-16.143404],[33.626023,-16.143675],[33.625742,-16.143676],[33.625743,-16.143947],[33.626304,-16.143946],[33.626303,-16.143403],[33.626022,-16.143404]]]}},{"type":"Feature","properties":{"ano":2000,"camada":"urbano","area_km2":0.0027},"geometry":{"type":"Polygon","coordinates":[[[33.632475,-16.143385],[33.632476,-16.143656],[33.632196,-16.143657],[33.632197,-16.143928],[33.632758,-16.143927],[33.632756,-16.143384],[33.632475,-16.143385]]]}},{"type":"Feature","properties":{"ano":2000,"camada":"urbano","area_km2":0.0018},"geometry":{"type":"Polygon","coordinates":[[[33.657167,-16.143582],[33.657169,-16.144124],[33.65745,-16.144123],[33.657448,-16.143581],[33.657167,-16.143582]]]}},{"type":"Feature","properties":{"ano":2000,"camada":"urbano","area_km2":0.0018},"geometry":{"type":"Polygon","coordinates":[[[33.607505,-16.144],[33.607506,-16.144271],[33.608067,-16.14427],[33.608067,-16.143998],[33.607505,-16.144]]]}},{"type":"Feature","properties":{"ano":2000,"camada":"urbano","area_km2":0.0009},"geometry":{"type":"Polygon","coordinates":[[[33.636405,-16.143916],[33.636406,-16.144187],[33.636687,-16.144186],[33.636686,-16.143915],[33.636405,-16.143916]]]}},{"type":"Feature","properties":{"ano":2000,"camada":"urbano","area_km2":0.0054},"geometry":{"type":"Polygon","coordinates":[[[33.5671,-16.143569],[33.567101,-16.144111],[33.567382,-16.144111],[33.567383,-16.144382],[33.567945,-16.144652],[33.567943,-16.144109],[33.567663,-16.14411],[33.567662,-16.143839],[33.5671,-16.143569]]]}},{"type":"Feature","properties":{"ano":2000,"camada":"urbano","area_km2":0.0072},"geometry":{"type":"Polygon","coordinates":[[[33.611433,-16.143718],[33.611434,-16.143989],[33.611714,-16.143988],[33.611996,-16.14453],[33.612557,-16.144257],[33.612555,-16.143714],[33.611433,-16.143718]]]}},{"type":"Feature","properties":{"ano":2000,"camada":"urbano","area_km2":0.0036},"geometry":{"type":"Polygon","coordinates":[[[33.594037,-16.143767],[33.594038,-16.144038],[33.593757,-16.144039],[33.593759,-16.144581],[33.594319,-16.144308],[33.594317,-16.143766],[33.594037,-16.143767]]]}},{"type":"Feature","properties":{"ano":2000,"camada":"urbano","area_km2":0.0009},"geometry":{"type":"Polygon","coordinates":[[[33.630233,-16.144205],[33.630234,-16.144476],[33.630515,-16.144476],[33.630514,-16.144204],[33.630233,-16.144205]]]}},{"type":"Feature","properties":{"ano":2000,"camada":"urbano","area_km2":0.0027},"geometry":{"type":"Polygon","coordinates":[[[33.606945,-16.144273],[33.606947,-16.144815],[33.607227,-16.144814],[33.607506,-16.144271],[33.606945,-16.144273]]]}},{"type":"Feature","properties":{"ano":2000,"camada":"urbano","area_km2":0.0009},"geometry":{"type":"Polygon","coordinates":[[[33.593478,-16.144582],[33.593479,-16.144853],[33.593759,-16.144852],[33.593759,-16.144581],[33.593478,-16.144582]]]}},{"type":"Feature","properties":{"ano":2000,"camada":"urbano","area_km2":0.0054},"geometry":{"type":"Polygon","coordinates":[[[33.631916,-16.143929],[33.6322,-16.145013],[33.632761,-16.145011],[33.63276,-16.14474],[33.63248,-16.144741],[33.632478,-16.144199],[33.631916,-16.143929]]]}},{"type":"Feature","properties":{"ano":2000,"camada":"urbano","area_km2":0.0009},"geometry":{"type":"Polygon","coordinates":[[[33.593198,-16.144854],[33.593199,-16.145125],[33.59348,-16.145124],[33.593479,-16.144853],[33.593198,-16.144854]]]}},{"type":"Feature","properties":{"ano":2000,"camada":"urbano","area_km2":0.0009},"geometry":{"type":"Polygon","coordinates":[[[33.616206,-16.144789],[33.616207,-16.14506],[33.616487,-16.145059],[33.616487,-16.144788],[33.616206,-16.144789]]]}},{"type":"Feature","properties":{"ano":2000,"camada":"urbano","area_km2":0.0009},"geometry":{"type":"Polygon","coordinates":[[[33.626026,-16.14476],[33.626027,-16.145031],[33.626308,-16.14503],[33.626307,-16.144759],[33.626026,-16.14476]]]}},{"type":"Feature","properties":{"ano":2000,"camada":"urbano","area_km2":0.0045},"geometry":{"type":"Polygon","coordinates":[[[33.613399,-16.144526],[33.6134,-16.144797],[33.61312,-16.144798],[33.612841,-16.145341],[33.613402,-16.145339],[33.613401,-16.145068],[33.613682,-16.145067],[33.61368,-16.144525],[33.613399,-16.144526]]]}},{"type":"Feature","properties":{"ano":2000,"camada":"urbano","area_km2":0.0018},"geometry":{"type":"Polygon","coordinates":[[[33.568508,-16.145192],[33.568509,-16.145735],[33.56879,-16.145734],[33.568788,-16.145192],[33.568508,-16.145192]]]}},{"type":"Feature","properties":{"ano":2000,"camada":"urbano","area_km2":0.0054},"geometry":{"type":"Polygon","coordinates":[[[33.611997,-16.144801],[33.611998,-16.145072],[33.611718,-16.145073],[33.611719,-16.145615],[33.61228,-16.145614],[33.612279,-16.145071],[33.612559,-16.14507],[33.612558,-16.144799],[33.611997,-16.144801]]]}},{"type":"Feature","properties":{"ano":2000,"camada":"urbano","area_km2":0.0027},"geometry":{"type":"Polygon","coordinates":[[[33.616487,-16.145059],[33.616489,-16.145601],[33.61705,-16.1456],[33.617049,-16.145329],[33.616487,-16.145059]]]}},{"type":"Feature","properties":{"ano":2000,"camada":"urbano","area_km2":0.0315},"geometry":{"type":"Polygon","coordinates":[[[33.628549,-16.143939],[33.62827,-16.144482],[33.627709,-16.144484],[33.62771,-16.144755],[33.62799,-16.144754],[33.627991,-16.145025],[33.627711,-16.145026],[33.627993,-16.145568],[33.628274,-16.145567],[33.628272,-16.145025],[33.629114,-16.145022],[33.629114,-16.145293],[33.629395,-16.145293],[33.629394,-16.145021],[33.629675,-16.145021],[33.629676,-16.145292],[33.630517,-16.145289],[33.630517,-16.145018],[33.630797,-16.145017],[33.630796,-16.144746],[33.630235,-16.144748],[33.630234,-16.144476],[33.629954,-16.144477],[33.630233,-16.143934],[33.628549,-16.143939]],[[33.62827,-16.144482],[33.628551,-16.144481],[33.628552,-16.144753],[33.628271,-16.144753],[33.62827,-16.144482]],[[33.629393,-16.144479],[33.629954,-16.144477],[33.629955,-16.144749],[33.629393,-16.14475],[33.629393,-16.144479]]]}},{"type":"Feature","properties":{"ano":2000,"camada":"urbano","area_km2":0.0027},"geometry":{"type":"Polygon","coordinates":[[[33.623222,-16.145311],[33.623223,-16.145582],[33.623785,-16.145851],[33.623783,-16.145309],[33.623222,-16.145311]]]}},{"type":"Feature","properties":{"ano":2000,"camada":"urbano","area_km2":0.0027},"geometry":{"type":"Polygon","coordinates":[[[33.771648,-16.144825],[33.77165,-16.145367],[33.771931,-16.145366],[33.772209,-16.144823],[33.771648,-16.144825]]]}},{"type":"Feature","properties":{"ano":2000,"camada":"urbano","area_km2":0.0009},"geometry":{"type":"Polygon","coordinates":[[[33.609475,-16.145622],[33.609475,-16.145893],[33.609756,-16.145892],[33.609755,-16.145621],[33.609475,-16.145622]]]}},{"type":"Feature","properties":{"ano":2000,"camada":"urbano","area_km2":0.0009},"geometry":{"type":"Polygon","coordinates":[[[33.626871,-16.145571],[33.626872,-16.145842],[33.627152,-16.145842],[33.627151,-16.14557],[33.626871,-16.145571]]]}},{"type":"Feature","properties":{"ano":2000,"camada":"urbano","area_km2":0.0243},"geometry":{"type":"Polygon","coordinates":[[[33.617611,-16.145327],[33.617611,-16.145598],[33.61705,-16.1456],[33.617052,-16.146142],[33.616771,-16.146143],[33.616489,-16.145601],[33.616209,-16.145602],[33.616209,-16.145873],[33.615648,-16.145875],[33.615647,-16.145604],[33.615367,-16.145605],[33.615368,-16.145876],[33.615087,-16.145877],[33.614808,-16.14642],[33.61537,-16.146689],[33.615368,-16.146147],[33.616491,-16.146144],[33.616492,-16.146415],[33.61593,-16.146417],[33.615931,-16.146688],[33.617334,-16.146684],[33.617332,-16.14587],[33.617612,-16.145869],[33.617613,-16.146141],[33.618174,-16.146139],[33.618173,-16.145597],[33.617611,-16.145327]]]}},{"type":"Feature","properties":{"ano":2000,"camada":"urbano","area_km2":0.009},"geometry":{"type":"Polygon","coordinates":[[[33.569071,-16.146005],[33.569073,-16.146547],[33.569353,-16.146546],[33.569635,-16.147088],[33.570196,-16.147086],[33.570195,-16.146544],[33.569914,-16.146545],[33.569632,-16.146003],[33.569071,-16.146005]]]}},{"type":"Feature","properties":{"ano":2000,"camada":"urbano","area_km2":0.0063},"geometry":{"type":"Polygon","coordinates":[[[33.627434,-16.146112],[33.627434,-16.146383],[33.627154,-16.146384],[33.627156,-16.146926],[33.627717,-16.146925],[33.627716,-16.146653],[33.627996,-16.146653],[33.627995,-16.14611],[33.627434,-16.146112]]]}},{"type":"Feature","properties":{"ano":2000,"camada":"urbano","area_km2":0.0009},"geometry":{"type":"Polygon","coordinates":[[[33.559257,-16.1482],[33.559257,-16.148471],[33.559538,-16.148471],[33.559537,-16.148199],[33.559257,-16.1482]]]}},{"type":"Feature","properties":{"ano":2000,"camada":"urbano","area_km2":0.0018},"geometry":{"type":"Polygon","coordinates":[[[33.655218,-16.147927],[33.655218,-16.148198],[33.65578,-16.148196],[33.655779,-16.147925],[33.655218,-16.147927]]]}},{"type":"Feature","properties":{"ano":2000,"camada":"urbano","area_km2":0.0009},"geometry":{"type":"Polygon","coordinates":[[[33.654938,-16.148199],[33.654939,-16.14847],[33.655219,-16.148469],[33.655218,-16.148198],[33.654938,-16.148199]]]}},{"type":"Feature","properties":{"ano":2000,"camada":"urbano","area_km2":0.0036},"geometry":{"type":"Polygon","coordinates":[[[33.568238,-16.14899],[33.568239,-16.149532],[33.5688,-16.149531],[33.568799,-16.148988],[33.568238,-16.14899]]]}},{"type":"Feature","properties":{"ano":2000,"camada":"urbano","area_km2":0.0054},"geometry":{"type":"Polygon","coordinates":[[[33.615658,-16.149129],[33.61566,-16.149672],[33.616222,-16.149941],[33.616501,-16.149398],[33.61622,-16.149399],[33.616219,-16.149128],[33.615658,-16.149129]]]}},{"type":"Feature","properties":{"ano":2000,"camada":"urbano","area_km2":0.0009},"geometry":{"type":"Polygon","coordinates":[[[33.603315,-16.149978],[33.603316,-16.150249],[33.603596,-16.150249],[33.603595,-16.149977],[33.603315,-16.149978]]]}},{"type":"Feature","properties":{"ano":2000,"camada":"urbano","area_km2":0.1674},"geometry":{"type":"Polygon","coordinates":[[[33.550275,-16.147139],[33.550275,-16.14741],[33.549995,-16.147411],[33.549998,-16.148495],[33.548876,-16.148769],[33.548878,-16.149312],[33.549439,-16.14931],[33.549438,-16.149039],[33.55028,-16.149037],[33.550282,-16.149851],[33.550002,-16.149851],[33.550003,-16.150394],[33.550564,-16.150392],[33.550565,-16.150663],[33.550846,-16.150663],[33.550844,-16.15012],[33.551405,-16.150119],[33.551403,-16.149305],[33.551684,-16.149305],[33.551683,-16.149033],[33.552244,-16.149032],[33.552246,-16.149574],[33.552807,-16.149573],[33.552805,-16.149031],[33.553086,-16.14903],[33.553087,-16.149572],[33.553368,-16.149571],[33.55337,-16.150385],[33.553651,-16.150384],[33.553652,-16.150655],[33.554213,-16.150654],[33.554212,-16.150383],[33.554493,-16.150382],[33.554491,-16.14984],[33.555333,-16.149838],[33.555615,-16.150379],[33.556176,-16.150378],[33.556175,-16.149835],[33.556455,-16.149835],[33.556454,-16.149292],[33.556173,-16.149293],[33.556172,-16.149022],[33.556453,-16.149021],[33.556451,-16.148479],[33.556171,-16.148479],[33.556169,-16.147937],[33.555889,-16.147938],[33.555607,-16.147396],[33.555045,-16.147397],[33.555045,-16.147126],[33.553922,-16.147129],[33.553923,-16.1474],[33.553362,-16.147402],[33.553364,-16.148215],[33.553084,-16.148216],[33.553084,-16.148487],[33.552523,-16.148489],[33.552522,-16.147946],[33.552241,-16.147947],[33.55224,-16.147676],[33.551399,-16.147678],[33.551399,-16.147949],[33.551119,-16.14795],[33.551117,-16.147408],[33.550837,-16.147408],[33.550836,-16.147137],[33.550275,-16.147139]],[[33.554204,-16.147671],[33.554485,-16.14767],[33.554486,-16.147941],[33.554205,-16.147942],[33.554204,-16.147671]],[[33.553644,-16.147944],[33.554205,-16.147942],[33.554206,-16.148213],[33.553925,-16.148214],[33.554207,-16.148756],[33.553646,-16.148757],[33.553644,-16.147944]],[[33.554487,-16.148213],[33.554767,-16.148212],[33.554768,-16.148483],[33.554487,-16.148484],[33.554487,-16.148213]],[[33.553084,-16.148487],[33.553365,-16.148487],[33.553366,-16.148758],[33.553085,-16.148759],[33.553084,-16.148487]],[[33.552243,-16.148761],[33.552524,-16.14876],[33.552525,-16.149031],[33.552244,-16.149032],[33.552243,-16.148761]],[[33.553366,-16.148758],[33.553646,-16.148757],[33.553647,-16.149028],[33.553366,-16.149029],[33.553366,-16.148758]],[[33.554488,-16.148755],[33.555049,-16.148753],[33.555051,-16.149296],[33.55477,-16.149297],[33.554488,-16.148755]],[[33.550841,-16.149036],[33.551402,-16.149034],[33.551403,-16.149305],[33.550842,-16.149307],[33.550841,-16.149036]],[[33.555612,-16.149294],[33.555893,-16.149294],[33.555893,-16.149565],[33.555613,-16.149566],[33.555612,-16.149294]]]}},{"type":"Feature","properties":{"ano":2000,"camada":"urbano","area_km2":0.0009},"geometry":{"type":"Polygon","coordinates":[[[33.616225,-16.151026],[33.616226,-16.151297],[33.616507,-16.151297],[33.616506,-16.151025],[33.616225,-16.151026]]]}},{"type":"Feature","properties":{"ano":2000,"camada":"urbano","area_km2":0.0117},"geometry":{"type":"Polygon","coordinates":[[[33.613699,-16.150762],[33.61342,-16.151305],[33.612859,-16.151307],[33.61286,-16.151578],[33.612579,-16.151579],[33.612862,-16.152121],[33.613703,-16.152118],[33.613421,-16.151577],[33.613702,-16.151576],[33.613701,-16.151305],[33.614261,-16.151032],[33.61426,-16.150761],[33.613699,-16.150762]]]}},{"type":"Feature","properties":{"ano":2000,"camada":"urbano","area_km2":0.0099},"geometry":{"type":"Polygon","coordinates":[[[33.614822,-16.150759],[33.614822,-16.15103],[33.614542,-16.151031],[33.614543,-16.151302],[33.614823,-16.151301],[33.614826,-16.152115],[33.614545,-16.152116],[33.614266,-16.152659],[33.615108,-16.152657],[33.615102,-16.150758],[33.614822,-16.150759]]]}},{"type":"Feature","properties":{"ano":2000,"camada":"urbano","area_km2":0.0018},"geometry":{"type":"Polygon","coordinates":[[[33.620438,-16.15237],[33.620439,-16.152641],[33.621,-16.152639],[33.621,-16.152368],[33.620438,-16.15237]]]}},{"type":"Feature","properties":{"ano":2000,"camada":"urbano","area_km2":0.0036},"geometry":{"type":"Polygon","coordinates":[[[33.556463,-16.152547],[33.556464,-16.152818],[33.556183,-16.152818],[33.556184,-16.15309],[33.556745,-16.153088],[33.556744,-16.152817],[33.557025,-16.152816],[33.557024,-16.152545],[33.556463,-16.152547]]]}},{"type":"Feature","properties":{"ano":2000,"camada":"urbano","area_km2":0.0027},"geometry":{"type":"Polygon","coordinates":[[[33.598555,-16.153246],[33.598556,-16.153788],[33.598837,-16.153788],[33.599116,-16.153244],[33.598555,-16.153246]]]}},{"type":"Feature","properties":{"ano":2000,"camada":"urbano","area_km2":0.0018},"geometry":{"type":"Polygon","coordinates":[[[33.623809,-16.153445],[33.623811,-16.153987],[33.624091,-16.153986],[33.62409,-16.153444],[33.623809,-16.153445]]]}},{"type":"Feature","properties":{"ano":2000,"camada":"urbano","area_km2":0.0045},"geometry":{"type":"Polygon","coordinates":[[[33.615951,-16.153196],[33.615953,-16.153739],[33.615673,-16.15374],[33.615673,-16.154011],[33.616235,-16.154009],[33.616234,-16.153738],[33.616514,-16.153737],[33.616513,-16.153466],[33.615951,-16.153196]]]}},{"type":"Feature","properties":{"ano":2000,"camada":"urbano","area_km2":0.0171},"geometry":{"type":"Polygon","coordinates":[[[33.565726,-16.153878],[33.565727,-16.154149],[33.565446,-16.15415],[33.565448,-16.154692],[33.566009,-16.154691],[33.56601,-16.154962],[33.566571,-16.154961],[33.56657,-16.154689],[33.567132,-16.154688],[33.567131,-16.154417],[33.567411,-16.154416],[33.567129,-16.153874],[33.565726,-16.153878]],[[33.566288,-16.154148],[33.566569,-16.154147],[33.56657,-16.154418],[33.566289,-16.154419],[33.566288,-16.154148]]]}},{"type":"Feature","properties":{"ano":2000,"camada":"urbano","area_km2":0.0018},"geometry":{"type":"Polygon","coordinates":[[[33.612027,-16.154564],[33.612028,-16.154835],[33.612589,-16.154833],[33.612588,-16.154562],[33.612027,-16.154564]]]}},{"type":"Feature","properties":{"ano":2000,"camada":"urbano","area_km2":0.0108},"geometry":{"type":"Polygon","coordinates":[[[33.554222,-16.153908],[33.553943,-16.154452],[33.553382,-16.154453],[33.553382,-16.154724],[33.553663,-16.154723],[33.553664,-16.155266],[33.553945,-16.155265],[33.553944,-16.154994],[33.554506,-16.155264],[33.554502,-16.153908],[33.554222,-16.153908]]]}},{"type":"Feature","properties":{"ano":2000,"camada":"urbano","area_km2":1.7676},"geometry":{"type":"Polygon","coordinates":[[[33.608332,-16.139116],[33.608333,-16.139387],[33.608053,-16.139388],[33.608056,-16.140473],[33.608336,-16.140472],[33.608337,-16.140743],[33.608057,-16.140744],[33.607778,-16.141287],[33.607217,-16.141289],[33.607217,-16.14156],[33.606937,-16.141561],[33.606938,-16.141832],[33.606377,-16.142105],[33.606379,-16.142647],[33.606098,-16.142648],[33.606098,-16.142377],[33.604695,-16.142381],[33.604693,-16.141839],[33.604132,-16.14184],[33.604133,-16.142111],[33.603852,-16.142112],[33.603853,-16.142383],[33.604414,-16.142382],[33.604415,-16.142653],[33.605257,-16.14265],[33.605257,-16.142922],[33.605538,-16.142921],[33.605259,-16.143464],[33.604697,-16.143194],[33.604139,-16.144281],[33.603298,-16.144283],[33.603298,-16.144554],[33.603018,-16.144555],[33.603017,-16.144284],[33.602456,-16.144286],[33.602455,-16.144014],[33.602174,-16.144015],[33.602173,-16.143473],[33.601612,-16.143474],[33.601613,-16.144017],[33.600491,-16.14402],[33.600489,-16.143478],[33.599928,-16.143479],[33.599925,-16.142394],[33.599644,-16.142395],[33.599362,-16.141854],[33.598801,-16.141855],[33.598804,-16.14294],[33.598243,-16.142941],[33.598244,-16.143213],[33.597402,-16.143215],[33.597401,-16.142944],[33.597121,-16.142945],[33.596842,-16.143488],[33.595719,-16.14322],[33.595719,-16.143491],[33.596,-16.14349],[33.596001,-16.143761],[33.596281,-16.143761],[33.596282,-16.144032],[33.596563,-16.144031],[33.596564,-16.144302],[33.597126,-16.144572],[33.597126,-16.144843],[33.596565,-16.144845],[33.596564,-16.144573],[33.596003,-16.144575],[33.596004,-16.144846],[33.595723,-16.144847],[33.595724,-16.145118],[33.596566,-16.145116],[33.596567,-16.145387],[33.596847,-16.145386],[33.596568,-16.145929],[33.595727,-16.145932],[33.595728,-16.146474],[33.594887,-16.146476],[33.594886,-16.146205],[33.593763,-16.145937],[33.593762,-16.145666],[33.593481,-16.145667],[33.593199,-16.145125],[33.592357,-16.145127],[33.592358,-16.145399],[33.592077,-16.145399],[33.592081,-16.146755],[33.592362,-16.146755],[33.592083,-16.147298],[33.592364,-16.147297],[33.592364,-16.147568],[33.592645,-16.147567],[33.592646,-16.147839],[33.592926,-16.147838],[33.592927,-16.148109],[33.593489,-16.148379],[33.59321,-16.148922],[33.593491,-16.148921],[33.593493,-16.149735],[33.593774,-16.149734],[33.593776,-16.150547],[33.594057,-16.150547],[33.594059,-16.151089],[33.59462,-16.151088],[33.594902,-16.151629],[33.595744,-16.151627],[33.595743,-16.151356],[33.595462,-16.151356],[33.595461,-16.150814],[33.596022,-16.150812],[33.596023,-16.151084],[33.596303,-16.151083],[33.596306,-16.151896],[33.596025,-16.151897],[33.596027,-16.15244],[33.596307,-16.152439],[33.596308,-16.15271],[33.596589,-16.152709],[33.596871,-16.153251],[33.597432,-16.153249],[33.597429,-16.152164],[33.597709,-16.152164],[33.597709,-16.151892],[33.598269,-16.15162],[33.598271,-16.152162],[33.598831,-16.151889],[33.598833,-16.152432],[33.599113,-16.152431],[33.599114,-16.152702],[33.599675,-16.152701],[33.599398,-16.153786],[33.60024,-16.153784],[33.600239,-16.153513],[33.601361,-16.153509],[33.60136,-16.153238],[33.601922,-16.153237],[33.601921,-16.152965],[33.602201,-16.152965],[33.602203,-16.153507],[33.602484,-16.153506],[33.602485,-16.153777],[33.602765,-16.153777],[33.602764,-16.153505],[33.603325,-16.153233],[33.603327,-16.154046],[33.603608,-16.154045],[33.603609,-16.154317],[33.60445,-16.154314],[33.60445,-16.154043],[33.60473,-16.154042],[33.604732,-16.154585],[33.604451,-16.154585],[33.604452,-16.154857],[33.606416,-16.154851],[33.606417,-16.155122],[33.606978,-16.155121],[33.606977,-16.154849],[33.607258,-16.154849],[33.606974,-16.153765],[33.607255,-16.153764],[33.607255,-16.154035],[33.607817,-16.154033],[33.607816,-16.153762],[33.608658,-16.15376],[33.608656,-16.153217],[33.608937,-16.153217],[33.608937,-16.153488],[33.609499,-16.153486],[33.609497,-16.152944],[33.609216,-16.152945],[33.609214,-16.152131],[33.609494,-16.15213],[33.609492,-16.151317],[33.609773,-16.151316],[33.609772,-16.151045],[33.60893,-16.151047],[33.608929,-16.150776],[33.60949,-16.150774],[33.609769,-16.150231],[33.61033,-16.15023],[33.61033,-16.149958],[33.610891,-16.149957],[33.61089,-16.149686],[33.61117,-16.149685],[33.611172,-16.150227],[33.610892,-16.150228],[33.610613,-16.150771],[33.610051,-16.150773],[33.610052,-16.151044],[33.610333,-16.151043],[33.610336,-16.152128],[33.609775,-16.152129],[33.609776,-16.152401],[33.610056,-16.1524],[33.610058,-16.152942],[33.61118,-16.152668],[33.611183,-16.153753],[33.612305,-16.153478],[33.612303,-16.152936],[33.611461,-16.152938],[33.611457,-16.151582],[33.612018,-16.151581],[33.612017,-16.151309],[33.612298,-16.151309],[33.612297,-16.151037],[33.612016,-16.151038],[33.612013,-16.149953],[33.612294,-16.149953],[33.612295,-16.150224],[33.612856,-16.150222],[33.612857,-16.150493],[33.613418,-16.150492],[33.613416,-16.149949],[33.613977,-16.149948],[33.613976,-16.149677],[33.614257,-16.149676],[33.614258,-16.149947],[33.614819,-16.149945],[33.61482,-16.150217],[33.6151,-16.150216],[33.615102,-16.150758],[33.615663,-16.150757],[33.615662,-16.150485],[33.615943,-16.150485],[33.615941,-16.149942],[33.6151,-16.149945],[33.615099,-16.149673],[33.613976,-16.149405],[33.613974,-16.148863],[33.614254,-16.148862],[33.614255,-16.149133],[33.615658,-16.149129],[33.615376,-16.148588],[33.614534,-16.14859],[33.614533,-16.148319],[33.614253,-16.14832],[33.614251,-16.147777],[33.613409,-16.14778],[33.613409,-16.147509],[33.613689,-16.147508],[33.613687,-16.146694],[33.613967,-16.146694],[33.613966,-16.146422],[33.613405,-16.146424],[33.613406,-16.146695],[33.612564,-16.146698],[33.612565,-16.146969],[33.612285,-16.14697],[33.612286,-16.147512],[33.611725,-16.147514],[33.611726,-16.147785],[33.611445,-16.147786],[33.611447,-16.148328],[33.610886,-16.14833],[33.610885,-16.148058],[33.610043,-16.148061],[33.610044,-16.148332],[33.609202,-16.148334],[33.609203,-16.148606],[33.608922,-16.148606],[33.608921,-16.148064],[33.609763,-16.148062],[33.609762,-16.14779],[33.610042,-16.14779],[33.610041,-16.147247],[33.609199,-16.14725],[33.6092,-16.147521],[33.608639,-16.147522],[33.608638,-16.147251],[33.608077,-16.147253],[33.607794,-16.146711],[33.609197,-16.146707],[33.609195,-16.145894],[33.608353,-16.145896],[33.608351,-16.145082],[33.607789,-16.145084],[33.607792,-16.145898],[33.607231,-16.145899],[33.60723,-16.145628],[33.606669,-16.14563],[33.606669,-16.145901],[33.606389,-16.145902],[33.606388,-16.14563],[33.605826,-16.145361],[33.605824,-16.144818],[33.605544,-16.144819],[33.605543,-16.144548],[33.605824,-16.144547],[33.606101,-16.143462],[33.606662,-16.14346],[33.606661,-16.143189],[33.606942,-16.143188],[33.607224,-16.14373],[33.607505,-16.143729],[33.607504,-16.143458],[33.608065,-16.143456],[33.608063,-16.142914],[33.607501,-16.142644],[33.6075,-16.142373],[33.607781,-16.142372],[33.607779,-16.14183],[33.60806,-16.141829],[33.608059,-16.141558],[33.60862,-16.141556],[33.608619,-16.141014],[33.60918,-16.141012],[33.609459,-16.140469],[33.61002,-16.140467],[33.610019,-16.140196],[33.6103,-16.140195],[33.610299,-16.139924],[33.610859,-16.139651],[33.610858,-16.13938],[33.610296,-16.139111],[33.610017,-16.139654],[33.609176,-16.139656],[33.609177,-16.139927],[33.608896,-16.139928],[33.608895,-16.139657],[33.608615,-16.139658],[33.608613,-16.139115],[33.608332,-16.139116]],[[33.599084,-16.142668],[33.599646,-16.142938],[33.599647,-16.143209],[33.599366,-16.14321],[33.599648,-16.143751],[33.599087,-16.143753],[33.599086,-16.143482],[33.598806,-16.143482],[33.598804,-16.14294],[33.599085,-16.142939],[33.599084,-16.142668]],[[33.607221,-16.142645],[33.607501,-16.142644],[33.607502,-16.142915],[33.607222,-16.142916],[33.607221,-16.142645]],[[33.604139,-16.144281],[33.60442,-16.14428],[33.604422,-16.144822],[33.604141,-16.144823],[33.604139,-16.144281]],[[33.59937,-16.144565],[33.600212,-16.144563],[33.600214,-16.145106],[33.599091,-16.145109],[33.599092,-16.14538],[33.598811,-16.145381],[33.59881,-16.144838],[33.599371,-16.144837],[33.59937,-16.144565]],[[33.604702,-16.144822],[33.604983,-16.144821],[33.604984,-16.145092],[33.604703,-16.145093],[33.604702,-16.144822]],[[33.597408,-16.145113],[33.597688,-16.145113],[33.597689,-16.145384],[33.597409,-16.145385],[33.597408,-16.145113]],[[33.603019,-16.145098],[33.603581,-16.145096],[33.603581,-16.145367],[33.60302,-16.145369],[33.603019,-16.145098]],[[33.597689,-16.145384],[33.59797,-16.145383],[33.598252,-16.145925],[33.597691,-16.145926],[33.597689,-16.145384]],[[33.596568,-16.145929],[33.596849,-16.145929],[33.597131,-16.14647],[33.59657,-16.146472],[33.596568,-16.145929]],[[33.605828,-16.145903],[33.606389,-16.145902],[33.60639,-16.146173],[33.605829,-16.146174],[33.605828,-16.145903]],[[33.608072,-16.145897],[33.608353,-16.145896],[33.608354,-16.146167],[33.608073,-16.146168],[33.608072,-16.145897]],[[33.598533,-16.146195],[33.598814,-16.146194],[33.598815,-16.146465],[33.598534,-16.146466],[33.598533,-16.146195]],[[33.595728,-16.146474],[33.596289,-16.146473],[33.596572,-16.147014],[33.596011,-16.147016],[33.59601,-16.146744],[33.595729,-16.146745],[33.595728,-16.146474]],[[33.595449,-16.146746],[33.595729,-16.146745],[33.59573,-16.147016],[33.595449,-16.147017],[33.595449,-16.146746]],[[33.607233,-16.146713],[33.607514,-16.146712],[33.607515,-16.146983],[33.607234,-16.146984],[33.607233,-16.146713]],[[33.594608,-16.14702],[33.595169,-16.147018],[33.59517,-16.147289],[33.594608,-16.147291],[33.594608,-16.14702]],[[33.606392,-16.146986],[33.607234,-16.146984],[33.607235,-16.147255],[33.606954,-16.147256],[33.606956,-16.147798],[33.606394,-16.147529],[33.606392,-16.146986]],[[33.596853,-16.147285],[33.597695,-16.147282],[33.597696,-16.147553],[33.598257,-16.147552],[33.598539,-16.148093],[33.599662,-16.148361],[33.599663,-16.148633],[33.599382,-16.148633],[33.599384,-16.149176],[33.598823,-16.149177],[33.598822,-16.148906],[33.598541,-16.148907],[33.598259,-16.148365],[33.597136,-16.148097],[33.597135,-16.147826],[33.596855,-16.147827],[33.596853,-16.147285]],[[33.602465,-16.147269],[33.602745,-16.147268],[33.602746,-16.147539],[33.602466,-16.14754],[33.602465,-16.147269]],[[33.603307,-16.147266],[33.603587,-16.147266],[33.603588,-16.147537],[33.603307,-16.147538],[33.603307,-16.147266]],[[33.612566,-16.14724],[33.612847,-16.147239],[33.612847,-16.14751],[33.612567,-16.147511],[33.612566,-16.14724]],[[33.605552,-16.147531],[33.605833,-16.14753],[33.606115,-16.148072],[33.605554,-16.148074],[33.605552,-16.147531]],[[33.596294,-16.147828],[33.596574,-16.147828],[33.596575,-16.148099],[33.596294,-16.1481],[33.596294,-16.147828]],[[33.608639,-16.147794],[33.60892,-16.147793],[33.608921,-16.148064],[33.60864,-16.148065],[33.608639,-16.147794]],[[33.59433,-16.148105],[33.594891,-16.148104],[33.594893,-16.148646],[33.595174,-16.148645],[33.595175,-16.149188],[33.595456,-16.149187],[33.595457,-16.149458],[33.594895,-16.14946],[33.594895,-16.149188],[33.594333,-16.148919],[33.59433,-16.148105]],[[33.605273,-16.148074],[33.605554,-16.148074],[33.605555,-16.148345],[33.605274,-16.148346],[33.605273,-16.148074]],[[33.607237,-16.148069],[33.607518,-16.148068],[33.607519,-16.148339],[33.607238,-16.14834],[33.607237,-16.148069]],[[33.608079,-16.148066],[33.60836,-16.148066],[33.60836,-16.148337],[33.60808,-16.148338],[33.608079,-16.148066]],[[33.612568,-16.148054],[33.61313,-16.148052],[33.61313,-16.148323],[33.612569,-16.148325],[33.612568,-16.148054]],[[33.61341,-16.148051],[33.613691,-16.14805],[33.613692,-16.148321],[33.614253,-16.14832],[33.614254,-16.148591],[33.613412,-16.148593],[33.61341,-16.148051]],[[33.603029,-16.148352],[33.60331,-16.148351],[33.603311,-16.148622],[33.60303,-16.148623],[33.603029,-16.148352]],[[33.606677,-16.148342],[33.606958,-16.148341],[33.606958,-16.148612],[33.606678,-16.148613],[33.606677,-16.148342]],[[33.596577,-16.148641],[33.596857,-16.14864],[33.596858,-16.148912],[33.596577,-16.148912],[33.596577,-16.148641]],[[33.597138,-16.14864],[33.597699,-16.148638],[33.597981,-16.14918],[33.598542,-16.149178],[33.598544,-16.149721],[33.597983,-16.149722],[33.597982,-16.149451],[33.597701,-16.149452],[33.597701,-16.149181],[33.59742,-16.149181],[33.597138,-16.14864]],[[33.60275,-16.148624],[33.60303,-16.148623],[33.603031,-16.148894],[33.603592,-16.148893],[33.603593,-16.149164],[33.602751,-16.149166],[33.60275,-16.148624]],[[33.610325,-16.148602],[33.610606,-16.148602],[33.61089,-16.149686],[33.610609,-16.149686],[33.610608,-16.149415],[33.610048,-16.149688],[33.610325,-16.148602]],[[33.610887,-16.148601],[33.611167,-16.1486],[33.611169,-16.149142],[33.610888,-16.149143],[33.610887,-16.148601]],[[33.61257,-16.148596],[33.612851,-16.148595],[33.612852,-16.148866],[33.612571,-16.148867],[33.61257,-16.148596]],[[33.613131,-16.148594],[33.613412,-16.148593],[33.613413,-16.148865],[33.613132,-16.148865],[33.613131,-16.148594]],[[33.603873,-16.148892],[33.604153,-16.148891],[33.604155,-16.149434],[33.603594,-16.149435],[33.603873,-16.148892]],[[33.611729,-16.14887],[33.612571,-16.148867],[33.612572,-16.149138],[33.612852,-16.149137],[33.612854,-16.14968],[33.611732,-16.149683],[33.611729,-16.14887]],[[33.613413,-16.148865],[33.613693,-16.148864],[33.613694,-16.149135],[33.613414,-16.149136],[33.613413,-16.148865]],[[33.593772,-16.149192],[33.594333,-16.14919],[33.594335,-16.149732],[33.593774,-16.149734],[33.593772,-16.149192]],[[33.604435,-16.149162],[33.604715,-16.149161],[33.604716,-16.149432],[33.604436,-16.149433],[33.604435,-16.149162]],[[33.608082,-16.149151],[33.608363,-16.14915],[33.608364,-16.149422],[33.608083,-16.149422],[33.608082,-16.149151]],[[33.611169,-16.149142],[33.611449,-16.149142],[33.61145,-16.149413],[33.61117,-16.149414],[33.611169,-16.149142]],[[33.601068,-16.149442],[33.601349,-16.149441],[33.60135,-16.149713],[33.601911,-16.149711],[33.601912,-16.149982],[33.602474,-16.150252],[33.602476,-16.151065],[33.602196,-16.151066],[33.602195,-16.150795],[33.601634,-16.150797],[33.601633,-16.150525],[33.601072,-16.150527],[33.601071,-16.150256],[33.60051,-16.150257],[33.600508,-16.149715],[33.601069,-16.149713],[33.601068,-16.149442]],[[33.604155,-16.149434],[33.604436,-16.149433],[33.604718,-16.149974],[33.604157,-16.149976],[33.604155,-16.149434]],[[33.608644,-16.149421],[33.608925,-16.14942],[33.608926,-16.149691],[33.608645,-16.149692],[33.608644,-16.149421]],[[33.603314,-16.149707],[33.603595,-16.149706],[33.603877,-16.150248],[33.603596,-16.150249],[33.603317,-16.150792],[33.602756,-16.150793],[33.603314,-16.149707]],[[33.5963,-16.149998],[33.596861,-16.149996],[33.597143,-16.150538],[33.596583,-16.150811],[33.596581,-16.150268],[33.596301,-16.150269],[33.5963,-16.149998]],[[33.609488,-16.149961],[33.609768,-16.14996],[33.609769,-16.150231],[33.609489,-16.150232],[33.609488,-16.149961]],[[33.604999,-16.150245],[33.60556,-16.150243],[33.605561,-16.150514],[33.605,-16.150516],[33.604999,-16.150245]],[[33.606963,-16.150239],[33.607244,-16.150238],[33.607526,-16.15078],[33.606684,-16.150782],[33.606685,-16.151054],[33.606405,-16.151054],[33.606403,-16.150512],[33.606964,-16.15051],[33.606963,-16.150239]],[[33.607807,-16.150779],[33.608087,-16.150778],[33.608089,-16.151321],[33.607808,-16.151321],[33.607807,-16.150779]],[[33.610893,-16.15077],[33.611174,-16.150769],[33.611175,-16.151041],[33.610894,-16.151041],[33.610893,-16.15077]],[[33.597987,-16.151078],[33.598267,-16.151077],[33.598268,-16.151348],[33.597988,-16.151349],[33.597987,-16.151078]],[[33.608649,-16.151048],[33.60893,-16.151047],[33.608931,-16.151318],[33.60865,-16.151319],[33.608649,-16.151048]],[[33.603038,-16.151335],[33.604161,-16.151332],[33.604162,-16.151603],[33.60332,-16.151605],[33.603321,-16.152148],[33.603041,-16.152149],[33.603038,-16.151335]],[[33.605564,-16.151328],[33.606126,-16.151597],[33.606127,-16.15214],[33.605847,-16.152141],[33.605846,-16.151869],[33.605285,-16.151871],[33.605564,-16.151328]],[[33.610895,-16.151313],[33.611175,-16.151312],[33.611178,-16.152125],[33.610897,-16.152126],[33.610895,-16.151313]],[[33.606406,-16.151597],[33.606687,-16.151596],[33.606688,-16.152138],[33.606408,-16.152139],[33.606406,-16.151597]],[[33.599674,-16.152158],[33.599954,-16.152157],[33.600236,-16.152699],[33.599675,-16.152701],[33.599674,-16.152158]],[[33.60725,-16.152137],[33.60753,-16.152136],[33.607531,-16.152407],[33.607251,-16.152408],[33.60725,-16.152137]],[[33.608653,-16.152133],[33.608933,-16.152132],[33.608934,-16.152403],[33.608653,-16.152404],[33.608653,-16.152133]],[[33.604725,-16.152415],[33.605006,-16.152414],[33.605007,-16.152685],[33.604726,-16.152686],[33.604725,-16.152415]],[[33.60697,-16.152409],[33.607251,-16.152408],[33.607253,-16.153221],[33.606692,-16.153223],[33.606691,-16.152952],[33.606972,-16.152951],[33.60697,-16.152409]],[[33.607531,-16.152407],[33.608092,-16.152405],[33.608093,-16.152677],[33.607533,-16.152949],[33.607531,-16.152407]],[[33.603604,-16.152961],[33.603885,-16.15296],[33.603886,-16.153231],[33.603605,-16.153232],[33.603604,-16.152961]],[[33.60613,-16.152953],[33.60641,-16.152953],[33.606412,-16.153495],[33.606131,-16.153496],[33.60613,-16.152953]],[[33.604166,-16.15323],[33.604728,-16.153229],[33.604729,-16.153771],[33.604168,-16.153773],[33.604166,-16.15323]]]}},{"type":"Feature","properties":{"ano":2000,"camada":"urbano","area_km2":0.0009},"geometry":{"type":"Polygon","coordinates":[[[33.562363,-16.155243],[33.562364,-16.155514],[33.562644,-16.155513],[33.562644,-16.155242],[33.562363,-16.155243]]]}},{"type":"Feature","properties":{"ano":2000,"camada":"urbano","area_km2":0.0072},"geometry":{"type":"Polygon","coordinates":[[[33.552823,-16.155268],[33.552823,-16.155539],[33.553104,-16.155538],[33.553105,-16.15581],[33.553385,-16.155809],[33.553386,-16.15608],[33.553948,-16.15635],[33.553664,-16.155266],[33.552823,-16.155268]]]}},{"type":"Feature","properties":{"ano":2000,"camada":"urbano","area_km2":0.4122},"geometry":{"type":"Polygon","coordinates":[[[33.561221,-16.148195],[33.561221,-16.148466],[33.560941,-16.148467],[33.560943,-16.14928],[33.558698,-16.149015],[33.55898,-16.149557],[33.558699,-16.149558],[33.5587,-16.149829],[33.557858,-16.149831],[33.557862,-16.151187],[33.558143,-16.151186],[33.558147,-16.152813],[33.557867,-16.152814],[33.557868,-16.153356],[33.557587,-16.153357],[33.557588,-16.153628],[33.557028,-16.153901],[33.557032,-16.155528],[33.557313,-16.155528],[33.557314,-16.155799],[33.557876,-16.156068],[33.557877,-16.156611],[33.558438,-16.156609],[33.558437,-16.156067],[33.558998,-16.156065],[33.558997,-16.155794],[33.559278,-16.155794],[33.559279,-16.156065],[33.55984,-16.156063],[33.559839,-16.155792],[33.5604,-16.155791],[33.5604,-16.155519],[33.562083,-16.155515],[33.562082,-16.155244],[33.562643,-16.154971],[33.562641,-16.154158],[33.562921,-16.154157],[33.5632,-16.153614],[33.56292,-16.153614],[33.562919,-16.153343],[33.562638,-16.153344],[33.562637,-16.152802],[33.562356,-16.152802],[33.562353,-16.151717],[33.562634,-16.151717],[33.562635,-16.152259],[33.562916,-16.152258],[33.562917,-16.15253],[33.563478,-16.152528],[33.563478,-16.152799],[33.56432,-16.152797],[33.564321,-16.153068],[33.564602,-16.153068],[33.564605,-16.154152],[33.565446,-16.15415],[33.565445,-16.153608],[33.564883,-16.153338],[33.56488,-16.152253],[33.564599,-16.152254],[33.564597,-16.15144],[33.564316,-16.151441],[33.564316,-16.15117],[33.564596,-16.151169],[33.564595,-16.150627],[33.564034,-16.150628],[33.564033,-16.150357],[33.563752,-16.150358],[33.563751,-16.149815],[33.562348,-16.149819],[33.562347,-16.149548],[33.562066,-16.149549],[33.562065,-16.149006],[33.561784,-16.149007],[33.561783,-16.148736],[33.561503,-16.148737],[33.561501,-16.148194],[33.561221,-16.148195]],[[33.55898,-16.149557],[33.559822,-16.149555],[33.559824,-16.150368],[33.559543,-16.150369],[33.559542,-16.150098],[33.558981,-16.150099],[33.55898,-16.149557]],[[33.561225,-16.149551],[33.561786,-16.149549],[33.561786,-16.149821],[33.561225,-16.149822],[33.561225,-16.149551]],[[33.562068,-16.150091],[33.562629,-16.15009],[33.56263,-16.150361],[33.562069,-16.150362],[33.562068,-16.150091]],[[33.558421,-16.150372],[33.559263,-16.15037],[33.559263,-16.150641],[33.558703,-16.150914],[33.558421,-16.150372]],[[33.559544,-16.15064],[33.559825,-16.150639],[33.559825,-16.150911],[33.559545,-16.150911],[33.559544,-16.15064]],[[33.56235,-16.150633],[33.562631,-16.150632],[33.562631,-16.150903],[33.562351,-16.150904],[33.56235,-16.150633]],[[33.56179,-16.150905],[33.562351,-16.150904],[33.562351,-16.151175],[33.56179,-16.151177],[33.56179,-16.150905]],[[33.562912,-16.150902],[33.563192,-16.150902],[33.563193,-16.151173],[33.562913,-16.151174],[33.562912,-16.150902]],[[33.559546,-16.151454],[33.559827,-16.151453],[33.559828,-16.151724],[33.559547,-16.151725],[33.559546,-16.151454]],[[33.562072,-16.151447],[33.562352,-16.151446],[33.562353,-16.151717],[33.562072,-16.151718],[33.562072,-16.151447]],[[33.562913,-16.151445],[33.563194,-16.151444],[33.563195,-16.151715],[33.562914,-16.151716],[33.562913,-16.151445]],[[33.559267,-16.151997],[33.559548,-16.151996],[33.559549,-16.152267],[33.559268,-16.152268],[33.559267,-16.151997]],[[33.559828,-16.151995],[33.560109,-16.151995],[33.56011,-16.152266],[33.559829,-16.152267],[33.559828,-16.151995]],[[33.561231,-16.151992],[33.561793,-16.15199],[33.561794,-16.152533],[33.562356,-16.152802],[33.562359,-16.153887],[33.562079,-16.153888],[33.562077,-16.153345],[33.561516,-16.153347],[33.561515,-16.153076],[33.561234,-16.153076],[33.561233,-16.152534],[33.560952,-16.152535],[33.561231,-16.151992]],[[33.558708,-16.152541],[33.559269,-16.152539],[33.55927,-16.15281],[33.558709,-16.153083],[33.558708,-16.152541]],[[33.560391,-16.152536],[33.560672,-16.152536],[33.560673,-16.153078],[33.560393,-16.153079],[33.560391,-16.152536]],[[33.55759,-16.154171],[33.55787,-16.15417],[33.557871,-16.154441],[33.55759,-16.154442],[33.55759,-16.154171]]]}},{"type":"Feature","properties":{"ano":2000,"camada":"urbano","area_km2":0.0009},"geometry":{"type":"Polygon","coordinates":[[[33.567979,-16.156584],[33.56798,-16.156855],[33.56826,-16.156855],[33.568259,-16.156583],[33.567979,-16.156584]]]}},{"type":"Feature","properties":{"ano":2000,"camada":"urbano","area_km2":0.0009},"geometry":{"type":"Polygon","coordinates":[[[33.553108,-16.157166],[33.553109,-16.157437],[33.55339,-16.157436],[33.553389,-16.157165],[33.553108,-16.157166]]]}},{"type":"Feature","properties":{"ano":2000,"camada":"urbano","area_km2":0.0027},"geometry":{"type":"Polygon","coordinates":[[[33.552548,-16.157438],[33.552549,-16.157709],[33.553111,-16.157979],[33.553109,-16.157437],[33.552548,-16.157438]]]}},{"type":"Feature","properties":{"ano":2000,"camada":"urbano","area_km2":0.0009},"geometry":{"type":"Polygon","coordinates":[[[33.56686,-16.157672],[33.56686,-16.157943],[33.567141,-16.157942],[33.56714,-16.157671],[33.56686,-16.157672]]]}},{"type":"Feature","properties":{"ano":2000,"camada":"urbano","area_km2":0.0477},"geometry":{"type":"Polygon","coordinates":[[[33.611187,-16.155109],[33.611189,-16.155651],[33.610628,-16.155924],[33.610631,-16.156737],[33.611753,-16.156734],[33.611756,-16.157548],[33.612317,-16.157546],[33.612319,-16.158088],[33.61344,-16.157814],[33.613439,-16.157543],[33.613159,-16.157544],[33.613158,-16.157272],[33.613439,-16.157272],[33.613436,-16.156458],[33.612594,-16.156461],[33.612593,-16.155918],[33.612312,-16.155919],[33.612311,-16.155648],[33.61175,-16.155649],[33.611749,-16.155378],[33.611187,-16.155109]],[[33.611189,-16.155651],[33.611469,-16.15565],[33.61147,-16.155921],[33.61119,-16.155922],[33.611189,-16.155651]],[[33.612314,-16.156461],[33.612594,-16.156461],[33.612595,-16.156732],[33.612315,-16.156733],[33.612314,-16.156461]]]}},{"type":"Feature","properties":{"ano":2000,"camada":"urbano","area_km2":0.0009},"geometry":{"type":"Polygon","coordinates":[[[33.550585,-16.157986],[33.550586,-16.158257],[33.550867,-16.158256],[33.550866,-16.157985],[33.550585,-16.157986]]]}},{"type":"Feature","properties":{"ano":2000,"camada":"urbano","area_km2":0.0018},"geometry":{"type":"Polygon","coordinates":[[[33.556761,-16.158783],[33.556762,-16.159055],[33.557323,-16.159053],[33.557322,-16.158782],[33.556761,-16.158783]]]}},{"type":"Feature","properties":{"ano":2000,"camada":"urbano","area_km2":0.0072},"geometry":{"type":"Polygon","coordinates":[[[33.551429,-16.158526],[33.551429,-16.158797],[33.551149,-16.158798],[33.55115,-16.15934],[33.551992,-16.159338],[33.55199,-16.158525],[33.551429,-16.158526]]]}},{"type":"Feature","properties":{"ano":2000,"camada":"urbano","area_km2":0.0117},"geometry":{"type":"Polygon","coordinates":[[[33.612601,-16.15863],[33.612603,-16.159172],[33.612883,-16.159172],[33.612886,-16.159985],[33.613166,-16.159984],[33.613165,-16.159442],[33.613445,-16.159441],[33.613446,-16.159712],[33.613727,-16.159712],[33.613728,-16.160254],[33.614009,-16.160253],[33.614007,-16.15944],[33.613726,-16.15944],[33.613725,-16.159169],[33.613164,-16.159171],[33.613162,-16.158628],[33.612601,-16.15863]]]}},{"type":"Feature","properties":{"ano":2000,"camada":"urbano","area_km2":0.0018},"geometry":{"type":"Polygon","coordinates":[[[33.556203,-16.160141],[33.556204,-16.160412],[33.556765,-16.16041],[33.556765,-16.160139],[33.556203,-16.160141]]]}},{"type":"Feature","properties":{"ano":2000,"camada":"urbano","area_km2":0.0009},"geometry":{"type":"Polygon","coordinates":[[[33.555643,-16.160413],[33.555644,-16.160685],[33.555924,-16.160684],[33.555924,-16.160413],[33.555643,-16.160413]]]}},{"type":"Feature","properties":{"ano":2000,"camada":"urbano","area_km2":0.0009},"geometry":{"type":"Polygon","coordinates":[[[33.612887,-16.160256],[33.612887,-16.160528],[33.613168,-16.160527],[33.613167,-16.160256],[33.612887,-16.160256]]]}},{"type":"Feature","properties":{"ano":2000,"camada":"urbano","area_km2":0.0009},"geometry":{"type":"Polygon","coordinates":[[[33.613448,-16.160255],[33.613449,-16.160526],[33.613729,-16.160525],[33.613728,-16.160254],[33.613448,-16.160255]]]}},{"type":"Feature","properties":{"ano":2000,"camada":"urbano","area_km2":0.0441},"geometry":{"type":"Polygon","coordinates":[[[33.555913,-16.156616],[33.555914,-16.156887],[33.555353,-16.15716],[33.555355,-16.157702],[33.554794,-16.157975],[33.554796,-16.158517],[33.554515,-16.158518],[33.554517,-16.15906],[33.555078,-16.159059],[33.55508,-16.159872],[33.555361,-16.159872],[33.555362,-16.160143],[33.554801,-16.160416],[33.554803,-16.160958],[33.555364,-16.160957],[33.555362,-16.160414],[33.555643,-16.160413],[33.555641,-16.1596],[33.555921,-16.159599],[33.55592,-16.159057],[33.55648,-16.158784],[33.556479,-16.158513],[33.556199,-16.158514],[33.556196,-16.157429],[33.555915,-16.15743],[33.555914,-16.157158],[33.556195,-16.157158],[33.556194,-16.156615],[33.555913,-16.156616]],[[33.555635,-16.15743],[33.555915,-16.15743],[33.555916,-16.157701],[33.555635,-16.157701],[33.555635,-16.15743]]]}},{"type":"Feature","properties":{"ano":2000,"camada":"urbano","area_km2":0.0009},"geometry":{"type":"Polygon","coordinates":[[[33.613168,-16.160527],[33.613169,-16.160798],[33.613449,-16.160797],[33.613449,-16.160526],[33.613168,-16.160527]]]}},{"type":"Feature","properties":{"ano":2000,"camada":"urbano","area_km2":0.0045},"geometry":{"type":"Polygon","coordinates":[[[33.557889,-16.160679],[33.557609,-16.161222],[33.558171,-16.161492],[33.558451,-16.160948],[33.557889,-16.160679]]]}},{"type":"Feature","properties":{"ano":2000,"camada":"urbano","area_km2":0.0171},"geometry":{"type":"Polygon","coordinates":[[[33.553956,-16.159333],[33.553957,-16.159604],[33.553676,-16.159605],[33.553678,-16.160147],[33.553117,-16.16042],[33.553121,-16.161505],[33.553401,-16.161504],[33.553683,-16.162046],[33.554244,-16.161773],[33.553962,-16.161231],[33.5534,-16.161233],[33.553399,-16.16069],[33.55396,-16.160689],[33.553959,-16.160147],[33.554239,-16.160146],[33.554237,-16.159332],[33.553956,-16.159333]]]}},{"type":"Feature","properties":{"ano":2000,"camada":"urbano","area_km2":0.0279},"geometry":{"type":"Polygon","coordinates":[[[33.559573,-16.160946],[33.559574,-16.161217],[33.559013,-16.161489],[33.559015,-16.162032],[33.559295,-16.162031],[33.559296,-16.162302],[33.559858,-16.162572],[33.559859,-16.162843],[33.559298,-16.162845],[33.559299,-16.163387],[33.55958,-16.163386],[33.559579,-16.163115],[33.560421,-16.163113],[33.560422,-16.163384],[33.560702,-16.163383],[33.560698,-16.162027],[33.560418,-16.162028],[33.560416,-16.161486],[33.560136,-16.161486],[33.560135,-16.161215],[33.559573,-16.160946]],[[33.560137,-16.162029],[33.560418,-16.162028],[33.560419,-16.16257],[33.560139,-16.162571],[33.560137,-16.162029]]]}},{"type":"Feature","properties":{"ano":2000,"camada":"urbano","area_km2":0.0009},"geometry":{"type":"Polygon","coordinates":[[[33.558457,-16.163118],[33.558457,-16.163389],[33.558738,-16.163388],[33.558737,-16.163117],[33.558457,-16.163118]]]}},{"type":"Feature","properties":{"ano":2000,"camada":"urbano","area_km2":0.0009},"geometry":{"type":"Polygon","coordinates":[[[33.569401,-16.16336],[33.569402,-16.163631],[33.569683,-16.163631],[33.569682,-16.16336],[33.569401,-16.16336]]]}},{"type":"Feature","properties":{"ano":2000,"camada":"urbano","area_km2":0.7524},"geometry":{"type":"Polygon","coordinates":[[[33.562644,-16.155513],[33.562647,-16.156327],[33.562085,-16.156329],[33.562084,-16.155786],[33.561523,-16.155788],[33.561523,-16.156059],[33.560962,-16.155789],[33.560962,-16.15606],[33.560682,-16.156061],[33.560403,-16.156604],[33.559841,-16.156606],[33.559842,-16.156877],[33.559562,-16.156878],[33.559565,-16.158234],[33.559003,-16.157964],[33.559282,-16.157421],[33.559002,-16.157421],[33.559001,-16.15715],[33.55844,-16.157152],[33.558441,-16.157423],[33.55788,-16.157696],[33.557882,-16.158509],[33.558163,-16.158508],[33.558164,-16.15878],[33.558725,-16.158778],[33.558727,-16.159592],[33.559008,-16.159591],[33.559007,-16.15932],[33.559569,-16.15959],[33.559571,-16.160132],[33.55929,-16.160133],[33.559291,-16.160404],[33.559852,-16.160402],[33.559851,-16.160131],[33.560132,-16.16013],[33.560133,-16.160402],[33.560694,-16.1604],[33.560693,-16.160129],[33.561254,-16.159856],[33.561255,-16.160399],[33.561536,-16.160398],[33.561538,-16.161212],[33.561819,-16.161211],[33.561819,-16.161482],[33.5621,-16.161481],[33.562101,-16.161752],[33.562663,-16.162022],[33.562665,-16.162836],[33.561542,-16.162568],[33.561544,-16.163381],[33.561825,-16.16338],[33.561826,-16.163652],[33.562387,-16.16365],[33.562388,-16.164192],[33.562949,-16.164191],[33.562385,-16.163108],[33.562946,-16.163106],[33.562948,-16.163649],[33.563229,-16.163648],[33.563511,-16.16419],[33.563791,-16.164189],[33.563791,-16.163918],[33.567158,-16.163909],[33.567159,-16.16418],[33.568001,-16.164178],[33.568,-16.163906],[33.56828,-16.163906],[33.568281,-16.164177],[33.568842,-16.164175],[33.568842,-16.163904],[33.569122,-16.163903],[33.569118,-16.162547],[33.569399,-16.162547],[33.569398,-16.162275],[33.569118,-16.162276],[33.569116,-16.161734],[33.569677,-16.161732],[33.569679,-16.162275],[33.57024,-16.162273],[33.570238,-16.16146],[33.569957,-16.16146],[33.569956,-16.161189],[33.569676,-16.16119],[33.569675,-16.160919],[33.569394,-16.160919],[33.569393,-16.160648],[33.569113,-16.160649],[33.569112,-16.160378],[33.568831,-16.160379],[33.568829,-16.159565],[33.56911,-16.159564],[33.569107,-16.158479],[33.568545,-16.15821],[33.568545,-16.158481],[33.567985,-16.158754],[33.567987,-16.159296],[33.567425,-16.159298],[33.567423,-16.158484],[33.566862,-16.158485],[33.566861,-16.158214],[33.56658,-16.158215],[33.566579,-16.157673],[33.56686,-16.157672],[33.566859,-16.157401],[33.566578,-16.157401],[33.566577,-16.15713],[33.566858,-16.15713],[33.566856,-16.156587],[33.566576,-16.156588],[33.566294,-16.156046],[33.565452,-16.156048],[33.56517,-16.155507],[33.564047,-16.15551],[33.564048,-16.155781],[33.563206,-16.155783],[33.563206,-16.155512],[33.562644,-16.155513]],[[33.564049,-16.156052],[33.564329,-16.156051],[33.56433,-16.156323],[33.56405,-16.156323],[33.564049,-16.156052]],[[33.56433,-16.156323],[33.564611,-16.156322],[33.564612,-16.156593],[33.564331,-16.156594],[33.56433,-16.156323]],[[33.566295,-16.156589],[33.566576,-16.156588],[33.566577,-16.156859],[33.566296,-16.15686],[33.566295,-16.156589]],[[33.559566,-16.158505],[33.559847,-16.158504],[33.559847,-16.158775],[33.559567,-16.158776],[33.559566,-16.158505]],[[33.565178,-16.15849],[33.565739,-16.158488],[33.565741,-16.159031],[33.56546,-16.159032],[33.565178,-16.15849]],[[33.568832,-16.16065],[33.569113,-16.160649],[33.569114,-16.16092],[33.568833,-16.160921],[33.568832,-16.16065]],[[33.568554,-16.161464],[33.568835,-16.161463],[33.568835,-16.161735],[33.568555,-16.161735],[33.568554,-16.161464]],[[33.568556,-16.162007],[33.568836,-16.162006],[33.568837,-16.162277],[33.568556,-16.162278],[33.568556,-16.162007]]]}},{"type":"Feature","properties":{"ano":2000,"camada":"urbano","area_km2":0.0072},"geometry":{"type":"Polygon","coordinates":[[[33.560983,-16.163383],[33.560984,-16.163925],[33.560704,-16.163926],[33.560705,-16.164197],[33.561266,-16.164195],[33.561267,-16.164738],[33.561548,-16.164737],[33.561827,-16.164194],[33.561546,-16.164195],[33.561546,-16.163924],[33.561265,-16.163924],[33.561264,-16.163382],[33.560983,-16.163383]]]}},{"type":"Feature","properties":{"ano":2000,"camada":"urbano","area_km2":0.0045},"geometry":{"type":"Polygon","coordinates":[[[33.556777,-16.164478],[33.556779,-16.165292],[33.55706,-16.165291],[33.557059,-16.16502],[33.55734,-16.165019],[33.557338,-16.164477],[33.556777,-16.164478]]]}},{"type":"Feature","properties":{"ano":2000,"camada":"urbano","area_km2":0.009},"geometry":{"type":"Polygon","coordinates":[[[33.561549,-16.165279],[33.56155,-16.165551],[33.56127,-16.165551],[33.560991,-16.166095],[33.562113,-16.166092],[33.562112,-16.16582],[33.562393,-16.16582],[33.562111,-16.165278],[33.561549,-16.165279]]]}},{"type":"Feature","properties":{"ano":2000,"camada":"urbano","area_km2":0.0036},"geometry":{"type":"Polygon","coordinates":[[[33.555658,-16.165837],[33.555659,-16.166109],[33.555378,-16.166109],[33.555379,-16.16638],[33.55594,-16.166379],[33.555939,-16.166108],[33.55622,-16.166107],[33.556219,-16.165836],[33.555658,-16.165837]]]}},{"type":"Feature","properties":{"ano":2000,"camada":"urbano","area_km2":0.0018},"geometry":{"type":"Polygon","coordinates":[[[33.555661,-16.166922],[33.555663,-16.167465],[33.555943,-16.167464],[33.555942,-16.166921],[33.555661,-16.166922]]]}},{"type":"Feature","properties":{"ano":2000,"camada":"urbano","area_km2":0.0189},"geometry":{"type":"Polygon","coordinates":[[[33.554539,-16.166925],[33.554545,-16.169366],[33.555387,-16.169364],[33.555383,-16.167736],[33.554822,-16.167738],[33.554819,-16.166924],[33.554539,-16.166925]]]}},{"type":"Feature","properties":{"ano":2000,"camada":"urbano","area_km2":0.0009},"geometry":{"type":"Polygon","coordinates":[[[33.574471,-16.169855],[33.574472,-16.170127],[33.574752,-16.170126],[33.574752,-16.169855],[33.574471,-16.169855]]]}},{"type":"Feature","properties":{"ano":2000,"camada":"urbano","area_km2":0.0054},"geometry":{"type":"Polygon","coordinates":[[[33.563526,-16.169613],[33.563528,-16.170427],[33.56409,-16.170426],[33.564087,-16.169612],[33.563526,-16.169613]]]}},{"type":"Feature","properties":{"ano":2000,"camada":"urbano","area_km2":0.2421},"geometry":{"type":"Polygon","coordinates":[[[33.564915,-16.164457],[33.564915,-16.164728],[33.564635,-16.164729],[33.564635,-16.165],[33.564075,-16.165273],[33.564077,-16.166086],[33.564358,-16.166086],[33.56464,-16.166627],[33.564921,-16.166627],[33.564919,-16.166084],[33.56548,-16.166083],[33.565483,-16.167167],[33.564921,-16.166898],[33.564923,-16.16744],[33.564642,-16.167441],[33.564645,-16.168254],[33.564925,-16.168254],[33.564926,-16.168525],[33.564645,-16.168526],[33.564647,-16.169068],[33.564928,-16.169067],[33.56465,-16.170153],[33.564931,-16.170152],[33.565213,-16.170694],[33.564371,-16.170696],[33.564372,-16.170967],[33.56381,-16.170697],[33.563811,-16.170969],[33.56353,-16.170969],[33.563533,-16.172054],[33.564094,-16.172053],[33.564093,-16.171781],[33.564654,-16.171509],[33.564655,-16.17178],[33.564935,-16.171779],[33.564939,-16.173135],[33.56522,-16.173134],[33.565215,-16.171507],[33.564935,-16.171508],[33.564933,-16.170966],[33.565494,-16.170964],[33.565491,-16.169879],[33.566052,-16.169878],[33.566055,-16.170691],[33.566335,-16.170691],[33.566335,-16.17042],[33.566895,-16.170147],[33.566894,-16.169604],[33.566613,-16.169605],[33.566612,-16.169334],[33.566893,-16.169333],[33.567172,-16.16879],[33.568014,-16.168788],[33.568012,-16.168246],[33.568293,-16.168245],[33.56829,-16.167431],[33.56801,-16.167432],[33.568009,-16.167161],[33.569131,-16.166887],[33.569125,-16.164988],[33.568845,-16.164989],[33.568844,-16.164718],[33.568282,-16.164448],[33.568003,-16.164991],[33.567722,-16.164992],[33.567721,-16.164721],[33.566599,-16.164724],[33.5666,-16.164995],[33.566039,-16.165268],[33.566039,-16.164996],[33.565758,-16.164997],[33.565476,-16.164455],[33.564915,-16.164457]],[[33.565207,-16.168524],[33.565768,-16.168523],[33.565769,-16.168794],[33.566049,-16.168793],[33.566051,-16.169336],[33.56577,-16.169336],[33.565771,-16.169607],[33.565209,-16.169338],[33.565207,-16.168524]],[[33.566611,-16.168792],[33.566891,-16.168791],[33.566892,-16.169062],[33.566611,-16.169063],[33.566611,-16.168792]],[[33.56493,-16.169881],[33.565211,-16.16988],[33.565211,-16.170151],[33.564931,-16.170152],[33.56493,-16.169881]]]}},{"type":"Feature","properties":{"ano":2000,"camada":"urbano","area_km2":0.0009},"geometry":{"type":"Polygon","coordinates":[[[33.561294,-16.17423],[33.561295,-16.174501],[33.561576,-16.1745],[33.561575,-16.174229],[33.561294,-16.17423]]]}},{"type":"Feature","properties":{"ano":2000,"camada":"urbano","area_km2":0.0252},"geometry":{"type":"Polygon","coordinates":[[[33.56522,-16.173134],[33.565224,-16.17449],[33.565504,-16.17449],[33.565506,-16.175032],[33.56663,-16.175571],[33.566629,-16.1753],[33.56691,-16.1753],[33.566907,-16.174486],[33.566627,-16.174487],[33.566626,-16.174216],[33.566345,-16.174216],[33.566346,-16.174487],[33.565785,-16.174489],[33.566062,-16.173403],[33.565782,-16.173404],[33.565781,-16.173133],[33.56522,-16.173134]]]}},{"type":"Feature","properties":{"ano":2000,"camada":"urbano","area_km2":4.4919},"geometry":{"type":"Polygon","coordinates":[[[33.570735,-16.13922],[33.570456,-16.139763],[33.569895,-16.139765],[33.569896,-16.140036],[33.569335,-16.140309],[33.569336,-16.14058],[33.569617,-16.140579],[33.569618,-16.141122],[33.569899,-16.141121],[33.5699,-16.141663],[33.570181,-16.141662],[33.570182,-16.141934],[33.570744,-16.142203],[33.570744,-16.142474],[33.569903,-16.142477],[33.569907,-16.143833],[33.570187,-16.143832],[33.570188,-16.144103],[33.569907,-16.144104],[33.569909,-16.144646],[33.570471,-16.144916],[33.570477,-16.147086],[33.570758,-16.147085],[33.570758,-16.147356],[33.570478,-16.147357],[33.570481,-16.148442],[33.571043,-16.148711],[33.570764,-16.149254],[33.571044,-16.149254],[33.571045,-16.149525],[33.571606,-16.149523],[33.571607,-16.149794],[33.571888,-16.149794],[33.571889,-16.150065],[33.572451,-16.150335],[33.572453,-16.151148],[33.572172,-16.151149],[33.572173,-16.15142],[33.572454,-16.151419],[33.572454,-16.151691],[33.572735,-16.15169],[33.572734,-16.151419],[33.573295,-16.151417],[33.573297,-16.15196],[33.573578,-16.151959],[33.573578,-16.15223],[33.57414,-16.1525],[33.574143,-16.153313],[33.573581,-16.153315],[33.573582,-16.153586],[33.573863,-16.153585],[33.574145,-16.154127],[33.574706,-16.154125],[33.574708,-16.154668],[33.574988,-16.154667],[33.574991,-16.155481],[33.575271,-16.15548],[33.575273,-16.156022],[33.575835,-16.156292],[33.575556,-16.156835],[33.575836,-16.156834],[33.576119,-16.157376],[33.575838,-16.157377],[33.575839,-16.157648],[33.574997,-16.15765],[33.574998,-16.157921],[33.574437,-16.157923],[33.574437,-16.158194],[33.574999,-16.158464],[33.57472,-16.159007],[33.575001,-16.159006],[33.575002,-16.159277],[33.575282,-16.159276],[33.575564,-16.159818],[33.576126,-16.159817],[33.576126,-16.160088],[33.576688,-16.160086],[33.576688,-16.160357],[33.57725,-16.160627],[33.577534,-16.161711],[33.577815,-16.16171],[33.578097,-16.162252],[33.578658,-16.162251],[33.578661,-16.163064],[33.579502,-16.163062],[33.579502,-16.162791],[33.579782,-16.16279],[33.579784,-16.163332],[33.580345,-16.163331],[33.580343,-16.162788],[33.580905,-16.162787],[33.581187,-16.163328],[33.581748,-16.163327],[33.58175,-16.163869],[33.580908,-16.163872],[33.580909,-16.164414],[33.581471,-16.164684],[33.581473,-16.165226],[33.582034,-16.165224],[33.582035,-16.165496],[33.582877,-16.165493],[33.582878,-16.165765],[33.583158,-16.165764],[33.583161,-16.166577],[33.583441,-16.166577],[33.583442,-16.166848],[33.584004,-16.167117],[33.584006,-16.16766],[33.584286,-16.167659],[33.584287,-16.16793],[33.584568,-16.167929],[33.584569,-16.168201],[33.584849,-16.1682],[33.585131,-16.168742],[33.585693,-16.16874],[33.585693,-16.169011],[33.585974,-16.16901],[33.585976,-16.169553],[33.586818,-16.16955],[33.586818,-16.169822],[33.587099,-16.169821],[33.5871,-16.170092],[33.586819,-16.170093],[33.586821,-16.170635],[33.587101,-16.170634],[33.587105,-16.171719],[33.587385,-16.171718],[33.587388,-16.172803],[33.587108,-16.172804],[33.587109,-16.173346],[33.58767,-16.173074],[33.587665,-16.171447],[33.589349,-16.171442],[33.58935,-16.171713],[33.590191,-16.171711],[33.590191,-16.17144],[33.591874,-16.171435],[33.591875,-16.171706],[33.592156,-16.171705],[33.592438,-16.172247],[33.595805,-16.172237],[33.595807,-16.17278],[33.595526,-16.172781],[33.595528,-16.173323],[33.595809,-16.173322],[33.59581,-16.173593],[33.59637,-16.173321],[33.596368,-16.172778],[33.596649,-16.172778],[33.59665,-16.173049],[33.59693,-16.173048],[33.59693,-16.172777],[33.597491,-16.172775],[33.597773,-16.173317],[33.598896,-16.173585],[33.598898,-16.174127],[33.599179,-16.174126],[33.599179,-16.174398],[33.599741,-16.174396],[33.600023,-16.174938],[33.600584,-16.174936],[33.600586,-16.175478],[33.601428,-16.175476],[33.601429,-16.175747],[33.60199,-16.175746],[33.601987,-16.174661],[33.602267,-16.17466],[33.602266,-16.174389],[33.602828,-16.174387],[33.602827,-16.174116],[33.603388,-16.174114],[33.603386,-16.173572],[33.603106,-16.173573],[33.603107,-16.173844],[33.602826,-16.173845],[33.602825,-16.173574],[33.602264,-16.173575],[33.602261,-16.172762],[33.601981,-16.172762],[33.601982,-16.173034],[33.60142,-16.172764],[33.601697,-16.171679],[33.600855,-16.171681],[33.600573,-16.171139],[33.600012,-16.171141],[33.600011,-16.17087],[33.600291,-16.170869],[33.60029,-16.170327],[33.60057,-16.170326],[33.600288,-16.169784],[33.600848,-16.169511],[33.600846,-16.168698],[33.600004,-16.1687],[33.600003,-16.168158],[33.599722,-16.168159],[33.59944,-16.167617],[33.598598,-16.167619],[33.598596,-16.167077],[33.599438,-16.167075],[33.599436,-16.166532],[33.598595,-16.166535],[33.598316,-16.167078],[33.598035,-16.167079],[33.598034,-16.166807],[33.59607,-16.166813],[33.595784,-16.165186],[33.596065,-16.165186],[33.596066,-16.165457],[33.596628,-16.165726],[33.596627,-16.165455],[33.596908,-16.165454],[33.596906,-16.164912],[33.597467,-16.164911],[33.597468,-16.165182],[33.59831,-16.165179],[33.598309,-16.164908],[33.598871,-16.165178],[33.59887,-16.164907],[33.599151,-16.164906],[33.59915,-16.164635],[33.598869,-16.164635],[33.598869,-16.164364],[33.598588,-16.164365],[33.598587,-16.164094],[33.598307,-16.164095],[33.598024,-16.163553],[33.597744,-16.163554],[33.597745,-16.164096],[33.597184,-16.164098],[33.596905,-16.164641],[33.596344,-16.164642],[33.596343,-16.164371],[33.596062,-16.164372],[33.59578,-16.16383],[33.595219,-16.163832],[33.595218,-16.163561],[33.595499,-16.16356],[33.595497,-16.163018],[33.595778,-16.163017],[33.595775,-16.161932],[33.596336,-16.161931],[33.596337,-16.162202],[33.596617,-16.162201],[33.596619,-16.162743],[33.59718,-16.162742],[33.597179,-16.162471],[33.596899,-16.162471],[33.596897,-16.161929],[33.596616,-16.16193],[33.596334,-16.161388],[33.595492,-16.161391],[33.595493,-16.161662],[33.594932,-16.161663],[33.594931,-16.161392],[33.594369,-16.161122],[33.594368,-16.160851],[33.59493,-16.16085],[33.594928,-16.160307],[33.594647,-16.160308],[33.594646,-16.160037],[33.593805,-16.160039],[33.593804,-16.159768],[33.593523,-16.159769],[33.593522,-16.159498],[33.593242,-16.159498],[33.593241,-16.159227],[33.59296,-16.159228],[33.592678,-16.158686],[33.591836,-16.158689],[33.591836,-16.158418],[33.591555,-16.158418],[33.591553,-16.157876],[33.591273,-16.157877],[33.591271,-16.157334],[33.591552,-16.157334],[33.591551,-16.157062],[33.59127,-16.157063],[33.59127,-16.156792],[33.590989,-16.156793],[33.590988,-16.156522],[33.590708,-16.156522],[33.590425,-16.155981],[33.589865,-16.156253],[33.589863,-16.155711],[33.589583,-16.155712],[33.589582,-16.155441],[33.589301,-16.155441],[33.589301,-16.15517],[33.58902,-16.155171],[33.588738,-16.154629],[33.588177,-16.154631],[33.587894,-16.154089],[33.587333,-16.154091],[33.587332,-16.15382],[33.587052,-16.15382],[33.587051,-16.153549],[33.58649,-16.153551],[33.586489,-16.15328],[33.585367,-16.153283],[33.585367,-16.153554],[33.585087,-16.153555],[33.585086,-16.153283],[33.584805,-16.153284],[33.584805,-16.153013],[33.584524,-16.153014],[33.584523,-16.152743],[33.584243,-16.152743],[33.584242,-16.152472],[33.583961,-16.152473],[33.583679,-16.151931],[33.583398,-16.151932],[33.583399,-16.152203],[33.582838,-16.152205],[33.582836,-16.151662],[33.582556,-16.151663],[33.582555,-16.151392],[33.581993,-16.151122],[33.581991,-16.15058],[33.581711,-16.150581],[33.58171,-16.15031],[33.581429,-16.15031],[33.581147,-16.149769],[33.580586,-16.14977],[33.580585,-16.149499],[33.580305,-16.1495],[33.580304,-16.149229],[33.580023,-16.149229],[33.580023,-16.148958],[33.579461,-16.148688],[33.579459,-16.148146],[33.579178,-16.148147],[33.579178,-16.147876],[33.579458,-16.147875],[33.579456,-16.147061],[33.578614,-16.147064],[33.578615,-16.147335],[33.578334,-16.147336],[33.57833,-16.14598],[33.57805,-16.14598],[33.578048,-16.145438],[33.577768,-16.145439],[33.577767,-16.145168],[33.577486,-16.145168],[33.577204,-16.144627],[33.576362,-16.144629],[33.57636,-16.143815],[33.576079,-16.143816],[33.575797,-16.143274],[33.574955,-16.143277],[33.574955,-16.143006],[33.574674,-16.143006],[33.574673,-16.142464],[33.574111,-16.142194],[33.573827,-16.14111],[33.573546,-16.141111],[33.573264,-16.140569],[33.572703,-16.140571],[33.572701,-16.139757],[33.57242,-16.139758],[33.572419,-16.139487],[33.571858,-16.139488],[33.571857,-16.139217],[33.570735,-16.13922]],[[33.571301,-16.140846],[33.572143,-16.140844],[33.572143,-16.141115],[33.572705,-16.141384],[33.572707,-16.141927],[33.572426,-16.141928],[33.572427,-16.142199],[33.572147,-16.1422],[33.572146,-16.141928],[33.571304,-16.141931],[33.571301,-16.140846]],[[33.574397,-16.144363],[33.574678,-16.144362],[33.574679,-16.144633],[33.574398,-16.144634],[33.574397,-16.144363]],[[33.571033,-16.145186],[33.571313,-16.145185],[33.571316,-16.145999],[33.571035,-16.145999],[33.571033,-16.145186]],[[33.576648,-16.146255],[33.576928,-16.146255],[33.576929,-16.146526],[33.576648,-16.146527],[33.576648,-16.146255]],[[33.57721,-16.146525],[33.57749,-16.146524],[33.577491,-16.146795],[33.57721,-16.146796],[33.57721,-16.146525]],[[33.5716,-16.147354],[33.571881,-16.147353],[33.571882,-16.147624],[33.571601,-16.147625],[33.5716,-16.147354]],[[33.571323,-16.14871],[33.571604,-16.14871],[33.571605,-16.148981],[33.571324,-16.148982],[33.571323,-16.14871]],[[33.576935,-16.148695],[33.577497,-16.148965],[33.577218,-16.149508],[33.576938,-16.149509],[33.576935,-16.148695]],[[33.577777,-16.148693],[33.578619,-16.148691],[33.57862,-16.148962],[33.579181,-16.14896],[33.579182,-16.149503],[33.579463,-16.149502],[33.579464,-16.149773],[33.578341,-16.149776],[33.578342,-16.150048],[33.578062,-16.150048],[33.578061,-16.149777],[33.57778,-16.149778],[33.577779,-16.149507],[33.57806,-16.149506],[33.578058,-16.148964],[33.577778,-16.148964],[33.577777,-16.148693]],[[33.579743,-16.14923],[33.580023,-16.149229],[33.580024,-16.149501],[33.579744,-16.149501],[33.579743,-16.14923]],[[33.57666,-16.150594],[33.576941,-16.150594],[33.576942,-16.150865],[33.576661,-16.150866],[33.57666,-16.150594]],[[33.579468,-16.1514],[33.579749,-16.1514],[33.57975,-16.151671],[33.579469,-16.151672],[33.579468,-16.1514]],[[33.581154,-16.151938],[33.582276,-16.151935],[33.582277,-16.152206],[33.581996,-16.152207],[33.581997,-16.152478],[33.581155,-16.152481],[33.581154,-16.151938]],[[33.580033,-16.152484],[33.580594,-16.152482],[33.580878,-16.153566],[33.580597,-16.153567],[33.580596,-16.153296],[33.580034,-16.153026],[33.580033,-16.152484]],[[33.574143,-16.153584],[33.574424,-16.153584],[33.574425,-16.153855],[33.574144,-16.153856],[33.574143,-16.153584]],[[33.580317,-16.153568],[33.580597,-16.153567],[33.580598,-16.153838],[33.580317,-16.153839],[33.580317,-16.153568]],[[33.585649,-16.153824],[33.585929,-16.153824],[33.585932,-16.154637],[33.585651,-16.154638],[33.585372,-16.155181],[33.584811,-16.155183],[33.584809,-16.154369],[33.585089,-16.154368],[33.585088,-16.154097],[33.58565,-16.154096],[33.585649,-16.153824]],[[33.583685,-16.154101],[33.584527,-16.154099],[33.584529,-16.154641],[33.583968,-16.154643],[33.583685,-16.154101]],[[33.586492,-16.154364],[33.586773,-16.154364],[33.586774,-16.154635],[33.586493,-16.154636],[33.586492,-16.154364]],[[33.582565,-16.154646],[33.582845,-16.154646],[33.582846,-16.154917],[33.582565,-16.154918],[33.582565,-16.154646]],[[33.585373,-16.155452],[33.585654,-16.155451],[33.585654,-16.155723],[33.585374,-16.155723],[33.585373,-16.155452]],[[33.582849,-16.156002],[33.58313,-16.156001],[33.583131,-16.156543],[33.582851,-16.156544],[33.582849,-16.156002]],[[33.584813,-16.155996],[33.585094,-16.155995],[33.585095,-16.156267],[33.584814,-16.156267],[33.584813,-16.155996]],[[33.585376,-16.156537],[33.585937,-16.156535],[33.585938,-16.156807],[33.585377,-16.156808],[33.585376,-16.156537]],[[33.587621,-16.156531],[33.588182,-16.156529],[33.588183,-16.1568],[33.587622,-16.156802],[33.587621,-16.156531]],[[33.585096,-16.156809],[33.585377,-16.156808],[33.585378,-16.157079],[33.585097,-16.15708],[33.585096,-16.156809]],[[33.588183,-16.1568],[33.588464,-16.1568],[33.588464,-16.157071],[33.588184,-16.157072],[33.588183,-16.1568]],[[33.583694,-16.157084],[33.584255,-16.157083],[33.584256,-16.157354],[33.583695,-16.157355],[33.583694,-16.157084]],[[33.589588,-16.15761],[33.59015,-16.157609],[33.59015,-16.15788],[33.590992,-16.157878],[33.590996,-16.159233],[33.590435,-16.159235],[33.590434,-16.158964],[33.590154,-16.158965],[33.590152,-16.158422],[33.58959,-16.158153],[33.589588,-16.15761]],[[33.586783,-16.157889],[33.587064,-16.157888],[33.587065,-16.15816],[33.586784,-16.15816],[33.586783,-16.157889]],[[33.575563,-16.159276],[33.575844,-16.159275],[33.575844,-16.159546],[33.575564,-16.159547],[33.575563,-16.159276]],[[33.576124,-16.159274],[33.576405,-16.159273],[33.576406,-16.159545],[33.576125,-16.159545],[33.576124,-16.159274]],[[33.580334,-16.159534],[33.580896,-16.159804],[33.580898,-16.160346],[33.580056,-16.160348],[33.580055,-16.160077],[33.580336,-16.160076],[33.580334,-16.159534]],[[33.587069,-16.159516],[33.587349,-16.159515],[33.58735,-16.159786],[33.587069,-16.159787],[33.587069,-16.159516]],[[33.579493,-16.159807],[33.579774,-16.159807],[33.579774,-16.160078],[33.579494,-16.160079],[33.579493,-16.159807]],[[33.580898,-16.160346],[33.58202,-16.160343],[33.582021,-16.160614],[33.58174,-16.160615],[33.582022,-16.161157],[33.581461,-16.161158],[33.58146,-16.160616],[33.580898,-16.160617],[33.580898,-16.160346]],[[33.580621,-16.161703],[33.580902,-16.161702],[33.580902,-16.161973],[33.580622,-16.161974],[33.580621,-16.161703]],[[33.591845,-16.161672],[33.592126,-16.161671],[33.592127,-16.161942],[33.591846,-16.161943],[33.591845,-16.161672]],[[33.581184,-16.162244],[33.581464,-16.162243],[33.581465,-16.162514],[33.581185,-16.162515],[33.581184,-16.162244]],[[33.592689,-16.162483],[33.593251,-16.162482],[33.593252,-16.162753],[33.593532,-16.162752],[33.593531,-16.162481],[33.593812,-16.16248],[33.593813,-16.162751],[33.594373,-16.162478],[33.594374,-16.16275],[33.594655,-16.162749],[33.594655,-16.16302],[33.594375,-16.163021],[33.594376,-16.163563],[33.594657,-16.163562],[33.594658,-16.163834],[33.594377,-16.163834],[33.594378,-16.164106],[33.594097,-16.164106],[33.594096,-16.163564],[33.593815,-16.163565],[33.593814,-16.163294],[33.592973,-16.163296],[33.592971,-16.162754],[33.59269,-16.162754],[33.592689,-16.162483]],[[33.588762,-16.162765],[33.589042,-16.162764],[33.589043,-16.163036],[33.588763,-16.163036],[33.588762,-16.162765]],[[33.589044,-16.163307],[33.589605,-16.163305],[33.589607,-16.163848],[33.589326,-16.163848],[33.589044,-16.163307]],[[33.592411,-16.163297],[33.592973,-16.163296],[33.592973,-16.163567],[33.592413,-16.16384],[33.592411,-16.163297]],[[33.593817,-16.164107],[33.594097,-16.164106],[33.594098,-16.164378],[33.594659,-16.164376],[33.594942,-16.164918],[33.593819,-16.164921],[33.593817,-16.164107]],[[33.589047,-16.164392],[33.589608,-16.16439],[33.589609,-16.164661],[33.589048,-16.164663],[33.589047,-16.164392]],[[33.589889,-16.164389],[33.590451,-16.164659],[33.590453,-16.165201],[33.589891,-16.165203],[33.589889,-16.164389]],[[33.597746,-16.164367],[33.598027,-16.164367],[33.598028,-16.164638],[33.597747,-16.164639],[33.597746,-16.164367]],[[33.594942,-16.164918],[33.595503,-16.164916],[33.595504,-16.165187],[33.594942,-16.165189],[33.594942,-16.164918]],[[33.590736,-16.166014],[33.591016,-16.166013],[33.591017,-16.166285],[33.590737,-16.166285],[33.590736,-16.166014]],[[33.594666,-16.166546],[33.594947,-16.166545],[33.595229,-16.167086],[33.594387,-16.167089],[33.594666,-16.166546]],[[33.598317,-16.16762],[33.598598,-16.167619],[33.598882,-16.168703],[33.598601,-16.168704],[33.598602,-16.168975],[33.598041,-16.168977],[33.598041,-16.169248],[33.597481,-16.169521],[33.597479,-16.168978],[33.597199,-16.168979],[33.597197,-16.168437],[33.596917,-16.168438],[33.596916,-16.168166],[33.598038,-16.168163],[33.598317,-16.16762]],[[33.599442,-16.168431],[33.599723,-16.16843],[33.599724,-16.168701],[33.599443,-16.168702],[33.599442,-16.168431]],[[33.594954,-16.168986],[33.595234,-16.168985],[33.595236,-16.169527],[33.595517,-16.169526],[33.595518,-16.170069],[33.595799,-16.170068],[33.595801,-16.17061],[33.596081,-16.17061],[33.596083,-16.171152],[33.596363,-16.171151],[33.596366,-16.171965],[33.595805,-16.171966],[33.595802,-16.171153],[33.595522,-16.171153],[33.59552,-16.170611],[33.595239,-16.170612],[33.595239,-16.170341],[33.594958,-16.170341],[33.594957,-16.17007],[33.594395,-16.169801],[33.594394,-16.169529],[33.594675,-16.169529],[33.594954,-16.168986]],[[33.599446,-16.169786],[33.599727,-16.169786],[33.599728,-16.170057],[33.599447,-16.170058],[33.599446,-16.169786]],[[33.593275,-16.170617],[33.594117,-16.170615],[33.594681,-16.171698],[33.593839,-16.171701],[33.593275,-16.170617]],[[33.599168,-16.170601],[33.599449,-16.1706],[33.599449,-16.170871],[33.599169,-16.170872],[33.599168,-16.170601]],[[33.596926,-16.171692],[33.597488,-16.17169],[33.59749,-16.172504],[33.596648,-16.172506],[33.596647,-16.172235],[33.596928,-16.172234],[33.596926,-16.171692]],[[33.599735,-16.172498],[33.600016,-16.172497],[33.600016,-16.172768],[33.599736,-16.172769],[33.599735,-16.172498]],[[33.601424,-16.17412],[33.601704,-16.174119],[33.601705,-16.17439],[33.601424,-16.174391],[33.601424,-16.17412]]]}},{"type":"Feature","properties":{"ano":2000,"camada":"urbano","area_km2":0.0018},"geometry":{"type":"Polygon","coordinates":[[[33.571122,-16.176102],[33.571123,-16.176644],[33.571404,-16.176644],[33.571402,-16.176101],[33.571122,-16.176102]]]}},{"type":"Feature","properties":{"ano":2000,"camada":"urbano","area_km2":0.0027},"geometry":{"type":"Polygon","coordinates":[[[33.533518,-16.176471],[33.533519,-16.177013],[33.534081,-16.177012],[33.53408,-16.17674],[33.533518,-16.176471]]]}},{"type":"Feature","properties":{"ano":2000,"camada":"urbano","area_km2":0.0009},"geometry":{"type":"Polygon","coordinates":[[[33.570281,-16.176647],[33.570282,-16.176918],[33.570563,-16.176917],[33.570562,-16.176646],[33.570281,-16.176647]]]}},{"type":"Feature","properties":{"ano":2000,"camada":"urbano","area_km2":0.0009},"geometry":{"type":"Polygon","coordinates":[[[33.571404,-16.176644],[33.571404,-16.176915],[33.571685,-16.176914],[33.571684,-16.176643],[33.571404,-16.176644]]]}},{"type":"Feature","properties":{"ano":2000,"camada":"urbano","area_km2":0.0009},"geometry":{"type":"Polygon","coordinates":[[[33.570563,-16.176917],[33.570563,-16.177188],[33.570844,-16.177187],[33.570843,-16.176916],[33.570563,-16.176917]]]}},{"type":"Feature","properties":{"ano":2000,"camada":"urbano","area_km2":0.0018},"geometry":{"type":"Polygon","coordinates":[[[33.577019,-16.177442],[33.577019,-16.177713],[33.577581,-16.177712],[33.57758,-16.17744],[33.577019,-16.177442]]]}},{"type":"Feature","properties":{"ano":2000,"camada":"urbano","area_km2":0.0081},"geometry":{"type":"Polygon","coordinates":[[[33.570845,-16.177459],[33.571127,-16.178],[33.57225,-16.178268],[33.572249,-16.177726],[33.571687,-16.177728],[33.571687,-16.177456],[33.570845,-16.177459]]]}},{"type":"Feature","properties":{"ano":2000,"camada":"urbano","area_km2":0.0009},"geometry":{"type":"Polygon","coordinates":[[[33.566639,-16.178826],[33.56664,-16.179097],[33.566921,-16.179096],[33.56692,-16.178825],[33.566639,-16.178826]]]}},{"type":"Feature","properties":{"ano":2000,"camada":"urbano","area_km2":0.0009},"geometry":{"type":"Polygon","coordinates":[[[33.574499,-16.179618],[33.5745,-16.17989],[33.574781,-16.179889],[33.57478,-16.179618],[33.574499,-16.179618]]]}},{"type":"Feature","properties":{"ano":2000,"camada":"urbano","area_km2":0.0018},"geometry":{"type":"Polygon","coordinates":[[[33.531563,-16.180001],[33.531564,-16.180272],[33.532125,-16.180271],[33.532124,-16.18],[33.531563,-16.180001]]]}},{"type":"Feature","properties":{"ano":2000,"camada":"urbano","area_km2":0.0009},"geometry":{"type":"Polygon","coordinates":[[[33.578149,-16.180151],[33.57815,-16.180422],[33.578431,-16.180421],[33.57843,-16.18015],[33.578149,-16.180151]]]}},{"type":"Feature","properties":{"ano":2000,"camada":"urbano","area_km2":0.0027},"geometry":{"type":"Polygon","coordinates":[[[33.532126,-16.180542],[33.532126,-16.180813],[33.531846,-16.180814],[33.531846,-16.181085],[33.532408,-16.181084],[33.532406,-16.180541],[33.532126,-16.180542]]]}},{"type":"Feature","properties":{"ano":2000,"camada":"urbano","area_km2":0.0045},"geometry":{"type":"Polygon","coordinates":[[[33.578712,-16.180692],[33.578714,-16.181234],[33.579275,-16.181233],[33.579274,-16.180961],[33.579555,-16.180961],[33.579554,-16.180689],[33.578712,-16.180692]]]}},{"type":"Feature","properties":{"ano":2000,"camada":"urbano","area_km2":1.6065},"geometry":{"type":"Polygon","coordinates":[[[33.570803,-16.162814],[33.570804,-16.163085],[33.570242,-16.163087],[33.569965,-16.164172],[33.569404,-16.164445],[33.569405,-16.164716],[33.569686,-16.164715],[33.569687,-16.165258],[33.569968,-16.165257],[33.569969,-16.165528],[33.569688,-16.165529],[33.56969,-16.166343],[33.569971,-16.166342],[33.569972,-16.166613],[33.569691,-16.166614],[33.569693,-16.167156],[33.569973,-16.167155],[33.569974,-16.167427],[33.570536,-16.167696],[33.570538,-16.168239],[33.57166,-16.168236],[33.571659,-16.167965],[33.57194,-16.167964],[33.571941,-16.168235],[33.572502,-16.168233],[33.572503,-16.168505],[33.573064,-16.168503],[33.573065,-16.168774],[33.573626,-16.168773],[33.573627,-16.169044],[33.574469,-16.169042],[33.574468,-16.168771],[33.575029,-16.168769],[33.57503,-16.16904],[33.575311,-16.169039],[33.575311,-16.169311],[33.575592,-16.16931],[33.575593,-16.169581],[33.576155,-16.169851],[33.576156,-16.170393],[33.576437,-16.170392],[33.576439,-16.170935],[33.576158,-16.170936],[33.576157,-16.170664],[33.575315,-16.170667],[33.575316,-16.170938],[33.575878,-16.171208],[33.57588,-16.17175],[33.577283,-16.171746],[33.577286,-16.172831],[33.577567,-16.17283],[33.577567,-16.173101],[33.578129,-16.1731],[33.578127,-16.172557],[33.578688,-16.172556],[33.578409,-16.173099],[33.57869,-16.173098],[33.578691,-16.173369],[33.579252,-16.173368],[33.579253,-16.17391],[33.578973,-16.173911],[33.578974,-16.174182],[33.579254,-16.174182],[33.579257,-16.174995],[33.578695,-16.174997],[33.578694,-16.174454],[33.578413,-16.174455],[33.578412,-16.174184],[33.576729,-16.174188],[33.576729,-16.17446],[33.576449,-16.17446],[33.57645,-16.174732],[33.575889,-16.175004],[33.575887,-16.174191],[33.575606,-16.174191],[33.575605,-16.17392],[33.576166,-16.173648],[33.576164,-16.173105],[33.575322,-16.173107],[33.575322,-16.172836],[33.57476,-16.172838],[33.57476,-16.172567],[33.574479,-16.172567],[33.574478,-16.172296],[33.573917,-16.172298],[33.573916,-16.172026],[33.573635,-16.172027],[33.573637,-16.17257],[33.572795,-16.172572],[33.572796,-16.172843],[33.571673,-16.172846],[33.571673,-16.172575],[33.56999,-16.172851],[33.569708,-16.172309],[33.569146,-16.17231],[33.568867,-16.172854],[33.569428,-16.172852],[33.569429,-16.173123],[33.569149,-16.173124],[33.569149,-16.173395],[33.56943,-16.173394],[33.569432,-16.173937],[33.569151,-16.173938],[33.569153,-16.174751],[33.569434,-16.17475],[33.569435,-16.175022],[33.568873,-16.175023],[33.568872,-16.174481],[33.56831,-16.174211],[33.568312,-16.175025],[33.568593,-16.175024],[33.568314,-16.175567],[33.568594,-16.175566],[33.568595,-16.175837],[33.569437,-16.175835],[33.569435,-16.175293],[33.569997,-16.175291],[33.569996,-16.17502],[33.570277,-16.175019],[33.570277,-16.175291],[33.570558,-16.17529],[33.57084,-16.175831],[33.571401,-16.17583],[33.571401,-16.175559],[33.571681,-16.175558],[33.571683,-16.1761],[33.572245,-16.17637],[33.572244,-16.176099],[33.572525,-16.176098],[33.572522,-16.175013],[33.572241,-16.175014],[33.57252,-16.174471],[33.573081,-16.174469],[33.573083,-16.175012],[33.573644,-16.17501],[33.573923,-16.174467],[33.575045,-16.174193],[33.57505,-16.17582],[33.573926,-16.175552],[33.573929,-16.176366],[33.573648,-16.176366],[33.57365,-16.17718],[33.573931,-16.177179],[33.573932,-16.17745],[33.574774,-16.177448],[33.574773,-16.177177],[33.575333,-16.176904],[33.575332,-16.176362],[33.575051,-16.176362],[33.57505,-16.176091],[33.575612,-16.17609],[33.575612,-16.176361],[33.575893,-16.17636],[33.576175,-16.176902],[33.576736,-16.1769],[33.576736,-16.176629],[33.576174,-16.176359],[33.576171,-16.175546],[33.576452,-16.175545],[33.576453,-16.175816],[33.576733,-16.175816],[33.576734,-16.176087],[33.577015,-16.176086],[33.577297,-16.176628],[33.577858,-16.176626],[33.578142,-16.17771],[33.577581,-16.177712],[33.577582,-16.177983],[33.577862,-16.177982],[33.577863,-16.178253],[33.578144,-16.178252],[33.578145,-16.178795],[33.578707,-16.179065],[33.578708,-16.179336],[33.578427,-16.179337],[33.578429,-16.179879],[33.579271,-16.179877],[33.579272,-16.180148],[33.579552,-16.180147],[33.579554,-16.180689],[33.580676,-16.180415],[33.580673,-16.179602],[33.581234,-16.1796],[33.581235,-16.179871],[33.581797,-16.180141],[33.5818,-16.180954],[33.58208,-16.180954],[33.582079,-16.180411],[33.583201,-16.180408],[33.583201,-16.180137],[33.583481,-16.180136],[33.583484,-16.18095],[33.584325,-16.180948],[33.584608,-16.181489],[33.585169,-16.181488],[33.585168,-16.181216],[33.585449,-16.181216],[33.585731,-16.181757],[33.586292,-16.181756],[33.586291,-16.181485],[33.587133,-16.181482],[33.587132,-16.18094],[33.587693,-16.180938],[33.587694,-16.181209],[33.588536,-16.181207],[33.588535,-16.180936],[33.589096,-16.180934],[33.589095,-16.180392],[33.589656,-16.18039],[33.589655,-16.180119],[33.589374,-16.18012],[33.589374,-16.179849],[33.589093,-16.17985],[33.589092,-16.179578],[33.588812,-16.179579],[33.588529,-16.179038],[33.587687,-16.17904],[33.587687,-16.178769],[33.587406,-16.17877],[33.587405,-16.178498],[33.587686,-16.178498],[33.587684,-16.177955],[33.588245,-16.177954],[33.588246,-16.178225],[33.58993,-16.17822],[33.589929,-16.177949],[33.590771,-16.177947],[33.590772,-16.178218],[33.591333,-16.178216],[33.591334,-16.178487],[33.591895,-16.178486],[33.591894,-16.178215],[33.592175,-16.178214],[33.592174,-16.177672],[33.591893,-16.177672],[33.591892,-16.177401],[33.591331,-16.177403],[33.59133,-16.177131],[33.589927,-16.177135],[33.589926,-16.176864],[33.588241,-16.176598],[33.587959,-16.176056],[33.587117,-16.176058],[33.587116,-16.175516],[33.586274,-16.175518],[33.585992,-16.174977],[33.584589,-16.174981],[33.584588,-16.174709],[33.584307,-16.17471],[33.584025,-16.174168],[33.583464,-16.17417],[33.583463,-16.173899],[33.583182,-16.1739],[33.583181,-16.173628],[33.582619,-16.173359],[33.582618,-16.172816],[33.582337,-16.172817],[33.582338,-16.173088],[33.582057,-16.173089],[33.582058,-16.17336],[33.581777,-16.173361],[33.581776,-16.172819],[33.582057,-16.172818],[33.582056,-16.172547],[33.581775,-16.172547],[33.581774,-16.172276],[33.581494,-16.172277],[33.581493,-16.172006],[33.581212,-16.172007],[33.581211,-16.171735],[33.580931,-16.171736],[33.58093,-16.171465],[33.580649,-16.171466],[33.580649,-16.171195],[33.580368,-16.171195],[33.580367,-16.170924],[33.580087,-16.170925],[33.580086,-16.170654],[33.579805,-16.170654],[33.579804,-16.170383],[33.579242,-16.170114],[33.579241,-16.169571],[33.578679,-16.169302],[33.578677,-16.168759],[33.578397,-16.16876],[33.578396,-16.168489],[33.577835,-16.16849],[33.577832,-16.167677],[33.577552,-16.167677],[33.577269,-16.167136],[33.576708,-16.167137],[33.576707,-16.166866],[33.576427,-16.166867],[33.576426,-16.166596],[33.576145,-16.166596],[33.575863,-16.166055],[33.575302,-16.166056],[33.575301,-16.165785],[33.575021,-16.165786],[33.57502,-16.165515],[33.574739,-16.165515],[33.574457,-16.164974],[33.573896,-16.164975],[33.573895,-16.164704],[33.572773,-16.164978],[33.572772,-16.164707],[33.572492,-16.164708],[33.57249,-16.164166],[33.572771,-16.164165],[33.57277,-16.163894],[33.571928,-16.163896],[33.571927,-16.163353],[33.571646,-16.163354],[33.571364,-16.162813],[33.570803,-16.162814]],[[33.571931,-16.164981],[33.572212,-16.16498],[33.572213,-16.165251],[33.571932,-16.165252],[33.571931,-16.164981]],[[33.578398,-16.169302],[33.578679,-16.169302],[33.57868,-16.169573],[33.578399,-16.169574],[33.578398,-16.169302]],[[33.577279,-16.17039],[33.577559,-16.170389],[33.57756,-16.170661],[33.57728,-16.170661],[33.577279,-16.17039]],[[33.57756,-16.170661],[33.578121,-16.170659],[33.578122,-16.17093],[33.577561,-16.170932],[33.57756,-16.170661]],[[33.576719,-16.170934],[33.577,-16.170933],[33.577001,-16.171204],[33.57672,-16.171205],[33.576719,-16.170934]],[[33.577845,-16.172016],[33.578125,-16.172015],[33.578127,-16.172557],[33.577846,-16.172558],[33.577845,-16.172016]],[[33.573637,-16.17257],[33.573918,-16.172569],[33.573918,-16.17284],[33.573638,-16.172841],[33.573637,-16.17257]],[[33.56971,-16.173123],[33.570271,-16.173121],[33.570272,-16.173392],[33.569711,-16.173394],[33.56971,-16.173123]],[[33.579813,-16.173366],[33.580094,-16.173366],[33.580095,-16.173637],[33.579814,-16.173638],[33.579813,-16.173366]],[[33.580936,-16.173363],[33.581777,-16.173361],[33.581778,-16.173632],[33.580936,-16.173635],[33.580936,-16.173363]],[[33.569711,-16.173665],[33.569992,-16.173664],[33.569993,-16.173935],[33.570554,-16.173934],[33.570556,-16.174476],[33.569994,-16.174478],[33.569994,-16.174207],[33.569713,-16.174207],[33.569711,-16.173665]],[[33.582621,-16.173901],[33.582902,-16.1739],[33.582902,-16.174172],[33.582622,-16.174172],[33.582621,-16.173901]],[[33.569714,-16.174478],[33.569994,-16.174478],[33.569995,-16.174749],[33.569714,-16.17475],[33.569714,-16.174478]],[[33.577291,-16.174458],[33.577571,-16.174457],[33.577572,-16.174728],[33.577291,-16.174729],[33.577291,-16.174458]],[[33.57673,-16.174731],[33.577011,-16.17473],[33.577012,-16.175001],[33.576731,-16.175002],[33.57673,-16.174731]],[[33.577853,-16.174728],[33.578133,-16.174727],[33.578134,-16.174998],[33.577853,-16.174999],[33.577853,-16.174728]],[[33.577292,-16.175],[33.577573,-16.175],[33.577574,-16.175271],[33.577293,-16.175272],[33.577292,-16.175]],[[33.57982,-16.175807],[33.580101,-16.175806],[33.580102,-16.176078],[33.579821,-16.176078],[33.57982,-16.175807]],[[33.57421,-16.176636],[33.574491,-16.176635],[33.574491,-16.176906],[33.574211,-16.176907],[33.57421,-16.176636]],[[33.574491,-16.176906],[33.574772,-16.176906],[33.574773,-16.177177],[33.574492,-16.177178],[33.574491,-16.176906]],[[33.588245,-16.177682],[33.588525,-16.177682],[33.588526,-16.177953],[33.588245,-16.177954],[33.588245,-16.177682]],[[33.580668,-16.177974],[33.580949,-16.177974],[33.58095,-16.178245],[33.581511,-16.178243],[33.581512,-16.178515],[33.582073,-16.178513],[33.582072,-16.178242],[33.582914,-16.178239],[33.582914,-16.177968],[33.583475,-16.177967],[33.583476,-16.178238],[33.583756,-16.178237],[33.583758,-16.17878],[33.582635,-16.178783],[33.582356,-16.179326],[33.581795,-16.179327],[33.581794,-16.179056],[33.581234,-16.179329],[33.581233,-16.179058],[33.580952,-16.179058],[33.580951,-16.178516],[33.58067,-16.178517],[33.580668,-16.177974]],[[33.578985,-16.17825],[33.579266,-16.178249],[33.579548,-16.178791],[33.578987,-16.178793],[33.578985,-16.17825]],[[33.579827,-16.178248],[33.580108,-16.178247],[33.580109,-16.178518],[33.579828,-16.178519],[33.579827,-16.178248]],[[33.580391,-16.17906],[33.580672,-16.179059],[33.580673,-16.179602],[33.579831,-16.179604],[33.579831,-16.179333],[33.580392,-16.179331],[33.580391,-16.17906]],[[33.581796,-16.179599],[33.582357,-16.179597],[33.582358,-16.179868],[33.581797,-16.17987],[33.581796,-16.179599]],[[33.582358,-16.179868],[33.582638,-16.179867],[33.582639,-16.180139],[33.582359,-16.180139],[33.582358,-16.179868]],[[33.588533,-16.180122],[33.588813,-16.180122],[33.588814,-16.180393],[33.588533,-16.180394],[33.588533,-16.180122]],[[33.584604,-16.180404],[33.584885,-16.180404],[33.584886,-16.180675],[33.584605,-16.180676],[33.584604,-16.180404]]]}},{"type":"Feature","properties":{"ano":2000,"camada":"urbano","area_km2":0.0009},"geometry":{"type":"Polygon","coordinates":[[[33.595833,-16.181458],[33.595834,-16.181729],[33.596115,-16.181728],[33.596114,-16.181457],[33.595833,-16.181458]]]}},{"type":"Feature","properties":{"ano":2000,"camada":"urbano","area_km2":0.0153},"geometry":{"type":"Polygon","coordinates":[[[33.589376,-16.180662],[33.589377,-16.180934],[33.589096,-16.180934],[33.589099,-16.181748],[33.589379,-16.181747],[33.589662,-16.182289],[33.590223,-16.182287],[33.590222,-16.182016],[33.590503,-16.182015],[33.590501,-16.181473],[33.589659,-16.181475],[33.589938,-16.180932],[33.589376,-16.180662]]]}},{"type":"Feature","properties":{"ano":2000,"camada":"urbano","area_km2":0.0009},"geometry":{"type":"Polygon","coordinates":[[[33.526799,-16.182725],[33.5268,-16.182996],[33.527081,-16.182995],[33.52708,-16.182724],[33.526799,-16.182725]]]}},{"type":"Feature","properties":{"ano":2000,"camada":"urbano","area_km2":0.0036},"geometry":{"type":"Polygon","coordinates":[[[33.571982,-16.182608],[33.571984,-16.183151],[33.572545,-16.183149],[33.572543,-16.182607],[33.571982,-16.182608]]]}},{"type":"Feature","properties":{"ano":2000,"camada":"urbano","area_km2":0.0009},"geometry":{"type":"Polygon","coordinates":[[[33.527081,-16.182995],[33.527081,-16.183267],[33.527362,-16.183266],[33.527361,-16.182995],[33.527081,-16.182995]]]}},{"type":"Feature","properties":{"ano":2000,"camada":"urbano","area_km2":0.1026},"geometry":{"type":"Polygon","coordinates":[[[33.592744,-16.180653],[33.592465,-16.181196],[33.592184,-16.181197],[33.592183,-16.180926],[33.591061,-16.180929],[33.591061,-16.1812],[33.590781,-16.181201],[33.590784,-16.182286],[33.591065,-16.182285],[33.591066,-16.182827],[33.591347,-16.182827],[33.591348,-16.183098],[33.591908,-16.182825],[33.591909,-16.183096],[33.592751,-16.183094],[33.592752,-16.183365],[33.594155,-16.183361],[33.594153,-16.182819],[33.594715,-16.182817],[33.594714,-16.182546],[33.595274,-16.182273],[33.595272,-16.18146],[33.594991,-16.18146],[33.59499,-16.181189],[33.593868,-16.181192],[33.593867,-16.180921],[33.593025,-16.180923],[33.593024,-16.180652],[33.592744,-16.180653]]]}},{"type":"Feature","properties":{"ano":2000,"camada":"urbano","area_km2":0.0009},"geometry":{"type":"Polygon","coordinates":[[[33.564688,-16.183441],[33.564689,-16.183713],[33.564969,-16.183712],[33.564969,-16.183441],[33.564688,-16.183441]]]}},{"type":"Feature","properties":{"ano":2000,"camada":"urbano","area_km2":0.0162},"geometry":{"type":"Polygon","coordinates":[[[33.60061,-16.183343],[33.60061,-16.183614],[33.600049,-16.183616],[33.600051,-16.184158],[33.600331,-16.184157],[33.600332,-16.184429],[33.601174,-16.184426],[33.601175,-16.184697],[33.601736,-16.184696],[33.601734,-16.183882],[33.601173,-16.183884],[33.601172,-16.183613],[33.60061,-16.183343]]]}},{"type":"Feature","properties":{"ano":2000,"camada":"urbano","area_km2":0.0045},"geometry":{"type":"Polygon","coordinates":[[[33.565251,-16.184253],[33.565534,-16.184795],[33.566095,-16.184794],[33.566093,-16.184251],[33.565251,-16.184253]]]}},{"type":"Feature","properties":{"ano":2000,"camada":"urbano","area_km2":0.0072},"geometry":{"type":"Polygon","coordinates":[[[33.571146,-16.184509],[33.571148,-16.185322],[33.571709,-16.185321],[33.571709,-16.18505],[33.571989,-16.185049],[33.571988,-16.184507],[33.571146,-16.184509]]]}},{"type":"Feature","properties":{"ano":2000,"camada":"urbano","area_km2":0.0027},"geometry":{"type":"Polygon","coordinates":[[[33.57283,-16.184776],[33.572832,-16.185318],[33.573393,-16.185316],[33.573392,-16.185045],[33.57283,-16.184776]]]}},{"type":"Feature","properties":{"ano":2000,"camada":"urbano","area_km2":0.0036},"geometry":{"type":"Polygon","coordinates":[[[33.570305,-16.185054],[33.570307,-16.185596],[33.570868,-16.185594],[33.570867,-16.185052],[33.570305,-16.185054]]]}},{"type":"Feature","properties":{"ano":2000,"camada":"urbano","area_km2":0.0171},"geometry":{"type":"Polygon","coordinates":[[[33.5863,-16.184468],[33.586301,-16.184739],[33.585459,-16.184741],[33.585461,-16.185284],[33.585741,-16.185283],[33.586024,-16.185824],[33.586866,-16.185822],[33.586862,-16.184466],[33.5863,-16.184468]]]}},{"type":"Feature","properties":{"ano":2000,"camada":"urbano","area_km2":0.0081},"geometry":{"type":"Polygon","coordinates":[[[33.599492,-16.184973],[33.599213,-16.185516],[33.599494,-16.185516],[33.599494,-16.185787],[33.600336,-16.185784],[33.600335,-16.185242],[33.600054,-16.185243],[33.600053,-16.184972],[33.599492,-16.184973]]]}},{"type":"Feature","properties":{"ano":2000,"camada":"urbano","area_km2":0.0009},"geometry":{"type":"Polygon","coordinates":[[[33.530456,-16.185699],[33.530456,-16.18597],[33.530737,-16.18597],[33.530736,-16.185698],[33.530456,-16.185699]]]}},{"type":"Feature","properties":{"ano":2000,"camada":"urbano","area_km2":0.0036},"geometry":{"type":"Polygon","coordinates":[[[33.513336,-16.185741],[33.513337,-16.186012],[33.513056,-16.186013],[33.513057,-16.186284],[33.513618,-16.186283],[33.513618,-16.186012],[33.513898,-16.186011],[33.513897,-16.18574],[33.513336,-16.185741]]]}},{"type":"Feature","properties":{"ano":2000,"camada":"urbano","area_km2":0.0027},"geometry":{"type":"Polygon","coordinates":[[[33.512496,-16.186285],[33.512497,-16.186828],[33.512778,-16.186827],[33.513057,-16.186284],[33.512496,-16.186285]]]}},{"type":"Feature","properties":{"ano":2000,"camada":"urbano","area_km2":0.0045},"geometry":{"type":"Polygon","coordinates":[[[33.58855,-16.186089],[33.588551,-16.18636],[33.58827,-16.186361],[33.588272,-16.186903],[33.588833,-16.186901],[33.588831,-16.186088],[33.58855,-16.186089]]]}},{"type":"Feature","properties":{"ano":2000,"camada":"urbano","area_km2":0.09},"geometry":{"type":"Polygon","coordinates":[[[33.589382,-16.182561],[33.589382,-16.182832],[33.589102,-16.182833],[33.589104,-16.183646],[33.588824,-16.183647],[33.588824,-16.183918],[33.588544,-16.183919],[33.588542,-16.183377],[33.587981,-16.183378],[33.587982,-16.183649],[33.587421,-16.183922],[33.587422,-16.184193],[33.587984,-16.184463],[33.587986,-16.185005],[33.588266,-16.185005],[33.588267,-16.185276],[33.587706,-16.185277],[33.587708,-16.186091],[33.58855,-16.186089],[33.588549,-16.185546],[33.58911,-16.185545],[33.589108,-16.185002],[33.589389,-16.185002],[33.589391,-16.185544],[33.590232,-16.185542],[33.590233,-16.185813],[33.590795,-16.185811],[33.590517,-16.186897],[33.590798,-16.186896],[33.590799,-16.187167],[33.591641,-16.187165],[33.591638,-16.186351],[33.591077,-16.186353],[33.591076,-16.186082],[33.591357,-16.186081],[33.591355,-16.185538],[33.591074,-16.185539],[33.591074,-16.185268],[33.590512,-16.18527],[33.590511,-16.184998],[33.589949,-16.184729],[33.589949,-16.184458],[33.590791,-16.184455],[33.590789,-16.183913],[33.590508,-16.183914],[33.590507,-16.183642],[33.589946,-16.183644],[33.589944,-16.18283],[33.589382,-16.182561]],[[33.588545,-16.18419],[33.588825,-16.18419],[33.588826,-16.184461],[33.588545,-16.184461],[33.588545,-16.18419]]]}},{"type":"Feature","properties":{"ano":2000,"camada":"urbano","area_km2":0.0009},"geometry":{"type":"Polygon","coordinates":[[[33.586027,-16.186909],[33.586028,-16.18718],[33.586308,-16.18718],[33.586307,-16.186908],[33.586027,-16.186909]]]}},{"type":"Feature","properties":{"ano":2000,"camada":"urbano","area_km2":0.018},"geometry":{"type":"Polygon","coordinates":[[[33.587428,-16.186092],[33.587429,-16.186634],[33.587149,-16.186635],[33.587149,-16.186906],[33.586589,-16.187179],[33.586593,-16.188535],[33.586874,-16.188534],[33.586873,-16.188263],[33.587715,-16.188261],[33.587714,-16.187989],[33.587153,-16.187991],[33.587151,-16.187448],[33.587432,-16.187448],[33.587431,-16.187177],[33.587712,-16.187176],[33.58771,-16.186633],[33.587991,-16.186633],[33.58799,-16.186361],[33.587428,-16.186092]]]}},{"type":"Feature","properties":{"ano":2000,"camada":"urbano","area_km2":0.0126},"geometry":{"type":"Polygon","coordinates":[[[33.57003,-16.186953],[33.570031,-16.187224],[33.56975,-16.187225],[33.569752,-16.187767],[33.569191,-16.187769],[33.569191,-16.18804],[33.568911,-16.18804],[33.569193,-16.188582],[33.569474,-16.188581],[33.569473,-16.18831],[33.569753,-16.188309],[33.569753,-16.188038],[33.570033,-16.188037],[33.570032,-16.187766],[33.570593,-16.187494],[33.570591,-16.186951],[33.57003,-16.186953]]]}},{"type":"Feature","properties":{"ano":2000,"camada":"urbano","area_km2":0.0009},"geometry":{"type":"Polygon","coordinates":[[[33.579015,-16.188284],[33.579015,-16.188556],[33.579296,-16.188555],[33.579295,-16.188284],[33.579015,-16.188284]]]}},{"type":"Feature","properties":{"ano":2000,"camada":"urbano","area_km2":0.0045},"geometry":{"type":"Polygon","coordinates":[[[33.579857,-16.188282],[33.579857,-16.188553],[33.579296,-16.188555],[33.579297,-16.188826],[33.58042,-16.188823],[33.580419,-16.188552],[33.579857,-16.188282]]]}},{"type":"Feature","properties":{"ano":2000,"camada":"urbano","area_km2":0.0009},"geometry":{"type":"Polygon","coordinates":[[[33.577613,-16.188831],[33.577614,-16.189102],[33.577894,-16.189101],[33.577894,-16.18883],[33.577613,-16.188831]]]}},{"type":"Feature","properties":{"ano":2000,"camada":"urbano","area_km2":0.0009},"geometry":{"type":"Polygon","coordinates":[[[33.593329,-16.188787],[33.59333,-16.189059],[33.593611,-16.189058],[33.59361,-16.188787],[33.593329,-16.188787]]]}},{"type":"Feature","properties":{"ano":2000,"camada":"urbano","area_km2":0.0081},"geometry":{"type":"Polygon","coordinates":[[[33.630092,-16.188139],[33.630376,-16.189223],[33.630938,-16.189493],[33.630936,-16.188679],[33.630655,-16.18868],[33.630653,-16.188138],[33.630092,-16.188139]]]}},{"type":"Feature","properties":{"ano":2000,"camada":"urbano","area_km2":0.0072},"geometry":{"type":"Polygon","coordinates":[[[33.57621,-16.188834],[33.576211,-16.189106],[33.575649,-16.189107],[33.575651,-16.189649],[33.575932,-16.189649],[33.575932,-16.18992],[33.576493,-16.189647],[33.57649,-16.188834],[33.57621,-16.188834]]]}},{"type":"Feature","properties":{"ano":2000,"camada":"urbano","area_km2":0.0009},"geometry":{"type":"Polygon","coordinates":[[[33.590245,-16.189609],[33.590245,-16.189881],[33.590526,-16.18988],[33.590525,-16.189609],[33.590245,-16.189609]]]}},{"type":"Feature","properties":{"ano":2000,"camada":"urbano","area_km2":0.0045},"geometry":{"type":"Polygon","coordinates":[[[33.593893,-16.189599],[33.593895,-16.190413],[33.594457,-16.190411],[33.594455,-16.189869],[33.593893,-16.189599]]]}},{"type":"Feature","properties":{"ano":2000,"camada":"urbano","area_km2":0.0009},"geometry":{"type":"Polygon","coordinates":[[[33.581546,-16.190176],[33.581547,-16.190447],[33.581828,-16.190446],[33.581827,-16.190175],[33.581546,-16.190176]]]}},{"type":"Feature","properties":{"ano":2000,"camada":"urbano","area_km2":0.0297},"geometry":{"type":"Polygon","coordinates":[[[33.627286,-16.188147],[33.62701,-16.189775],[33.627291,-16.189775],[33.627292,-16.190046],[33.627852,-16.189773],[33.627854,-16.190315],[33.627293,-16.190588],[33.627295,-16.191131],[33.628137,-16.191128],[33.628139,-16.19167],[33.6287,-16.191669],[33.628979,-16.191126],[33.628698,-16.191126],[33.628697,-16.190855],[33.627855,-16.190858],[33.627855,-16.190587],[33.628415,-16.190314],[33.628413,-16.189771],[33.628133,-16.189772],[33.628132,-16.189501],[33.62757,-16.189231],[33.627847,-16.188146],[33.627286,-16.188147]]]}},{"type":"Feature","properties":{"ano":2000,"camada":"urbano","area_km2":0.0009},"geometry":{"type":"Polygon","coordinates":[[[33.62898,-16.191397],[33.628981,-16.191668],[33.629261,-16.191667],[33.62926,-16.191396],[33.62898,-16.191397]]]}},{"type":"Feature","properties":{"ano":2000,"camada":"urbano","area_km2":0.0135},"geometry":{"type":"Polygon","coordinates":[[[33.629539,-16.190853],[33.629542,-16.191666],[33.629261,-16.191667],[33.629262,-16.191938],[33.629823,-16.191937],[33.629823,-16.191665],[33.630103,-16.191665],[33.630104,-16.191936],[33.630946,-16.191933],[33.630944,-16.191391],[33.630383,-16.191393],[33.630101,-16.190851],[33.629539,-16.190853]]]}},{"type":"Feature","properties":{"ano":2000,"camada":"urbano","area_km2":0.0054},"geometry":{"type":"Polygon","coordinates":[[[33.596145,-16.191763],[33.596146,-16.192305],[33.596708,-16.192575],[33.596987,-16.192031],[33.596707,-16.192032],[33.596706,-16.191761],[33.596145,-16.191763]]]}},{"type":"Feature","properties":{"ano":2000,"camada":"urbano","area_km2":0.0063},"geometry":{"type":"Polygon","coordinates":[[[33.583518,-16.192611],[33.583802,-16.193695],[33.584363,-16.193694],[33.584361,-16.193151],[33.584081,-16.193152],[33.58408,-16.192881],[33.583518,-16.192611]]]}},{"type":"Feature","properties":{"ano":2000,"camada":"urbano","area_km2":0.0072},"geometry":{"type":"Polygon","coordinates":[[[33.58829,-16.192869],[33.588292,-16.193683],[33.589134,-16.19368],[33.589133,-16.193409],[33.589414,-16.193409],[33.589413,-16.193137],[33.588571,-16.19314],[33.58857,-16.192868],[33.58829,-16.192869]]]}},{"type":"Feature","properties":{"ano":2000,"camada":"urbano","area_km2":0.0306},"geometry":{"type":"Polygon","coordinates":[[[33.585757,-16.190435],[33.585764,-16.192876],[33.586044,-16.192875],[33.586045,-16.193147],[33.585765,-16.193147],[33.585767,-16.193961],[33.586609,-16.193959],[33.586607,-16.193416],[33.586327,-16.193417],[33.586324,-16.192332],[33.586884,-16.19206],[33.586882,-16.191517],[33.586602,-16.191518],[33.586318,-16.190434],[33.585757,-16.190435]]]}},{"type":"Feature","properties":{"ano":2000,"camada":"urbano","area_km2":0.0018},"geometry":{"type":"Polygon","coordinates":[[[33.598957,-16.193653],[33.598958,-16.193924],[33.599519,-16.193923],[33.599518,-16.193651],[33.598957,-16.193653]]]}},{"type":"Feature","properties":{"ano":2000,"camada":"urbano","area_km2":0.0027},"geometry":{"type":"Polygon","coordinates":[[[33.586332,-16.195044],[33.586333,-16.195587],[33.586614,-16.195586],[33.586893,-16.195043],[33.586332,-16.195044]]]}},{"type":"Feature","properties":{"ano":2000,"camada":"urbano","area_km2":0.0153},"geometry":{"type":"Polygon","coordinates":[[[33.58156,-16.194786],[33.581281,-16.195329],[33.581561,-16.195329],[33.581843,-16.19587],[33.582405,-16.195869],[33.582406,-16.19614],[33.582686,-16.196139],[33.582685,-16.195868],[33.582966,-16.195867],[33.582965,-16.195596],[33.582685,-16.195597],[33.582684,-16.195325],[33.582964,-16.195325],[33.582963,-16.194782],[33.582682,-16.194783],[33.582683,-16.195054],[33.58156,-16.194786]],[[33.581842,-16.195328],[33.582122,-16.195327],[33.582123,-16.195598],[33.581843,-16.195599],[33.581842,-16.195328]]]}},{"type":"Feature","properties":{"ano":2000,"camada":"urbano","area_km2":0.0306},"geometry":{"type":"Polygon","coordinates":[[[33.583806,-16.195051],[33.583806,-16.195322],[33.583245,-16.195324],[33.582968,-16.196409],[33.583528,-16.196137],[33.58353,-16.196679],[33.58381,-16.196678],[33.583813,-16.197492],[33.584375,-16.197762],[33.584654,-16.197218],[33.584373,-16.197219],[33.584091,-16.196678],[33.584372,-16.196677],[33.584651,-16.196134],[33.585213,-16.196403],[33.585492,-16.19586],[33.585211,-16.195861],[33.58521,-16.19559],[33.58493,-16.19559],[33.584931,-16.195862],[33.584089,-16.195864],[33.584368,-16.195321],[33.583806,-16.195051]]]}},{"type":"Feature","properties":{"ano":2000,"camada":"urbano","area_km2":0.0036},"geometry":{"type":"Polygon","coordinates":[[[33.586064,-16.199655],[33.586065,-16.199926],[33.586346,-16.199926],[33.586348,-16.200468],[33.586628,-16.200467],[33.586626,-16.199654],[33.586064,-16.199655]]]}},{"type":"Feature","properties":{"ano":2000,"camada":"urbano","area_km2":0.0045},"geometry":{"type":"Polygon","coordinates":[[[33.588031,-16.200192],[33.588032,-16.200463],[33.587751,-16.200464],[33.587752,-16.201007],[33.588314,-16.201005],[33.588311,-16.200191],[33.588031,-16.200192]]]}},{"type":"Feature","properties":{"ano":2000,"camada":"urbano","area_km2":0.0018},"geometry":{"type":"Polygon","coordinates":[[[33.58607,-16.201554],[33.586072,-16.202096],[33.586352,-16.202095],[33.586351,-16.201553],[33.58607,-16.201554]]]}},{"type":"Feature","properties":{"ano":2000,"camada":"urbano","area_km2":0.0234},"geometry":{"type":"Polygon","coordinates":[[[33.585224,-16.2002],[33.585226,-16.201014],[33.584946,-16.201014],[33.584948,-16.201828],[33.584668,-16.201829],[33.584669,-16.202371],[33.584388,-16.202372],[33.584389,-16.202643],[33.584951,-16.202641],[33.58495,-16.20237],[33.58551,-16.202098],[33.585228,-16.201556],[33.58607,-16.201554],[33.586068,-16.201011],[33.586349,-16.20101],[33.586348,-16.200468],[33.586067,-16.200469],[33.586066,-16.200198],[33.585785,-16.200198],[33.585786,-16.20047],[33.585224,-16.2002]]]}},{"type":"Feature","properties":{"ano":2000,"camada":"urbano","area_km2":0.0054},"geometry":{"type":"Polygon","coordinates":[[[33.588598,-16.202089],[33.5886,-16.202903],[33.589162,-16.203172],[33.58916,-16.202359],[33.588598,-16.202089]]]}},{"type":"Feature","properties":{"ano":2000,"camada":"urbano","area_km2":0.0018},"geometry":{"type":"Polygon","coordinates":[[[33.589736,-16.207239],[33.589737,-16.207781],[33.590018,-16.20778],[33.590016,-16.207238],[33.589736,-16.207239]]]}},{"type":"Feature","properties":{"ano":2000,"camada":"urbano","area_km2":0.0063},"geometry":{"type":"Polygon","coordinates":[[[33.585527,-16.207793],[33.58553,-16.208877],[33.585811,-16.208877],[33.58581,-16.208605],[33.586091,-16.208605],[33.586089,-16.207791],[33.585527,-16.207793]]]}},{"type":"Feature","properties":{"ano":2000,"camada":"urbano","area_km2":0.0018},"geometry":{"type":"Polygon","coordinates":[[[33.579679,-16.223538],[33.57968,-16.223809],[33.580241,-16.223808],[33.58024,-16.223536],[33.579679,-16.223538]]]}},{"type":"Feature","properties":{"ano":2000,"camada":"urbano","area_km2":0.0135},"geometry":{"type":"Polygon","coordinates":[[[33.578845,-16.226252],[33.578846,-16.226523],[33.578285,-16.226796],[33.578287,-16.22761],[33.578007,-16.22761],[33.578289,-16.228152],[33.57857,-16.228151],[33.578569,-16.22788],[33.57885,-16.227879],[33.578848,-16.227337],[33.579129,-16.227336],[33.579126,-16.226251],[33.578845,-16.226252]]]}},{"type":"Feature","properties":{"ano":2000,"camada":"urbano","area_km2":0.0009},"geometry":{"type":"Polygon","coordinates":[[[33.576886,-16.228427],[33.576887,-16.228698],[33.577168,-16.228698],[33.577167,-16.228426],[33.576886,-16.228427]]]}},{"type":"Feature","properties":{"ano":2000,"camada":"urbano","area_km2":0.0054},"geometry":{"type":"Polygon","coordinates":[[[33.577728,-16.228425],[33.577449,-16.228968],[33.57773,-16.228967],[33.577731,-16.229238],[33.578292,-16.229237],[33.578291,-16.228694],[33.577728,-16.228425]]]}},{"type":"Feature","properties":{"ano":2000,"camada":"urbano","area_km2":0.0045},"geometry":{"type":"Polygon","coordinates":[[[33.59683,-16.232982],[33.596832,-16.233525],[33.597393,-16.233523],[33.597392,-16.233252],[33.597673,-16.233251],[33.597672,-16.23298],[33.59683,-16.232982]]]}},{"type":"Feature","properties":{"ano":2000,"camada":"urbano","area_km2":0.0009},"geometry":{"type":"Polygon","coordinates":[[[33.647722,-16.258596],[33.647723,-16.258867],[33.648004,-16.258866],[33.648003,-16.258595],[33.647722,-16.258596]]]}},{"type":"Feature","properties":{"ano":2000,"camada":"urbano","area_km2":0.0009},"geometry":{"type":"Polygon","coordinates":[[[33.703596,-16.260316],[33.703597,-16.260587],[33.703878,-16.260586],[33.703877,-16.260315],[33.703596,-16.260316]]]}},{"type":"Feature","properties":{"ano":2000,"camada":"urbano","area_km2":0.0018},"geometry":{"type":"Polygon","coordinates":[[[33.60933,-16.281219],[33.609332,-16.281761],[33.609612,-16.281761],[33.609611,-16.281218],[33.60933,-16.281219]]]}},{"type":"Feature","properties":{"ano":2000,"camada":"urbano","area_km2":0.018},"geometry":{"type":"Polygon","coordinates":[[[33.713213,-16.280081],[33.713216,-16.280894],[33.712655,-16.281167],[33.712657,-16.28171],[33.712938,-16.281709],[33.712939,-16.28198],[33.714062,-16.281976],[33.71406,-16.281434],[33.713779,-16.281435],[33.713776,-16.280621],[33.713496,-16.280622],[33.713775,-16.280079],[33.713213,-16.280081]],[[33.713216,-16.280894],[33.713497,-16.280893],[33.713498,-16.281165],[33.713217,-16.281166],[33.713216,-16.280894]]]}},{"type":"Feature","properties":{"ano":2000,"camada":"urbano","area_km2":0.0009},"geometry":{"type":"Polygon","coordinates":[[[33.676181,-16.28888],[33.676182,-16.289152],[33.676463,-16.289151],[33.676462,-16.28888],[33.676181,-16.28888]]]}},{"type":"Feature","properties":{"ano":2000,"camada":"urbano","area_km2":0.0027},"geometry":{"type":"Polygon","coordinates":[[[33.503513,-16.295871],[33.503514,-16.296142],[33.503233,-16.296143],[33.503234,-16.296414],[33.503795,-16.296412],[33.503794,-16.29587],[33.503513,-16.295871]]]}},{"type":"Feature","properties":{"ano":2000,"camada":"urbano","area_km2":0.0018},"geometry":{"type":"Polygon","coordinates":[[[33.538907,-16.300665],[33.538908,-16.300936],[33.53947,-16.300935],[33.539469,-16.300663],[33.538907,-16.300665]]]}},{"type":"Feature","properties":{"ano":2000,"camada":"urbano","area_km2":0.0009},"geometry":{"type":"Polygon","coordinates":[[[33.740249,-16.301954],[33.74025,-16.302225],[33.740531,-16.302224],[33.74053,-16.301953],[33.740249,-16.301954]]]}},{"type":"Feature","properties":{"ano":2000,"camada":"urbano","area_km2":0.0009},"geometry":{"type":"Polygon","coordinates":[[[33.73969,-16.302498],[33.739691,-16.302769],[33.739971,-16.302769],[33.73997,-16.302497],[33.73969,-16.302498]]]}},{"type":"Feature","properties":{"ano":2000,"camada":"urbano","area_km2":0.0027},"geometry":{"type":"Polygon","coordinates":[[[33.743383,-16.313875],[33.743384,-16.314146],[33.743947,-16.314416],[33.743945,-16.313873],[33.743383,-16.313875]]]}}]}