{
"type": "FeatureCollection",
"name": "adensamento_2020_2025",
"crs": { "type": "name", "properties": { "name": "urn:ogc:def:crs:EPSG::32736" } },
"features": [
{ "type": "Feature", "properties": { "classe_codigo": 4, "classe": "expansao_nova", "f_2020": 0.0, "f_2025": 0.078125, "S1": 0.192148, "S2": -0.001995, "S3": -0.052647, "concordancia": 1, "fracao_industrial": 0.0, "anel": "periurbano_1_3km", "dist_borda_urbano_2025_m": 90.0, "unidade": "moatize_vila", "area_km2": 0.1152 }, "geometry": { "type": "Polygon", "coordinates": [ [ [ 581002.242421298637055, 8230760.283040727488697 ], [ 581002.242421298637055, 8230280.283040727488697 ], [ 581242.242421298637055, 8230280.283040727488697 ], [ 581242.242421298637055, 8230760.283040727488697 ], [ 581002.242421298637055, 8230760.283040727488697 ] ] ] } },
{ "type": "Feature", "properties": { "classe_codigo": 4, "classe": "expansao_nova", "f_2020": 0.0, "f_2025": 0.03125, "S1": 0.056811, "S2": -0.001995, "S3": -0.052647, "concordancia": 1, "fracao_industrial": 0.0, "anel": "periurbano_0_1km", "dist_borda_urbano_2025_m": 67.08, "unidade": "moatize_vila", "area_km2": 0.0576 }, "geometry": { "type": "Polygon", "coordinates": [ [ [ 581242.242421298637055, 8228360.283040727488697 ], [ 581242.242421298637055, 8228120.283040727488697 ], [ 581482.242421298637055, 8228120.283040727488697 ], [ 581482.242421298637055, 8228360.283040727488697 ], [ 581242.242421298637055, 8228360.283040727488697 ] ] ] } },
{ "type": "Feature", "properties": { "classe_codigo": 2, "classe": "esparso_estavel", "f_2020": 0.03125, "f_2025": 0.03125, "S1": -0.100238, "S2": -0.017917, "S3": 0.523428, "concordancia": 1, "fracao_industrial": 0.0, "anel": "periurbano_0_1km", "dist_borda_urbano_2025_m": 94.87, "unidade": "tete", "area_km2": 0.0576 }, "geometry": { "type": "Polygon", "coordinates": [ [ [ 563962.242421298637055, 8227880.283040727488697 ], [ 563962.242421298637055, 8227640.283040727488697 ], [ 564202.242421298637055, 8227640.283040727488697 ], [ 564202.242421298637055, 8227880.283040727488697 ], [ 563962.242421298637055, 8227880.283040727488697 ] ] ] } },
{ "type": "Feature", "properties": { "classe_codigo": 2, "classe": "esparso_estavel", "f_2020": 0.03125, "f_2025": 0.0625, "S1": -0.000595, "S2": -0.001995, "S3": -0.209697, "concordancia": 0, "fracao_industrial": 0.0, "anel": "periurbano_0_1km", "dist_borda_urbano_2025_m": 42.43, "unidade": "moatize_vila", "area_km2": 0.0576 }, "geometry": { "type": "Polygon", "coordinates": [ [ [ 580282.242421298637055, 8227880.283040727488697 ], [ 580282.242421298637055, 8227640.283040727488697 ], [ 580522.242421298637055, 8227640.283040727488697 ], [ 580522.242421298637055, 8227880.283040727488697 ], [ 580282.242421298637055, 8227880.283040727488697 ] ] ] } },
{ "type": "Feature", "properties": { "classe_codigo": 4, "classe": "expansao_nova", "f_2020": 0.0, "f_2025": 0.03125, "S1": 0.056811, "S2": -0.001995, "S3": -0.052647, "concordancia": 1, "fracao_industrial": 0.0, "anel": "periurbano_0_1km", "dist_borda_urbano_2025_m": 108.17, "unidade": "moatize_vila", "area_km2": 0.0576 }, "geometry": { "type": "Polygon", "coordinates": [ [ [ 580282.242421298637055, 8227640.283040727488697 ], [ 580282.242421298637055, 8227400.283040727488697 ], [ 580522.242421298637055, 8227400.283040727488697 ], [ 580522.242421298637055, 8227640.283040727488697 ], [ 580282.242421298637055, 8227640.283040727488697 ] ] ] } },
{ "type": "Feature", "properties": { "classe_codigo": 2, "classe": "esparso_estavel", "f_2020": 0.03125, "f_2025": 0.03125, "S1": -0.100238, "S2": 0.080967, "S3": -0.209697, "concordancia": 1, "fracao_industrial": 0.0, "anel": "periurbano_0_1km", "dist_borda_urbano_2025_m": 134.16, "unidade": "tete", "area_km2": 0.0576 }, "geometry": { "type": "Polygon", "coordinates": [ [ [ 563242.242421298637055, 8227160.283040727488697 ], [ 563242.242421298637055, 8226920.283040727488697 ], [ 563482.242421298637055, 8226920.283040727488697 ], [ 563482.242421298637055, 8227160.283040727488697 ], [ 563242.242421298637055, 8227160.283040727488697 ] ] ] } },
{ "type": "Feature", "properties": { "classe_codigo": 4, "classe": "expansao_nova", "f_2020": 0.0, "f_2025": 0.0625, "S1": 0.156454, "S2": -0.000322, "S3": 0.398333, "concordancia": 2, "fracao_industrial": 0.0, "anel": "externo", "dist_borda_urbano_2025_m": 30.0, "unidade": "moatize_vila", "area_km2": 0.0576 }, "geometry": { "type": "Polygon", "coordinates": [ [ [ 570202.242421298637055, 8226440.283040727488697 ], [ 570202.242421298637055, 8226200.283040727488697 ], [ 570442.242421298637055, 8226200.283040727488697 ], [ 570442.242421298637055, 8226440.283040727488697 ], [ 570202.242421298637055, 8226440.283040727488697 ] ] ] } },
{ "type": "Feature", "properties": { "classe_codigo": 4, "classe": "expansao_nova", "f_2020": 0.0, "f_2025": 0.09375, "S1": 0.222189, "S2": -0.001995, "S3": -0.052647, "concordancia": 1, "fracao_industrial": 0.0, "anel": "periurbano_1_3km", "dist_borda_urbano_2025_m": 30.0, "unidade": "moatize_vila", "area_km2": 0.1152 }, "geometry": { "type": "Polygon", "coordinates": [ [ [ 579802.242421298637055, 8226440.283040727488697 ], [ 579802.242421298637055, 8225960.283040727488697 ], [ 580042.242421298637055, 8225960.283040727488697 ], [ 580042.242421298637055, 8226440.283040727488697 ], [ 579802.242421298637055, 8226440.283040727488697 ] ] ] } },
{ "type": "Feature", "properties": { "classe_codigo": 4, "classe": "expansao_nova", "f_2020": 0.0, "f_2025": 0.03125, "S1": 0.056811, "S2": 0.004559, "S3": 0.359465, "concordancia": 3, "fracao_industrial": 0.0, "anel": "periurbano_1_3km", "dist_borda_urbano_2025_m": 134.16, "unidade": "tete", "area_km2": 0.1152 }, "geometry": { "type": "Polygon", "coordinates": [ [ [ 565162.242421298637055, 8225960.283040727488697 ], [ 565162.242421298637055, 8225480.283040727488697 ], [ 565402.242421298637055, 8225480.283040727488697 ], [ 565402.242421298637055, 8225960.283040727488697 ], [ 565162.242421298637055, 8225960.283040727488697 ] ] ] } },
{ "type": "Feature", "properties": { "classe_codigo": 4, "classe": "expansao_nova", "f_2020": 0.0, "f_2025": 0.03125, "S1": 0.056811, "S2": 0.086404, "S3": -0.052647, "concordancia": 2, "fracao_industrial": 0.0, "anel": "periurbano_0_1km", "dist_borda_urbano_2025_m": 120.0, "unidade": "tete", "area_km2": 0.0576 }, "geometry": { "type": "Polygon", "coordinates": [ [ [ 565642.242421298637055, 8225240.283040727488697 ], [ 565642.242421298637055, 8225000.283040727488697 ], [ 565882.242421298637055, 8225000.283040727488697 ], [ 565882.242421298637055, 8225240.283040727488697 ], [ 565642.242421298637055, 8225240.283040727488697 ] ] ] } },
{ "type": "Feature", "properties": { "classe_codigo": 2, "classe": "esparso_estavel", "f_2020": 0.046875, "f_2025": 0.046875, "S1": -0.088638, "S2": -0.001995, "S3": -0.255503, "concordancia": 0, "fracao_industrial": 0.0, "anel": "periurbano_0_1km", "dist_borda_urbano_2025_m": 84.85, "unidade": "moatize_vila", "area_km2": 0.0576 }, "geometry": { "type": "Polygon", "coordinates": [ [ [ 576922.242421298637055, 8225000.283040727488697 ], [ 576922.242421298637055, 8224760.283040727488697 ], [ 577162.242421298637055, 8224760.283040727488697 ], [ 577162.242421298637055, 8225000.283040727488697 ], [ 576922.242421298637055, 8225000.283040727488697 ] ] ] } },
{ "type": "Feature", "properties": { "classe_codigo": 4, "classe": "expansao_nova", "f_2020": 0.015625, "f_2025": 0.078125, "S1": 0.101725, "S2": -0.001995, "S3": -0.14307, "concordancia": 1, "fracao_industrial": 0.0, "anel": "periurbano_0_1km", "dist_borda_urbano_2025_m": 30.0, "unidade": "moatize_vila", "area_km2": 0.0576 }, "geometry": { "type": "Polygon", "coordinates": [ [ [ 577162.242421298637055, 8225000.283040727488697 ], [ 577162.242421298637055, 8224760.283040727488697 ], [ 577402.242421298637055, 8224760.283040727488697 ], [ 577402.242421298637055, 8225000.283040727488697 ], [ 577162.242421298637055, 8225000.283040727488697 ] ] ] } },
{ "type": "Feature", "properties": { "classe_codigo": 2, "classe": "esparso_estavel", "f_2020": 0.03125, "f_2025": 0.03125, "S1": -0.100238, "S2": -0.002987, "S3": 0.575138, "concordancia": 1, "fracao_industrial": 0.0, "anel": "periurbano_0_1km", "dist_borda_urbano_2025_m": 60.0, "unidade": "tete", "area_km2": 0.1152 }, "geometry": { "type": "Polygon", "coordinates": [ [ [ 565882.242421298637055, 8224760.283040727488697 ], [ 565882.242421298637055, 8224520.283040727488697 ], [ 566362.242421298637055, 8224520.283040727488697 ], [ 566362.242421298637055, 8224760.283040727488697 ], [ 565882.242421298637055, 8224760.283040727488697 ] ] ] } },
{ "type": "Feature", "properties": { "classe_codigo": 2, "classe": "esparso_estavel", "f_2020": 0.0625, "f_2025": 0.0625, "S1": -0.076443, "S2": -0.001995, "S3": -0.285544, "concordancia": 0, "fracao_industrial": 0.0, "anel": "periurbano_0_1km", "dist_borda_urbano_2025_m": 60.0, "unidade": "moatize_vila", "area_km2": 0.0576 }, "geometry": { "type": "Polygon", "coordinates": [ [ [ 577162.242421298637055, 8224760.283040727488697 ], [ 577162.242421298637055, 8224520.283040727488697 ], [ 577402.242421298637055, 8224520.283040727488697 ], [ 577402.242421298637055, 8224760.283040727488697 ], [ 577162.242421298637055, 8224760.283040727488697 ] ] ] } },
{ "type": "Feature", "properties": { "classe_codigo": 4, "classe": "expansao_nova", "f_2020": 0.0, "f_2025": 0.0625, "S1": 0.156454, "S2": -0.001995, "S3": -0.052647, "concordancia": 1, "fracao_industrial": 0.0, "anel": "periurbano_0_1km", "dist_borda_urbano_2025_m": 30.0, "unidade": "moatize_vila", "area_km2": 0.1152 }, "geometry": { "type": "Polygon", "coordinates": [ [ [ 576442.242421298637055, 8224760.283040727488697 ], [ 576442.242421298637055, 8224280.283040727488697 ], [ 576682.242421298637055, 8224280.283040727488697 ], [ 576682.242421298637055, 8224760.283040727488697 ], [ 576442.242421298637055, 8224760.283040727488697 ] ] ] } },
{ "type": "Feature", "properties": { "classe_codigo": 2, "classe": "esparso_estavel", "f_2020": 0.0625, "f_2025": 0.078125, "S1": -0.04075, "S2": -0.001995, "S3": -0.285544, "concordancia": 0, "fracao_industrial": 0.0, "anel": "periurbano_0_1km", "dist_borda_urbano_2025_m": 108.17, "unidade": "moatize_vila", "area_km2": 0.1152 }, "geometry": { "type": "Polygon", "coordinates": [ [ [ 576682.242421298637055, 8224760.283040727488697 ], [ 576682.242421298637055, 8224280.283040727488697 ], [ 576922.242421298637055, 8224280.283040727488697 ], [ 576922.242421298637055, 8224760.283040727488697 ], [ 576682.242421298637055, 8224760.283040727488697 ] ] ] } },
{ "type": "Feature", "properties": { "classe_codigo": 4, "classe": "expansao_nova", "f_2020": 0.0, "f_2025": 0.03125, "S1": 0.056811, "S2": -0.001995, "S3": 0.409786, "concordancia": 2, "fracao_industrial": 0.0, "anel": "periurbano_0_1km", "dist_borda_urbano_2025_m": 60.0, "unidade": "moatize_vila", "area_km2": 0.0576 }, "geometry": { "type": "Polygon", "coordinates": [ [ [ 576682.242421298637055, 8224040.283040727488697 ], [ 576682.242421298637055, 8223800.283040727488697 ], [ 576922.242421298637055, 8223800.283040727488697 ], [ 576922.242421298637055, 8224040.283040727488697 ], [ 576682.242421298637055, 8224040.283040727488697 ] ] ] } },
{ "type": "Feature", "properties": { "classe_codigo": 2, "classe": "esparso_estavel", "f_2020": 0.046875, "f_2025": 0.046875, "S1": -0.088638, "S2": -0.001995, "S3": -0.110266, "concordancia": 0, "fracao_industrial": 0.0, "anel": "periurbano_0_1km", "dist_borda_urbano_2025_m": 94.87, "unidade": "moatize_vila", "area_km2": 0.0576 }, "geometry": { "type": "Polygon", "coordinates": [ [ [ 576202.242421298637055, 8223560.283040727488697 ], [ 576202.242421298637055, 8223320.283040727488697 ], [ 576442.242421298637055, 8223320.283040727488697 ], [ 576442.242421298637055, 8223560.283040727488697 ], [ 576202.242421298637055, 8223560.283040727488697 ] ] ] } },
{ "type": "Feature", "properties": { "classe_codigo": 4, "classe": "expansao_nova", "f_2020": 0.0, "f_2025": 0.078125, "S1": 0.192148, "S2": -0.001995, "S3": -0.052647, "concordancia": 1, "fracao_industrial": 0.0, "anel": "periurbano_0_1km", "dist_borda_urbano_2025_m": 84.85, "unidade": "moatize_vila", "area_km2": 0.1728 }, "geometry": { "type": "Polygon", "coordinates": [ [ [ 576442.242421298637055, 8223560.283040727488697 ], [ 576442.242421298637055, 8223320.283040727488697 ], [ 576202.242421298637055, 8223320.283040727488697 ], [ 576202.242421298637055, 8223080.283040727488697 ], [ 576682.242421298637055, 8223080.283040727488697 ], [ 576682.242421298637055, 8223560.283040727488697 ], [ 576442.242421298637055, 8223560.283040727488697 ] ] ] } },
{ "type": "Feature", "properties": { "classe_codigo": 2, "classe": "esparso_estavel", "f_2020": 0.203125, "f_2025": 0.203125, "S1": -0.045509, "S2": -0.006434, "S3": 0.157019, "concordancia": 0, "fracao_industrial": 0.0, "anel": "periurbano_0_1km", "dist_borda_urbano_2025_m": 60.0, "unidade": "cateme", "area_km2": 0.1152 }, "geometry": { "type": "Polygon", "coordinates": [ [ [ 604522.242421298637055, 8222840.283040727488697 ], [ 604522.242421298637055, 8222360.283040727488697 ], [ 604762.242421298637055, 8222360.283040727488697 ], [ 604762.242421298637055, 8222840.283040727488697 ], [ 604522.242421298637055, 8222840.283040727488697 ] ] ] } },
{ "type": "Feature", "properties": { "classe_codigo": 2, "classe": "esparso_estavel", "f_2020": 0.03125, "f_2025": 0.03125, "S1": -0.100238, "S2": -0.001995, "S3": -0.209697, "concordancia": 0, "fracao_industrial": 0.0, "anel": "periurbano_0_1km", "dist_borda_urbano_2025_m": 42.43, "unidade": "moatize_vila", "area_km2": 0.0576 }, "geometry": { "type": "Polygon", "coordinates": [ [ [ 576202.242421298637055, 8222600.283040727488697 ], [ 576202.242421298637055, 8222360.283040727488697 ], [ 576442.242421298637055, 8222360.283040727488697 ], [ 576442.242421298637055, 8222600.283040727488697 ], [ 576202.242421298637055, 8222600.283040727488697 ] ] ] } },
{ "type": "Feature", "properties": { "classe_codigo": 2, "classe": "esparso_estavel", "f_2020": 0.125, "f_2025": 0.125, "S1": -0.061273, "S2": -0.007721, "S3": 0.272753, "concordancia": 0, "fracao_industrial": 0.0, "anel": "periurbano_0_1km", "dist_borda_urbano_2025_m": 60.0, "unidade": "tete", "area_km2": 0.0576 }, "geometry": { "type": "Polygon", "coordinates": [ [ [ 565882.242421298637055, 8222360.283040727488697 ], [ 565882.242421298637055, 8222120.283040727488697 ], [ 566122.242421298637055, 8222120.283040727488697 ], [ 566122.242421298637055, 8222360.283040727488697 ], [ 565882.242421298637055, 8222360.283040727488697 ] ] ] } },
{ "type": "Feature", "properties": { "classe_codigo": 3, "classe": "adensando", "f_2020": 0.03125, "f_2025": 0.03125, "S1": -0.100238, "S2": 0.003153, "S3": 0.526205, "concordancia": 2, "fracao_industrial": 0.0, "anel": "periurbano_0_1km", "dist_borda_urbano_2025_m": 120.0, "unidade": "cateme", "area_km2": 0.0576 }, "geometry": { "type": "Polygon", "coordinates": [ [ [ 603802.242421298637055, 8222120.283040727488697 ], [ 603802.242421298637055, 8221880.283040727488697 ], [ 604042.242421298637055, 8221880.283040727488697 ], [ 604042.242421298637055, 8222120.283040727488697 ], [ 603802.242421298637055, 8222120.283040727488697 ] ] ] } },
{ "type": "Feature", "properties": { "classe_codigo": 2, "classe": "esparso_estavel", "f_2020": 0.03125, "f_2025": 0.03125, "S1": -0.100238, "S2": -0.008054, "S3": 0.408558, "concordancia": 1, "fracao_industrial": 0.0, "anel": "periurbano_0_1km", "dist_borda_urbano_2025_m": 42.43, "unidade": "cateme", "area_km2": 0.0576 }, "geometry": { "type": "Polygon", "coordinates": [ [ [ 605482.242421298637055, 8221880.283040727488697 ], [ 605482.242421298637055, 8221640.283040727488697 ], [ 605722.242421298637055, 8221640.283040727488697 ], [ 605722.242421298637055, 8221880.283040727488697 ], [ 605482.242421298637055, 8221880.283040727488697 ] ] ] } },
{ "type": "Feature", "properties": { "classe_codigo": 4, "classe": "expansao_nova", "f_2020": 0.015625, "f_2025": 0.078125, "S1": 0.101725, "S2": -0.005423, "S3": 0.488199, "concordancia": 2, "fracao_industrial": 0.0, "anel": "periurbano_0_1km", "dist_borda_urbano_2025_m": 740.95, "unidade": "cateme", "area_km2": 0.0576 }, "geometry": { "type": "Polygon", "coordinates": [ [ [ 604762.242421298637055, 8221640.283040727488697 ], [ 604762.242421298637055, 8221400.283040727488697 ], [ 605002.242421298637055, 8221400.283040727488697 ], [ 605002.242421298637055, 8221640.283040727488697 ], [ 604762.242421298637055, 8221640.283040727488697 ] ] ] } },
{ "type": "Feature", "properties": { "classe_codigo": 2, "classe": "esparso_estavel", "f_2020": 0.046875, "f_2025": 0.046875, "S1": -0.088638, "S2": -0.001995, "S3": 0.050241, "concordancia": 0, "fracao_industrial": 0.0, "anel": "periurbano_0_1km", "dist_borda_urbano_2025_m": 60.0, "unidade": "cateme", "area_km2": 0.0576 }, "geometry": { "type": "Polygon", "coordinates": [ [ [ 597802.242421298637055, 8221400.283040727488697 ], [ 597802.242421298637055, 8221160.283040727488697 ], [ 598042.242421298637055, 8221160.283040727488697 ], [ 598042.242421298637055, 8221400.283040727488697 ], [ 597802.242421298637055, 8221400.283040727488697 ] ] ] } },
{ "type": "Feature", "properties": { "classe_codigo": 3, "classe": "adensando", "f_2020": 0.0625, "f_2025": 0.140625, "S1": 0.048186, "S2": -0.005044, "S3": 0.378346, "concordancia": 2, "fracao_industrial": 0.0, "anel": "periurbano_0_1km", "dist_borda_urbano_2025_m": 342.05, "unidade": "cateme", "area_km2": 0.0576 }, "geometry": { "type": "Polygon", "coordinates": [ [ [ 603322.242421298637055, 8221400.283040727488697 ], [ 603322.242421298637055, 8221160.283040727488697 ], [ 603562.242421298637055, 8221160.283040727488697 ], [ 603562.242421298637055, 8221400.283040727488697 ], [ 603322.242421298637055, 8221400.283040727488697 ] ] ] } },
{ "type": "Feature", "properties": { "classe_codigo": 3, "classe": "adensando", "f_2020": 0.0625, "f_2025": 0.03125, "S1": -0.176086, "S2": 0.001494, "S3": 0.374529, "concordancia": 2, "fracao_industrial": 0.0, "anel": "periurbano_0_1km", "dist_borda_urbano_2025_m": 874.64, "unidade": "cateme", "area_km2": 0.1152 }, "geometry": { "type": "Polygon", "coordinates": [ [ [ 604762.242421298637055, 8221160.283040727488697 ], [ 604762.242421298637055, 8220920.283040727488697 ], [ 605242.242421298637055, 8220920.283040727488697 ], [ 605242.242421298637055, 8221160.283040727488697 ], [ 604762.242421298637055, 8221160.283040727488697 ] ] ] } },
{ "type": "Feature", "properties": { "classe_codigo": 4, "classe": "expansao_nova", "f_2020": 0.0, "f_2025": 0.0625, "S1": 0.156454, "S2": -0.015916, "S3": -0.052647, "concordancia": 1, "fracao_industrial": 0.0, "anel": "periurbano_0_1km", "dist_borda_urbano_2025_m": 30.0, "unidade": "moatize_vila", "area_km2": 0.0576 }, "geometry": { "type": "Polygon", "coordinates": [ [ [ 574282.242421298637055, 8220920.283040727488697 ], [ 574282.242421298637055, 8220680.283040727488697 ], [ 574522.242421298637055, 8220680.283040727488697 ], [ 574522.242421298637055, 8220920.283040727488697 ], [ 574282.242421298637055, 8220920.283040727488697 ] ] ] } },
{ "type": "Feature", "properties": { "classe_codigo": 4, "classe": "expansao_nova", "f_2020": 0.0, "f_2025": 0.03125, "S1": 0.056811, "S2": 0.002698, "S3": 0.739475, "concordancia": 3, "fracao_industrial": 0.0, "anel": "periurbano_1_3km", "dist_borda_urbano_2025_m": 60.0, "unidade": "moatize_vila", "area_km2": 0.0576 }, "geometry": { "type": "Polygon", "coordinates": [ [ [ 583882.242421298637055, 8220920.283040727488697 ], [ 583882.242421298637055, 8220680.283040727488697 ], [ 584122.242421298637055, 8220680.283040727488697 ], [ 584122.242421298637055, 8220920.283040727488697 ], [ 583882.242421298637055, 8220920.283040727488697 ] ] ] } },
{ "type": "Feature", "properties": { "classe_codigo": 4, "classe": "expansao_nova", "f_2020": 0.015625, "f_2025": 0.046875, "S1": 0.023795, "S2": 0.005509, "S3": 0.492363, "concordancia": 3, "fracao_industrial": 0.0, "anel": "periurbano_1_3km", "dist_borda_urbano_2025_m": 1087.47, "unidade": "cateme", "area_km2": 0.1152 }, "geometry": { "type": "Polygon", "coordinates": [ [ [ 604762.242421298637055, 8220920.283040727488697 ], [ 604762.242421298637055, 8220680.283040727488697 ], [ 605242.242421298637055, 8220680.283040727488697 ], [ 605242.242421298637055, 8220920.283040727488697 ], [ 604762.242421298637055, 8220920.283040727488697 ] ] ] } },
{ "type": "Feature", "properties": { "classe_codigo": 3, "classe": "adensando", "f_2020": 0.0625, "f_2025": 0.25, "S1": 0.146044, "S2": 0.003723, "S3": 0.142184, "concordancia": 2, "fracao_industrial": 0.0, "anel": "periurbano_1_3km", "dist_borda_urbano_2025_m": 1242.01, "unidade": "cateme", "area_km2": 0.1152 }, "geometry": { "type": "Polygon", "coordinates": [ [ [ 604282.242421298637055, 8220920.283040727488697 ], [ 604282.242421298637055, 8220440.283040727488697 ], [ 604522.242421298637055, 8220440.283040727488697 ], [ 604522.242421298637055, 8220920.283040727488697 ], [ 604282.242421298637055, 8220920.283040727488697 ] ] ] } },
{ "type": "Feature", "properties": { "classe_codigo": 2, "classe": "esparso_estavel", "f_2020": 0.09375, "f_2025": 0.09375, "S1": -0.065437, "S2": -0.001287, "S3": -0.340274, "concordancia": 0, "fracao_industrial": 0.0, "anel": "periurbano_0_1km", "dist_borda_urbano_2025_m": 94.87, "unidade": "tete", "area_km2": 0.1152 }, "geometry": { "type": "Polygon", "coordinates": [ [ [ 568282.242421298637055, 8220680.283040727488697 ], [ 568282.242421298637055, 8220440.283040727488697 ], [ 568762.242421298637055, 8220440.283040727488697 ], [ 568762.242421298637055, 8220680.283040727488697 ], [ 568282.242421298637055, 8220680.283040727488697 ] ] ] } },
{ "type": "Feature", "properties": { "classe_codigo": 4, "classe": "expansao_nova", "f_2020": 0.0, "f_2025": 0.078125, "S1": 0.192148, "S2": -0.010788, "S3": -0.052647, "concordancia": 1, "fracao_industrial": 0.0, "anel": "periurbano_0_1km", "dist_borda_urbano_2025_m": 30.0, "unidade": "moatize_vila", "area_km2": 0.0576 }, "geometry": { "type": "Polygon", "coordinates": [ [ [ 573322.242421298637055, 8220680.283040727488697 ], [ 573322.242421298637055, 8220440.283040727488697 ], [ 573562.242421298637055, 8220440.283040727488697 ], [ 573562.242421298637055, 8220680.283040727488697 ], [ 573322.242421298637055, 8220680.283040727488697 ] ] ] } },
{ "type": "Feature", "properties": { "classe_codigo": 2, "classe": "esparso_estavel", "f_2020": 0.046875, "f_2025": 0.046875, "S1": -0.088638, "S2": -0.010069, "S3": -0.255503, "concordancia": 0, "fracao_industrial": 0.0, "anel": "periurbano_0_1km", "dist_borda_urbano_2025_m": 60.0, "unidade": "moatize_vila", "area_km2": 0.0576 }, "geometry": { "type": "Polygon", "coordinates": [ [ [ 575242.242421298637055, 8220680.283040727488697 ], [ 575242.242421298637055, 8220440.283040727488697 ], [ 575482.242421298637055, 8220440.283040727488697 ], [ 575482.242421298637055, 8220680.283040727488697 ], [ 575242.242421298637055, 8220680.283040727488697 ] ] ] } },
{ "type": "Feature", "properties": { "classe_codigo": 3, "classe": "adensando", "f_2020": 0.046875, "f_2025": 0.09375, "S1": 0.019334, "S2": -0.003165, "S3": 0.417237, "concordancia": 2, "fracao_industrial": 0.0, "anel": "periurbano_0_1km", "dist_borda_urbano_2025_m": 313.21, "unidade": "cateme", "area_km2": 0.0576 }, "geometry": { "type": "Polygon", "coordinates": [ [ [ 603322.242421298637055, 8220680.283040727488697 ], [ 603322.242421298637055, 8220440.283040727488697 ], [ 603562.242421298637055, 8220440.283040727488697 ], [ 603562.242421298637055, 8220680.283040727488697 ], [ 603322.242421298637055, 8220680.283040727488697 ] ] ] } },
{ "type": "Feature", "properties": { "classe_codigo": 3, "classe": "adensando", "f_2020": 0.109375, "f_2025": 0.40625, "S1": 0.157644, "S2": 0.006273, "S3": 0.328477, "concordancia": 2, "fracao_industrial": 0.0, "anel": "periurbano_1_3km", "dist_borda_urbano_2025_m": 1410.32, "unidade": "cateme", "area_km2": 0.0576 }, "geometry": { "type": "Polygon", "coordinates": [ [ [ 604762.242421298637055, 8220680.283040727488697 ], [ 604762.242421298637055, 8220440.283040727488697 ], [ 605002.242421298637055, 8220440.283040727488697 ], [ 605002.242421298637055, 8220680.283040727488697 ], [ 604762.242421298637055, 8220680.283040727488697 ] ] ] } },
{ "type": "Feature", "properties": { "classe_codigo": 2, "classe": "esparso_estavel", "f_2020": 0.03125, "f_2025": 0.046875, "S1": -0.042832, "S2": 0.008088, "S3": 0.301495, "concordancia": 1, "fracao_industrial": 0.0, "anel": "periurbano_1_3km", "dist_borda_urbano_2025_m": 1309.73, "unidade": "cateme", "area_km2": 0.0576 }, "geometry": { "type": "Polygon", "coordinates": [ [ [ 605002.242421298637055, 8220680.283040727488697 ], [ 605002.242421298637055, 8220440.283040727488697 ], [ 605242.242421298637055, 8220440.283040727488697 ], [ 605242.242421298637055, 8220680.283040727488697 ], [ 605002.242421298637055, 8220680.283040727488697 ] ] ] } },
{ "type": "Feature", "properties": { "classe_codigo": 4, "classe": "expansao_nova", "f_2020": 0.0, "f_2025": 0.046875, "S1": 0.114218, "S2": -0.015281, "S3": -0.052647, "concordancia": 1, "fracao_industrial": 0.0, "anel": "periurbano_0_1km", "dist_borda_urbano_2025_m": 108.17, "unidade": "moatize_vila", "area_km2": 0.1728 }, "geometry": { "type": "Polygon", "coordinates": [ [ [ 572842.242421298637055, 8220680.283040727488697 ], [ 572842.242421298637055, 8220440.283040727488697 ], [ 572602.242421298637055, 8220440.283040727488697 ], [ 572602.242421298637055, 8220200.283040727488697 ], [ 573082.242421298637055, 8220200.283040727488697 ], [ 573082.242421298637055, 8220680.283040727488697 ], [ 572842.242421298637055, 8220680.283040727488697 ] ] ] } },
{ "type": "Feature", "properties": { "classe_codigo": 4, "classe": "expansao_nova", "f_2020": 0.0, "f_2025": 0.03125, "S1": 0.056811, "S2": -0.004619, "S3": 0.243726, "concordancia": 1, "fracao_industrial": 0.0, "anel": "periurbano_0_1km", "dist_borda_urbano_2025_m": 161.55, "unidade": "cateme", "area_km2": 0.0576 }, "geometry": { "type": "Polygon", "coordinates": [ [ [ 603082.242421298637055, 8220440.283040727488697 ], [ 603082.242421298637055, 8220200.283040727488697 ], [ 603322.242421298637055, 8220200.283040727488697 ], [ 603322.242421298637055, 8220440.283040727488697 ], [ 603082.242421298637055, 8220440.283040727488697 ] ] ] } },
{ "type": "Feature", "properties": { "classe_codigo": 3, "classe": "adensando", "f_2020": 0.03125, "f_2025": 0.078125, "S1": 0.035098, "S2": 0.001919, "S3": 0.430768, "concordancia": 3, "fracao_industrial": 0.0, "anel": "periurbano_0_1km", "dist_borda_urbano_2025_m": 721.25, "unidade": "cateme", "area_km2": 0.0576 }, "geometry": { "type": "Polygon", "coordinates": [ [ [ 603802.242421298637055, 8220440.283040727488697 ], [ 603802.242421298637055, 8220200.283040727488697 ], [ 604042.242421298637055, 8220200.283040727488697 ], [ 604042.242421298637055, 8220440.283040727488697 ], [ 603802.242421298637055, 8220440.283040727488697 ] ] ] } },
{ "type": "Feature", "properties": { "classe_codigo": 3, "classe": "adensando", "f_2020": 0.0625, "f_2025": 0.140625, "S1": 0.048186, "S2": 0.005662, "S3": 0.346939, "concordancia": 2, "fracao_industrial": 0.0, "anel": "periurbano_1_3km", "dist_borda_urbano_2025_m": 1331.54, "unidade": "cateme", "area_km2": 0.0576 }, "geometry": { "type": "Polygon", "coordinates": [ [ [ 604522.242421298637055, 8220440.283040727488697 ], [ 604522.242421298637055, 8220200.283040727488697 ], [ 604762.242421298637055, 8220200.283040727488697 ], [ 604762.242421298637055, 8220440.283040727488697 ], [ 604522.242421298637055, 8220440.283040727488697 ] ] ] } },
{ "type": "Feature", "properties": { "classe_codigo": 4, "classe": "expansao_nova", "f_2020": 0.0, "f_2025": 0.125, "S1": 0.260559, "S2": -0.000961, "S3": 0.682213, "concordancia": 2, "fracao_industrial": 0.0, "anel": "periurbano_0_1km", "dist_borda_urbano_2025_m": 60.0, "unidade": "tete", "area_km2": 0.1728 }, "geometry": { "type": "Polygon", "coordinates": [ [ [ 568762.242421298637055, 8220440.283040727488697 ], [ 568762.242421298637055, 8219960.283040727488697 ], [ 569242.242421298637055, 8219960.283040727488697 ], [ 569242.242421298637055, 8220200.283040727488697 ], [ 569002.242421298637055, 8220200.283040727488697 ], [ 569002.242421298637055, 8220440.283040727488697 ], [ 568762.242421298637055, 8220440.283040727488697 ] ] ] } },
{ "type": "Feature", "properties": { "classe_codigo": 2, "classe": "esparso_estavel", "f_2020": 0.53125, "f_2025": 0.328125, "S1": -0.138608, "S2": -0.001137, "S3": 0.09749, "concordancia": 0, "fracao_industrial": 0.0, "anel": "periurbano_0_1km", "dist_borda_urbano_2025_m": 823.77, "unidade": "cateme", "area_km2": 2.592 }, "geometry": { "type": "Polygon", "coordinates": [ [ [ 603562.242421298637055, 8222120.283040727488697 ], [ 603562.242421298637055, 8221880.283040727488697 ], [ 603082.242421298637055, 8221880.283040727488697 ], [ 603082.242421298637055, 8220680.283040727488697 ], [ 602842.242421298637055, 8220680.283040727488697 ], [ 602842.242421298637055, 8219960.283040727488697 ], [ 603082.242421298637055, 8219960.283040727488697 ], [ 603082.242421298637055, 8220440.283040727488697 ], [ 603322.242421298637055, 8220440.283040727488697 ], [ 603322.242421298637055, 8220200.283040727488697 ], [ 603802.242421298637055, 8220200.283040727488697 ], [ 603802.242421298637055, 8220440.283040727488697 ], [ 604042.242421298637055, 8220440.283040727488697 ], [ 604042.242421298637055, 8220200.283040727488697 ], [ 604282.242421298637055, 8220200.283040727488697 ], [ 604282.242421298637055, 8220920.283040727488697 ], [ 604522.242421298637055, 8220920.283040727488697 ], [ 604522.242421298637055, 8220440.283040727488697 ], [ 604762.242421298637055, 8220440.283040727488697 ], [ 604762.242421298637055, 8221160.283040727488697 ], [ 605002.242421298637055, 8221160.283040727488697 ], [ 605002.242421298637055, 8221400.283040727488697 ], [ 604762.242421298637055, 8221400.283040727488697 ], [ 604762.242421298637055, 8221880.283040727488697 ], [ 604282.242421298637055, 8221880.283040727488697 ], [ 604282.242421298637055, 8221640.283040727488697 ], [ 604042.242421298637055, 8221640.283040727488697 ], [ 604042.242421298637055, 8221880.283040727488697 ], [ 603802.242421298637055, 8221880.283040727488697 ], [ 603802.242421298637055, 8222120.283040727488697 ], [ 603562.242421298637055, 8222120.283040727488697 ] ], [ [ 603322.242421298637055, 8221400.283040727488697 ], [ 603562.242421298637055, 8221400.283040727488697 ], [ 603562.242421298637055, 8221160.283040727488697 ], [ 603322.242421298637055, 8221160.283040727488697 ], [ 603322.242421298637055, 8221400.283040727488697 ] ], [ [ 603322.242421298637055, 8220680.283040727488697 ], [ 603562.242421298637055, 8220680.283040727488697 ], [ 603562.242421298637055, 8220440.283040727488697 ], [ 603322.242421298637055, 8220440.283040727488697 ], [ 603322.242421298637055, 8220680.283040727488697 ] ] ] } },
{ "type": "Feature", "properties": { "classe_codigo": 2, "classe": "esparso_estavel", "f_2020": 0.03125, "f_2025": 0.03125, "S1": -0.100238, "S2": -0.005712, "S3": 0.433371, "concordancia": 1, "fracao_industrial": 0.0, "anel": "periurbano_0_1km", "dist_borda_urbano_2025_m": 134.16, "unidade": "moatize_vila", "area_km2": 0.0576 }, "geometry": { "type": "Polygon", "coordinates": [ [ [ 576922.242421298637055, 8220200.283040727488697 ], [ 576922.242421298637055, 8219960.283040727488697 ], [ 577162.242421298637055, 8219960.283040727488697 ], [ 577162.242421298637055, 8220200.283040727488697 ], [ 576922.242421298637055, 8220200.283040727488697 ] ] ] } },
{ "type": "Feature", "properties": { "classe_codigo": 4, "classe": "expansao_nova", "f_2020": 0.015625, "f_2025": 0.03125, "S1": -0.033611, "S2": 0.004533, "S3": 0.185405, "concordancia": 1, "fracao_industrial": 0.0, "anel": "periurbano_0_1km", "dist_borda_urbano_2025_m": 84.85, "unidade": "moatize_vila", "area_km2": 0.0576 }, "geometry": { "type": "Polygon", "coordinates": [ [ [ 583162.242421298637055, 8220200.283040727488697 ], [ 583162.242421298637055, 8219960.283040727488697 ], [ 583402.242421298637055, 8219960.283040727488697 ], [ 583402.242421298637055, 8220200.283040727488697 ], [ 583162.242421298637055, 8220200.283040727488697 ] ] ] } },
{ "type": "Feature", "properties": { "classe_codigo": 3, "classe": "adensando", "f_2020": 0.078125, "f_2025": 0.140625, "S1": 0.019334, "S2": 0.004334, "S3": 0.340645, "concordancia": 2, "fracao_industrial": 0.0, "anel": "periurbano_1_3km", "dist_borda_urbano_2025_m": 1026.16, "unidade": "cateme", "area_km2": 0.0576 }, "geometry": { "type": "Polygon", "coordinates": [ [ [ 604282.242421298637055, 8220200.283040727488697 ], [ 604282.242421298637055, 8219960.283040727488697 ], [ 604522.242421298637055, 8219960.283040727488697 ], [ 604522.242421298637055, 8220200.283040727488697 ], [ 604282.242421298637055, 8220200.283040727488697 ] ] ] } },
{ "type": "Feature", "properties": { "classe_codigo": 4, "classe": "expansao_nova", "f_2020": 0.015625, "f_2025": 0.03125, "S1": -0.033611, "S2": 0.005198, "S3": 0.417923, "concordancia": 2, "fracao_industrial": 0.0, "anel": "periurbano_1_3km", "dist_borda_urbano_2025_m": 1259.29, "unidade": "cateme", "area_km2": 0.0576 }, "geometry": { "type": "Polygon", "coordinates": [ [ [ 604522.242421298637055, 8220200.283040727488697 ], [ 604522.242421298637055, 8219960.283040727488697 ], [ 604762.242421298637055, 8219960.283040727488697 ], [ 604762.242421298637055, 8220200.283040727488697 ], [ 604522.242421298637055, 8220200.283040727488697 ] ] ] } },
{ "type": "Feature", "properties": { "classe_codigo": 2, "classe": "esparso_estavel", "f_2020": 0.25, "f_2025": 0.03125, "S1": -0.363772, "S2": 0.002752, "S3": 0.184934, "concordancia": 1, "fracao_industrial": 0.0, "anel": "periurbano_0_1km", "dist_borda_urbano_2025_m": 577.06, "unidade": "cateme", "area_km2": 0.1728 }, "geometry": { "type": "Polygon", "coordinates": [ [ [ 603802.242421298637055, 8220200.283040727488697 ], [ 603802.242421298637055, 8219720.283040727488697 ], [ 604282.242421298637055, 8219720.283040727488697 ], [ 604282.242421298637055, 8219960.283040727488697 ], [ 604042.242421298637055, 8219960.283040727488697 ], [ 604042.242421298637055, 8220200.283040727488697 ], [ 603802.242421298637055, 8220200.283040727488697 ] ] ] } },
{ "type": "Feature", "properties": { "classe_codigo": 4, "classe": "expansao_nova", "f_2020": 0.015625, "f_2025": 0.0625, "S1": 0.066032, "S2": -0.002192, "S3": 0.450892, "concordancia": 2, "fracao_industrial": 0.0, "anel": "periurbano_0_1km", "dist_borda_urbano_2025_m": 84.85, "unidade": "moatize_vila", "area_km2": 0.0576 }, "geometry": { "type": "Polygon", "coordinates": [ [ [ 574042.242421298637055, 8219960.283040727488697 ], [ 574042.242421298637055, 8219720.283040727488697 ], [ 574282.242421298637055, 8219720.283040727488697 ], [ 574282.242421298637055, 8219960.283040727488697 ], [ 574042.242421298637055, 8219960.283040727488697 ] ] ] } },
{ "type": "Feature", "properties": { "classe_codigo": 3, "classe": "adensando", "f_2020": 0.0625, "f_2025": 0.28125, "S1": 0.165378, "S2": -0.004375, "S3": 0.534515, "concordancia": 2, "fracao_industrial": 0.0, "anel": "periurbano_0_1km", "dist_borda_urbano_2025_m": 30.0, "unidade": "moatize_vila", "area_km2": 0.2304 }, "geometry": { "type": "Polygon", "coordinates": [ [ [ 576682.242421298637055, 8220200.283040727488697 ], [ 576682.242421298637055, 8219720.283040727488697 ], [ 576922.242421298637055, 8219720.283040727488697 ], [ 576922.242421298637055, 8219480.283040727488697 ], [ 577162.242421298637055, 8219480.283040727488697 ], [ 577162.242421298637055, 8219960.283040727488697 ], [ 576922.242421298637055, 8219960.283040727488697 ], [ 576922.242421298637055, 8220200.283040727488697 ], [ 576682.242421298637055, 8220200.283040727488697 ] ] ] } },
{ "type": "Feature", "properties": { "classe_codigo": 4, "classe": "expansao_nova", "f_2020": 0.0, "f_2025": 0.0625, "S1": 0.156454, "S2": -0.011294, "S3": -0.052647, "concordancia": 1, "fracao_industrial": 0.0, "anel": "periurbano_0_1km", "dist_borda_urbano_2025_m": 60.0, "unidade": "moatize_vila", "area_km2": 0.288 }, "geometry": { "type": "Polygon", "coordinates": [ [ [ 572122.242421298637055, 8219960.283040727488697 ], [ 572122.242421298637055, 8219480.283040727488697 ], [ 572602.242421298637055, 8219480.283040727488697 ], [ 572602.242421298637055, 8219720.283040727488697 ], [ 572842.242421298637055, 8219720.283040727488697 ], [ 572842.242421298637055, 8219960.283040727488697 ], [ 572122.242421298637055, 8219960.283040727488697 ] ] ] } },
{ "type": "Feature", "properties": { "classe_codigo": 4, "classe": "expansao_nova", "f_2020": 0.0, "f_2025": 0.25, "S1": 0.378941, "S2": -0.002763, "S3": 0.598576, "concordancia": 2, "fracao_industrial": 0.0, "anel": "externo", "dist_borda_urbano_2025_m": 5208.78, "unidade": "mwaladzi", "area_km2": 0.2304 }, "geometry": { "type": "Polygon", "coordinates": [ [ [ 610042.242421298637055, 8219960.283040727488697 ], [ 610042.242421298637055, 8219720.283040727488697 ], [ 610282.242421298637055, 8219720.283040727488697 ], [ 610282.242421298637055, 8219480.283040727488697 ], [ 610522.242421298637055, 8219480.283040727488697 ], [ 610522.242421298637055, 8219720.283040727488697 ], [ 610762.242421298637055, 8219720.283040727488697 ], [ 610762.242421298637055, 8219960.283040727488697 ], [ 610042.242421298637055, 8219960.283040727488697 ] ] ] } },
{ "type": "Feature", "properties": { "classe_codigo": 2, "classe": "esparso_estavel", "f_2020": 0.03125, "f_2025": 0.03125, "S1": -0.100238, "S2": -0.005735, "S3": 0.663286, "concordancia": 1, "fracao_industrial": 0.0, "anel": "periurbano_0_1km", "dist_borda_urbano_2025_m": 94.87, "unidade": "tete", "area_km2": 0.0576 }, "geometry": { "type": "Polygon", "coordinates": [ [ [ 566122.242421298637055, 8219720.283040727488697 ], [ 566122.242421298637055, 8219480.283040727488697 ], [ 566362.242421298637055, 8219480.283040727488697 ], [ 566362.242421298637055, 8219720.283040727488697 ], [ 566122.242421298637055, 8219720.283040727488697 ] ] ] } },
{ "type": "Feature", "properties": { "classe_codigo": 4, "classe": "expansao_nova", "f_2020": 0.0, "f_2025": 0.375, "S1": 0.44765, "S2": -0.004107, "S3": -0.052647, "concordancia": 1, "fracao_industrial": 0.0, "anel": "periurbano_0_1km", "dist_borda_urbano_2025_m": 0.0, "unidade": "moatize_vila", "area_km2": 0.1728 }, "geometry": { "type": "Polygon", "coordinates": [ [ [ 571162.242421298637055, 8219720.283040727488697 ], [ 571162.242421298637055, 8219480.283040727488697 ], [ 571882.242421298637055, 8219480.283040727488697 ], [ 571882.242421298637055, 8219720.283040727488697 ], [ 571162.242421298637055, 8219720.283040727488697 ] ] ] } },
{ "type": "Feature", "properties": { "classe_codigo": 2, "classe": "esparso_estavel", "f_2020": 0.03125, "f_2025": 0.140625, "S1": 0.124033, "S2": -0.004825, "S3": -0.209697, "concordancia": 1, "fracao_industrial": 0.125, "anel": "periurbano_0_1km", "dist_borda_urbano_2025_m": 60.0, "unidade": "moatize_vila", "area_km2": 0.0576 }, "geometry": { "type": "Polygon", "coordinates": [ [ [ 571882.242421298637055, 8219720.283040727488697 ], [ 571882.242421298637055, 8219480.283040727488697 ], [ 572122.242421298637055, 8219480.283040727488697 ], [ 572122.242421298637055, 8219720.283040727488697 ], [ 571882.242421298637055, 8219720.283040727488697 ] ] ] } },
{ "type": "Feature", "properties": { "classe_codigo": 4, "classe": "expansao_nova", "f_2020": 0.015625, "f_2025": 0.125, "S1": 0.170137, "S2": -0.002229, "S3": 0.471888, "concordancia": 2, "fracao_industrial": 0.0, "anel": "periurbano_0_1km", "dist_borda_urbano_2025_m": 30.0, "unidade": "moatize_vila", "area_km2": 0.0576 }, "geometry": { "type": "Polygon", "coordinates": [ [ [ 574282.242421298637055, 8219720.283040727488697 ], [ 574282.242421298637055, 8219480.283040727488697 ], [ 574522.242421298637055, 8219480.283040727488697 ], [ 574522.242421298637055, 8219720.283040727488697 ], [ 574282.242421298637055, 8219720.283040727488697 ] ] ] } },
{ "type": "Feature", "properties": { "classe_codigo": 3, "classe": "adensando", "f_2020": 0.03125, "f_2025": 0.375, "S1": 0.290601, "S2": -0.003447, "S3": 0.622682, "concordancia": 2, "fracao_industrial": 0.0, "anel": "periurbano_0_1km", "dist_borda_urbano_2025_m": 0.0, "unidade": "moatize_vila", "area_km2": 0.0576 }, "geometry": { "type": "Polygon", "coordinates": [ [ [ 575482.242421298637055, 8219720.283040727488697 ], [ 575482.242421298637055, 8219480.283040727488697 ], [ 575722.242421298637055, 8219480.283040727488697 ], [ 575722.242421298637055, 8219720.283040727488697 ], [ 575482.242421298637055, 8219720.283040727488697 ] ] ] } },
{ "type": "Feature", "properties": { "classe_codigo": 4, "classe": "expansao_nova", "f_2020": 0.0, "f_2025": 0.03125, "S1": 0.056811, "S2": -0.003056, "S3": 0.828838, "concordancia": 2, "fracao_industrial": 0.0, "anel": "periurbano_0_1km", "dist_borda_urbano_2025_m": 123.69, "unidade": "moatize_vila", "area_km2": 0.0576 }, "geometry": { "type": "Polygon", "coordinates": [ [ [ 575722.242421298637055, 8219720.283040727488697 ], [ 575722.242421298637055, 8219480.283040727488697 ], [ 575962.242421298637055, 8219480.283040727488697 ], [ 575962.242421298637055, 8219720.283040727488697 ], [ 575722.242421298637055, 8219720.283040727488697 ] ] ] } },
{ "type": "Feature", "properties": { "classe_codigo": 3, "classe": "adensando", "f_2020": 0.28125, "f_2025": 0.375, "S1": 0.011005, "S2": -0.003461, "S3": 0.403993, "concordancia": 2, "fracao_industrial": 0.0, "anel": "intraurbano", "dist_borda_urbano_2025_m": 0.0, "unidade": "moatize_vila", "area_km2": 0.0576 }, "geometry": { "type": "Polygon", "coordinates": [ [ [ 576442.242421298637055, 8219720.283040727488697 ], [ 576442.242421298637055, 8219480.283040727488697 ], [ 576682.242421298637055, 8219480.283040727488697 ], [ 576682.242421298637055, 8219720.283040727488697 ], [ 576442.242421298637055, 8219720.283040727488697 ] ] ] } },
{ "type": "Feature", "properties": { "classe_codigo": 4, "classe": "expansao_nova", "f_2020": 0.015625, "f_2025": 0.03125, "S1": -0.033611, "S2": -0.001995, "S3": 0.34435, "concordancia": 0, "fracao_industrial": 0.0, "anel": "externo", "dist_borda_urbano_2025_m": 4657.06, "unidade": "mwaladzi", "area_km2": 0.0576 }, "geometry": { "type": "Polygon", "coordinates": [ [ [ 609562.242421298637055, 8219720.283040727488697 ], [ 609562.242421298637055, 8219480.283040727488697 ], [ 609802.242421298637055, 8219480.283040727488697 ], [ 609802.242421298637055, 8219720.283040727488697 ], [ 609562.242421298637055, 8219720.283040727488697 ] ] ] } },
{ "type": "Feature", "properties": { "classe_codigo": 2, "classe": "esparso_estavel", "f_2020": 0.0625, "f_2025": 0.296875, "S1": 0.174598, "S2": -0.002763, "S3": 0.328546, "concordancia": 1, "fracao_industrial": 0.0, "anel": "externo", "dist_borda_urbano_2025_m": 5085.69, "unidade": "mwaladzi", "area_km2": 0.0576 }, "geometry": { "type": "Polygon", "coordinates": [ [ [ 610042.242421298637055, 8219720.283040727488697 ], [ 610042.242421298637055, 8219480.283040727488697 ], [ 610282.242421298637055, 8219480.283040727488697 ], [ 610282.242421298637055, 8219720.283040727488697 ], [ 610042.242421298637055, 8219720.283040727488697 ] ] ] } },
{ "type": "Feature", "properties": { "classe_codigo": 3, "classe": "adensando", "f_2020": 0.03125, "f_2025": 0.234375, "S1": 0.210589, "S2": -0.017039, "S3": 0.426777, "concordancia": 2, "fracao_industrial": 0.0, "anel": "externo", "dist_borda_urbano_2025_m": 5522.77, "unidade": "mwaladzi", "area_km2": 0.0576 }, "geometry": { "type": "Polygon", "coordinates": [ [ [ 610522.242421298637055, 8219720.283040727488697 ], [ 610522.242421298637055, 8219480.283040727488697 ], [ 610762.242421298637055, 8219480.283040727488697 ], [ 610762.242421298637055, 8219720.283040727488697 ], [ 610522.242421298637055, 8219720.283040727488697 ] ] ] } },
{ "type": "Feature", "properties": { "classe_codigo": 4, "classe": "expansao_nova", "f_2020": 0.0, "f_2025": 0.03125, "S1": 0.056811, "S2": -0.003688, "S3": 0.711885, "concordancia": 2, "fracao_industrial": 0.0, "anel": "periurbano_0_1km", "dist_borda_urbano_2025_m": 134.16, "unidade": "moatize_vila", "area_km2": 0.1152 }, "geometry": { "type": "Polygon", "coordinates": [ [ [ 574762.242421298637055, 8219720.283040727488697 ], [ 574762.242421298637055, 8219240.283040727488697 ], [ 575002.242421298637055, 8219240.283040727488697 ], [ 575002.242421298637055, 8219720.283040727488697 ], [ 574762.242421298637055, 8219720.283040727488697 ] ] ] } },
{ "type": "Feature", "properties": { "classe_codigo": 4, "classe": "expansao_nova", "f_2020": 0.0, "f_2025": 0.0625, "S1": 0.156454, "S2": -0.005532, "S3": -0.052647, "concordancia": 1, "fracao_industrial": 0.046875, "anel": "periurbano_0_1km", "dist_borda_urbano_2025_m": 30.0, "unidade": "moatize_vila", "area_km2": 0.0576 }, "geometry": { "type": "Polygon", "coordinates": [ [ [ 570442.242421298637055, 8219480.283040727488697 ], [ 570442.242421298637055, 8219240.283040727488697 ], [ 570682.242421298637055, 8219240.283040727488697 ], [ 570682.242421298637055, 8219480.283040727488697 ], [ 570442.242421298637055, 8219480.283040727488697 ] ] ] } },
{ "type": "Feature", "properties": { "classe_codigo": 2, "classe": "esparso_estavel", "f_2020": 0.03125, "f_2025": 0.03125, "S1": -0.100238, "S2": -0.002522, "S3": -0.209697, "concordancia": 0, "fracao_industrial": 0.296875, "anel": "periurbano_0_1km", "dist_borda_urbano_2025_m": 150.0, "unidade": "moatize_vila", "area_km2": 0.0576 }, "geometry": { "type": "Polygon", "coordinates": [ [ [ 570922.242421298637055, 8219480.283040727488697 ], [ 570922.242421298637055, 8219240.283040727488697 ], [ 571162.242421298637055, 8219240.283040727488697 ], [ 571162.242421298637055, 8219480.283040727488697 ], [ 570922.242421298637055, 8219480.283040727488697 ] ] ] } },
{ "type": "Feature", "properties": { "classe_codigo": 3, "classe": "adensando", "f_2020": 0.078125, "f_2025": 0.171875, "S1": 0.050863, "S2": -0.003042, "S3": 0.562925, "concordancia": 2, "fracao_industrial": 0.0, "anel": "periurbano_0_1km", "dist_borda_urbano_2025_m": 67.08, "unidade": "moatize_vila", "area_km2": 0.0576 }, "geometry": { "type": "Polygon", "coordinates": [ [ [ 574282.242421298637055, 8219480.283040727488697 ], [ 574282.242421298637055, 8219240.283040727488697 ], [ 574522.242421298637055, 8219240.283040727488697 ], [ 574522.242421298637055, 8219480.283040727488697 ], [ 574282.242421298637055, 8219480.283040727488697 ] ] ] } },
{ "type": "Feature", "properties": { "classe_codigo": 4, "classe": "expansao_nova", "f_2020": 0.015625, "f_2025": 0.03125, "S1": -0.033611, "S2": -0.003994, "S3": 0.700415, "concordancia": 1, "fracao_industrial": 0.0, "anel": "periurbano_0_1km", "dist_borda_urbano_2025_m": 94.87, "unidade": "moatize_vila", "area_km2": 0.0576 }, "geometry": { "type": "Polygon", "coordinates": [ [ [ 575242.242421298637055, 8219480.283040727488697 ], [ 575242.242421298637055, 8219240.283040727488697 ], [ 575482.242421298637055, 8219240.283040727488697 ], [ 575482.242421298637055, 8219480.283040727488697 ], [ 575242.242421298637055, 8219480.283040727488697 ] ] ] } },
{ "type": "Feature", "properties": { "classe_codigo": 2, "classe": "esparso_estavel", "f_2020": 0.09375, "f_2025": 0.09375, "S1": -0.065437, "S2": -0.00568, "S3": 0.334896, "concordancia": 0, "fracao_industrial": 0.0, "anel": "periurbano_0_1km", "dist_borda_urbano_2025_m": 30.0, "unidade": "moatize_vila", "area_km2": 0.0576 }, "geometry": { "type": "Polygon", "coordinates": [ [ [ 582442.242421298637055, 8219480.283040727488697 ], [ 582442.242421298637055, 8219240.283040727488697 ], [ 582682.242421298637055, 8219240.283040727488697 ], [ 582682.242421298637055, 8219480.283040727488697 ], [ 582442.242421298637055, 8219480.283040727488697 ] ] ] } },
{ "type": "Feature", "properties": { "classe_codigo": 4, "classe": "expansao_nova", "f_2020": 0.0, "f_2025": 0.046875, "S1": 0.114218, "S2": -0.001995, "S3": 0.533679, "concordancia": 2, "fracao_industrial": 0.0, "anel": "externo", "dist_borda_urbano_2025_m": 4701.68, "unidade": "mwaladzi", "area_km2": 0.1152 }, "geometry": { "type": "Polygon", "coordinates": [ [ [ 609322.242421298637055, 8219480.283040727488697 ], [ 609322.242421298637055, 8219000.283040727488697 ], [ 609562.242421298637055, 8219000.283040727488697 ], [ 609562.242421298637055, 8219480.283040727488697 ], [ 609322.242421298637055, 8219480.283040727488697 ] ] ] } },
{ "type": "Feature", "properties": { "classe_codigo": 3, "classe": "adensando", "f_2020": 0.03125, "f_2025": 0.171875, "S1": 0.155562, "S2": -0.009938, "S3": 0.454541, "concordancia": 2, "fracao_industrial": 0.0, "anel": "externo", "dist_borda_urbano_2025_m": 5406.83, "unidade": "mwaladzi", "area_km2": 0.1728 }, "geometry": { "type": "Polygon", "coordinates": [ [ [ 610042.242421298637055, 8219480.283040727488697 ], [ 610042.242421298637055, 8219000.283040727488697 ], [ 610282.242421298637055, 8219000.283040727488697 ], [ 610282.242421298637055, 8219240.283040727488697 ], [ 610522.242421298637055, 8219240.283040727488697 ], [ 610522.242421298637055, 8219480.283040727488697 ], [ 610042.242421298637055, 8219480.283040727488697 ] ] ] } },
{ "type": "Feature", "properties": { "classe_codigo": 4, "classe": "expansao_nova", "f_2020": 0.0, "f_2025": 0.359375, "S1": 0.438727, "S2": -0.016981, "S3": 0.58105, "concordancia": 2, "fracao_industrial": 0.0, "anel": "externo", "dist_borda_urbano_2025_m": 5839.61, "unidade": "mwaladzi", "area_km2": 0.3456 }, "geometry": { "type": "Polygon", "coordinates": [ [ [ 610762.242421298637055, 8219720.283040727488697 ], [ 610762.242421298637055, 8219480.283040727488697 ], [ 610522.242421298637055, 8219480.283040727488697 ], [ 610522.242421298637055, 8219240.283040727488697 ], [ 610762.242421298637055, 8219240.283040727488697 ], [ 610762.242421298637055, 8219000.283040727488697 ], [ 611242.242421298637055, 8219000.283040727488697 ], [ 611242.242421298637055, 8219480.283040727488697 ], [ 611002.242421298637055, 8219480.283040727488697 ], [ 611002.242421298637055, 8219720.283040727488697 ], [ 610762.242421298637055, 8219720.283040727488697 ] ] ] } },
{ "type": "Feature", "properties": { "classe_codigo": 5, "classe": "consolidado", "f_2020": 0.9375, "f_2025": 0.953125, "S1": -0.008031, "S2": -0.000551, "S3": 0.130228, "concordancia": 0, "fracao_industrial": 0.0, "anel": "intraurbano", "dist_borda_urbano_2025_m": 0.0, "unidade": "tete", "area_km2": 0.0576 }, "geometry": { "type": "Polygon", "coordinates": [ [ [ 569002.242421298637055, 8219240.283040727488697 ], [ 569002.242421298637055, 8219000.283040727488697 ], [ 569242.242421298637055, 8219000.283040727488697 ], [ 569242.242421298637055, 8219240.283040727488697 ], [ 569002.242421298637055, 8219240.283040727488697 ] ] ] } },
{ "type": "Feature", "properties": { "classe_codigo": 4, "classe": "expansao_nova", "f_2020": 0.0, "f_2025": 0.0625, "S1": 0.156454, "S2": -0.003056, "S3": 0.700953, "concordancia": 2, "fracao_industrial": 0.0, "anel": "periurbano_0_1km", "dist_borda_urbano_2025_m": 123.69, "unidade": "moatize_vila", "area_km2": 0.0576 }, "geometry": { "type": "Polygon", "coordinates": [ [ [ 574282.242421298637055, 8219240.283040727488697 ], [ 574282.242421298637055, 8219000.283040727488697 ], [ 574522.242421298637055, 8219000.283040727488697 ], [ 574522.242421298637055, 8219240.283040727488697 ], [ 574282.242421298637055, 8219240.283040727488697 ] ] ] } },
{ "type": "Feature", "properties": { "classe_codigo": 3, "classe": "adensando", "f_2020": 0.140625, "f_2025": 0.234375, "S1": 0.030042, "S2": -0.002987, "S3": 0.48031, "concordancia": 2, "fracao_industrial": 0.0, "anel": "periurbano_0_1km", "dist_borda_urbano_2025_m": 90.0, "unidade": "moatize_vila", "area_km2": 0.0576 }, "geometry": { "type": "Polygon", "coordinates": [ [ [ 576442.242421298637055, 8219240.283040727488697 ], [ 576442.242421298637055, 8219000.283040727488697 ], [ 576682.242421298637055, 8219000.283040727488697 ], [ 576682.242421298637055, 8219240.283040727488697 ], [ 576442.242421298637055, 8219240.283040727488697 ] ] ] } },
{ "type": "Feature", "properties": { "classe_codigo": 2, "classe": "esparso_estavel", "f_2020": 0.03125, "f_2025": 0.078125, "S1": 0.035098, "S2": -0.001995, "S3": 0.274426, "concordancia": 1, "fracao_industrial": 0.0, "anel": "externo", "dist_borda_urbano_2025_m": 4901.12, "unidade": "mwaladzi", "area_km2": 0.0576 }, "geometry": { "type": "Polygon", "coordinates": [ [ [ 609562.242421298637055, 8219240.283040727488697 ], [ 609562.242421298637055, 8219000.283040727488697 ], [ 609802.242421298637055, 8219000.283040727488697 ], [ 609802.242421298637055, 8219240.283040727488697 ], [ 609562.242421298637055, 8219240.283040727488697 ] ] ] } },
{ "type": "Feature", "properties": { "classe_codigo": 2, "classe": "esparso_estavel", "f_2020": 0.03125, "f_2025": 0.203125, "S1": 0.185901, "S2": -0.008789, "S3": 0.232087, "concordancia": 1, "fracao_industrial": 0.0, "anel": "externo", "dist_borda_urbano_2025_m": 5518.86, "unidade": "mwaladzi", "area_km2": 0.0576 }, "geometry": { "type": "Polygon", "coordinates": [ [ [ 610282.242421298637055, 8219240.283040727488697 ], [ 610282.242421298637055, 8219000.283040727488697 ], [ 610522.242421298637055, 8219000.283040727488697 ], [ 610522.242421298637055, 8219240.283040727488697 ], [ 610282.242421298637055, 8219240.283040727488697 ] ] ] } },
{ "type": "Feature", "properties": { "classe_codigo": 2, "classe": "esparso_estavel", "f_2020": 0.734375, "f_2025": 0.828125, "S1": 0.023795, "S2": -0.002941, "S3": 0.210434, "concordancia": 1, "fracao_industrial": 0.0, "anel": "intraurbano", "dist_borda_urbano_2025_m": 0.0, "unidade": "moatize_vila", "area_km2": 1.0944 }, "geometry": { "type": "Polygon", "coordinates": [ [ [ 576202.242421298637055, 8219720.283040727488697 ], [ 576202.242421298637055, 8219240.283040727488697 ], [ 576682.242421298637055, 8219240.283040727488697 ], [ 576682.242421298637055, 8219000.283040727488697 ], [ 577402.242421298637055, 8219000.283040727488697 ], [ 577402.242421298637055, 8218760.283040727488697 ], [ 577882.242421298637055, 8218760.283040727488697 ], [ 577882.242421298637055, 8219240.283040727488697 ], [ 578122.242421298637055, 8219240.283040727488697 ], [ 578122.242421298637055, 8219480.283040727488697 ], [ 577882.242421298637055, 8219480.283040727488697 ], [ 577882.242421298637055, 8219720.283040727488697 ], [ 577642.242421298637055, 8219720.283040727488697 ], [ 577642.242421298637055, 8219480.283040727488697 ], [ 577402.242421298637055, 8219480.283040727488697 ], [ 577402.242421298637055, 8219720.283040727488697 ], [ 577162.242421298637055, 8219720.283040727488697 ], [ 577162.242421298637055, 8219480.283040727488697 ], [ 576922.242421298637055, 8219480.283040727488697 ], [ 576922.242421298637055, 8219720.283040727488697 ], [ 576682.242421298637055, 8219720.283040727488697 ], [ 576682.242421298637055, 8219480.283040727488697 ], [ 576442.242421298637055, 8219480.283040727488697 ], [ 576442.242421298637055, 8219720.283040727488697 ], [ 576202.242421298637055, 8219720.283040727488697 ] ] ] } },
{ "type": "Feature", "properties": { "classe_codigo": 2, "classe": "esparso_estavel", "f_2020": 0.5625, "f_2025": 0.5625, "S1": -0.043129, "S2": -0.001172, "S3": 0.137252, "concordancia": 0, "fracao_industrial": 0.0, "anel": "periurbano_0_1km", "dist_borda_urbano_2025_m": 30.0, "unidade": "tete", "area_km2": 0.288 }, "geometry": { "type": "Polygon", "coordinates": [ [ [ 567562.242421298637055, 8219480.283040727488697 ], [ 567562.242421298637055, 8219000.283040727488697 ], [ 567802.242421298637055, 8219000.283040727488697 ], [ 567802.242421298637055, 8218760.283040727488697 ], [ 568042.242421298637055, 8218760.283040727488697 ], [ 568042.242421298637055, 8219480.283040727488697 ], [ 567562.242421298637055, 8219480.283040727488697 ] ] ] } },
{ "type": "Feature", "properties": { "classe_codigo": 3, "classe": "adensando", "f_2020": 0.34375, "f_2025": 0.390625, "S1": -0.017549, "S2": 0.001626, "S3": 0.445938, "concordancia": 2, "fracao_industrial": 0.0, "anel": "intraurbano", "dist_borda_urbano_2025_m": 0.0, "unidade": "tete", "area_km2": 0.1728 }, "geometry": { "type": "Polygon", "coordinates": [ [ [ 565642.242421298637055, 8219240.283040727488697 ], [ 565642.242421298637055, 8218760.283040727488697 ], [ 566122.242421298637055, 8218760.283040727488697 ], [ 566122.242421298637055, 8219000.283040727488697 ], [ 565882.242421298637055, 8219000.283040727488697 ], [ 565882.242421298637055, 8219240.283040727488697 ], [ 565642.242421298637055, 8219240.283040727488697 ] ] ] } },
{ "type": "Feature", "properties": { "classe_codigo": 2, "classe": "esparso_estavel", "f_2020": 0.546875, "f_2025": 0.546875, "S1": -0.041939, "S2": -0.001028, "S3": 0.316523, "concordancia": 0, "fracao_industrial": 0.0, "anel": "periurbano_0_1km", "dist_borda_urbano_2025_m": 30.0, "unidade": "tete", "area_km2": 0.1728 }, "geometry": { "type": "Polygon", "coordinates": [ [ [ 565882.242421298637055, 8219240.283040727488697 ], [ 565882.242421298637055, 8219000.283040727488697 ], [ 566122.242421298637055, 8219000.283040727488697 ], [ 566122.242421298637055, 8218760.283040727488697 ], [ 566362.242421298637055, 8218760.283040727488697 ], [ 566362.242421298637055, 8219240.283040727488697 ], [ 565882.242421298637055, 8219240.283040727488697 ] ] ] } },
{ "type": "Feature", "properties": { "classe_codigo": 4, "classe": "expansao_nova", "f_2020": 0.0, "f_2025": 0.03125, "S1": 0.056811, "S2": 0.001195, "S3": 0.745201, "concordancia": 3, "fracao_industrial": 0.0, "anel": "periurbano_0_1km", "dist_borda_urbano_2025_m": 150.0, "unidade": "tete", "area_km2": 0.1152 }, "geometry": { "type": "Polygon", "coordinates": [ [ [ 568522.242421298637055, 8219240.283040727488697 ], [ 568522.242421298637055, 8218760.283040727488697 ], [ 568762.242421298637055, 8218760.283040727488697 ], [ 568762.242421298637055, 8219240.283040727488697 ], [ 568522.242421298637055, 8219240.283040727488697 ] ] ] } },
{ "type": "Feature", "properties": { "classe_codigo": 5, "classe": "consolidado", "f_2020": 0.96875, "f_2025": 0.96875, "S1": -0.024688, "S2": -0.003212, "S3": 0.044288, "concordancia": 0, "fracao_industrial": 0.0, "anel": "intraurbano", "dist_borda_urbano_2025_m": 0.0, "unidade": "moatize_vila", "area_km2": 0.1152 }, "geometry": { "type": "Polygon", "coordinates": [ [ [ 577882.242421298637055, 8219240.283040727488697 ], [ 577882.242421298637055, 8218760.283040727488697 ], [ 578122.242421298637055, 8218760.283040727488697 ], [ 578122.242421298637055, 8219240.283040727488697 ], [ 577882.242421298637055, 8219240.283040727488697 ] ] ] } },
{ "type": "Feature", "properties": { "classe_codigo": 2, "classe": "esparso_estavel", "f_2020": 0.25, "f_2025": 0.296875, "S1": -0.013087, "S2": -0.003635, "S3": 0.317504, "concordancia": 0, "fracao_industrial": 0.0, "anel": "periurbano_0_1km", "dist_borda_urbano_2025_m": 30.0, "unidade": "moatize_vila", "area_km2": 0.288 }, "geometry": { "type": "Polygon", "coordinates": [ [ [ 578122.242421298637055, 8219240.283040727488697 ], [ 578122.242421298637055, 8218760.283040727488697 ], [ 579082.242421298637055, 8218760.283040727488697 ], [ 579082.242421298637055, 8219000.283040727488697 ], [ 578362.242421298637055, 8219000.283040727488697 ], [ 578362.242421298637055, 8219240.283040727488697 ], [ 578122.242421298637055, 8219240.283040727488697 ] ] ] } },
{ "type": "Feature", "properties": { "classe_codigo": 3, "classe": "adensando", "f_2020": 0.1875, "f_2025": 0.203125, "S1": -0.031231, "S2": 0.001741, "S3": 0.36911, "concordancia": 2, "fracao_industrial": 0.0, "anel": "periurbano_0_1km", "dist_borda_urbano_2025_m": 90.0, "unidade": "tete", "area_km2": 0.0576 }, "geometry": { "type": "Polygon", "coordinates": [ [ [ 566362.242421298637055, 8219000.283040727488697 ], [ 566362.242421298637055, 8218760.283040727488697 ], [ 566602.242421298637055, 8218760.283040727488697 ], [ 566602.242421298637055, 8219000.283040727488697 ], [ 566362.242421298637055, 8219000.283040727488697 ] ] ] } },
{ "type": "Feature", "properties": { "classe_codigo": 5, "classe": "consolidado", "f_2020": 0.953125, "f_2025": 0.96875, "S1": -0.005057, "S2": 0.000758, "S3": 0.132113, "concordancia": 0, "fracao_industrial": 0.0, "anel": "periurbano_0_1km", "dist_borda_urbano_2025_m": 30.0, "unidade": "moatize_vila", "area_km2": 0.0576 }, "geometry": { "type": "Polygon", "coordinates": [ [ [ 569242.242421298637055, 8219000.283040727488697 ], [ 569242.242421298637055, 8218760.283040727488697 ], [ 569482.242421298637055, 8218760.283040727488697 ], [ 569482.242421298637055, 8219000.283040727488697 ], [ 569242.242421298637055, 8219000.283040727488697 ] ] ] } },
{ "type": "Feature", "properties": { "classe_codigo": 2, "classe": "esparso_estavel", "f_2020": 0.125, "f_2025": 0.125, "S1": -0.061273, "S2": -0.004954, "S3": 0.332444, "concordancia": 0, "fracao_industrial": 0.15625, "anel": "intraurbano", "dist_borda_urbano_2025_m": 0.0, "unidade": "moatize_vila", "area_km2": 0.1152 }, "geometry": { "type": "Polygon", "coordinates": [ [ [ 570202.242421298637055, 8219000.283040727488697 ], [ 570202.242421298637055, 8218760.283040727488697 ], [ 570682.242421298637055, 8218760.283040727488697 ], [ 570682.242421298637055, 8219000.283040727488697 ], [ 570202.242421298637055, 8219000.283040727488697 ] ] ] } },
{ "type": "Feature", "properties": { "classe_codigo": 2, "classe": "esparso_estavel", "f_2020": 0.03125, "f_2025": 0.03125, "S1": -0.100238, "S2": -0.003888, "S3": 0.434586, "concordancia": 1, "fracao_industrial": 0.0, "anel": "periurbano_0_1km", "dist_borda_urbano_2025_m": 127.28, "unidade": "moatize_vila", "area_km2": 0.864 }, "geometry": { "type": "Polygon", "coordinates": [ [ [ 574522.242421298637055, 8219960.283040727488697 ], [ 574522.242421298637055, 8219000.283040727488697 ], [ 574282.242421298637055, 8219000.283040727488697 ], [ 574282.242421298637055, 8218760.283040727488697 ], [ 575002.242421298637055, 8218760.283040727488697 ], [ 575002.242421298637055, 8219000.283040727488697 ], [ 575962.242421298637055, 8219000.283040727488697 ], [ 575962.242421298637055, 8219240.283040727488697 ], [ 575242.242421298637055, 8219240.283040727488697 ], [ 575242.242421298637055, 8219960.283040727488697 ], [ 575002.242421298637055, 8219960.283040727488697 ], [ 575002.242421298637055, 8219240.283040727488697 ], [ 574762.242421298637055, 8219240.283040727488697 ], [ 574762.242421298637055, 8219960.283040727488697 ], [ 574522.242421298637055, 8219960.283040727488697 ] ] ] } },
{ "type": "Feature", "properties": { "classe_codigo": 4, "classe": "expansao_nova", "f_2020": 0.015625, "f_2025": 0.078125, "S1": 0.101725, "S2": -0.005832, "S3": 0.562119, "concordancia": 2, "fracao_industrial": 0.0, "anel": "periurbano_0_1km", "dist_borda_urbano_2025_m": 108.17, "unidade": "moatize_vila", "area_km2": 0.0576 }, "geometry": { "type": "Polygon", "coordinates": [ [ [ 579082.242421298637055, 8219000.283040727488697 ], [ 579082.242421298637055, 8218760.283040727488697 ], [ 579322.242421298637055, 8218760.283040727488697 ], [ 579322.242421298637055, 8219000.283040727488697 ], [ 579082.242421298637055, 8219000.283040727488697 ] ] ] } },
{ "type": "Feature", "properties": { "classe_codigo": 2, "classe": "esparso_estavel", "f_2020": 0.125, "f_2025": 0.390625, "S1": 0.134444, "S2": -0.002778, "S3": 0.228852, "concordancia": 1, "fracao_industrial": 0.0, "anel": "externo", "dist_borda_urbano_2025_m": 5434.72, "unidade": "mwaladzi", "area_km2": 0.1152 }, "geometry": { "type": "Polygon", "coordinates": [ [ [ 609802.242421298637055, 8219000.283040727488697 ], [ 609802.242421298637055, 8218760.283040727488697 ], [ 610282.242421298637055, 8218760.283040727488697 ], [ 610282.242421298637055, 8219000.283040727488697 ], [ 609802.242421298637055, 8219000.283040727488697 ] ] ] } },
{ "type": "Feature", "properties": { "classe_codigo": 2, "classe": "esparso_estavel", "f_2020": 0.078125, "f_2025": 0.140625, "S1": 0.019334, "S2": -0.008364, "S3": 0.341165, "concordancia": 1, "fracao_industrial": 0.0, "anel": "externo", "dist_borda_urbano_2025_m": 5845.77, "unidade": "mwaladzi", "area_km2": 0.0576 }, "geometry": { "type": "Polygon", "coordinates": [ [ [ 610522.242421298637055, 8219000.283040727488697 ], [ 610522.242421298637055, 8218760.283040727488697 ], [ 610762.242421298637055, 8218760.283040727488697 ], [ 610762.242421298637055, 8219000.283040727488697 ], [ 610522.242421298637055, 8219000.283040727488697 ] ] ] } },
{ "type": "Feature", "properties": { "classe_codigo": 3, "classe": "adensando", "f_2020": 0.09375, "f_2025": 0.1875, "S1": 0.038667, "S2": -0.015798, "S3": 0.35433, "concordancia": 2, "fracao_industrial": 0.0, "anel": "externo", "dist_borda_urbano_2025_m": 6480.14, "unidade": "mwaladzi", "area_km2": 0.1152 }, "geometry": { "type": "Polygon", "coordinates": [ [ [ 611002.242421298637055, 8219000.283040727488697 ], [ 611002.242421298637055, 8218760.283040727488697 ], [ 611482.242421298637055, 8218760.283040727488697 ], [ 611482.242421298637055, 8219000.283040727488697 ], [ 611002.242421298637055, 8219000.283040727488697 ] ] ] } },
{ "type": "Feature", "properties": { "classe_codigo": 5, "classe": "consolidado", "f_2020": 1.0, "f_2025": 1.0, "S1": -0.005057, "S2": -0.001746, "S3": 0.026421, "concordancia": 0, "fracao_industrial": 0.0, "anel": "intraurbano", "dist_borda_urbano_2025_m": 0.0, "unidade": "moatize_vila", "area_km2": 0.2304 }, "geometry": { "type": "Polygon", "coordinates": [ [ [ 575242.242421298637055, 8219000.283040727488697 ], [ 575242.242421298637055, 8218760.283040727488697 ], [ 575482.242421298637055, 8218760.283040727488697 ], [ 575482.242421298637055, 8218520.283040727488697 ], [ 575722.242421298637055, 8218520.283040727488697 ], [ 575722.242421298637055, 8218760.283040727488697 ], [ 575962.242421298637055, 8218760.283040727488697 ], [ 575962.242421298637055, 8219000.283040727488697 ], [ 575242.242421298637055, 8219000.283040727488697 ] ] ] } },
{ "type": "Feature", "properties": { "classe_codigo": 3, "classe": "adensando", "f_2020": 0.046875, "f_2025": 0.046875, "S1": -0.088638, "S2": 0.008975, "S3": 0.441877, "concordancia": 2, "fracao_industrial": 0.0, "anel": "periurbano_0_1km", "dist_borda_urbano_2025_m": 67.08, "unidade": "tete", "area_km2": 0.0576 }, "geometry": { "type": "Polygon", "coordinates": [ [ [ 562042.242421298637055, 8218760.283040727488697 ], [ 562042.242421298637055, 8218520.283040727488697 ], [ 562282.242421298637055, 8218520.283040727488697 ], [ 562282.242421298637055, 8218760.283040727488697 ], [ 562042.242421298637055, 8218760.283040727488697 ] ] ] } },
{ "type": "Feature", "properties": { "classe_codigo": 3, "classe": "adensando", "f_2020": 0.4375, "f_2025": 0.640625, "S1": 0.056811, "S2": 0.002441, "S3": 0.39215, "concordancia": 3, "fracao_industrial": 0.0, "anel": "intraurbano", "dist_borda_urbano_2025_m": 0.0, "unidade": "tete", "area_km2": 0.0576 }, "geometry": { "type": "Polygon", "coordinates": [ [ [ 566122.242421298637055, 8218760.283040727488697 ], [ 566122.242421298637055, 8218520.283040727488697 ], [ 566362.242421298637055, 8218520.283040727488697 ], [ 566362.242421298637055, 8218760.283040727488697 ], [ 566122.242421298637055, 8218760.283040727488697 ] ] ] } },
{ "type": "Feature", "properties": { "classe_codigo": 4, "classe": "expansao_nova", "f_2020": 0.0, "f_2025": 0.0625, "S1": 0.156454, "S2": 0.002809, "S3": 0.661564, "concordancia": 3, "fracao_industrial": 0.0, "anel": "periurbano_0_1km", "dist_borda_urbano_2025_m": 120.0, "unidade": "tete", "area_km2": 0.0576 }, "geometry": { "type": "Polygon", "coordinates": [ [ [ 566362.242421298637055, 8218760.283040727488697 ], [ 566362.242421298637055, 8218520.283040727488697 ], [ 566602.242421298637055, 8218520.283040727488697 ], [ 566602.242421298637055, 8218760.283040727488697 ], [ 566362.242421298637055, 8218760.283040727488697 ] ] ] } },
{ "type": "Feature", "properties": { "classe_codigo": 3, "classe": "adensando", "f_2020": 0.265625, "f_2025": 0.359375, "S1": 0.009221, "S2": 0.0017, "S3": 0.380245, "concordancia": 3, "fracao_industrial": 0.0, "anel": "periurbano_0_1km", "dist_borda_urbano_2025_m": 42.43, "unidade": "tete", "area_km2": 0.0576 }, "geometry": { "type": "Polygon", "coordinates": [ [ [ 569002.242421298637055, 8218760.283040727488697 ], [ 569002.242421298637055, 8218520.283040727488697 ], [ 569242.242421298637055, 8218520.283040727488697 ], [ 569242.242421298637055, 8218760.283040727488697 ], [ 569002.242421298637055, 8218760.283040727488697 ] ] ] } },
{ "type": "Feature", "properties": { "classe_codigo": 4, "classe": "expansao_nova", "f_2020": 0.015625, "f_2025": 0.046875, "S1": 0.023795, "S2": -0.00062, "S3": 0.270257, "concordancia": 1, "fracao_industrial": 0.09375, "anel": "periurbano_0_1km", "dist_borda_urbano_2025_m": 67.08, "unidade": "moatize_vila", "area_km2": 0.0576 }, "geometry": { "type": "Polygon", "coordinates": [ [ [ 569962.242421298637055, 8218760.283040727488697 ], [ 569962.242421298637055, 8218520.283040727488697 ], [ 570202.242421298637055, 8218520.283040727488697 ], [ 570202.242421298637055, 8218760.283040727488697 ], [ 569962.242421298637055, 8218760.283040727488697 ] ] ] } },
{ "type": "Feature", "properties": { "classe_codigo": 4, "classe": "expansao_nova", "f_2020": 0.015625, "f_2025": 0.140625, "S1": 0.19066, "S2": -0.003922, "S3": 0.657902, "concordancia": 2, "fracao_industrial": 0.0, "anel": "periurbano_0_1km", "dist_borda_urbano_2025_m": 0.0, "unidade": "moatize_vila", "area_km2": 0.1728 }, "geometry": { "type": "Polygon", "coordinates": [ [ [ 574042.242421298637055, 8219000.283040727488697 ], [ 574042.242421298637055, 8218760.283040727488697 ], [ 573802.242421298637055, 8218760.283040727488697 ], [ 573802.242421298637055, 8218520.283040727488697 ], [ 574282.242421298637055, 8218520.283040727488697 ], [ 574282.242421298637055, 8219000.283040727488697 ], [ 574042.242421298637055, 8219000.283040727488697 ] ] ] } },
{ "type": "Feature", "properties": { "classe_codigo": 4, "classe": "expansao_nova", "f_2020": 0.015625, "f_2025": 0.078125, "S1": 0.101725, "S2": -0.005202, "S3": 0.570621, "concordancia": 2, "fracao_industrial": 0.0, "anel": "periurbano_0_1km", "dist_borda_urbano_2025_m": 84.85, "unidade": "moatize_vila", "area_km2": 0.1152 }, "geometry": { "type": "Polygon", "coordinates": [ [ [ 579562.242421298637055, 8218760.283040727488697 ], [ 579562.242421298637055, 8218520.283040727488697 ], [ 580042.242421298637055, 8218520.283040727488697 ], [ 580042.242421298637055, 8218760.283040727488697 ], [ 579562.242421298637055, 8218760.283040727488697 ] ] ] } },
{ "type": "Feature", "properties": { "classe_codigo": 2, "classe": "esparso_estavel", "f_2020": 0.03125, "f_2025": 0.046875, "S1": -0.042832, "S2": -0.008755, "S3": 0.392247, "concordancia": 1, "fracao_industrial": 0.0, "anel": "externo", "dist_borda_urbano_2025_m": 6174.03, "unidade": "mwaladzi", "area_km2": 0.0576 }, "geometry": { "type": "Polygon", "coordinates": [ [ [ 610762.242421298637055, 8218760.283040727488697 ], [ 610762.242421298637055, 8218520.283040727488697 ], [ 611002.242421298637055, 8218520.283040727488697 ], [ 611002.242421298637055, 8218760.283040727488697 ], [ 610762.242421298637055, 8218760.283040727488697 ] ] ] } },
{ "type": "Feature", "properties": { "classe_codigo": 2, "classe": "esparso_estavel", "f_2020": 0.328125, "f_2025": 0.375, "S1": -0.01517, "S2": -0.003084, "S3": 0.335999, "concordancia": 0, "fracao_industrial": 0.0, "anel": "periurbano_0_1km", "dist_borda_urbano_2025_m": 60.0, "unidade": "moatize_vila", "area_km2": 0.1728 }, "geometry": { "type": "Polygon", "coordinates": [ [ [ 573562.242421298637055, 8219000.283040727488697 ], [ 573562.242421298637055, 8218280.283040727488697 ], [ 573802.242421298637055, 8218280.283040727488697 ], [ 573802.242421298637055, 8219000.283040727488697 ], [ 573562.242421298637055, 8219000.283040727488697 ] ] ] } },
{ "type": "Feature", "properties": { "classe_codigo": 4, "classe": "expansao_nova", "f_2020": 0.0, "f_2025": 0.078125, "S1": 0.192148, "S2": -0.002778, "S3": 0.581745, "concordancia": 2, "fracao_industrial": 0.0, "anel": "externo", "dist_borda_urbano_2025_m": 5566.92, "unidade": "mwaladzi", "area_km2": 0.576 }, "geometry": { "type": "Polygon", "coordinates": [ [ [ 609562.242421298637055, 8219000.283040727488697 ], [ 609562.242421298637055, 8218520.283040727488697 ], [ 610042.242421298637055, 8218520.283040727488697 ], [ 610042.242421298637055, 8218280.283040727488697 ], [ 610282.242421298637055, 8218280.283040727488697 ], [ 610282.242421298637055, 8218520.283040727488697 ], [ 610522.242421298637055, 8218520.283040727488697 ], [ 610522.242421298637055, 8218280.283040727488697 ], [ 611002.242421298637055, 8218280.283040727488697 ], [ 611002.242421298637055, 8218520.283040727488697 ], [ 610762.242421298637055, 8218520.283040727488697 ], [ 610762.242421298637055, 8218760.283040727488697 ], [ 610522.242421298637055, 8218760.283040727488697 ], [ 610522.242421298637055, 8219000.283040727488697 ], [ 610282.242421298637055, 8219000.283040727488697 ], [ 610282.242421298637055, 8218760.283040727488697 ], [ 609802.242421298637055, 8218760.283040727488697 ], [ 609802.242421298637055, 8219000.283040727488697 ], [ 609562.242421298637055, 8219000.283040727488697 ] ] ] } },
{ "type": "Feature", "properties": { "classe_codigo": 2, "classe": "esparso_estavel", "f_2020": 0.875, "f_2025": 0.90625, "S1": -0.004462, "S2": -0.002336, "S3": 0.125391, "concordancia": 0, "fracao_industrial": 0.0, "anel": "periurbano_0_1km", "dist_borda_urbano_2025_m": 30.0, "unidade": "moatize_vila", "area_km2": 0.1152 }, "geometry": { "type": "Polygon", "coordinates": [ [ [ 577882.242421298637055, 8218760.283040727488697 ], [ 577882.242421298637055, 8218280.283040727488697 ], [ 578122.242421298637055, 8218280.283040727488697 ], [ 578122.242421298637055, 8218760.283040727488697 ], [ 577882.242421298637055, 8218760.283040727488697 ] ] ] } },
{ "type": "Feature", "properties": { "classe_codigo": 3, "classe": "adensando", "f_2020": 0.046875, "f_2025": 0.046875, "S1": -0.088638, "S2": 0.109567, "S3": 0.419319, "concordancia": 2, "fracao_industrial": 0.0, "anel": "periurbano_0_1km", "dist_borda_urbano_2025_m": 90.0, "unidade": "tete", "area_km2": 0.0576 }, "geometry": { "type": "Polygon", "coordinates": [ [ [ 560362.242421298637055, 8218520.283040727488697 ], [ 560362.242421298637055, 8218280.283040727488697 ], [ 560602.242421298637055, 8218280.283040727488697 ], [ 560602.242421298637055, 8218520.283040727488697 ], [ 560362.242421298637055, 8218520.283040727488697 ] ] ] } },
{ "type": "Feature", "properties": { "classe_codigo": 3, "classe": "adensando", "f_2020": 0.03125, "f_2025": 0.1875, "S1": 0.169244, "S2": 0.001149, "S3": 0.649578, "concordancia": 3, "fracao_industrial": 0.0, "anel": "periurbano_0_1km", "dist_borda_urbano_2025_m": 30.0, "unidade": "tete", "area_km2": 0.0576 }, "geometry": { "type": "Polygon", "coordinates": [ [ [ 564202.242421298637055, 8218520.283040727488697 ], [ 564202.242421298637055, 8218280.283040727488697 ], [ 564442.242421298637055, 8218280.283040727488697 ], [ 564442.242421298637055, 8218520.283040727488697 ], [ 564202.242421298637055, 8218520.283040727488697 ] ] ] } },
{ "type": "Feature", "properties": { "classe_codigo": 4, "classe": "expansao_nova", "f_2020": 0.0, "f_2025": 0.046875, "S1": 0.114218, "S2": 0.001484, "S3": 0.474682, "concordancia": 3, "fracao_industrial": 0.0, "anel": "periurbano_0_1km", "dist_borda_urbano_2025_m": 123.69, "unidade": "tete", "area_km2": 0.0576 }, "geometry": { "type": "Polygon", "coordinates": [ [ [ 566122.242421298637055, 8218520.283040727488697 ], [ 566122.242421298637055, 8218280.283040727488697 ], [ 566362.242421298637055, 8218280.283040727488697 ], [ 566362.242421298637055, 8218520.283040727488697 ], [ 566122.242421298637055, 8218520.283040727488697 ] ] ] } },
{ "type": "Feature", "properties": { "classe_codigo": 3, "classe": "adensando", "f_2020": 0.296875, "f_2025": 0.609375, "S1": 0.11511, "S2": -0.004613, "S3": 0.366637, "concordancia": 2, "fracao_industrial": 0.0, "anel": "periurbano_0_1km", "dist_borda_urbano_2025_m": 0.0, "unidade": "moatize_vila", "area_km2": 0.0576 }, "geometry": { "type": "Polygon", "coordinates": [ [ [ 579562.242421298637055, 8218520.283040727488697 ], [ 579562.242421298637055, 8218280.283040727488697 ], [ 579802.242421298637055, 8218280.283040727488697 ], [ 579802.242421298637055, 8218520.283040727488697 ], [ 579562.242421298637055, 8218520.283040727488697 ] ] ] } },
{ "type": "Feature", "properties": { "classe_codigo": 3, "classe": "adensando", "f_2020": 0.21875, "f_2025": 0.46875, "S1": 0.095479, "S2": 0.001117, "S3": 0.357685, "concordancia": 3, "fracao_industrial": 0.0, "anel": "periurbano_0_1km", "dist_borda_urbano_2025_m": 30.0, "unidade": "moatize_vila", "area_km2": 0.4608 }, "geometry": { "type": "Polygon", "coordinates": [ [ [ 575002.242421298637055, 8219000.283040727488697 ], [ 575002.242421298637055, 8218760.283040727488697 ], [ 574522.242421298637055, 8218760.283040727488697 ], [ 574522.242421298637055, 8218280.283040727488697 ], [ 574762.242421298637055, 8218280.283040727488697 ], [ 574762.242421298637055, 8218040.283040727488697 ], [ 575002.242421298637055, 8218040.283040727488697 ], [ 575002.242421298637055, 8218280.283040727488697 ], [ 575242.242421298637055, 8218280.283040727488697 ], [ 575242.242421298637055, 8219000.283040727488697 ], [ 575002.242421298637055, 8219000.283040727488697 ] ] ] } },
{ "type": "Feature", "properties": { "classe_codigo": 6, "classe": "pegada_industrial", "f_2020": 0.0, "f_2025": 0.0, "S1": 0.0, "S2": -0.000947, "S3": 0.552664, "concordancia": 0, "fracao_industrial": 0.765625, "anel": "periurbano_0_1km", "dist_borda_urbano_2025_m": 474.34, "unidade": "moatize_vila", "area_km2": 0.1152 }, "geometry": { "type": "Polygon", "coordinates": [ [ [ 570202.242421298637055, 8218520.283040727488697 ], [ 570202.242421298637055, 8218040.283040727488697 ], [ 570442.242421298637055, 8218040.283040727488697 ], [ 570442.242421298637055, 8218520.283040727488697 ], [ 570202.242421298637055, 8218520.283040727488697 ] ] ] } },
{ "type": "Feature", "properties": { "classe_codigo": 2, "classe": "esparso_estavel", "f_2020": 0.453125, "f_2025": 0.5, "S1": -0.014872, "S2": -1.7e-05, "S3": 0.319346, "concordancia": 0, "fracao_industrial": 0.0, "anel": "intraurbano", "dist_borda_urbano_2025_m": 0.0, "unidade": "moatize_vila", "area_km2": 0.1728 }, "geometry": { "type": "Polygon", "coordinates": [ [ [ 574282.242421298637055, 8218520.283040727488697 ], [ 574282.242421298637055, 8218040.283040727488697 ], [ 574762.242421298637055, 8218040.283040727488697 ], [ 574762.242421298637055, 8218280.283040727488697 ], [ 574522.242421298637055, 8218280.283040727488697 ], [ 574522.242421298637055, 8218520.283040727488697 ], [ 574282.242421298637055, 8218520.283040727488697 ] ] ] } },
{ "type": "Feature", "properties": { "classe_codigo": 2, "classe": "esparso_estavel", "f_2020": 0.859375, "f_2025": 0.875, "S1": -0.017252, "S2": -0.003947, "S3": 0.119217, "concordancia": 0, "fracao_industrial": 0.0, "anel": "intraurbano", "dist_borda_urbano_2025_m": 0.0, "unidade": "moatize_vila", "area_km2": 0.3456 }, "geometry": { "type": "Polygon", "coordinates": [ [ [ 579082.242421298637055, 8218760.283040727488697 ], [ 579082.242421298637055, 8218520.283040727488697 ], [ 578842.242421298637055, 8218520.283040727488697 ], [ 578842.242421298637055, 8218040.283040727488697 ], [ 579322.242421298637055, 8218040.283040727488697 ], [ 579322.242421298637055, 8218280.283040727488697 ], [ 579562.242421298637055, 8218280.283040727488697 ], [ 579562.242421298637055, 8218520.283040727488697 ], [ 579322.242421298637055, 8218520.283040727488697 ], [ 579322.242421298637055, 8218760.283040727488697 ], [ 579082.242421298637055, 8218760.283040727488697 ] ] ] } },
{ "type": "Feature", "properties": { "classe_codigo": 3, "classe": "adensando", "f_2020": 0.03125, "f_2025": 0.140625, "S1": 0.124033, "S2": -0.003891, "S3": 0.475016, "concordancia": 2, "fracao_industrial": 0.0, "anel": "externo", "dist_borda_urbano_2025_m": 6042.0, "unidade": "mwaladzi", "area_km2": 0.1152 }, "geometry": { "type": "Polygon", "coordinates": [ [ [ 610282.242421298637055, 8218520.283040727488697 ], [ 610282.242421298637055, 8218040.283040727488697 ], [ 610522.242421298637055, 8218040.283040727488697 ], [ 610522.242421298637055, 8218520.283040727488697 ], [ 610282.242421298637055, 8218520.283040727488697 ] ] ] } },
{ "type": "Feature", "properties": { "classe_codigo": 4, "classe": "expansao_nova", "f_2020": 0.0, "f_2025": 0.046875, "S1": 0.114218, "S2": -0.000107, "S3": 0.813221, "concordancia": 2, "fracao_industrial": 0.0, "anel": "periurbano_0_1km", "dist_borda_urbano_2025_m": 67.08, "unidade": "tete", "area_km2": 0.0576 }, "geometry": { "type": "Polygon", "coordinates": [ [ [ 563002.242421298637055, 8218280.283040727488697 ], [ 563002.242421298637055, 8218040.283040727488697 ], [ 563242.242421298637055, 8218040.283040727488697 ], [ 563242.242421298637055, 8218280.283040727488697 ], [ 563002.242421298637055, 8218280.283040727488697 ] ] ] } },
{ "type": "Feature", "properties": { "classe_codigo": 2, "classe": "esparso_estavel", "f_2020": 0.25, "f_2025": 0.3125, "S1": -0.003867, "S2": 0.001086, "S3": 0.423004, "concordancia": 1, "fracao_industrial": 0.0, "anel": "intraurbano", "dist_borda_urbano_2025_m": 0.0, "unidade": "tete", "area_km2": 0.0576 }, "geometry": { "type": "Polygon", "coordinates": [ [ [ 564202.242421298637055, 8218280.283040727488697 ], [ 564202.242421298637055, 8218040.283040727488697 ], [ 564442.242421298637055, 8218040.283040727488697 ], [ 564442.242421298637055, 8218280.283040727488697 ], [ 564202.242421298637055, 8218280.283040727488697 ] ] ] } },
{ "type": "Feature", "properties": { "classe_codigo": 3, "classe": "adensando", "f_2020": 0.09375, "f_2025": 0.09375, "S1": -0.065437, "S2": 0.002546, "S3": 0.501822, "concordancia": 2, "fracao_industrial": 0.0, "anel": "periurbano_0_1km", "dist_borda_urbano_2025_m": 67.08, "unidade": "tete", "area_km2": 0.0576 }, "geometry": { "type": "Polygon", "coordinates": [ [ [ 565162.242421298637055, 8218280.283040727488697 ], [ 565162.242421298637055, 8218040.283040727488697 ], [ 565402.242421298637055, 8218040.283040727488697 ], [ 565402.242421298637055, 8218280.283040727488697 ], [ 565162.242421298637055, 8218280.283040727488697 ] ] ] } },
{ "type": "Feature", "properties": { "classe_codigo": 3, "classe": "adensando", "f_2020": 0.03125, "f_2025": 0.03125, "S1": -0.100238, "S2": 0.00134, "S3": 0.514405, "concordancia": 2, "fracao_industrial": 0.0, "anel": "intraurbano", "dist_borda_urbano_2025_m": 0.0, "unidade": "tete", "area_km2": 0.0576 }, "geometry": { "type": "Polygon", "coordinates": [ [ [ 568282.242421298637055, 8218280.283040727488697 ], [ 568282.242421298637055, 8218040.283040727488697 ], [ 568522.242421298637055, 8218040.283040727488697 ], [ 568522.242421298637055, 8218280.283040727488697 ], [ 568282.242421298637055, 8218280.283040727488697 ] ] ] } },
{ "type": "Feature", "properties": { "classe_codigo": 3, "classe": "adensando", "f_2020": 0.21875, "f_2025": 0.25, "S1": -0.021416, "S2": 0.00313, "S3": 0.360461, "concordancia": 2, "fracao_industrial": 0.0, "anel": "periurbano_0_1km", "dist_borda_urbano_2025_m": 60.0, "unidade": "tete", "area_km2": 0.0576 }, "geometry": { "type": "Polygon", "coordinates": [ [ [ 568762.242421298637055, 8218280.283040727488697 ], [ 568762.242421298637055, 8218040.283040727488697 ], [ 569002.242421298637055, 8218040.283040727488697 ], [ 569002.242421298637055, 8218280.283040727488697 ], [ 568762.242421298637055, 8218280.283040727488697 ] ] ] } },
{ "type": "Feature", "properties": { "classe_codigo": 6, "classe": "pegada_industrial", "f_2020": 0.0, "f_2025": 0.0, "S1": 0.0, "S2": -0.002114, "S3": 0.0, "concordancia": 0, "fracao_industrial": 0.875, "anel": "periurbano_0_1km", "dist_borda_urbano_2025_m": 798.81, "unidade": "moatize_vila", "area_km2": 0.0576 }, "geometry": { "type": "Polygon", "coordinates": [ [ [ 570922.242421298637055, 8218280.283040727488697 ], [ 570922.242421298637055, 8218040.283040727488697 ], [ 571162.242421298637055, 8218040.283040727488697 ], [ 571162.242421298637055, 8218280.283040727488697 ], [ 570922.242421298637055, 8218280.283040727488697 ] ] ] } },
{ "type": "Feature", "properties": { "classe_codigo": 3, "classe": "adensando", "f_2020": 0.03125, "f_2025": 0.125, "S1": 0.10351, "S2": -0.000529, "S3": 0.478487, "concordancia": 2, "fracao_industrial": 0.0, "anel": "periurbano_0_1km", "dist_borda_urbano_2025_m": 60.0, "unidade": "moatize_vila", "area_km2": 0.2304 }, "geometry": { "type": "Polygon", "coordinates": [ [ [ 573802.242421298637055, 8218520.283040727488697 ], [ 573802.242421298637055, 8218280.283040727488697 ], [ 573562.242421298637055, 8218280.283040727488697 ], [ 573562.242421298637055, 8218040.283040727488697 ], [ 574042.242421298637055, 8218040.283040727488697 ], [ 574042.242421298637055, 8218280.283040727488697 ], [ 574282.242421298637055, 8218280.283040727488697 ], [ 574282.242421298637055, 8218520.283040727488697 ], [ 573802.242421298637055, 8218520.283040727488697 ] ] ] } },
{ "type": "Feature", "properties": { "classe_codigo": 4, "classe": "expansao_nova", "f_2020": 0.0, "f_2025": 0.125, "S1": 0.260559, "S2": 0.000988, "S3": 0.720214, "concordancia": 2, "fracao_industrial": 0.0625, "anel": "periurbano_0_1km", "dist_borda_urbano_2025_m": 42.43, "unidade": "moatize_vila", "area_km2": 0.0576 }, "geometry": { "type": "Polygon", "coordinates": [ [ [ 574042.242421298637055, 8218280.283040727488697 ], [ 574042.242421298637055, 8218040.283040727488697 ], [ 574282.242421298637055, 8218040.283040727488697 ], [ 574282.242421298637055, 8218280.283040727488697 ], [ 574042.242421298637055, 8218280.283040727488697 ] ] ] } },
{ "type": "Feature", "properties": { "classe_codigo": 4, "classe": "expansao_nova", "f_2020": 0.015625, "f_2025": 0.1875, "S1": 0.235872, "S2": 0.001475, "S3": 0.486637, "concordancia": 3, "fracao_industrial": 0.328125, "anel": "periurbano_0_1km", "dist_borda_urbano_2025_m": 94.87, "unidade": "moatize_vila", "area_km2": 0.0576 }, "geometry": { "type": "Polygon", "coordinates": [ [ [ 575002.242421298637055, 8218280.283040727488697 ], [ 575002.242421298637055, 8218040.283040727488697 ], [ 575242.242421298637055, 8218040.283040727488697 ], [ 575242.242421298637055, 8218280.283040727488697 ], [ 575002.242421298637055, 8218280.283040727488697 ] ] ] } },
{ "type": "Feature", "properties": { "classe_codigo": 3, "classe": "adensando", "f_2020": 0.078125, "f_2025": 0.171875, "S1": 0.050863, "S2": 0.001181, "S3": 0.456556, "concordancia": 3, "fracao_industrial": 0.203125, "anel": "periurbano_0_1km", "dist_borda_urbano_2025_m": 94.87, "unidade": "moatize_vila", "area_km2": 0.0576 }, "geometry": { "type": "Polygon", "coordinates": [ [ [ 575242.242421298637055, 8218280.283040727488697 ], [ 575242.242421298637055, 8218040.283040727488697 ], [ 575482.242421298637055, 8218040.283040727488697 ], [ 575482.242421298637055, 8218280.283040727488697 ], [ 575242.242421298637055, 8218280.283040727488697 ] ] ] } },
{ "type": "Feature", "properties": { "classe_codigo": 2, "classe": "esparso_estavel", "f_2020": 0.828125, "f_2025": 0.859375, "S1": -0.010113, "S2": -0.002022, "S3": 0.073605, "concordancia": 0, "fracao_industrial": 0.0, "anel": "intraurbano", "dist_borda_urbano_2025_m": 0.0, "unidade": "moatize_vila", "area_km2": 0.0576 }, "geometry": { "type": "Polygon", "coordinates": [ [ [ 577642.242421298637055, 8218280.283040727488697 ], [ 577642.242421298637055, 8218040.283040727488697 ], [ 577882.242421298637055, 8218040.283040727488697 ], [ 577882.242421298637055, 8218280.283040727488697 ], [ 577642.242421298637055, 8218280.283040727488697 ] ] ] } },
{ "type": "Feature", "properties": { "classe_codigo": 2, "classe": "esparso_estavel", "f_2020": 0.03125, "f_2025": 0.0625, "S1": -0.000595, "S2": -0.003516, "S3": 0.423481, "concordancia": 1, "fracao_industrial": 0.0, "anel": "externo", "dist_borda_urbano_2025_m": 6235.53, "unidade": "mwaladzi", "area_km2": 0.0576 }, "geometry": { "type": "Polygon", "coordinates": [ [ [ 610522.242421298637055, 8218280.283040727488697 ], [ 610522.242421298637055, 8218040.283040727488697 ], [ 610762.242421298637055, 8218040.283040727488697 ], [ 610762.242421298637055, 8218280.283040727488697 ], [ 610522.242421298637055, 8218280.283040727488697 ] ] ] } },
{ "type": "Feature", "properties": { "classe_codigo": 2, "classe": "esparso_estavel", "f_2020": 0.59375, "f_2025": 0.59375, "S1": -0.041642, "S2": 0.000873, "S3": 0.225674, "concordancia": 0, "fracao_industrial": 0.0, "anel": "periurbano_0_1km", "dist_borda_urbano_2025_m": 30.0, "unidade": "tete", "area_km2": 1.4976 }, "geometry": { "type": "Polygon", "coordinates": [ [ [ 568762.242421298637055, 8219960.283040727488697 ], [ 568762.242421298637055, 8219480.283040727488697 ], [ 569002.242421298637055, 8219480.283040727488697 ], [ 569002.242421298637055, 8219240.283040727488697 ], [ 568762.242421298637055, 8219240.283040727488697 ], [ 568762.242421298637055, 8218280.283040727488697 ], [ 569002.242421298637055, 8218280.283040727488697 ], [ 569002.242421298637055, 8217800.283040727488697 ], [ 569482.242421298637055, 8217800.283040727488697 ], [ 569482.242421298637055, 8218280.283040727488697 ], [ 569722.242421298637055, 8218280.283040727488697 ], [ 569722.242421298637055, 8218520.283040727488697 ], [ 569962.242421298637055, 8218520.283040727488697 ], [ 569962.242421298637055, 8218760.283040727488697 ], [ 569722.242421298637055, 8218760.283040727488697 ], [ 569722.242421298637055, 8219000.283040727488697 ], [ 569962.242421298637055, 8219000.283040727488697 ], [ 569962.242421298637055, 8219240.283040727488697 ], [ 569722.242421298637055, 8219240.283040727488697 ], [ 569722.242421298637055, 8219480.283040727488697 ], [ 569242.242421298637055, 8219480.283040727488697 ], [ 569242.242421298637055, 8219960.283040727488697 ], [ 568762.242421298637055, 8219960.283040727488697 ] ], [ [ 569002.242421298637055, 8219240.283040727488697 ], [ 569242.242421298637055, 8219240.283040727488697 ], [ 569242.242421298637055, 8219000.283040727488697 ], [ 569002.242421298637055, 8219000.283040727488697 ], [ 569002.242421298637055, 8219240.283040727488697 ] ], [ [ 569242.242421298637055, 8219000.283040727488697 ], [ 569482.242421298637055, 8219000.283040727488697 ], [ 569482.242421298637055, 8218760.283040727488697 ], [ 569242.242421298637055, 8218760.283040727488697 ], [ 569242.242421298637055, 8219000.283040727488697 ] ], [ [ 569002.242421298637055, 8218760.283040727488697 ], [ 569242.242421298637055, 8218760.283040727488697 ], [ 569242.242421298637055, 8218520.283040727488697 ], [ 569002.242421298637055, 8218520.283040727488697 ], [ 569002.242421298637055, 8218760.283040727488697 ] ] ] } },
{ "type": "Feature", "properties": { "classe_codigo": 2, "classe": "esparso_estavel", "f_2020": 0.5625, "f_2025": 0.59375, "S1": -0.026472, "S2": -0.000781, "S3": 0.200587, "concordancia": 0, "fracao_industrial": 0.0, "anel": "intraurbano", "dist_borda_urbano_2025_m": 0.0, "unidade": "moatize_vila", "area_km2": 0.8064 }, "geometry": { "type": "Polygon", "coordinates": [ [ [ 575962.242421298637055, 8219000.283040727488697 ], [ 575962.242421298637055, 8218760.283040727488697 ], [ 575722.242421298637055, 8218760.283040727488697 ], [ 575722.242421298637055, 8218520.283040727488697 ], [ 575482.242421298637055, 8218520.283040727488697 ], [ 575482.242421298637055, 8218760.283040727488697 ], [ 575242.242421298637055, 8218760.283040727488697 ], [ 575242.242421298637055, 8218280.283040727488697 ], [ 575482.242421298637055, 8218280.283040727488697 ], [ 575482.242421298637055, 8218040.283040727488697 ], [ 575722.242421298637055, 8218040.283040727488697 ], [ 575722.242421298637055, 8217800.283040727488697 ], [ 575962.242421298637055, 8217800.283040727488697 ], [ 575962.242421298637055, 8218280.283040727488697 ], [ 576202.242421298637055, 8218280.283040727488697 ], [ 576202.242421298637055, 8218520.283040727488697 ], [ 576442.242421298637055, 8218520.283040727488697 ], [ 576442.242421298637055, 8218760.283040727488697 ], [ 576682.242421298637055, 8218760.283040727488697 ], [ 576682.242421298637055, 8219000.283040727488697 ], [ 575962.242421298637055, 8219000.283040727488697 ] ] ] } },
{ "type": "Feature", "properties": { "classe_codigo": 2, "classe": "esparso_estavel", "f_2020": 0.125, "f_2025": 0.125, "S1": -0.061273, "S2": -0.001995, "S3": 0.204386, "concordancia": 0, "fracao_industrial": 0.0, "anel": "periurbano_0_1km", "dist_borda_urbano_2025_m": 84.85, "unidade": "tete", "area_km2": 0.1152 }, "geometry": { "type": "Polygon", "coordinates": [ [ [ 554362.242421298637055, 8218280.283040727488697 ], [ 554362.242421298637055, 8217800.283040727488697 ], [ 554602.242421298637055, 8217800.283040727488697 ], [ 554602.242421298637055, 8218280.283040727488697 ], [ 554362.242421298637055, 8218280.283040727488697 ] ] ] } },
{ "type": "Feature", "properties": { "classe_codigo": 2, "classe": "esparso_estavel", "f_2020": 0.046875, "f_2025": 0.046875, "S1": -0.088638, "S2": -0.001995, "S3": 0.24979, "concordancia": 0, "fracao_industrial": 0.0, "anel": "intraurbano", "dist_borda_urbano_2025_m": 0.0, "unidade": "tete", "area_km2": 0.1152 }, "geometry": { "type": "Polygon", "coordinates": [ [ [ 556522.242421298637055, 8218040.283040727488697 ], [ 556522.242421298637055, 8217800.283040727488697 ], [ 557002.242421298637055, 8217800.283040727488697 ], [ 557002.242421298637055, 8218040.283040727488697 ], [ 556522.242421298637055, 8218040.283040727488697 ] ] ] } },
{ "type": "Feature", "properties": { "classe_codigo": 4, "classe": "expansao_nova", "f_2020": 0.0, "f_2025": 0.0625, "S1": 0.156454, "S2": 0.02006, "S3": 0.701821, "concordancia": 3, "fracao_industrial": 0.0, "anel": "periurbano_0_1km", "dist_borda_urbano_2025_m": 67.08, "unidade": "tete", "area_km2": 0.0576 }, "geometry": { "type": "Polygon", "coordinates": [ [ [ 561322.242421298637055, 8218040.283040727488697 ], [ 561322.242421298637055, 8217800.283040727488697 ], [ 561562.242421298637055, 8217800.283040727488697 ], [ 561562.242421298637055, 8218040.283040727488697 ], [ 561322.242421298637055, 8218040.283040727488697 ] ] ] } },
{ "type": "Feature", "properties": { "classe_codigo": 3, "classe": "adensando", "f_2020": 0.171875, "f_2025": 0.359375, "S1": 0.074063, "S2": -0.000161, "S3": 0.436237, "concordancia": 2, "fracao_industrial": 0.0, "anel": "periurbano_0_1km", "dist_borda_urbano_2025_m": 0.0, "unidade": "tete", "area_km2": 0.0576 }, "geometry": { "type": "Polygon", "coordinates": [ [ [ 563722.242421298637055, 8218040.283040727488697 ], [ 563722.242421298637055, 8217800.283040727488697 ], [ 563962.242421298637055, 8217800.283040727488697 ], [ 563962.242421298637055, 8218040.283040727488697 ], [ 563722.242421298637055, 8218040.283040727488697 ] ] ] } },
{ "type": "Feature", "properties": { "classe_codigo": 2, "classe": "esparso_estavel", "f_2020": 0.15625, "f_2025": 0.1875, "S1": -0.027662, "S2": 0.000483, "S3": 0.468462, "concordancia": 1, "fracao_industrial": 0.0, "anel": "periurbano_0_1km", "dist_borda_urbano_2025_m": 42.43, "unidade": "tete", "area_km2": 0.0576 }, "geometry": { "type": "Polygon", "coordinates": [ [ [ 563962.242421298637055, 8218040.283040727488697 ], [ 563962.242421298637055, 8217800.283040727488697 ], [ 564202.242421298637055, 8217800.283040727488697 ], [ 564202.242421298637055, 8218040.283040727488697 ], [ 563962.242421298637055, 8218040.283040727488697 ] ] ] } },
{ "type": "Feature", "properties": { "classe_codigo": 5, "classe": "consolidado", "f_2020": 0.953125, "f_2025": 0.953125, "S1": -0.023498, "S2": -0.001126, "S3": 0.046914, "concordancia": 0, "fracao_industrial": 0.0, "anel": "intraurbano", "dist_borda_urbano_2025_m": 0.0, "unidade": "moatize_vila", "area_km2": 0.0576 }, "geometry": { "type": "Polygon", "coordinates": [ [ [ 577642.242421298637055, 8218040.283040727488697 ], [ 577642.242421298637055, 8217800.283040727488697 ], [ 577882.242421298637055, 8217800.283040727488697 ], [ 577882.242421298637055, 8218040.283040727488697 ], [ 577642.242421298637055, 8218040.283040727488697 ] ] ] } },
{ "type": "Feature", "properties": { "classe_codigo": 5, "classe": "consolidado", "f_2020": 0.921875, "f_2025": 0.984375, "S1": 0.052052, "S2": -0.002103, "S3": 0.133375, "concordancia": 1, "fracao_industrial": 0.0, "anel": "periurbano_0_1km", "dist_borda_urbano_2025_m": 0.0, "unidade": "moatize_vila", "area_km2": 0.0576 }, "geometry": { "type": "Polygon", "coordinates": [ [ [ 579802.242421298637055, 8218040.283040727488697 ], [ 579802.242421298637055, 8217800.283040727488697 ], [ 580042.242421298637055, 8217800.283040727488697 ], [ 580042.242421298637055, 8218040.283040727488697 ], [ 579802.242421298637055, 8218040.283040727488697 ] ] ] } },
{ "type": "Feature", "properties": { "classe_codigo": 2, "classe": "esparso_estavel", "f_2020": 0.375, "f_2025": 0.375, "S1": -0.044021, "S2": 0.113634, "S3": -0.148692, "concordancia": 1, "fracao_industrial": 0.0, "anel": "periurbano_0_1km", "dist_borda_urbano_2025_m": 60.0, "unidade": "tete", "area_km2": 0.4608 }, "geometry": { "type": "Polygon", "coordinates": [ [ [ 560362.242421298637055, 8218280.283040727488697 ], [ 560362.242421298637055, 8217560.283040727488697 ], [ 560842.242421298637055, 8217560.283040727488697 ], [ 560842.242421298637055, 8217800.283040727488697 ], [ 561082.242421298637055, 8217800.283040727488697 ], [ 561082.242421298637055, 8218280.283040727488697 ], [ 560362.242421298637055, 8218280.283040727488697 ] ] ] } },
{ "type": "Feature", "properties": { "classe_codigo": 5, "classe": "consolidado", "f_2020": 0.984375, "f_2025": 0.984375, "S1": -0.016359, "S2": -0.001586, "S3": 0.075027, "concordancia": 0, "fracao_industrial": 0.0, "anel": "intraurbano", "dist_borda_urbano_2025_m": 0.0, "unidade": "moatize_vila", "area_km2": 1.0944 }, "geometry": { "type": "Polygon", "coordinates": [ [ [ 578122.242421298637055, 8218760.283040727488697 ], [ 578122.242421298637055, 8218280.283040727488697 ], [ 577882.242421298637055, 8218280.283040727488697 ], [ 577882.242421298637055, 8218040.283040727488697 ], [ 578122.242421298637055, 8218040.283040727488697 ], [ 578122.242421298637055, 8217800.283040727488697 ], [ 578842.242421298637055, 8217800.283040727488697 ], [ 578842.242421298637055, 8217560.283040727488697 ], [ 579082.242421298637055, 8217560.283040727488697 ], [ 579082.242421298637055, 8217800.283040727488697 ], [ 579562.242421298637055, 8217800.283040727488697 ], [ 579562.242421298637055, 8218280.283040727488697 ], [ 579322.242421298637055, 8218280.283040727488697 ], [ 579322.242421298637055, 8218040.283040727488697 ], [ 578842.242421298637055, 8218040.283040727488697 ], [ 578842.242421298637055, 8218520.283040727488697 ], [ 579082.242421298637055, 8218520.283040727488697 ], [ 579082.242421298637055, 8218760.283040727488697 ], [ 578122.242421298637055, 8218760.283040727488697 ] ] ] } },
{ "type": "Feature", "properties": { "classe_codigo": 4, "classe": "expansao_nova", "f_2020": 0.0, "f_2025": 0.203125, "S1": 0.342951, "S2": 0.002298, "S3": 0.819121, "concordancia": 3, "fracao_industrial": 0.0, "anel": "periurbano_0_1km", "dist_borda_urbano_2025_m": 0.0, "unidade": "tete", "area_km2": 0.1728 }, "geometry": { "type": "Polygon", "coordinates": [ [ [ 565162.242421298637055, 8218040.283040727488697 ], [ 565162.242421298637055, 8217560.283040727488697 ], [ 565642.242421298637055, 8217560.283040727488697 ], [ 565642.242421298637055, 8217800.283040727488697 ], [ 565402.242421298637055, 8217800.283040727488697 ], [ 565402.242421298637055, 8218040.283040727488697 ], [ 565162.242421298637055, 8218040.283040727488697 ] ] ] } },
{ "type": "Feature", "properties": { "classe_codigo": 4, "classe": "expansao_nova", "f_2020": 0.015625, "f_2025": 0.03125, "S1": -0.033611, "S2": -0.000115, "S3": 0.658423, "concordancia": 1, "fracao_industrial": 0.0, "anel": "periurbano_0_1km", "dist_borda_urbano_2025_m": 108.17, "unidade": "tete", "area_km2": 0.0576 }, "geometry": { "type": "Polygon", "coordinates": [ [ [ 563242.242421298637055, 8217800.283040727488697 ], [ 563242.242421298637055, 8217560.283040727488697 ], [ 563482.242421298637055, 8217560.283040727488697 ], [ 563482.242421298637055, 8217800.283040727488697 ], [ 563242.242421298637055, 8217800.283040727488697 ] ] ] } },
{ "type": "Feature", "properties": { "classe_codigo": 3, "classe": "adensando", "f_2020": 0.046875, "f_2025": 0.078125, "S1": -0.010708, "S2": 0.00119, "S3": 0.56768, "concordancia": 2, "fracao_industrial": 0.0, "anel": "periurbano_0_1km", "dist_borda_urbano_2025_m": 108.17, "unidade": "tete", "area_km2": 0.1152 }, "geometry": { "type": "Polygon", "coordinates": [ [ [ 563962.242421298637055, 8217800.283040727488697 ], [ 563962.242421298637055, 8217560.283040727488697 ], [ 564442.242421298637055, 8217560.283040727488697 ], [ 564442.242421298637055, 8217800.283040727488697 ], [ 563962.242421298637055, 8217800.283040727488697 ] ] ] } },
{ "type": "Feature", "properties": { "classe_codigo": 5, "classe": "consolidado", "f_2020": 0.953125, "f_2025": 0.984375, "S1": 0.0232, "S2": -0.001586, "S3": 0.116149, "concordancia": 1, "fracao_industrial": 0.0, "anel": "intraurbano", "dist_borda_urbano_2025_m": 0.0, "unidade": "moatize_vila", "area_km2": 0.0576 }, "geometry": { "type": "Polygon", "coordinates": [ [ [ 577162.242421298637055, 8217800.283040727488697 ], [ 577162.242421298637055, 8217560.283040727488697 ], [ 577402.242421298637055, 8217560.283040727488697 ], [ 577402.242421298637055, 8217800.283040727488697 ], [ 577162.242421298637055, 8217800.283040727488697 ] ] ] } },
{ "type": "Feature", "properties": { "classe_codigo": 3, "classe": "adensando", "f_2020": 0.203125, "f_2025": 0.296875, "S1": 0.019036, "S2": -0.000712, "S3": 0.375309, "concordancia": 2, "fracao_industrial": 0.0, "anel": "periurbano_0_1km", "dist_borda_urbano_2025_m": 90.0, "unidade": "moatize_vila", "area_km2": 0.0576 }, "geometry": { "type": "Polygon", "coordinates": [ [ [ 577642.242421298637055, 8217800.283040727488697 ], [ 577642.242421298637055, 8217560.283040727488697 ], [ 577882.242421298637055, 8217560.283040727488697 ], [ 577882.242421298637055, 8217800.283040727488697 ], [ 577642.242421298637055, 8217800.283040727488697 ] ] ] } },
{ "type": "Feature", "properties": { "classe_codigo": 6, "classe": "pegada_industrial", "f_2020": 0.0, "f_2025": 0.0, "S1": 0.0, "S2": 0.004251, "S3": 0.642374, "concordancia": 0, "fracao_industrial": 1.0, "anel": "periurbano_0_1km", "dist_borda_urbano_2025_m": 570.79, "unidade": "moatize_vila", "area_km2": 2.9952 }, "geometry": { "type": "Polygon", "coordinates": [ [ [ 571162.242421298637055, 8219240.283040727488697 ], [ 571162.242421298637055, 8219000.283040727488697 ], [ 570922.242421298637055, 8219000.283040727488697 ], [ 570922.242421298637055, 8218760.283040727488697 ], [ 571882.242421298637055, 8218760.283040727488697 ], [ 571882.242421298637055, 8218520.283040727488697 ], [ 572362.242421298637055, 8218520.283040727488697 ], [ 572362.242421298637055, 8218280.283040727488697 ], [ 572122.242421298637055, 8218280.283040727488697 ], [ 572122.242421298637055, 8217560.283040727488697 ], [ 572602.242421298637055, 8217560.283040727488697 ], [ 572602.242421298637055, 8217320.283040727488697 ], [ 573322.242421298637055, 8217320.283040727488697 ], [ 573322.242421298637055, 8217560.283040727488697 ], [ 573802.242421298637055, 8217560.283040727488697 ], [ 573802.242421298637055, 8217800.283040727488697 ], [ 574042.242421298637055, 8217800.283040727488697 ], [ 574042.242421298637055, 8218040.283040727488697 ], [ 573562.242421298637055, 8218040.283040727488697 ], [ 573562.242421298637055, 8219000.283040727488697 ], [ 573322.242421298637055, 8219000.283040727488697 ], [ 573322.242421298637055, 8219240.283040727488697 ], [ 572362.242421298637055, 8219240.283040727488697 ], [ 572362.242421298637055, 8218760.283040727488697 ], [ 572122.242421298637055, 8218760.283040727488697 ], [ 572122.242421298637055, 8219240.283040727488697 ], [ 571642.242421298637055, 8219240.283040727488697 ], [ 571642.242421298637055, 8219000.283040727488697 ], [ 571402.242421298637055, 8219000.283040727488697 ], [ 571402.242421298637055, 8219240.283040727488697 ], [ 571162.242421298637055, 8219240.283040727488697 ] ], [ [ 573082.242421298637055, 8217800.283040727488697 ], [ 573322.242421298637055, 8217800.283040727488697 ], [ 573322.242421298637055, 8217560.283040727488697 ], [ 573082.242421298637055, 8217560.283040727488697 ], [ 573082.242421298637055, 8217800.283040727488697 ] ] ] } },
{ "type": "Feature", "properties": { "classe_codigo": 5, "classe": "consolidado", "f_2020": 1.0, "f_2025": 1.0, "S1": -0.005057, "S2": -0.001682, "S3": 0.023645, "concordancia": 0, "fracao_industrial": 0.0, "anel": "intraurbano", "dist_borda_urbano_2025_m": 0.0, "unidade": "moatize_vila", "area_km2": 1.7856 }, "geometry": { "type": "Polygon", "coordinates": [ [ [ 576682.242421298637055, 8219000.283040727488697 ], [ 576682.242421298637055, 8218760.283040727488697 ], [ 576442.242421298637055, 8218760.283040727488697 ], [ 576442.242421298637055, 8218520.283040727488697 ], [ 576202.242421298637055, 8218520.283040727488697 ], [ 576202.242421298637055, 8218280.283040727488697 ], [ 575962.242421298637055, 8218280.283040727488697 ], [ 575962.242421298637055, 8217800.283040727488697 ], [ 576202.242421298637055, 8217800.283040727488697 ], [ 576202.242421298637055, 8217320.283040727488697 ], [ 577162.242421298637055, 8217320.283040727488697 ], [ 577162.242421298637055, 8217560.283040727488697 ], [ 576682.242421298637055, 8217560.283040727488697 ], [ 576682.242421298637055, 8217800.283040727488697 ], [ 576922.242421298637055, 8217800.283040727488697 ], [ 576922.242421298637055, 8218280.283040727488697 ], [ 577402.242421298637055, 8218280.283040727488697 ], [ 577402.242421298637055, 8218040.283040727488697 ], [ 577642.242421298637055, 8218040.283040727488697 ], [ 577642.242421298637055, 8218280.283040727488697 ], [ 577882.242421298637055, 8218280.283040727488697 ], [ 577882.242421298637055, 8218760.283040727488697 ], [ 577402.242421298637055, 8218760.283040727488697 ], [ 577402.242421298637055, 8219000.283040727488697 ], [ 576682.242421298637055, 8219000.283040727488697 ] ] ] } },
{ "type": "Feature", "properties": { "classe_codigo": 4, "classe": "expansao_nova", "f_2020": 0.015625, "f_2025": 0.046875, "S1": 0.023795, "S2": 0.002077, "S3": 0.700241, "concordancia": 3, "fracao_industrial": 0.0, "anel": "periurbano_0_1km", "dist_borda_urbano_2025_m": 108.17, "unidade": "tete", "area_km2": 0.4032 }, "geometry": { "type": "Polygon", "coordinates": [ [ [ 564442.242421298637055, 8218280.283040727488697 ], [ 564442.242421298637055, 8218040.283040727488697 ], [ 564202.242421298637055, 8218040.283040727488697 ], [ 564202.242421298637055, 8217800.283040727488697 ], [ 564682.242421298637055, 8217800.283040727488697 ], [ 564682.242421298637055, 8217320.283040727488697 ], [ 565162.242421298637055, 8217320.283040727488697 ], [ 565162.242421298637055, 8217560.283040727488697 ], [ 564922.242421298637055, 8217560.283040727488697 ], [ 564922.242421298637055, 8218040.283040727488697 ], [ 564682.242421298637055, 8218040.283040727488697 ], [ 564682.242421298637055, 8218280.283040727488697 ], [ 564442.242421298637055, 8218280.283040727488697 ] ] ] } },
{ "type": "Feature", "properties": { "classe_codigo": 3, "classe": "adensando", "f_2020": 0.59375, "f_2025": 0.71875, "S1": 0.026472, "S2": 0.001889, "S3": 0.211446, "concordancia": 2, "fracao_industrial": 0.0, "anel": "intraurbano", "dist_borda_urbano_2025_m": 0.0, "unidade": "moatize_vila", "area_km2": 0.3456 }, "geometry": { "type": "Polygon", "coordinates": [ [ [ 575482.242421298637055, 8218040.283040727488697 ], [ 575482.242421298637055, 8217320.283040727488697 ], [ 575722.242421298637055, 8217320.283040727488697 ], [ 575722.242421298637055, 8217560.283040727488697 ], [ 575962.242421298637055, 8217560.283040727488697 ], [ 575962.242421298637055, 8217320.283040727488697 ], [ 576202.242421298637055, 8217320.283040727488697 ], [ 576202.242421298637055, 8217800.283040727488697 ], [ 575722.242421298637055, 8217800.283040727488697 ], [ 575722.242421298637055, 8218040.283040727488697 ], [ 575482.242421298637055, 8218040.283040727488697 ] ] ] } },
{ "type": "Feature", "properties": { "classe_codigo": 4, "classe": "expansao_nova", "f_2020": 0.0, "f_2025": 0.140625, "S1": 0.281083, "S2": -0.00046, "S3": 0.81808, "concordancia": 2, "fracao_industrial": 0.0, "anel": "periurbano_0_1km", "dist_borda_urbano_2025_m": 94.87, "unidade": "tete", "area_km2": 0.0576 }, "geometry": { "type": "Polygon", "coordinates": [ [ [ 563482.242421298637055, 8217560.283040727488697 ], [ 563482.242421298637055, 8217320.283040727488697 ], [ 563722.242421298637055, 8217320.283040727488697 ], [ 563722.242421298637055, 8217560.283040727488697 ], [ 563482.242421298637055, 8217560.283040727488697 ] ] ] } },
{ "type": "Feature", "properties": { "classe_codigo": 3, "classe": "adensando", "f_2020": 0.15625, "f_2025": 0.15625, "S1": -0.054432, "S2": 0.001321, "S3": 0.404606, "concordancia": 2, "fracao_industrial": 0.0, "anel": "intraurbano", "dist_borda_urbano_2025_m": 0.0, "unidade": "tete", "area_km2": 0.0576 }, "geometry": { "type": "Polygon", "coordinates": [ [ [ 565882.242421298637055, 8217560.283040727488697 ], [ 565882.242421298637055, 8217320.283040727488697 ], [ 566122.242421298637055, 8217320.283040727488697 ], [ 566122.242421298637055, 8217560.283040727488697 ], [ 565882.242421298637055, 8217560.283040727488697 ] ] ] } },
{ "type": "Feature", "properties": { "classe_codigo": 3, "classe": "adensando", "f_2020": 0.03125, "f_2025": 0.109375, "S1": 0.085961, "S2": -0.001301, "S3": 0.486989, "concordancia": 2, "fracao_industrial": 0.0, "anel": "periurbano_0_1km", "dist_borda_urbano_2025_m": 67.08, "unidade": "tete", "area_km2": 0.0576 }, "geometry": { "type": "Polygon", "coordinates": [ [ [ 568042.242421298637055, 8217560.283040727488697 ], [ 568042.242421298637055, 8217320.283040727488697 ], [ 568282.242421298637055, 8217320.283040727488697 ], [ 568282.242421298637055, 8217560.283040727488697 ], [ 568042.242421298637055, 8217560.283040727488697 ] ] ] } },
{ "type": "Feature", "properties": { "classe_codigo": 2, "classe": "esparso_estavel", "f_2020": 0.46875, "f_2025": 0.46875, "S1": -0.039857, "S2": 0.002537, "S3": 0.191982, "concordancia": 1, "fracao_industrial": 0.0, "anel": "periurbano_0_1km", "dist_borda_urbano_2025_m": 30.0, "unidade": "moatize_vila", "area_km2": 0.0576 }, "geometry": { "type": "Polygon", "coordinates": [ [ [ 575722.242421298637055, 8217560.283040727488697 ], [ 575722.242421298637055, 8217320.283040727488697 ], [ 575962.242421298637055, 8217320.283040727488697 ], [ 575962.242421298637055, 8217560.283040727488697 ], [ 575722.242421298637055, 8217560.283040727488697 ] ] ] } },
{ "type": "Feature", "properties": { "classe_codigo": 3, "classe": "adensando", "f_2020": 0.53125, "f_2025": 0.703125, "S1": 0.045509, "S2": 0.000666, "S3": 0.358118, "concordancia": 2, "fracao_industrial": 0.140625, "anel": "periurbano_0_1km", "dist_borda_urbano_2025_m": 30.0, "unidade": "moatize_vila", "area_km2": 0.0576 }, "geometry": { "type": "Polygon", "coordinates": [ [ [ 578362.242421298637055, 8217560.283040727488697 ], [ 578362.242421298637055, 8217320.283040727488697 ], [ 578602.242421298637055, 8217320.283040727488697 ], [ 578602.242421298637055, 8217560.283040727488697 ], [ 578362.242421298637055, 8217560.283040727488697 ] ] ] } },
{ "type": "Feature", "properties": { "classe_codigo": 3, "classe": "adensando", "f_2020": 0.15625, "f_2025": 0.515625, "S1": 0.163296, "S2": -0.001212, "S3": 0.426643, "concordancia": 2, "fracao_industrial": 0.0, "anel": "periurbano_0_1km", "dist_borda_urbano_2025_m": 30.0, "unidade": "moatize_vila", "area_km2": 0.0576 }, "geometry": { "type": "Polygon", "coordinates": [ [ [ 579802.242421298637055, 8217560.283040727488697 ], [ 579802.242421298637055, 8217320.283040727488697 ], [ 580042.242421298637055, 8217320.283040727488697 ], [ 580042.242421298637055, 8217560.283040727488697 ], [ 579802.242421298637055, 8217560.283040727488697 ] ] ] } },
{ "type": "Feature", "properties": { "classe_codigo": 3, "classe": "adensando", "f_2020": 0.09375, "f_2025": 0.25, "S1": 0.091315, "S2": -0.001057, "S3": 0.495576, "concordancia": 2, "fracao_industrial": 0.0, "anel": "periurbano_0_1km", "dist_borda_urbano_2025_m": 0.0, "unidade": "moatize_vila", "area_km2": 0.0576 }, "geometry": { "type": "Polygon", "coordinates": [ [ [ 580282.242421298637055, 8217560.283040727488697 ], [ 580282.242421298637055, 8217320.283040727488697 ], [ 580522.242421298637055, 8217320.283040727488697 ], [ 580522.242421298637055, 8217560.283040727488697 ], [ 580282.242421298637055, 8217560.283040727488697 ] ] ] } },
{ "type": "Feature", "properties": { "classe_codigo": 4, "classe": "expansao_nova", "f_2020": 0.0, "f_2025": 0.0625, "S1": 0.156454, "S2": -0.000237, "S3": 0.584, "concordancia": 2, "fracao_industrial": 0.0, "anel": "periurbano_0_1km", "dist_borda_urbano_2025_m": 90.0, "unidade": "moatize_vila", "area_km2": 0.0576 }, "geometry": { "type": "Polygon", "coordinates": [ [ [ 580522.242421298637055, 8217560.283040727488697 ], [ 580522.242421298637055, 8217320.283040727488697 ], [ 580762.242421298637055, 8217320.283040727488697 ], [ 580762.242421298637055, 8217560.283040727488697 ], [ 580522.242421298637055, 8217560.283040727488697 ] ] ] } },
{ "type": "Feature", "properties": { "classe_codigo": 2, "classe": "esparso_estavel", "f_2020": 0.078125, "f_2025": 0.140625, "S1": 0.019334, "S2": -0.001995, "S3": -0.060709, "concordancia": 1, "fracao_industrial": 0.0, "anel": "periurbano_0_1km", "dist_borda_urbano_2025_m": 0.0, "unidade": "tete", "area_km2": 0.1152 }, "geometry": { "type": "Polygon", "coordinates": [ [ [ 559402.242421298637055, 8217320.283040727488697 ], [ 559402.242421298637055, 8217080.283040727488697 ], [ 559882.242421298637055, 8217080.283040727488697 ], [ 559882.242421298637055, 8217320.283040727488697 ], [ 559402.242421298637055, 8217320.283040727488697 ] ] ] } },
{ "type": "Feature", "properties": { "classe_codigo": 3, "classe": "adensando", "f_2020": 0.0625, "f_2025": 0.09375, "S1": -0.010708, "S2": 0.001321, "S3": 0.574945, "concordancia": 2, "fracao_industrial": 0.0, "anel": "periurbano_0_1km", "dist_borda_urbano_2025_m": 30.0, "unidade": "tete", "area_km2": 0.0576 }, "geometry": { "type": "Polygon", "coordinates": [ [ [ 562762.242421298637055, 8217320.283040727488697 ], [ 562762.242421298637055, 8217080.283040727488697 ], [ 563002.242421298637055, 8217080.283040727488697 ], [ 563002.242421298637055, 8217320.283040727488697 ], [ 562762.242421298637055, 8217320.283040727488697 ] ] ] } },
{ "type": "Feature", "properties": { "classe_codigo": 2, "classe": "esparso_estavel", "f_2020": 0.15625, "f_2025": 0.171875, "S1": -0.041344, "S2": 0.000498, "S3": 0.447639, "concordancia": 1, "fracao_industrial": 0.0, "anel": "periurbano_0_1km", "dist_borda_urbano_2025_m": 0.0, "unidade": "tete", "area_km2": 0.0576 }, "geometry": { "type": "Polygon", "coordinates": [ [ [ 563002.242421298637055, 8217320.283040727488697 ], [ 563002.242421298637055, 8217080.283040727488697 ], [ 563242.242421298637055, 8217080.283040727488697 ], [ 563242.242421298637055, 8217320.283040727488697 ], [ 563002.242421298637055, 8217320.283040727488697 ] ] ] } },
{ "type": "Feature", "properties": { "classe_codigo": 3, "classe": "adensando", "f_2020": 0.03125, "f_2025": 0.328125, "S1": 0.266508, "S2": 0.002057, "S3": 0.659816, "concordancia": 3, "fracao_industrial": 0.0, "anel": "periurbano_0_1km", "dist_borda_urbano_2025_m": 0.0, "unidade": "tete", "area_km2": 0.0576 }, "geometry": { "type": "Polygon", "coordinates": [ [ [ 564682.242421298637055, 8217320.283040727488697 ], [ 564682.242421298637055, 8217080.283040727488697 ], [ 564922.242421298637055, 8217080.283040727488697 ], [ 564922.242421298637055, 8217320.283040727488697 ], [ 564682.242421298637055, 8217320.283040727488697 ] ] ] } },
{ "type": "Feature", "properties": { "classe_codigo": 3, "classe": "adensando", "f_2020": 0.3125, "f_2025": 0.3125, "S1": -0.035693, "S2": 0.001505, "S3": 0.399507, "concordancia": 2, "fracao_industrial": 0.0, "anel": "intraurbano", "dist_borda_urbano_2025_m": 0.0, "unidade": "tete", "area_km2": 0.0576 }, "geometry": { "type": "Polygon", "coordinates": [ [ [ 565642.242421298637055, 8217320.283040727488697 ], [ 565642.242421298637055, 8217080.283040727488697 ], [ 565882.242421298637055, 8217080.283040727488697 ], [ 565882.242421298637055, 8217320.283040727488697 ], [ 565642.242421298637055, 8217320.283040727488697 ] ] ] } },
{ "type": "Feature", "properties": { "classe_codigo": 2, "classe": "esparso_estavel", "f_2020": 0.0625, "f_2025": 0.0625, "S1": -0.076443, "S2": -0.000427, "S3": 0.373661, "concordancia": 1, "fracao_industrial": 0.0, "anel": "periurbano_0_1km", "dist_borda_urbano_2025_m": 67.08, "unidade": "tete", "area_km2": 0.0576 }, "geometry": { "type": "Polygon", "coordinates": [ [ [ 567082.242421298637055, 8217320.283040727488697 ], [ 567082.242421298637055, 8217080.283040727488697 ], [ 567322.242421298637055, 8217080.283040727488697 ], [ 567322.242421298637055, 8217320.283040727488697 ], [ 567082.242421298637055, 8217320.283040727488697 ] ] ] } },
{ "type": "Feature", "properties": { "classe_codigo": 2, "classe": "esparso_estavel", "f_2020": 0.734375, "f_2025": 0.8125, "S1": 0.012493, "S2": 0.000565, "S3": 0.231604, "concordancia": 1, "fracao_industrial": 0.140625, "anel": "intraurbano", "dist_borda_urbano_2025_m": 0.0, "unidade": "moatize_vila", "area_km2": 0.2304 }, "geometry": { "type": "Polygon", "coordinates": [ [ [ 576202.242421298637055, 8217320.283040727488697 ], [ 576202.242421298637055, 8217080.283040727488697 ], [ 577162.242421298637055, 8217080.283040727488697 ], [ 577162.242421298637055, 8217320.283040727488697 ], [ 576202.242421298637055, 8217320.283040727488697 ] ] ] } },
{ "type": "Feature", "properties": { "classe_codigo": 6, "classe": "pegada_industrial", "f_2020": 0.0, "f_2025": 0.0, "S1": 0.0, "S2": 0.000124, "S3": 0.981433, "concordancia": 0, "fracao_industrial": 1.0, "anel": "periurbano_0_1km", "dist_borda_urbano_2025_m": 210.0, "unidade": "moatize_vila", "area_km2": 0.0576 }, "geometry": { "type": "Polygon", "coordinates": [ [ [ 577882.242421298637055, 8217320.283040727488697 ], [ 577882.242421298637055, 8217080.283040727488697 ], [ 578122.242421298637055, 8217080.283040727488697 ], [ 578122.242421298637055, 8217320.283040727488697 ], [ 577882.242421298637055, 8217320.283040727488697 ] ] ] } },
{ "type": "Feature", "properties": { "classe_codigo": 3, "classe": "adensando", "f_2020": 0.328125, "f_2025": 0.546875, "S1": 0.06395, "S2": 0.000925, "S3": 0.374694, "concordancia": 2, "fracao_industrial": 0.0, "anel": "periurbano_0_1km", "dist_borda_urbano_2025_m": 42.43, "unidade": "moatize_vila", "area_km2": 0.1152 }, "geometry": { "type": "Polygon", "coordinates": [ [ [ 578602.242421298637055, 8217320.283040727488697 ], [ 578602.242421298637055, 8217080.283040727488697 ], [ 579082.242421298637055, 8217080.283040727488697 ], [ 579082.242421298637055, 8217320.283040727488697 ], [ 578602.242421298637055, 8217320.283040727488697 ] ] ] } },
{ "type": "Feature", "properties": { "classe_codigo": 5, "classe": "consolidado", "f_2020": 0.9375, "f_2025": 1.0, "S1": 0.109161, "S2": -0.000368, "S3": 0.051449, "concordancia": 1, "fracao_industrial": 0.0, "anel": "intraurbano", "dist_borda_urbano_2025_m": 0.0, "unidade": "moatize_vila", "area_km2": 0.0576 }, "geometry": { "type": "Polygon", "coordinates": [ [ [ 579322.242421298637055, 8217320.283040727488697 ], [ 579322.242421298637055, 8217080.283040727488697 ], [ 579562.242421298637055, 8217080.283040727488697 ], [ 579562.242421298637055, 8217320.283040727488697 ], [ 579322.242421298637055, 8217320.283040727488697 ] ] ] } },
{ "type": "Feature", "properties": { "classe_codigo": 3, "classe": "adensando", "f_2020": 0.203125, "f_2025": 0.421875, "S1": 0.085068, "S2": -0.000982, "S3": 0.439164, "concordancia": 2, "fracao_industrial": 0.0, "anel": "periurbano_0_1km", "dist_borda_urbano_2025_m": 30.0, "unidade": "moatize_vila", "area_km2": 0.0576 }, "geometry": { "type": "Polygon", "coordinates": [ [ [ 579562.242421298637055, 8217320.283040727488697 ], [ 579562.242421298637055, 8217080.283040727488697 ], [ 579802.242421298637055, 8217080.283040727488697 ], [ 579802.242421298637055, 8217320.283040727488697 ], [ 579562.242421298637055, 8217320.283040727488697 ] ] ] } },
{ "type": "Feature", "properties": { "classe_codigo": 2, "classe": "esparso_estavel", "f_2020": 0.53125, "f_2025": 0.734375, "S1": 0.063058, "S2": -0.001379, "S3": 0.273961, "concordancia": 1, "fracao_industrial": 0.0, "anel": "intraurbano", "dist_borda_urbano_2025_m": 0.0, "unidade": "moatize_vila", "area_km2": 2.5344 }, "geometry": { "type": "Polygon", "coordinates": [ [ [ 579802.242421298637055, 8218520.283040727488697 ], [ 579802.242421298637055, 8218280.283040727488697 ], [ 579562.242421298637055, 8218280.283040727488697 ], [ 579562.242421298637055, 8217800.283040727488697 ], [ 579082.242421298637055, 8217800.283040727488697 ], [ 579082.242421298637055, 8217560.283040727488697 ], [ 578842.242421298637055, 8217560.283040727488697 ], [ 578842.242421298637055, 8217800.283040727488697 ], [ 578122.242421298637055, 8217800.283040727488697 ], [ 578122.242421298637055, 8218040.283040727488697 ], [ 577882.242421298637055, 8218040.283040727488697 ], [ 577882.242421298637055, 8217560.283040727488697 ], [ 577642.242421298637055, 8217560.283040727488697 ], [ 577642.242421298637055, 8218040.283040727488697 ], [ 577402.242421298637055, 8218040.283040727488697 ], [ 577402.242421298637055, 8218280.283040727488697 ], [ 576922.242421298637055, 8218280.283040727488697 ], [ 576922.242421298637055, 8217800.283040727488697 ], [ 576682.242421298637055, 8217800.283040727488697 ], [ 576682.242421298637055, 8217560.283040727488697 ], [ 577162.242421298637055, 8217560.283040727488697 ], [ 577162.242421298637055, 8217320.283040727488697 ], [ 578362.242421298637055, 8217320.283040727488697 ], [ 578362.242421298637055, 8217560.283040727488697 ], [ 578602.242421298637055, 8217560.283040727488697 ], [ 578602.242421298637055, 8217320.283040727488697 ], [ 579082.242421298637055, 8217320.283040727488697 ], [ 579082.242421298637055, 8217080.283040727488697 ], [ 579322.242421298637055, 8217080.283040727488697 ], [ 579322.242421298637055, 8217320.283040727488697 ], [ 579802.242421298637055, 8217320.283040727488697 ], [ 579802.242421298637055, 8216840.283040727488697 ], [ 580042.242421298637055, 8216840.283040727488697 ], [ 580042.242421298637055, 8217080.283040727488697 ], [ 580522.242421298637055, 8217080.283040727488697 ], [ 580522.242421298637055, 8217320.283040727488697 ], [ 580282.242421298637055, 8217320.283040727488697 ], [ 580282.242421298637055, 8218040.283040727488697 ], [ 580522.242421298637055, 8218040.283040727488697 ], [ 580522.242421298637055, 8217800.283040727488697 ], [ 580762.242421298637055, 8217800.283040727488697 ], [ 580762.242421298637055, 8218280.283040727488697 ], [ 580282.242421298637055, 8218280.283040727488697 ], [ 580282.242421298637055, 8218520.283040727488697 ], [ 579802.242421298637055, 8218520.283040727488697 ] ], [ [ 579802.242421298637055, 8218040.283040727488697 ], [ 580042.242421298637055, 8218040.283040727488697 ], [ 580042.242421298637055, 8217800.283040727488697 ], [ 579802.242421298637055, 8217800.283040727488697 ], [ 579802.242421298637055, 8218040.283040727488697 ] ], [ [ 577162.242421298637055, 8217800.283040727488697 ], [ 577402.242421298637055, 8217800.283040727488697 ], [ 577402.242421298637055, 8217560.283040727488697 ], [ 577162.242421298637055, 8217560.283040727488697 ], [ 577162.242421298637055, 8217800.283040727488697 ] ], [ [ 579802.242421298637055, 8217560.283040727488697 ], [ 580042.242421298637055, 8217560.283040727488697 ], [ 580042.242421298637055, 8217320.283040727488697 ], [ 579802.242421298637055, 8217320.283040727488697 ], [ 579802.242421298637055, 8217560.283040727488697 ] ] ] } },
{ "type": "Feature", "properties": { "classe_codigo": 2, "classe": "esparso_estavel", "f_2020": 0.125, "f_2025": 0.125, "S1": -0.061273, "S2": -0.001995, "S3": -0.374479, "concordancia": 0, "fracao_industrial": 0.0, "anel": "periurbano_0_1km", "dist_borda_urbano_2025_m": 30.0, "unidade": "tete", "area_km2": 0.1152 }, "geometry": { "type": "Polygon", "coordinates": [ [ [ 556762.242421298637055, 8217080.283040727488697 ], [ 556762.242421298637055, 8216840.283040727488697 ], [ 557242.242421298637055, 8216840.283040727488697 ], [ 557242.242421298637055, 8217080.283040727488697 ], [ 556762.242421298637055, 8217080.283040727488697 ] ] ] } },
{ "type": "Feature", "properties": { "classe_codigo": 2, "classe": "esparso_estavel", "f_2020": 0.140625, "f_2025": 0.140625, "S1": -0.056514, "S2": -0.003837, "S3": -0.210997, "concordancia": 0, "fracao_industrial": 0.0, "anel": "periurbano_0_1km", "dist_borda_urbano_2025_m": 108.17, "unidade": "tete", "area_km2": 0.0576 }, "geometry": { "type": "Polygon", "coordinates": [ [ [ 559882.242421298637055, 8217080.283040727488697 ], [ 559882.242421298637055, 8216840.283040727488697 ], [ 560122.242421298637055, 8216840.283040727488697 ], [ 560122.242421298637055, 8217080.283040727488697 ], [ 559882.242421298637055, 8217080.283040727488697 ] ] ] } },
{ "type": "Feature", "properties": { "classe_codigo": 4, "classe": "expansao_nova", "f_2020": 0.0, "f_2025": 0.140625, "S1": 0.281083, "S2": 0.001256, "S3": 0.774353, "concordancia": 3, "fracao_industrial": 0.0, "anel": "periurbano_0_1km", "dist_borda_urbano_2025_m": 60.0, "unidade": "tete", "area_km2": 0.0576 }, "geometry": { "type": "Polygon", "coordinates": [ [ [ 562762.242421298637055, 8217080.283040727488697 ], [ 562762.242421298637055, 8216840.283040727488697 ], [ 563002.242421298637055, 8216840.283040727488697 ], [ 563002.242421298637055, 8217080.283040727488697 ], [ 562762.242421298637055, 8217080.283040727488697 ] ] ] } },
{ "type": "Feature", "properties": { "classe_codigo": 3, "classe": "adensando", "f_2020": 0.109375, "f_2025": 0.234375, "S1": 0.061273, "S2": -0.000354, "S3": 0.556483, "concordancia": 2, "fracao_industrial": 0.0, "anel": "periurbano_0_1km", "dist_borda_urbano_2025_m": 30.0, "unidade": "tete", "area_km2": 0.4608 }, "geometry": { "type": "Polygon", "coordinates": [ [ [ 563242.242421298637055, 8217560.283040727488697 ], [ 563242.242421298637055, 8217080.283040727488697 ], [ 563002.242421298637055, 8217080.283040727488697 ], [ 563002.242421298637055, 8216840.283040727488697 ], [ 563722.242421298637055, 8216840.283040727488697 ], [ 563722.242421298637055, 8217080.283040727488697 ], [ 564202.242421298637055, 8217080.283040727488697 ], [ 564202.242421298637055, 8217320.283040727488697 ], [ 563482.242421298637055, 8217320.283040727488697 ], [ 563482.242421298637055, 8217560.283040727488697 ], [ 563242.242421298637055, 8217560.283040727488697 ] ] ] } },
{ "type": "Feature", "properties": { "classe_codigo": 4, "classe": "expansao_nova", "f_2020": 0.0, "f_2025": 0.1875, "S1": 0.326294, "S2": 0.00063, "S3": 0.702168, "concordancia": 2, "fracao_industrial": 0.0, "anel": "periurbano_0_1km", "dist_borda_urbano_2025_m": 30.0, "unidade": "tete", "area_km2": 0.0576 }, "geometry": { "type": "Polygon", "coordinates": [ [ [ 565162.242421298637055, 8217080.283040727488697 ], [ 565162.242421298637055, 8216840.283040727488697 ], [ 565402.242421298637055, 8216840.283040727488697 ], [ 565402.242421298637055, 8217080.283040727488697 ], [ 565162.242421298637055, 8217080.283040727488697 ] ] ] } },
{ "type": "Feature", "properties": { "classe_codigo": 3, "classe": "adensando", "f_2020": 0.078125, "f_2025": 0.25, "S1": 0.117192, "S2": 0.000496, "S3": 0.502539, "concordancia": 2, "fracao_industrial": 0.0, "anel": "periurbano_0_1km", "dist_borda_urbano_2025_m": 30.0, "unidade": "tete", "area_km2": 0.0576 }, "geometry": { "type": "Polygon", "coordinates": [ [ [ 565402.242421298637055, 8217080.283040727488697 ], [ 565402.242421298637055, 8216840.283040727488697 ], [ 565642.242421298637055, 8216840.283040727488697 ], [ 565642.242421298637055, 8217080.283040727488697 ], [ 565402.242421298637055, 8217080.283040727488697 ] ] ] } },
{ "type": "Feature", "properties": { "classe_codigo": 3, "classe": "adensando", "f_2020": 0.03125, "f_2025": 0.078125, "S1": 0.035098, "S2": 0.003006, "S3": 0.501218, "concordancia": 3, "fracao_industrial": 0.609375, "anel": "periurbano_0_1km", "dist_borda_urbano_2025_m": 108.17, "unidade": "moatize_vila", "area_km2": 0.0576 }, "geometry": { "type": "Polygon", "coordinates": [ [ [ 576442.242421298637055, 8217080.283040727488697 ], [ 576442.242421298637055, 8216840.283040727488697 ], [ 576682.242421298637055, 8216840.283040727488697 ], [ 576682.242421298637055, 8217080.283040727488697 ], [ 576442.242421298637055, 8217080.283040727488697 ] ] ] } },
{ "type": "Feature", "properties": { "classe_codigo": 6, "classe": "pegada_industrial", "f_2020": 0.0, "f_2025": 0.0, "S1": 0.0, "S2": 0.002734, "S3": 0.890682, "concordancia": 0, "fracao_industrial": 0.890625, "anel": "periurbano_0_1km", "dist_borda_urbano_2025_m": 152.97, "unidade": "moatize_vila", "area_km2": 0.1152 }, "geometry": { "type": "Polygon", "coordinates": [ [ [ 578602.242421298637055, 8217080.283040727488697 ], [ 578602.242421298637055, 8216840.283040727488697 ], [ 579082.242421298637055, 8216840.283040727488697 ], [ 579082.242421298637055, 8217080.283040727488697 ], [ 578602.242421298637055, 8217080.283040727488697 ] ] ] } },
{ "type": "Feature", "properties": { "classe_codigo": 3, "classe": "adensando", "f_2020": 0.359375, "f_2025": 0.625, "S1": 0.085366, "S2": 0.001425, "S3": 0.361979, "concordancia": 3, "fracao_industrial": 0.0, "anel": "periurbano_0_1km", "dist_borda_urbano_2025_m": 30.0, "unidade": "moatize_vila", "area_km2": 0.1152 }, "geometry": { "type": "Polygon", "coordinates": [ [ [ 579082.242421298637055, 8217080.283040727488697 ], [ 579082.242421298637055, 8216840.283040727488697 ], [ 579562.242421298637055, 8216840.283040727488697 ], [ 579562.242421298637055, 8217080.283040727488697 ], [ 579082.242421298637055, 8217080.283040727488697 ] ] ] } },
{ "type": "Feature", "properties": { "classe_codigo": 3, "classe": "adensando", "f_2020": 0.09375, "f_2025": 0.265625, "S1": 0.101725, "S2": 0.001273, "S3": 0.453237, "concordancia": 3, "fracao_industrial": 0.0, "anel": "periurbano_0_1km", "dist_borda_urbano_2025_m": 67.08, "unidade": "moatize_vila", "area_km2": 0.1152 }, "geometry": { "type": "Polygon", "coordinates": [ [ [ 580042.242421298637055, 8217080.283040727488697 ], [ 580042.242421298637055, 8216840.283040727488697 ], [ 580522.242421298637055, 8216840.283040727488697 ], [ 580522.242421298637055, 8217080.283040727488697 ], [ 580042.242421298637055, 8217080.283040727488697 ] ] ] } },
{ "type": "Feature", "properties": { "classe_codigo": 2, "classe": "esparso_estavel", "f_2020": 0.328125, "f_2025": 0.328125, "S1": -0.039262, "S2": -0.001995, "S3": 0.192151, "concordancia": 0, "fracao_industrial": 0.0, "anel": "intraurbano", "dist_borda_urbano_2025_m": 0.0, "unidade": "tete", "area_km2": 0.576 }, "geometry": { "type": "Polygon", "coordinates": [ [ [ 558442.242421298637055, 8217560.283040727488697 ], [ 558442.242421298637055, 8217080.283040727488697 ], [ 558682.242421298637055, 8217080.283040727488697 ], [ 558682.242421298637055, 8216840.283040727488697 ], [ 558922.242421298637055, 8216840.283040727488697 ], [ 558922.242421298637055, 8216600.283040727488697 ], [ 559162.242421298637055, 8216600.283040727488697 ], [ 559162.242421298637055, 8216840.283040727488697 ], [ 559402.242421298637055, 8216840.283040727488697 ], [ 559402.242421298637055, 8217080.283040727488697 ], [ 559162.242421298637055, 8217080.283040727488697 ], [ 559162.242421298637055, 8217560.283040727488697 ], [ 558442.242421298637055, 8217560.283040727488697 ] ] ] } },
{ "type": "Feature", "properties": { "classe_codigo": 2, "classe": "esparso_estavel", "f_2020": 0.03125, "f_2025": 0.03125, "S1": -0.100238, "S2": -0.001995, "S3": -0.12953, "concordancia": 0, "fracao_industrial": 0.0, "anel": "periurbano_0_1km", "dist_borda_urbano_2025_m": 134.16, "unidade": "tete", "area_km2": 0.1152 }, "geometry": { "type": "Polygon", "coordinates": [ [ [ 557482.242421298637055, 8217080.283040727488697 ], [ 557482.242421298637055, 8216600.283040727488697 ], [ 557722.242421298637055, 8216600.283040727488697 ], [ 557722.242421298637055, 8217080.283040727488697 ], [ 557482.242421298637055, 8217080.283040727488697 ] ] ] } },
{ "type": "Feature", "properties": { "classe_codigo": 2, "classe": "esparso_estavel", "f_2020": 0.046875, "f_2025": 0.046875, "S1": -0.088638, "S2": -0.001995, "S3": -0.176377, "concordancia": 0, "fracao_industrial": 0.0, "anel": "periurbano_0_1km", "dist_borda_urbano_2025_m": 94.87, "unidade": "tete", "area_km2": 0.1152 }, "geometry": { "type": "Polygon", "coordinates": [ [ [ 555802.242421298637055, 8216840.283040727488697 ], [ 555802.242421298637055, 8216600.283040727488697 ], [ 556282.242421298637055, 8216600.283040727488697 ], [ 556282.242421298637055, 8216840.283040727488697 ], [ 555802.242421298637055, 8216840.283040727488697 ] ] ] } },
{ "type": "Feature", "properties": { "classe_codigo": 5, "classe": "consolidado", "f_2020": 0.90625, "f_2025": 0.921875, "S1": -0.010113, "S2": -0.000176, "S3": 0.144801, "concordancia": 0, "fracao_industrial": 0.0, "anel": "intraurbano", "dist_borda_urbano_2025_m": 0.0, "unidade": "tete", "area_km2": 0.0576 }, "geometry": { "type": "Polygon", "coordinates": [ [ [ 563722.242421298637055, 8216840.283040727488697 ], [ 563722.242421298637055, 8216600.283040727488697 ], [ 563962.242421298637055, 8216600.283040727488697 ], [ 563962.242421298637055, 8216840.283040727488697 ], [ 563722.242421298637055, 8216840.283040727488697 ] ] ] } },
{ "type": "Feature", "properties": { "classe_codigo": 3, "classe": "adensando", "f_2020": 0.046875, "f_2025": 0.28125, "S1": 0.195419, "S2": -0.001006, "S3": 0.643682, "concordancia": 2, "fracao_industrial": 0.0, "anel": "periurbano_0_1km", "dist_borda_urbano_2025_m": 30.0, "unidade": "tete", "area_km2": 0.0576 }, "geometry": { "type": "Polygon", "coordinates": [ [ [ 565882.242421298637055, 8216840.283040727488697 ], [ 565882.242421298637055, 8216600.283040727488697 ], [ 566122.242421298637055, 8216600.283040727488697 ], [ 566122.242421298637055, 8216840.283040727488697 ], [ 565882.242421298637055, 8216840.283040727488697 ] ] ] } },
{ "type": "Feature", "properties": { "classe_codigo": 5, "classe": "consolidado", "f_2020": 0.90625, "f_2025": 0.90625, "S1": -0.022011, "S2": -0.002018, "S3": 0.14029, "concordancia": 0, "fracao_industrial": 0.0, "anel": "intraurbano", "dist_borda_urbano_2025_m": 0.0, "unidade": "tete", "area_km2": 0.0576 }, "geometry": { "type": "Polygon", "coordinates": [ [ [ 567322.242421298637055, 8216840.283040727488697 ], [ 567322.242421298637055, 8216600.283040727488697 ], [ 567562.242421298637055, 8216600.283040727488697 ], [ 567562.242421298637055, 8216840.283040727488697 ], [ 567322.242421298637055, 8216840.283040727488697 ] ] ] } },
{ "type": "Feature", "properties": { "classe_codigo": 4, "classe": "expansao_nova", "f_2020": 0.0, "f_2025": 0.03125, "S1": 0.056811, "S2": -0.002013, "S3": 0.750754, "concordancia": 2, "fracao_industrial": 0.0, "anel": "periurbano_0_1km", "dist_borda_urbano_2025_m": 90.0, "unidade": "tete", "area_km2": 0.0576 }, "geometry": { "type": "Polygon", "coordinates": [ [ [ 568282.242421298637055, 8216840.283040727488697 ], [ 568282.242421298637055, 8216600.283040727488697 ], [ 568522.242421298637055, 8216600.283040727488697 ], [ 568522.242421298637055, 8216840.283040727488697 ], [ 568282.242421298637055, 8216840.283040727488697 ] ] ] } },
{ "type": "Feature", "properties": { "classe_codigo": 6, "classe": "pegada_industrial", "f_2020": 0.0, "f_2025": 0.0, "S1": 0.0, "S2": 0.001824, "S3": 0.42634, "concordancia": 0, "fracao_industrial": 0.9375, "anel": "periurbano_0_1km", "dist_borda_urbano_2025_m": 695.84, "unidade": "moatize_vila", "area_km2": 1.152 }, "geometry": { "type": "Polygon", "coordinates": [ [ [ 575242.242421298637055, 8218040.283040727488697 ], [ 575242.242421298637055, 8217560.283040727488697 ], [ 574042.242421298637055, 8217560.283040727488697 ], [ 574042.242421298637055, 8216840.283040727488697 ], [ 573802.242421298637055, 8216840.283040727488697 ], [ 573802.242421298637055, 8216600.283040727488697 ], [ 574522.242421298637055, 8216600.283040727488697 ], [ 574522.242421298637055, 8217080.283040727488697 ], [ 574762.242421298637055, 8217080.283040727488697 ], [ 574762.242421298637055, 8216840.283040727488697 ], [ 575242.242421298637055, 8216840.283040727488697 ], [ 575242.242421298637055, 8217080.283040727488697 ], [ 575482.242421298637055, 8217080.283040727488697 ], [ 575482.242421298637055, 8218040.283040727488697 ], [ 575242.242421298637055, 8218040.283040727488697 ] ], [ [ 574762.242421298637055, 8217320.283040727488697 ], [ 575002.242421298637055, 8217320.283040727488697 ], [ 575002.242421298637055, 8217080.283040727488697 ], [ 574762.242421298637055, 8217080.283040727488697 ], [ 574762.242421298637055, 8217320.283040727488697 ] ] ] } },
{ "type": "Feature", "properties": { "classe_codigo": 4, "classe": "expansao_nova", "f_2020": 0.015625, "f_2025": 0.140625, "S1": 0.19066, "S2": 0.001002, "S3": 0.679419, "concordancia": 2, "fracao_industrial": 0.0, "anel": "periurbano_0_1km", "dist_borda_urbano_2025_m": 30.0, "unidade": "moatize_vila", "area_km2": 0.1728 }, "geometry": { "type": "Polygon", "coordinates": [ [ [ 579562.242421298637055, 8217080.283040727488697 ], [ 579562.242421298637055, 8216840.283040727488697 ], [ 579322.242421298637055, 8216840.283040727488697 ], [ 579322.242421298637055, 8216600.283040727488697 ], [ 579802.242421298637055, 8216600.283040727488697 ], [ 579802.242421298637055, 8217080.283040727488697 ], [ 579562.242421298637055, 8217080.283040727488697 ] ] ] } },
{ "type": "Feature", "properties": { "classe_codigo": 3, "classe": "adensando", "f_2020": 0.3125, "f_2025": 0.484375, "S1": 0.05235, "S2": -0.000735, "S3": 0.360118, "concordancia": 2, "fracao_industrial": 0.0, "anel": "periurbano_0_1km", "dist_borda_urbano_2025_m": 30.0, "unidade": "tete", "area_km2": 0.1152 }, "geometry": { "type": "Polygon", "coordinates": [ [ [ 567802.242421298637055, 8216840.283040727488697 ], [ 567802.242421298637055, 8216360.283040727488697 ], [ 568042.242421298637055, 8216360.283040727488697 ], [ 568042.242421298637055, 8216840.283040727488697 ], [ 567802.242421298637055, 8216840.283040727488697 ] ] ] } },
{ "type": "Feature", "properties": { "classe_codigo": 2, "classe": "esparso_estavel", "f_2020": 0.0625, "f_2025": 0.0625, "S1": -0.076443, "S2": -0.00166, "S3": -0.285544, "concordancia": 0, "fracao_industrial": 0.0, "anel": "periurbano_0_1km", "dist_borda_urbano_2025_m": 94.87, "unidade": "tete", "area_km2": 0.1152 }, "geometry": { "type": "Polygon", "coordinates": [ [ [ 568762.242421298637055, 8216840.283040727488697 ], [ 568762.242421298637055, 8216360.283040727488697 ], [ 569002.242421298637055, 8216360.283040727488697 ], [ 569002.242421298637055, 8216840.283040727488697 ], [ 568762.242421298637055, 8216840.283040727488697 ] ] ] } },
{ "type": "Feature", "properties": { "classe_codigo": 3, "classe": "adensando", "f_2020": 0.203125, "f_2025": 0.28125, "S1": 0.009816, "S2": -0.001505, "S3": 0.359345, "concordancia": 2, "fracao_industrial": 0.0, "anel": "periurbano_0_1km", "dist_borda_urbano_2025_m": 30.0, "unidade": "tete", "area_km2": 0.0576 }, "geometry": { "type": "Polygon", "coordinates": [ [ [ 564922.242421298637055, 8216600.283040727488697 ], [ 564922.242421298637055, 8216360.283040727488697 ], [ 565162.242421298637055, 8216360.283040727488697 ], [ 565162.242421298637055, 8216600.283040727488697 ], [ 564922.242421298637055, 8216600.283040727488697 ] ] ] } },
{ "type": "Feature", "properties": { "classe_codigo": 2, "classe": "esparso_estavel", "f_2020": 0.0625, "f_2025": 0.0625, "S1": -0.076443, "S2": 0.000138, "S3": -0.285544, "concordancia": 0, "fracao_industrial": 0.0, "anel": "periurbano_0_1km", "dist_borda_urbano_2025_m": 90.0, "unidade": "moatize_vila", "area_km2": 0.0576 }, "geometry": { "type": "Polygon", "coordinates": [ [ [ 570202.242421298637055, 8216600.283040727488697 ], [ 570202.242421298637055, 8216360.283040727488697 ], [ 570442.242421298637055, 8216360.283040727488697 ], [ 570442.242421298637055, 8216600.283040727488697 ], [ 570202.242421298637055, 8216600.283040727488697 ] ] ] } },
{ "type": "Feature", "properties": { "classe_codigo": 6, "classe": "pegada_industrial", "f_2020": 0.0, "f_2025": 0.0, "S1": 0.0, "S2": 0.007491, "S3": 0.788999, "concordancia": 0, "fracao_industrial": 1.0, "anel": "periurbano_0_1km", "dist_borda_urbano_2025_m": 360.0, "unidade": "moatize_vila", "area_km2": 0.0576 }, "geometry": { "type": "Polygon", "coordinates": [ [ [ 579082.242421298637055, 8216600.283040727488697 ], [ 579082.242421298637055, 8216360.283040727488697 ], [ 579322.242421298637055, 8216360.283040727488697 ], [ 579322.242421298637055, 8216600.283040727488697 ], [ 579082.242421298637055, 8216600.283040727488697 ] ] ] } },
{ "type": "Feature", "properties": { "classe_codigo": 2, "classe": "esparso_estavel", "f_2020": 0.140625, "f_2025": 0.140625, "S1": -0.056514, "S2": -0.00121, "S3": 0.224367, "concordancia": 0, "fracao_industrial": 0.0, "anel": "periurbano_0_1km", "dist_borda_urbano_2025_m": 67.08, "unidade": "tete", "area_km2": 0.0576 }, "geometry": { "type": "Polygon", "coordinates": [ [ [ 569482.242421298637055, 8216360.283040727488697 ], [ 569482.242421298637055, 8216120.283040727488697 ], [ 569722.242421298637055, 8216120.283040727488697 ], [ 569722.242421298637055, 8216360.283040727488697 ], [ 569482.242421298637055, 8216360.283040727488697 ] ] ] } },
{ "type": "Feature", "properties": { "classe_codigo": 6, "classe": "pegada_industrial", "f_2020": 0.0, "f_2025": 0.0, "S1": 0.0, "S2": 0.007571, "S3": 0.810342, "concordancia": 0, "fracao_industrial": 0.828125, "anel": "periurbano_0_1km", "dist_borda_urbano_2025_m": 212.13, "unidade": "moatize_vila", "area_km2": 0.0576 }, "geometry": { "type": "Polygon", "coordinates": [ [ [ 579322.242421298637055, 8216360.283040727488697 ], [ 579322.242421298637055, 8216120.283040727488697 ], [ 579562.242421298637055, 8216120.283040727488697 ], [ 579562.242421298637055, 8216360.283040727488697 ], [ 579322.242421298637055, 8216360.283040727488697 ] ] ] } },
{ "type": "Feature", "properties": { "classe_codigo": 2, "classe": "esparso_estavel", "f_2020": 0.671875, "f_2025": 0.703125, "S1": -0.016657, "S2": 0.003433, "S3": 0.236262, "concordancia": 1, "fracao_industrial": 0.0, "anel": "intraurbano", "dist_borda_urbano_2025_m": 0.0, "unidade": "moatize_vila", "area_km2": 0.0576 }, "geometry": { "type": "Polygon", "coordinates": [ [ [ 579802.242421298637055, 8216360.283040727488697 ], [ 579802.242421298637055, 8216120.283040727488697 ], [ 580042.242421298637055, 8216120.283040727488697 ], [ 580042.242421298637055, 8216360.283040727488697 ], [ 579802.242421298637055, 8216360.283040727488697 ] ] ] } },
{ "type": "Feature", "properties": { "classe_codigo": 3, "classe": "adensando", "f_2020": 0.359375, "f_2025": 0.53125, "S1": 0.038667, "S2": 0.001264, "S3": 0.326581, "concordancia": 2, "fracao_industrial": 0.0, "anel": "intraurbano", "dist_borda_urbano_2025_m": 0.0, "unidade": "tete", "area_km2": 0.4032 }, "geometry": { "type": "Polygon", "coordinates": [ [ [ 562522.242421298637055, 8216840.283040727488697 ], [ 562522.242421298637055, 8216600.283040727488697 ], [ 562762.242421298637055, 8216600.283040727488697 ], [ 562762.242421298637055, 8215880.283040727488697 ], [ 563242.242421298637055, 8215880.283040727488697 ], [ 563242.242421298637055, 8216360.283040727488697 ], [ 563002.242421298637055, 8216360.283040727488697 ], [ 563002.242421298637055, 8216840.283040727488697 ], [ 562522.242421298637055, 8216840.283040727488697 ] ] ] } },
{ "type": "Feature", "properties": { "classe_codigo": 3, "classe": "adensando", "f_2020": 0.390625, "f_2025": 0.671875, "S1": 0.094587, "S2": 0.004035, "S3": 0.378911, "concordancia": 3, "fracao_industrial": 0.0, "anel": "periurbano_0_1km", "dist_borda_urbano_2025_m": 0.0, "unidade": "moatize_vila", "area_km2": 0.4608 }, "geometry": { "type": "Polygon", "coordinates": [ [ [ 579802.242421298637055, 8216840.283040727488697 ], [ 579802.242421298637055, 8216600.283040727488697 ], [ 579562.242421298637055, 8216600.283040727488697 ], [ 579562.242421298637055, 8215880.283040727488697 ], [ 580042.242421298637055, 8215880.283040727488697 ], [ 580042.242421298637055, 8216120.283040727488697 ], [ 580282.242421298637055, 8216120.283040727488697 ], [ 580282.242421298637055, 8216600.283040727488697 ], [ 580042.242421298637055, 8216600.283040727488697 ], [ 580042.242421298637055, 8216840.283040727488697 ], [ 579802.242421298637055, 8216840.283040727488697 ] ], [ [ 579802.242421298637055, 8216360.283040727488697 ], [ 580042.242421298637055, 8216360.283040727488697 ], [ 580042.242421298637055, 8216120.283040727488697 ], [ 579802.242421298637055, 8216120.283040727488697 ], [ 579802.242421298637055, 8216360.283040727488697 ] ] ] } },
{ "type": "Feature", "properties": { "classe_codigo": 2, "classe": "esparso_estavel", "f_2020": 0.03125, "f_2025": 0.03125, "S1": -0.100238, "S2": 0.083242, "S3": -0.209697, "concordancia": 1, "fracao_industrial": 0.0, "anel": "periurbano_0_1km", "dist_borda_urbano_2025_m": 150.0, "unidade": "tete", "area_km2": 0.2304 }, "geometry": { "type": "Polygon", "coordinates": [ [ [ 553402.242421298637055, 8216360.283040727488697 ], [ 553402.242421298637055, 8215880.283040727488697 ], [ 553882.242421298637055, 8215880.283040727488697 ], [ 553882.242421298637055, 8216360.283040727488697 ], [ 553402.242421298637055, 8216360.283040727488697 ] ] ] } },
{ "type": "Feature", "properties": { "classe_codigo": 4, "classe": "expansao_nova", "f_2020": 0.0, "f_2025": 0.03125, "S1": 0.056811, "S2": 0.000375, "S3": 0.647682, "concordancia": 2, "fracao_industrial": 0.0, "anel": "periurbano_0_1km", "dist_borda_urbano_2025_m": 134.16, "unidade": "tete", "area_km2": 0.1152 }, "geometry": { "type": "Polygon", "coordinates": [ [ [ 562522.242421298637055, 8216360.283040727488697 ], [ 562522.242421298637055, 8215880.283040727488697 ], [ 562762.242421298637055, 8215880.283040727488697 ], [ 562762.242421298637055, 8216360.283040727488697 ], [ 562522.242421298637055, 8216360.283040727488697 ] ] ] } },
{ "type": "Feature", "properties": { "classe_codigo": 4, "classe": "expansao_nova", "f_2020": 0.0, "f_2025": 0.109375, "S1": 0.24301, "S2": 3.8e-05, "S3": 0.820856, "concordancia": 2, "fracao_industrial": 0.0, "anel": "periurbano_0_1km", "dist_borda_urbano_2025_m": 84.85, "unidade": "tete", "area_km2": 0.0576 }, "geometry": { "type": "Polygon", "coordinates": [ [ [ 568042.242421298637055, 8216120.283040727488697 ], [ 568042.242421298637055, 8215880.283040727488697 ], [ 568282.242421298637055, 8215880.283040727488697 ], [ 568282.242421298637055, 8216120.283040727488697 ], [ 568042.242421298637055, 8216120.283040727488697 ] ] ] } },
{ "type": "Feature", "properties": { "classe_codigo": 2, "classe": "esparso_estavel", "f_2020": 0.0625, "f_2025": 0.0625, "S1": -0.076443, "S2": -0.001367, "S3": -0.285544, "concordancia": 0, "fracao_industrial": 0.0, "anel": "periurbano_0_1km", "dist_borda_urbano_2025_m": 84.85, "unidade": "tete", "area_km2": 0.0576 }, "geometry": { "type": "Polygon", "coordinates": [ [ [ 568762.242421298637055, 8216120.283040727488697 ], [ 568762.242421298637055, 8215880.283040727488697 ], [ 569002.242421298637055, 8215880.283040727488697 ], [ 569002.242421298637055, 8216120.283040727488697 ], [ 568762.242421298637055, 8216120.283040727488697 ] ] ] } },
{ "type": "Feature", "properties": { "classe_codigo": 4, "classe": "expansao_nova", "f_2020": 0.015625, "f_2025": 0.03125, "S1": -0.033611, "S2": 0.002688, "S3": 0.618166, "concordancia": 2, "fracao_industrial": 0.0, "anel": "periurbano_0_1km", "dist_borda_urbano_2025_m": 123.69, "unidade": "moatize_vila", "area_km2": 0.0576 }, "geometry": { "type": "Polygon", "coordinates": [ [ [ 580042.242421298637055, 8216120.283040727488697 ], [ 580042.242421298637055, 8215880.283040727488697 ], [ 580282.242421298637055, 8215880.283040727488697 ], [ 580282.242421298637055, 8216120.283040727488697 ], [ 580042.242421298637055, 8216120.283040727488697 ] ] ] } },
{ "type": "Feature", "properties": { "classe_codigo": 5, "classe": "consolidado", "f_2020": 0.921875, "f_2025": 0.953125, "S1": 0.005354, "S2": 0.000241, "S3": 0.041582, "concordancia": 0, "fracao_industrial": 0.0, "anel": "intraurbano", "dist_borda_urbano_2025_m": 0.0, "unidade": "tete", "area_km2": 0.0576 }, "geometry": { "type": "Polygon", "coordinates": [ [ [ 565402.242421298637055, 8215880.283040727488697 ], [ 565402.242421298637055, 8215640.283040727488697 ], [ 565642.242421298637055, 8215640.283040727488697 ], [ 565642.242421298637055, 8215880.283040727488697 ], [ 565402.242421298637055, 8215880.283040727488697 ] ] ] } },
{ "type": "Feature", "properties": { "classe_codigo": 3, "classe": "adensando", "f_2020": 0.078125, "f_2025": 0.203125, "S1": 0.081202, "S2": 0.00031, "S3": 0.552687, "concordancia": 2, "fracao_industrial": 0.0, "anel": "periurbano_0_1km", "dist_borda_urbano_2025_m": 30.0, "unidade": "tete", "area_km2": 0.0576 }, "geometry": { "type": "Polygon", "coordinates": [ [ [ 568042.242421298637055, 8215880.283040727488697 ], [ 568042.242421298637055, 8215640.283040727488697 ], [ 568282.242421298637055, 8215640.283040727488697 ], [ 568282.242421298637055, 8215880.283040727488697 ], [ 568042.242421298637055, 8215880.283040727488697 ] ] ] } },
{ "type": "Feature", "properties": { "classe_codigo": 4, "classe": "expansao_nova", "f_2020": 0.0, "f_2025": 0.0625, "S1": 0.156454, "S2": -0.005484, "S3": -0.052647, "concordancia": 1, "fracao_industrial": 0.0, "anel": "periurbano_1_3km", "dist_borda_urbano_2025_m": 0.0, "unidade": "moatize_vila", "area_km2": 0.0576 }, "geometry": { "type": "Polygon", "coordinates": [ [ [ 581482.242421298637055, 8215880.283040727488697 ], [ 581482.242421298637055, 8215640.283040727488697 ], [ 581722.242421298637055, 8215640.283040727488697 ], [ 581722.242421298637055, 8215880.283040727488697 ], [ 581482.242421298637055, 8215880.283040727488697 ] ] ] } },
{ "type": "Feature", "properties": { "classe_codigo": 2, "classe": "esparso_estavel", "f_2020": 0.421875, "f_2025": 0.578125, "S1": 0.028852, "S2": -0.00077, "S3": 0.313767, "concordancia": 1, "fracao_industrial": 0.0, "anel": "periurbano_0_1km", "dist_borda_urbano_2025_m": 67.08, "unidade": "tete", "area_km2": 1.3824 }, "geometry": { "type": "Polygon", "coordinates": [ [ [ 567802.242421298637055, 8217560.283040727488697 ], [ 567802.242421298637055, 8217080.283040727488697 ], [ 567322.242421298637055, 8217080.283040727488697 ], [ 567322.242421298637055, 8216840.283040727488697 ], [ 566842.242421298637055, 8216840.283040727488697 ], [ 566842.242421298637055, 8216600.283040727488697 ], [ 567082.242421298637055, 8216600.283040727488697 ], [ 567082.242421298637055, 8216360.283040727488697 ], [ 567322.242421298637055, 8216360.283040727488697 ], [ 567322.242421298637055, 8216120.283040727488697 ], [ 567562.242421298637055, 8216120.283040727488697 ], [ 567562.242421298637055, 8215640.283040727488697 ], [ 567802.242421298637055, 8215640.283040727488697 ], [ 567802.242421298637055, 8215400.283040727488697 ], [ 568282.242421298637055, 8215400.283040727488697 ], [ 568282.242421298637055, 8215640.283040727488697 ], [ 568042.242421298637055, 8215640.283040727488697 ], [ 568042.242421298637055, 8216360.283040727488697 ], [ 568282.242421298637055, 8216360.283040727488697 ], [ 568282.242421298637055, 8217320.283040727488697 ], [ 568042.242421298637055, 8217320.283040727488697 ], [ 568042.242421298637055, 8217560.283040727488697 ], [ 567802.242421298637055, 8217560.283040727488697 ] ], [ [ 567322.242421298637055, 8216840.283040727488697 ], [ 567562.242421298637055, 8216840.283040727488697 ], [ 567562.242421298637055, 8216600.283040727488697 ], [ 567322.242421298637055, 8216600.283040727488697 ], [ 567322.242421298637055, 8216840.283040727488697 ] ], [ [ 567802.242421298637055, 8216840.283040727488697 ], [ 568042.242421298637055, 8216840.283040727488697 ], [ 568042.242421298637055, 8216360.283040727488697 ], [ 567802.242421298637055, 8216360.283040727488697 ], [ 567802.242421298637055, 8216840.283040727488697 ] ] ] } },
{ "type": "Feature", "properties": { "classe_codigo": 4, "classe": "expansao_nova", "f_2020": 0.015625, "f_2025": 0.046875, "S1": 0.023795, "S2": 0.004412, "S3": 0.107321, "concordancia": 2, "fracao_industrial": 0.0, "anel": "periurbano_0_1km", "dist_borda_urbano_2025_m": 0.0, "unidade": "tete", "area_km2": 0.0576 }, "geometry": { "type": "Polygon", "coordinates": [ [ [ 557722.242421298637055, 8215640.283040727488697 ], [ 557722.242421298637055, 8215400.283040727488697 ], [ 557962.242421298637055, 8215400.283040727488697 ], [ 557962.242421298637055, 8215640.283040727488697 ], [ 557722.242421298637055, 8215640.283040727488697 ] ] ] } },
{ "type": "Feature", "properties": { "classe_codigo": 3, "classe": "adensando", "f_2020": 0.09375, "f_2025": 0.15625, "S1": 0.011898, "S2": -0.002306, "S3": 0.427903, "concordancia": 2, "fracao_industrial": 0.0, "anel": "periurbano_0_1km", "dist_borda_urbano_2025_m": 0.0, "unidade": "tete", "area_km2": 0.0576 }, "geometry": { "type": "Polygon", "coordinates": [ [ [ 560602.242421298637055, 8215640.283040727488697 ], [ 560602.242421298637055, 8215400.283040727488697 ], [ 560842.242421298637055, 8215400.283040727488697 ], [ 560842.242421298637055, 8215640.283040727488697 ], [ 560602.242421298637055, 8215640.283040727488697 ] ] ] } },
{ "type": "Feature", "properties": { "classe_codigo": 5, "classe": "consolidado", "f_2020": 0.9375, "f_2025": 0.9375, "S1": -0.0232, "S2": -0.000271, "S3": 0.127972, "concordancia": 0, "fracao_industrial": 0.0, "anel": "intraurbano", "dist_borda_urbano_2025_m": 0.0, "unidade": "tete", "area_km2": 0.0576 }, "geometry": { "type": "Polygon", "coordinates": [ [ [ 563482.242421298637055, 8215640.283040727488697 ], [ 563482.242421298637055, 8215400.283040727488697 ], [ 563722.242421298637055, 8215400.283040727488697 ], [ 563722.242421298637055, 8215640.283040727488697 ], [ 563482.242421298637055, 8215640.283040727488697 ] ] ] } },
{ "type": "Feature", "properties": { "classe_codigo": 2, "classe": "esparso_estavel", "f_2020": 0.84375, "f_2025": 0.859375, "S1": -0.018739, "S2": -0.000358, "S3": 0.206745, "concordancia": 0, "fracao_industrial": 0.0, "anel": "intraurbano", "dist_borda_urbano_2025_m": 0.0, "unidade": "tete", "area_km2": 0.0576 }, "geometry": { "type": "Polygon", "coordinates": [ [ [ 563722.242421298637055, 8215640.283040727488697 ], [ 563722.242421298637055, 8215400.283040727488697 ], [ 563962.242421298637055, 8215400.283040727488697 ], [ 563962.242421298637055, 8215640.283040727488697 ], [ 563722.242421298637055, 8215640.283040727488697 ] ] ] } },
{ "type": "Feature", "properties": { "classe_codigo": 4, "classe": "expansao_nova", "f_2020": 0.015625, "f_2025": 0.03125, "S1": -0.033611, "S2": 0.000506, "S3": 0.619207, "concordancia": 1, "fracao_industrial": 0.0, "anel": "periurbano_0_1km", "dist_borda_urbano_2025_m": 108.17, "unidade": "tete", "area_km2": 0.0576 }, "geometry": { "type": "Polygon", "coordinates": [ [ [ 568282.242421298637055, 8215640.283040727488697 ], [ 568282.242421298637055, 8215400.283040727488697 ], [ 568522.242421298637055, 8215400.283040727488697 ], [ 568522.242421298637055, 8215640.283040727488697 ], [ 568282.242421298637055, 8215640.283040727488697 ] ] ] } },
{ "type": "Feature", "properties": { "classe_codigo": 6, "classe": "pegada_industrial", "f_2020": 0.0, "f_2025": 0.0, "S1": 0.0, "S2": -0.00239, "S3": 0.464515, "concordancia": 0, "fracao_industrial": 0.78125, "anel": "periurbano_1_3km", "dist_borda_urbano_2025_m": 942.02, "unidade": "moatize_vila", "area_km2": 0.0576 }, "geometry": { "type": "Polygon", "coordinates": [ [ [ 582682.242421298637055, 8215640.283040727488697 ], [ 582682.242421298637055, 8215400.283040727488697 ], [ 582922.242421298637055, 8215400.283040727488697 ], [ 582922.242421298637055, 8215640.283040727488697 ], [ 582682.242421298637055, 8215640.283040727488697 ] ] ] } },
{ "type": "Feature", "properties": { "classe_codigo": 2, "classe": "esparso_estavel", "f_2020": 0.0625, "f_2025": 0.0625, "S1": -0.076443, "S2": -0.001995, "S3": 0.248726, "concordancia": 0, "fracao_industrial": 0.0, "anel": "periurbano_0_1km", "dist_borda_urbano_2025_m": 90.0, "unidade": "tete", "area_km2": 0.288 }, "geometry": { "type": "Polygon", "coordinates": [ [ [ 555082.242421298637055, 8215640.283040727488697 ], [ 555082.242421298637055, 8215400.283040727488697 ], [ 554842.242421298637055, 8215400.283040727488697 ], [ 554842.242421298637055, 8215160.283040727488697 ], [ 555562.242421298637055, 8215160.283040727488697 ], [ 555562.242421298637055, 8215640.283040727488697 ], [ 555082.242421298637055, 8215640.283040727488697 ] ] ] } },
{ "type": "Feature", "properties": { "classe_codigo": 4, "classe": "expansao_nova", "f_2020": 0.0, "f_2025": 0.03125, "S1": 0.056811, "S2": -0.001995, "S3": -0.052647, "concordancia": 1, "fracao_industrial": 0.0, "anel": "periurbano_1_3km", "dist_borda_urbano_2025_m": 120.0, "unidade": "tete", "area_km2": 0.1152 }, "geometry": { "type": "Polygon", "coordinates": [ [ [ 556522.242421298637055, 8215400.283040727488697 ], [ 556522.242421298637055, 8215160.283040727488697 ], [ 557002.242421298637055, 8215160.283040727488697 ], [ 557002.242421298637055, 8215400.283040727488697 ], [ 556522.242421298637055, 8215400.283040727488697 ] ] ] } },
{ "type": "Feature", "properties": { "classe_codigo": 2, "classe": "esparso_estavel", "f_2020": 0.046875, "f_2025": 0.046875, "S1": -0.088638, "S2": -0.004334, "S3": -0.255503, "concordancia": 0, "fracao_industrial": 0.0, "anel": "periurbano_0_1km", "dist_borda_urbano_2025_m": 90.0, "unidade": "tete", "area_km2": 0.0576 }, "geometry": { "type": "Polygon", "coordinates": [ [ [ 559402.242421298637055, 8215400.283040727488697 ], [ 559402.242421298637055, 8215160.283040727488697 ], [ 559642.242421298637055, 8215160.283040727488697 ], [ 559642.242421298637055, 8215400.283040727488697 ], [ 559402.242421298637055, 8215400.283040727488697 ] ] ] } },
{ "type": "Feature", "properties": { "classe_codigo": 2, "classe": "esparso_estavel", "f_2020": 0.296875, "f_2025": 0.296875, "S1": -0.03718, "S2": 0.005317, "S3": 0.29879, "concordancia": 1, "fracao_industrial": 0.0, "anel": "periurbano_0_1km", "dist_borda_urbano_2025_m": 60.0, "unidade": "tete", "area_km2": 0.0576 }, "geometry": { "type": "Polygon", "coordinates": [ [ [ 561322.242421298637055, 8215400.283040727488697 ], [ 561322.242421298637055, 8215160.283040727488697 ], [ 561562.242421298637055, 8215160.283040727488697 ], [ 561562.242421298637055, 8215400.283040727488697 ], [ 561322.242421298637055, 8215400.283040727488697 ] ] ] } },
{ "type": "Feature", "properties": { "classe_codigo": 4, "classe": "expansao_nova", "f_2020": 0.015625, "f_2025": 0.03125, "S1": -0.033611, "S2": 0.000437, "S3": 0.638988, "concordancia": 1, "fracao_industrial": 0.0, "anel": "periurbano_0_1km", "dist_borda_urbano_2025_m": 150.0, "unidade": "tete", "area_km2": 0.0576 }, "geometry": { "type": "Polygon", "coordinates": [ [ [ 565162.242421298637055, 8215400.283040727488697 ], [ 565162.242421298637055, 8215160.283040727488697 ], [ 565402.242421298637055, 8215160.283040727488697 ], [ 565402.242421298637055, 8215400.283040727488697 ], [ 565162.242421298637055, 8215400.283040727488697 ] ] ] } },
{ "type": "Feature", "properties": { "classe_codigo": 2, "classe": "esparso_estavel", "f_2020": 0.640625, "f_2025": 0.671875, "S1": -0.016062, "S2": 0.001206, "S3": 0.263057, "concordancia": 1, "fracao_industrial": 0.0, "anel": "intraurbano", "dist_borda_urbano_2025_m": 0.0, "unidade": "tete", "area_km2": 0.0576 }, "geometry": { "type": "Polygon", "coordinates": [ [ [ 568282.242421298637055, 8215400.283040727488697 ], [ 568282.242421298637055, 8215160.283040727488697 ], [ 568522.242421298637055, 8215160.283040727488697 ], [ 568522.242421298637055, 8215400.283040727488697 ], [ 568282.242421298637055, 8215400.283040727488697 ] ] ] } },
{ "type": "Feature", "properties": { "classe_codigo": 4, "classe": "expansao_nova", "f_2020": 0.015625, "f_2025": 0.03125, "S1": -0.033611, "S2": 0.000701, "S3": 0.435969, "concordancia": 1, "fracao_industrial": 0.0, "anel": "periurbano_0_1km", "dist_borda_urbano_2025_m": 134.16, "unidade": "tete", "area_km2": 0.0576 }, "geometry": { "type": "Polygon", "coordinates": [ [ [ 568522.242421298637055, 8215400.283040727488697 ], [ 568522.242421298637055, 8215160.283040727488697 ], [ 568762.242421298637055, 8215160.283040727488697 ], [ 568762.242421298637055, 8215400.283040727488697 ], [ 568522.242421298637055, 8215400.283040727488697 ] ] ] } },
{ "type": "Feature", "properties": { "classe_codigo": 2, "classe": "esparso_estavel", "f_2020": 0.0625, "f_2025": 0.0625, "S1": -0.076443, "S2": 0.000521, "S3": 0.317267, "concordancia": 0, "fracao_industrial": 0.0, "anel": "periurbano_0_1km", "dist_borda_urbano_2025_m": 67.08, "unidade": "tete", "area_km2": 0.0576 }, "geometry": { "type": "Polygon", "coordinates": [ [ [ 569482.242421298637055, 8215400.283040727488697 ], [ 569482.242421298637055, 8215160.283040727488697 ], [ 569722.242421298637055, 8215160.283040727488697 ], [ 569722.242421298637055, 8215400.283040727488697 ], [ 569482.242421298637055, 8215400.283040727488697 ] ] ] } },
{ "type": "Feature", "properties": { "classe_codigo": 6, "classe": "pegada_industrial", "f_2020": 0.0, "f_2025": 0.0, "S1": 0.0, "S2": -0.003918, "S3": 0.0, "concordancia": 0, "fracao_industrial": 0.96875, "anel": "periurbano_1_3km", "dist_borda_urbano_2025_m": 1116.47, "unidade": "moatize_vila", "area_km2": 0.0576 }, "geometry": { "type": "Polygon", "coordinates": [ [ [ 571402.242421298637055, 8215400.283040727488697 ], [ 571402.242421298637055, 8215160.283040727488697 ], [ 571642.242421298637055, 8215160.283040727488697 ], [ 571642.242421298637055, 8215400.283040727488697 ], [ 571402.242421298637055, 8215400.283040727488697 ] ] ] } },
{ "type": "Feature", "properties": { "classe_codigo": 6, "classe": "pegada_industrial", "f_2020": 0.0, "f_2025": 0.0, "S1": 0.0, "S2": -0.00481, "S3": 0.340448, "concordancia": 0, "fracao_industrial": 0.921875, "anel": "periurbano_1_3km", "dist_borda_urbano_2025_m": 865.33, "unidade": "moatize_vila", "area_km2": 0.0576 }, "geometry": { "type": "Polygon", "coordinates": [ [ [ 582202.242421298637055, 8215400.283040727488697 ], [ 582202.242421298637055, 8215160.283040727488697 ], [ 582442.242421298637055, 8215160.283040727488697 ], [ 582442.242421298637055, 8215400.283040727488697 ], [ 582202.242421298637055, 8215400.283040727488697 ] ] ] } },
{ "type": "Feature", "properties": { "classe_codigo": 4, "classe": "expansao_nova", "f_2020": 0.015625, "f_2025": 0.140625, "S1": 0.19066, "S2": -0.002137, "S3": 0.657035, "concordancia": 2, "fracao_industrial": 0.0, "anel": "periurbano_0_1km", "dist_borda_urbano_2025_m": 67.08, "unidade": "tete", "area_km2": 0.1152 }, "geometry": { "type": "Polygon", "coordinates": [ [ [ 559402.242421298637055, 8215160.283040727488697 ], [ 559402.242421298637055, 8214920.283040727488697 ], [ 559882.242421298637055, 8214920.283040727488697 ], [ 559882.242421298637055, 8215160.283040727488697 ], [ 559402.242421298637055, 8215160.283040727488697 ] ] ] } },
{ "type": "Feature", "properties": { "classe_codigo": 2, "classe": "esparso_estavel", "f_2020": 0.359375, "f_2025": 0.359375, "S1": -0.044616, "S2": -0.000452, "S3": 0.361285, "concordancia": 1, "fracao_industrial": 0.0, "anel": "periurbano_0_1km", "dist_borda_urbano_2025_m": 42.43, "unidade": "tete", "area_km2": 0.0576 }, "geometry": { "type": "Polygon", "coordinates": [ [ [ 561562.242421298637055, 8215160.283040727488697 ], [ 561562.242421298637055, 8214920.283040727488697 ], [ 561802.242421298637055, 8214920.283040727488697 ], [ 561802.242421298637055, 8215160.283040727488697 ], [ 561562.242421298637055, 8215160.283040727488697 ] ] ] } },
{ "type": "Feature", "properties": { "classe_codigo": 3, "classe": "adensando", "f_2020": 0.109375, "f_2025": 0.125, "S1": -0.045806, "S2": 0.001574, "S3": 0.488983, "concordancia": 2, "fracao_industrial": 0.0, "anel": "periurbano_0_1km", "dist_borda_urbano_2025_m": 108.17, "unidade": "tete", "area_km2": 0.0576 }, "geometry": { "type": "Polygon", "coordinates": [ [ [ 568522.242421298637055, 8215160.283040727488697 ], [ 568522.242421298637055, 8214920.283040727488697 ], [ 568762.242421298637055, 8214920.283040727488697 ], [ 568762.242421298637055, 8215160.283040727488697 ], [ 568522.242421298637055, 8215160.283040727488697 ] ] ] } },
{ "type": "Feature", "properties": { "classe_codigo": 2, "classe": "esparso_estavel", "f_2020": 0.03125, "f_2025": 0.03125, "S1": -0.100238, "S2": 0.001517, "S3": -0.209697, "concordancia": 1, "fracao_industrial": 0.0, "anel": "periurbano_0_1km", "dist_borda_urbano_2025_m": 90.0, "unidade": "tete", "area_km2": 0.0576 }, "geometry": { "type": "Polygon", "coordinates": [ [ [ 568762.242421298637055, 8215160.283040727488697 ], [ 568762.242421298637055, 8214920.283040727488697 ], [ 569002.242421298637055, 8214920.283040727488697 ], [ 569002.242421298637055, 8215160.283040727488697 ], [ 568762.242421298637055, 8215160.283040727488697 ] ] ] } },
{ "type": "Feature", "properties": { "classe_codigo": 3, "classe": "adensando", "f_2020": 0.203125, "f_2025": 0.40625, "S1": 0.07555, "S2": -0.001218, "S3": 0.431703, "concordancia": 2, "fracao_industrial": 0.0, "anel": "periurbano_0_1km", "dist_borda_urbano_2025_m": 60.0, "unidade": "tete", "area_km2": 0.0576 }, "geometry": { "type": "Polygon", "coordinates": [ [ [ 559882.242421298637055, 8214920.283040727488697 ], [ 559882.242421298637055, 8214680.283040727488697 ], [ 560122.242421298637055, 8214680.283040727488697 ], [ 560122.242421298637055, 8214920.283040727488697 ], [ 559882.242421298637055, 8214920.283040727488697 ] ] ] } },
{ "type": "Feature", "properties": { "classe_codigo": 2, "classe": "esparso_estavel", "f_2020": 0.15625, "f_2025": 0.15625, "S1": -0.054432, "S2": -0.001938, "S3": 0.363135, "concordancia": 1, "fracao_industrial": 0.0, "anel": "periurbano_0_1km", "dist_borda_urbano_2025_m": 90.0, "unidade": "tete", "area_km2": 0.0576 }, "geometry": { "type": "Polygon", "coordinates": [ [ [ 561802.242421298637055, 8214920.283040727488697 ], [ 561802.242421298637055, 8214680.283040727488697 ], [ 562042.242421298637055, 8214680.283040727488697 ], [ 562042.242421298637055, 8214920.283040727488697 ], [ 561802.242421298637055, 8214920.283040727488697 ] ] ] } },
{ "type": "Feature", "properties": { "classe_codigo": 4, "classe": "expansao_nova", "f_2020": 0.0, "f_2025": 0.03125, "S1": 0.056811, "S2": 0.00239, "S3": 0.806107, "concordancia": 3, "fracao_industrial": 0.0, "anel": "periurbano_0_1km", "dist_borda_urbano_2025_m": 60.0, "unidade": "tete", "area_km2": 0.0576 }, "geometry": { "type": "Polygon", "coordinates": [ [ [ 568522.242421298637055, 8214920.283040727488697 ], [ 568522.242421298637055, 8214680.283040727488697 ], [ 568762.242421298637055, 8214680.283040727488697 ], [ 568762.242421298637055, 8214920.283040727488697 ], [ 568522.242421298637055, 8214920.283040727488697 ] ] ] } },
{ "type": "Feature", "properties": { "classe_codigo": 4, "classe": "expansao_nova", "f_2020": 0.015625, "f_2025": 0.046875, "S1": 0.023795, "S2": 0.000731, "S3": 0.647144, "concordancia": 2, "fracao_industrial": 0.0, "anel": "periurbano_0_1km", "dist_borda_urbano_2025_m": 90.0, "unidade": "tete", "area_km2": 0.0576 }, "geometry": { "type": "Polygon", "coordinates": [ [ [ 558442.242421298637055, 8214680.283040727488697 ], [ 558442.242421298637055, 8214440.283040727488697 ], [ 558682.242421298637055, 8214440.283040727488697 ], [ 558682.242421298637055, 8214680.283040727488697 ], [ 558442.242421298637055, 8214680.283040727488697 ] ] ] } },
{ "type": "Feature", "properties": { "classe_codigo": 2, "classe": "esparso_estavel", "f_2020": 0.359375, "f_2025": 0.609375, "S1": 0.076443, "S2": -0.000701, "S3": 0.347751, "concordancia": 1, "fracao_industrial": 0.0, "anel": "periurbano_0_1km", "dist_borda_urbano_2025_m": 0.0, "unidade": "tete", "area_km2": 0.0576 }, "geometry": { "type": "Polygon", "coordinates": [ [ [ 560122.242421298637055, 8214680.283040727488697 ], [ 560122.242421298637055, 8214440.283040727488697 ], [ 560362.242421298637055, 8214440.283040727488697 ], [ 560362.242421298637055, 8214680.283040727488697 ], [ 560122.242421298637055, 8214680.283040727488697 ] ] ] } },
{ "type": "Feature", "properties": { "classe_codigo": 5, "classe": "consolidado", "f_2020": 0.984375, "f_2025": 0.984375, "S1": -0.016359, "S2": 0.000529, "S3": 0.07711, "concordancia": 0, "fracao_industrial": 0.0, "anel": "intraurbano", "dist_borda_urbano_2025_m": 0.0, "unidade": "tete", "area_km2": 2.1312 }, "geometry": { "type": "Polygon", "coordinates": [ [ [ 566602.242421298637055, 8216600.283040727488697 ], [ 566602.242421298637055, 8216360.283040727488697 ], [ 566362.242421298637055, 8216360.283040727488697 ], [ 566362.242421298637055, 8216120.283040727488697 ], [ 566602.242421298637055, 8216120.283040727488697 ], [ 566602.242421298637055, 8215640.283040727488697 ], [ 566842.242421298637055, 8215640.283040727488697 ], [ 566842.242421298637055, 8214920.283040727488697 ], [ 567082.242421298637055, 8214920.283040727488697 ], [ 567082.242421298637055, 8214680.283040727488697 ], [ 567322.242421298637055, 8214680.283040727488697 ], [ 567322.242421298637055, 8214200.283040727488697 ], [ 567802.242421298637055, 8214200.283040727488697 ], [ 567802.242421298637055, 8214440.283040727488697 ], [ 567562.242421298637055, 8214440.283040727488697 ], [ 567562.242421298637055, 8214680.283040727488697 ], [ 567802.242421298637055, 8214680.283040727488697 ], [ 567802.242421298637055, 8214920.283040727488697 ], [ 568522.242421298637055, 8214920.283040727488697 ], [ 568522.242421298637055, 8215160.283040727488697 ], [ 568282.242421298637055, 8215160.283040727488697 ], [ 568282.242421298637055, 8215400.283040727488697 ], [ 567802.242421298637055, 8215400.283040727488697 ], [ 567802.242421298637055, 8215640.283040727488697 ], [ 567562.242421298637055, 8215640.283040727488697 ], [ 567562.242421298637055, 8216120.283040727488697 ], [ 567322.242421298637055, 8216120.283040727488697 ], [ 567322.242421298637055, 8216360.283040727488697 ], [ 567082.242421298637055, 8216360.283040727488697 ], [ 567082.242421298637055, 8216600.283040727488697 ], [ 566602.242421298637055, 8216600.283040727488697 ] ] ] } },
{ "type": "Feature", "properties": { "classe_codigo": 2, "classe": "esparso_estavel", "f_2020": 0.453125, "f_2025": 0.453125, "S1": -0.038667, "S2": -0.00154, "S3": 0.209681, "concordancia": 0, "fracao_industrial": 0.0, "anel": "periurbano_0_1km", "dist_borda_urbano_2025_m": 42.43, "unidade": "tete", "area_km2": 0.8064 }, "geometry": { "type": "Polygon", "coordinates": [ [ [ 562762.242421298637055, 8215880.283040727488697 ], [ 562762.242421298637055, 8215640.283040727488697 ], [ 563002.242421298637055, 8215640.283040727488697 ], [ 563002.242421298637055, 8215400.283040727488697 ], [ 563242.242421298637055, 8215400.283040727488697 ], [ 563242.242421298637055, 8214200.283040727488697 ], [ 563722.242421298637055, 8214200.283040727488697 ], [ 563722.242421298637055, 8214440.283040727488697 ], [ 563482.242421298637055, 8214440.283040727488697 ], [ 563482.242421298637055, 8214920.283040727488697 ], [ 563722.242421298637055, 8214920.283040727488697 ], [ 563722.242421298637055, 8215400.283040727488697 ], [ 563482.242421298637055, 8215400.283040727488697 ], [ 563482.242421298637055, 8215640.283040727488697 ], [ 563722.242421298637055, 8215640.283040727488697 ], [ 563722.242421298637055, 8215880.283040727488697 ], [ 562762.242421298637055, 8215880.283040727488697 ] ] ] } },
{ "type": "Feature", "properties": { "classe_codigo": 5, "classe": "consolidado", "f_2020": 0.96875, "f_2025": 0.984375, "S1": 0.003569, "S2": -0.000222, "S3": 0.047238, "concordancia": 0, "fracao_industrial": 0.0, "anel": "intraurbano", "dist_borda_urbano_2025_m": 0.0, "unidade": "tete", "area_km2": 0.2304 }, "geometry": { "type": "Polygon", "coordinates": [ [ [ 558682.242421298637055, 8214680.283040727488697 ], [ 558682.242421298637055, 8214440.283040727488697 ], [ 559162.242421298637055, 8214440.283040727488697 ], [ 559162.242421298637055, 8214200.283040727488697 ], [ 559402.242421298637055, 8214200.283040727488697 ], [ 559402.242421298637055, 8214680.283040727488697 ], [ 558682.242421298637055, 8214680.283040727488697 ] ] ] } },
{ "type": "Feature", "properties": { "classe_codigo": 2, "classe": "esparso_estavel", "f_2020": 0.78125, "f_2025": 0.796875, "S1": -0.022308, "S2": -0.002188, "S3": 0.23924, "concordancia": 0, "fracao_industrial": 0.0, "anel": "intraurbano", "dist_borda_urbano_2025_m": 0.0, "unidade": "tete", "area_km2": 0.1152 }, "geometry": { "type": "Polygon", "coordinates": [ [ [ 562042.242421298637055, 8214680.283040727488697 ], [ 562042.242421298637055, 8214200.283040727488697 ], [ 562282.242421298637055, 8214200.283040727488697 ], [ 562282.242421298637055, 8214680.283040727488697 ], [ 562042.242421298637055, 8214680.283040727488697 ] ] ] } },
{ "type": "Feature", "properties": { "classe_codigo": 4, "classe": "expansao_nova", "f_2020": 0.0, "f_2025": 0.03125, "S1": 0.056811, "S2": 0.001976, "S3": 0.689848, "concordancia": 3, "fracao_industrial": 0.0, "anel": "periurbano_0_1km", "dist_borda_urbano_2025_m": 150.0, "unidade": "tete", "area_km2": 0.0576 }, "geometry": { "type": "Polygon", "coordinates": [ [ [ 568522.242421298637055, 8214440.283040727488697 ], [ 568522.242421298637055, 8214200.283040727488697 ], [ 568762.242421298637055, 8214200.283040727488697 ], [ 568762.242421298637055, 8214440.283040727488697 ], [ 568522.242421298637055, 8214440.283040727488697 ] ] ] } },
{ "type": "Feature", "properties": { "classe_codigo": 2, "classe": "esparso_estavel", "f_2020": 0.859375, "f_2025": 0.921875, "S1": 0.018441, "S2": 0.000178, "S3": 0.171968, "concordancia": 1, "fracao_industrial": 0.0, "anel": "intraurbano", "dist_borda_urbano_2025_m": 0.0, "unidade": "tete", "area_km2": 6.1632 }, "geometry": { "type": "Polygon", "coordinates": [ [ [ 563482.242421298637055, 8217800.283040727488697 ], [ 563482.242421298637055, 8217560.283040727488697 ], [ 563722.242421298637055, 8217560.283040727488697 ], [ 563722.242421298637055, 8217320.283040727488697 ], [ 564202.242421298637055, 8217320.283040727488697 ], [ 564202.242421298637055, 8217080.283040727488697 ], [ 563722.242421298637055, 8217080.283040727488697 ], [ 563722.242421298637055, 8216840.283040727488697 ], [ 563002.242421298637055, 8216840.283040727488697 ], [ 563002.242421298637055, 8216360.283040727488697 ], [ 563242.242421298637055, 8216360.283040727488697 ], [ 563242.242421298637055, 8216120.283040727488697 ], [ 563962.242421298637055, 8216120.283040727488697 ], [ 563962.242421298637055, 8216360.283040727488697 ], [ 564202.242421298637055, 8216360.283040727488697 ], [ 564202.242421298637055, 8216120.283040727488697 ], [ 564682.242421298637055, 8216120.283040727488697 ], [ 564682.242421298637055, 8215880.283040727488697 ], [ 564922.242421298637055, 8215880.283040727488697 ], [ 564922.242421298637055, 8214920.283040727488697 ], [ 565162.242421298637055, 8214920.283040727488697 ], [ 565162.242421298637055, 8214680.283040727488697 ], [ 565642.242421298637055, 8214680.283040727488697 ], [ 565642.242421298637055, 8214440.283040727488697 ], [ 565882.242421298637055, 8214440.283040727488697 ], [ 565882.242421298637055, 8213960.283040727488697 ], [ 566122.242421298637055, 8213960.283040727488697 ], [ 566122.242421298637055, 8214200.283040727488697 ], [ 566842.242421298637055, 8214200.283040727488697 ], [ 566842.242421298637055, 8213960.283040727488697 ], [ 567082.242421298637055, 8213960.283040727488697 ], [ 567082.242421298637055, 8214200.283040727488697 ], [ 567322.242421298637055, 8214200.283040727488697 ], [ 567322.242421298637055, 8214680.283040727488697 ], [ 567082.242421298637055, 8214680.283040727488697 ], [ 567082.242421298637055, 8214920.283040727488697 ], [ 566842.242421298637055, 8214920.283040727488697 ], [ 566842.242421298637055, 8215640.283040727488697 ], [ 566602.242421298637055, 8215640.283040727488697 ], [ 566602.242421298637055, 8216120.283040727488697 ], [ 566362.242421298637055, 8216120.283040727488697 ], [ 566362.242421298637055, 8216360.283040727488697 ], [ 566602.242421298637055, 8216360.283040727488697 ], [ 566602.242421298637055, 8217080.283040727488697 ], [ 566362.242421298637055, 8217080.283040727488697 ], [ 566362.242421298637055, 8216840.283040727488697 ], [ 566122.242421298637055, 8216840.283040727488697 ], [ 566122.242421298637055, 8216600.283040727488697 ], [ 565882.242421298637055, 8216600.283040727488697 ], [ 565882.242421298637055, 8217080.283040727488697 ], [ 565642.242421298637055, 8217080.283040727488697 ], [ 565642.242421298637055, 8216600.283040727488697 ], [ 565402.242421298637055, 8216600.283040727488697 ], [ 565402.242421298637055, 8216120.283040727488697 ], [ 565162.242421298637055, 8216120.283040727488697 ], [ 565162.242421298637055, 8216360.283040727488697 ], [ 564922.242421298637055, 8216360.283040727488697 ], [ 564922.242421298637055, 8217080.283040727488697 ], [ 564442.242421298637055, 8217080.283040727488697 ], [ 564442.242421298637055, 8217560.283040727488697 ], [ 563962.242421298637055, 8217560.283040727488697 ], [ 563962.242421298637055, 8217800.283040727488697 ], [ 563482.242421298637055, 8217800.283040727488697 ] ], [ [ 563722.242421298637055, 8216840.283040727488697 ], [ 563962.242421298637055, 8216840.283040727488697 ], [ 563962.242421298637055, 8216600.283040727488697 ], [ 563722.242421298637055, 8216600.283040727488697 ], [ 563722.242421298637055, 8216840.283040727488697 ] ], [ [ 565402.242421298637055, 8215880.283040727488697 ], [ 565642.242421298637055, 8215880.283040727488697 ], [ 565642.242421298637055, 8215640.283040727488697 ], [ 565402.242421298637055, 8215640.283040727488697 ], [ 565402.242421298637055, 8215880.283040727488697 ] ], [ [ 565162.242421298637055, 8215400.283040727488697 ], [ 565402.242421298637055, 8215400.283040727488697 ], [ 565402.242421298637055, 8215160.283040727488697 ], [ 565162.242421298637055, 8215160.283040727488697 ], [ 565162.242421298637055, 8215400.283040727488697 ] ] ] } },
{ "type": "Feature", "properties": { "classe_codigo": 2, "classe": "esparso_estavel", "f_2020": 0.578125, "f_2025": 0.671875, "S1": 0.009816, "S2": -0.000956, "S3": 0.151506, "concordancia": 1, "fracao_industrial": 0.0, "anel": "intraurbano", "dist_borda_urbano_2025_m": 0.0, "unidade": "tete", "area_km2": 0.7488 }, "geometry": { "type": "Polygon", "coordinates": [ [ [ 560842.242421298637055, 8215640.283040727488697 ], [ 560842.242421298637055, 8215400.283040727488697 ], [ 560602.242421298637055, 8215400.283040727488697 ], [ 560602.242421298637055, 8214440.283040727488697 ], [ 560362.242421298637055, 8214440.283040727488697 ], [ 560362.242421298637055, 8213960.283040727488697 ], [ 560602.242421298637055, 8213960.283040727488697 ], [ 560602.242421298637055, 8214200.283040727488697 ], [ 560842.242421298637055, 8214200.283040727488697 ], [ 560842.242421298637055, 8214440.283040727488697 ], [ 561082.242421298637055, 8214440.283040727488697 ], [ 561082.242421298637055, 8215400.283040727488697 ], [ 561322.242421298637055, 8215400.283040727488697 ], [ 561322.242421298637055, 8215640.283040727488697 ], [ 560842.242421298637055, 8215640.283040727488697 ] ] ] } },
{ "type": "Feature", "properties": { "classe_codigo": 2, "classe": "esparso_estavel", "f_2020": 0.15625, "f_2025": 0.15625, "S1": -0.054432, "S2": -0.000919, "S3": -0.200981, "concordancia": 0, "fracao_industrial": 0.0, "anel": "periurbano_0_1km", "dist_borda_urbano_2025_m": 90.0, "unidade": "tete", "area_km2": 0.1152 }, "geometry": { "type": "Polygon", "coordinates": [ [ [ 561082.242421298637055, 8214440.283040727488697 ], [ 561082.242421298637055, 8213960.283040727488697 ], [ 561322.242421298637055, 8213960.283040727488697 ], [ 561322.242421298637055, 8214440.283040727488697 ], [ 561082.242421298637055, 8214440.283040727488697 ] ] ] } },
{ "type": "Feature", "properties": { "classe_codigo": 2, "classe": "esparso_estavel", "f_2020": 0.875, "f_2025": 0.890625, "S1": -0.015764, "S2": -0.000498, "S3": 0.147948, "concordancia": 0, "fracao_industrial": 0.0, "anel": "intraurbano", "dist_borda_urbano_2025_m": 0.0, "unidade": "tete", "area_km2": 0.0576 }, "geometry": { "type": "Polygon", "coordinates": [ [ [ 559882.242421298637055, 8214200.283040727488697 ], [ 559882.242421298637055, 8213960.283040727488697 ], [ 560122.242421298637055, 8213960.283040727488697 ], [ 560122.242421298637055, 8214200.283040727488697 ], [ 559882.242421298637055, 8214200.283040727488697 ] ] ] } },
{ "type": "Feature", "properties": { "classe_codigo": 4, "classe": "expansao_nova", "f_2020": 0.015625, "f_2025": 0.078125, "S1": 0.101725, "S2": -0.001968, "S3": 0.501039, "concordancia": 2, "fracao_industrial": 0.0, "anel": "periurbano_0_1km", "dist_borda_urbano_2025_m": 94.87, "unidade": "tete", "area_km2": 0.0576 }, "geometry": { "type": "Polygon", "coordinates": [ [ [ 563482.242421298637055, 8214200.283040727488697 ], [ 563482.242421298637055, 8213960.283040727488697 ], [ 563722.242421298637055, 8213960.283040727488697 ], [ 563722.242421298637055, 8214200.283040727488697 ], [ 563482.242421298637055, 8214200.283040727488697 ] ] ] } },
{ "type": "Feature", "properties": { "classe_codigo": 5, "classe": "consolidado", "f_2020": 0.9375, "f_2025": 0.9375, "S1": -0.0232, "S2": 0.000896, "S3": 0.121378, "concordancia": 0, "fracao_industrial": 0.0, "anel": "intraurbano", "dist_borda_urbano_2025_m": 0.0, "unidade": "tete", "area_km2": 0.1728 }, "geometry": { "type": "Polygon", "coordinates": [ [ [ 566122.242421298637055, 8214200.283040727488697 ], [ 566122.242421298637055, 8213960.283040727488697 ], [ 566842.242421298637055, 8213960.283040727488697 ], [ 566842.242421298637055, 8214200.283040727488697 ], [ 566122.242421298637055, 8214200.283040727488697 ] ] ] } },
{ "type": "Feature", "properties": { "classe_codigo": 2, "classe": "esparso_estavel", "f_2020": 0.734375, "f_2025": 0.765625, "S1": -0.014575, "S2": 0.001195, "S3": 0.216854, "concordancia": 1, "fracao_industrial": 0.0, "anel": "intraurbano", "dist_borda_urbano_2025_m": 0.0, "unidade": "tete", "area_km2": 0.5184 }, "geometry": { "type": "Polygon", "coordinates": [ [ [ 567802.242421298637055, 8214920.283040727488697 ], [ 567802.242421298637055, 8214680.283040727488697 ], [ 567562.242421298637055, 8214680.283040727488697 ], [ 567562.242421298637055, 8214440.283040727488697 ], [ 567802.242421298637055, 8214440.283040727488697 ], [ 567802.242421298637055, 8213720.283040727488697 ], [ 568042.242421298637055, 8213720.283040727488697 ], [ 568042.242421298637055, 8214200.283040727488697 ], [ 568282.242421298637055, 8214200.283040727488697 ], [ 568282.242421298637055, 8214920.283040727488697 ], [ 567802.242421298637055, 8214920.283040727488697 ] ] ] } },
{ "type": "Feature", "properties": { "classe_codigo": 6, "classe": "pegada_industrial", "f_2020": 0.0, "f_2025": 0.0, "S1": 0.0, "S2": -0.003162, "S3": 0.0, "concordancia": 0, "fracao_industrial": 0.765625, "anel": "periurbano_1_3km", "dist_borda_urbano_2025_m": 1585.18, "unidade": "moatize_vila", "area_km2": 0.864 }, "geometry": { "type": "Polygon", "coordinates": [ [ [ 570922.242421298637055, 8215160.283040727488697 ], [ 570922.242421298637055, 8214920.283040727488697 ], [ 570442.242421298637055, 8214920.283040727488697 ], [ 570442.242421298637055, 8214680.283040727488697 ], [ 570202.242421298637055, 8214680.283040727488697 ], [ 570202.242421298637055, 8213960.283040727488697 ], [ 570442.242421298637055, 8213960.283040727488697 ], [ 570442.242421298637055, 8213720.283040727488697 ], [ 570682.242421298637055, 8213720.283040727488697 ], [ 570682.242421298637055, 8213960.283040727488697 ], [ 570922.242421298637055, 8213960.283040727488697 ], [ 570922.242421298637055, 8214440.283040727488697 ], [ 571162.242421298637055, 8214440.283040727488697 ], [ 571162.242421298637055, 8214920.283040727488697 ], [ 571402.242421298637055, 8214920.283040727488697 ], [ 571402.242421298637055, 8215160.283040727488697 ], [ 570922.242421298637055, 8215160.283040727488697 ] ], [ [ 570442.242421298637055, 8214680.283040727488697 ], [ 570682.242421298637055, 8214680.283040727488697 ], [ 570682.242421298637055, 8214440.283040727488697 ], [ 570442.242421298637055, 8214440.283040727488697 ], [ 570442.242421298637055, 8214680.283040727488697 ] ] ] } },
{ "type": "Feature", "properties": { "classe_codigo": 2, "classe": "esparso_estavel", "f_2020": 0.359375, "f_2025": 0.359375, "S1": -0.044616, "S2": -6.9e-05, "S3": 0.327449, "concordancia": 0, "fracao_industrial": 0.0, "anel": "periurbano_0_1km", "dist_borda_urbano_2025_m": 30.0, "unidade": "tete", "area_km2": 0.2304 }, "geometry": { "type": "Polygon", "coordinates": [ [ [ 563722.242421298637055, 8214200.283040727488697 ], [ 563722.242421298637055, 8213720.283040727488697 ], [ 564202.242421298637055, 8213720.283040727488697 ], [ 564202.242421298637055, 8214200.283040727488697 ], [ 563722.242421298637055, 8214200.283040727488697 ] ] ] } },
{ "type": "Feature", "properties": { "classe_codigo": 3, "classe": "adensando", "f_2020": 0.078125, "f_2025": 0.234375, "S1": 0.105889, "S2": 0.001999, "S3": 0.507224, "concordancia": 3, "fracao_industrial": 0.0, "anel": "periurbano_0_1km", "dist_borda_urbano_2025_m": 30.0, "unidade": "tete", "area_km2": 0.3456 }, "geometry": { "type": "Polygon", "coordinates": [ [ [ 568282.242421298637055, 8214920.283040727488697 ], [ 568282.242421298637055, 8214200.283040727488697 ], [ 568042.242421298637055, 8214200.283040727488697 ], [ 568042.242421298637055, 8213960.283040727488697 ], [ 568282.242421298637055, 8213960.283040727488697 ], [ 568282.242421298637055, 8213720.283040727488697 ], [ 568522.242421298637055, 8213720.283040727488697 ], [ 568522.242421298637055, 8214920.283040727488697 ], [ 568282.242421298637055, 8214920.283040727488697 ] ] ] } },
{ "type": "Feature", "properties": { "classe_codigo": 3, "classe": "adensando", "f_2020": 0.046875, "f_2025": 0.046875, "S1": -0.088638, "S2": 0.008977, "S3": 0.377154, "concordancia": 2, "fracao_industrial": 0.0, "anel": "periurbano_0_1km", "dist_borda_urbano_2025_m": 30.0, "unidade": "tete", "area_km2": 0.0576 }, "geometry": { "type": "Polygon", "coordinates": [ [ [ 557482.242421298637055, 8213960.283040727488697 ], [ 557482.242421298637055, 8213720.283040727488697 ], [ 557722.242421298637055, 8213720.283040727488697 ], [ 557722.242421298637055, 8213960.283040727488697 ], [ 557482.242421298637055, 8213960.283040727488697 ] ] ] } },
{ "type": "Feature", "properties": { "classe_codigo": 2, "classe": "esparso_estavel", "f_2020": 0.765625, "f_2025": 0.796875, "S1": -0.013682, "S2": 0.001503, "S3": 0.242834, "concordancia": 1, "fracao_industrial": 0.0, "anel": "intraurbano", "dist_borda_urbano_2025_m": 0.0, "unidade": "tete", "area_km2": 0.1152 }, "geometry": { "type": "Polygon", "coordinates": [ [ [ 564442.242421298637055, 8213960.283040727488697 ], [ 564442.242421298637055, 8213720.283040727488697 ], [ 564922.242421298637055, 8213720.283040727488697 ], [ 564922.242421298637055, 8213960.283040727488697 ], [ 564442.242421298637055, 8213960.283040727488697 ] ] ] } },
{ "type": "Feature", "properties": { "classe_codigo": 3, "classe": "adensando", "f_2020": 0.765625, "f_2025": 0.875, "S1": 0.041642, "S2": 0.001415, "S3": 0.192687, "concordancia": 2, "fracao_industrial": 0.0, "anel": "intraurbano", "dist_borda_urbano_2025_m": 0.0, "unidade": "tete", "area_km2": 0.1152 }, "geometry": { "type": "Polygon", "coordinates": [ [ [ 564922.242421298637055, 8213960.283040727488697 ], [ 564922.242421298637055, 8213720.283040727488697 ], [ 565402.242421298637055, 8213720.283040727488697 ], [ 565402.242421298637055, 8213960.283040727488697 ], [ 564922.242421298637055, 8213960.283040727488697 ] ] ] } },
{ "type": "Feature", "properties": { "classe_codigo": 3, "classe": "adensando", "f_2020": 0.734375, "f_2025": 0.8125, "S1": 0.012493, "S2": 0.001475, "S3": 0.237677, "concordancia": 2, "fracao_industrial": 0.0, "anel": "intraurbano", "dist_borda_urbano_2025_m": 0.0, "unidade": "tete", "area_km2": 0.0576 }, "geometry": { "type": "Polygon", "coordinates": [ [ [ 566122.242421298637055, 8213960.283040727488697 ], [ 566122.242421298637055, 8213720.283040727488697 ], [ 566362.242421298637055, 8213720.283040727488697 ], [ 566362.242421298637055, 8213960.283040727488697 ], [ 566122.242421298637055, 8213960.283040727488697 ] ] ] } },
{ "type": "Feature", "properties": { "classe_codigo": 4, "classe": "expansao_nova", "f_2020": 0.0, "f_2025": 0.03125, "S1": 0.056811, "S2": 0.00108, "S3": 0.733749, "concordancia": 2, "fracao_industrial": 0.0, "anel": "periurbano_0_1km", "dist_borda_urbano_2025_m": 123.69, "unidade": "tete", "area_km2": 0.1728 }, "geometry": { "type": "Polygon", "coordinates": [ [ [ 567082.242421298637055, 8214200.283040727488697 ], [ 567082.242421298637055, 8213960.283040727488697 ], [ 566842.242421298637055, 8213960.283040727488697 ], [ 566842.242421298637055, 8213720.283040727488697 ], [ 567322.242421298637055, 8213720.283040727488697 ], [ 567322.242421298637055, 8214200.283040727488697 ], [ 567082.242421298637055, 8214200.283040727488697 ] ] ] } },
{ "type": "Feature", "properties": { "classe_codigo": 4, "classe": "expansao_nova", "f_2020": 0.015625, "f_2025": 0.09375, "S1": 0.131767, "S2": 0.002792, "S3": 0.662934, "concordancia": 3, "fracao_industrial": 0.0, "anel": "periurbano_0_1km", "dist_borda_urbano_2025_m": 67.08, "unidade": "tete", "area_km2": 0.0576 }, "geometry": { "type": "Polygon", "coordinates": [ [ [ 568042.242421298637055, 8213960.283040727488697 ], [ 568042.242421298637055, 8213720.283040727488697 ], [ 568282.242421298637055, 8213720.283040727488697 ], [ 568282.242421298637055, 8213960.283040727488697 ], [ 568042.242421298637055, 8213960.283040727488697 ] ] ] } },
{ "type": "Feature", "properties": { "classe_codigo": 4, "classe": "expansao_nova", "f_2020": 0.0, "f_2025": 0.046875, "S1": 0.114218, "S2": 0.002267, "S3": 0.737913, "concordancia": 3, "fracao_industrial": 0.0, "anel": "periurbano_0_1km", "dist_borda_urbano_2025_m": 127.28, "unidade": "tete", "area_km2": 0.0576 }, "geometry": { "type": "Polygon", "coordinates": [ [ [ 568522.242421298637055, 8213960.283040727488697 ], [ 568522.242421298637055, 8213720.283040727488697 ], [ 568762.242421298637055, 8213720.283040727488697 ], [ 568762.242421298637055, 8213960.283040727488697 ], [ 568522.242421298637055, 8213960.283040727488697 ] ] ] } },
{ "type": "Feature", "properties": { "classe_codigo": 5, "classe": "consolidado", "f_2020": 1.0, "f_2025": 1.0, "S1": -0.005057, "S2": -0.000306, "S3": 0.039088, "concordancia": 0, "fracao_industrial": 0.0, "anel": "intraurbano", "dist_borda_urbano_2025_m": 0.0, "unidade": "tete", "area_km2": 3.6288 }, "geometry": { "type": "Polygon", "coordinates": [ [ [ 563962.242421298637055, 8216360.283040727488697 ], [ 563962.242421298637055, 8216120.283040727488697 ], [ 563242.242421298637055, 8216120.283040727488697 ], [ 563242.242421298637055, 8215880.283040727488697 ], [ 563722.242421298637055, 8215880.283040727488697 ], [ 563722.242421298637055, 8215640.283040727488697 ], [ 563962.242421298637055, 8215640.283040727488697 ], [ 563962.242421298637055, 8215400.283040727488697 ], [ 563722.242421298637055, 8215400.283040727488697 ], [ 563722.242421298637055, 8214920.283040727488697 ], [ 563482.242421298637055, 8214920.283040727488697 ], [ 563482.242421298637055, 8214440.283040727488697 ], [ 563722.242421298637055, 8214440.283040727488697 ], [ 563722.242421298637055, 8214200.283040727488697 ], [ 564202.242421298637055, 8214200.283040727488697 ], [ 564202.242421298637055, 8213960.283040727488697 ], [ 565402.242421298637055, 8213960.283040727488697 ], [ 565402.242421298637055, 8213480.283040727488697 ], [ 565882.242421298637055, 8213480.283040727488697 ], [ 565882.242421298637055, 8213720.283040727488697 ], [ 566122.242421298637055, 8213720.283040727488697 ], [ 566122.242421298637055, 8213960.283040727488697 ], [ 565882.242421298637055, 8213960.283040727488697 ], [ 565882.242421298637055, 8214440.283040727488697 ], [ 565642.242421298637055, 8214440.283040727488697 ], [ 565642.242421298637055, 8214680.283040727488697 ], [ 565162.242421298637055, 8214680.283040727488697 ], [ 565162.242421298637055, 8214920.283040727488697 ], [ 564922.242421298637055, 8214920.283040727488697 ], [ 564922.242421298637055, 8215880.283040727488697 ], [ 564682.242421298637055, 8215880.283040727488697 ], [ 564682.242421298637055, 8216120.283040727488697 ], [ 564202.242421298637055, 8216120.283040727488697 ], [ 564202.242421298637055, 8216360.283040727488697 ], [ 563962.242421298637055, 8216360.283040727488697 ] ] ] } },
{ "type": "Feature", "properties": { "classe_codigo": 2, "classe": "esparso_estavel", "f_2020": 0.28125, "f_2025": 0.28125, "S1": -0.03837, "S2": -0.000444, "S3": 0.304565, "concordancia": 0, "fracao_industrial": 0.0, "anel": "periurbano_0_1km", "dist_borda_urbano_2025_m": 60.0, "unidade": "tete", "area_km2": 0.1152 }, "geometry": { "type": "Polygon", "coordinates": [ [ [ 560602.242421298637055, 8213960.283040727488697 ], [ 560602.242421298637055, 8213480.283040727488697 ], [ 560842.242421298637055, 8213480.283040727488697 ], [ 560842.242421298637055, 8213960.283040727488697 ], [ 560602.242421298637055, 8213960.283040727488697 ] ] ] } },
{ "type": "Feature", "properties": { "classe_codigo": 3, "classe": "adensando", "f_2020": 0.078125, "f_2025": 0.125, "S1": -0.00119, "S2": 0.001149, "S3": 0.484146, "concordancia": 2, "fracao_industrial": 0.0, "anel": "periurbano_0_1km", "dist_borda_urbano_2025_m": 67.08, "unidade": "tete", "area_km2": 0.1728 }, "geometry": { "type": "Polygon", "coordinates": [ [ [ 564202.242421298637055, 8213960.283040727488697 ], [ 564202.242421298637055, 8213480.283040727488697 ], [ 564682.242421298637055, 8213480.283040727488697 ], [ 564682.242421298637055, 8213720.283040727488697 ], [ 564442.242421298637055, 8213720.283040727488697 ], [ 564442.242421298637055, 8213960.283040727488697 ], [ 564202.242421298637055, 8213960.283040727488697 ] ] ] } },
{ "type": "Feature", "properties": { "classe_codigo": 4, "classe": "expansao_nova", "f_2020": 0.0, "f_2025": 0.0625, "S1": 0.156454, "S2": 0.001117, "S3": 0.82398, "concordancia": 3, "fracao_industrial": 0.0, "anel": "periurbano_0_1km", "dist_borda_urbano_2025_m": 127.28, "unidade": "tete", "area_km2": 0.0576 }, "geometry": { "type": "Polygon", "coordinates": [ [ [ 564682.242421298637055, 8213720.283040727488697 ], [ 564682.242421298637055, 8213480.283040727488697 ], [ 564922.242421298637055, 8213480.283040727488697 ], [ 564922.242421298637055, 8213720.283040727488697 ], [ 564682.242421298637055, 8213720.283040727488697 ] ] ] } },
{ "type": "Feature", "properties": { "classe_codigo": 2, "classe": "esparso_estavel", "f_2020": 0.671875, "f_2025": 0.703125, "S1": -0.016657, "S2": 0.000988, "S3": 0.229147, "concordancia": 0, "fracao_industrial": 0.0, "anel": "intraurbano", "dist_borda_urbano_2025_m": 0.0, "unidade": "tete", "area_km2": 0.0576 }, "geometry": { "type": "Polygon", "coordinates": [ [ [ 565162.242421298637055, 8213720.283040727488697 ], [ 565162.242421298637055, 8213480.283040727488697 ], [ 565402.242421298637055, 8213480.283040727488697 ], [ 565402.242421298637055, 8213720.283040727488697 ], [ 565162.242421298637055, 8213720.283040727488697 ] ] ] } },
{ "type": "Feature", "properties": { "classe_codigo": 2, "classe": "esparso_estavel", "f_2020": 0.796875, "f_2025": 0.8125, "S1": -0.021713, "S2": 0.001443, "S3": 0.14968, "concordancia": 1, "fracao_industrial": 0.0, "anel": "intraurbano", "dist_borda_urbano_2025_m": 0.0, "unidade": "tete", "area_km2": 0.2304 }, "geometry": { "type": "Polygon", "coordinates": [ [ [ 566362.242421298637055, 8213960.283040727488697 ], [ 566362.242421298637055, 8213720.283040727488697 ], [ 565882.242421298637055, 8213720.283040727488697 ], [ 565882.242421298637055, 8213480.283040727488697 ], [ 566602.242421298637055, 8213480.283040727488697 ], [ 566602.242421298637055, 8213960.283040727488697 ], [ 566362.242421298637055, 8213960.283040727488697 ] ] ] } },
{ "type": "Feature", "properties": { "classe_codigo": 2, "classe": "esparso_estavel", "f_2020": 0.765625, "f_2025": 0.765625, "S1": -0.030934, "S2": 0.0, "S3": 0.230688, "concordancia": 0, "fracao_industrial": 0.0, "anel": "intraurbano", "dist_borda_urbano_2025_m": 0.0, "unidade": "tete", "area_km2": 0.576 }, "geometry": { "type": "Polygon", "coordinates": [ [ [ 562282.242421298637055, 8214200.283040727488697 ], [ 562282.242421298637055, 8213960.283040727488697 ], [ 562522.242421298637055, 8213960.283040727488697 ], [ 562522.242421298637055, 8213720.283040727488697 ], [ 563002.242421298637055, 8213720.283040727488697 ], [ 563002.242421298637055, 8213480.283040727488697 ], [ 563242.242421298637055, 8213480.283040727488697 ], [ 563242.242421298637055, 8213240.283040727488697 ], [ 563722.242421298637055, 8213240.283040727488697 ], [ 563722.242421298637055, 8213480.283040727488697 ], [ 563482.242421298637055, 8213480.283040727488697 ], [ 563482.242421298637055, 8213720.283040727488697 ], [ 563242.242421298637055, 8213720.283040727488697 ], [ 563242.242421298637055, 8213960.283040727488697 ], [ 563002.242421298637055, 8213960.283040727488697 ], [ 563002.242421298637055, 8214200.283040727488697 ], [ 562282.242421298637055, 8214200.283040727488697 ] ] ] } },
{ "type": "Feature", "properties": { "classe_codigo": 2, "classe": "esparso_estavel", "f_2020": 0.28125, "f_2025": 0.28125, "S1": -0.03837, "S2": -0.0017, "S3": -0.086203, "concordancia": 0, "fracao_industrial": 0.0, "anel": "periurbano_0_1km", "dist_borda_urbano_2025_m": 30.0, "unidade": "tete", "area_km2": 0.1728 }, "geometry": { "type": "Polygon", "coordinates": [ [ [ 561322.242421298637055, 8213960.283040727488697 ], [ 561322.242421298637055, 8213240.283040727488697 ], [ 561562.242421298637055, 8213240.283040727488697 ], [ 561562.242421298637055, 8213960.283040727488697 ], [ 561322.242421298637055, 8213960.283040727488697 ] ] ] } },
{ "type": "Feature", "properties": { "classe_codigo": 3, "classe": "adensando", "f_2020": 0.578125, "f_2025": 0.6875, "S1": 0.016062, "S2": 0.001604, "S3": 0.220567, "concordancia": 2, "fracao_industrial": 0.0, "anel": "intraurbano", "dist_borda_urbano_2025_m": 0.0, "unidade": "tete", "area_km2": 0.1728 }, "geometry": { "type": "Polygon", "coordinates": [ [ [ 558682.242421298637055, 8213720.283040727488697 ], [ 558682.242421298637055, 8213240.283040727488697 ], [ 558922.242421298637055, 8213240.283040727488697 ], [ 558922.242421298637055, 8213480.283040727488697 ], [ 559162.242421298637055, 8213480.283040727488697 ], [ 559162.242421298637055, 8213720.283040727488697 ], [ 558682.242421298637055, 8213720.283040727488697 ] ] ] } },
{ "type": "Feature", "properties": { "classe_codigo": 2, "classe": "esparso_estavel", "f_2020": 0.25, "f_2025": 0.25, "S1": -0.041642, "S2": 0.002518, "S3": 0.305704, "concordancia": 1, "fracao_industrial": 0.0, "anel": "periurbano_0_1km", "dist_borda_urbano_2025_m": 30.0, "unidade": "tete", "area_km2": 0.2304 }, "geometry": { "type": "Polygon", "coordinates": [ [ [ 566842.242421298637055, 8213720.283040727488697 ], [ 566842.242421298637055, 8213480.283040727488697 ], [ 567082.242421298637055, 8213480.283040727488697 ], [ 567082.242421298637055, 8213240.283040727488697 ], [ 567322.242421298637055, 8213240.283040727488697 ], [ 567322.242421298637055, 8213480.283040727488697 ], [ 567562.242421298637055, 8213480.283040727488697 ], [ 567562.242421298637055, 8213720.283040727488697 ], [ 566842.242421298637055, 8213720.283040727488697 ] ] ] } },
{ "type": "Feature", "properties": { "classe_codigo": 3, "classe": "adensando", "f_2020": 0.03125, "f_2025": 0.078125, "S1": 0.035098, "S2": 0.000207, "S3": 0.440659, "concordancia": 2, "fracao_industrial": 0.0, "anel": "periurbano_0_1km", "dist_borda_urbano_2025_m": 60.0, "unidade": "tete", "area_km2": 0.0576 }, "geometry": { "type": "Polygon", "coordinates": [ [ [ 560842.242421298637055, 8213480.283040727488697 ], [ 560842.242421298637055, 8213240.283040727488697 ], [ 561082.242421298637055, 8213240.283040727488697 ], [ 561082.242421298637055, 8213480.283040727488697 ], [ 560842.242421298637055, 8213480.283040727488697 ] ] ] } },
{ "type": "Feature", "properties": { "classe_codigo": 4, "classe": "expansao_nova", "f_2020": 0.0, "f_2025": 0.078125, "S1": 0.192148, "S2": 0.000363, "S3": 0.744854, "concordancia": 2, "fracao_industrial": 0.0, "anel": "periurbano_0_1km", "dist_borda_urbano_2025_m": 84.85, "unidade": "tete", "area_km2": 0.0576 }, "geometry": { "type": "Polygon", "coordinates": [ [ [ 564442.242421298637055, 8213480.283040727488697 ], [ 564442.242421298637055, 8213240.283040727488697 ], [ 564682.242421298637055, 8213240.283040727488697 ], [ 564682.242421298637055, 8213480.283040727488697 ], [ 564442.242421298637055, 8213480.283040727488697 ] ] ] } },
{ "type": "Feature", "properties": { "classe_codigo": 2, "classe": "esparso_estavel", "f_2020": 0.71875, "f_2025": 0.78125, "S1": 0.003569, "S2": 0.001324, "S3": 0.189189, "concordancia": 1, "fracao_industrial": 0.0, "anel": "intraurbano", "dist_borda_urbano_2025_m": 0.0, "unidade": "tete", "area_km2": 0.1152 }, "geometry": { "type": "Polygon", "coordinates": [ [ [ 565402.242421298637055, 8213480.283040727488697 ], [ 565402.242421298637055, 8213240.283040727488697 ], [ 565882.242421298637055, 8213240.283040727488697 ], [ 565882.242421298637055, 8213480.283040727488697 ], [ 565402.242421298637055, 8213480.283040727488697 ] ] ] } },
{ "type": "Feature", "properties": { "classe_codigo": 3, "classe": "adensando", "f_2020": 0.140625, "f_2025": 0.265625, "S1": 0.051755, "S2": 0.00045, "S3": 0.417495, "concordancia": 2, "fracao_industrial": 0.0, "anel": "periurbano_0_1km", "dist_borda_urbano_2025_m": 0.0, "unidade": "tete", "area_km2": 0.2304 }, "geometry": { "type": "Polygon", "coordinates": [ [ [ 565162.242421298637055, 8213480.283040727488697 ], [ 565162.242421298637055, 8213000.283040727488697 ], [ 565882.242421298637055, 8213000.283040727488697 ], [ 565882.242421298637055, 8213240.283040727488697 ], [ 565402.242421298637055, 8213240.283040727488697 ], [ 565402.242421298637055, 8213480.283040727488697 ], [ 565162.242421298637055, 8213480.283040727488697 ] ] ] } },
{ "type": "Feature", "properties": { "classe_codigo": 3, "classe": "adensando", "f_2020": 0.75, "f_2025": 0.828125, "S1": 0.01517, "S2": 0.002436, "S3": 0.228878, "concordancia": 2, "fracao_industrial": 0.0, "anel": "periurbano_0_1km", "dist_borda_urbano_2025_m": 30.0, "unidade": "tete", "area_km2": 0.5184 }, "geometry": { "type": "Polygon", "coordinates": [ [ [ 566602.242421298637055, 8213960.283040727488697 ], [ 566602.242421298637055, 8213480.283040727488697 ], [ 565882.242421298637055, 8213480.283040727488697 ], [ 565882.242421298637055, 8213240.283040727488697 ], [ 566122.242421298637055, 8213240.283040727488697 ], [ 566122.242421298637055, 8213000.283040727488697 ], [ 566362.242421298637055, 8213000.283040727488697 ], [ 566362.242421298637055, 8213240.283040727488697 ], [ 566602.242421298637055, 8213240.283040727488697 ], [ 566602.242421298637055, 8213000.283040727488697 ], [ 566842.242421298637055, 8213000.283040727488697 ], [ 566842.242421298637055, 8213240.283040727488697 ], [ 567082.242421298637055, 8213240.283040727488697 ], [ 567082.242421298637055, 8213480.283040727488697 ], [ 566842.242421298637055, 8213480.283040727488697 ], [ 566842.242421298637055, 8213960.283040727488697 ], [ 566602.242421298637055, 8213960.283040727488697 ] ] ] } },
{ "type": "Feature", "properties": { "classe_codigo": 2, "classe": "esparso_estavel", "f_2020": 0.25, "f_2025": 0.25, "S1": -0.041642, "S2": -0.000988, "S3": 0.20298, "concordancia": 0, "fracao_industrial": 0.0, "anel": "periurbano_0_1km", "dist_borda_urbano_2025_m": 60.0, "unidade": "tete", "area_km2": 0.0576 }, "geometry": { "type": "Polygon", "coordinates": [ [ [ 561562.242421298637055, 8213240.283040727488697 ], [ 561562.242421298637055, 8213000.283040727488697 ], [ 561802.242421298637055, 8213000.283040727488697 ], [ 561802.242421298637055, 8213240.283040727488697 ], [ 561562.242421298637055, 8213240.283040727488697 ] ] ] } },
{ "type": "Feature", "properties": { "classe_codigo": 4, "classe": "expansao_nova", "f_2020": 0.015625, "f_2025": 0.046875, "S1": 0.023795, "S2": 0.002983, "S3": 0.60064, "concordancia": 3, "fracao_industrial": 0.0, "anel": "periurbano_0_1km", "dist_borda_urbano_2025_m": 90.0, "unidade": "tete", "area_km2": 0.0576 }, "geometry": { "type": "Polygon", "coordinates": [ [ [ 565882.242421298637055, 8213240.283040727488697 ], [ 565882.242421298637055, 8213000.283040727488697 ], [ 566122.242421298637055, 8213000.283040727488697 ], [ 566122.242421298637055, 8213240.283040727488697 ], [ 565882.242421298637055, 8213240.283040727488697 ] ] ] } },
{ "type": "Feature", "properties": { "classe_codigo": 2, "classe": "esparso_estavel", "f_2020": 0.484375, "f_2025": 0.546875, "S1": -0.01517, "S2": 0.004973, "S3": 0.282214, "concordancia": 1, "fracao_industrial": 0.0, "anel": "intraurbano", "dist_borda_urbano_2025_m": 0.0, "unidade": "tete", "area_km2": 0.0576 }, "geometry": { "type": "Polygon", "coordinates": [ [ [ 566362.242421298637055, 8213240.283040727488697 ], [ 566362.242421298637055, 8213000.283040727488697 ], [ 566602.242421298637055, 8213000.283040727488697 ], [ 566602.242421298637055, 8213240.283040727488697 ], [ 566362.242421298637055, 8213240.283040727488697 ] ] ] } },
{ "type": "Feature", "properties": { "classe_codigo": 2, "classe": "esparso_estavel", "f_2020": 0.5, "f_2025": 0.515625, "S1": -0.029149, "S2": 0.004885, "S3": 0.152297, "concordancia": 1, "fracao_industrial": 0.0, "anel": "periurbano_0_1km", "dist_borda_urbano_2025_m": 30.0, "unidade": "tete", "area_km2": 0.0576 }, "geometry": { "type": "Polygon", "coordinates": [ [ [ 566842.242421298637055, 8213240.283040727488697 ], [ 566842.242421298637055, 8213000.283040727488697 ], [ 567082.242421298637055, 8213000.283040727488697 ], [ 567082.242421298637055, 8213240.283040727488697 ], [ 566842.242421298637055, 8213240.283040727488697 ] ] ] } },
{ "type": "Feature", "properties": { "classe_codigo": 2, "classe": "esparso_estavel", "f_2020": 0.03125, "f_2025": 0.03125, "S1": -0.100238, "S2": -0.001463, "S3": -0.209697, "concordancia": 0, "fracao_industrial": 0.0, "anel": "periurbano_0_1km", "dist_borda_urbano_2025_m": 127.28, "unidade": "tete", "area_km2": 0.0576 }, "geometry": { "type": "Polygon", "coordinates": [ [ [ 569002.242421298637055, 8213240.283040727488697 ], [ 569002.242421298637055, 8213000.283040727488697 ], [ 569242.242421298637055, 8213000.283040727488697 ], [ 569242.242421298637055, 8213240.283040727488697 ], [ 569002.242421298637055, 8213240.283040727488697 ] ] ] } },
{ "type": "Feature", "properties": { "classe_codigo": 4, "classe": "expansao_nova", "f_2020": 0.0, "f_2025": 0.03125, "S1": 0.056811, "S2": 0.003257, "S3": 0.76533, "concordancia": 3, "fracao_industrial": 0.0, "anel": "periurbano_0_1km", "dist_borda_urbano_2025_m": 108.17, "unidade": "tete", "area_km2": 0.1152 }, "geometry": { "type": "Polygon", "coordinates": [ [ [ 558682.242421298637055, 8213240.283040727488697 ], [ 558682.242421298637055, 8212760.283040727488697 ], [ 558922.242421298637055, 8212760.283040727488697 ], [ 558922.242421298637055, 8213240.283040727488697 ], [ 558682.242421298637055, 8213240.283040727488697 ] ] ] } },
{ "type": "Feature", "properties": { "classe_codigo": 2, "classe": "esparso_estavel", "f_2020": 0.609375, "f_2025": 0.625, "S1": -0.029149, "S2": 0.000609, "S3": 0.211025, "concordancia": 0, "fracao_industrial": 0.0, "anel": "intraurbano", "dist_borda_urbano_2025_m": 0.0, "unidade": "tete", "area_km2": 0.1152 }, "geometry": { "type": "Polygon", "coordinates": [ [ [ 561082.242421298637055, 8213240.283040727488697 ], [ 561082.242421298637055, 8212760.283040727488697 ], [ 561322.242421298637055, 8212760.283040727488697 ], [ 561322.242421298637055, 8213240.283040727488697 ], [ 561082.242421298637055, 8213240.283040727488697 ] ] ] } },
{ "type": "Feature", "properties": { "classe_codigo": 2, "classe": "esparso_estavel", "f_2020": 0.8125, "f_2025": 0.84375, "S1": -0.010113, "S2": 0.002128, "S3": 0.180666, "concordancia": 1, "fracao_industrial": 0.0, "anel": "intraurbano", "dist_borda_urbano_2025_m": 0.0, "unidade": "tete", "area_km2": 0.0576 }, "geometry": { "type": "Polygon", "coordinates": [ [ [ 560362.242421298637055, 8213000.283040727488697 ], [ 560362.242421298637055, 8212760.283040727488697 ], [ 560602.242421298637055, 8212760.283040727488697 ], [ 560602.242421298637055, 8213000.283040727488697 ], [ 560362.242421298637055, 8213000.283040727488697 ] ] ] } },
{ "type": "Feature", "properties": { "classe_codigo": 2, "classe": "esparso_estavel", "f_2020": 0.359375, "f_2025": 0.4375, "S1": -0.00119, "S2": -0.000276, "S3": 0.269146, "concordancia": 0, "fracao_industrial": 0.0, "anel": "periurbano_0_1km", "dist_borda_urbano_2025_m": 30.0, "unidade": "tete", "area_km2": 0.0576 }, "geometry": { "type": "Polygon", "coordinates": [ [ [ 561802.242421298637055, 8213000.283040727488697 ], [ 561802.242421298637055, 8212760.283040727488697 ], [ 562042.242421298637055, 8212760.283040727488697 ], [ 562042.242421298637055, 8213000.283040727488697 ], [ 561802.242421298637055, 8213000.283040727488697 ] ] ] } },
{ "type": "Feature", "properties": { "classe_codigo": 3, "classe": "adensando", "f_2020": 0.09375, "f_2025": 0.265625, "S1": 0.101725, "S2": 0.000574, "S3": 0.501128, "concordancia": 2, "fracao_industrial": 0.0, "anel": "periurbano_0_1km", "dist_borda_urbano_2025_m": 0.0, "unidade": "tete", "area_km2": 0.0576 }, "geometry": { "type": "Polygon", "coordinates": [ [ [ 569002.242421298637055, 8213000.283040727488697 ], [ 569002.242421298637055, 8212760.283040727488697 ], [ 569242.242421298637055, 8212760.283040727488697 ], [ 569242.242421298637055, 8213000.283040727488697 ], [ 569002.242421298637055, 8213000.283040727488697 ] ] ] } },
{ "type": "Feature", "properties": { "classe_codigo": 6, "classe": "pegada_industrial", "f_2020": 0.0, "f_2025": 0.0, "S1": 0.0, "S2": -0.003309, "S3": 0.0, "concordancia": 0, "fracao_industrial": 1.0, "anel": "periurbano_1_3km", "dist_borda_urbano_2025_m": 1033.15, "unidade": "tete", "area_km2": 0.7488 }, "geometry": { "type": "Polygon", "coordinates": [ [ [ 569962.242421298637055, 8213960.283040727488697 ], [ 569962.242421298637055, 8213720.283040727488697 ], [ 569722.242421298637055, 8213720.283040727488697 ], [ 569722.242421298637055, 8212760.283040727488697 ], [ 569962.242421298637055, 8212760.283040727488697 ], [ 569962.242421298637055, 8212520.283040727488697 ], [ 570202.242421298637055, 8212520.283040727488697 ], [ 570202.242421298637055, 8213000.283040727488697 ], [ 570442.242421298637055, 8213000.283040727488697 ], [ 570442.242421298637055, 8213720.283040727488697 ], [ 570202.242421298637055, 8213720.283040727488697 ], [ 570202.242421298637055, 8213960.283040727488697 ], [ 569962.242421298637055, 8213960.283040727488697 ] ] ] } },
{ "type": "Feature", "properties": { "classe_codigo": 4, "classe": "expansao_nova", "f_2020": 0.0, "f_2025": 0.078125, "S1": 0.192148, "S2": 0.002054, "S3": 0.767585, "concordancia": 3, "fracao_industrial": 0.0, "anel": "periurbano_0_1km", "dist_borda_urbano_2025_m": 67.08, "unidade": "tete", "area_km2": 0.1728 }, "geometry": { "type": "Polygon", "coordinates": [ [ [ 565162.242421298637055, 8213000.283040727488697 ], [ 565162.242421298637055, 8212760.283040727488697 ], [ 565402.242421298637055, 8212760.283040727488697 ], [ 565402.242421298637055, 8212520.283040727488697 ], [ 565642.242421298637055, 8212520.283040727488697 ], [ 565642.242421298637055, 8213000.283040727488697 ], [ 565162.242421298637055, 8213000.283040727488697 ] ] ] } },
{ "type": "Feature", "properties": { "classe_codigo": 2, "classe": "esparso_estavel", "f_2020": 0.0625, "f_2025": 0.0625, "S1": -0.076443, "S2": 0.008576, "S3": 0.206213, "concordancia": 1, "fracao_industrial": 0.0, "anel": "periurbano_0_1km", "dist_borda_urbano_2025_m": 94.87, "unidade": "tete", "area_km2": 0.1152 }, "geometry": { "type": "Polygon", "coordinates": [ [ [ 557962.242421298637055, 8212760.283040727488697 ], [ 557962.242421298637055, 8212520.283040727488697 ], [ 558442.242421298637055, 8212520.283040727488697 ], [ 558442.242421298637055, 8212760.283040727488697 ], [ 557962.242421298637055, 8212760.283040727488697 ] ] ] } },
{ "type": "Feature", "properties": { "classe_codigo": 3, "classe": "adensando", "f_2020": 0.875, "f_2025": 0.9375, "S1": 0.021416, "S2": 0.00229, "S3": 0.125217, "concordancia": 2, "fracao_industrial": 0.0, "anel": "intraurbano", "dist_borda_urbano_2025_m": 0.0, "unidade": "tete", "area_km2": 0.0576 }, "geometry": { "type": "Polygon", "coordinates": [ [ [ 560122.242421298637055, 8212760.283040727488697 ], [ 560122.242421298637055, 8212520.283040727488697 ], [ 560362.242421298637055, 8212520.283040727488697 ], [ 560362.242421298637055, 8212760.283040727488697 ], [ 560122.242421298637055, 8212760.283040727488697 ] ] ] } },
{ "type": "Feature", "properties": { "classe_codigo": 2, "classe": "esparso_estavel", "f_2020": 0.4375, "f_2025": 0.546875, "S1": 0.007139, "S2": 0.001397, "S3": 0.301746, "concordancia": 1, "fracao_industrial": 0.0, "anel": "periurbano_0_1km", "dist_borda_urbano_2025_m": 30.0, "unidade": "tete", "area_km2": 0.0576 }, "geometry": { "type": "Polygon", "coordinates": [ [ [ 562042.242421298637055, 8212760.283040727488697 ], [ 562042.242421298637055, 8212520.283040727488697 ], [ 562282.242421298637055, 8212520.283040727488697 ], [ 562282.242421298637055, 8212760.283040727488697 ], [ 562042.242421298637055, 8212760.283040727488697 ] ] ] } },
{ "type": "Feature", "properties": { "classe_codigo": 3, "classe": "adensando", "f_2020": 0.140625, "f_2025": 0.21875, "S1": 0.019036, "S2": 0.004141, "S3": 0.466428, "concordancia": 3, "fracao_industrial": 0.0, "anel": "periurbano_0_1km", "dist_borda_urbano_2025_m": 42.43, "unidade": "tete", "area_km2": 1.0944 }, "geometry": { "type": "Polygon", "coordinates": [ [ [ 567322.242421298637055, 8214200.283040727488697 ], [ 567322.242421298637055, 8213720.283040727488697 ], [ 567562.242421298637055, 8213720.283040727488697 ], [ 567562.242421298637055, 8213480.283040727488697 ], [ 567322.242421298637055, 8213480.283040727488697 ], [ 567322.242421298637055, 8213240.283040727488697 ], [ 567082.242421298637055, 8213240.283040727488697 ], [ 567082.242421298637055, 8213000.283040727488697 ], [ 566842.242421298637055, 8213000.283040727488697 ], [ 566842.242421298637055, 8212760.283040727488697 ], [ 566602.242421298637055, 8212760.283040727488697 ], [ 566602.242421298637055, 8212520.283040727488697 ], [ 567082.242421298637055, 8212520.283040727488697 ], [ 567082.242421298637055, 8212760.283040727488697 ], [ 567802.242421298637055, 8212760.283040727488697 ], [ 567802.242421298637055, 8213000.283040727488697 ], [ 568042.242421298637055, 8213000.283040727488697 ], [ 568042.242421298637055, 8213720.283040727488697 ], [ 567802.242421298637055, 8213720.283040727488697 ], [ 567802.242421298637055, 8214200.283040727488697 ], [ 567322.242421298637055, 8214200.283040727488697 ] ] ] } },
{ "type": "Feature", "properties": { "classe_codigo": 2, "classe": "esparso_estavel", "f_2020": 0.34375, "f_2025": 0.34375, "S1": -0.043129, "S2": 0.000483, "S3": 0.10497, "concordancia": 0, "fracao_industrial": 0.0, "anel": "periurbano_0_1km", "dist_borda_urbano_2025_m": 60.0, "unidade": "tete", "area_km2": 0.4032 }, "geometry": { "type": "Polygon", "coordinates": [ [ [ 563722.242421298637055, 8213240.283040727488697 ], [ 563722.242421298637055, 8213000.283040727488697 ], [ 563482.242421298637055, 8213000.283040727488697 ], [ 563482.242421298637055, 8212760.283040727488697 ], [ 563722.242421298637055, 8212760.283040727488697 ], [ 563722.242421298637055, 8212520.283040727488697 ], [ 563962.242421298637055, 8212520.283040727488697 ], [ 563962.242421298637055, 8212280.283040727488697 ], [ 564202.242421298637055, 8212280.283040727488697 ], [ 564202.242421298637055, 8213000.283040727488697 ], [ 563962.242421298637055, 8213000.283040727488697 ], [ 563962.242421298637055, 8213240.283040727488697 ], [ 563722.242421298637055, 8213240.283040727488697 ] ] ] } },
{ "type": "Feature", "properties": { "classe_codigo": 2, "classe": "esparso_estavel", "f_2020": 0.8125, "f_2025": 0.8125, "S1": -0.032719, "S2": 0.000942, "S3": 0.191598, "concordancia": 0, "fracao_industrial": 0.0, "anel": "intraurbano", "dist_borda_urbano_2025_m": 0.0, "unidade": "tete", "area_km2": 0.0576 }, "geometry": { "type": "Polygon", "coordinates": [ [ [ 560842.242421298637055, 8212520.283040727488697 ], [ 560842.242421298637055, 8212280.283040727488697 ], [ 561082.242421298637055, 8212280.283040727488697 ], [ 561082.242421298637055, 8212520.283040727488697 ], [ 560842.242421298637055, 8212520.283040727488697 ] ] ] } },
{ "type": "Feature", "properties": { "classe_codigo": 2, "classe": "esparso_estavel", "f_2020": 0.359375, "f_2025": 0.40625, "S1": -0.019334, "S2": 0.001351, "S3": 0.299512, "concordancia": 1, "fracao_industrial": 0.0, "anel": "periurbano_0_1km", "dist_borda_urbano_2025_m": 42.43, "unidade": "tete", "area_km2": 0.0576 }, "geometry": { "type": "Polygon", "coordinates": [ [ [ 562282.242421298637055, 8212520.283040727488697 ], [ 562282.242421298637055, 8212280.283040727488697 ], [ 562522.242421298637055, 8212280.283040727488697 ], [ 562522.242421298637055, 8212520.283040727488697 ], [ 562282.242421298637055, 8212520.283040727488697 ] ] ] } },
{ "type": "Feature", "properties": { "classe_codigo": 4, "classe": "expansao_nova", "f_2020": 0.0, "f_2025": 0.03125, "S1": 0.056811, "S2": 0.005207, "S3": 0.469477, "concordancia": 3, "fracao_industrial": 0.0, "anel": "periurbano_0_1km", "dist_borda_urbano_2025_m": 123.69, "unidade": "tete", "area_km2": 0.0576 }, "geometry": { "type": "Polygon", "coordinates": [ [ [ 566602.242421298637055, 8212520.283040727488697 ], [ 566602.242421298637055, 8212280.283040727488697 ], [ 566842.242421298637055, 8212280.283040727488697 ], [ 566842.242421298637055, 8212520.283040727488697 ], [ 566602.242421298637055, 8212520.283040727488697 ] ] ] } },
{ "type": "Feature", "properties": { "classe_codigo": 2, "classe": "esparso_estavel", "f_2020": 0.046875, "f_2025": 0.046875, "S1": -0.088638, "S2": -0.000574, "S3": 0.030112, "concordancia": 0, "fracao_industrial": 0.0, "anel": "periurbano_0_1km", "dist_borda_urbano_2025_m": 127.28, "unidade": "tete", "area_km2": 0.288 }, "geometry": { "type": "Polygon", "coordinates": [ [ [ 561322.242421298637055, 8212760.283040727488697 ], [ 561322.242421298637055, 8212520.283040727488697 ], [ 561562.242421298637055, 8212520.283040727488697 ], [ 561562.242421298637055, 8212280.283040727488697 ], [ 561802.242421298637055, 8212280.283040727488697 ], [ 561802.242421298637055, 8212040.283040727488697 ], [ 562042.242421298637055, 8212040.283040727488697 ], [ 562042.242421298637055, 8212520.283040727488697 ], [ 561802.242421298637055, 8212520.283040727488697 ], [ 561802.242421298637055, 8212760.283040727488697 ], [ 561322.242421298637055, 8212760.283040727488697 ] ] ] } },
{ "type": "Feature", "properties": { "classe_codigo": 4, "classe": "expansao_nova", "f_2020": 0.0, "f_2025": 0.046875, "S1": 0.114218, "S2": 0.006057, "S3": 0.701127, "concordancia": 3, "fracao_industrial": 0.0, "anel": "periurbano_0_1km", "dist_borda_urbano_2025_m": 120.0, "unidade": "tete", "area_km2": 0.1728 }, "geometry": { "type": "Polygon", "coordinates": [ [ [ 557962.242421298637055, 8212520.283040727488697 ], [ 557962.242421298637055, 8212040.283040727488697 ], [ 558202.242421298637055, 8212040.283040727488697 ], [ 558202.242421298637055, 8212280.283040727488697 ], [ 558442.242421298637055, 8212280.283040727488697 ], [ 558442.242421298637055, 8212520.283040727488697 ], [ 557962.242421298637055, 8212520.283040727488697 ] ] ] } },
{ "type": "Feature", "properties": { "classe_codigo": 2, "classe": "esparso_estavel", "f_2020": 0.40625, "f_2025": 0.421875, "S1": -0.030934, "S2": 0.001752, "S3": 0.317089, "concordancia": 1, "fracao_industrial": 0.0, "anel": "intraurbano", "dist_borda_urbano_2025_m": 0.0, "unidade": "tete", "area_km2": 0.0576 }, "geometry": { "type": "Polygon", "coordinates": [ [ [ 559162.242421298637055, 8212280.283040727488697 ], [ 559162.242421298637055, 8212040.283040727488697 ], [ 559402.242421298637055, 8212040.283040727488697 ], [ 559402.242421298637055, 8212280.283040727488697 ], [ 559162.242421298637055, 8212280.283040727488697 ] ] ] } },
{ "type": "Feature", "properties": { "classe_codigo": 2, "classe": "esparso_estavel", "f_2020": 0.609375, "f_2025": 0.65625, "S1": -0.012493, "S2": 0.001815, "S3": 0.237053, "concordancia": 1, "fracao_industrial": 0.0, "anel": "periurbano_0_1km", "dist_borda_urbano_2025_m": 42.43, "unidade": "tete", "area_km2": 0.0576 }, "geometry": { "type": "Polygon", "coordinates": [ [ [ 560602.242421298637055, 8212280.283040727488697 ], [ 560602.242421298637055, 8212040.283040727488697 ], [ 560842.242421298637055, 8212040.283040727488697 ], [ 560842.242421298637055, 8212280.283040727488697 ], [ 560602.242421298637055, 8212280.283040727488697 ] ] ] } },
{ "type": "Feature", "properties": { "classe_codigo": 2, "classe": "esparso_estavel", "f_2020": 0.40625, "f_2025": 0.484375, "S1": 0.000297, "S2": 0.001319, "S3": 0.3334, "concordancia": 1, "fracao_industrial": 0.0, "anel": "periurbano_0_1km", "dist_borda_urbano_2025_m": 30.0, "unidade": "tete", "area_km2": 0.0576 }, "geometry": { "type": "Polygon", "coordinates": [ [ [ 562522.242421298637055, 8212280.283040727488697 ], [ 562522.242421298637055, 8212040.283040727488697 ], [ 562762.242421298637055, 8212040.283040727488697 ], [ 562762.242421298637055, 8212280.283040727488697 ], [ 562522.242421298637055, 8212280.283040727488697 ] ] ] } },
{ "type": "Feature", "properties": { "classe_codigo": 2, "classe": "esparso_estavel", "f_2020": 0.03125, "f_2025": 0.03125, "S1": -0.100238, "S2": 0.00586, "S3": -0.209697, "concordancia": 1, "fracao_industrial": 0.0, "anel": "periurbano_0_1km", "dist_borda_urbano_2025_m": 94.87, "unidade": "tete", "area_km2": 0.0576 }, "geometry": { "type": "Polygon", "coordinates": [ [ [ 567082.242421298637055, 8212280.283040727488697 ], [ 567082.242421298637055, 8212040.283040727488697 ], [ 567322.242421298637055, 8212040.283040727488697 ], [ 567322.242421298637055, 8212280.283040727488697 ], [ 567082.242421298637055, 8212280.283040727488697 ] ] ] } },
{ "type": "Feature", "properties": { "classe_codigo": 6, "classe": "pegada_industrial", "f_2020": 0.0, "f_2025": 0.0, "S1": 0.0, "S2": 0.000643, "S3": 0.0, "concordancia": 0, "fracao_industrial": 0.921875, "anel": "externo", "dist_borda_urbano_2025_m": 4355.07, "unidade": "moatize_vila", "area_km2": 0.0576 }, "geometry": { "type": "Polygon", "coordinates": [ [ [ 573322.242421298637055, 8212280.283040727488697 ], [ 573322.242421298637055, 8212040.283040727488697 ], [ 573562.242421298637055, 8212040.283040727488697 ], [ 573562.242421298637055, 8212280.283040727488697 ], [ 573322.242421298637055, 8212280.283040727488697 ] ] ] } },
{ "type": "Feature", "properties": { "classe_codigo": 5, "classe": "consolidado", "f_2020": 1.0, "f_2025": 1.0, "S1": -0.005057, "S2": 0.000126, "S3": 0.045856, "concordancia": 0, "fracao_industrial": 0.0, "anel": "intraurbano", "dist_borda_urbano_2025_m": 0.0, "unidade": "tete", "area_km2": 3.8016 }, "geometry": { "type": "Polygon", "coordinates": [ [ [ 561082.242421298637055, 8215400.283040727488697 ], [ 561082.242421298637055, 8214440.283040727488697 ], [ 561322.242421298637055, 8214440.283040727488697 ], [ 561322.242421298637055, 8213960.283040727488697 ], [ 561562.242421298637055, 8213960.283040727488697 ], [ 561562.242421298637055, 8213240.283040727488697 ], [ 561802.242421298637055, 8213240.283040727488697 ], [ 561802.242421298637055, 8213000.283040727488697 ], [ 562042.242421298637055, 8213000.283040727488697 ], [ 562042.242421298637055, 8212760.283040727488697 ], [ 562282.242421298637055, 8212760.283040727488697 ], [ 562282.242421298637055, 8212520.283040727488697 ], [ 562522.242421298637055, 8212520.283040727488697 ], [ 562522.242421298637055, 8212280.283040727488697 ], [ 562762.242421298637055, 8212280.283040727488697 ], [ 562762.242421298637055, 8212040.283040727488697 ], [ 563482.242421298637055, 8212040.283040727488697 ], [ 563482.242421298637055, 8212280.283040727488697 ], [ 563722.242421298637055, 8212280.283040727488697 ], [ 563722.242421298637055, 8212040.283040727488697 ], [ 563962.242421298637055, 8212040.283040727488697 ], [ 563962.242421298637055, 8211800.283040727488697 ], [ 564202.242421298637055, 8211800.283040727488697 ], [ 564202.242421298637055, 8212280.283040727488697 ], [ 563962.242421298637055, 8212280.283040727488697 ], [ 563962.242421298637055, 8212520.283040727488697 ], [ 563722.242421298637055, 8212520.283040727488697 ], [ 563722.242421298637055, 8212760.283040727488697 ], [ 563482.242421298637055, 8212760.283040727488697 ], [ 563482.242421298637055, 8213000.283040727488697 ], [ 563722.242421298637055, 8213000.283040727488697 ], [ 563722.242421298637055, 8213240.283040727488697 ], [ 563242.242421298637055, 8213240.283040727488697 ], [ 563242.242421298637055, 8213480.283040727488697 ], [ 563002.242421298637055, 8213480.283040727488697 ], [ 563002.242421298637055, 8213720.283040727488697 ], [ 562522.242421298637055, 8213720.283040727488697 ], [ 562522.242421298637055, 8213960.283040727488697 ], [ 562282.242421298637055, 8213960.283040727488697 ], [ 562282.242421298637055, 8214200.283040727488697 ], [ 562042.242421298637055, 8214200.283040727488697 ], [ 562042.242421298637055, 8214680.283040727488697 ], [ 561802.242421298637055, 8214680.283040727488697 ], [ 561802.242421298637055, 8214920.283040727488697 ], [ 561562.242421298637055, 8214920.283040727488697 ], [ 561562.242421298637055, 8215160.283040727488697 ], [ 561322.242421298637055, 8215160.283040727488697 ], [ 561322.242421298637055, 8215400.283040727488697 ], [ 561082.242421298637055, 8215400.283040727488697 ] ] ] } },
{ "type": "Feature", "properties": { "classe_codigo": 2, "classe": "esparso_estavel", "f_2020": 0.5625, "f_2025": 0.5625, "S1": -0.043129, "S2": 0.000326, "S3": 0.246397, "concordancia": 0, "fracao_industrial": 0.0, "anel": "intraurbano", "dist_borda_urbano_2025_m": 0.0, "unidade": "tete", "area_km2": 0.1152 }, "geometry": { "type": "Polygon", "coordinates": [ [ [ 564202.242421298637055, 8212280.283040727488697 ], [ 564202.242421298637055, 8211800.283040727488697 ], [ 564442.242421298637055, 8211800.283040727488697 ], [ 564442.242421298637055, 8212280.283040727488697 ], [ 564202.242421298637055, 8212280.283040727488697 ] ] ] } },
{ "type": "Feature", "properties": { "classe_codigo": 2, "classe": "esparso_estavel", "f_2020": 0.609375, "f_2025": 0.609375, "S1": -0.038073, "S2": -0.000368, "S3": 0.220742, "concordancia": 0, "fracao_industrial": 0.0, "anel": "intraurbano", "dist_borda_urbano_2025_m": 0.0, "unidade": "tete", "area_km2": 0.0576 }, "geometry": { "type": "Polygon", "coordinates": [ [ [ 562042.242421298637055, 8212040.283040727488697 ], [ 562042.242421298637055, 8211800.283040727488697 ], [ 562282.242421298637055, 8211800.283040727488697 ], [ 562282.242421298637055, 8212040.283040727488697 ], [ 562042.242421298637055, 8212040.283040727488697 ] ] ] } },
{ "type": "Feature", "properties": { "classe_codigo": 4, "classe": "expansao_nova", "f_2020": 0.0, "f_2025": 0.03125, "S1": 0.056811, "S2": -0.000385, "S3": 0.245635, "concordancia": 1, "fracao_industrial": 0.0, "anel": "periurbano_0_1km", "dist_borda_urbano_2025_m": 134.16, "unidade": "tete", "area_km2": 0.0576 }, "geometry": { "type": "Polygon", "coordinates": [ [ [ 562282.242421298637055, 8212040.283040727488697 ], [ 562282.242421298637055, 8211800.283040727488697 ], [ 562522.242421298637055, 8211800.283040727488697 ], [ 562522.242421298637055, 8212040.283040727488697 ], [ 562282.242421298637055, 8212040.283040727488697 ] ] ] } },
{ "type": "Feature", "properties": { "classe_codigo": 2, "classe": "esparso_estavel", "f_2020": 0.328125, "f_2025": 0.359375, "S1": -0.024093, "S2": 0.000974, "S3": 0.274052, "concordancia": 0, "fracao_industrial": 0.0, "anel": "periurbano_0_1km", "dist_borda_urbano_2025_m": 84.85, "unidade": "tete", "area_km2": 0.0576 }, "geometry": { "type": "Polygon", "coordinates": [ [ [ 562762.242421298637055, 8212040.283040727488697 ], [ 562762.242421298637055, 8211800.283040727488697 ], [ 563002.242421298637055, 8211800.283040727488697 ], [ 563002.242421298637055, 8212040.283040727488697 ], [ 562762.242421298637055, 8212040.283040727488697 ] ] ] } },
{ "type": "Feature", "properties": { "classe_codigo": 3, "classe": "adensando", "f_2020": 0.296875, "f_2025": 0.40625, "S1": 0.019334, "S2": 0.001576, "S3": 0.336097, "concordancia": 2, "fracao_industrial": 0.0, "anel": "periurbano_0_1km", "dist_borda_urbano_2025_m": 67.08, "unidade": "tete", "area_km2": 0.0576 }, "geometry": { "type": "Polygon", "coordinates": [ [ [ 563002.242421298637055, 8212040.283040727488697 ], [ 563002.242421298637055, 8211800.283040727488697 ], [ 563242.242421298637055, 8211800.283040727488697 ], [ 563242.242421298637055, 8212040.283040727488697 ], [ 563002.242421298637055, 8212040.283040727488697 ] ] ] } },
{ "type": "Feature", "properties": { "classe_codigo": 6, "classe": "pegada_industrial", "f_2020": 0.0, "f_2025": 0.0, "S1": 0.0, "S2": -0.007578, "S3": 0.0, "concordancia": 0, "fracao_industrial": 0.796875, "anel": "externo", "dist_borda_urbano_2025_m": 4585.39, "unidade": "moatize_vila", "area_km2": 0.0576 }, "geometry": { "type": "Polygon", "coordinates": [ [ [ 587722.242421298637055, 8212040.283040727488697 ], [ 587722.242421298637055, 8211800.283040727488697 ], [ 587962.242421298637055, 8211800.283040727488697 ], [ 587962.242421298637055, 8212040.283040727488697 ], [ 587722.242421298637055, 8212040.283040727488697 ] ] ] } },
{ "type": "Feature", "properties": { "classe_codigo": 2, "classe": "esparso_estavel", "f_2020": 0.71875, "f_2025": 0.71875, "S1": -0.027365, "S2": 0.001141, "S3": 0.178431, "concordancia": 1, "fracao_industrial": 0.0, "anel": "intraurbano", "dist_borda_urbano_2025_m": 0.0, "unidade": "tete", "area_km2": 2.2464 }, "geometry": { "type": "Polygon", "coordinates": [ [ [ 558922.242421298637055, 8215160.283040727488697 ], [ 558922.242421298637055, 8214920.283040727488697 ], [ 558682.242421298637055, 8214920.283040727488697 ], [ 558682.242421298637055, 8214680.283040727488697 ], [ 559402.242421298637055, 8214680.283040727488697 ], [ 559402.242421298637055, 8214200.283040727488697 ], [ 559162.242421298637055, 8214200.283040727488697 ], [ 559162.242421298637055, 8214440.283040727488697 ], [ 558682.242421298637055, 8214440.283040727488697 ], [ 558682.242421298637055, 8214200.283040727488697 ], [ 558922.242421298637055, 8214200.283040727488697 ], [ 558922.242421298637055, 8213720.283040727488697 ], [ 559162.242421298637055, 8213720.283040727488697 ], [ 559162.242421298637055, 8213480.283040727488697 ], [ 558922.242421298637055, 8213480.283040727488697 ], [ 558922.242421298637055, 8213000.283040727488697 ], [ 559162.242421298637055, 8213000.283040727488697 ], [ 559162.242421298637055, 8212760.283040727488697 ], [ 559642.242421298637055, 8212760.283040727488697 ], [ 559642.242421298637055, 8211800.283040727488697 ], [ 559882.242421298637055, 8211800.283040727488697 ], [ 559882.242421298637055, 8212040.283040727488697 ], [ 560122.242421298637055, 8212040.283040727488697 ], [ 560122.242421298637055, 8211560.283040727488697 ], [ 560362.242421298637055, 8211560.283040727488697 ], [ 560362.242421298637055, 8212280.283040727488697 ], [ 560122.242421298637055, 8212280.283040727488697 ], [ 560122.242421298637055, 8212520.283040727488697 ], [ 559882.242421298637055, 8212520.283040727488697 ], [ 559882.242421298637055, 8213000.283040727488697 ], [ 560122.242421298637055, 8213000.283040727488697 ], [ 560122.242421298637055, 8213240.283040727488697 ], [ 559402.242421298637055, 8213240.283040727488697 ], [ 559402.242421298637055, 8213480.283040727488697 ], [ 559642.242421298637055, 8213480.283040727488697 ], [ 559642.242421298637055, 8214440.283040727488697 ], [ 559882.242421298637055, 8214440.283040727488697 ], [ 559882.242421298637055, 8214920.283040727488697 ], [ 559402.242421298637055, 8214920.283040727488697 ], [ 559402.242421298637055, 8215160.283040727488697 ], [ 558922.242421298637055, 8215160.283040727488697 ] ] ] } },
{ "type": "Feature", "properties": { "classe_codigo": 2, "classe": "esparso_estavel", "f_2020": 0.515625, "f_2025": 0.5625, "S1": -0.021416, "S2": 0.001875, "S3": 0.211889, "concordancia": 1, "fracao_industrial": 0.0, "anel": "periurbano_0_1km", "dist_borda_urbano_2025_m": 30.0, "unidade": "tete", "area_km2": 0.3456 }, "geometry": { "type": "Polygon", "coordinates": [ [ [ 563482.242421298637055, 8212280.283040727488697 ], [ 563482.242421298637055, 8212040.283040727488697 ], [ 563242.242421298637055, 8212040.283040727488697 ], [ 563242.242421298637055, 8211800.283040727488697 ], [ 563722.242421298637055, 8211800.283040727488697 ], [ 563722.242421298637055, 8211560.283040727488697 ], [ 564202.242421298637055, 8211560.283040727488697 ], [ 564202.242421298637055, 8211800.283040727488697 ], [ 563962.242421298637055, 8211800.283040727488697 ], [ 563962.242421298637055, 8212040.283040727488697 ], [ 563722.242421298637055, 8212040.283040727488697 ], [ 563722.242421298637055, 8212280.283040727488697 ], [ 563482.242421298637055, 8212280.283040727488697 ] ] ] } },
{ "type": "Feature", "properties": { "classe_codigo": 2, "classe": "esparso_estavel", "f_2020": 0.203125, "f_2025": 0.203125, "S1": -0.045509, "S2": -0.000582, "S3": 0.304512, "concordancia": 0, "fracao_industrial": 0.0, "anel": "periurbano_0_1km", "dist_borda_urbano_2025_m": 67.08, "unidade": "tete", "area_km2": 0.1152 }, "geometry": { "type": "Polygon", "coordinates": [ [ [ 562282.242421298637055, 8211800.283040727488697 ], [ 562282.242421298637055, 8211560.283040727488697 ], [ 562762.242421298637055, 8211560.283040727488697 ], [ 562762.242421298637055, 8211800.283040727488697 ], [ 562282.242421298637055, 8211800.283040727488697 ] ] ] } },
{ "type": "Feature", "properties": { "classe_codigo": 4, "classe": "expansao_nova", "f_2020": 0.015625, "f_2025": 0.03125, "S1": -0.033611, "S2": -2.3e-05, "S3": 0.342788, "concordancia": 0, "fracao_industrial": 0.0, "anel": "periurbano_0_1km", "dist_borda_urbano_2025_m": 127.28, "unidade": "tete", "area_km2": 0.0576 }, "geometry": { "type": "Polygon", "coordinates": [ [ [ 562762.242421298637055, 8211800.283040727488697 ], [ 562762.242421298637055, 8211560.283040727488697 ], [ 563002.242421298637055, 8211560.283040727488697 ], [ 563002.242421298637055, 8211800.283040727488697 ], [ 562762.242421298637055, 8211800.283040727488697 ] ] ] } },
{ "type": "Feature", "properties": { "classe_codigo": 3, "classe": "adensando", "f_2020": 0.03125, "f_2025": 0.03125, "S1": -0.100238, "S2": 0.001388, "S3": 0.465646, "concordancia": 2, "fracao_industrial": 0.0, "anel": "periurbano_0_1km", "dist_borda_urbano_2025_m": 134.16, "unidade": "tete", "area_km2": 0.0576 }, "geometry": { "type": "Polygon", "coordinates": [ [ [ 563482.242421298637055, 8211800.283040727488697 ], [ 563482.242421298637055, 8211560.283040727488697 ], [ 563722.242421298637055, 8211560.283040727488697 ], [ 563722.242421298637055, 8211800.283040727488697 ], [ 563482.242421298637055, 8211800.283040727488697 ] ] ] } },
{ "type": "Feature", "properties": { "classe_codigo": 5, "classe": "consolidado", "f_2020": 0.921875, "f_2025": 0.96875, "S1": 0.023795, "S2": 0.001186, "S3": 0.173285, "concordancia": 2, "fracao_industrial": 0.0, "anel": "intraurbano", "dist_borda_urbano_2025_m": 0.0, "unidade": "tete", "area_km2": 0.0576 }, "geometry": { "type": "Polygon", "coordinates": [ [ [ 564202.242421298637055, 8211800.283040727488697 ], [ 564202.242421298637055, 8211560.283040727488697 ], [ 564442.242421298637055, 8211560.283040727488697 ], [ 564442.242421298637055, 8211800.283040727488697 ], [ 564202.242421298637055, 8211800.283040727488697 ] ] ] } },
{ "type": "Feature", "properties": { "classe_codigo": 2, "classe": "esparso_estavel", "f_2020": 0.328125, "f_2025": 0.328125, "S1": -0.039262, "S2": 0.000529, "S3": 0.308583, "concordancia": 0, "fracao_industrial": 0.0, "anel": "periurbano_0_1km", "dist_borda_urbano_2025_m": 60.0, "unidade": "tete", "area_km2": 0.0576 }, "geometry": { "type": "Polygon", "coordinates": [ [ [ 564442.242421298637055, 8211800.283040727488697 ], [ 564442.242421298637055, 8211560.283040727488697 ], [ 564682.242421298637055, 8211560.283040727488697 ], [ 564682.242421298637055, 8211800.283040727488697 ], [ 564442.242421298637055, 8211800.283040727488697 ] ] ] } },
{ "type": "Feature", "properties": { "classe_codigo": 2, "classe": "esparso_estavel", "f_2020": 0.078125, "f_2025": 0.09375, "S1": -0.03956, "S2": -0.000835, "S3": 0.239308, "concordancia": 0, "fracao_industrial": 0.0, "anel": "periurbano_0_1km", "dist_borda_urbano_2025_m": 84.85, "unidade": "tete", "area_km2": 0.2304 }, "geometry": { "type": "Polygon", "coordinates": [ [ [ 557722.242421298637055, 8212040.283040727488697 ], [ 557722.242421298637055, 8211800.283040727488697 ], [ 557482.242421298637055, 8211800.283040727488697 ], [ 557482.242421298637055, 8211320.283040727488697 ], [ 557722.242421298637055, 8211320.283040727488697 ], [ 557722.242421298637055, 8211560.283040727488697 ], [ 557962.242421298637055, 8211560.283040727488697 ], [ 557962.242421298637055, 8212040.283040727488697 ], [ 557722.242421298637055, 8212040.283040727488697 ] ] ] } },
{ "type": "Feature", "properties": { "classe_codigo": 2, "classe": "esparso_estavel", "f_2020": 0.0625, "f_2025": 0.0625, "S1": -0.076443, "S2": -0.001995, "S3": -0.285544, "concordancia": 0, "fracao_industrial": 0.0, "anel": "periurbano_0_1km", "dist_borda_urbano_2025_m": 60.0, "unidade": "tete", "area_km2": 0.0576 }, "geometry": { "type": "Polygon", "coordinates": [ [ [ 557002.242421298637055, 8211560.283040727488697 ], [ 557002.242421298637055, 8211320.283040727488697 ], [ 557242.242421298637055, 8211320.283040727488697 ], [ 557242.242421298637055, 8211560.283040727488697 ], [ 557002.242421298637055, 8211560.283040727488697 ] ] ] } },
{ "type": "Feature", "properties": { "classe_codigo": 2, "classe": "esparso_estavel", "f_2020": 0.59375, "f_2025": 0.609375, "S1": -0.031231, "S2": 0.001682, "S3": 0.26194, "concordancia": 1, "fracao_industrial": 0.0, "anel": "periurbano_0_1km", "dist_borda_urbano_2025_m": 0.0, "unidade": "tete", "area_km2": 0.0576 }, "geometry": { "type": "Polygon", "coordinates": [ [ [ 561082.242421298637055, 8211560.283040727488697 ], [ 561082.242421298637055, 8211320.283040727488697 ], [ 561322.242421298637055, 8211320.283040727488697 ], [ 561322.242421298637055, 8211560.283040727488697 ], [ 561082.242421298637055, 8211560.283040727488697 ] ] ] } },
{ "type": "Feature", "properties": { "classe_codigo": 2, "classe": "esparso_estavel", "f_2020": 0.296875, "f_2025": 0.34375, "S1": -0.01398, "S2": 0.001898, "S3": 0.211336, "concordancia": 1, "fracao_industrial": 0.0, "anel": "periurbano_0_1km", "dist_borda_urbano_2025_m": 30.0, "unidade": "tete", "area_km2": 0.0576 }, "geometry": { "type": "Polygon", "coordinates": [ [ [ 564202.242421298637055, 8211560.283040727488697 ], [ 564202.242421298637055, 8211320.283040727488697 ], [ 564442.242421298637055, 8211320.283040727488697 ], [ 564442.242421298637055, 8211560.283040727488697 ], [ 564202.242421298637055, 8211560.283040727488697 ] ] ] } },
{ "type": "Feature", "properties": { "classe_codigo": 3, "classe": "adensando", "f_2020": 0.140625, "f_2025": 0.1875, "S1": -0.011303, "S2": 0.00131, "S3": 0.420618, "concordancia": 2, "fracao_industrial": 0.0, "anel": "periurbano_0_1km", "dist_borda_urbano_2025_m": 84.85, "unidade": "tete", "area_km2": 0.0576 }, "geometry": { "type": "Polygon", "coordinates": [ [ [ 564442.242421298637055, 8211560.283040727488697 ], [ 564442.242421298637055, 8211320.283040727488697 ], [ 564682.242421298637055, 8211320.283040727488697 ], [ 564682.242421298637055, 8211560.283040727488697 ], [ 564442.242421298637055, 8211560.283040727488697 ] ] ] } },
{ "type": "Feature", "properties": { "classe_codigo": 2, "classe": "esparso_estavel", "f_2020": 0.46875, "f_2025": 0.53125, "S1": -0.013682, "S2": 0.002459, "S3": 0.292277, "concordancia": 1, "fracao_industrial": 0.0, "anel": "intraurbano", "dist_borda_urbano_2025_m": 0.0, "unidade": "tete", "area_km2": 0.1728 }, "geometry": { "type": "Polygon", "coordinates": [ [ [ 560602.242421298637055, 8211800.283040727488697 ], [ 560602.242421298637055, 8211080.283040727488697 ], [ 560842.242421298637055, 8211080.283040727488697 ], [ 560842.242421298637055, 8211800.283040727488697 ], [ 560602.242421298637055, 8211800.283040727488697 ] ] ] } },
{ "type": "Feature", "properties": { "classe_codigo": 6, "classe": "pegada_industrial", "f_2020": 0.0, "f_2025": 0.0, "S1": 0.0, "S2": -0.013908, "S3": 0.0, "concordancia": 0, "fracao_industrial": 1.0, "anel": "externo", "dist_borda_urbano_2025_m": 4050.11, "unidade": "moatize_vila", "area_km2": 0.2304 }, "geometry": { "type": "Polygon", "coordinates": [ [ [ 587962.242421298637055, 8211800.283040727488697 ], [ 587962.242421298637055, 8211560.283040727488697 ], [ 587722.242421298637055, 8211560.283040727488697 ], [ 587722.242421298637055, 8211080.283040727488697 ], [ 587962.242421298637055, 8211080.283040727488697 ], [ 587962.242421298637055, 8211320.283040727488697 ], [ 588202.242421298637055, 8211320.283040727488697 ], [ 588202.242421298637055, 8211800.283040727488697 ], [ 587962.242421298637055, 8211800.283040727488697 ] ] ] } },
{ "type": "Feature", "properties": { "classe_codigo": 4, "classe": "expansao_nova", "f_2020": 0.0, "f_2025": 0.03125, "S1": 0.056811, "S2": -0.001995, "S3": -0.052647, "concordancia": 1, "fracao_industrial": 0.0, "anel": "periurbano_0_1km", "dist_borda_urbano_2025_m": 94.87, "unidade": "tete", "area_km2": 0.0576 }, "geometry": { "type": "Polygon", "coordinates": [ [ [ 557002.242421298637055, 8211320.283040727488697 ], [ 557002.242421298637055, 8211080.283040727488697 ], [ 557242.242421298637055, 8211080.283040727488697 ], [ 557242.242421298637055, 8211320.283040727488697 ], [ 557002.242421298637055, 8211320.283040727488697 ] ] ] } },
{ "type": "Feature", "properties": { "classe_codigo": 4, "classe": "expansao_nova", "f_2020": 0.0, "f_2025": 0.0625, "S1": 0.156454, "S2": -0.000835, "S3": -0.052647, "concordancia": 1, "fracao_industrial": 0.0, "anel": "periurbano_0_1km", "dist_borda_urbano_2025_m": 108.17, "unidade": "tete", "area_km2": 0.0576 }, "geometry": { "type": "Polygon", "coordinates": [ [ [ 557482.242421298637055, 8211320.283040727488697 ], [ 557482.242421298637055, 8211080.283040727488697 ], [ 557722.242421298637055, 8211080.283040727488697 ], [ 557722.242421298637055, 8211320.283040727488697 ], [ 557482.242421298637055, 8211320.283040727488697 ] ] ] } },
{ "type": "Feature", "properties": { "classe_codigo": 4, "classe": "expansao_nova", "f_2020": 0.015625, "f_2025": 0.0625, "S1": 0.066032, "S2": 0.004035, "S3": 0.70267, "concordancia": 3, "fracao_industrial": 0.0, "anel": "periurbano_0_1km", "dist_borda_urbano_2025_m": 67.08, "unidade": "tete", "area_km2": 0.0576 }, "geometry": { "type": "Polygon", "coordinates": [ [ [ 559882.242421298637055, 8211320.283040727488697 ], [ 559882.242421298637055, 8211080.283040727488697 ], [ 560122.242421298637055, 8211080.283040727488697 ], [ 560122.242421298637055, 8211320.283040727488697 ], [ 559882.242421298637055, 8211320.283040727488697 ] ] ] } },
{ "type": "Feature", "properties": { "classe_codigo": 5, "classe": "consolidado", "f_2020": 0.90625, "f_2025": 0.9375, "S1": 0.003867, "S2": 0.002171, "S3": 0.135605, "concordancia": 1, "fracao_industrial": 0.0, "anel": "intraurbano", "dist_borda_urbano_2025_m": 0.0, "unidade": "tete", "area_km2": 4.2624 }, "geometry": { "type": "Polygon", "coordinates": [ [ [ 559882.242421298637055, 8214680.283040727488697 ], [ 559882.242421298637055, 8214440.283040727488697 ], [ 559642.242421298637055, 8214440.283040727488697 ], [ 559642.242421298637055, 8213480.283040727488697 ], [ 559402.242421298637055, 8213480.283040727488697 ], [ 559402.242421298637055, 8213240.283040727488697 ], [ 560122.242421298637055, 8213240.283040727488697 ], [ 560122.242421298637055, 8213000.283040727488697 ], [ 559882.242421298637055, 8213000.283040727488697 ], [ 559882.242421298637055, 8212520.283040727488697 ], [ 560122.242421298637055, 8212520.283040727488697 ], [ 560122.242421298637055, 8212280.283040727488697 ], [ 560362.242421298637055, 8212280.283040727488697 ], [ 560362.242421298637055, 8211560.283040727488697 ], [ 560602.242421298637055, 8211560.283040727488697 ], [ 560602.242421298637055, 8211800.283040727488697 ], [ 560842.242421298637055, 8211800.283040727488697 ], [ 560842.242421298637055, 8211320.283040727488697 ], [ 561082.242421298637055, 8211320.283040727488697 ], [ 561082.242421298637055, 8211560.283040727488697 ], [ 561322.242421298637055, 8211560.283040727488697 ], [ 561322.242421298637055, 8211320.283040727488697 ], [ 561562.242421298637055, 8211320.283040727488697 ], [ 561562.242421298637055, 8210840.283040727488697 ], [ 562762.242421298637055, 8210840.283040727488697 ], [ 562762.242421298637055, 8211560.283040727488697 ], [ 562282.242421298637055, 8211560.283040727488697 ], [ 562282.242421298637055, 8211800.283040727488697 ], [ 562042.242421298637055, 8211800.283040727488697 ], [ 562042.242421298637055, 8212040.283040727488697 ], [ 561802.242421298637055, 8212040.283040727488697 ], [ 561802.242421298637055, 8212280.283040727488697 ], [ 561562.242421298637055, 8212280.283040727488697 ], [ 561562.242421298637055, 8212520.283040727488697 ], [ 561322.242421298637055, 8212520.283040727488697 ], [ 561322.242421298637055, 8212760.283040727488697 ], [ 561082.242421298637055, 8212760.283040727488697 ], [ 561082.242421298637055, 8213240.283040727488697 ], [ 560842.242421298637055, 8213240.283040727488697 ], [ 560842.242421298637055, 8213480.283040727488697 ], [ 560602.242421298637055, 8213480.283040727488697 ], [ 560602.242421298637055, 8213960.283040727488697 ], [ 560362.242421298637055, 8213960.283040727488697 ], [ 560362.242421298637055, 8214440.283040727488697 ], [ 560122.242421298637055, 8214440.283040727488697 ], [ 560122.242421298637055, 8214680.283040727488697 ], [ 559882.242421298637055, 8214680.283040727488697 ] ], [ [ 559882.242421298637055, 8214200.283040727488697 ], [ 560122.242421298637055, 8214200.283040727488697 ], [ 560122.242421298637055, 8213960.283040727488697 ], [ 559882.242421298637055, 8213960.283040727488697 ], [ 559882.242421298637055, 8214200.283040727488697 ] ], [ [ 560362.242421298637055, 8213000.283040727488697 ], [ 560602.242421298637055, 8213000.283040727488697 ], [ 560602.242421298637055, 8212760.283040727488697 ], [ 560362.242421298637055, 8212760.283040727488697 ], [ 560362.242421298637055, 8213000.283040727488697 ] ], [ [ 560122.242421298637055, 8212760.283040727488697 ], [ 560362.242421298637055, 8212760.283040727488697 ], [ 560362.242421298637055, 8212520.283040727488697 ], [ 560122.242421298637055, 8212520.283040727488697 ], [ 560122.242421298637055, 8212760.283040727488697 ] ], [ [ 560842.242421298637055, 8212520.283040727488697 ], [ 561082.242421298637055, 8212520.283040727488697 ], [ 561082.242421298637055, 8212280.283040727488697 ], [ 560842.242421298637055, 8212280.283040727488697 ], [ 560842.242421298637055, 8212520.283040727488697 ] ], [ [ 560602.242421298637055, 8212280.283040727488697 ], [ 560842.242421298637055, 8212280.283040727488697 ], [ 560842.242421298637055, 8212040.283040727488697 ], [ 560602.242421298637055, 8212040.283040727488697 ], [ 560602.242421298637055, 8212280.283040727488697 ] ] ] } },
{ "type": "Feature", "properties": { "classe_codigo": 2, "classe": "esparso_estavel", "f_2020": 0.140625, "f_2025": 0.140625, "S1": -0.056514, "S2": -0.001995, "S3": -0.390244, "concordancia": 0, "fracao_industrial": 0.0, "anel": "periurbano_0_1km", "dist_borda_urbano_2025_m": 30.0, "unidade": "tete", "area_km2": 0.0576 }, "geometry": { "type": "Polygon", "coordinates": [ [ [ 556762.242421298637055, 8211080.283040727488697 ], [ 556762.242421298637055, 8210840.283040727488697 ], [ 557002.242421298637055, 8210840.283040727488697 ], [ 557002.242421298637055, 8211080.283040727488697 ], [ 556762.242421298637055, 8211080.283040727488697 ] ] ] } },
{ "type": "Feature", "properties": { "classe_codigo": 3, "classe": "adensando", "f_2020": 0.109375, "f_2025": 0.1875, "S1": 0.019929, "S2": 0.004669, "S3": 0.514664, "concordancia": 3, "fracao_industrial": 0.0, "anel": "periurbano_0_1km", "dist_borda_urbano_2025_m": 84.85, "unidade": "tete", "area_km2": 0.0576 }, "geometry": { "type": "Polygon", "coordinates": [ [ [ 559882.242421298637055, 8211080.283040727488697 ], [ 559882.242421298637055, 8210840.283040727488697 ], [ 560122.242421298637055, 8210840.283040727488697 ], [ 560122.242421298637055, 8211080.283040727488697 ], [ 559882.242421298637055, 8211080.283040727488697 ] ] ] } },
{ "type": "Feature", "properties": { "classe_codigo": 5, "classe": "consolidado", "f_2020": 0.9375, "f_2025": 0.984375, "S1": 0.038667, "S2": -0.000942, "S3": 0.152265, "concordancia": 1, "fracao_industrial": 0.0, "anel": "intraurbano", "dist_borda_urbano_2025_m": 0.0, "unidade": "tete", "area_km2": 0.0576 }, "geometry": { "type": "Polygon", "coordinates": [ [ [ 563002.242421298637055, 8211080.283040727488697 ], [ 563002.242421298637055, 8210840.283040727488697 ], [ 563242.242421298637055, 8210840.283040727488697 ], [ 563242.242421298637055, 8211080.283040727488697 ], [ 563002.242421298637055, 8211080.283040727488697 ] ] ] } },
{ "type": "Feature", "properties": { "classe_codigo": 4, "classe": "expansao_nova", "f_2020": 0.015625, "f_2025": 0.09375, "S1": 0.131767, "S2": -0.001461, "S3": 0.645409, "concordancia": 2, "fracao_industrial": 0.0, "anel": "periurbano_0_1km", "dist_borda_urbano_2025_m": 60.0, "unidade": "tete", "area_km2": 0.0576 }, "geometry": { "type": "Polygon", "coordinates": [ [ [ 566842.242421298637055, 8211080.283040727488697 ], [ 566842.242421298637055, 8210840.283040727488697 ], [ 567082.242421298637055, 8210840.283040727488697 ], [ 567082.242421298637055, 8211080.283040727488697 ], [ 566842.242421298637055, 8211080.283040727488697 ] ] ] } },
{ "type": "Feature", "properties": { "classe_codigo": 2, "classe": "esparso_estavel", "f_2020": 0.140625, "f_2025": 0.15625, "S1": -0.038073, "S2": -0.002252, "S3": 0.357457, "concordancia": 1, "fracao_industrial": 0.0, "anel": "periurbano_0_1km", "dist_borda_urbano_2025_m": 30.0, "unidade": "tete", "area_km2": 0.0576 }, "geometry": { "type": "Polygon", "coordinates": [ [ [ 567082.242421298637055, 8211080.283040727488697 ], [ 567082.242421298637055, 8210840.283040727488697 ], [ 567322.242421298637055, 8210840.283040727488697 ], [ 567322.242421298637055, 8211080.283040727488697 ], [ 567082.242421298637055, 8211080.283040727488697 ] ] ] } },
{ "type": "Feature", "properties": { "classe_codigo": 6, "classe": "pegada_industrial", "f_2020": 0.0, "f_2025": 0.0, "S1": 0.0, "S2": -0.016188, "S3": 0.0, "concordancia": 0, "fracao_industrial": 0.765625, "anel": "externo", "dist_borda_urbano_2025_m": 3610.24, "unidade": "moatize_vila", "area_km2": 0.0576 }, "geometry": { "type": "Polygon", "coordinates": [ [ [ 587962.242421298637055, 8211080.283040727488697 ], [ 587962.242421298637055, 8210840.283040727488697 ], [ 588202.242421298637055, 8210840.283040727488697 ], [ 588202.242421298637055, 8211080.283040727488697 ], [ 587962.242421298637055, 8211080.283040727488697 ] ] ] } },
{ "type": "Feature", "properties": { "classe_codigo": 2, "classe": "esparso_estavel", "f_2020": 0.4375, "f_2025": 0.5, "S1": -0.007139, "S2": 0.002367, "S3": 0.2778, "concordancia": 1, "fracao_industrial": 0.0, "anel": "periurbano_0_1km", "dist_borda_urbano_2025_m": 42.43, "unidade": "tete", "area_km2": 0.1152 }, "geometry": { "type": "Polygon", "coordinates": [ [ [ 561322.242421298637055, 8211080.283040727488697 ], [ 561322.242421298637055, 8210600.283040727488697 ], [ 561562.242421298637055, 8210600.283040727488697 ], [ 561562.242421298637055, 8211080.283040727488697 ], [ 561322.242421298637055, 8211080.283040727488697 ] ] ] } },
{ "type": "Feature", "properties": { "classe_codigo": 2, "classe": "esparso_estavel", "f_2020": 0.125, "f_2025": 0.125, "S1": -0.061273, "S2": -0.001995, "S3": -0.260823, "concordancia": 0, "fracao_industrial": 0.0, "anel": "periurbano_0_1km", "dist_borda_urbano_2025_m": 42.43, "unidade": "tete", "area_km2": 0.1152 }, "geometry": { "type": "Polygon", "coordinates": [ [ [ 556042.242421298637055, 8210840.283040727488697 ], [ 556042.242421298637055, 8210600.283040727488697 ], [ 556522.242421298637055, 8210600.283040727488697 ], [ 556522.242421298637055, 8210840.283040727488697 ], [ 556042.242421298637055, 8210840.283040727488697 ] ] ] } },
{ "type": "Feature", "properties": { "classe_codigo": 3, "classe": "adensando", "f_2020": 0.09375, "f_2025": 0.171875, "S1": 0.024985, "S2": -0.002085, "S3": 0.453931, "concordancia": 2, "fracao_industrial": 0.0, "anel": "intraurbano", "dist_borda_urbano_2025_m": 0.0, "unidade": "tete", "area_km2": 0.0576 }, "geometry": { "type": "Polygon", "coordinates": [ [ [ 567082.242421298637055, 8210840.283040727488697 ], [ 567082.242421298637055, 8210600.283040727488697 ], [ 567322.242421298637055, 8210600.283040727488697 ], [ 567322.242421298637055, 8210840.283040727488697 ], [ 567082.242421298637055, 8210840.283040727488697 ] ] ] } },
{ "type": "Feature", "properties": { "classe_codigo": 2, "classe": "esparso_estavel", "f_2020": 0.125, "f_2025": 0.140625, "S1": -0.04075, "S2": -0.004734, "S3": 0.360207, "concordancia": 1, "fracao_industrial": 0.0, "anel": "periurbano_0_1km", "dist_borda_urbano_2025_m": 30.0, "unidade": "moatize_vila", "area_km2": 0.1152 }, "geometry": { "type": "Polygon", "coordinates": [ [ [ 578602.242421298637055, 8210840.283040727488697 ], [ 578602.242421298637055, 8210600.283040727488697 ], [ 579082.242421298637055, 8210600.283040727488697 ], [ 579082.242421298637055, 8210840.283040727488697 ], [ 578602.242421298637055, 8210840.283040727488697 ] ] ] } },
{ "type": "Feature", "properties": { "classe_codigo": 6, "classe": "pegada_industrial", "f_2020": 0.0, "f_2025": 0.0, "S1": 0.0, "S2": 0.002849, "S3": 0.293077, "concordancia": 0, "fracao_industrial": 0.796875, "anel": "periurbano_1_3km", "dist_borda_urbano_2025_m": 2895.27, "unidade": "moatize_vila", "area_km2": 5.3568 }, "geometry": { "type": "Polygon", "coordinates": [ [ [ 571402.242421298637055, 8214200.283040727488697 ], [ 571402.242421298637055, 8213960.283040727488697 ], [ 571162.242421298637055, 8213960.283040727488697 ], [ 571162.242421298637055, 8212760.283040727488697 ], [ 570922.242421298637055, 8212760.283040727488697 ], [ 570922.242421298637055, 8212520.283040727488697 ], [ 570682.242421298637055, 8212520.283040727488697 ], [ 570682.242421298637055, 8212040.283040727488697 ], [ 570922.242421298637055, 8212040.283040727488697 ], [ 570922.242421298637055, 8212280.283040727488697 ], [ 571162.242421298637055, 8212280.283040727488697 ], [ 571162.242421298637055, 8212520.283040727488697 ], [ 571402.242421298637055, 8212520.283040727488697 ], [ 571402.242421298637055, 8212040.283040727488697 ], [ 571162.242421298637055, 8212040.283040727488697 ], [ 571162.242421298637055, 8211800.283040727488697 ], [ 571402.242421298637055, 8211800.283040727488697 ], [ 571402.242421298637055, 8211560.283040727488697 ], [ 571162.242421298637055, 8211560.283040727488697 ], [ 571162.242421298637055, 8210600.283040727488697 ], [ 571402.242421298637055, 8210600.283040727488697 ], [ 571402.242421298637055, 8210360.283040727488697 ], [ 571882.242421298637055, 8210360.283040727488697 ], [ 571882.242421298637055, 8210840.283040727488697 ], [ 572362.242421298637055, 8210840.283040727488697 ], [ 572362.242421298637055, 8211080.283040727488697 ], [ 572842.242421298637055, 8211080.283040727488697 ], [ 572842.242421298637055, 8211800.283040727488697 ], [ 572602.242421298637055, 8211800.283040727488697 ], [ 572602.242421298637055, 8212040.283040727488697 ], [ 573082.242421298637055, 8212040.283040727488697 ], [ 573082.242421298637055, 8212280.283040727488697 ], [ 572602.242421298637055, 8212280.283040727488697 ], [ 572602.242421298637055, 8212520.283040727488697 ], [ 572842.242421298637055, 8212520.283040727488697 ], [ 572842.242421298637055, 8213720.283040727488697 ], [ 572362.242421298637055, 8213720.283040727488697 ], [ 572362.242421298637055, 8213960.283040727488697 ], [ 572122.242421298637055, 8213960.283040727488697 ], [ 572122.242421298637055, 8214200.283040727488697 ], [ 571402.242421298637055, 8214200.283040727488697 ] ], [ [ 571882.242421298637055, 8212760.283040727488697 ], [ 572122.242421298637055, 8212760.283040727488697 ], [ 572122.242421298637055, 8212520.283040727488697 ], [ 571882.242421298637055, 8212520.283040727488697 ], [ 571882.242421298637055, 8212760.283040727488697 ] ], [ [ 572122.242421298637055, 8212280.283040727488697 ], [ 572362.242421298637055, 8212280.283040727488697 ], [ 572362.242421298637055, 8212040.283040727488697 ], [ 572122.242421298637055, 8212040.283040727488697 ], [ 572122.242421298637055, 8212280.283040727488697 ] ] ] } },
{ "type": "Feature", "properties": { "classe_codigo": 2, "classe": "esparso_estavel", "f_2020": 0.625, "f_2025": 0.6875, "S1": -0.004759, "S2": 0.004223, "S3": 0.228377, "concordancia": 1, "fracao_industrial": 0.0, "anel": "periurbano_0_1km", "dist_borda_urbano_2025_m": 0.0, "unidade": "tete", "area_km2": 0.1728 }, "geometry": { "type": "Polygon", "coordinates": [ [ [ 560602.242421298637055, 8210840.283040727488697 ], [ 560602.242421298637055, 8210360.283040727488697 ], [ 561082.242421298637055, 8210360.283040727488697 ], [ 561082.242421298637055, 8210600.283040727488697 ], [ 560842.242421298637055, 8210600.283040727488697 ], [ 560842.242421298637055, 8210840.283040727488697 ], [ 560602.242421298637055, 8210840.283040727488697 ] ] ] } },
{ "type": "Feature", "properties": { "classe_codigo": 2, "classe": "esparso_estavel", "f_2020": 0.859375, "f_2025": 0.875, "S1": -0.017252, "S2": -0.002677, "S3": 0.200599, "concordancia": 0, "fracao_industrial": 0.0, "anel": "intraurbano", "dist_borda_urbano_2025_m": 0.0, "unidade": "moatize_vila", "area_km2": 0.288 }, "geometry": { "type": "Polygon", "coordinates": [ [ [ 579562.242421298637055, 8210840.283040727488697 ], [ 579562.242421298637055, 8210360.283040727488697 ], [ 579802.242421298637055, 8210360.283040727488697 ], [ 579802.242421298637055, 8210600.283040727488697 ], [ 580042.242421298637055, 8210600.283040727488697 ], [ 580042.242421298637055, 8210360.283040727488697 ], [ 580282.242421298637055, 8210360.283040727488697 ], [ 580282.242421298637055, 8210840.283040727488697 ], [ 579562.242421298637055, 8210840.283040727488697 ] ] ] } },
{ "type": "Feature", "properties": { "classe_codigo": 2, "classe": "esparso_estavel", "f_2020": 0.078125, "f_2025": 0.078125, "S1": -0.069601, "S2": -0.001995, "S3": -0.314396, "concordancia": 0, "fracao_industrial": 0.0, "anel": "periurbano_0_1km", "dist_borda_urbano_2025_m": 127.28, "unidade": "tete", "area_km2": 0.1152 }, "geometry": { "type": "Polygon", "coordinates": [ [ [ 556522.242421298637055, 8210600.283040727488697 ], [ 556522.242421298637055, 8210360.283040727488697 ], [ 557002.242421298637055, 8210360.283040727488697 ], [ 557002.242421298637055, 8210600.283040727488697 ], [ 556522.242421298637055, 8210600.283040727488697 ] ] ] } },
{ "type": "Feature", "properties": { "classe_codigo": 5, "classe": "consolidado", "f_2020": 0.921875, "f_2025": 0.9375, "S1": -0.009816, "S2": 0.003925, "S3": 0.052167, "concordancia": 1, "fracao_industrial": 0.0, "anel": "intraurbano", "dist_borda_urbano_2025_m": 0.0, "unidade": "tete", "area_km2": 0.0576 }, "geometry": { "type": "Polygon", "coordinates": [ [ [ 561082.242421298637055, 8210600.283040727488697 ], [ 561082.242421298637055, 8210360.283040727488697 ], [ 561322.242421298637055, 8210360.283040727488697 ], [ 561322.242421298637055, 8210600.283040727488697 ], [ 561082.242421298637055, 8210600.283040727488697 ] ] ] } },
{ "type": "Feature", "properties": { "classe_codigo": 3, "classe": "adensando", "f_2020": 0.265625, "f_2025": 0.359375, "S1": 0.009221, "S2": 0.003355, "S3": 0.254963, "concordancia": 2, "fracao_industrial": 0.0, "anel": "periurbano_0_1km", "dist_borda_urbano_2025_m": 30.0, "unidade": "moatize_vila", "area_km2": 0.0576 }, "geometry": { "type": "Polygon", "coordinates": [ [ [ 579802.242421298637055, 8210600.283040727488697 ], [ 579802.242421298637055, 8210360.283040727488697 ], [ 580042.242421298637055, 8210360.283040727488697 ], [ 580042.242421298637055, 8210600.283040727488697 ], [ 579802.242421298637055, 8210600.283040727488697 ] ] ] } },
{ "type": "Feature", "properties": { "classe_codigo": 3, "classe": "adensando", "f_2020": 0.109375, "f_2025": 0.140625, "S1": -0.025283, "S2": 0.002344, "S3": 0.485166, "concordancia": 2, "fracao_industrial": 0.0, "anel": "periurbano_0_1km", "dist_borda_urbano_2025_m": 90.0, "unidade": "tete", "area_km2": 2.5344 }, "geometry": { "type": "Polygon", "coordinates": [ [ [ 558922.242421298637055, 8213000.283040727488697 ], [ 558922.242421298637055, 8212520.283040727488697 ], [ 559162.242421298637055, 8212520.283040727488697 ], [ 559162.242421298637055, 8212280.283040727488697 ], [ 559402.242421298637055, 8212280.283040727488697 ], [ 559402.242421298637055, 8212040.283040727488697 ], [ 559162.242421298637055, 8212040.283040727488697 ], [ 559162.242421298637055, 8211560.283040727488697 ], [ 559402.242421298637055, 8211560.283040727488697 ], [ 559402.242421298637055, 8211080.283040727488697 ], [ 559882.242421298637055, 8211080.283040727488697 ], [ 559882.242421298637055, 8211320.283040727488697 ], [ 560122.242421298637055, 8211320.283040727488697 ], [ 560122.242421298637055, 8211080.283040727488697 ], [ 560362.242421298637055, 8211080.283040727488697 ], [ 560362.242421298637055, 8210840.283040727488697 ], [ 560122.242421298637055, 8210840.283040727488697 ], [ 560122.242421298637055, 8210600.283040727488697 ], [ 560362.242421298637055, 8210600.283040727488697 ], [ 560362.242421298637055, 8210120.283040727488697 ], [ 561802.242421298637055, 8210120.283040727488697 ], [ 561802.242421298637055, 8210840.283040727488697 ], [ 561562.242421298637055, 8210840.283040727488697 ], [ 561562.242421298637055, 8210600.283040727488697 ], [ 561322.242421298637055, 8210600.283040727488697 ], [ 561322.242421298637055, 8211080.283040727488697 ], [ 561562.242421298637055, 8211080.283040727488697 ], [ 561562.242421298637055, 8211320.283040727488697 ], [ 560842.242421298637055, 8211320.283040727488697 ], [ 560842.242421298637055, 8211080.283040727488697 ], [ 560602.242421298637055, 8211080.283040727488697 ], [ 560602.242421298637055, 8211560.283040727488697 ], [ 560122.242421298637055, 8211560.283040727488697 ], [ 560122.242421298637055, 8212040.283040727488697 ], [ 559882.242421298637055, 8212040.283040727488697 ], [ 559882.242421298637055, 8211800.283040727488697 ], [ 559642.242421298637055, 8211800.283040727488697 ], [ 559642.242421298637055, 8212760.283040727488697 ], [ 559162.242421298637055, 8212760.283040727488697 ], [ 559162.242421298637055, 8213000.283040727488697 ], [ 558922.242421298637055, 8213000.283040727488697 ] ], [ [ 560602.242421298637055, 8210840.283040727488697 ], [ 560842.242421298637055, 8210840.283040727488697 ], [ 560842.242421298637055, 8210600.283040727488697 ], [ 561322.242421298637055, 8210600.283040727488697 ], [ 561322.242421298637055, 8210360.283040727488697 ], [ 560602.242421298637055, 8210360.283040727488697 ], [ 560602.242421298637055, 8210840.283040727488697 ] ] ] } },
{ "type": "Feature", "properties": { "classe_codigo": 2, "classe": "esparso_estavel", "f_2020": 0.078125, "f_2025": 0.078125, "S1": -0.069601, "S2": -0.001995, "S3": -0.314396, "concordancia": 0, "fracao_industrial": 0.0, "anel": "periurbano_0_1km", "dist_borda_urbano_2025_m": 67.08, "unidade": "tete", "area_km2": 0.1728 }, "geometry": { "type": "Polygon", "coordinates": [ [ [ 554602.242421298637055, 8210600.283040727488697 ], [ 554602.242421298637055, 8210120.283040727488697 ], [ 554842.242421298637055, 8210120.283040727488697 ], [ 554842.242421298637055, 8210360.283040727488697 ], [ 555082.242421298637055, 8210360.283040727488697 ], [ 555082.242421298637055, 8210600.283040727488697 ], [ 554602.242421298637055, 8210600.283040727488697 ] ] ] } },
{ "type": "Feature", "properties": { "classe_codigo": 2, "classe": "esparso_estavel", "f_2020": 0.0625, "f_2025": 0.078125, "S1": -0.04075, "S2": -0.001995, "S3": -0.285544, "concordancia": 0, "fracao_industrial": 0.0, "anel": "periurbano_0_1km", "dist_borda_urbano_2025_m": 94.87, "unidade": "tete", "area_km2": 0.1152 }, "geometry": { "type": "Polygon", "coordinates": [ [ [ 553642.242421298637055, 8210360.283040727488697 ], [ 553642.242421298637055, 8210120.283040727488697 ], [ 554122.242421298637055, 8210120.283040727488697 ], [ 554122.242421298637055, 8210360.283040727488697 ], [ 553642.242421298637055, 8210360.283040727488697 ] ] ] } },
{ "type": "Feature", "properties": { "classe_codigo": 5, "classe": "consolidado", "f_2020": 0.90625, "f_2025": 0.90625, "S1": -0.022011, "S2": 0.002615, "S3": 0.150007, "concordancia": 1, "fracao_industrial": 0.0, "anel": "intraurbano", "dist_borda_urbano_2025_m": 0.0, "unidade": "tete", "area_km2": 0.0576 }, "geometry": { "type": "Polygon", "coordinates": [ [ [ 561802.242421298637055, 8210360.283040727488697 ], [ 561802.242421298637055, 8210120.283040727488697 ], [ 562042.242421298637055, 8210120.283040727488697 ], [ 562042.242421298637055, 8210360.283040727488697 ], [ 561802.242421298637055, 8210360.283040727488697 ] ] ] } },
{ "type": "Feature", "properties": { "classe_codigo": 2, "classe": "esparso_estavel", "f_2020": 0.625, "f_2025": 0.640625, "S1": -0.027662, "S2": -0.000437, "S3": 0.244688, "concordancia": 0, "fracao_industrial": 0.0, "anel": "intraurbano", "dist_borda_urbano_2025_m": 0.0, "unidade": "tete", "area_km2": 0.1152 }, "geometry": { "type": "Polygon", "coordinates": [ [ [ 562282.242421298637055, 8210360.283040727488697 ], [ 562282.242421298637055, 8210120.283040727488697 ], [ 562762.242421298637055, 8210120.283040727488697 ], [ 562762.242421298637055, 8210360.283040727488697 ], [ 562282.242421298637055, 8210360.283040727488697 ] ] ] } },
{ "type": "Feature", "properties": { "classe_codigo": 5, "classe": "consolidado", "f_2020": 1.0, "f_2025": 1.0, "S1": -0.005057, "S2": -0.000632, "S3": 0.020695, "concordancia": 0, "fracao_industrial": 0.0, "anel": "intraurbano", "dist_borda_urbano_2025_m": 0.0, "unidade": "tete", "area_km2": 0.8064 }, "geometry": { "type": "Polygon", "coordinates": [ [ [ 563242.242421298637055, 8210840.283040727488697 ], [ 563242.242421298637055, 8210600.283040727488697 ], [ 562282.242421298637055, 8210600.283040727488697 ], [ 562282.242421298637055, 8210360.283040727488697 ], [ 562762.242421298637055, 8210360.283040727488697 ], [ 562762.242421298637055, 8210120.283040727488697 ], [ 563482.242421298637055, 8210120.283040727488697 ], [ 563482.242421298637055, 8209880.283040727488697 ], [ 563962.242421298637055, 8209880.283040727488697 ], [ 563962.242421298637055, 8210120.283040727488697 ], [ 563722.242421298637055, 8210120.283040727488697 ], [ 563722.242421298637055, 8210840.283040727488697 ], [ 563242.242421298637055, 8210840.283040727488697 ] ] ] } },
{ "type": "Feature", "properties": { "classe_codigo": 4, "classe": "expansao_nova", "f_2020": 0.0, "f_2025": 0.03125, "S1": 0.056811, "S2": 0.007519, "S3": 0.741037, "concordancia": 3, "fracao_industrial": 0.0, "anel": "periurbano_0_1km", "dist_borda_urbano_2025_m": 120.0, "unidade": "tete", "area_km2": 0.1152 }, "geometry": { "type": "Polygon", "coordinates": [ [ [ 560362.242421298637055, 8210120.283040727488697 ], [ 560362.242421298637055, 8209880.283040727488697 ], [ 560842.242421298637055, 8209880.283040727488697 ], [ 560842.242421298637055, 8210120.283040727488697 ], [ 560362.242421298637055, 8210120.283040727488697 ] ] ] } },
{ "type": "Feature", "properties": { "classe_codigo": 2, "classe": "esparso_estavel", "f_2020": 0.796875, "f_2025": 0.828125, "S1": -0.01041, "S2": 0.004642, "S3": 0.180219, "concordancia": 1, "fracao_industrial": 0.0, "anel": "intraurbano", "dist_borda_urbano_2025_m": 0.0, "unidade": "tete", "area_km2": 0.1152 }, "geometry": { "type": "Polygon", "coordinates": [ [ [ 560842.242421298637055, 8210120.283040727488697 ], [ 560842.242421298637055, 8209880.283040727488697 ], [ 561322.242421298637055, 8209880.283040727488697 ], [ 561322.242421298637055, 8210120.283040727488697 ], [ 560842.242421298637055, 8210120.283040727488697 ] ] ] } },
{ "type": "Feature", "properties": { "classe_codigo": 5, "classe": "consolidado", "f_2020": 0.953125, "f_2025": 0.984375, "S1": 0.0232, "S2": 0.004268, "S3": 0.111117, "concordancia": 2, "fracao_industrial": 0.0, "anel": "intraurbano", "dist_borda_urbano_2025_m": 0.0, "unidade": "tete", "area_km2": 0.1152 }, "geometry": { "type": "Polygon", "coordinates": [ [ [ 561322.242421298637055, 8210120.283040727488697 ], [ 561322.242421298637055, 8209880.283040727488697 ], [ 561802.242421298637055, 8209880.283040727488697 ], [ 561802.242421298637055, 8210120.283040727488697 ], [ 561322.242421298637055, 8210120.283040727488697 ] ] ] } },
{ "type": "Feature", "properties": { "classe_codigo": 3, "classe": "adensando", "f_2020": 0.734375, "f_2025": 0.875, "S1": 0.058001, "S2": 0.001739, "S3": 0.208525, "concordancia": 2, "fracao_industrial": 0.0, "anel": "intraurbano", "dist_borda_urbano_2025_m": 0.0, "unidade": "tete", "area_km2": 0.1728 }, "geometry": { "type": "Polygon", "coordinates": [ [ [ 562042.242421298637055, 8210360.283040727488697 ], [ 562042.242421298637055, 8210120.283040727488697 ], [ 561802.242421298637055, 8210120.283040727488697 ], [ 561802.242421298637055, 8209880.283040727488697 ], [ 562282.242421298637055, 8209880.283040727488697 ], [ 562282.242421298637055, 8210360.283040727488697 ], [ 562042.242421298637055, 8210360.283040727488697 ] ] ] } },
{ "type": "Feature", "properties": { "classe_codigo": 2, "classe": "esparso_estavel", "f_2020": 0.078125, "f_2025": 0.125, "S1": -0.00119, "S2": -0.004329, "S3": 0.103095, "concordancia": 0, "fracao_industrial": 0.234375, "anel": "periurbano_0_1km", "dist_borda_urbano_2025_m": 60.0, "unidade": "moatize_vila", "area_km2": 0.0576 }, "geometry": { "type": "Polygon", "coordinates": [ [ [ 583402.242421298637055, 8210120.283040727488697 ], [ 583402.242421298637055, 8209880.283040727488697 ], [ 583642.242421298637055, 8209880.283040727488697 ], [ 583642.242421298637055, 8210120.283040727488697 ], [ 583402.242421298637055, 8210120.283040727488697 ] ] ] } },
{ "type": "Feature", "properties": { "classe_codigo": 6, "classe": "pegada_industrial", "f_2020": 0.0, "f_2025": 0.0, "S1": 0.0, "S2": 0.005951, "S3": 0.0, "concordancia": 0, "fracao_industrial": 1.0, "anel": "periurbano_1_3km", "dist_borda_urbano_2025_m": 1740.0, "unidade": "moatize_vila", "area_km2": 0.1152 }, "geometry": { "type": "Polygon", "coordinates": [ [ [ 584842.242421298637055, 8210120.283040727488697 ], [ 584842.242421298637055, 8209880.283040727488697 ], [ 585322.242421298637055, 8209880.283040727488697 ], [ 585322.242421298637055, 8210120.283040727488697 ], [ 584842.242421298637055, 8210120.283040727488697 ] ] ] } },
{ "type": "Feature", "properties": { "classe_codigo": 2, "classe": "esparso_estavel", "f_2020": 0.03125, "f_2025": 0.03125, "S1": -0.100238, "S2": 0.00023, "S3": 0.604116, "concordancia": 1, "fracao_industrial": 0.0, "anel": "periurbano_0_1km", "dist_borda_urbano_2025_m": 108.17, "unidade": "tete", "area_km2": 0.5184 }, "geometry": { "type": "Polygon", "coordinates": [ [ [ 567082.242421298637055, 8210600.283040727488697 ], [ 567082.242421298637055, 8210120.283040727488697 ], [ 566602.242421298637055, 8210120.283040727488697 ], [ 566602.242421298637055, 8209880.283040727488697 ], [ 567082.242421298637055, 8209880.283040727488697 ], [ 567082.242421298637055, 8209640.283040727488697 ], [ 567562.242421298637055, 8209640.283040727488697 ], [ 567562.242421298637055, 8210360.283040727488697 ], [ 567322.242421298637055, 8210360.283040727488697 ], [ 567322.242421298637055, 8210600.283040727488697 ], [ 567082.242421298637055, 8210600.283040727488697 ] ] ] } },
{ "type": "Feature", "properties": { "classe_codigo": 3, "classe": "adensando", "f_2020": 0.078125, "f_2025": 0.09375, "S1": -0.03956, "S2": 0.004807, "S3": 0.539673, "concordancia": 2, "fracao_industrial": 0.0, "anel": "periurbano_0_1km", "dist_borda_urbano_2025_m": 30.0, "unidade": "tete", "area_km2": 0.0576 }, "geometry": { "type": "Polygon", "coordinates": [ [ [ 561082.242421298637055, 8209880.283040727488697 ], [ 561082.242421298637055, 8209640.283040727488697 ], [ 561322.242421298637055, 8209640.283040727488697 ], [ 561322.242421298637055, 8209880.283040727488697 ], [ 561082.242421298637055, 8209880.283040727488697 ] ] ] } },
{ "type": "Feature", "properties": { "classe_codigo": 3, "classe": "adensando", "f_2020": 0.03125, "f_2025": 0.03125, "S1": -0.100238, "S2": 0.001631, "S3": 0.468249, "concordancia": 2, "fracao_industrial": 0.0, "anel": "periurbano_0_1km", "dist_borda_urbano_2025_m": 127.28, "unidade": "tete", "area_km2": 0.0576 }, "geometry": { "type": "Polygon", "coordinates": [ [ [ 566842.242421298637055, 8209880.283040727488697 ], [ 566842.242421298637055, 8209640.283040727488697 ], [ 567082.242421298637055, 8209640.283040727488697 ], [ 567082.242421298637055, 8209880.283040727488697 ], [ 566842.242421298637055, 8209880.283040727488697 ] ] ] } },
{ "type": "Feature", "properties": { "classe_codigo": 4, "classe": "expansao_nova", "f_2020": 0.015625, "f_2025": 0.03125, "S1": -0.033611, "S2": 0.002192, "S3": 0.410462, "concordancia": 2, "fracao_industrial": 0.0, "anel": "periurbano_0_1km", "dist_borda_urbano_2025_m": 150.0, "unidade": "moatize_vila", "area_km2": 0.0576 }, "geometry": { "type": "Polygon", "coordinates": [ [ [ 583402.242421298637055, 8209880.283040727488697 ], [ 583402.242421298637055, 8209640.283040727488697 ], [ 583642.242421298637055, 8209640.283040727488697 ], [ 583642.242421298637055, 8209880.283040727488697 ], [ 583402.242421298637055, 8209880.283040727488697 ] ] ] } },
{ "type": "Feature", "properties": { "classe_codigo": 5, "classe": "consolidado", "f_2020": 0.921875, "f_2025": 0.921875, "S1": -0.023795, "S2": 0.000816, "S3": -0.038064, "concordancia": 0, "fracao_industrial": 0.0, "anel": "intraurbano", "dist_borda_urbano_2025_m": 0.0, "unidade": "tete", "area_km2": 0.2304 }, "geometry": { "type": "Polygon", "coordinates": [ [ [ 562282.242421298637055, 8210120.283040727488697 ], [ 562282.242421298637055, 8209880.283040727488697 ], [ 562522.242421298637055, 8209880.283040727488697 ], [ 562522.242421298637055, 8209400.283040727488697 ], [ 562762.242421298637055, 8209400.283040727488697 ], [ 562762.242421298637055, 8210120.283040727488697 ], [ 562282.242421298637055, 8210120.283040727488697 ] ] ] } },
{ "type": "Feature", "properties": { "classe_codigo": 3, "classe": "adensando", "f_2020": 0.328125, "f_2025": 0.34375, "S1": -0.032124, "S2": 0.004168, "S3": 0.37348, "concordancia": 2, "fracao_industrial": 0.0, "anel": "periurbano_0_1km", "dist_borda_urbano_2025_m": 42.43, "unidade": "tete", "area_km2": 0.0576 }, "geometry": { "type": "Polygon", "coordinates": [ [ [ 561322.242421298637055, 8209640.283040727488697 ], [ 561322.242421298637055, 8209400.283040727488697 ], [ 561562.242421298637055, 8209400.283040727488697 ], [ 561562.242421298637055, 8209640.283040727488697 ], [ 561322.242421298637055, 8209640.283040727488697 ] ] ] } },
{ "type": "Feature", "properties": { "classe_codigo": 3, "classe": "adensando", "f_2020": 0.328125, "f_2025": 0.328125, "S1": -0.039262, "S2": 0.00139, "S3": 0.360986, "concordancia": 2, "fracao_industrial": 0.0, "anel": "intraurbano", "dist_borda_urbano_2025_m": 0.0, "unidade": "tete", "area_km2": 0.0576 }, "geometry": { "type": "Polygon", "coordinates": [ [ [ 563002.242421298637055, 8209640.283040727488697 ], [ 563002.242421298637055, 8209400.283040727488697 ], [ 563242.242421298637055, 8209400.283040727488697 ], [ 563242.242421298637055, 8209640.283040727488697 ], [ 563002.242421298637055, 8209640.283040727488697 ] ] ] } },
{ "type": "Feature", "properties": { "classe_codigo": 3, "classe": "adensando", "f_2020": 0.078125, "f_2025": 0.078125, "S1": -0.069601, "S2": 0.002658, "S3": 0.474776, "concordancia": 2, "fracao_industrial": 0.0, "anel": "periurbano_0_1km", "dist_borda_urbano_2025_m": 30.0, "unidade": "tete", "area_km2": 0.0576 }, "geometry": { "type": "Polygon", "coordinates": [ [ [ 567322.242421298637055, 8209640.283040727488697 ], [ 567322.242421298637055, 8209400.283040727488697 ], [ 567562.242421298637055, 8209400.283040727488697 ], [ 567562.242421298637055, 8209640.283040727488697 ], [ 567322.242421298637055, 8209640.283040727488697 ] ] ] } },
{ "type": "Feature", "properties": { "classe_codigo": 3, "classe": "adensando", "f_2020": 0.25, "f_2025": 0.34375, "S1": 0.010113, "S2": 0.003711, "S3": 0.326527, "concordancia": 2, "fracao_industrial": 0.0, "anel": "periurbano_0_1km", "dist_borda_urbano_2025_m": 42.43, "unidade": "tete", "area_km2": 0.3456 }, "geometry": { "type": "Polygon", "coordinates": [ [ [ 564202.242421298637055, 8209880.283040727488697 ], [ 564202.242421298637055, 8209640.283040727488697 ], [ 564442.242421298637055, 8209640.283040727488697 ], [ 564442.242421298637055, 8209160.283040727488697 ], [ 564922.242421298637055, 8209160.283040727488697 ], [ 564922.242421298637055, 8209640.283040727488697 ], [ 564682.242421298637055, 8209640.283040727488697 ], [ 564682.242421298637055, 8209880.283040727488697 ], [ 564202.242421298637055, 8209880.283040727488697 ] ] ] } },
{ "type": "Feature", "properties": { "classe_codigo": 4, "classe": "expansao_nova", "f_2020": 0.0, "f_2025": 0.09375, "S1": 0.222189, "S2": 0.003461, "S3": 0.781988, "concordancia": 3, "fracao_industrial": 0.0, "anel": "periurbano_0_1km", "dist_borda_urbano_2025_m": 42.43, "unidade": "tete", "area_km2": 0.0576 }, "geometry": { "type": "Polygon", "coordinates": [ [ [ 561322.242421298637055, 8209400.283040727488697 ], [ 561322.242421298637055, 8209160.283040727488697 ], [ 561562.242421298637055, 8209160.283040727488697 ], [ 561562.242421298637055, 8209400.283040727488697 ], [ 561322.242421298637055, 8209400.283040727488697 ] ] ] } },
{ "type": "Feature", "properties": { "classe_codigo": 3, "classe": "adensando", "f_2020": 0.03125, "f_2025": 0.140625, "S1": 0.124033, "S2": 0.003125, "S3": 0.69747, "concordancia": 3, "fracao_industrial": 0.0, "anel": "periurbano_0_1km", "dist_borda_urbano_2025_m": 67.08, "unidade": "tete", "area_km2": 0.0576 }, "geometry": { "type": "Polygon", "coordinates": [ [ [ 561562.242421298637055, 8209400.283040727488697 ], [ 561562.242421298637055, 8209160.283040727488697 ], [ 561802.242421298637055, 8209160.283040727488697 ], [ 561802.242421298637055, 8209400.283040727488697 ], [ 561562.242421298637055, 8209400.283040727488697 ] ] ] } },
{ "type": "Feature", "properties": { "classe_codigo": 4, "classe": "expansao_nova", "f_2020": 0.0, "f_2025": 0.078125, "S1": 0.192148, "S2": 0.00108, "S3": 0.81513, "concordancia": 2, "fracao_industrial": 0.0, "anel": "periurbano_0_1km", "dist_borda_urbano_2025_m": 90.0, "unidade": "tete", "area_km2": 0.0576 }, "geometry": { "type": "Polygon", "coordinates": [ [ [ 563002.242421298637055, 8209400.283040727488697 ], [ 563002.242421298637055, 8209160.283040727488697 ], [ 563242.242421298637055, 8209160.283040727488697 ], [ 563242.242421298637055, 8209400.283040727488697 ], [ 563002.242421298637055, 8209400.283040727488697 ] ] ] } },
{ "type": "Feature", "properties": { "classe_codigo": 2, "classe": "esparso_estavel", "f_2020": 0.1875, "f_2025": 0.1875, "S1": -0.047888, "S2": 0.003883, "S3": 0.329201, "concordancia": 1, "fracao_industrial": 0.0, "anel": "periurbano_0_1km", "dist_borda_urbano_2025_m": 30.0, "unidade": "tete", "area_km2": 0.0576 }, "geometry": { "type": "Polygon", "coordinates": [ [ [ 564922.242421298637055, 8209400.283040727488697 ], [ 564922.242421298637055, 8209160.283040727488697 ], [ 565162.242421298637055, 8209160.283040727488697 ], [ 565162.242421298637055, 8209400.283040727488697 ], [ 564922.242421298637055, 8209400.283040727488697 ] ] ] } },
{ "type": "Feature", "properties": { "classe_codigo": 2, "classe": "esparso_estavel", "f_2020": 0.46875, "f_2025": 0.46875, "S1": -0.039857, "S2": 0.002509, "S3": 0.269546, "concordancia": 1, "fracao_industrial": 0.0, "anel": "intraurbano", "dist_borda_urbano_2025_m": 0.0, "unidade": "tete", "area_km2": 0.288 }, "geometry": { "type": "Polygon", "coordinates": [ [ [ 564202.242421298637055, 8209640.283040727488697 ], [ 564202.242421298637055, 8208920.283040727488697 ], [ 564922.242421298637055, 8208920.283040727488697 ], [ 564922.242421298637055, 8209160.283040727488697 ], [ 564442.242421298637055, 8209160.283040727488697 ], [ 564442.242421298637055, 8209640.283040727488697 ], [ 564202.242421298637055, 8209640.283040727488697 ] ] ] } },
{ "type": "Feature", "properties": { "classe_codigo": 3, "classe": "adensando", "f_2020": 0.5, "f_2025": 0.671875, "S1": 0.046698, "S2": 0.002396, "S3": 0.318356, "concordancia": 2, "fracao_industrial": 0.0, "anel": "periurbano_0_1km", "dist_borda_urbano_2025_m": 30.0, "unidade": "tete", "area_km2": 0.3456 }, "geometry": { "type": "Polygon", "coordinates": [ [ [ 563722.242421298637055, 8209640.283040727488697 ], [ 563722.242421298637055, 8209400.283040727488697 ], [ 563482.242421298637055, 8209400.283040727488697 ], [ 563482.242421298637055, 8209160.283040727488697 ], [ 563722.242421298637055, 8209160.283040727488697 ], [ 563722.242421298637055, 8208920.283040727488697 ], [ 563962.242421298637055, 8208920.283040727488697 ], [ 563962.242421298637055, 8209160.283040727488697 ], [ 564202.242421298637055, 8209160.283040727488697 ], [ 564202.242421298637055, 8209640.283040727488697 ], [ 563722.242421298637055, 8209640.283040727488697 ] ] ] } },
{ "type": "Feature", "properties": { "classe_codigo": 4, "classe": "expansao_nova", "f_2020": 0.0, "f_2025": 0.078125, "S1": 0.192148, "S2": 0.001183, "S3": 0.220648, "concordancia": 2, "fracao_industrial": 0.0, "anel": "periurbano_0_1km", "dist_borda_urbano_2025_m": 67.08, "unidade": "tete", "area_km2": 0.0576 }, "geometry": { "type": "Polygon", "coordinates": [ [ [ 562042.242421298637055, 8209160.283040727488697 ], [ 562042.242421298637055, 8208920.283040727488697 ], [ 562282.242421298637055, 8208920.283040727488697 ], [ 562282.242421298637055, 8209160.283040727488697 ], [ 562042.242421298637055, 8209160.283040727488697 ] ] ] } },
{ "type": "Feature", "properties": { "classe_codigo": 5, "classe": "consolidado", "f_2020": 0.9375, "f_2025": 0.9375, "S1": -0.0232, "S2": 0.001011, "S3": 0.161808, "concordancia": 0, "fracao_industrial": 0.0, "anel": "intraurbano", "dist_borda_urbano_2025_m": 0.0, "unidade": "tete", "area_km2": 0.0576 }, "geometry": { "type": "Polygon", "coordinates": [ [ [ 562282.242421298637055, 8209160.283040727488697 ], [ 562282.242421298637055, 8208920.283040727488697 ], [ 562522.242421298637055, 8208920.283040727488697 ], [ 562522.242421298637055, 8209160.283040727488697 ], [ 562282.242421298637055, 8209160.283040727488697 ] ] ] } },
{ "type": "Feature", "properties": { "classe_codigo": 3, "classe": "adensando", "f_2020": 0.078125, "f_2025": 0.078125, "S1": -0.069601, "S2": 0.005483, "S3": 0.400336, "concordancia": 2, "fracao_industrial": 0.0, "anel": "periurbano_0_1km", "dist_borda_urbano_2025_m": 67.08, "unidade": "tete", "area_km2": 0.0576 }, "geometry": { "type": "Polygon", "coordinates": [ [ [ 564922.242421298637055, 8209160.283040727488697 ], [ 564922.242421298637055, 8208920.283040727488697 ], [ 565162.242421298637055, 8208920.283040727488697 ], [ 565162.242421298637055, 8209160.283040727488697 ], [ 564922.242421298637055, 8209160.283040727488697 ] ] ] } },
{ "type": "Feature", "properties": { "classe_codigo": 2, "classe": "esparso_estavel", "f_2020": 0.703125, "f_2025": 0.734375, "S1": -0.011303, "S2": 0.002114, "S3": 0.164202, "concordancia": 1, "fracao_industrial": 0.0, "anel": "intraurbano", "dist_borda_urbano_2025_m": 0.0, "unidade": "tete", "area_km2": 0.1152 }, "geometry": { "type": "Polygon", "coordinates": [ [ [ 563482.242421298637055, 8209160.283040727488697 ], [ 563482.242421298637055, 8208680.283040727488697 ], [ 563722.242421298637055, 8208680.283040727488697 ], [ 563722.242421298637055, 8209160.283040727488697 ], [ 563482.242421298637055, 8209160.283040727488697 ] ] ] } },
{ "type": "Feature", "properties": { "classe_codigo": 3, "classe": "adensando", "f_2020": 0.40625, "f_2025": 0.53125, "S1": 0.017549, "S2": 0.001639, "S3": 0.357866, "concordancia": 3, "fracao_industrial": 0.0, "anel": "intraurbano", "dist_borda_urbano_2025_m": 0.0, "unidade": "tete", "area_km2": 0.1728 }, "geometry": { "type": "Polygon", "coordinates": [ [ [ 563242.242421298637055, 8209160.283040727488697 ], [ 563242.242421298637055, 8208920.283040727488697 ], [ 563002.242421298637055, 8208920.283040727488697 ], [ 563002.242421298637055, 8208680.283040727488697 ], [ 563482.242421298637055, 8208680.283040727488697 ], [ 563482.242421298637055, 8209160.283040727488697 ], [ 563242.242421298637055, 8209160.283040727488697 ] ] ] } },
{ "type": "Feature", "properties": { "classe_codigo": 4, "classe": "expansao_nova", "f_2020": 0.015625, "f_2025": 0.03125, "S1": -0.033611, "S2": 0.00261, "S3": 0.435275, "concordancia": 2, "fracao_industrial": 0.0, "anel": "periurbano_0_1km", "dist_borda_urbano_2025_m": 90.0, "unidade": "tete", "area_km2": 0.0576 }, "geometry": { "type": "Polygon", "coordinates": [ [ [ 563722.242421298637055, 8208920.283040727488697 ], [ 563722.242421298637055, 8208680.283040727488697 ], [ 563962.242421298637055, 8208680.283040727488697 ], [ 563962.242421298637055, 8208920.283040727488697 ], [ 563722.242421298637055, 8208920.283040727488697 ] ] ] } },
{ "type": "Feature", "properties": { "classe_codigo": 5, "classe": "consolidado", "f_2020": 0.953125, "f_2025": 0.96875, "S1": -0.005057, "S2": 0.001742, "S3": 0.086303, "concordancia": 1, "fracao_industrial": 0.0, "anel": "intraurbano", "dist_borda_urbano_2025_m": 0.0, "unidade": "tete", "area_km2": 0.0576 }, "geometry": { "type": "Polygon", "coordinates": [ [ [ 563002.242421298637055, 8208680.283040727488697 ], [ 563002.242421298637055, 8208440.283040727488697 ], [ 563242.242421298637055, 8208440.283040727488697 ], [ 563242.242421298637055, 8208680.283040727488697 ], [ 563002.242421298637055, 8208680.283040727488697 ] ] ] } },
{ "type": "Feature", "properties": { "classe_codigo": 2, "classe": "esparso_estavel", "f_2020": 0.84375, "f_2025": 0.875, "S1": -0.006246, "S2": 0.002165, "S3": 0.111135, "concordancia": 1, "fracao_industrial": 0.0, "anel": "intraurbano", "dist_borda_urbano_2025_m": 0.0, "unidade": "tete", "area_km2": 0.0576 }, "geometry": { "type": "Polygon", "coordinates": [ [ [ 563242.242421298637055, 8208680.283040727488697 ], [ 563242.242421298637055, 8208440.283040727488697 ], [ 563482.242421298637055, 8208440.283040727488697 ], [ 563482.242421298637055, 8208680.283040727488697 ], [ 563242.242421298637055, 8208680.283040727488697 ] ] ] } },
{ "type": "Feature", "properties": { "classe_codigo": 5, "classe": "consolidado", "f_2020": 0.984375, "f_2025": 1.0, "S1": 0.054134, "S2": 0.002606, "S3": 0.056461, "concordancia": 2, "fracao_industrial": 0.0, "anel": "intraurbano", "dist_borda_urbano_2025_m": 0.0, "unidade": "tete", "area_km2": 0.0576 }, "geometry": { "type": "Polygon", "coordinates": [ [ [ 563482.242421298637055, 8208680.283040727488697 ], [ 563482.242421298637055, 8208440.283040727488697 ], [ 563722.242421298637055, 8208440.283040727488697 ], [ 563722.242421298637055, 8208680.283040727488697 ], [ 563482.242421298637055, 8208680.283040727488697 ] ] ] } },
{ "type": "Feature", "properties": { "classe_codigo": 3, "classe": "adensando", "f_2020": 0.453125, "f_2025": 0.59375, "S1": 0.022011, "S2": 0.001677, "S3": 0.313793, "concordancia": 2, "fracao_industrial": 0.0, "anel": "periurbano_0_1km", "dist_borda_urbano_2025_m": 42.43, "unidade": "tete", "area_km2": 0.1152 }, "geometry": { "type": "Polygon", "coordinates": [ [ [ 562762.242421298637055, 8208440.283040727488697 ], [ 562762.242421298637055, 8208200.283040727488697 ], [ 563242.242421298637055, 8208200.283040727488697 ], [ 563242.242421298637055, 8208440.283040727488697 ], [ 562762.242421298637055, 8208440.283040727488697 ] ] ] } },
{ "type": "Feature", "properties": { "classe_codigo": 5, "classe": "consolidado", "f_2020": 1.0, "f_2025": 1.0, "S1": -0.005057, "S2": 0.002476, "S3": 0.021389, "concordancia": 1, "fracao_industrial": 0.0, "anel": "intraurbano", "dist_borda_urbano_2025_m": 0.0, "unidade": "tete", "area_km2": 0.0576 }, "geometry": { "type": "Polygon", "coordinates": [ [ [ 563242.242421298637055, 8208440.283040727488697 ], [ 563242.242421298637055, 8208200.283040727488697 ], [ 563482.242421298637055, 8208200.283040727488697 ], [ 563482.242421298637055, 8208440.283040727488697 ], [ 563242.242421298637055, 8208440.283040727488697 ] ] ] } },
{ "type": "Feature", "properties": { "classe_codigo": 2, "classe": "esparso_estavel", "f_2020": 0.078125, "f_2025": 0.078125, "S1": -0.069601, "S2": 0.005519, "S3": 0.327457, "concordancia": 1, "fracao_industrial": 0.0, "anel": "periurbano_0_1km", "dist_borda_urbano_2025_m": 60.0, "unidade": "tete", "area_km2": 0.0576 }, "geometry": { "type": "Polygon", "coordinates": [ [ [ 564202.242421298637055, 8208440.283040727488697 ], [ 564202.242421298637055, 8208200.283040727488697 ], [ 564442.242421298637055, 8208200.283040727488697 ], [ 564442.242421298637055, 8208440.283040727488697 ], [ 564202.242421298637055, 8208440.283040727488697 ] ] ] } },
{ "type": "Feature", "properties": { "classe_codigo": 6, "classe": "pegada_industrial", "f_2020": 0.0, "f_2025": 0.0, "S1": 0.0, "S2": -0.005109, "S3": 0.0, "concordancia": 0, "fracao_industrial": 0.96875, "anel": "periurbano_1_3km", "dist_borda_urbano_2025_m": 2627.18, "unidade": "moatize_vila", "area_km2": 31.6224 }, "geometry": { "type": "Polygon", "coordinates": [ [ [ 577402.242421298637055, 8217320.283040727488697 ], [ 577402.242421298637055, 8217080.283040727488697 ], [ 576682.242421298637055, 8217080.283040727488697 ], [ 576682.242421298637055, 8216840.283040727488697 ], [ 576202.242421298637055, 8216840.283040727488697 ], [ 576202.242421298637055, 8216600.283040727488697 ], [ 575722.242421298637055, 8216600.283040727488697 ], [ 575722.242421298637055, 8216360.283040727488697 ], [ 575482.242421298637055, 8216360.283040727488697 ], [ 575482.242421298637055, 8215160.283040727488697 ], [ 575722.242421298637055, 8215160.283040727488697 ], [ 575722.242421298637055, 8214920.283040727488697 ], [ 575962.242421298637055, 8214920.283040727488697 ], [ 575962.242421298637055, 8214680.283040727488697 ], [ 576922.242421298637055, 8214680.283040727488697 ], [ 576922.242421298637055, 8214200.283040727488697 ], [ 577882.242421298637055, 8214200.283040727488697 ], [ 577882.242421298637055, 8213960.283040727488697 ], [ 578122.242421298637055, 8213960.283040727488697 ], [ 578122.242421298637055, 8214200.283040727488697 ], [ 578362.242421298637055, 8214200.283040727488697 ], [ 578362.242421298637055, 8213960.283040727488697 ], [ 578842.242421298637055, 8213960.283040727488697 ], [ 578842.242421298637055, 8214200.283040727488697 ], [ 579082.242421298637055, 8214200.283040727488697 ], [ 579082.242421298637055, 8213960.283040727488697 ], [ 579322.242421298637055, 8213960.283040727488697 ], [ 579322.242421298637055, 8213720.283040727488697 ], [ 579562.242421298637055, 8213720.283040727488697 ], [ 579562.242421298637055, 8213480.283040727488697 ], [ 580282.242421298637055, 8213480.283040727488697 ], [ 580282.242421298637055, 8213000.283040727488697 ], [ 580522.242421298637055, 8213000.283040727488697 ], [ 580522.242421298637055, 8213240.283040727488697 ], [ 580762.242421298637055, 8213240.283040727488697 ], [ 580762.242421298637055, 8213000.283040727488697 ], [ 581002.242421298637055, 8213000.283040727488697 ], [ 581002.242421298637055, 8213480.283040727488697 ], [ 581242.242421298637055, 8213480.283040727488697 ], [ 581242.242421298637055, 8213720.283040727488697 ], [ 581482.242421298637055, 8213720.283040727488697 ], [ 581482.242421298637055, 8213960.283040727488697 ], [ 581722.242421298637055, 8213960.283040727488697 ], [ 581722.242421298637055, 8214200.283040727488697 ], [ 582202.242421298637055, 8214200.283040727488697 ], [ 582202.242421298637055, 8213720.283040727488697 ], [ 582682.242421298637055, 8213720.283040727488697 ], [ 582682.242421298637055, 8213240.283040727488697 ], [ 583162.242421298637055, 8213240.283040727488697 ], [ 583162.242421298637055, 8213480.283040727488697 ], [ 583402.242421298637055, 8213480.283040727488697 ], [ 583402.242421298637055, 8213240.283040727488697 ], [ 583642.242421298637055, 8213240.283040727488697 ], [ 583642.242421298637055, 8213000.283040727488697 ], [ 583402.242421298637055, 8213000.283040727488697 ], [ 583402.242421298637055, 8212760.283040727488697 ], [ 582442.242421298637055, 8212760.283040727488697 ], [ 582442.242421298637055, 8212520.283040727488697 ], [ 581962.242421298637055, 8212520.283040727488697 ], [ 581962.242421298637055, 8212280.283040727488697 ], [ 581722.242421298637055, 8212280.283040727488697 ], [ 581722.242421298637055, 8211800.283040727488697 ], [ 581962.242421298637055, 8211800.283040727488697 ], [ 581962.242421298637055, 8211320.283040727488697 ], [ 582922.242421298637055, 8211320.283040727488697 ], [ 582922.242421298637055, 8211800.283040727488697 ], [ 583402.242421298637055, 8211800.283040727488697 ], [ 583402.242421298637055, 8212040.283040727488697 ], [ 583882.242421298637055, 8212040.283040727488697 ], [ 583882.242421298637055, 8211800.283040727488697 ], [ 584122.242421298637055, 8211800.283040727488697 ], [ 584122.242421298637055, 8211560.283040727488697 ], [ 584362.242421298637055, 8211560.283040727488697 ], [ 584362.242421298637055, 8211800.283040727488697 ], [ 584842.242421298637055, 8211800.283040727488697 ], [ 584842.242421298637055, 8212280.283040727488697 ], [ 585082.242421298637055, 8212280.283040727488697 ], [ 585082.242421298637055, 8211560.283040727488697 ], [ 585322.242421298637055, 8211560.283040727488697 ], [ 585322.242421298637055, 8211800.283040727488697 ], [ 585562.242421298637055, 8211800.283040727488697 ], [ 585562.242421298637055, 8211080.283040727488697 ], [ 585322.242421298637055, 8211080.283040727488697 ], [ 585322.242421298637055, 8210600.283040727488697 ], [ 585562.242421298637055, 8210600.283040727488697 ], [ 585562.242421298637055, 8210360.283040727488697 ], [ 585802.242421298637055, 8210360.283040727488697 ], [ 585802.242421298637055, 8210120.283040727488697 ], [ 586042.242421298637055, 8210120.283040727488697 ], [ 586042.242421298637055, 8210360.283040727488697 ], [ 586282.242421298637055, 8210360.283040727488697 ], [ 586282.242421298637055, 8208920.283040727488697 ], [ 587002.242421298637055, 8208920.283040727488697 ], [ 587002.242421298637055, 8208680.283040727488697 ], [ 587482.242421298637055, 8208680.283040727488697 ], [ 587482.242421298637055, 8208440.283040727488697 ], [ 588682.242421298637055, 8208440.283040727488697 ], [ 588682.242421298637055, 8207960.283040727488697 ], [ 589162.242421298637055, 8207960.283040727488697 ], [ 589162.242421298637055, 8209640.283040727488697 ], [ 588682.242421298637055, 8209640.283040727488697 ], [ 588682.242421298637055, 8209880.283040727488697 ], [ 589162.242421298637055, 8209880.283040727488697 ], [ 589162.242421298637055, 8210360.283040727488697 ], [ 588922.242421298637055, 8210360.283040727488697 ], [ 588922.242421298637055, 8210120.283040727488697 ], [ 588442.242421298637055, 8210120.283040727488697 ], [ 588442.242421298637055, 8210600.283040727488697 ], [ 588202.242421298637055, 8210600.283040727488697 ], [ 588202.242421298637055, 8210360.283040727488697 ], [ 587962.242421298637055, 8210360.283040727488697 ], [ 587962.242421298637055, 8210600.283040727488697 ], [ 587722.242421298637055, 8210600.283040727488697 ], [ 587722.242421298637055, 8210840.283040727488697 ], [ 587482.242421298637055, 8210840.283040727488697 ], [ 587482.242421298637055, 8211080.283040727488697 ], [ 587002.242421298637055, 8211080.283040727488697 ], [ 587002.242421298637055, 8211320.283040727488697 ], [ 587242.242421298637055, 8211320.283040727488697 ], [ 587242.242421298637055, 8211800.283040727488697 ], [ 587482.242421298637055, 8211800.283040727488697 ], [ 587482.242421298637055, 8212040.283040727488697 ], [ 587722.242421298637055, 8212040.283040727488697 ], [ 587722.242421298637055, 8212520.283040727488697 ], [ 587482.242421298637055, 8212520.283040727488697 ], [ 587482.242421298637055, 8212760.283040727488697 ], [ 587242.242421298637055, 8212760.283040727488697 ], [ 587242.242421298637055, 8213000.283040727488697 ], [ 587002.242421298637055, 8213000.283040727488697 ], [ 587002.242421298637055, 8213240.283040727488697 ], [ 586522.242421298637055, 8213240.283040727488697 ], [ 586522.242421298637055, 8213480.283040727488697 ], [ 586282.242421298637055, 8213480.283040727488697 ], [ 586282.242421298637055, 8213720.283040727488697 ], [ 586042.242421298637055, 8213720.283040727488697 ], [ 586042.242421298637055, 8213960.283040727488697 ], [ 585322.242421298637055, 8213960.283040727488697 ], [ 585322.242421298637055, 8213240.283040727488697 ], [ 585562.242421298637055, 8213240.283040727488697 ], [ 585562.242421298637055, 8212760.283040727488697 ], [ 585322.242421298637055, 8212760.283040727488697 ], [ 585322.242421298637055, 8212520.283040727488697 ], [ 585082.242421298637055, 8212520.283040727488697 ], [ 585082.242421298637055, 8213000.283040727488697 ], [ 584842.242421298637055, 8213000.283040727488697 ], [ 584842.242421298637055, 8213480.283040727488697 ], [ 584602.242421298637055, 8213480.283040727488697 ], [ 584602.242421298637055, 8213720.283040727488697 ], [ 584842.242421298637055, 8213720.283040727488697 ], [ 584842.242421298637055, 8213960.283040727488697 ], [ 584362.242421298637055, 8213960.283040727488697 ], [ 584362.242421298637055, 8214200.283040727488697 ], [ 584122.242421298637055, 8214200.283040727488697 ], [ 584122.242421298637055, 8214440.283040727488697 ], [ 584362.242421298637055, 8214440.283040727488697 ], [ 584362.242421298637055, 8214680.283040727488697 ], [ 584602.242421298637055, 8214680.283040727488697 ], [ 584602.242421298637055, 8215160.283040727488697 ], [ 584362.242421298637055, 8215160.283040727488697 ], [ 584362.242421298637055, 8215400.283040727488697 ], [ 584122.242421298637055, 8215400.283040727488697 ], [ 584122.242421298637055, 8215640.283040727488697 ], [ 583882.242421298637055, 8215640.283040727488697 ], [ 583882.242421298637055, 8215400.283040727488697 ], [ 583642.242421298637055, 8215400.283040727488697 ], [ 583642.242421298637055, 8215160.283040727488697 ], [ 582922.242421298637055, 8215160.283040727488697 ], [ 582922.242421298637055, 8214680.283040727488697 ], [ 582682.242421298637055, 8214680.283040727488697 ], [ 582682.242421298637055, 8214920.283040727488697 ], [ 582442.242421298637055, 8214920.283040727488697 ], [ 582442.242421298637055, 8214680.283040727488697 ], [ 581962.242421298637055, 8214680.283040727488697 ], [ 581962.242421298637055, 8214920.283040727488697 ], [ 581242.242421298637055, 8214920.283040727488697 ], [ 581242.242421298637055, 8215160.283040727488697 ], [ 580762.242421298637055, 8215160.283040727488697 ], [ 580762.242421298637055, 8215400.283040727488697 ], [ 579802.242421298637055, 8215400.283040727488697 ], [ 579802.242421298637055, 8215160.283040727488697 ], [ 579562.242421298637055, 8215160.283040727488697 ], [ 579562.242421298637055, 8214680.283040727488697 ], [ 579322.242421298637055, 8214680.283040727488697 ], [ 579322.242421298637055, 8215160.283040727488697 ], [ 579082.242421298637055, 8215160.283040727488697 ], [ 579082.242421298637055, 8214920.283040727488697 ], [ 578842.242421298637055, 8214920.283040727488697 ], [ 578842.242421298637055, 8215160.283040727488697 ], [ 578602.242421298637055, 8215160.283040727488697 ], [ 578602.242421298637055, 8216360.283040727488697 ], [ 578362.242421298637055, 8216360.283040727488697 ], [ 578362.242421298637055, 8216600.283040727488697 ], [ 577402.242421298637055, 8216600.283040727488697 ], [ 577402.242421298637055, 8216840.283040727488697 ], [ 577642.242421298637055, 8216840.283040727488697 ], [ 577642.242421298637055, 8217320.283040727488697 ], [ 577402.242421298637055, 8217320.283040727488697 ] ], [ [ 579562.242421298637055, 8214680.283040727488697 ], [ 579802.242421298637055, 8214680.283040727488697 ], [ 579802.242421298637055, 8214200.283040727488697 ], [ 579562.242421298637055, 8214200.283040727488697 ], [ 579562.242421298637055, 8214680.283040727488697 ] ], [ [ 579802.242421298637055, 8214200.283040727488697 ], [ 580042.242421298637055, 8214200.283040727488697 ], [ 580042.242421298637055, 8213960.283040727488697 ], [ 579802.242421298637055, 8213960.283040727488697 ], [ 579802.242421298637055, 8214200.283040727488697 ] ], [ [ 585322.242421298637055, 8212280.283040727488697 ], [ 585562.242421298637055, 8212280.283040727488697 ], [ 585562.242421298637055, 8212040.283040727488697 ], [ 585322.242421298637055, 8212040.283040727488697 ], [ 585322.242421298637055, 8212280.283040727488697 ] ], [ [ 586522.242421298637055, 8211320.283040727488697 ], [ 586762.242421298637055, 8211320.283040727488697 ], [ 586762.242421298637055, 8210840.283040727488697 ], [ 586522.242421298637055, 8210840.283040727488697 ], [ 586522.242421298637055, 8211320.283040727488697 ] ], [ [ 586762.242421298637055, 8210600.283040727488697 ], [ 587002.242421298637055, 8210600.283040727488697 ], [ 587002.242421298637055, 8210360.283040727488697 ], [ 587242.242421298637055, 8210360.283040727488697 ], [ 587242.242421298637055, 8209880.283040727488697 ], [ 587002.242421298637055, 8209880.283040727488697 ], [ 587002.242421298637055, 8210120.283040727488697 ], [ 586522.242421298637055, 8210120.283040727488697 ], [ 586522.242421298637055, 8210360.283040727488697 ], [ 586762.242421298637055, 8210360.283040727488697 ], [ 586762.242421298637055, 8210600.283040727488697 ] ], [ [ 588442.242421298637055, 8209160.283040727488697 ], [ 588682.242421298637055, 8209160.283040727488697 ], [ 588682.242421298637055, 8208920.283040727488697 ], [ 588442.242421298637055, 8208920.283040727488697 ], [ 588442.242421298637055, 8209160.283040727488697 ] ] ] } },
{ "type": "Feature", "properties": { "classe_codigo": 3, "classe": "adensando", "f_2020": 0.34375, "f_2025": 0.609375, "S1": 0.085961, "S2": 0.003906, "S3": 0.329852, "concordancia": 2, "fracao_industrial": 0.0, "anel": "periurbano_0_1km", "dist_borda_urbano_2025_m": 30.0, "unidade": "tete", "area_km2": 0.5184 }, "geometry": { "type": "Polygon", "coordinates": [ [ [ 564202.242421298637055, 8208920.283040727488697 ], [ 564202.242421298637055, 8208680.283040727488697 ], [ 563722.242421298637055, 8208680.283040727488697 ], [ 563722.242421298637055, 8208440.283040727488697 ], [ 563482.242421298637055, 8208440.283040727488697 ], [ 563482.242421298637055, 8207960.283040727488697 ], [ 563722.242421298637055, 8207960.283040727488697 ], [ 563722.242421298637055, 8208200.283040727488697 ], [ 564202.242421298637055, 8208200.283040727488697 ], [ 564202.242421298637055, 8208440.283040727488697 ], [ 564442.242421298637055, 8208440.283040727488697 ], [ 564442.242421298637055, 8208680.283040727488697 ], [ 564682.242421298637055, 8208680.283040727488697 ], [ 564682.242421298637055, 8208920.283040727488697 ], [ 564202.242421298637055, 8208920.283040727488697 ] ] ] } },
{ "type": "Feature", "properties": { "classe_codigo": 3, "classe": "adensando", "f_2020": 0.140625, "f_2025": 0.15625, "S1": -0.038073, "S2": 0.005993, "S3": 0.4286, "concordancia": 2, "fracao_industrial": 0.0, "anel": "intraurbano", "dist_borda_urbano_2025_m": 0.0, "unidade": "tete", "area_km2": 0.0576 }, "geometry": { "type": "Polygon", "coordinates": [ [ [ 564202.242421298637055, 8208200.283040727488697 ], [ 564202.242421298637055, 8207960.283040727488697 ], [ 564442.242421298637055, 8207960.283040727488697 ], [ 564442.242421298637055, 8208200.283040727488697 ], [ 564202.242421298637055, 8208200.283040727488697 ] ] ] } },
{ "type": "Feature", "properties": { "classe_codigo": 2, "classe": "esparso_estavel", "f_2020": 0.078125, "f_2025": 0.078125, "S1": -0.069601, "S2": 0.006197, "S3": 0.02449, "concordancia": 1, "fracao_industrial": 0.0, "anel": "intraurbano", "dist_borda_urbano_2025_m": 0.0, "unidade": "tete", "area_km2": 0.0576 }, "geometry": { "type": "Polygon", "coordinates": [ [ [ 565642.242421298637055, 8208200.283040727488697 ], [ 565642.242421298637055, 8207960.283040727488697 ], [ 565882.242421298637055, 8207960.283040727488697 ], [ 565882.242421298637055, 8208200.283040727488697 ], [ 565642.242421298637055, 8208200.283040727488697 ] ] ] } },
{ "type": "Feature", "properties": { "classe_codigo": 2, "classe": "esparso_estavel", "f_2020": 0.15625, "f_2025": 0.15625, "S1": -0.054432, "S2": 0.001953, "S3": 0.126626, "concordancia": 1, "fracao_industrial": 0.0, "anel": "periurbano_0_1km", "dist_borda_urbano_2025_m": 94.87, "unidade": "tete", "area_km2": 4.2048 }, "geometry": { "type": "Polygon", "coordinates": [ [ [ 562762.242421298637055, 8211560.283040727488697 ], [ 562762.242421298637055, 8210840.283040727488697 ], [ 561802.242421298637055, 8210840.283040727488697 ], [ 561802.242421298637055, 8210360.283040727488697 ], [ 562282.242421298637055, 8210360.283040727488697 ], [ 562282.242421298637055, 8210600.283040727488697 ], [ 563242.242421298637055, 8210600.283040727488697 ], [ 563242.242421298637055, 8210840.283040727488697 ], [ 563722.242421298637055, 8210840.283040727488697 ], [ 563722.242421298637055, 8210120.283040727488697 ], [ 563962.242421298637055, 8210120.283040727488697 ], [ 563962.242421298637055, 8209880.283040727488697 ], [ 563482.242421298637055, 8209880.283040727488697 ], [ 563482.242421298637055, 8210120.283040727488697 ], [ 562762.242421298637055, 8210120.283040727488697 ], [ 562762.242421298637055, 8209400.283040727488697 ], [ 562522.242421298637055, 8209400.283040727488697 ], [ 562522.242421298637055, 8209880.283040727488697 ], [ 562282.242421298637055, 8209880.283040727488697 ], [ 562282.242421298637055, 8209640.283040727488697 ], [ 562042.242421298637055, 8209640.283040727488697 ], [ 562042.242421298637055, 8209880.283040727488697 ], [ 561322.242421298637055, 8209880.283040727488697 ], [ 561322.242421298637055, 8209640.283040727488697 ], [ 561562.242421298637055, 8209640.283040727488697 ], [ 561562.242421298637055, 8209400.283040727488697 ], [ 562042.242421298637055, 8209400.283040727488697 ], [ 562042.242421298637055, 8209160.283040727488697 ], [ 562522.242421298637055, 8209160.283040727488697 ], [ 562522.242421298637055, 8208920.283040727488697 ], [ 562282.242421298637055, 8208920.283040727488697 ], [ 562282.242421298637055, 8208440.283040727488697 ], [ 562522.242421298637055, 8208440.283040727488697 ], [ 562522.242421298637055, 8208200.283040727488697 ], [ 562282.242421298637055, 8208200.283040727488697 ], [ 562282.242421298637055, 8207960.283040727488697 ], [ 562522.242421298637055, 8207960.283040727488697 ], [ 562522.242421298637055, 8207720.283040727488697 ], [ 562762.242421298637055, 8207720.283040727488697 ], [ 562762.242421298637055, 8207960.283040727488697 ], [ 563002.242421298637055, 8207960.283040727488697 ], [ 563002.242421298637055, 8207720.283040727488697 ], [ 563242.242421298637055, 8207720.283040727488697 ], [ 563242.242421298637055, 8207960.283040727488697 ], [ 563482.242421298637055, 8207960.283040727488697 ], [ 563482.242421298637055, 8208200.283040727488697 ], [ 562762.242421298637055, 8208200.283040727488697 ], [ 562762.242421298637055, 8208440.283040727488697 ], [ 563002.242421298637055, 8208440.283040727488697 ], [ 563002.242421298637055, 8208920.283040727488697 ], [ 563242.242421298637055, 8208920.283040727488697 ], [ 563242.242421298637055, 8209160.283040727488697 ], [ 563482.242421298637055, 8209160.283040727488697 ], [ 563482.242421298637055, 8209400.283040727488697 ], [ 563722.242421298637055, 8209400.283040727488697 ], [ 563722.242421298637055, 8209640.283040727488697 ], [ 564202.242421298637055, 8209640.283040727488697 ], [ 564202.242421298637055, 8209880.283040727488697 ], [ 564682.242421298637055, 8209880.283040727488697 ], [ 564682.242421298637055, 8210120.283040727488697 ], [ 564442.242421298637055, 8210120.283040727488697 ], [ 564442.242421298637055, 8211080.283040727488697 ], [ 564202.242421298637055, 8211080.283040727488697 ], [ 564202.242421298637055, 8210840.283040727488697 ], [ 563962.242421298637055, 8210840.283040727488697 ], [ 563962.242421298637055, 8211080.283040727488697 ], [ 563482.242421298637055, 8211080.283040727488697 ], [ 563482.242421298637055, 8211560.283040727488697 ], [ 562762.242421298637055, 8211560.283040727488697 ] ], [ [ 563002.242421298637055, 8211080.283040727488697 ], [ 563242.242421298637055, 8211080.283040727488697 ], [ 563242.242421298637055, 8210840.283040727488697 ], [ 563002.242421298637055, 8210840.283040727488697 ], [ 563002.242421298637055, 8211080.283040727488697 ] ], [ [ 563002.242421298637055, 8209640.283040727488697 ], [ 563242.242421298637055, 8209640.283040727488697 ], [ 563242.242421298637055, 8209160.283040727488697 ], [ 563002.242421298637055, 8209160.283040727488697 ], [ 563002.242421298637055, 8209640.283040727488697 ] ] ] } },
{ "type": "Feature", "properties": { "classe_codigo": 4, "classe": "expansao_nova", "f_2020": 0.015625, "f_2025": 0.046875, "S1": 0.023795, "S2": 0.000639, "S3": 0.699374, "concordancia": 2, "fracao_industrial": 0.0, "anel": "periurbano_0_1km", "dist_borda_urbano_2025_m": 30.0, "unidade": "tete", "area_km2": 0.0576 }, "geometry": { "type": "Polygon", "coordinates": [ [ [ 561802.242421298637055, 8207960.283040727488697 ], [ 561802.242421298637055, 8207720.283040727488697 ], [ 562042.242421298637055, 8207720.283040727488697 ], [ 562042.242421298637055, 8207960.283040727488697 ], [ 561802.242421298637055, 8207960.283040727488697 ] ] ] } },
{ "type": "Feature", "properties": { "classe_codigo": 2, "classe": "esparso_estavel", "f_2020": 0.03125, "f_2025": 0.0625, "S1": -0.000595, "S2": -0.000542, "S3": 0.640555, "concordancia": 1, "fracao_industrial": 0.0, "anel": "periurbano_0_1km", "dist_borda_urbano_2025_m": 108.17, "unidade": "tete", "area_km2": 0.0576 }, "geometry": { "type": "Polygon", "coordinates": [ [ [ 562042.242421298637055, 8207960.283040727488697 ], [ 562042.242421298637055, 8207720.283040727488697 ], [ 562282.242421298637055, 8207720.283040727488697 ], [ 562282.242421298637055, 8207960.283040727488697 ], [ 562042.242421298637055, 8207960.283040727488697 ] ] ] } },
{ "type": "Feature", "properties": { "classe_codigo": 3, "classe": "adensando", "f_2020": 0.046875, "f_2025": 0.125, "S1": 0.057704, "S2": -0.000437, "S3": 0.583644, "concordancia": 2, "fracao_industrial": 0.0, "anel": "periurbano_0_1km", "dist_borda_urbano_2025_m": 67.08, "unidade": "tete", "area_km2": 0.0576 }, "geometry": { "type": "Polygon", "coordinates": [ [ [ 562282.242421298637055, 8207960.283040727488697 ], [ 562282.242421298637055, 8207720.283040727488697 ], [ 562522.242421298637055, 8207720.283040727488697 ], [ 562522.242421298637055, 8207960.283040727488697 ], [ 562282.242421298637055, 8207960.283040727488697 ] ] ] } },
{ "type": "Feature", "properties": { "classe_codigo": 4, "classe": "expansao_nova", "f_2020": 0.015625, "f_2025": 0.21875, "S1": 0.266211, "S2": 0.000653, "S3": 0.654258, "concordancia": 2, "fracao_industrial": 0.0, "anel": "periurbano_0_1km", "dist_borda_urbano_2025_m": 60.0, "unidade": "tete", "area_km2": 0.0576 }, "geometry": { "type": "Polygon", "coordinates": [ [ [ 562762.242421298637055, 8207960.283040727488697 ], [ 562762.242421298637055, 8207720.283040727488697 ], [ 563002.242421298637055, 8207720.283040727488697 ], [ 563002.242421298637055, 8207960.283040727488697 ], [ 562762.242421298637055, 8207960.283040727488697 ] ] ] } },
{ "type": "Feature", "properties": { "classe_codigo": 3, "classe": "adensando", "f_2020": 0.046875, "f_2025": 0.21875, "S1": 0.153778, "S2": 0.001275, "S3": 0.669536, "concordancia": 3, "fracao_industrial": 0.0, "anel": "periurbano_0_1km", "dist_borda_urbano_2025_m": 67.08, "unidade": "tete", "area_km2": 0.0576 }, "geometry": { "type": "Polygon", "coordinates": [ [ [ 563242.242421298637055, 8207960.283040727488697 ], [ 563242.242421298637055, 8207720.283040727488697 ], [ 563482.242421298637055, 8207720.283040727488697 ], [ 563482.242421298637055, 8207960.283040727488697 ], [ 563242.242421298637055, 8207960.283040727488697 ] ] ] } },
{ "type": "Feature", "properties": { "classe_codigo": 4, "classe": "expansao_nova", "f_2020": 0.015625, "f_2025": 0.09375, "S1": 0.131767, "S2": 0.004821, "S3": 0.681327, "concordancia": 3, "fracao_industrial": 0.0, "anel": "periurbano_0_1km", "dist_borda_urbano_2025_m": 60.0, "unidade": "tete", "area_km2": 0.2304 }, "geometry": { "type": "Polygon", "coordinates": [ [ [ 563962.242421298637055, 8208200.283040727488697 ], [ 563962.242421298637055, 8207960.283040727488697 ], [ 563482.242421298637055, 8207960.283040727488697 ], [ 563482.242421298637055, 8207720.283040727488697 ], [ 564202.242421298637055, 8207720.283040727488697 ], [ 564202.242421298637055, 8208200.283040727488697 ], [ 563962.242421298637055, 8208200.283040727488697 ] ] ] } },
{ "type": "Feature", "properties": { "classe_codigo": 2, "classe": "esparso_estavel", "f_2020": 0.03125, "f_2025": 0.03125, "S1": -0.100238, "S2": -0.001995, "S3": -0.209697, "concordancia": 0, "fracao_industrial": 0.0, "anel": "periurbano_0_1km", "dist_borda_urbano_2025_m": 42.43, "unidade": "tete", "area_km2": 0.0576 }, "geometry": { "type": "Polygon", "coordinates": [ [ [ 557962.242421298637055, 8207720.283040727488697 ], [ 557962.242421298637055, 8207480.283040727488697 ], [ 558202.242421298637055, 8207480.283040727488697 ], [ 558202.242421298637055, 8207720.283040727488697 ], [ 557962.242421298637055, 8207720.283040727488697 ] ] ] } },
{ "type": "Feature", "properties": { "classe_codigo": 3, "classe": "adensando", "f_2020": 0.171875, "f_2025": 0.265625, "S1": 0.024688, "S2": 0.00017, "S3": 0.433114, "concordancia": 2, "fracao_industrial": 0.0, "anel": "periurbano_0_1km", "dist_borda_urbano_2025_m": 0.0, "unidade": "tete", "area_km2": 0.1152 }, "geometry": { "type": "Polygon", "coordinates": [ [ [ 561802.242421298637055, 8207720.283040727488697 ], [ 561802.242421298637055, 8207480.283040727488697 ], [ 562282.242421298637055, 8207480.283040727488697 ], [ 562282.242421298637055, 8207720.283040727488697 ], [ 561802.242421298637055, 8207720.283040727488697 ] ] ] } },
{ "type": "Feature", "properties": { "classe_codigo": 2, "classe": "esparso_estavel", "f_2020": 0.109375, "f_2025": 0.109375, "S1": -0.063355, "S2": 4.1e-05, "S3": 0.345135, "concordancia": 0, "fracao_industrial": 0.0, "anel": "periurbano_0_1km", "dist_borda_urbano_2025_m": 67.08, "unidade": "tete", "area_km2": 0.0576 }, "geometry": { "type": "Polygon", "coordinates": [ [ [ 562282.242421298637055, 8207720.283040727488697 ], [ 562282.242421298637055, 8207480.283040727488697 ], [ 562522.242421298637055, 8207480.283040727488697 ], [ 562522.242421298637055, 8207720.283040727488697 ], [ 562282.242421298637055, 8207720.283040727488697 ] ] ] } },
{ "type": "Feature", "properties": { "classe_codigo": 3, "classe": "adensando", "f_2020": 0.1875, "f_2025": 0.265625, "S1": 0.01517, "S2": 0.000712, "S3": 0.385595, "concordancia": 2, "fracao_industrial": 0.0, "anel": "periurbano_0_1km", "dist_borda_urbano_2025_m": 60.0, "unidade": "tete", "area_km2": 0.0576 }, "geometry": { "type": "Polygon", "coordinates": [ [ [ 562522.242421298637055, 8207720.283040727488697 ], [ 562522.242421298637055, 8207480.283040727488697 ], [ 562762.242421298637055, 8207480.283040727488697 ], [ 562762.242421298637055, 8207720.283040727488697 ], [ 562522.242421298637055, 8207720.283040727488697 ] ] ] } },
{ "type": "Feature", "properties": { "classe_codigo": 4, "classe": "expansao_nova", "f_2020": 0.0, "f_2025": 0.046875, "S1": 0.114218, "S2": 0.006939, "S3": 0.735657, "concordancia": 3, "fracao_industrial": 0.0, "anel": "periurbano_0_1km", "dist_borda_urbano_2025_m": 94.87, "unidade": "tete", "area_km2": 0.0576 }, "geometry": { "type": "Polygon", "coordinates": [ [ [ 564202.242421298637055, 8207720.283040727488697 ], [ 564202.242421298637055, 8207480.283040727488697 ], [ 564442.242421298637055, 8207480.283040727488697 ], [ 564442.242421298637055, 8207720.283040727488697 ], [ 564202.242421298637055, 8207720.283040727488697 ] ] ] } },
{ "type": "Feature", "properties": { "classe_codigo": 6, "classe": "pegada_industrial", "f_2020": 0.0, "f_2025": 0.0, "S1": 0.0, "S2": 0.006354, "S3": 0.0, "concordancia": 0, "fracao_industrial": 1.0, "anel": "externo", "dist_borda_urbano_2025_m": 3836.48, "unidade": "tete", "area_km2": 0.9216 }, "geometry": { "type": "Polygon", "coordinates": [ [ [ 571162.242421298637055, 8208920.283040727488697 ], [ 571162.242421298637055, 8207960.283040727488697 ], [ 571402.242421298637055, 8207960.283040727488697 ], [ 571402.242421298637055, 8207720.283040727488697 ], [ 572602.242421298637055, 8207720.283040727488697 ], [ 572602.242421298637055, 8207240.283040727488697 ], [ 572842.242421298637055, 8207240.283040727488697 ], [ 572842.242421298637055, 8208200.283040727488697 ], [ 572602.242421298637055, 8208200.283040727488697 ], [ 572602.242421298637055, 8207960.283040727488697 ], [ 572362.242421298637055, 8207960.283040727488697 ], [ 572362.242421298637055, 8208200.283040727488697 ], [ 572122.242421298637055, 8208200.283040727488697 ], [ 572122.242421298637055, 8207960.283040727488697 ], [ 571882.242421298637055, 8207960.283040727488697 ], [ 571882.242421298637055, 8208200.283040727488697 ], [ 571402.242421298637055, 8208200.283040727488697 ], [ 571402.242421298637055, 8208920.283040727488697 ], [ 571162.242421298637055, 8208920.283040727488697 ] ] ] } },
{ "type": "Feature", "properties": { "classe_codigo": 4, "classe": "expansao_nova", "f_2020": 0.0, "f_2025": 0.078125, "S1": 0.192148, "S2": 0.006053, "S3": 0.792746, "concordancia": 3, "fracao_industrial": 0.0, "anel": "periurbano_0_1km", "dist_borda_urbano_2025_m": 67.08, "unidade": "tete", "area_km2": 0.1152 }, "geometry": { "type": "Polygon", "coordinates": [ [ [ 561082.242421298637055, 8207480.283040727488697 ], [ 561082.242421298637055, 8207240.283040727488697 ], [ 561562.242421298637055, 8207240.283040727488697 ], [ 561562.242421298637055, 8207480.283040727488697 ], [ 561082.242421298637055, 8207480.283040727488697 ] ] ] } },
{ "type": "Feature", "properties": { "classe_codigo": 4, "classe": "expansao_nova", "f_2020": 0.015625, "f_2025": 0.03125, "S1": -0.033611, "S2": 0.00062, "S3": 0.740845, "concordancia": 1, "fracao_industrial": 0.0, "anel": "periurbano_0_1km", "dist_borda_urbano_2025_m": 90.0, "unidade": "tete", "area_km2": 0.0576 }, "geometry": { "type": "Polygon", "coordinates": [ [ [ 562282.242421298637055, 8207480.283040727488697 ], [ 562282.242421298637055, 8207240.283040727488697 ], [ 562522.242421298637055, 8207240.283040727488697 ], [ 562522.242421298637055, 8207480.283040727488697 ], [ 562282.242421298637055, 8207480.283040727488697 ] ] ] } },
{ "type": "Feature", "properties": { "classe_codigo": 2, "classe": "esparso_estavel", "f_2020": 0.09375, "f_2025": 0.125, "S1": -0.027067, "S2": 0.001344, "S3": 0.28388, "concordancia": 1, "fracao_industrial": 0.0, "anel": "periurbano_0_1km", "dist_borda_urbano_2025_m": 90.0, "unidade": "tete", "area_km2": 0.0576 }, "geometry": { "type": "Polygon", "coordinates": [ [ [ 562522.242421298637055, 8207480.283040727488697 ], [ 562522.242421298637055, 8207240.283040727488697 ], [ 562762.242421298637055, 8207240.283040727488697 ], [ 562762.242421298637055, 8207480.283040727488697 ], [ 562522.242421298637055, 8207480.283040727488697 ] ] ] } },
{ "type": "Feature", "properties": { "classe_codigo": 4, "classe": "expansao_nova", "f_2020": 0.015625, "f_2025": 0.125, "S1": 0.170137, "S2": 0.001411, "S3": 0.71152, "concordancia": 3, "fracao_industrial": 0.0, "anel": "periurbano_0_1km", "dist_borda_urbano_2025_m": 0.0, "unidade": "tete", "area_km2": 0.2304 }, "geometry": { "type": "Polygon", "coordinates": [ [ [ 563002.242421298637055, 8207720.283040727488697 ], [ 563002.242421298637055, 8207480.283040727488697 ], [ 562762.242421298637055, 8207480.283040727488697 ], [ 562762.242421298637055, 8207240.283040727488697 ], [ 563482.242421298637055, 8207240.283040727488697 ], [ 563482.242421298637055, 8207480.283040727488697 ], [ 563242.242421298637055, 8207480.283040727488697 ], [ 563242.242421298637055, 8207720.283040727488697 ], [ 563002.242421298637055, 8207720.283040727488697 ] ] ] } },
{ "type": "Feature", "properties": { "classe_codigo": 2, "classe": "esparso_estavel", "f_2020": 0.15625, "f_2025": 0.15625, "S1": -0.054432, "S2": 0.009375, "S3": 0.332942, "concordancia": 1, "fracao_industrial": 0.0, "anel": "periurbano_0_1km", "dist_borda_urbano_2025_m": 60.0, "unidade": "tete", "area_km2": 0.0576 }, "geometry": { "type": "Polygon", "coordinates": [ [ [ 565402.242421298637055, 8207480.283040727488697 ], [ 565402.242421298637055, 8207240.283040727488697 ], [ 565642.242421298637055, 8207240.283040727488697 ], [ 565642.242421298637055, 8207480.283040727488697 ], [ 565402.242421298637055, 8207480.283040727488697 ] ] ] } },
{ "type": "Feature", "properties": { "classe_codigo": 3, "classe": "adensando", "f_2020": 0.046875, "f_2025": 0.046875, "S1": -0.088638, "S2": 0.008447, "S3": 0.400926, "concordancia": 2, "fracao_industrial": 0.0, "anel": "periurbano_0_1km", "dist_borda_urbano_2025_m": 30.0, "unidade": "tete", "area_km2": 0.0576 }, "geometry": { "type": "Polygon", "coordinates": [ [ [ 565642.242421298637055, 8207480.283040727488697 ], [ 565642.242421298637055, 8207240.283040727488697 ], [ 565882.242421298637055, 8207240.283040727488697 ], [ 565882.242421298637055, 8207480.283040727488697 ], [ 565642.242421298637055, 8207480.283040727488697 ] ] ] } },
{ "type": "Feature", "properties": { "classe_codigo": 3, "classe": "adensando", "f_2020": 0.03125, "f_2025": 0.03125, "S1": -0.100238, "S2": 0.001896, "S3": 0.423307, "concordancia": 2, "fracao_industrial": 0.0, "anel": "intraurbano", "dist_borda_urbano_2025_m": 0.0, "unidade": "tete", "area_km2": 0.288 }, "geometry": { "type": "Polygon", "coordinates": [ [ [ 562042.242421298637055, 8207240.283040727488697 ], [ 562042.242421298637055, 8206760.283040727488697 ], [ 562522.242421298637055, 8206760.283040727488697 ], [ 562522.242421298637055, 8207000.283040727488697 ], [ 562762.242421298637055, 8207000.283040727488697 ], [ 562762.242421298637055, 8207240.283040727488697 ], [ 562042.242421298637055, 8207240.283040727488697 ] ] ] } },
{ "type": "Feature", "properties": { "classe_codigo": 4, "classe": "expansao_nova", "f_2020": 0.0, "f_2025": 0.046875, "S1": 0.114218, "S2": 0.00779, "S3": 0.647335, "concordancia": 3, "fracao_industrial": 0.0, "anel": "periurbano_0_1km", "dist_borda_urbano_2025_m": 90.0, "unidade": "tete", "area_km2": 0.0576 }, "geometry": { "type": "Polygon", "coordinates": [ [ [ 561322.242421298637055, 8207000.283040727488697 ], [ 561322.242421298637055, 8206760.283040727488697 ], [ 561562.242421298637055, 8206760.283040727488697 ], [ 561562.242421298637055, 8207000.283040727488697 ], [ 561322.242421298637055, 8207000.283040727488697 ] ] ] } },
{ "type": "Feature", "properties": { "classe_codigo": 4, "classe": "expansao_nova", "f_2020": 0.015625, "f_2025": 0.03125, "S1": -0.033611, "S2": 0.002891, "S3": 0.67751, "concordancia": 2, "fracao_industrial": 0.0, "anel": "periurbano_0_1km", "dist_borda_urbano_2025_m": 42.43, "unidade": "tete", "area_km2": 0.0576 }, "geometry": { "type": "Polygon", "coordinates": [ [ [ 561802.242421298637055, 8207000.283040727488697 ], [ 561802.242421298637055, 8206760.283040727488697 ], [ 562042.242421298637055, 8206760.283040727488697 ], [ 562042.242421298637055, 8207000.283040727488697 ], [ 561802.242421298637055, 8207000.283040727488697 ] ] ] } },
{ "type": "Feature", "properties": { "classe_codigo": 4, "classe": "expansao_nova", "f_2020": 0.015625, "f_2025": 0.03125, "S1": -0.033611, "S2": 0.003277, "S3": 0.438398, "concordancia": 2, "fracao_industrial": 0.0, "anel": "periurbano_0_1km", "dist_borda_urbano_2025_m": 120.0, "unidade": "tete", "area_km2": 0.0576 }, "geometry": { "type": "Polygon", "coordinates": [ [ [ 562042.242421298637055, 8206760.283040727488697 ], [ 562042.242421298637055, 8206520.283040727488697 ], [ 562282.242421298637055, 8206520.283040727488697 ], [ 562282.242421298637055, 8206760.283040727488697 ], [ 562042.242421298637055, 8206760.283040727488697 ] ] ] } },
{ "type": "Feature", "properties": { "classe_codigo": 6, "classe": "pegada_industrial", "f_2020": 0.0, "f_2025": 0.0, "S1": 0.0, "S2": 0.108786, "S3": 0.0, "concordancia": 0, "fracao_industrial": 1.0, "anel": "externo", "dist_borda_urbano_2025_m": 4002.16, "unidade": "tete", "area_km2": 0.3456 }, "geometry": { "type": "Polygon", "coordinates": [ [ [ 572122.242421298637055, 8207480.283040727488697 ], [ 572122.242421298637055, 8207000.283040727488697 ], [ 572362.242421298637055, 8207000.283040727488697 ], [ 572362.242421298637055, 8206280.283040727488697 ], [ 572602.242421298637055, 8206280.283040727488697 ], [ 572602.242421298637055, 8207240.283040727488697 ], [ 572362.242421298637055, 8207240.283040727488697 ], [ 572362.242421298637055, 8207480.283040727488697 ], [ 572122.242421298637055, 8207480.283040727488697 ] ] ] } },
{ "type": "Feature", "properties": { "classe_codigo": 4, "classe": "expansao_nova", "f_2020": 0.0, "f_2025": 0.046875, "S1": 0.114218, "S2": 0.005538, "S3": 0.792052, "concordancia": 3, "fracao_industrial": 0.0, "anel": "periurbano_0_1km", "dist_borda_urbano_2025_m": 67.08, "unidade": "tete", "area_km2": 0.0576 }, "geometry": { "type": "Polygon", "coordinates": [ [ [ 562282.242421298637055, 8206520.283040727488697 ], [ 562282.242421298637055, 8206280.283040727488697 ], [ 562522.242421298637055, 8206280.283040727488697 ], [ 562522.242421298637055, 8206520.283040727488697 ], [ 562282.242421298637055, 8206520.283040727488697 ] ] ] } },
{ "type": "Feature", "properties": { "classe_codigo": 3, "classe": "adensando", "f_2020": 0.171875, "f_2025": 0.1875, "S1": -0.03837, "S2": 0.004701, "S3": 0.353989, "concordancia": 2, "fracao_industrial": 0.0, "anel": "periurbano_0_1km", "dist_borda_urbano_2025_m": 30.0, "unidade": "tete", "area_km2": 0.1728 }, "geometry": { "type": "Polygon", "coordinates": [ [ [ 561802.242421298637055, 8206520.283040727488697 ], [ 561802.242421298637055, 8206280.283040727488697 ], [ 562042.242421298637055, 8206280.283040727488697 ], [ 562042.242421298637055, 8206040.283040727488697 ], [ 562282.242421298637055, 8206040.283040727488697 ], [ 562282.242421298637055, 8206520.283040727488697 ], [ 561802.242421298637055, 8206520.283040727488697 ] ] ] } },
{ "type": "Feature", "properties": { "classe_codigo": 6, "classe": "pegada_industrial", "f_2020": 0.0, "f_2025": 0.0, "S1": 0.0, "S2": -0.001995, "S3": 0.384869, "concordancia": 0, "fracao_industrial": 0.953125, "anel": "externo", "dist_borda_urbano_2025_m": 3220.64, "unidade": "tete", "area_km2": 0.0576 }, "geometry": { "type": "Polygon", "coordinates": [ [ [ 571642.242421298637055, 8206280.283040727488697 ], [ 571642.242421298637055, 8206040.283040727488697 ], [ 571882.242421298637055, 8206040.283040727488697 ], [ 571882.242421298637055, 8206280.283040727488697 ], [ 571642.242421298637055, 8206280.283040727488697 ] ] ] } },
{ "type": "Feature", "properties": { "classe_codigo": 2, "classe": "esparso_estavel", "f_2020": 0.203125, "f_2025": 0.203125, "S1": -0.045509, "S2": 0.012468, "S3": 0.13238, "concordancia": 1, "fracao_industrial": 0.0, "anel": "periurbano_0_1km", "dist_borda_urbano_2025_m": 60.0, "unidade": "tete", "area_km2": 0.1728 }, "geometry": { "type": "Polygon", "coordinates": [ [ [ 561802.242421298637055, 8206280.283040727488697 ], [ 561802.242421298637055, 8205560.283040727488697 ], [ 562042.242421298637055, 8205560.283040727488697 ], [ 562042.242421298637055, 8206280.283040727488697 ], [ 561802.242421298637055, 8206280.283040727488697 ] ] ] } },
{ "type": "Feature", "properties": { "classe_codigo": 3, "classe": "adensando", "f_2020": 0.171875, "f_2025": 0.171875, "S1": -0.052052, "S2": 0.088816, "S3": 0.360062, "concordancia": 2, "fracao_industrial": 0.0, "anel": "periurbano_0_1km", "dist_borda_urbano_2025_m": 30.0, "unidade": "tete", "area_km2": 0.0576 }, "geometry": { "type": "Polygon", "coordinates": [ [ [ 561562.242421298637055, 8205800.283040727488697 ], [ 561562.242421298637055, 8205560.283040727488697 ], [ 561802.242421298637055, 8205560.283040727488697 ], [ 561802.242421298637055, 8205800.283040727488697 ], [ 561562.242421298637055, 8205800.283040727488697 ] ] ] } },
{ "type": "Feature", "properties": { "classe_codigo": 2, "classe": "esparso_estavel", "f_2020": 0.078125, "f_2025": 0.078125, "S1": -0.069601, "S2": 0.1002, "S3": -0.314396, "concordancia": 1, "fracao_industrial": 0.0, "anel": "intraurbano", "dist_borda_urbano_2025_m": 0.0, "unidade": "tete", "area_km2": 0.0576 }, "geometry": { "type": "Polygon", "coordinates": [ [ [ 563722.242421298637055, 8205320.283040727488697 ], [ 563722.242421298637055, 8205080.283040727488697 ], [ 563962.242421298637055, 8205080.283040727488697 ], [ 563962.242421298637055, 8205320.283040727488697 ], [ 563722.242421298637055, 8205320.283040727488697 ] ] ] } },
{ "type": "Feature", "properties": { "classe_codigo": 2, "classe": "esparso_estavel", "f_2020": 0.109375, "f_2025": 0.109375, "S1": -0.063355, "S2": -0.001995, "S3": -0.359012, "concordancia": 0, "fracao_industrial": 0.0, "anel": "periurbano_0_1km", "dist_borda_urbano_2025_m": 67.08, "unidade": "tete", "area_km2": 0.0576 }, "geometry": { "type": "Polygon", "coordinates": [ [ [ 558922.242421298637055, 8205080.283040727488697 ], [ 558922.242421298637055, 8204840.283040727488697 ], [ 559162.242421298637055, 8204840.283040727488697 ], [ 559162.242421298637055, 8205080.283040727488697 ], [ 558922.242421298637055, 8205080.283040727488697 ] ] ] } },
{ "type": "Feature", "properties": { "classe_codigo": 6, "classe": "pegada_industrial", "f_2020": 0.0, "f_2025": 0.0, "S1": 0.0, "S2": -0.002983, "S3": 0.316675, "concordancia": 0, "fracao_industrial": 0.921875, "anel": "periurbano_1_3km", "dist_borda_urbano_2025_m": 1195.49, "unidade": "tete", "area_km2": 0.0576 }, "geometry": { "type": "Polygon", "coordinates": [ [ [ 561322.242421298637055, 8204600.283040727488697 ], [ 561322.242421298637055, 8204360.283040727488697 ], [ 561562.242421298637055, 8204360.283040727488697 ], [ 561562.242421298637055, 8204600.283040727488697 ], [ 561322.242421298637055, 8204600.283040727488697 ] ] ] } },
{ "type": "Feature", "properties": { "classe_codigo": 6, "classe": "pegada_industrial", "f_2020": 0.0, "f_2025": 0.0, "S1": 0.0, "S2": -0.002778, "S3": 0.0, "concordancia": 0, "fracao_industrial": 0.84375, "anel": "periurbano_1_3km", "dist_borda_urbano_2025_m": 1381.3, "unidade": "tete", "area_km2": 0.1728 }, "geometry": { "type": "Polygon", "coordinates": [ [ [ 561802.242421298637055, 8204360.283040727488697 ], [ 561802.242421298637055, 8203880.283040727488697 ], [ 562282.242421298637055, 8203880.283040727488697 ], [ 562282.242421298637055, 8204120.283040727488697 ], [ 562042.242421298637055, 8204120.283040727488697 ], [ 562042.242421298637055, 8204360.283040727488697 ], [ 561802.242421298637055, 8204360.283040727488697 ] ] ] } },
{ "type": "Feature", "properties": { "classe_codigo": 2, "classe": "esparso_estavel", "f_2020": 0.046875, "f_2025": 0.046875, "S1": -0.088638, "S2": -0.001995, "S3": 0.412552, "concordancia": 1, "fracao_industrial": 0.0, "anel": "periurbano_0_1km", "dist_borda_urbano_2025_m": 67.08, "unidade": "tete", "area_km2": 0.0576 }, "geometry": { "type": "Polygon", "coordinates": [ [ [ 570202.242421298637055, 8203400.283040727488697 ], [ 570202.242421298637055, 8203160.283040727488697 ], [ 570442.242421298637055, 8203160.283040727488697 ], [ 570442.242421298637055, 8203400.283040727488697 ], [ 570202.242421298637055, 8203400.283040727488697 ] ] ] } },
{ "type": "Feature", "properties": { "classe_codigo": 4, "classe": "expansao_nova", "f_2020": 0.015625, "f_2025": 0.03125, "S1": -0.033611, "S2": -0.001995, "S3": 0.227918, "concordancia": 0, "fracao_industrial": 0.0, "anel": "periurbano_0_1km", "dist_borda_urbano_2025_m": 90.0, "unidade": "tete", "area_km2": 0.0576 }, "geometry": { "type": "Polygon", "coordinates": [ [ [ 559162.242421298637055, 8203160.283040727488697 ], [ 559162.242421298637055, 8202920.283040727488697 ], [ 559402.242421298637055, 8202920.283040727488697 ], [ 559402.242421298637055, 8203160.283040727488697 ], [ 559162.242421298637055, 8203160.283040727488697 ] ] ] } },
{ "type": "Feature", "properties": { "classe_codigo": 4, "classe": "expansao_nova", "f_2020": 0.0, "f_2025": 0.03125, "S1": 0.056811, "S2": -0.001995, "S3": -0.052647, "concordancia": 1, "fracao_industrial": 0.0, "anel": "periurbano_0_1km", "dist_borda_urbano_2025_m": 108.17, "unidade": "tete", "area_km2": 0.1728 }, "geometry": { "type": "Polygon", "coordinates": [ [ [ 558442.242421298637055, 8203160.283040727488697 ], [ 558442.242421298637055, 8202680.283040727488697 ], [ 558922.242421298637055, 8202680.283040727488697 ], [ 558922.242421298637055, 8202920.283040727488697 ], [ 558682.242421298637055, 8202920.283040727488697 ], [ 558682.242421298637055, 8203160.283040727488697 ], [ 558442.242421298637055, 8203160.283040727488697 ] ] ] } },
{ "type": "Feature", "properties": { "classe_codigo": 2, "classe": "esparso_estavel", "f_2020": 0.0625, "f_2025": 0.15625, "S1": 0.066627, "S2": -0.001995, "S3": 0.1139, "concordancia": 1, "fracao_industrial": 0.0, "anel": "periurbano_0_1km", "dist_borda_urbano_2025_m": 94.87, "unidade": "tete", "area_km2": 0.1152 }, "geometry": { "type": "Polygon", "coordinates": [ [ [ 558922.242421298637055, 8203160.283040727488697 ], [ 558922.242421298637055, 8202680.283040727488697 ], [ 559162.242421298637055, 8202680.283040727488697 ], [ 559162.242421298637055, 8203160.283040727488697 ], [ 558922.242421298637055, 8203160.283040727488697 ] ] ] } },
{ "type": "Feature", "properties": { "classe_codigo": 2, "classe": "esparso_estavel", "f_2020": 0.03125, "f_2025": 0.03125, "S1": -0.100238, "S2": -0.001995, "S3": -0.209697, "concordancia": 0, "fracao_industrial": 0.0, "anel": "periurbano_0_1km", "dist_borda_urbano_2025_m": 90.0, "unidade": "tete", "area_km2": 0.0576 }, "geometry": { "type": "Polygon", "coordinates": [ [ [ 564442.242421298637055, 8202440.283040727488697 ], [ 564442.242421298637055, 8202200.283040727488697 ], [ 564682.242421298637055, 8202200.283040727488697 ], [ 564682.242421298637055, 8202440.283040727488697 ], [ 564442.242421298637055, 8202440.283040727488697 ] ] ] } },
{ "type": "Feature", "properties": { "classe_codigo": 2, "classe": "esparso_estavel", "f_2020": 0.03125, "f_2025": 0.03125, "S1": -0.100238, "S2": -0.001995, "S3": -0.209697, "concordancia": 0, "fracao_industrial": 0.0, "anel": "periurbano_0_1km", "dist_borda_urbano_2025_m": 60.0, "unidade": "tete", "area_km2": 0.0576 }, "geometry": { "type": "Polygon", "coordinates": [ [ [ 568522.242421298637055, 8202440.283040727488697 ], [ 568522.242421298637055, 8202200.283040727488697 ], [ 568762.242421298637055, 8202200.283040727488697 ], [ 568762.242421298637055, 8202440.283040727488697 ], [ 568522.242421298637055, 8202440.283040727488697 ] ] ] } },
{ "type": "Feature", "properties": { "classe_codigo": 2, "classe": "esparso_estavel", "f_2020": 0.234375, "f_2025": 0.234375, "S1": -0.041344, "S2": -0.001995, "S3": -0.46163, "concordancia": 0, "fracao_industrial": 0.0, "anel": "intraurbano", "dist_borda_urbano_2025_m": 0.0, "unidade": "tete", "area_km2": 0.1728 }, "geometry": { "type": "Polygon", "coordinates": [ [ [ 563962.242421298637055, 8202440.283040727488697 ], [ 563962.242421298637055, 8202200.283040727488697 ], [ 563722.242421298637055, 8202200.283040727488697 ], [ 563722.242421298637055, 8201960.283040727488697 ], [ 564202.242421298637055, 8201960.283040727488697 ], [ 564202.242421298637055, 8202440.283040727488697 ], [ 563962.242421298637055, 8202440.283040727488697 ] ] ] } },
{ "type": "Feature", "properties": { "classe_codigo": 2, "classe": "esparso_estavel", "f_2020": 0.0625, "f_2025": 0.0625, "S1": -0.076443, "S2": -0.001995, "S3": -0.285544, "concordancia": 0, "fracao_industrial": 0.0, "anel": "periurbano_0_1km", "dist_borda_urbano_2025_m": 42.43, "unidade": "tete", "area_km2": 0.0576 }, "geometry": { "type": "Polygon", "coordinates": [ [ [ 564682.242421298637055, 8202200.283040727488697 ], [ 564682.242421298637055, 8201960.283040727488697 ], [ 564922.242421298637055, 8201960.283040727488697 ], [ 564922.242421298637055, 8202200.283040727488697 ], [ 564682.242421298637055, 8202200.283040727488697 ] ] ] } },
{ "type": "Feature", "properties": { "classe_codigo": 2, "classe": "esparso_estavel", "f_2020": 0.03125, "f_2025": 0.03125, "S1": -0.100238, "S2": -0.001995, "S3": 0.030456, "concordancia": 0, "fracao_industrial": 0.0, "anel": "periurbano_0_1km", "dist_borda_urbano_2025_m": 94.87, "unidade": "tete", "area_km2": 0.0576 }, "geometry": { "type": "Polygon", "coordinates": [ [ [ 568042.242421298637055, 8202200.283040727488697 ], [ 568042.242421298637055, 8201960.283040727488697 ], [ 568282.242421298637055, 8201960.283040727488697 ], [ 568282.242421298637055, 8202200.283040727488697 ], [ 568042.242421298637055, 8202200.283040727488697 ] ] ] } },
{ "type": "Feature", "properties": { "classe_codigo": 2, "classe": "esparso_estavel", "f_2020": 0.03125, "f_2025": 0.03125, "S1": -0.100238, "S2": -0.001995, "S3": -0.209697, "concordancia": 0, "fracao_industrial": 0.0, "anel": "periurbano_0_1km", "dist_borda_urbano_2025_m": 120.0, "unidade": "tete", "area_km2": 0.1152 }, "geometry": { "type": "Polygon", "coordinates": [ [ [ 567082.242421298637055, 8202200.283040727488697 ], [ 567082.242421298637055, 8201720.283040727488697 ], [ 567322.242421298637055, 8201720.283040727488697 ], [ 567322.242421298637055, 8202200.283040727488697 ], [ 567082.242421298637055, 8202200.283040727488697 ] ] ] } },
{ "type": "Feature", "properties": { "classe_codigo": 2, "classe": "esparso_estavel", "f_2020": 0.046875, "f_2025": 0.046875, "S1": -0.088638, "S2": -0.001995, "S3": 0.491678, "concordancia": 1, "fracao_industrial": 0.0, "anel": "periurbano_0_1km", "dist_borda_urbano_2025_m": 84.85, "unidade": "moatize_vila", "area_km2": 0.2304 }, "geometry": { "type": "Polygon", "coordinates": [ [ [ 574762.242421298637055, 8202200.283040727488697 ], [ 574762.242421298637055, 8201960.283040727488697 ], [ 575002.242421298637055, 8201960.283040727488697 ], [ 575002.242421298637055, 8201720.283040727488697 ], [ 575482.242421298637055, 8201720.283040727488697 ], [ 575482.242421298637055, 8201960.283040727488697 ], [ 575242.242421298637055, 8201960.283040727488697 ], [ 575242.242421298637055, 8202200.283040727488697 ], [ 574762.242421298637055, 8202200.283040727488697 ] ] ] } },
{ "type": "Feature", "properties": { "classe_codigo": 2, "classe": "esparso_estavel", "f_2020": 0.0625, "f_2025": 0.0625, "S1": -0.076443, "S2": -0.001995, "S3": -0.285544, "concordancia": 0, "fracao_industrial": 0.0, "anel": "periurbano_0_1km", "dist_borda_urbano_2025_m": 67.08, "unidade": "tete", "area_km2": 0.0576 }, "geometry": { "type": "Polygon", "coordinates": [ [ [ 566122.242421298637055, 8201960.283040727488697 ], [ 566122.242421298637055, 8201720.283040727488697 ], [ 566362.242421298637055, 8201720.283040727488697 ], [ 566362.242421298637055, 8201960.283040727488697 ], [ 566122.242421298637055, 8201960.283040727488697 ] ] ] } },
{ "type": "Feature", "properties": { "classe_codigo": 2, "classe": "esparso_estavel", "f_2020": 0.09375, "f_2025": 0.09375, "S1": -0.065437, "S2": -0.001995, "S3": -0.340274, "concordancia": 0, "fracao_industrial": 0.0, "anel": "intraurbano", "dist_borda_urbano_2025_m": 0.0, "unidade": "tete", "area_km2": 0.288 }, "geometry": { "type": "Polygon", "coordinates": [ [ [ 571642.242421298637055, 8202200.283040727488697 ], [ 571642.242421298637055, 8201720.283040727488697 ], [ 572122.242421298637055, 8201720.283040727488697 ], [ 572122.242421298637055, 8201480.283040727488697 ], [ 572362.242421298637055, 8201480.283040727488697 ], [ 572362.242421298637055, 8201960.283040727488697 ], [ 571882.242421298637055, 8201960.283040727488697 ], [ 571882.242421298637055, 8202200.283040727488697 ], [ 571642.242421298637055, 8202200.283040727488697 ] ] ] } },
{ "type": "Feature", "properties": { "classe_codigo": 4, "classe": "expansao_nova", "f_2020": 0.0, "f_2025": 0.0625, "S1": 0.156454, "S2": -0.001995, "S3": 0.261252, "concordancia": 1, "fracao_industrial": 0.0, "anel": "periurbano_1_3km", "dist_borda_urbano_2025_m": 108.17, "unidade": "tete", "area_km2": 0.1152 }, "geometry": { "type": "Polygon", "coordinates": [ [ [ 558202.242421298637055, 8201960.283040727488697 ], [ 558202.242421298637055, 8201480.283040727488697 ], [ 558442.242421298637055, 8201480.283040727488697 ], [ 558442.242421298637055, 8201960.283040727488697 ], [ 558202.242421298637055, 8201960.283040727488697 ] ] ] } },
{ "type": "Feature", "properties": { "classe_codigo": 2, "classe": "esparso_estavel", "f_2020": 0.046875, "f_2025": 0.046875, "S1": -0.088638, "S2": -0.001995, "S3": -0.255503, "concordancia": 0, "fracao_industrial": 0.0, "anel": "periurbano_0_1km", "dist_borda_urbano_2025_m": 108.17, "unidade": "tete", "area_km2": 0.0576 }, "geometry": { "type": "Polygon", "coordinates": [ [ [ 566602.242421298637055, 8201720.283040727488697 ], [ 566602.242421298637055, 8201480.283040727488697 ], [ 566842.242421298637055, 8201480.283040727488697 ], [ 566842.242421298637055, 8201720.283040727488697 ], [ 566602.242421298637055, 8201720.283040727488697 ] ] ] } },
{ "type": "Feature", "properties": { "classe_codigo": 2, "classe": "esparso_estavel", "f_2020": 0.046875, "f_2025": 0.046875, "S1": -0.088638, "S2": -0.001995, "S3": -0.255503, "concordancia": 0, "fracao_industrial": 0.0, "anel": "intraurbano", "dist_borda_urbano_2025_m": 0.0, "unidade": "moatize_vila", "area_km2": 0.0576 }, "geometry": { "type": "Polygon", "coordinates": [ [ [ 584842.242421298637055, 8201480.283040727488697 ], [ 584842.242421298637055, 8201240.283040727488697 ], [ 585082.242421298637055, 8201240.283040727488697 ], [ 585082.242421298637055, 8201480.283040727488697 ], [ 584842.242421298637055, 8201480.283040727488697 ] ] ] } },
{ "type": "Feature", "properties": { "classe_codigo": 2, "classe": "esparso_estavel", "f_2020": 0.03125, "f_2025": 0.03125, "S1": -0.100238, "S2": -0.001995, "S3": -0.209697, "concordancia": 0, "fracao_industrial": 0.0, "anel": "periurbano_0_1km", "dist_borda_urbano_2025_m": 42.43, "unidade": "tete", "area_km2": 0.0576 }, "geometry": { "type": "Polygon", "coordinates": [ [ [ 562042.242421298637055, 8201240.283040727488697 ], [ 562042.242421298637055, 8201000.283040727488697 ], [ 562282.242421298637055, 8201000.283040727488697 ], [ 562282.242421298637055, 8201240.283040727488697 ], [ 562042.242421298637055, 8201240.283040727488697 ] ] ] } },
{ "type": "Feature", "properties": { "classe_codigo": 4, "classe": "expansao_nova", "f_2020": 0.015625, "f_2025": 0.0625, "S1": 0.066032, "S2": -0.001995, "S3": -0.14307, "concordancia": 1, "fracao_industrial": 0.0, "anel": "periurbano_0_1km", "dist_borda_urbano_2025_m": 94.87, "unidade": "tete", "area_km2": 0.0576 }, "geometry": { "type": "Polygon", "coordinates": [ [ [ 562522.242421298637055, 8201240.283040727488697 ], [ 562522.242421298637055, 8201000.283040727488697 ], [ 562762.242421298637055, 8201000.283040727488697 ], [ 562762.242421298637055, 8201240.283040727488697 ], [ 562522.242421298637055, 8201240.283040727488697 ] ] ] } },
{ "type": "Feature", "properties": { "classe_codigo": 2, "classe": "esparso_estavel", "f_2020": 0.078125, "f_2025": 0.078125, "S1": -0.069601, "S2": -0.001995, "S3": -0.314396, "concordancia": 0, "fracao_industrial": 0.0, "anel": "periurbano_0_1km", "dist_borda_urbano_2025_m": 30.0, "unidade": "tete", "area_km2": 0.0576 }, "geometry": { "type": "Polygon", "coordinates": [ [ [ 555802.242421298637055, 8200760.283040727488697 ], [ 555802.242421298637055, 8200520.283040727488697 ], [ 556042.242421298637055, 8200520.283040727488697 ], [ 556042.242421298637055, 8200760.283040727488697 ], [ 555802.242421298637055, 8200760.283040727488697 ] ] ] } },
{ "type": "Feature", "properties": { "classe_codigo": 2, "classe": "esparso_estavel", "f_2020": 0.109375, "f_2025": 0.109375, "S1": -0.063355, "S2": -0.001995, "S3": -0.154258, "concordancia": 0, "fracao_industrial": 0.0, "anel": "periurbano_0_1km", "dist_borda_urbano_2025_m": 108.17, "unidade": "tete", "area_km2": 0.2304 }, "geometry": { "type": "Polygon", "coordinates": [ [ [ 558922.242421298637055, 8201000.283040727488697 ], [ 558922.242421298637055, 8200760.283040727488697 ], [ 558682.242421298637055, 8200760.283040727488697 ], [ 558682.242421298637055, 8200280.283040727488697 ], [ 558922.242421298637055, 8200280.283040727488697 ], [ 558922.242421298637055, 8200520.283040727488697 ], [ 559162.242421298637055, 8200520.283040727488697 ], [ 559162.242421298637055, 8201000.283040727488697 ], [ 558922.242421298637055, 8201000.283040727488697 ] ] ] } },
{ "type": "Feature", "properties": { "classe_codigo": 2, "classe": "esparso_estavel", "f_2020": 0.03125, "f_2025": 0.03125, "S1": -0.100238, "S2": -0.001995, "S3": -0.209697, "concordancia": 0, "fracao_industrial": 0.0, "anel": "periurbano_0_1km", "dist_borda_urbano_2025_m": 84.85, "unidade": "tete", "area_km2": 0.0576 }, "geometry": { "type": "Polygon", "coordinates": [ [ [ 564922.242421298637055, 8200040.283040727488697 ], [ 564922.242421298637055, 8199800.283040727488697 ], [ 565162.242421298637055, 8199800.283040727488697 ], [ 565162.242421298637055, 8200040.283040727488697 ], [ 564922.242421298637055, 8200040.283040727488697 ] ] ] } },
{ "type": "Feature", "properties": { "classe_codigo": 2, "classe": "esparso_estavel", "f_2020": 0.125, "f_2025": 0.125, "S1": -0.061273, "S2": -0.001995, "S3": 0.261648, "concordancia": 0, "fracao_industrial": 0.0, "anel": "periurbano_0_1km", "dist_borda_urbano_2025_m": 94.87, "unidade": "moatize_vila", "area_km2": 0.288 }, "geometry": { "type": "Polygon", "coordinates": [ [ [ 575962.242421298637055, 8200040.283040727488697 ], [ 575962.242421298637055, 8199560.283040727488697 ], [ 576442.242421298637055, 8199560.283040727488697 ], [ 576442.242421298637055, 8199800.283040727488697 ], [ 576682.242421298637055, 8199800.283040727488697 ], [ 576682.242421298637055, 8200040.283040727488697 ], [ 575962.242421298637055, 8200040.283040727488697 ] ] ] } },
{ "type": "Feature", "properties": { "classe_codigo": 2, "classe": "esparso_estavel", "f_2020": 0.203125, "f_2025": 0.203125, "S1": -0.045509, "S2": -0.001995, "S3": 0.276228, "concordancia": 0, "fracao_industrial": 0.0, "anel": "periurbano_0_1km", "dist_borda_urbano_2025_m": 42.43, "unidade": "tete", "area_km2": 0.0576 }, "geometry": { "type": "Polygon", "coordinates": [ [ [ 557962.242421298637055, 8199800.283040727488697 ], [ 557962.242421298637055, 8199560.283040727488697 ], [ 558202.242421298637055, 8199560.283040727488697 ], [ 558202.242421298637055, 8199800.283040727488697 ], [ 557962.242421298637055, 8199800.283040727488697 ] ] ] } },
{ "type": "Feature", "properties": { "classe_codigo": 2, "classe": "esparso_estavel", "f_2020": 0.109375, "f_2025": 0.109375, "S1": -0.063355, "S2": -0.001995, "S3": 0.251607, "concordancia": 0, "fracao_industrial": 0.0, "anel": "periurbano_0_1km", "dist_borda_urbano_2025_m": 60.0, "unidade": "tete", "area_km2": 0.0576 }, "geometry": { "type": "Polygon", "coordinates": [ [ [ 557722.242421298637055, 8199320.283040727488697 ], [ 557722.242421298637055, 8199080.283040727488697 ], [ 557962.242421298637055, 8199080.283040727488697 ], [ 557962.242421298637055, 8199320.283040727488697 ], [ 557722.242421298637055, 8199320.283040727488697 ] ] ] } },
{ "type": "Feature", "properties": { "classe_codigo": 2, "classe": "esparso_estavel", "f_2020": 0.03125, "f_2025": 0.03125, "S1": -0.100238, "S2": -0.000201, "S3": 0.28102, "concordancia": 0, "fracao_industrial": 0.0, "anel": "periurbano_0_1km", "dist_borda_urbano_2025_m": 94.87, "unidade": "tete", "area_km2": 0.1152 }, "geometry": { "type": "Polygon", "coordinates": [ [ [ 553642.242421298637055, 8198360.283040727488697 ], [ 553642.242421298637055, 8198120.283040727488697 ], [ 554122.242421298637055, 8198120.283040727488697 ], [ 554122.242421298637055, 8198360.283040727488697 ], [ 553642.242421298637055, 8198360.283040727488697 ] ] ] } },
{ "type": "Feature", "properties": { "classe_codigo": 2, "classe": "esparso_estavel", "f_2020": 0.03125, "f_2025": 0.03125, "S1": -0.100238, "S2": -0.001995, "S3": -0.209697, "concordancia": 0, "fracao_industrial": 0.0, "anel": "periurbano_0_1km", "dist_borda_urbano_2025_m": 84.85, "unidade": "tete", "area_km2": 0.0576 }, "geometry": { "type": "Polygon", "coordinates": [ [ [ 568522.242421298637055, 8198360.283040727488697 ], [ 568522.242421298637055, 8198120.283040727488697 ], [ 568762.242421298637055, 8198120.283040727488697 ], [ 568762.242421298637055, 8198360.283040727488697 ], [ 568522.242421298637055, 8198360.283040727488697 ] ] ] } },
{ "type": "Feature", "properties": { "classe_codigo": 2, "classe": "esparso_estavel", "f_2020": 0.140625, "f_2025": 0.140625, "S1": -0.056514, "S2": -0.001995, "S3": -0.390244, "concordancia": 0, "fracao_industrial": 0.0, "anel": "intraurbano", "dist_borda_urbano_2025_m": 0.0, "unidade": "tete", "area_km2": 0.0576 }, "geometry": { "type": "Polygon", "coordinates": [ [ [ 557482.242421298637055, 8197880.283040727488697 ], [ 557482.242421298637055, 8197640.283040727488697 ], [ 557722.242421298637055, 8197640.283040727488697 ], [ 557722.242421298637055, 8197880.283040727488697 ], [ 557482.242421298637055, 8197880.283040727488697 ] ] ] } },
{ "type": "Feature", "properties": { "classe_codigo": 3, "classe": "adensando", "f_2020": 0.078125, "f_2025": 0.078125, "S1": -0.069601, "S2": 0.007974, "S3": 0.478247, "concordancia": 2, "fracao_industrial": 0.0, "anel": "periurbano_0_1km", "dist_borda_urbano_2025_m": 67.08, "unidade": "tete", "area_km2": 0.1152 }, "geometry": { "type": "Polygon", "coordinates": [ [ [ 555802.242421298637055, 8197640.283040727488697 ], [ 555802.242421298637055, 8197400.283040727488697 ], [ 556282.242421298637055, 8197400.283040727488697 ], [ 556282.242421298637055, 8197640.283040727488697 ], [ 555802.242421298637055, 8197640.283040727488697 ] ] ] } },
{ "type": "Feature", "properties": { "classe_codigo": 2, "classe": "esparso_estavel", "f_2020": 0.0625, "f_2025": 0.0625, "S1": -0.076443, "S2": -0.001995, "S3": -0.285544, "concordancia": 0, "fracao_industrial": 0.0, "anel": "periurbano_0_1km", "dist_borda_urbano_2025_m": 120.0, "unidade": "moatize_vila", "area_km2": 0.1152 }, "geometry": { "type": "Polygon", "coordinates": [ [ [ 578842.242421298637055, 8197640.283040727488697 ], [ 578842.242421298637055, 8197400.283040727488697 ], [ 579322.242421298637055, 8197400.283040727488697 ], [ 579322.242421298637055, 8197640.283040727488697 ], [ 578842.242421298637055, 8197640.283040727488697 ] ] ] } },
{ "type": "Feature", "properties": { "classe_codigo": 4, "classe": "expansao_nova", "f_2020": 0.0, "f_2025": 0.0625, "S1": 0.156454, "S2": 0.09202, "S3": 0.481797, "concordancia": 3, "fracao_industrial": 0.0, "anel": "periurbano_1_3km", "dist_borda_urbano_2025_m": 67.08, "unidade": "tete", "area_km2": 0.1152 }, "geometry": { "type": "Polygon", "coordinates": [ [ [ 554362.242421298637055, 8196920.283040727488697 ], [ 554362.242421298637055, 8196680.283040727488697 ], [ 554842.242421298637055, 8196680.283040727488697 ], [ 554842.242421298637055, 8196920.283040727488697 ], [ 554362.242421298637055, 8196920.283040727488697 ] ] ] } },
{ "type": "Feature", "properties": { "classe_codigo": 2, "classe": "esparso_estavel", "f_2020": 0.03125, "f_2025": 0.03125, "S1": -0.100238, "S2": -0.091073, "S3": 0.484733, "concordancia": 1, "fracao_industrial": 0.0, "anel": "periurbano_0_1km", "dist_borda_urbano_2025_m": 123.69, "unidade": "tete", "area_km2": 0.0576 }, "geometry": { "type": "Polygon", "coordinates": [ [ [ 562762.242421298637055, 8196920.283040727488697 ], [ 562762.242421298637055, 8196680.283040727488697 ], [ 563002.242421298637055, 8196680.283040727488697 ], [ 563002.242421298637055, 8196920.283040727488697 ], [ 562762.242421298637055, 8196920.283040727488697 ] ] ] } },
{ "type": "Feature", "properties": { "classe_codigo": 2, "classe": "esparso_estavel", "f_2020": 0.25, "f_2025": 0.25, "S1": -0.041642, "S2": -0.001995, "S3": 0.192569, "concordancia": 0, "fracao_industrial": 0.0, "anel": "periurbano_0_1km", "dist_borda_urbano_2025_m": 30.0, "unidade": "moatize_vila", "area_km2": 0.0576 }, "geometry": { "type": "Polygon", "coordinates": [ [ [ 579322.242421298637055, 8196200.283040727488697 ], [ 579322.242421298637055, 8195960.283040727488697 ], [ 579562.242421298637055, 8195960.283040727488697 ], [ 579562.242421298637055, 8196200.283040727488697 ], [ 579322.242421298637055, 8196200.283040727488697 ] ] ] } },
{ "type": "Feature", "properties": { "classe_codigo": 2, "classe": "esparso_estavel", "f_2020": 0.03125, "f_2025": 0.03125, "S1": -0.100238, "S2": -0.001995, "S3": -0.209697, "concordancia": 0, "fracao_industrial": 0.0, "anel": "periurbano_0_1km", "dist_borda_urbano_2025_m": 94.87, "unidade": "tete", "area_km2": 0.0576 }, "geometry": { "type": "Polygon", "coordinates": [ [ [ 559162.242421298637055, 8195960.283040727488697 ], [ 559162.242421298637055, 8195720.283040727488697 ], [ 559402.242421298637055, 8195720.283040727488697 ], [ 559402.242421298637055, 8195960.283040727488697 ], [ 559162.242421298637055, 8195960.283040727488697 ] ] ] } },
{ "type": "Feature", "properties": { "classe_codigo": 2, "classe": "esparso_estavel", "f_2020": 0.046875, "f_2025": 0.046875, "S1": -0.088638, "S2": -0.001995, "S3": -0.255503, "concordancia": 0, "fracao_industrial": 0.0, "anel": "periurbano_0_1km", "dist_borda_urbano_2025_m": 67.08, "unidade": "tete", "area_km2": 0.0576 }, "geometry": { "type": "Polygon", "coordinates": [ [ [ 574282.242421298637055, 8193320.283040727488697 ], [ 574282.242421298637055, 8193080.283040727488697 ], [ 574522.242421298637055, 8193080.283040727488697 ], [ 574522.242421298637055, 8193320.283040727488697 ], [ 574282.242421298637055, 8193320.283040727488697 ] ] ] } }
]
}
