{
"type": "FeatureCollection",
"name": "agua_2010",
"crs": { "type": "name", "properties": { "name": "urn:ogc:def:crs:EPSG::32736" } },
"features": [
{ "type": "Feature", "properties": { "ano": 2010, "camada": "agua", "area_km2": 0.0009 }, "geometry": { "type": "Polygon", "coordinates": [ [ [ 576562.242421298637055, 8223830.283040727488697 ], [ 576562.242421298637055, 8223800.283040727488697 ], [ 576592.242421298637055, 8223800.283040727488697 ], [ 576592.242421298637055, 8223830.283040727488697 ], [ 576562.242421298637055, 8223830.283040727488697 ] ] ] } },
{ "type": "Feature", "properties": { "ano": 2010, "camada": "agua", "area_km2": 0.0018 }, "geometry": { "type": "Polygon", "coordinates": [ [ [ 576352.242421298637055, 8222930.283040727488697 ], [ 576352.242421298637055, 8222900.283040727488697 ], [ 576412.242421298637055, 8222900.283040727488697 ], [ 576412.242421298637055, 8222930.283040727488697 ], [ 576352.242421298637055, 8222930.283040727488697 ] ] ] } },
{ "type": "Feature", "properties": { "ano": 2010, "camada": "agua", "area_km2": 0.0009 }, "geometry": { "type": "Polygon", "coordinates": [ [ [ 576382.242421298637055, 8222810.283040727488697 ], [ 576382.242421298637055, 8222780.283040727488697 ], [ 576412.242421298637055, 8222780.283040727488697 ], [ 576412.242421298637055, 8222810.283040727488697 ], [ 576382.242421298637055, 8222810.283040727488697 ] ] ] } },
{ "type": "Feature", "properties": { "ano": 2010, "camada": "agua", "area_km2": 0.0009 }, "geometry": { "type": "Polygon", "coordinates": [ [ [ 576292.242421298637055, 8222630.283040727488697 ], [ 576292.242421298637055, 8222600.283040727488697 ], [ 576322.242421298637055, 8222600.283040727488697 ], [ 576322.242421298637055, 8222630.283040727488697 ], [ 576292.242421298637055, 8222630.283040727488697 ] ] ] } },
{ "type": "Feature", "properties": { "ano": 2010, "camada": "agua", "area_km2": 0.0009 }, "geometry": { "type": "Polygon", "coordinates": [ [ [ 576022.242421298637055, 8222060.283040727488697 ], [ 576022.242421298637055, 8222030.283040727488697 ], [ 576052.242421298637055, 8222030.283040727488697 ], [ 576052.242421298637055, 8222060.283040727488697 ], [ 576022.242421298637055, 8222060.283040727488697 ] ] ] } },
{ "type": "Feature", "properties": { "ano": 2010, "camada": "agua", "area_km2": 0.0009 }, "geometry": { "type": "Polygon", "coordinates": [ [ [ 576022.242421298637055, 8222000.283040727488697 ], [ 576022.242421298637055, 8221970.283040727488697 ], [ 576052.242421298637055, 8221970.283040727488697 ], [ 576052.242421298637055, 8222000.283040727488697 ], [ 576022.242421298637055, 8222000.283040727488697 ] ] ] } },
{ "type": "Feature", "properties": { "ano": 2010, "camada": "agua", "area_km2": 0.0009 }, "geometry": { "type": "Polygon", "coordinates": [ [ [ 575992.242421298637055, 8221880.283040727488697 ], [ 575992.242421298637055, 8221850.283040727488697 ], [ 576022.242421298637055, 8221850.283040727488697 ], [ 576022.242421298637055, 8221880.283040727488697 ], [ 575992.242421298637055, 8221880.283040727488697 ] ] ] } },
{ "type": "Feature", "properties": { "ano": 2010, "camada": "agua", "area_km2": 0.0009 }, "geometry": { "type": "Polygon", "coordinates": [ [ [ 576022.242421298637055, 8221850.283040727488697 ], [ 576022.242421298637055, 8221820.283040727488697 ], [ 576052.242421298637055, 8221820.283040727488697 ], [ 576052.242421298637055, 8221850.283040727488697 ], [ 576022.242421298637055, 8221850.283040727488697 ] ] ] } },
{ "type": "Feature", "properties": { "ano": 2010, "camada": "agua", "area_km2": 0.0027 }, "geometry": { "type": "Polygon", "coordinates": [ [ [ 575812.242421298637055, 8221250.283040727488697 ], [ 575812.242421298637055, 8221190.283040727488697 ], [ 575842.242421298637055, 8221190.283040727488697 ], [ 575842.242421298637055, 8221220.283040727488697 ], [ 575872.242421298637055, 8221220.283040727488697 ], [ 575872.242421298637055, 8221250.283040727488697 ], [ 575812.242421298637055, 8221250.283040727488697 ] ] ] } },
{ "type": "Feature", "properties": { "ano": 2010, "camada": "agua", "area_km2": 0.0009 }, "geometry": { "type": "Polygon", "coordinates": [ [ [ 575752.242421298637055, 8221100.283040727488697 ], [ 575752.242421298637055, 8221070.283040727488697 ], [ 575782.242421298637055, 8221070.283040727488697 ], [ 575782.242421298637055, 8221100.283040727488697 ], [ 575752.242421298637055, 8221100.283040727488697 ] ] ] } },
{ "type": "Feature", "properties": { "ano": 2010, "camada": "agua", "area_km2": 0.0009 }, "geometry": { "type": "Polygon", "coordinates": [ [ [ 575632.242421298637055, 8220980.283040727488697 ], [ 575632.242421298637055, 8220950.283040727488697 ], [ 575662.242421298637055, 8220950.283040727488697 ], [ 575662.242421298637055, 8220980.283040727488697 ], [ 575632.242421298637055, 8220980.283040727488697 ] ] ] } },
{ "type": "Feature", "properties": { "ano": 2010, "camada": "agua", "area_km2": 0.0009 }, "geometry": { "type": "Polygon", "coordinates": [ [ [ 575512.242421298637055, 8220920.283040727488697 ], [ 575512.242421298637055, 8220890.283040727488697 ], [ 575542.242421298637055, 8220890.283040727488697 ], [ 575542.242421298637055, 8220920.283040727488697 ], [ 575512.242421298637055, 8220920.283040727488697 ] ] ] } },
{ "type": "Feature", "properties": { "ano": 2010, "camada": "agua", "area_km2": 0.0009 }, "geometry": { "type": "Polygon", "coordinates": [ [ [ 575482.242421298637055, 8220830.283040727488697 ], [ 575482.242421298637055, 8220800.283040727488697 ], [ 575512.242421298637055, 8220800.283040727488697 ], [ 575512.242421298637055, 8220830.283040727488697 ], [ 575482.242421298637055, 8220830.283040727488697 ] ] ] } },
{ "type": "Feature", "properties": { "ano": 2010, "camada": "agua", "area_km2": 0.0036 }, "geometry": { "type": "Polygon", "coordinates": [ [ [ 575392.242421298637055, 8220830.283040727488697 ], [ 575392.242421298637055, 8220800.283040727488697 ], [ 575422.242421298637055, 8220800.283040727488697 ], [ 575422.242421298637055, 8220770.283040727488697 ], [ 575482.242421298637055, 8220770.283040727488697 ], [ 575482.242421298637055, 8220800.283040727488697 ], [ 575452.242421298637055, 8220800.283040727488697 ], [ 575452.242421298637055, 8220830.283040727488697 ], [ 575392.242421298637055, 8220830.283040727488697 ] ] ] } },
{ "type": "Feature", "properties": { "ano": 2010, "camada": "agua", "area_km2": 0.0009 }, "geometry": { "type": "Polygon", "coordinates": [ [ [ 575362.242421298637055, 8220800.283040727488697 ], [ 575362.242421298637055, 8220770.283040727488697 ], [ 575392.242421298637055, 8220770.283040727488697 ], [ 575392.242421298637055, 8220800.283040727488697 ], [ 575362.242421298637055, 8220800.283040727488697 ] ] ] } },
{ "type": "Feature", "properties": { "ano": 2010, "camada": "agua", "area_km2": 0.0009 }, "geometry": { "type": "Polygon", "coordinates": [ [ [ 575512.242421298637055, 8220800.283040727488697 ], [ 575512.242421298637055, 8220770.283040727488697 ], [ 575542.242421298637055, 8220770.283040727488697 ], [ 575542.242421298637055, 8220800.283040727488697 ], [ 575512.242421298637055, 8220800.283040727488697 ] ] ] } },
{ "type": "Feature", "properties": { "ano": 2010, "camada": "agua", "area_km2": 0.0009 }, "geometry": { "type": "Polygon", "coordinates": [ [ [ 575422.242421298637055, 8220740.283040727488697 ], [ 575422.242421298637055, 8220710.283040727488697 ], [ 575452.242421298637055, 8220710.283040727488697 ], [ 575452.242421298637055, 8220740.283040727488697 ], [ 575422.242421298637055, 8220740.283040727488697 ] ] ] } },
{ "type": "Feature", "properties": { "ano": 2010, "camada": "agua", "area_km2": 0.0009 }, "geometry": { "type": "Polygon", "coordinates": [ [ [ 573892.242421298637055, 8220680.283040727488697 ], [ 573892.242421298637055, 8220650.283040727488697 ], [ 573922.242421298637055, 8220650.283040727488697 ], [ 573922.242421298637055, 8220680.283040727488697 ], [ 573892.242421298637055, 8220680.283040727488697 ] ] ] } },
{ "type": "Feature", "properties": { "ano": 2010, "camada": "agua", "area_km2": 0.0009 }, "geometry": { "type": "Polygon", "coordinates": [ [ [ 575272.242421298637055, 8220680.283040727488697 ], [ 575272.242421298637055, 8220650.283040727488697 ], [ 575302.242421298637055, 8220650.283040727488697 ], [ 575302.242421298637055, 8220680.283040727488697 ], [ 575272.242421298637055, 8220680.283040727488697 ] ] ] } },
{ "type": "Feature", "properties": { "ano": 2010, "camada": "agua", "area_km2": 0.0009 }, "geometry": { "type": "Polygon", "coordinates": [ [ [ 573412.242421298637055, 8220650.283040727488697 ], [ 573412.242421298637055, 8220620.283040727488697 ], [ 573442.242421298637055, 8220620.283040727488697 ], [ 573442.242421298637055, 8220650.283040727488697 ], [ 573412.242421298637055, 8220650.283040727488697 ] ] ] } },
{ "type": "Feature", "properties": { "ano": 2010, "camada": "agua", "area_km2": 0.0027 }, "geometry": { "type": "Polygon", "coordinates": [ [ [ 573502.242421298637055, 8220650.283040727488697 ], [ 573502.242421298637055, 8220620.283040727488697 ], [ 573592.242421298637055, 8220620.283040727488697 ], [ 573592.242421298637055, 8220650.283040727488697 ], [ 573502.242421298637055, 8220650.283040727488697 ] ] ] } },
{ "type": "Feature", "properties": { "ano": 2010, "camada": "agua", "area_km2": 0.0009 }, "geometry": { "type": "Polygon", "coordinates": [ [ [ 573622.242421298637055, 8220650.283040727488697 ], [ 573622.242421298637055, 8220620.283040727488697 ], [ 573652.242421298637055, 8220620.283040727488697 ], [ 573652.242421298637055, 8220650.283040727488697 ], [ 573622.242421298637055, 8220650.283040727488697 ] ] ] } },
{ "type": "Feature", "properties": { "ano": 2010, "camada": "agua", "area_km2": 0.0009 }, "geometry": { "type": "Polygon", "coordinates": [ [ [ 573352.242421298637055, 8220620.283040727488697 ], [ 573352.242421298637055, 8220590.283040727488697 ], [ 573382.242421298637055, 8220590.283040727488697 ], [ 573382.242421298637055, 8220620.283040727488697 ], [ 573352.242421298637055, 8220620.283040727488697 ] ] ] } },
{ "type": "Feature", "properties": { "ano": 2010, "camada": "agua", "area_km2": 0.0009 }, "geometry": { "type": "Polygon", "coordinates": [ [ [ 573442.242421298637055, 8220620.283040727488697 ], [ 573442.242421298637055, 8220590.283040727488697 ], [ 573472.242421298637055, 8220590.283040727488697 ], [ 573472.242421298637055, 8220620.283040727488697 ], [ 573442.242421298637055, 8220620.283040727488697 ] ] ] } },
{ "type": "Feature", "properties": { "ano": 2010, "camada": "agua", "area_km2": 0.0018 }, "geometry": { "type": "Polygon", "coordinates": [ [ [ 573382.242421298637055, 8220590.283040727488697 ], [ 573382.242421298637055, 8220560.283040727488697 ], [ 573442.242421298637055, 8220560.283040727488697 ], [ 573442.242421298637055, 8220590.283040727488697 ], [ 573382.242421298637055, 8220590.283040727488697 ] ] ] } },
{ "type": "Feature", "properties": { "ano": 2010, "camada": "agua", "area_km2": 0.0018 }, "geometry": { "type": "Polygon", "coordinates": [ [ [ 575122.242421298637055, 8220590.283040727488697 ], [ 575122.242421298637055, 8220560.283040727488697 ], [ 575182.242421298637055, 8220560.283040727488697 ], [ 575182.242421298637055, 8220590.283040727488697 ], [ 575122.242421298637055, 8220590.283040727488697 ] ] ] } },
{ "type": "Feature", "properties": { "ano": 2010, "camada": "agua", "area_km2": 0.0009 }, "geometry": { "type": "Polygon", "coordinates": [ [ [ 573262.242421298637055, 8220560.283040727488697 ], [ 573262.242421298637055, 8220530.283040727488697 ], [ 573292.242421298637055, 8220530.283040727488697 ], [ 573292.242421298637055, 8220560.283040727488697 ], [ 573262.242421298637055, 8220560.283040727488697 ] ] ] } },
{ "type": "Feature", "properties": { "ano": 2010, "camada": "agua", "area_km2": 0.0009 }, "geometry": { "type": "Polygon", "coordinates": [ [ [ 574882.242421298637055, 8220500.283040727488697 ], [ 574882.242421298637055, 8220470.283040727488697 ], [ 574912.242421298637055, 8220470.283040727488697 ], [ 574912.242421298637055, 8220500.283040727488697 ], [ 574882.242421298637055, 8220500.283040727488697 ] ] ] } },
{ "type": "Feature", "properties": { "ano": 2010, "camada": "agua", "area_km2": 0.0009 }, "geometry": { "type": "Polygon", "coordinates": [ [ [ 573082.242421298637055, 8220470.283040727488697 ], [ 573082.242421298637055, 8220440.283040727488697 ], [ 573112.242421298637055, 8220440.283040727488697 ], [ 573112.242421298637055, 8220470.283040727488697 ], [ 573082.242421298637055, 8220470.283040727488697 ] ] ] } },
{ "type": "Feature", "properties": { "ano": 2010, "camada": "agua", "area_km2": 0.0009 }, "geometry": { "type": "Polygon", "coordinates": [ [ [ 574702.242421298637055, 8220470.283040727488697 ], [ 574702.242421298637055, 8220440.283040727488697 ], [ 574732.242421298637055, 8220440.283040727488697 ], [ 574732.242421298637055, 8220470.283040727488697 ], [ 574702.242421298637055, 8220470.283040727488697 ] ] ] } },
{ "type": "Feature", "properties": { "ano": 2010, "camada": "agua", "area_km2": 0.0009 }, "geometry": { "type": "Polygon", "coordinates": [ [ [ 574822.242421298637055, 8220470.283040727488697 ], [ 574822.242421298637055, 8220440.283040727488697 ], [ 574852.242421298637055, 8220440.283040727488697 ], [ 574852.242421298637055, 8220470.283040727488697 ], [ 574822.242421298637055, 8220470.283040727488697 ] ] ] } },
{ "type": "Feature", "properties": { "ano": 2010, "camada": "agua", "area_km2": 0.0009 }, "geometry": { "type": "Polygon", "coordinates": [ [ [ 574972.242421298637055, 8220470.283040727488697 ], [ 574972.242421298637055, 8220440.283040727488697 ], [ 575002.242421298637055, 8220440.283040727488697 ], [ 575002.242421298637055, 8220470.283040727488697 ], [ 574972.242421298637055, 8220470.283040727488697 ] ] ] } },
{ "type": "Feature", "properties": { "ano": 2010, "camada": "agua", "area_km2": 0.0009 }, "geometry": { "type": "Polygon", "coordinates": [ [ [ 573142.242421298637055, 8220440.283040727488697 ], [ 573142.242421298637055, 8220410.283040727488697 ], [ 573172.242421298637055, 8220410.283040727488697 ], [ 573172.242421298637055, 8220440.283040727488697 ], [ 573142.242421298637055, 8220440.283040727488697 ] ] ] } },
{ "type": "Feature", "properties": { "ano": 2010, "camada": "agua", "area_km2": 0.0009 }, "geometry": { "type": "Polygon", "coordinates": [ [ [ 574672.242421298637055, 8220440.283040727488697 ], [ 574672.242421298637055, 8220410.283040727488697 ], [ 574702.242421298637055, 8220410.283040727488697 ], [ 574702.242421298637055, 8220440.283040727488697 ], [ 574672.242421298637055, 8220440.283040727488697 ] ] ] } },
{ "type": "Feature", "properties": { "ano": 2010, "camada": "agua", "area_km2": 0.0009 }, "geometry": { "type": "Polygon", "coordinates": [ [ [ 573052.242421298637055, 8220410.283040727488697 ], [ 573052.242421298637055, 8220380.283040727488697 ], [ 573082.242421298637055, 8220380.283040727488697 ], [ 573082.242421298637055, 8220410.283040727488697 ], [ 573052.242421298637055, 8220410.283040727488697 ] ] ] } },
{ "type": "Feature", "properties": { "ano": 2010, "camada": "agua", "area_km2": 0.0009 }, "geometry": { "type": "Polygon", "coordinates": [ [ [ 573112.242421298637055, 8220410.283040727488697 ], [ 573112.242421298637055, 8220380.283040727488697 ], [ 573142.242421298637055, 8220380.283040727488697 ], [ 573142.242421298637055, 8220410.283040727488697 ], [ 573112.242421298637055, 8220410.283040727488697 ] ] ] } },
{ "type": "Feature", "properties": { "ano": 2010, "camada": "agua", "area_km2": 0.0009 }, "geometry": { "type": "Polygon", "coordinates": [ [ [ 553402.242421298637055, 8220380.283040727488697 ], [ 553402.242421298637055, 8220350.283040727488697 ], [ 553432.242421298637055, 8220350.283040727488697 ], [ 553432.242421298637055, 8220380.283040727488697 ], [ 553402.242421298637055, 8220380.283040727488697 ] ] ] } },
{ "type": "Feature", "properties": { "ano": 2010, "camada": "agua", "area_km2": 0.0009 }, "geometry": { "type": "Polygon", "coordinates": [ [ [ 573082.242421298637055, 8220380.283040727488697 ], [ 573082.242421298637055, 8220350.283040727488697 ], [ 573112.242421298637055, 8220350.283040727488697 ], [ 573112.242421298637055, 8220380.283040727488697 ], [ 573082.242421298637055, 8220380.283040727488697 ] ] ] } },
{ "type": "Feature", "properties": { "ano": 2010, "camada": "agua", "area_km2": 0.0009 }, "geometry": { "type": "Polygon", "coordinates": [ [ [ 573052.242421298637055, 8220350.283040727488697 ], [ 573052.242421298637055, 8220320.283040727488697 ], [ 573082.242421298637055, 8220320.283040727488697 ], [ 573082.242421298637055, 8220350.283040727488697 ], [ 573052.242421298637055, 8220350.283040727488697 ] ] ] } },
{ "type": "Feature", "properties": { "ano": 2010, "camada": "agua", "area_km2": 0.0009 }, "geometry": { "type": "Polygon", "coordinates": [ [ [ 553432.242421298637055, 8220320.283040727488697 ], [ 553432.242421298637055, 8220290.283040727488697 ], [ 553462.242421298637055, 8220290.283040727488697 ], [ 553462.242421298637055, 8220320.283040727488697 ], [ 553432.242421298637055, 8220320.283040727488697 ] ] ] } },
{ "type": "Feature", "properties": { "ano": 2010, "camada": "agua", "area_km2": 0.0009 }, "geometry": { "type": "Polygon", "coordinates": [ [ [ 573022.242421298637055, 8220320.283040727488697 ], [ 573022.242421298637055, 8220290.283040727488697 ], [ 573052.242421298637055, 8220290.283040727488697 ], [ 573052.242421298637055, 8220320.283040727488697 ], [ 573022.242421298637055, 8220320.283040727488697 ] ] ] } },
{ "type": "Feature", "properties": { "ano": 2010, "camada": "agua", "area_km2": 0.0018 }, "geometry": { "type": "Polygon", "coordinates": [ [ [ 572992.242421298637055, 8220290.283040727488697 ], [ 572992.242421298637055, 8220230.283040727488697 ], [ 573022.242421298637055, 8220230.283040727488697 ], [ 573022.242421298637055, 8220290.283040727488697 ], [ 572992.242421298637055, 8220290.283040727488697 ] ] ] } },
{ "type": "Feature", "properties": { "ano": 2010, "camada": "agua", "area_km2": 0.0009 }, "geometry": { "type": "Polygon", "coordinates": [ [ [ 553462.242421298637055, 8220260.283040727488697 ], [ 553462.242421298637055, 8220230.283040727488697 ], [ 553492.242421298637055, 8220230.283040727488697 ], [ 553492.242421298637055, 8220260.283040727488697 ], [ 553462.242421298637055, 8220260.283040727488697 ] ] ] } },
{ "type": "Feature", "properties": { "ano": 2010, "camada": "agua", "area_km2": 0.0009 }, "geometry": { "type": "Polygon", "coordinates": [ [ [ 553642.242421298637055, 8220080.283040727488697 ], [ 553642.242421298637055, 8220050.283040727488697 ], [ 553672.242421298637055, 8220050.283040727488697 ], [ 553672.242421298637055, 8220080.283040727488697 ], [ 553642.242421298637055, 8220080.283040727488697 ] ] ] } },
{ "type": "Feature", "properties": { "ano": 2010, "camada": "agua", "area_km2": 0.0009 }, "geometry": { "type": "Polygon", "coordinates": [ [ [ 553672.242421298637055, 8220050.283040727488697 ], [ 553672.242421298637055, 8220020.283040727488697 ], [ 553702.242421298637055, 8220020.283040727488697 ], [ 553702.242421298637055, 8220050.283040727488697 ], [ 553672.242421298637055, 8220050.283040727488697 ] ] ] } },
{ "type": "Feature", "properties": { "ano": 2010, "camada": "agua", "area_km2": 0.0009 }, "geometry": { "type": "Polygon", "coordinates": [ [ [ 572992.242421298637055, 8220050.283040727488697 ], [ 572992.242421298637055, 8220020.283040727488697 ], [ 573022.242421298637055, 8220020.283040727488697 ], [ 573022.242421298637055, 8220050.283040727488697 ], [ 572992.242421298637055, 8220050.283040727488697 ] ] ] } },
{ "type": "Feature", "properties": { "ano": 2010, "camada": "agua", "area_km2": 0.0009 }, "geometry": { "type": "Polygon", "coordinates": [ [ [ 553702.242421298637055, 8220020.283040727488697 ], [ 553702.242421298637055, 8219990.283040727488697 ], [ 553732.242421298637055, 8219990.283040727488697 ], [ 553732.242421298637055, 8220020.283040727488697 ], [ 553702.242421298637055, 8220020.283040727488697 ] ] ] } },
{ "type": "Feature", "properties": { "ano": 2010, "camada": "agua", "area_km2": 0.0009 }, "geometry": { "type": "Polygon", "coordinates": [ [ [ 553732.242421298637055, 8219960.283040727488697 ], [ 553732.242421298637055, 8219930.283040727488697 ], [ 553762.242421298637055, 8219930.283040727488697 ], [ 553762.242421298637055, 8219960.283040727488697 ], [ 553732.242421298637055, 8219960.283040727488697 ] ] ] } },
{ "type": "Feature", "properties": { "ano": 2010, "camada": "agua", "area_km2": 0.0009 }, "geometry": { "type": "Polygon", "coordinates": [ [ [ 553762.242421298637055, 8219930.283040727488697 ], [ 553762.242421298637055, 8219900.283040727488697 ], [ 553792.242421298637055, 8219900.283040727488697 ], [ 553792.242421298637055, 8219930.283040727488697 ], [ 553762.242421298637055, 8219930.283040727488697 ] ] ] } },
{ "type": "Feature", "properties": { "ano": 2010, "camada": "agua", "area_km2": 0.0036 }, "geometry": { "type": "Polygon", "coordinates": [ [ [ 572992.242421298637055, 8219960.283040727488697 ], [ 572992.242421298637055, 8219840.283040727488697 ], [ 573022.242421298637055, 8219840.283040727488697 ], [ 573022.242421298637055, 8219960.283040727488697 ], [ 572992.242421298637055, 8219960.283040727488697 ] ] ] } },
{ "type": "Feature", "properties": { "ano": 2010, "camada": "agua", "area_km2": 0.0009 }, "geometry": { "type": "Polygon", "coordinates": [ [ [ 572962.242421298637055, 8219840.283040727488697 ], [ 572962.242421298637055, 8219810.283040727488697 ], [ 572992.242421298637055, 8219810.283040727488697 ], [ 572992.242421298637055, 8219840.283040727488697 ], [ 572962.242421298637055, 8219840.283040727488697 ] ] ] } },
{ "type": "Feature", "properties": { "ano": 2010, "camada": "agua", "area_km2": 0.0009 }, "geometry": { "type": "Polygon", "coordinates": [ [ [ 553822.242421298637055, 8219810.283040727488697 ], [ 553822.242421298637055, 8219780.283040727488697 ], [ 553852.242421298637055, 8219780.283040727488697 ], [ 553852.242421298637055, 8219810.283040727488697 ], [ 553822.242421298637055, 8219810.283040727488697 ] ] ] } },
{ "type": "Feature", "properties": { "ano": 2010, "camada": "agua", "area_km2": 0.0009 }, "geometry": { "type": "Polygon", "coordinates": [ [ [ 572932.242421298637055, 8219780.283040727488697 ], [ 572932.242421298637055, 8219750.283040727488697 ], [ 572962.242421298637055, 8219750.283040727488697 ], [ 572962.242421298637055, 8219780.283040727488697 ], [ 572932.242421298637055, 8219780.283040727488697 ] ] ] } },
{ "type": "Feature", "properties": { "ano": 2010, "camada": "agua", "area_km2": 0.0009 }, "geometry": { "type": "Polygon", "coordinates": [ [ [ 553852.242421298637055, 8219750.283040727488697 ], [ 553852.242421298637055, 8219720.283040727488697 ], [ 553882.242421298637055, 8219720.283040727488697 ], [ 553882.242421298637055, 8219750.283040727488697 ], [ 553852.242421298637055, 8219750.283040727488697 ] ] ] } },
{ "type": "Feature", "properties": { "ano": 2010, "camada": "agua", "area_km2": 0.0009 }, "geometry": { "type": "Polygon", "coordinates": [ [ [ 553882.242421298637055, 8219690.283040727488697 ], [ 553882.242421298637055, 8219660.283040727488697 ], [ 553912.242421298637055, 8219660.283040727488697 ], [ 553912.242421298637055, 8219690.283040727488697 ], [ 553882.242421298637055, 8219690.283040727488697 ] ] ] } },
{ "type": "Feature", "properties": { "ano": 2010, "camada": "agua", "area_km2": 0.0018 }, "geometry": { "type": "Polygon", "coordinates": [ [ [ 572962.242421298637055, 8219690.283040727488697 ], [ 572962.242421298637055, 8219630.283040727488697 ], [ 572992.242421298637055, 8219630.283040727488697 ], [ 572992.242421298637055, 8219690.283040727488697 ], [ 572962.242421298637055, 8219690.283040727488697 ] ] ] } },
{ "type": "Feature", "properties": { "ano": 2010, "camada": "agua", "area_km2": 0.0036 }, "geometry": { "type": "Polygon", "coordinates": [ [ [ 572902.242421298637055, 8219660.283040727488697 ], [ 572902.242421298637055, 8219570.283040727488697 ], [ 572932.242421298637055, 8219570.283040727488697 ], [ 572932.242421298637055, 8219600.283040727488697 ], [ 572962.242421298637055, 8219600.283040727488697 ], [ 572962.242421298637055, 8219630.283040727488697 ], [ 572932.242421298637055, 8219630.283040727488697 ], [ 572932.242421298637055, 8219660.283040727488697 ], [ 572902.242421298637055, 8219660.283040727488697 ] ] ] } },
{ "type": "Feature", "properties": { "ano": 2010, "camada": "agua", "area_km2": 0.0009 }, "geometry": { "type": "Polygon", "coordinates": [ [ [ 572872.242421298637055, 8219570.283040727488697 ], [ 572872.242421298637055, 8219540.283040727488697 ], [ 572902.242421298637055, 8219540.283040727488697 ], [ 572902.242421298637055, 8219570.283040727488697 ], [ 572872.242421298637055, 8219570.283040727488697 ] ] ] } },
{ "type": "Feature", "properties": { "ano": 2010, "camada": "agua", "area_km2": 0.0036 }, "geometry": { "type": "Polygon", "coordinates": [ [ [ 553912.242421298637055, 8219600.283040727488697 ], [ 553912.242421298637055, 8219480.283040727488697 ], [ 553942.242421298637055, 8219480.283040727488697 ], [ 553942.242421298637055, 8219600.283040727488697 ], [ 553912.242421298637055, 8219600.283040727488697 ] ] ] } },
{ "type": "Feature", "properties": { "ano": 2010, "camada": "agua", "area_km2": 0.0009 }, "geometry": { "type": "Polygon", "coordinates": [ [ [ 571162.242421298637055, 8219480.283040727488697 ], [ 571162.242421298637055, 8219450.283040727488697 ], [ 571192.242421298637055, 8219450.283040727488697 ], [ 571192.242421298637055, 8219480.283040727488697 ], [ 571162.242421298637055, 8219480.283040727488697 ] ] ] } },
{ "type": "Feature", "properties": { "ano": 2010, "camada": "agua", "area_km2": 0.0009 }, "geometry": { "type": "Polygon", "coordinates": [ [ [ 571492.242421298637055, 8219480.283040727488697 ], [ 571492.242421298637055, 8219450.283040727488697 ], [ 571522.242421298637055, 8219450.283040727488697 ], [ 571522.242421298637055, 8219480.283040727488697 ], [ 571492.242421298637055, 8219480.283040727488697 ] ] ] } },
{ "type": "Feature", "properties": { "ano": 2010, "camada": "agua", "area_km2": 0.0009 }, "geometry": { "type": "Polygon", "coordinates": [ [ [ 572782.242421298637055, 8219480.283040727488697 ], [ 572782.242421298637055, 8219450.283040727488697 ], [ 572812.242421298637055, 8219450.283040727488697 ], [ 572812.242421298637055, 8219480.283040727488697 ], [ 572782.242421298637055, 8219480.283040727488697 ] ] ] } },
{ "type": "Feature", "properties": { "ano": 2010, "camada": "agua", "area_km2": 0.0009 }, "geometry": { "type": "Polygon", "coordinates": [ [ [ 553882.242421298637055, 8219450.283040727488697 ], [ 553882.242421298637055, 8219420.283040727488697 ], [ 553912.242421298637055, 8219420.283040727488697 ], [ 553912.242421298637055, 8219450.283040727488697 ], [ 553882.242421298637055, 8219450.283040727488697 ] ] ] } },
{ "type": "Feature", "properties": { "ano": 2010, "camada": "agua", "area_km2": 0.0018 }, "geometry": { "type": "Polygon", "coordinates": [ [ [ 572452.242421298637055, 8219450.283040727488697 ], [ 572452.242421298637055, 8219420.283040727488697 ], [ 572512.242421298637055, 8219420.283040727488697 ], [ 572512.242421298637055, 8219450.283040727488697 ], [ 572452.242421298637055, 8219450.283040727488697 ] ] ] } },
{ "type": "Feature", "properties": { "ano": 2010, "camada": "agua", "area_km2": 0.0027 }, "geometry": { "type": "Polygon", "coordinates": [ [ [ 572542.242421298637055, 8219450.283040727488697 ], [ 572542.242421298637055, 8219420.283040727488697 ], [ 572632.242421298637055, 8219420.283040727488697 ], [ 572632.242421298637055, 8219450.283040727488697 ], [ 572542.242421298637055, 8219450.283040727488697 ] ] ] } },
{ "type": "Feature", "properties": { "ano": 2010, "camada": "agua", "area_km2": 0.0009 }, "geometry": { "type": "Polygon", "coordinates": [ [ [ 572692.242421298637055, 8219450.283040727488697 ], [ 572692.242421298637055, 8219420.283040727488697 ], [ 572722.242421298637055, 8219420.283040727488697 ], [ 572722.242421298637055, 8219450.283040727488697 ], [ 572692.242421298637055, 8219450.283040727488697 ] ] ] } },
{ "type": "Feature", "properties": { "ano": 2010, "camada": "agua", "area_km2": 0.0009 }, "geometry": { "type": "Polygon", "coordinates": [ [ [ 572812.242421298637055, 8219450.283040727488697 ], [ 572812.242421298637055, 8219420.283040727488697 ], [ 572842.242421298637055, 8219420.283040727488697 ], [ 572842.242421298637055, 8219450.283040727488697 ], [ 572812.242421298637055, 8219450.283040727488697 ] ] ] } },
{ "type": "Feature", "properties": { "ano": 2010, "camada": "agua", "area_km2": 0.0018 }, "geometry": { "type": "Polygon", "coordinates": [ [ [ 571312.242421298637055, 8219450.283040727488697 ], [ 571312.242421298637055, 8219390.283040727488697 ], [ 571342.242421298637055, 8219390.283040727488697 ], [ 571342.242421298637055, 8219450.283040727488697 ], [ 571312.242421298637055, 8219450.283040727488697 ] ] ] } },
{ "type": "Feature", "properties": { "ano": 2010, "camada": "agua", "area_km2": 0.0018 }, "geometry": { "type": "Polygon", "coordinates": [ [ [ 571372.242421298637055, 8219420.283040727488697 ], [ 571372.242421298637055, 8219390.283040727488697 ], [ 571432.242421298637055, 8219390.283040727488697 ], [ 571432.242421298637055, 8219420.283040727488697 ], [ 571372.242421298637055, 8219420.283040727488697 ] ] ] } },
{ "type": "Feature", "properties": { "ano": 2010, "camada": "agua", "area_km2": 0.0009 }, "geometry": { "type": "Polygon", "coordinates": [ [ [ 572392.242421298637055, 8219420.283040727488697 ], [ 572392.242421298637055, 8219390.283040727488697 ], [ 572422.242421298637055, 8219390.283040727488697 ], [ 572422.242421298637055, 8219420.283040727488697 ], [ 572392.242421298637055, 8219420.283040727488697 ] ] ] } },
{ "type": "Feature", "properties": { "ano": 2010, "camada": "agua", "area_km2": 0.0009 }, "geometry": { "type": "Polygon", "coordinates": [ [ [ 572662.242421298637055, 8219420.283040727488697 ], [ 572662.242421298637055, 8219390.283040727488697 ], [ 572692.242421298637055, 8219390.283040727488697 ], [ 572692.242421298637055, 8219420.283040727488697 ], [ 572662.242421298637055, 8219420.283040727488697 ] ] ] } },
{ "type": "Feature", "properties": { "ano": 2010, "camada": "agua", "area_km2": 0.0036 }, "geometry": { "type": "Polygon", "coordinates": [ [ [ 571612.242421298637055, 8219390.283040727488697 ], [ 571612.242421298637055, 8219360.283040727488697 ], [ 571732.242421298637055, 8219360.283040727488697 ], [ 571732.242421298637055, 8219390.283040727488697 ], [ 571612.242421298637055, 8219390.283040727488697 ] ] ] } },
{ "type": "Feature", "properties": { "ano": 2010, "camada": "agua", "area_km2": 0.0009 }, "geometry": { "type": "Polygon", "coordinates": [ [ [ 571942.242421298637055, 8219390.283040727488697 ], [ 571942.242421298637055, 8219360.283040727488697 ], [ 571972.242421298637055, 8219360.283040727488697 ], [ 571972.242421298637055, 8219390.283040727488697 ], [ 571942.242421298637055, 8219390.283040727488697 ] ] ] } },
{ "type": "Feature", "properties": { "ano": 2010, "camada": "agua", "area_km2": 0.0009 }, "geometry": { "type": "Polygon", "coordinates": [ [ [ 572512.242421298637055, 8219390.283040727488697 ], [ 572512.242421298637055, 8219360.283040727488697 ], [ 572542.242421298637055, 8219360.283040727488697 ], [ 572542.242421298637055, 8219390.283040727488697 ], [ 572512.242421298637055, 8219390.283040727488697 ] ] ] } },
{ "type": "Feature", "properties": { "ano": 2010, "camada": "agua", "area_km2": 0.0009 }, "geometry": { "type": "Polygon", "coordinates": [ [ [ 572062.242421298637055, 8219360.283040727488697 ], [ 572062.242421298637055, 8219330.283040727488697 ], [ 572092.242421298637055, 8219330.283040727488697 ], [ 572092.242421298637055, 8219360.283040727488697 ], [ 572062.242421298637055, 8219360.283040727488697 ] ] ] } },
{ "type": "Feature", "properties": { "ano": 2010, "camada": "agua", "area_km2": 0.0036 }, "geometry": { "type": "Polygon", "coordinates": [ [ [ 572332.242421298637055, 8219390.283040727488697 ], [ 572332.242421298637055, 8219360.283040727488697 ], [ 572302.242421298637055, 8219360.283040727488697 ], [ 572302.242421298637055, 8219330.283040727488697 ], [ 572392.242421298637055, 8219330.283040727488697 ], [ 572392.242421298637055, 8219360.283040727488697 ], [ 572362.242421298637055, 8219360.283040727488697 ], [ 572362.242421298637055, 8219390.283040727488697 ], [ 572332.242421298637055, 8219390.283040727488697 ] ] ] } },
{ "type": "Feature", "properties": { "ano": 2010, "camada": "agua", "area_km2": 0.0009 }, "geometry": { "type": "Polygon", "coordinates": [ [ [ 553792.242421298637055, 8219330.283040727488697 ], [ 553792.242421298637055, 8219300.283040727488697 ], [ 553822.242421298637055, 8219300.283040727488697 ], [ 553822.242421298637055, 8219330.283040727488697 ], [ 553792.242421298637055, 8219330.283040727488697 ] ] ] } },
{ "type": "Feature", "properties": { "ano": 2010, "camada": "agua", "area_km2": 0.0009 }, "geometry": { "type": "Polygon", "coordinates": [ [ [ 571012.242421298637055, 8219330.283040727488697 ], [ 571012.242421298637055, 8219300.283040727488697 ], [ 571042.242421298637055, 8219300.283040727488697 ], [ 571042.242421298637055, 8219330.283040727488697 ], [ 571012.242421298637055, 8219330.283040727488697 ] ] ] } },
{ "type": "Feature", "properties": { "ano": 2010, "camada": "agua", "area_km2": 0.0009 }, "geometry": { "type": "Polygon", "coordinates": [ [ [ 553762.242421298637055, 8219300.283040727488697 ], [ 553762.242421298637055, 8219270.283040727488697 ], [ 553792.242421298637055, 8219270.283040727488697 ], [ 553792.242421298637055, 8219300.283040727488697 ], [ 553762.242421298637055, 8219300.283040727488697 ] ] ] } },
{ "type": "Feature", "properties": { "ano": 2010, "camada": "agua", "area_km2": 0.0027 }, "geometry": { "type": "Polygon", "coordinates": [ [ [ 571072.242421298637055, 8219330.283040727488697 ], [ 571072.242421298637055, 8219240.283040727488697 ], [ 571102.242421298637055, 8219240.283040727488697 ], [ 571102.242421298637055, 8219330.283040727488697 ], [ 571072.242421298637055, 8219330.283040727488697 ] ] ] } },
{ "type": "Feature", "properties": { "ano": 2010, "camada": "agua", "area_km2": 0.0009 }, "geometry": { "type": "Polygon", "coordinates": [ [ [ 570982.242421298637055, 8219270.283040727488697 ], [ 570982.242421298637055, 8219240.283040727488697 ], [ 571012.242421298637055, 8219240.283040727488697 ], [ 571012.242421298637055, 8219270.283040727488697 ], [ 570982.242421298637055, 8219270.283040727488697 ] ] ] } },
{ "type": "Feature", "properties": { "ano": 2010, "camada": "agua", "area_km2": 0.0009 }, "geometry": { "type": "Polygon", "coordinates": [ [ [ 571042.242421298637055, 8219240.283040727488697 ], [ 571042.242421298637055, 8219210.283040727488697 ], [ 571072.242421298637055, 8219210.283040727488697 ], [ 571072.242421298637055, 8219240.283040727488697 ], [ 571042.242421298637055, 8219240.283040727488697 ] ] ] } },
{ "type": "Feature", "properties": { "ano": 2010, "camada": "agua", "area_km2": 0.0018 }, "geometry": { "type": "Polygon", "coordinates": [ [ [ 570532.242421298637055, 8219210.283040727488697 ], [ 570532.242421298637055, 8219180.283040727488697 ], [ 570592.242421298637055, 8219180.283040727488697 ], [ 570592.242421298637055, 8219210.283040727488697 ], [ 570532.242421298637055, 8219210.283040727488697 ] ] ] } },
{ "type": "Feature", "properties": { "ano": 2010, "camada": "agua", "area_km2": 0.0018 }, "geometry": { "type": "Polygon", "coordinates": [ [ [ 570652.242421298637055, 8219210.283040727488697 ], [ 570652.242421298637055, 8219180.283040727488697 ], [ 570712.242421298637055, 8219180.283040727488697 ], [ 570712.242421298637055, 8219210.283040727488697 ], [ 570652.242421298637055, 8219210.283040727488697 ] ] ] } },
{ "type": "Feature", "properties": { "ano": 2010, "camada": "agua", "area_km2": 0.0027 }, "geometry": { "type": "Polygon", "coordinates": [ [ [ 553732.242421298637055, 8219240.283040727488697 ], [ 553732.242421298637055, 8219150.283040727488697 ], [ 553762.242421298637055, 8219150.283040727488697 ], [ 553762.242421298637055, 8219240.283040727488697 ], [ 553732.242421298637055, 8219240.283040727488697 ] ] ] } },
{ "type": "Feature", "properties": { "ano": 2010, "camada": "agua", "area_km2": 0.0009 }, "geometry": { "type": "Polygon", "coordinates": [ [ [ 570232.242421298637055, 8219180.283040727488697 ], [ 570232.242421298637055, 8219150.283040727488697 ], [ 570262.242421298637055, 8219150.283040727488697 ], [ 570262.242421298637055, 8219180.283040727488697 ], [ 570232.242421298637055, 8219180.283040727488697 ] ] ] } },
{ "type": "Feature", "properties": { "ano": 2010, "camada": "agua", "area_km2": 0.0009 }, "geometry": { "type": "Polygon", "coordinates": [ [ [ 570172.242421298637055, 8219150.283040727488697 ], [ 570172.242421298637055, 8219120.283040727488697 ], [ 570202.242421298637055, 8219120.283040727488697 ], [ 570202.242421298637055, 8219150.283040727488697 ], [ 570172.242421298637055, 8219150.283040727488697 ] ] ] } },
{ "type": "Feature", "properties": { "ano": 2010, "camada": "agua", "area_km2": 0.0009 }, "geometry": { "type": "Polygon", "coordinates": [ [ [ 570292.242421298637055, 8219150.283040727488697 ], [ 570292.242421298637055, 8219120.283040727488697 ], [ 570322.242421298637055, 8219120.283040727488697 ], [ 570322.242421298637055, 8219150.283040727488697 ], [ 570292.242421298637055, 8219150.283040727488697 ] ] ] } },
{ "type": "Feature", "properties": { "ano": 2010, "camada": "agua", "area_km2": 0.0009 }, "geometry": { "type": "Polygon", "coordinates": [ [ [ 570382.242421298637055, 8219150.283040727488697 ], [ 570382.242421298637055, 8219120.283040727488697 ], [ 570412.242421298637055, 8219120.283040727488697 ], [ 570412.242421298637055, 8219150.283040727488697 ], [ 570382.242421298637055, 8219150.283040727488697 ] ] ] } },
{ "type": "Feature", "properties": { "ano": 2010, "camada": "agua", "area_km2": 0.0009 }, "geometry": { "type": "Polygon", "coordinates": [ [ [ 570202.242421298637055, 8219120.283040727488697 ], [ 570202.242421298637055, 8219090.283040727488697 ], [ 570232.242421298637055, 8219090.283040727488697 ], [ 570232.242421298637055, 8219120.283040727488697 ], [ 570202.242421298637055, 8219120.283040727488697 ] ] ] } },
{ "type": "Feature", "properties": { "ano": 2010, "camada": "agua", "area_km2": 0.0045 }, "geometry": { "type": "Polygon", "coordinates": [ [ [ 570592.242421298637055, 8219120.283040727488697 ], [ 570592.242421298637055, 8219090.283040727488697 ], [ 570742.242421298637055, 8219090.283040727488697 ], [ 570742.242421298637055, 8219120.283040727488697 ], [ 570592.242421298637055, 8219120.283040727488697 ] ] ] } },
{ "type": "Feature", "properties": { "ano": 2010, "camada": "agua", "area_km2": 0.0018 }, "geometry": { "type": "Polygon", "coordinates": [ [ [ 553762.242421298637055, 8219090.283040727488697 ], [ 553762.242421298637055, 8219030.283040727488697 ], [ 553792.242421298637055, 8219030.283040727488697 ], [ 553792.242421298637055, 8219090.283040727488697 ], [ 553762.242421298637055, 8219090.283040727488697 ] ] ] } },
{ "type": "Feature", "properties": { "ano": 2010, "camada": "agua", "area_km2": 0.0009 }, "geometry": { "type": "Polygon", "coordinates": [ [ [ 570112.242421298637055, 8219060.283040727488697 ], [ 570112.242421298637055, 8219030.283040727488697 ], [ 570142.242421298637055, 8219030.283040727488697 ], [ 570142.242421298637055, 8219060.283040727488697 ], [ 570112.242421298637055, 8219060.283040727488697 ] ] ] } },
{ "type": "Feature", "properties": { "ano": 2010, "camada": "agua", "area_km2": 0.0009 }, "geometry": { "type": "Polygon", "coordinates": [ [ [ 553792.242421298637055, 8219000.283040727488697 ], [ 553792.242421298637055, 8218970.283040727488697 ], [ 553822.242421298637055, 8218970.283040727488697 ], [ 553822.242421298637055, 8219000.283040727488697 ], [ 553792.242421298637055, 8219000.283040727488697 ] ] ] } },
{ "type": "Feature", "properties": { "ano": 2010, "camada": "agua", "area_km2": 0.0009 }, "geometry": { "type": "Polygon", "coordinates": [ [ [ 553822.242421298637055, 8218940.283040727488697 ], [ 553822.242421298637055, 8218910.283040727488697 ], [ 553852.242421298637055, 8218910.283040727488697 ], [ 553852.242421298637055, 8218940.283040727488697 ], [ 553822.242421298637055, 8218940.283040727488697 ] ] ] } },
{ "type": "Feature", "properties": { "ano": 2010, "camada": "agua", "area_km2": 0.0027 }, "geometry": { "type": "Polygon", "coordinates": [ [ [ 569932.242421298637055, 8218910.283040727488697 ], [ 569932.242421298637055, 8218880.283040727488697 ], [ 569902.242421298637055, 8218880.283040727488697 ], [ 569902.242421298637055, 8218850.283040727488697 ], [ 569962.242421298637055, 8218850.283040727488697 ], [ 569962.242421298637055, 8218910.283040727488697 ], [ 569932.242421298637055, 8218910.283040727488697 ] ] ] } },
{ "type": "Feature", "properties": { "ano": 2010, "camada": "agua", "area_km2": 0.0009 }, "geometry": { "type": "Polygon", "coordinates": [ [ [ 553882.242421298637055, 8218820.283040727488697 ], [ 553882.242421298637055, 8218790.283040727488697 ], [ 553912.242421298637055, 8218790.283040727488697 ], [ 553912.242421298637055, 8218820.283040727488697 ], [ 553882.242421298637055, 8218820.283040727488697 ] ] ] } },
{ "type": "Feature", "properties": { "ano": 2010, "camada": "agua", "area_km2": 0.0027 }, "geometry": { "type": "Polygon", "coordinates": [ [ [ 569782.242421298637055, 8218820.283040727488697 ], [ 569782.242421298637055, 8218790.283040727488697 ], [ 569872.242421298637055, 8218790.283040727488697 ], [ 569872.242421298637055, 8218820.283040727488697 ], [ 569782.242421298637055, 8218820.283040727488697 ] ] ] } },
{ "type": "Feature", "properties": { "ano": 2010, "camada": "agua", "area_km2": 0.0009 }, "geometry": { "type": "Polygon", "coordinates": [ [ [ 569902.242421298637055, 8218790.283040727488697 ], [ 569902.242421298637055, 8218760.283040727488697 ], [ 569932.242421298637055, 8218760.283040727488697 ], [ 569932.242421298637055, 8218790.283040727488697 ], [ 569902.242421298637055, 8218790.283040727488697 ] ] ] } },
{ "type": "Feature", "properties": { "ano": 2010, "camada": "agua", "area_km2": 0.0009 }, "geometry": { "type": "Polygon", "coordinates": [ [ [ 569752.242421298637055, 8218760.283040727488697 ], [ 569752.242421298637055, 8218730.283040727488697 ], [ 569782.242421298637055, 8218730.283040727488697 ], [ 569782.242421298637055, 8218760.283040727488697 ], [ 569752.242421298637055, 8218760.283040727488697 ] ] ] } },
{ "type": "Feature", "properties": { "ano": 2010, "camada": "agua", "area_km2": 0.0009 }, "geometry": { "type": "Polygon", "coordinates": [ [ [ 553942.242421298637055, 8218700.283040727488697 ], [ 553942.242421298637055, 8218670.283040727488697 ], [ 553972.242421298637055, 8218670.283040727488697 ], [ 553972.242421298637055, 8218700.283040727488697 ], [ 553942.242421298637055, 8218700.283040727488697 ] ] ] } },
{ "type": "Feature", "properties": { "ano": 2010, "camada": "agua", "area_km2": 0.0045 }, "geometry": { "type": "Polygon", "coordinates": [ [ [ 569722.242421298637055, 8218670.283040727488697 ], [ 569722.242421298637055, 8218580.283040727488697 ], [ 569782.242421298637055, 8218580.283040727488697 ], [ 569782.242421298637055, 8218640.283040727488697 ], [ 569752.242421298637055, 8218640.283040727488697 ], [ 569752.242421298637055, 8218670.283040727488697 ], [ 569722.242421298637055, 8218670.283040727488697 ] ] ] } },
{ "type": "Feature", "properties": { "ano": 2010, "camada": "agua", "area_km2": 0.0009 }, "geometry": { "type": "Polygon", "coordinates": [ [ [ 569722.242421298637055, 8218550.283040727488697 ], [ 569722.242421298637055, 8218520.283040727488697 ], [ 569752.242421298637055, 8218520.283040727488697 ], [ 569752.242421298637055, 8218550.283040727488697 ], [ 569722.242421298637055, 8218550.283040727488697 ] ] ] } },
{ "type": "Feature", "properties": { "ano": 2010, "camada": "agua", "area_km2": 0.0009 }, "geometry": { "type": "Polygon", "coordinates": [ [ [ 569692.242421298637055, 8218490.283040727488697 ], [ 569692.242421298637055, 8218460.283040727488697 ], [ 569722.242421298637055, 8218460.283040727488697 ], [ 569722.242421298637055, 8218490.283040727488697 ], [ 569692.242421298637055, 8218490.283040727488697 ] ] ] } },
{ "type": "Feature", "properties": { "ano": 2010, "camada": "agua", "area_km2": 0.0009 }, "geometry": { "type": "Polygon", "coordinates": [ [ [ 553942.242421298637055, 8218460.283040727488697 ], [ 553942.242421298637055, 8218430.283040727488697 ], [ 553972.242421298637055, 8218430.283040727488697 ], [ 553972.242421298637055, 8218460.283040727488697 ], [ 553942.242421298637055, 8218460.283040727488697 ] ] ] } },
{ "type": "Feature", "properties": { "ano": 2010, "camada": "agua", "area_km2": 0.0018 }, "geometry": { "type": "Polygon", "coordinates": [ [ [ 569632.242421298637055, 8218460.283040727488697 ], [ 569632.242421298637055, 8218430.283040727488697 ], [ 569692.242421298637055, 8218430.283040727488697 ], [ 569692.242421298637055, 8218460.283040727488697 ], [ 569632.242421298637055, 8218460.283040727488697 ] ] ] } },
{ "type": "Feature", "properties": { "ano": 2010, "camada": "agua", "area_km2": 0.0009 }, "geometry": { "type": "Polygon", "coordinates": [ [ [ 553972.242421298637055, 8218340.283040727488697 ], [ 553972.242421298637055, 8218310.283040727488697 ], [ 554002.242421298637055, 8218310.283040727488697 ], [ 554002.242421298637055, 8218340.283040727488697 ], [ 553972.242421298637055, 8218340.283040727488697 ] ] ] } },
{ "type": "Feature", "properties": { "ano": 2010, "camada": "agua", "area_km2": 0.0018 }, "geometry": { "type": "Polygon", "coordinates": [ [ [ 554002.242421298637055, 8218220.283040727488697 ], [ 554002.242421298637055, 8218160.283040727488697 ], [ 554032.242421298637055, 8218160.283040727488697 ], [ 554032.242421298637055, 8218220.283040727488697 ], [ 554002.242421298637055, 8218220.283040727488697 ] ] ] } },
{ "type": "Feature", "properties": { "ano": 2010, "camada": "agua", "area_km2": 0.0009 }, "geometry": { "type": "Polygon", "coordinates": [ [ [ 569572.242421298637055, 8218190.283040727488697 ], [ 569572.242421298637055, 8218160.283040727488697 ], [ 569602.242421298637055, 8218160.283040727488697 ], [ 569602.242421298637055, 8218190.283040727488697 ], [ 569572.242421298637055, 8218190.283040727488697 ] ] ] } },
{ "type": "Feature", "properties": { "ano": 2010, "camada": "agua", "area_km2": 0.0009 }, "geometry": { "type": "Polygon", "coordinates": [ [ [ 554032.242421298637055, 8218130.283040727488697 ], [ 554032.242421298637055, 8218100.283040727488697 ], [ 554062.242421298637055, 8218100.283040727488697 ], [ 554062.242421298637055, 8218130.283040727488697 ], [ 554032.242421298637055, 8218130.283040727488697 ] ] ] } },
{ "type": "Feature", "properties": { "ano": 2010, "camada": "agua", "area_km2": 0.0009 }, "geometry": { "type": "Polygon", "coordinates": [ [ [ 569482.242421298637055, 8218070.283040727488697 ], [ 569482.242421298637055, 8218040.283040727488697 ], [ 569512.242421298637055, 8218040.283040727488697 ], [ 569512.242421298637055, 8218070.283040727488697 ], [ 569482.242421298637055, 8218070.283040727488697 ] ] ] } },
{ "type": "Feature", "properties": { "ano": 2010, "camada": "agua", "area_km2": 0.0009 }, "geometry": { "type": "Polygon", "coordinates": [ [ [ 569482.242421298637055, 8218010.283040727488697 ], [ 569482.242421298637055, 8217980.283040727488697 ], [ 569512.242421298637055, 8217980.283040727488697 ], [ 569512.242421298637055, 8218010.283040727488697 ], [ 569482.242421298637055, 8218010.283040727488697 ] ] ] } },
{ "type": "Feature", "properties": { "ano": 2010, "camada": "agua", "area_km2": 0.0027 }, "geometry": { "type": "Polygon", "coordinates": [ [ [ 554062.242421298637055, 8218040.283040727488697 ], [ 554062.242421298637055, 8217950.283040727488697 ], [ 554092.242421298637055, 8217950.283040727488697 ], [ 554092.242421298637055, 8218040.283040727488697 ], [ 554062.242421298637055, 8218040.283040727488697 ] ] ] } },
{ "type": "Feature", "properties": { "ano": 2010, "camada": "agua", "area_km2": 0.0009 }, "geometry": { "type": "Polygon", "coordinates": [ [ [ 569452.242421298637055, 8217980.283040727488697 ], [ 569452.242421298637055, 8217950.283040727488697 ], [ 569482.242421298637055, 8217950.283040727488697 ], [ 569482.242421298637055, 8217980.283040727488697 ], [ 569452.242421298637055, 8217980.283040727488697 ] ] ] } },
{ "type": "Feature", "properties": { "ano": 2010, "camada": "agua", "area_km2": 0.0009 }, "geometry": { "type": "Polygon", "coordinates": [ [ [ 553462.242421298637055, 8217890.283040727488697 ], [ 553462.242421298637055, 8217860.283040727488697 ], [ 553492.242421298637055, 8217860.283040727488697 ], [ 553492.242421298637055, 8217890.283040727488697 ], [ 553462.242421298637055, 8217890.283040727488697 ] ] ] } },
{ "type": "Feature", "properties": { "ano": 2010, "camada": "agua", "area_km2": 0.0009 }, "geometry": { "type": "Polygon", "coordinates": [ [ [ 553522.242421298637055, 8217890.283040727488697 ], [ 553522.242421298637055, 8217860.283040727488697 ], [ 553552.242421298637055, 8217860.283040727488697 ], [ 553552.242421298637055, 8217890.283040727488697 ], [ 553522.242421298637055, 8217890.283040727488697 ] ] ] } },
{ "type": "Feature", "properties": { "ano": 2010, "camada": "agua", "area_km2": 0.0009 }, "geometry": { "type": "Polygon", "coordinates": [ [ [ 554092.242421298637055, 8217890.283040727488697 ], [ 554092.242421298637055, 8217860.283040727488697 ], [ 554122.242421298637055, 8217860.283040727488697 ], [ 554122.242421298637055, 8217890.283040727488697 ], [ 554092.242421298637055, 8217890.283040727488697 ] ] ] } },
{ "type": "Feature", "properties": { "ano": 2010, "camada": "agua", "area_km2": 0.0009 }, "geometry": { "type": "Polygon", "coordinates": [ [ [ 553552.242421298637055, 8217860.283040727488697 ], [ 553552.242421298637055, 8217830.283040727488697 ], [ 553582.242421298637055, 8217830.283040727488697 ], [ 553582.242421298637055, 8217860.283040727488697 ], [ 553552.242421298637055, 8217860.283040727488697 ] ] ] } },
{ "type": "Feature", "properties": { "ano": 2010, "camada": "agua", "area_km2": 0.0018 }, "geometry": { "type": "Polygon", "coordinates": [ [ [ 554122.242421298637055, 8217860.283040727488697 ], [ 554122.242421298637055, 8217800.283040727488697 ], [ 554152.242421298637055, 8217800.283040727488697 ], [ 554152.242421298637055, 8217860.283040727488697 ], [ 554122.242421298637055, 8217860.283040727488697 ] ] ] } },
{ "type": "Feature", "properties": { "ano": 2010, "camada": "agua", "area_km2": 0.0009 }, "geometry": { "type": "Polygon", "coordinates": [ [ [ 553582.242421298637055, 8217800.283040727488697 ], [ 553582.242421298637055, 8217770.283040727488697 ], [ 553612.242421298637055, 8217770.283040727488697 ], [ 553612.242421298637055, 8217800.283040727488697 ], [ 553582.242421298637055, 8217800.283040727488697 ] ] ] } },
{ "type": "Feature", "properties": { "ano": 2010, "camada": "agua", "area_km2": 0.0009 }, "geometry": { "type": "Polygon", "coordinates": [ [ [ 553462.242421298637055, 8217770.283040727488697 ], [ 553462.242421298637055, 8217740.283040727488697 ], [ 553492.242421298637055, 8217740.283040727488697 ], [ 553492.242421298637055, 8217770.283040727488697 ], [ 553462.242421298637055, 8217770.283040727488697 ] ] ] } },
{ "type": "Feature", "properties": { "ano": 2010, "camada": "agua", "area_km2": 0.0009 }, "geometry": { "type": "Polygon", "coordinates": [ [ [ 554152.242421298637055, 8217770.283040727488697 ], [ 554152.242421298637055, 8217740.283040727488697 ], [ 554182.242421298637055, 8217740.283040727488697 ], [ 554182.242421298637055, 8217770.283040727488697 ], [ 554152.242421298637055, 8217770.283040727488697 ] ] ] } },
{ "type": "Feature", "properties": { "ano": 2010, "camada": "agua", "area_km2": 0.0009 }, "geometry": { "type": "Polygon", "coordinates": [ [ [ 553492.242421298637055, 8217740.283040727488697 ], [ 553492.242421298637055, 8217710.283040727488697 ], [ 553522.242421298637055, 8217710.283040727488697 ], [ 553522.242421298637055, 8217740.283040727488697 ], [ 553492.242421298637055, 8217740.283040727488697 ] ] ] } },
{ "type": "Feature", "properties": { "ano": 2010, "camada": "agua", "area_km2": 0.0009 }, "geometry": { "type": "Polygon", "coordinates": [ [ [ 554182.242421298637055, 8217740.283040727488697 ], [ 554182.242421298637055, 8217710.283040727488697 ], [ 554212.242421298637055, 8217710.283040727488697 ], [ 554212.242421298637055, 8217740.283040727488697 ], [ 554182.242421298637055, 8217740.283040727488697 ] ] ] } },
{ "type": "Feature", "properties": { "ano": 2010, "camada": "agua", "area_km2": 0.0009 }, "geometry": { "type": "Polygon", "coordinates": [ [ [ 569182.242421298637055, 8217740.283040727488697 ], [ 569182.242421298637055, 8217710.283040727488697 ], [ 569212.242421298637055, 8217710.283040727488697 ], [ 569212.242421298637055, 8217740.283040727488697 ], [ 569182.242421298637055, 8217740.283040727488697 ] ] ] } },
{ "type": "Feature", "properties": { "ano": 2010, "camada": "agua", "area_km2": 0.0009 }, "geometry": { "type": "Polygon", "coordinates": [ [ [ 554302.242421298637055, 8217650.283040727488697 ], [ 554302.242421298637055, 8217620.283040727488697 ], [ 554332.242421298637055, 8217620.283040727488697 ], [ 554332.242421298637055, 8217650.283040727488697 ], [ 554302.242421298637055, 8217650.283040727488697 ] ] ] } },
{ "type": "Feature", "properties": { "ano": 2010, "camada": "agua", "area_km2": 0.0009 }, "geometry": { "type": "Polygon", "coordinates": [ [ [ 554362.242421298637055, 8217620.283040727488697 ], [ 554362.242421298637055, 8217590.283040727488697 ], [ 554392.242421298637055, 8217590.283040727488697 ], [ 554392.242421298637055, 8217620.283040727488697 ], [ 554362.242421298637055, 8217620.283040727488697 ] ] ] } },
{ "type": "Feature", "properties": { "ano": 2010, "camada": "agua", "area_km2": 0.0009 }, "geometry": { "type": "Polygon", "coordinates": [ [ [ 569002.242421298637055, 8217620.283040727488697 ], [ 569002.242421298637055, 8217590.283040727488697 ], [ 569032.242421298637055, 8217590.283040727488697 ], [ 569032.242421298637055, 8217620.283040727488697 ], [ 569002.242421298637055, 8217620.283040727488697 ] ] ] } },
{ "type": "Feature", "properties": { "ano": 2010, "camada": "agua", "area_km2": 0.0009 }, "geometry": { "type": "Polygon", "coordinates": [ [ [ 568942.242421298637055, 8217590.283040727488697 ], [ 568942.242421298637055, 8217560.283040727488697 ], [ 568972.242421298637055, 8217560.283040727488697 ], [ 568972.242421298637055, 8217590.283040727488697 ], [ 568942.242421298637055, 8217590.283040727488697 ] ] ] } },
{ "type": "Feature", "properties": { "ano": 2010, "camada": "agua", "area_km2": 0.0009 }, "geometry": { "type": "Polygon", "coordinates": [ [ [ 569032.242421298637055, 8217590.283040727488697 ], [ 569032.242421298637055, 8217560.283040727488697 ], [ 569062.242421298637055, 8217560.283040727488697 ], [ 569062.242421298637055, 8217590.283040727488697 ], [ 569032.242421298637055, 8217590.283040727488697 ] ] ] } },
{ "type": "Feature", "properties": { "ano": 2010, "camada": "agua", "area_km2": 0.0009 }, "geometry": { "type": "Polygon", "coordinates": [ [ [ 554512.242421298637055, 8217560.283040727488697 ], [ 554512.242421298637055, 8217530.283040727488697 ], [ 554542.242421298637055, 8217530.283040727488697 ], [ 554542.242421298637055, 8217560.283040727488697 ], [ 554512.242421298637055, 8217560.283040727488697 ] ] ] } },
{ "type": "Feature", "properties": { "ano": 2010, "camada": "agua", "area_km2": 0.0009 }, "geometry": { "type": "Polygon", "coordinates": [ [ [ 568882.242421298637055, 8217560.283040727488697 ], [ 568882.242421298637055, 8217530.283040727488697 ], [ 568912.242421298637055, 8217530.283040727488697 ], [ 568912.242421298637055, 8217560.283040727488697 ], [ 568882.242421298637055, 8217560.283040727488697 ] ] ] } },
{ "type": "Feature", "properties": { "ano": 2010, "camada": "agua", "area_km2": 0.0009 }, "geometry": { "type": "Polygon", "coordinates": [ [ [ 569002.242421298637055, 8217560.283040727488697 ], [ 569002.242421298637055, 8217530.283040727488697 ], [ 569032.242421298637055, 8217530.283040727488697 ], [ 569032.242421298637055, 8217560.283040727488697 ], [ 569002.242421298637055, 8217560.283040727488697 ] ] ] } },
{ "type": "Feature", "properties": { "ano": 2010, "camada": "agua", "area_km2": 0.0009 }, "geometry": { "type": "Polygon", "coordinates": [ [ [ 553492.242421298637055, 8217530.283040727488697 ], [ 553492.242421298637055, 8217500.283040727488697 ], [ 553522.242421298637055, 8217500.283040727488697 ], [ 553522.242421298637055, 8217530.283040727488697 ], [ 553492.242421298637055, 8217530.283040727488697 ] ] ] } },
{ "type": "Feature", "properties": { "ano": 2010, "camada": "agua", "area_km2": 0.0009 }, "geometry": { "type": "Polygon", "coordinates": [ [ [ 554542.242421298637055, 8217530.283040727488697 ], [ 554542.242421298637055, 8217500.283040727488697 ], [ 554572.242421298637055, 8217500.283040727488697 ], [ 554572.242421298637055, 8217530.283040727488697 ], [ 554542.242421298637055, 8217530.283040727488697 ] ] ] } },
{ "type": "Feature", "properties": { "ano": 2010, "camada": "agua", "area_km2": 0.0009 }, "geometry": { "type": "Polygon", "coordinates": [ [ [ 553522.242421298637055, 8217500.283040727488697 ], [ 553522.242421298637055, 8217470.283040727488697 ], [ 553552.242421298637055, 8217470.283040727488697 ], [ 553552.242421298637055, 8217500.283040727488697 ], [ 553522.242421298637055, 8217500.283040727488697 ] ] ] } },
{ "type": "Feature", "properties": { "ano": 2010, "camada": "agua", "area_km2": 0.0009 }, "geometry": { "type": "Polygon", "coordinates": [ [ [ 554602.242421298637055, 8217500.283040727488697 ], [ 554602.242421298637055, 8217470.283040727488697 ], [ 554632.242421298637055, 8217470.283040727488697 ], [ 554632.242421298637055, 8217500.283040727488697 ], [ 554602.242421298637055, 8217500.283040727488697 ] ] ] } },
{ "type": "Feature", "properties": { "ano": 2010, "camada": "agua", "area_km2": 0.0027 }, "geometry": { "type": "Polygon", "coordinates": [ [ [ 554692.242421298637055, 8217500.283040727488697 ], [ 554692.242421298637055, 8217470.283040727488697 ], [ 554722.242421298637055, 8217470.283040727488697 ], [ 554722.242421298637055, 8217440.283040727488697 ], [ 554752.242421298637055, 8217440.283040727488697 ], [ 554752.242421298637055, 8217500.283040727488697 ], [ 554692.242421298637055, 8217500.283040727488697 ] ] ] } },
{ "type": "Feature", "properties": { "ano": 2010, "camada": "agua", "area_km2": 0.0036 }, "geometry": { "type": "Polygon", "coordinates": [ [ [ 568882.242421298637055, 8217500.283040727488697 ], [ 568882.242421298637055, 8217440.283040727488697 ], [ 568942.242421298637055, 8217440.283040727488697 ], [ 568942.242421298637055, 8217500.283040727488697 ], [ 568882.242421298637055, 8217500.283040727488697 ] ] ] } },
{ "type": "Feature", "properties": { "ano": 2010, "camada": "agua", "area_km2": 0.0009 }, "geometry": { "type": "Polygon", "coordinates": [ [ [ 553552.242421298637055, 8217470.283040727488697 ], [ 553552.242421298637055, 8217440.283040727488697 ], [ 553582.242421298637055, 8217440.283040727488697 ], [ 553582.242421298637055, 8217470.283040727488697 ], [ 553552.242421298637055, 8217470.283040727488697 ] ] ] } },
{ "type": "Feature", "properties": { "ano": 2010, "camada": "agua", "area_km2": 0.0027 }, "geometry": { "type": "Polygon", "coordinates": [ [ [ 554812.242421298637055, 8217470.283040727488697 ], [ 554812.242421298637055, 8217440.283040727488697 ], [ 554902.242421298637055, 8217440.283040727488697 ], [ 554902.242421298637055, 8217470.283040727488697 ], [ 554812.242421298637055, 8217470.283040727488697 ] ] ] } },
{ "type": "Feature", "properties": { "ano": 2010, "camada": "agua", "area_km2": 0.0009 }, "geometry": { "type": "Polygon", "coordinates": [ [ [ 553582.242421298637055, 8217440.283040727488697 ], [ 553582.242421298637055, 8217410.283040727488697 ], [ 553612.242421298637055, 8217410.283040727488697 ], [ 553612.242421298637055, 8217440.283040727488697 ], [ 553582.242421298637055, 8217440.283040727488697 ] ] ] } },
{ "type": "Feature", "properties": { "ano": 2010, "camada": "agua", "area_km2": 0.0009 }, "geometry": { "type": "Polygon", "coordinates": [ [ [ 554962.242421298637055, 8217440.283040727488697 ], [ 554962.242421298637055, 8217410.283040727488697 ], [ 554992.242421298637055, 8217410.283040727488697 ], [ 554992.242421298637055, 8217440.283040727488697 ], [ 554962.242421298637055, 8217440.283040727488697 ] ] ] } },
{ "type": "Feature", "properties": { "ano": 2010, "camada": "agua", "area_km2": 0.0009 }, "geometry": { "type": "Polygon", "coordinates": [ [ [ 568822.242421298637055, 8217440.283040727488697 ], [ 568822.242421298637055, 8217410.283040727488697 ], [ 568852.242421298637055, 8217410.283040727488697 ], [ 568852.242421298637055, 8217440.283040727488697 ], [ 568822.242421298637055, 8217440.283040727488697 ] ] ] } },
{ "type": "Feature", "properties": { "ano": 2010, "camada": "agua", "area_km2": 0.0009 }, "geometry": { "type": "Polygon", "coordinates": [ [ [ 555022.242421298637055, 8217410.283040727488697 ], [ 555022.242421298637055, 8217380.283040727488697 ], [ 555052.242421298637055, 8217380.283040727488697 ], [ 555052.242421298637055, 8217410.283040727488697 ], [ 555022.242421298637055, 8217410.283040727488697 ] ] ] } },
{ "type": "Feature", "properties": { "ano": 2010, "camada": "agua", "area_km2": 0.0009 }, "geometry": { "type": "Polygon", "coordinates": [ [ [ 568852.242421298637055, 8217410.283040727488697 ], [ 568852.242421298637055, 8217380.283040727488697 ], [ 568882.242421298637055, 8217380.283040727488697 ], [ 568882.242421298637055, 8217410.283040727488697 ], [ 568852.242421298637055, 8217410.283040727488697 ] ] ] } },
{ "type": "Feature", "properties": { "ano": 2010, "camada": "agua", "area_km2": 0.0009 }, "geometry": { "type": "Polygon", "coordinates": [ [ [ 568792.242421298637055, 8217380.283040727488697 ], [ 568792.242421298637055, 8217350.283040727488697 ], [ 568822.242421298637055, 8217350.283040727488697 ], [ 568822.242421298637055, 8217380.283040727488697 ], [ 568792.242421298637055, 8217380.283040727488697 ] ] ] } },
{ "type": "Feature", "properties": { "ano": 2010, "camada": "agua", "area_km2": 0.0009 }, "geometry": { "type": "Polygon", "coordinates": [ [ [ 568822.242421298637055, 8217350.283040727488697 ], [ 568822.242421298637055, 8217320.283040727488697 ], [ 568852.242421298637055, 8217320.283040727488697 ], [ 568852.242421298637055, 8217350.283040727488697 ], [ 568822.242421298637055, 8217350.283040727488697 ] ] ] } },
{ "type": "Feature", "properties": { "ano": 2010, "camada": "agua", "area_km2": 0.0009 }, "geometry": { "type": "Polygon", "coordinates": [ [ [ 554722.242421298637055, 8217320.283040727488697 ], [ 554722.242421298637055, 8217290.283040727488697 ], [ 554752.242421298637055, 8217290.283040727488697 ], [ 554752.242421298637055, 8217320.283040727488697 ], [ 554722.242421298637055, 8217320.283040727488697 ] ] ] } },
{ "type": "Feature", "properties": { "ano": 2010, "camada": "agua", "area_km2": 0.0009 }, "geometry": { "type": "Polygon", "coordinates": [ [ [ 555202.242421298637055, 8217320.283040727488697 ], [ 555202.242421298637055, 8217290.283040727488697 ], [ 555232.242421298637055, 8217290.283040727488697 ], [ 555232.242421298637055, 8217320.283040727488697 ], [ 555202.242421298637055, 8217320.283040727488697 ] ] ] } },
{ "type": "Feature", "properties": { "ano": 2010, "camada": "agua", "area_km2": 0.0009 }, "geometry": { "type": "Polygon", "coordinates": [ [ [ 568852.242421298637055, 8217320.283040727488697 ], [ 568852.242421298637055, 8217290.283040727488697 ], [ 568882.242421298637055, 8217290.283040727488697 ], [ 568882.242421298637055, 8217320.283040727488697 ], [ 568852.242421298637055, 8217320.283040727488697 ] ] ] } },
{ "type": "Feature", "properties": { "ano": 2010, "camada": "agua", "area_km2": 0.0018 }, "geometry": { "type": "Polygon", "coordinates": [ [ [ 555232.242421298637055, 8217290.283040727488697 ], [ 555232.242421298637055, 8217260.283040727488697 ], [ 555292.242421298637055, 8217260.283040727488697 ], [ 555292.242421298637055, 8217290.283040727488697 ], [ 555232.242421298637055, 8217290.283040727488697 ] ] ] } },
{ "type": "Feature", "properties": { "ano": 2010, "camada": "agua", "area_km2": 0.0009 }, "geometry": { "type": "Polygon", "coordinates": [ [ [ 568822.242421298637055, 8217290.283040727488697 ], [ 568822.242421298637055, 8217260.283040727488697 ], [ 568852.242421298637055, 8217260.283040727488697 ], [ 568852.242421298637055, 8217290.283040727488697 ], [ 568822.242421298637055, 8217290.283040727488697 ] ] ] } },
{ "type": "Feature", "properties": { "ano": 2010, "camada": "agua", "area_km2": 0.0045 }, "geometry": { "type": "Polygon", "coordinates": [ [ [ 555322.242421298637055, 8217260.283040727488697 ], [ 555322.242421298637055, 8217230.283040727488697 ], [ 555382.242421298637055, 8217230.283040727488697 ], [ 555382.242421298637055, 8217200.283040727488697 ], [ 555442.242421298637055, 8217200.283040727488697 ], [ 555442.242421298637055, 8217230.283040727488697 ], [ 555412.242421298637055, 8217230.283040727488697 ], [ 555412.242421298637055, 8217260.283040727488697 ], [ 555322.242421298637055, 8217260.283040727488697 ] ] ] } },
{ "type": "Feature", "properties": { "ano": 2010, "camada": "agua", "area_km2": 0.0009 }, "geometry": { "type": "Polygon", "coordinates": [ [ [ 554782.242421298637055, 8217230.283040727488697 ], [ 554782.242421298637055, 8217200.283040727488697 ], [ 554812.242421298637055, 8217200.283040727488697 ], [ 554812.242421298637055, 8217230.283040727488697 ], [ 554782.242421298637055, 8217230.283040727488697 ] ] ] } },
{ "type": "Feature", "properties": { "ano": 2010, "camada": "agua", "area_km2": 0.0018 }, "geometry": { "type": "Polygon", "coordinates": [ [ [ 555502.242421298637055, 8217230.283040727488697 ], [ 555502.242421298637055, 8217200.283040727488697 ], [ 555562.242421298637055, 8217200.283040727488697 ], [ 555562.242421298637055, 8217230.283040727488697 ], [ 555502.242421298637055, 8217230.283040727488697 ] ] ] } },
{ "type": "Feature", "properties": { "ano": 2010, "camada": "agua", "area_km2": 0.0009 }, "geometry": { "type": "Polygon", "coordinates": [ [ [ 553672.242421298637055, 8217200.283040727488697 ], [ 553672.242421298637055, 8217170.283040727488697 ], [ 553702.242421298637055, 8217170.283040727488697 ], [ 553702.242421298637055, 8217200.283040727488697 ], [ 553672.242421298637055, 8217200.283040727488697 ] ] ] } },
{ "type": "Feature", "properties": { "ano": 2010, "camada": "agua", "area_km2": 0.0081 }, "geometry": { "type": "Polygon", "coordinates": [ [ [ 555562.242421298637055, 8217200.283040727488697 ], [ 555562.242421298637055, 8217170.283040727488697 ], [ 555592.242421298637055, 8217170.283040727488697 ], [ 555592.242421298637055, 8217140.283040727488697 ], [ 555802.242421298637055, 8217140.283040727488697 ], [ 555802.242421298637055, 8217170.283040727488697 ], [ 555622.242421298637055, 8217170.283040727488697 ], [ 555622.242421298637055, 8217200.283040727488697 ], [ 555562.242421298637055, 8217200.283040727488697 ] ] ] } },
{ "type": "Feature", "properties": { "ano": 2010, "camada": "agua", "area_km2": 0.0009 }, "geometry": { "type": "Polygon", "coordinates": [ [ [ 554812.242421298637055, 8217170.283040727488697 ], [ 554812.242421298637055, 8217140.283040727488697 ], [ 554842.242421298637055, 8217140.283040727488697 ], [ 554842.242421298637055, 8217170.283040727488697 ], [ 554812.242421298637055, 8217170.283040727488697 ] ] ] } },
{ "type": "Feature", "properties": { "ano": 2010, "camada": "agua", "area_km2": 0.0009 }, "geometry": { "type": "Polygon", "coordinates": [ [ [ 556012.242421298637055, 8217170.283040727488697 ], [ 556012.242421298637055, 8217140.283040727488697 ], [ 556042.242421298637055, 8217140.283040727488697 ], [ 556042.242421298637055, 8217170.283040727488697 ], [ 556012.242421298637055, 8217170.283040727488697 ] ] ] } },
{ "type": "Feature", "properties": { "ano": 2010, "camada": "agua", "area_km2": 0.0009 }, "geometry": { "type": "Polygon", "coordinates": [ [ [ 555862.242421298637055, 8217140.283040727488697 ], [ 555862.242421298637055, 8217110.283040727488697 ], [ 555892.242421298637055, 8217110.283040727488697 ], [ 555892.242421298637055, 8217140.283040727488697 ], [ 555862.242421298637055, 8217140.283040727488697 ] ] ] } },
{ "type": "Feature", "properties": { "ano": 2010, "camada": "agua", "area_km2": 0.0009 }, "geometry": { "type": "Polygon", "coordinates": [ [ [ 556132.242421298637055, 8217140.283040727488697 ], [ 556132.242421298637055, 8217110.283040727488697 ], [ 556162.242421298637055, 8217110.283040727488697 ], [ 556162.242421298637055, 8217140.283040727488697 ], [ 556132.242421298637055, 8217140.283040727488697 ] ] ] } },
{ "type": "Feature", "properties": { "ano": 2010, "camada": "agua", "area_km2": 0.0009 }, "geometry": { "type": "Polygon", "coordinates": [ [ [ 556012.242421298637055, 8217110.283040727488697 ], [ 556012.242421298637055, 8217080.283040727488697 ], [ 556042.242421298637055, 8217080.283040727488697 ], [ 556042.242421298637055, 8217110.283040727488697 ], [ 556012.242421298637055, 8217110.283040727488697 ] ] ] } },
{ "type": "Feature", "properties": { "ano": 2010, "camada": "agua", "area_km2": 0.0009 }, "geometry": { "type": "Polygon", "coordinates": [ [ [ 556102.242421298637055, 8217110.283040727488697 ], [ 556102.242421298637055, 8217080.283040727488697 ], [ 556132.242421298637055, 8217080.283040727488697 ], [ 556132.242421298637055, 8217110.283040727488697 ], [ 556102.242421298637055, 8217110.283040727488697 ] ] ] } },
{ "type": "Feature", "properties": { "ano": 2010, "camada": "agua", "area_km2": 0.0009 }, "geometry": { "type": "Polygon", "coordinates": [ [ [ 556252.242421298637055, 8217110.283040727488697 ], [ 556252.242421298637055, 8217080.283040727488697 ], [ 556282.242421298637055, 8217080.283040727488697 ], [ 556282.242421298637055, 8217110.283040727488697 ], [ 556252.242421298637055, 8217110.283040727488697 ] ] ] } },
{ "type": "Feature", "properties": { "ano": 2010, "camada": "agua", "area_km2": 0.0009 }, "geometry": { "type": "Polygon", "coordinates": [ [ [ 556732.242421298637055, 8217110.283040727488697 ], [ 556732.242421298637055, 8217080.283040727488697 ], [ 556762.242421298637055, 8217080.283040727488697 ], [ 556762.242421298637055, 8217110.283040727488697 ], [ 556732.242421298637055, 8217110.283040727488697 ] ] ] } },
{ "type": "Feature", "properties": { "ano": 2010, "camada": "agua", "area_km2": 0.0027 }, "geometry": { "type": "Polygon", "coordinates": [ [ [ 556852.242421298637055, 8217110.283040727488697 ], [ 556852.242421298637055, 8217050.283040727488697 ], [ 556882.242421298637055, 8217050.283040727488697 ], [ 556882.242421298637055, 8217080.283040727488697 ], [ 556912.242421298637055, 8217080.283040727488697 ], [ 556912.242421298637055, 8217110.283040727488697 ], [ 556852.242421298637055, 8217110.283040727488697 ] ] ] } },
{ "type": "Feature", "properties": { "ano": 2010, "camada": "agua", "area_km2": 0.0009 }, "geometry": { "type": "Polygon", "coordinates": [ [ [ 553732.242421298637055, 8217080.283040727488697 ], [ 553732.242421298637055, 8217050.283040727488697 ], [ 553762.242421298637055, 8217050.283040727488697 ], [ 553762.242421298637055, 8217080.283040727488697 ], [ 553732.242421298637055, 8217080.283040727488697 ] ] ] } },
{ "type": "Feature", "properties": { "ano": 2010, "camada": "agua", "area_km2": 0.0009 }, "geometry": { "type": "Polygon", "coordinates": [ [ [ 568732.242421298637055, 8217080.283040727488697 ], [ 568732.242421298637055, 8217050.283040727488697 ], [ 568762.242421298637055, 8217050.283040727488697 ], [ 568762.242421298637055, 8217080.283040727488697 ], [ 568732.242421298637055, 8217080.283040727488697 ] ] ] } },
{ "type": "Feature", "properties": { "ano": 2010, "camada": "agua", "area_km2": 0.0027 }, "geometry": { "type": "Polygon", "coordinates": [ [ [ 556312.242421298637055, 8217080.283040727488697 ], [ 556312.242421298637055, 8217050.283040727488697 ], [ 556342.242421298637055, 8217050.283040727488697 ], [ 556342.242421298637055, 8217020.283040727488697 ], [ 556372.242421298637055, 8217020.283040727488697 ], [ 556372.242421298637055, 8217080.283040727488697 ], [ 556312.242421298637055, 8217080.283040727488697 ] ] ] } },
{ "type": "Feature", "properties": { "ano": 2010, "camada": "agua", "area_km2": 0.0018 }, "geometry": { "type": "Polygon", "coordinates": [ [ [ 556912.242421298637055, 8217080.283040727488697 ], [ 556912.242421298637055, 8217020.283040727488697 ], [ 556942.242421298637055, 8217020.283040727488697 ], [ 556942.242421298637055, 8217080.283040727488697 ], [ 556912.242421298637055, 8217080.283040727488697 ] ] ] } },
{ "type": "Feature", "properties": { "ano": 2010, "camada": "agua", "area_km2": 0.0009 }, "geometry": { "type": "Polygon", "coordinates": [ [ [ 553402.242421298637055, 8217050.283040727488697 ], [ 553402.242421298637055, 8217020.283040727488697 ], [ 553432.242421298637055, 8217020.283040727488697 ], [ 553432.242421298637055, 8217050.283040727488697 ], [ 553402.242421298637055, 8217050.283040727488697 ] ] ] } },
{ "type": "Feature", "properties": { "ano": 2010, "camada": "agua", "area_km2": 0.0009 }, "geometry": { "type": "Polygon", "coordinates": [ [ [ 553432.242421298637055, 8217020.283040727488697 ], [ 553432.242421298637055, 8216990.283040727488697 ], [ 553462.242421298637055, 8216990.283040727488697 ], [ 553462.242421298637055, 8217020.283040727488697 ], [ 553432.242421298637055, 8217020.283040727488697 ] ] ] } },
{ "type": "Feature", "properties": { "ano": 2010, "camada": "agua", "area_km2": 0.0009 }, "geometry": { "type": "Polygon", "coordinates": [ [ [ 553762.242421298637055, 8217020.283040727488697 ], [ 553762.242421298637055, 8216990.283040727488697 ], [ 553792.242421298637055, 8216990.283040727488697 ], [ 553792.242421298637055, 8217020.283040727488697 ], [ 553762.242421298637055, 8217020.283040727488697 ] ] ] } },
{ "type": "Feature", "properties": { "ano": 2010, "camada": "agua", "area_km2": 0.0009 }, "geometry": { "type": "Polygon", "coordinates": [ [ [ 556372.242421298637055, 8217020.283040727488697 ], [ 556372.242421298637055, 8216990.283040727488697 ], [ 556402.242421298637055, 8216990.283040727488697 ], [ 556402.242421298637055, 8217020.283040727488697 ], [ 556372.242421298637055, 8217020.283040727488697 ] ] ] } },
{ "type": "Feature", "properties": { "ano": 2010, "camada": "agua", "area_km2": 0.0009 }, "geometry": { "type": "Polygon", "coordinates": [ [ [ 553462.242421298637055, 8216990.283040727488697 ], [ 553462.242421298637055, 8216960.283040727488697 ], [ 553492.242421298637055, 8216960.283040727488697 ], [ 553492.242421298637055, 8216990.283040727488697 ], [ 553462.242421298637055, 8216990.283040727488697 ] ] ] } },
{ "type": "Feature", "properties": { "ano": 2010, "camada": "agua", "area_km2": 0.0009 }, "geometry": { "type": "Polygon", "coordinates": [ [ [ 556402.242421298637055, 8216990.283040727488697 ], [ 556402.242421298637055, 8216960.283040727488697 ], [ 556432.242421298637055, 8216960.283040727488697 ], [ 556432.242421298637055, 8216990.283040727488697 ], [ 556402.242421298637055, 8216990.283040727488697 ] ] ] } },
{ "type": "Feature", "properties": { "ano": 2010, "camada": "agua", "area_km2": 0.0009 }, "geometry": { "type": "Polygon", "coordinates": [ [ [ 553492.242421298637055, 8216960.283040727488697 ], [ 553492.242421298637055, 8216930.283040727488697 ], [ 553522.242421298637055, 8216930.283040727488697 ], [ 553522.242421298637055, 8216960.283040727488697 ], [ 553492.242421298637055, 8216960.283040727488697 ] ] ] } },
{ "type": "Feature", "properties": { "ano": 2010, "camada": "agua", "area_km2": 0.0009 }, "geometry": { "type": "Polygon", "coordinates": [ [ [ 554992.242421298637055, 8216960.283040727488697 ], [ 554992.242421298637055, 8216930.283040727488697 ], [ 555022.242421298637055, 8216930.283040727488697 ], [ 555022.242421298637055, 8216960.283040727488697 ], [ 554992.242421298637055, 8216960.283040727488697 ] ] ] } },
{ "type": "Feature", "properties": { "ano": 2010, "camada": "agua", "area_km2": 0.0009 }, "geometry": { "type": "Polygon", "coordinates": [ [ [ 556282.242421298637055, 8216960.283040727488697 ], [ 556282.242421298637055, 8216930.283040727488697 ], [ 556312.242421298637055, 8216930.283040727488697 ], [ 556312.242421298637055, 8216960.283040727488697 ], [ 556282.242421298637055, 8216960.283040727488697 ] ] ] } },
{ "type": "Feature", "properties": { "ano": 2010, "camada": "agua", "area_km2": 0.0009 }, "geometry": { "type": "Polygon", "coordinates": [ [ [ 553522.242421298637055, 8216930.283040727488697 ], [ 553522.242421298637055, 8216900.283040727488697 ], [ 553552.242421298637055, 8216900.283040727488697 ], [ 553552.242421298637055, 8216930.283040727488697 ], [ 553522.242421298637055, 8216930.283040727488697 ] ] ] } },
{ "type": "Feature", "properties": { "ano": 2010, "camada": "agua", "area_km2": 0.0009 }, "geometry": { "type": "Polygon", "coordinates": [ [ [ 555022.242421298637055, 8216930.283040727488697 ], [ 555022.242421298637055, 8216900.283040727488697 ], [ 555052.242421298637055, 8216900.283040727488697 ], [ 555052.242421298637055, 8216930.283040727488697 ], [ 555022.242421298637055, 8216930.283040727488697 ] ] ] } },
{ "type": "Feature", "properties": { "ano": 2010, "camada": "agua", "area_km2": 0.0009 }, "geometry": { "type": "Polygon", "coordinates": [ [ [ 556312.242421298637055, 8216930.283040727488697 ], [ 556312.242421298637055, 8216900.283040727488697 ], [ 556342.242421298637055, 8216900.283040727488697 ], [ 556342.242421298637055, 8216930.283040727488697 ], [ 556312.242421298637055, 8216930.283040727488697 ] ] ] } },
{ "type": "Feature", "properties": { "ano": 2010, "camada": "agua", "area_km2": 0.0018 }, "geometry": { "type": "Polygon", "coordinates": [ [ [ 556432.242421298637055, 8216930.283040727488697 ], [ 556432.242421298637055, 8216870.283040727488697 ], [ 556462.242421298637055, 8216870.283040727488697 ], [ 556462.242421298637055, 8216930.283040727488697 ], [ 556432.242421298637055, 8216930.283040727488697 ] ] ] } },
{ "type": "Feature", "properties": { "ano": 2010, "camada": "agua", "area_km2": 0.0009 }, "geometry": { "type": "Polygon", "coordinates": [ [ [ 553552.242421298637055, 8216870.283040727488697 ], [ 553552.242421298637055, 8216840.283040727488697 ], [ 553582.242421298637055, 8216840.283040727488697 ], [ 553582.242421298637055, 8216870.283040727488697 ], [ 553552.242421298637055, 8216870.283040727488697 ] ] ] } },
{ "type": "Feature", "properties": { "ano": 2010, "camada": "agua", "area_km2": 0.0009 }, "geometry": { "type": "Polygon", "coordinates": [ [ [ 553852.242421298637055, 8216870.283040727488697 ], [ 553852.242421298637055, 8216840.283040727488697 ], [ 553882.242421298637055, 8216840.283040727488697 ], [ 553882.242421298637055, 8216870.283040727488697 ], [ 553852.242421298637055, 8216870.283040727488697 ] ] ] } },
{ "type": "Feature", "properties": { "ano": 2010, "camada": "agua", "area_km2": 0.0018 }, "geometry": { "type": "Polygon", "coordinates": [ [ [ 558022.242421298637055, 8216870.283040727488697 ], [ 558022.242421298637055, 8216840.283040727488697 ], [ 558082.242421298637055, 8216840.283040727488697 ], [ 558082.242421298637055, 8216870.283040727488697 ], [ 558022.242421298637055, 8216870.283040727488697 ] ] ] } },
{ "type": "Feature", "properties": { "ano": 2010, "camada": "agua", "area_km2": 0.0009 }, "geometry": { "type": "Polygon", "coordinates": [ [ [ 555172.242421298637055, 8216840.283040727488697 ], [ 555172.242421298637055, 8216810.283040727488697 ], [ 555202.242421298637055, 8216810.283040727488697 ], [ 555202.242421298637055, 8216840.283040727488697 ], [ 555172.242421298637055, 8216840.283040727488697 ] ] ] } },
{ "type": "Feature", "properties": { "ano": 2010, "camada": "agua", "area_km2": 0.0009 }, "geometry": { "type": "Polygon", "coordinates": [ [ [ 556312.242421298637055, 8216840.283040727488697 ], [ 556312.242421298637055, 8216810.283040727488697 ], [ 556342.242421298637055, 8216810.283040727488697 ], [ 556342.242421298637055, 8216840.283040727488697 ], [ 556312.242421298637055, 8216840.283040727488697 ] ] ] } },
{ "type": "Feature", "properties": { "ano": 2010, "camada": "agua", "area_km2": 0.0009 }, "geometry": { "type": "Polygon", "coordinates": [ [ [ 557932.242421298637055, 8216840.283040727488697 ], [ 557932.242421298637055, 8216810.283040727488697 ], [ 557962.242421298637055, 8216810.283040727488697 ], [ 557962.242421298637055, 8216840.283040727488697 ], [ 557932.242421298637055, 8216840.283040727488697 ] ] ] } },
{ "type": "Feature", "properties": { "ano": 2010, "camada": "agua", "area_km2": 0.0009 }, "geometry": { "type": "Polygon", "coordinates": [ [ [ 553582.242421298637055, 8216810.283040727488697 ], [ 553582.242421298637055, 8216780.283040727488697 ], [ 553612.242421298637055, 8216780.283040727488697 ], [ 553612.242421298637055, 8216810.283040727488697 ], [ 553582.242421298637055, 8216810.283040727488697 ] ] ] } },
{ "type": "Feature", "properties": { "ano": 2010, "camada": "agua", "area_km2": 0.0009 }, "geometry": { "type": "Polygon", "coordinates": [ [ [ 553882.242421298637055, 8216810.283040727488697 ], [ 553882.242421298637055, 8216780.283040727488697 ], [ 553912.242421298637055, 8216780.283040727488697 ], [ 553912.242421298637055, 8216810.283040727488697 ], [ 553882.242421298637055, 8216810.283040727488697 ] ] ] } },
{ "type": "Feature", "properties": { "ano": 2010, "camada": "agua", "area_km2": 0.0009 }, "geometry": { "type": "Polygon", "coordinates": [ [ [ 555232.242421298637055, 8216810.283040727488697 ], [ 555232.242421298637055, 8216780.283040727488697 ], [ 555262.242421298637055, 8216780.283040727488697 ], [ 555262.242421298637055, 8216810.283040727488697 ], [ 555232.242421298637055, 8216810.283040727488697 ] ] ] } },
{ "type": "Feature", "properties": { "ano": 2010, "camada": "agua", "area_km2": 0.0063 }, "geometry": { "type": "Polygon", "coordinates": [ [ [ 558142.242421298637055, 8216840.283040727488697 ], [ 558142.242421298637055, 8216810.283040727488697 ], [ 557992.242421298637055, 8216810.283040727488697 ], [ 557992.242421298637055, 8216780.283040727488697 ], [ 558172.242421298637055, 8216780.283040727488697 ], [ 558172.242421298637055, 8216840.283040727488697 ], [ 558142.242421298637055, 8216840.283040727488697 ] ] ] } },
{ "type": "Feature", "properties": { "ano": 2010, "camada": "agua", "area_km2": 0.0009 }, "geometry": { "type": "Polygon", "coordinates": [ [ [ 558232.242421298637055, 8216810.283040727488697 ], [ 558232.242421298637055, 8216780.283040727488697 ], [ 558262.242421298637055, 8216780.283040727488697 ], [ 558262.242421298637055, 8216810.283040727488697 ], [ 558232.242421298637055, 8216810.283040727488697 ] ] ] } },
{ "type": "Feature", "properties": { "ano": 2010, "camada": "agua", "area_km2": 0.0009 }, "geometry": { "type": "Polygon", "coordinates": [ [ [ 553612.242421298637055, 8216780.283040727488697 ], [ 553612.242421298637055, 8216750.283040727488697 ], [ 553642.242421298637055, 8216750.283040727488697 ], [ 553642.242421298637055, 8216780.283040727488697 ], [ 553612.242421298637055, 8216780.283040727488697 ] ] ] } },
{ "type": "Feature", "properties": { "ano": 2010, "camada": "agua", "area_km2": 0.0009 }, "geometry": { "type": "Polygon", "coordinates": [ [ [ 553912.242421298637055, 8216780.283040727488697 ], [ 553912.242421298637055, 8216750.283040727488697 ], [ 553942.242421298637055, 8216750.283040727488697 ], [ 553942.242421298637055, 8216780.283040727488697 ], [ 553912.242421298637055, 8216780.283040727488697 ] ] ] } },
{ "type": "Feature", "properties": { "ano": 2010, "camada": "agua", "area_km2": 0.0018 }, "geometry": { "type": "Polygon", "coordinates": [ [ [ 558172.242421298637055, 8216780.283040727488697 ], [ 558172.242421298637055, 8216750.283040727488697 ], [ 558232.242421298637055, 8216750.283040727488697 ], [ 558232.242421298637055, 8216780.283040727488697 ], [ 558172.242421298637055, 8216780.283040727488697 ] ] ] } },
{ "type": "Feature", "properties": { "ano": 2010, "camada": "agua", "area_km2": 0.0054 }, "geometry": { "type": "Polygon", "coordinates": [ [ [ 556432.242421298637055, 8216840.283040727488697 ], [ 556432.242421298637055, 8216810.283040727488697 ], [ 556372.242421298637055, 8216810.283040727488697 ], [ 556372.242421298637055, 8216720.283040727488697 ], [ 556402.242421298637055, 8216720.283040727488697 ], [ 556402.242421298637055, 8216780.283040727488697 ], [ 556462.242421298637055, 8216780.283040727488697 ], [ 556462.242421298637055, 8216840.283040727488697 ], [ 556432.242421298637055, 8216840.283040727488697 ] ] ] } },
{ "type": "Feature", "properties": { "ano": 2010, "camada": "agua", "area_km2": 0.0009 }, "geometry": { "type": "Polygon", "coordinates": [ [ [ 553642.242421298637055, 8216750.283040727488697 ], [ 553642.242421298637055, 8216720.283040727488697 ], [ 553672.242421298637055, 8216720.283040727488697 ], [ 553672.242421298637055, 8216750.283040727488697 ], [ 553642.242421298637055, 8216750.283040727488697 ] ] ] } },
{ "type": "Feature", "properties": { "ano": 2010, "camada": "agua", "area_km2": 0.0009 }, "geometry": { "type": "Polygon", "coordinates": [ [ [ 556312.242421298637055, 8216750.283040727488697 ], [ 556312.242421298637055, 8216720.283040727488697 ], [ 556342.242421298637055, 8216720.283040727488697 ], [ 556342.242421298637055, 8216750.283040727488697 ], [ 556312.242421298637055, 8216750.283040727488697 ] ] ] } },
{ "type": "Feature", "properties": { "ano": 2010, "camada": "agua", "area_km2": 0.0027 }, "geometry": { "type": "Polygon", "coordinates": [ [ [ 557662.242421298637055, 8216750.283040727488697 ], [ 557662.242421298637055, 8216720.283040727488697 ], [ 557752.242421298637055, 8216720.283040727488697 ], [ 557752.242421298637055, 8216750.283040727488697 ], [ 557662.242421298637055, 8216750.283040727488697 ] ] ] } },
{ "type": "Feature", "properties": { "ano": 2010, "camada": "agua", "area_km2": 0.0009 }, "geometry": { "type": "Polygon", "coordinates": [ [ [ 557872.242421298637055, 8216750.283040727488697 ], [ 557872.242421298637055, 8216720.283040727488697 ], [ 557902.242421298637055, 8216720.283040727488697 ], [ 557902.242421298637055, 8216750.283040727488697 ], [ 557872.242421298637055, 8216750.283040727488697 ] ] ] } },
{ "type": "Feature", "properties": { "ano": 2010, "camada": "agua", "area_km2": 0.0036 }, "geometry": { "type": "Polygon", "coordinates": [ [ [ 558262.242421298637055, 8216780.283040727488697 ], [ 558262.242421298637055, 8216750.283040727488697 ], [ 558232.242421298637055, 8216750.283040727488697 ], [ 558232.242421298637055, 8216690.283040727488697 ], [ 558262.242421298637055, 8216690.283040727488697 ], [ 558262.242421298637055, 8216720.283040727488697 ], [ 558292.242421298637055, 8216720.283040727488697 ], [ 558292.242421298637055, 8216780.283040727488697 ], [ 558262.242421298637055, 8216780.283040727488697 ] ] ] } },
{ "type": "Feature", "properties": { "ano": 2010, "camada": "agua", "area_km2": 0.0009 }, "geometry": { "type": "Polygon", "coordinates": [ [ [ 553672.242421298637055, 8216720.283040727488697 ], [ 553672.242421298637055, 8216690.283040727488697 ], [ 553702.242421298637055, 8216690.283040727488697 ], [ 553702.242421298637055, 8216720.283040727488697 ], [ 553672.242421298637055, 8216720.283040727488697 ] ] ] } },
{ "type": "Feature", "properties": { "ano": 2010, "camada": "agua", "area_km2": 0.0018 }, "geometry": { "type": "Polygon", "coordinates": [ [ [ 555262.242421298637055, 8216720.283040727488697 ], [ 555262.242421298637055, 8216690.283040727488697 ], [ 555322.242421298637055, 8216690.283040727488697 ], [ 555322.242421298637055, 8216720.283040727488697 ], [ 555262.242421298637055, 8216720.283040727488697 ] ] ] } },
{ "type": "Feature", "properties": { "ano": 2010, "camada": "agua", "area_km2": 0.0009 }, "geometry": { "type": "Polygon", "coordinates": [ [ [ 557602.242421298637055, 8216720.283040727488697 ], [ 557602.242421298637055, 8216690.283040727488697 ], [ 557632.242421298637055, 8216690.283040727488697 ], [ 557632.242421298637055, 8216720.283040727488697 ], [ 557602.242421298637055, 8216720.283040727488697 ] ] ] } },
{ "type": "Feature", "properties": { "ano": 2010, "camada": "agua", "area_km2": 0.0009 }, "geometry": { "type": "Polygon", "coordinates": [ [ [ 553612.242421298637055, 8216690.283040727488697 ], [ 553612.242421298637055, 8216660.283040727488697 ], [ 553642.242421298637055, 8216660.283040727488697 ], [ 553642.242421298637055, 8216690.283040727488697 ], [ 553612.242421298637055, 8216690.283040727488697 ] ] ] } },
{ "type": "Feature", "properties": { "ano": 2010, "camada": "agua", "area_km2": 0.0009 }, "geometry": { "type": "Polygon", "coordinates": [ [ [ 553702.242421298637055, 8216690.283040727488697 ], [ 553702.242421298637055, 8216660.283040727488697 ], [ 553732.242421298637055, 8216660.283040727488697 ], [ 553732.242421298637055, 8216690.283040727488697 ], [ 553702.242421298637055, 8216690.283040727488697 ] ] ] } },
{ "type": "Feature", "properties": { "ano": 2010, "camada": "agua", "area_km2": 0.0009 }, "geometry": { "type": "Polygon", "coordinates": [ [ [ 553942.242421298637055, 8216690.283040727488697 ], [ 553942.242421298637055, 8216660.283040727488697 ], [ 553972.242421298637055, 8216660.283040727488697 ], [ 553972.242421298637055, 8216690.283040727488697 ], [ 553942.242421298637055, 8216690.283040727488697 ] ] ] } },
{ "type": "Feature", "properties": { "ano": 2010, "camada": "agua", "area_km2": 0.0018 }, "geometry": { "type": "Polygon", "coordinates": [ [ [ 557842.242421298637055, 8216690.283040727488697 ], [ 557842.242421298637055, 8216660.283040727488697 ], [ 557902.242421298637055, 8216660.283040727488697 ], [ 557902.242421298637055, 8216690.283040727488697 ], [ 557842.242421298637055, 8216690.283040727488697 ] ] ] } },
{ "type": "Feature", "properties": { "ano": 2010, "camada": "agua", "area_km2": 0.0009 }, "geometry": { "type": "Polygon", "coordinates": [ [ [ 558172.242421298637055, 8216690.283040727488697 ], [ 558172.242421298637055, 8216660.283040727488697 ], [ 558202.242421298637055, 8216660.283040727488697 ], [ 558202.242421298637055, 8216690.283040727488697 ], [ 558172.242421298637055, 8216690.283040727488697 ] ] ] } },
{ "type": "Feature", "properties": { "ano": 2010, "camada": "agua", "area_km2": 0.0009 }, "geometry": { "type": "Polygon", "coordinates": [ [ [ 558292.242421298637055, 8216690.283040727488697 ], [ 558292.242421298637055, 8216660.283040727488697 ], [ 558322.242421298637055, 8216660.283040727488697 ], [ 558322.242421298637055, 8216690.283040727488697 ], [ 558292.242421298637055, 8216690.283040727488697 ] ] ] } },
{ "type": "Feature", "properties": { "ano": 2010, "camada": "agua", "area_km2": 0.0018 }, "geometry": { "type": "Polygon", "coordinates": [ [ [ 557572.242421298637055, 8216690.283040727488697 ], [ 557572.242421298637055, 8216630.283040727488697 ], [ 557602.242421298637055, 8216630.283040727488697 ], [ 557602.242421298637055, 8216690.283040727488697 ], [ 557572.242421298637055, 8216690.283040727488697 ] ] ] } },
{ "type": "Feature", "properties": { "ano": 2010, "camada": "agua", "area_km2": 0.0009 }, "geometry": { "type": "Polygon", "coordinates": [ [ [ 553732.242421298637055, 8216660.283040727488697 ], [ 553732.242421298637055, 8216630.283040727488697 ], [ 553762.242421298637055, 8216630.283040727488697 ], [ 553762.242421298637055, 8216660.283040727488697 ], [ 553732.242421298637055, 8216660.283040727488697 ] ] ] } },
{ "type": "Feature", "properties": { "ano": 2010, "camada": "agua", "area_km2": 0.0009 }, "geometry": { "type": "Polygon", "coordinates": [ [ [ 555442.242421298637055, 8216660.283040727488697 ], [ 555442.242421298637055, 8216630.283040727488697 ], [ 555472.242421298637055, 8216630.283040727488697 ], [ 555472.242421298637055, 8216660.283040727488697 ], [ 555442.242421298637055, 8216660.283040727488697 ] ] ] } },
{ "type": "Feature", "properties": { "ano": 2010, "camada": "agua", "area_km2": 0.0009 }, "geometry": { "type": "Polygon", "coordinates": [ [ [ 557902.242421298637055, 8216660.283040727488697 ], [ 557902.242421298637055, 8216630.283040727488697 ], [ 557932.242421298637055, 8216630.283040727488697 ], [ 557932.242421298637055, 8216660.283040727488697 ], [ 557902.242421298637055, 8216660.283040727488697 ] ] ] } },
{ "type": "Feature", "properties": { "ano": 2010, "camada": "agua", "area_km2": 0.0009 }, "geometry": { "type": "Polygon", "coordinates": [ [ [ 558112.242421298637055, 8216660.283040727488697 ], [ 558112.242421298637055, 8216630.283040727488697 ], [ 558142.242421298637055, 8216630.283040727488697 ], [ 558142.242421298637055, 8216660.283040727488697 ], [ 558112.242421298637055, 8216660.283040727488697 ] ] ] } },
{ "type": "Feature", "properties": { "ano": 2010, "camada": "agua", "area_km2": 0.0027 }, "geometry": { "type": "Polygon", "coordinates": [ [ [ 568852.242421298637055, 8216690.283040727488697 ], [ 568852.242421298637055, 8216600.283040727488697 ], [ 568882.242421298637055, 8216600.283040727488697 ], [ 568882.242421298637055, 8216690.283040727488697 ], [ 568852.242421298637055, 8216690.283040727488697 ] ] ] } },
{ "type": "Feature", "properties": { "ano": 2010, "camada": "agua", "area_km2": 0.0009 }, "geometry": { "type": "Polygon", "coordinates": [ [ [ 553762.242421298637055, 8216630.283040727488697 ], [ 553762.242421298637055, 8216600.283040727488697 ], [ 553792.242421298637055, 8216600.283040727488697 ], [ 553792.242421298637055, 8216630.283040727488697 ], [ 553762.242421298637055, 8216630.283040727488697 ] ] ] } },
{ "type": "Feature", "properties": { "ano": 2010, "camada": "agua", "area_km2": 0.0009 }, "geometry": { "type": "Polygon", "coordinates": [ [ [ 555502.242421298637055, 8216630.283040727488697 ], [ 555502.242421298637055, 8216600.283040727488697 ], [ 555532.242421298637055, 8216600.283040727488697 ], [ 555532.242421298637055, 8216630.283040727488697 ], [ 555502.242421298637055, 8216630.283040727488697 ] ] ] } },
{ "type": "Feature", "properties": { "ano": 2010, "camada": "agua", "area_km2": 0.0009 }, "geometry": { "type": "Polygon", "coordinates": [ [ [ 557542.242421298637055, 8216630.283040727488697 ], [ 557542.242421298637055, 8216600.283040727488697 ], [ 557572.242421298637055, 8216600.283040727488697 ], [ 557572.242421298637055, 8216630.283040727488697 ], [ 557542.242421298637055, 8216630.283040727488697 ] ] ] } },
{ "type": "Feature", "properties": { "ano": 2010, "camada": "agua", "area_km2": 0.0036 }, "geometry": { "type": "Polygon", "coordinates": [ [ [ 560392.242421298637055, 8216630.283040727488697 ], [ 560392.242421298637055, 8216600.283040727488697 ], [ 560512.242421298637055, 8216600.283040727488697 ], [ 560512.242421298637055, 8216630.283040727488697 ], [ 560392.242421298637055, 8216630.283040727488697 ] ] ] } },
{ "type": "Feature", "properties": { "ano": 2010, "camada": "agua", "area_km2": 0.0009 }, "geometry": { "type": "Polygon", "coordinates": [ [ [ 560542.242421298637055, 8216630.283040727488697 ], [ 560542.242421298637055, 8216600.283040727488697 ], [ 560572.242421298637055, 8216600.283040727488697 ], [ 560572.242421298637055, 8216630.283040727488697 ], [ 560542.242421298637055, 8216630.283040727488697 ] ] ] } },
{ "type": "Feature", "properties": { "ano": 2010, "camada": "agua", "area_km2": 0.0018 }, "geometry": { "type": "Polygon", "coordinates": [ [ [ 560662.242421298637055, 8216630.283040727488697 ], [ 560662.242421298637055, 8216600.283040727488697 ], [ 560722.242421298637055, 8216600.283040727488697 ], [ 560722.242421298637055, 8216630.283040727488697 ], [ 560662.242421298637055, 8216630.283040727488697 ] ] ] } },
{ "type": "Feature", "properties": { "ano": 2010, "camada": "agua", "area_km2": 0.0009 }, "geometry": { "type": "Polygon", "coordinates": [ [ [ 560902.242421298637055, 8216630.283040727488697 ], [ 560902.242421298637055, 8216600.283040727488697 ], [ 560932.242421298637055, 8216600.283040727488697 ], [ 560932.242421298637055, 8216630.283040727488697 ], [ 560902.242421298637055, 8216630.283040727488697 ] ] ] } },
{ "type": "Feature", "properties": { "ano": 2010, "camada": "agua", "area_km2": 0.0036 }, "geometry": { "type": "Polygon", "coordinates": [ [ [ 557392.242421298637055, 8216630.283040727488697 ], [ 557392.242421298637055, 8216600.283040727488697 ], [ 557452.242421298637055, 8216600.283040727488697 ], [ 557452.242421298637055, 8216570.283040727488697 ], [ 557482.242421298637055, 8216570.283040727488697 ], [ 557482.242421298637055, 8216630.283040727488697 ], [ 557392.242421298637055, 8216630.283040727488697 ] ] ] } },
{ "type": "Feature", "properties": { "ano": 2010, "camada": "agua", "area_km2": 0.0045 }, "geometry": { "type": "Polygon", "coordinates": [ [ [ 557962.242421298637055, 8216630.283040727488697 ], [ 557962.242421298637055, 8216600.283040727488697 ], [ 557992.242421298637055, 8216600.283040727488697 ], [ 557992.242421298637055, 8216570.283040727488697 ], [ 558022.242421298637055, 8216570.283040727488697 ], [ 558022.242421298637055, 8216600.283040727488697 ], [ 558082.242421298637055, 8216600.283040727488697 ], [ 558082.242421298637055, 8216630.283040727488697 ], [ 557962.242421298637055, 8216630.283040727488697 ] ] ] } },
{ "type": "Feature", "properties": { "ano": 2010, "camada": "agua", "area_km2": 0.0009 }, "geometry": { "type": "Polygon", "coordinates": [ [ [ 553792.242421298637055, 8216600.283040727488697 ], [ 553792.242421298637055, 8216570.283040727488697 ], [ 553822.242421298637055, 8216570.283040727488697 ], [ 553822.242421298637055, 8216600.283040727488697 ], [ 553792.242421298637055, 8216600.283040727488697 ] ] ] } },
{ "type": "Feature", "properties": { "ano": 2010, "camada": "agua", "area_km2": 0.0036 }, "geometry": { "type": "Polygon", "coordinates": [ [ [ 555412.242421298637055, 8216630.283040727488697 ], [ 555412.242421298637055, 8216600.283040727488697 ], [ 555352.242421298637055, 8216600.283040727488697 ], [ 555352.242421298637055, 8216570.283040727488697 ], [ 555442.242421298637055, 8216570.283040727488697 ], [ 555442.242421298637055, 8216630.283040727488697 ], [ 555412.242421298637055, 8216630.283040727488697 ] ] ] } },
{ "type": "Feature", "properties": { "ano": 2010, "camada": "agua", "area_km2": 0.0009 }, "geometry": { "type": "Polygon", "coordinates": [ [ [ 555532.242421298637055, 8216600.283040727488697 ], [ 555532.242421298637055, 8216570.283040727488697 ], [ 555562.242421298637055, 8216570.283040727488697 ], [ 555562.242421298637055, 8216600.283040727488697 ], [ 555532.242421298637055, 8216600.283040727488697 ] ] ] } },
{ "type": "Feature", "properties": { "ano": 2010, "camada": "agua", "area_km2": 0.0009 }, "geometry": { "type": "Polygon", "coordinates": [ [ [ 559612.242421298637055, 8216600.283040727488697 ], [ 559612.242421298637055, 8216570.283040727488697 ], [ 559642.242421298637055, 8216570.283040727488697 ], [ 559642.242421298637055, 8216600.283040727488697 ], [ 559612.242421298637055, 8216600.283040727488697 ] ] ] } },
{ "type": "Feature", "properties": { "ano": 2010, "camada": "agua", "area_km2": 0.0009 }, "geometry": { "type": "Polygon", "coordinates": [ [ [ 559852.242421298637055, 8216600.283040727488697 ], [ 559852.242421298637055, 8216570.283040727488697 ], [ 559882.242421298637055, 8216570.283040727488697 ], [ 559882.242421298637055, 8216600.283040727488697 ], [ 559852.242421298637055, 8216600.283040727488697 ] ] ] } },
{ "type": "Feature", "properties": { "ano": 2010, "camada": "agua", "area_km2": 0.0018 }, "geometry": { "type": "Polygon", "coordinates": [ [ [ 561382.242421298637055, 8216600.283040727488697 ], [ 561382.242421298637055, 8216570.283040727488697 ], [ 561442.242421298637055, 8216570.283040727488697 ], [ 561442.242421298637055, 8216600.283040727488697 ], [ 561382.242421298637055, 8216600.283040727488697 ] ] ] } },
{ "type": "Feature", "properties": { "ano": 2010, "camada": "agua", "area_km2": 0.0009 }, "geometry": { "type": "Polygon", "coordinates": [ [ [ 553732.242421298637055, 8216570.283040727488697 ], [ 553732.242421298637055, 8216540.283040727488697 ], [ 553762.242421298637055, 8216540.283040727488697 ], [ 553762.242421298637055, 8216570.283040727488697 ], [ 553732.242421298637055, 8216570.283040727488697 ] ] ] } },
{ "type": "Feature", "properties": { "ano": 2010, "camada": "agua", "area_km2": 0.0009 }, "geometry": { "type": "Polygon", "coordinates": [ [ [ 557392.242421298637055, 8216570.283040727488697 ], [ 557392.242421298637055, 8216540.283040727488697 ], [ 557422.242421298637055, 8216540.283040727488697 ], [ 557422.242421298637055, 8216570.283040727488697 ], [ 557392.242421298637055, 8216570.283040727488697 ] ] ] } },
{ "type": "Feature", "properties": { "ano": 2010, "camada": "agua", "area_km2": 0.0009 }, "geometry": { "type": "Polygon", "coordinates": [ [ [ 553762.242421298637055, 8216540.283040727488697 ], [ 553762.242421298637055, 8216510.283040727488697 ], [ 553792.242421298637055, 8216510.283040727488697 ], [ 553792.242421298637055, 8216540.283040727488697 ], [ 553762.242421298637055, 8216540.283040727488697 ] ] ] } },
{ "type": "Feature", "properties": { "ano": 2010, "camada": "agua", "area_km2": 0.0018 }, "geometry": { "type": "Polygon", "coordinates": [ [ [ 553822.242421298637055, 8216540.283040727488697 ], [ 553822.242421298637055, 8216510.283040727488697 ], [ 553882.242421298637055, 8216510.283040727488697 ], [ 553882.242421298637055, 8216540.283040727488697 ], [ 553822.242421298637055, 8216540.283040727488697 ] ] ] } },
{ "type": "Feature", "properties": { "ano": 2010, "camada": "agua", "area_km2": 0.0009 }, "geometry": { "type": "Polygon", "coordinates": [ [ [ 556372.242421298637055, 8216540.283040727488697 ], [ 556372.242421298637055, 8216510.283040727488697 ], [ 556402.242421298637055, 8216510.283040727488697 ], [ 556402.242421298637055, 8216540.283040727488697 ], [ 556372.242421298637055, 8216540.283040727488697 ] ] ] } },
{ "type": "Feature", "properties": { "ano": 2010, "camada": "agua", "area_km2": 0.0009 }, "geometry": { "type": "Polygon", "coordinates": [ [ [ 556852.242421298637055, 8216540.283040727488697 ], [ 556852.242421298637055, 8216510.283040727488697 ], [ 556882.242421298637055, 8216510.283040727488697 ], [ 556882.242421298637055, 8216540.283040727488697 ], [ 556852.242421298637055, 8216540.283040727488697 ] ] ] } },
{ "type": "Feature", "properties": { "ano": 2010, "camada": "agua", "area_km2": 0.0018 }, "geometry": { "type": "Polygon", "coordinates": [ [ [ 557002.242421298637055, 8216540.283040727488697 ], [ 557002.242421298637055, 8216510.283040727488697 ], [ 557062.242421298637055, 8216510.283040727488697 ], [ 557062.242421298637055, 8216540.283040727488697 ], [ 557002.242421298637055, 8216540.283040727488697 ] ] ] } },
{ "type": "Feature", "properties": { "ano": 2010, "camada": "agua", "area_km2": 0.0009 }, "geometry": { "type": "Polygon", "coordinates": [ [ [ 558412.242421298637055, 8216540.283040727488697 ], [ 558412.242421298637055, 8216510.283040727488697 ], [ 558442.242421298637055, 8216510.283040727488697 ], [ 558442.242421298637055, 8216540.283040727488697 ], [ 558412.242421298637055, 8216540.283040727488697 ] ] ] } },
{ "type": "Feature", "properties": { "ano": 2010, "camada": "agua", "area_km2": 0.0009 }, "geometry": { "type": "Polygon", "coordinates": [ [ [ 561622.242421298637055, 8216540.283040727488697 ], [ 561622.242421298637055, 8216510.283040727488697 ], [ 561652.242421298637055, 8216510.283040727488697 ], [ 561652.242421298637055, 8216540.283040727488697 ], [ 561622.242421298637055, 8216540.283040727488697 ] ] ] } },
{ "type": "Feature", "properties": { "ano": 2010, "camada": "agua", "area_km2": 0.0009 }, "geometry": { "type": "Polygon", "coordinates": [ [ [ 568822.242421298637055, 8216540.283040727488697 ], [ 568822.242421298637055, 8216510.283040727488697 ], [ 568852.242421298637055, 8216510.283040727488697 ], [ 568852.242421298637055, 8216540.283040727488697 ], [ 568822.242421298637055, 8216540.283040727488697 ] ] ] } },
{ "type": "Feature", "properties": { "ano": 2010, "camada": "agua", "area_km2": 0.0045 }, "geometry": { "type": "Polygon", "coordinates": [ [ [ 553882.242421298637055, 8216570.283040727488697 ], [ 553882.242421298637055, 8216540.283040727488697 ], [ 553912.242421298637055, 8216540.283040727488697 ], [ 553912.242421298637055, 8216510.283040727488697 ], [ 553882.242421298637055, 8216510.283040727488697 ], [ 553882.242421298637055, 8216480.283040727488697 ], [ 553942.242421298637055, 8216480.283040727488697 ], [ 553942.242421298637055, 8216570.283040727488697 ], [ 553882.242421298637055, 8216570.283040727488697 ] ] ] } },
{ "type": "Feature", "properties": { "ano": 2010, "camada": "agua", "area_km2": 0.0009 }, "geometry": { "type": "Polygon", "coordinates": [ [ [ 555622.242421298637055, 8216510.283040727488697 ], [ 555622.242421298637055, 8216480.283040727488697 ], [ 555652.242421298637055, 8216480.283040727488697 ], [ 555652.242421298637055, 8216510.283040727488697 ], [ 555622.242421298637055, 8216510.283040727488697 ] ] ] } },
{ "type": "Feature", "properties": { "ano": 2010, "camada": "agua", "area_km2": 0.0009 }, "geometry": { "type": "Polygon", "coordinates": [ [ [ 556792.242421298637055, 8216510.283040727488697 ], [ 556792.242421298637055, 8216480.283040727488697 ], [ 556822.242421298637055, 8216480.283040727488697 ], [ 556822.242421298637055, 8216510.283040727488697 ], [ 556792.242421298637055, 8216510.283040727488697 ] ] ] } },
{ "type": "Feature", "properties": { "ano": 2010, "camada": "agua", "area_km2": 0.0009 }, "geometry": { "type": "Polygon", "coordinates": [ [ [ 557272.242421298637055, 8216510.283040727488697 ], [ 557272.242421298637055, 8216480.283040727488697 ], [ 557302.242421298637055, 8216480.283040727488697 ], [ 557302.242421298637055, 8216510.283040727488697 ], [ 557272.242421298637055, 8216510.283040727488697 ] ] ] } },
{ "type": "Feature", "properties": { "ano": 2010, "camada": "agua", "area_km2": 0.0009 }, "geometry": { "type": "Polygon", "coordinates": [ [ [ 558442.242421298637055, 8216510.283040727488697 ], [ 558442.242421298637055, 8216480.283040727488697 ], [ 558472.242421298637055, 8216480.283040727488697 ], [ 558472.242421298637055, 8216510.283040727488697 ], [ 558442.242421298637055, 8216510.283040727488697 ] ] ] } },
{ "type": "Feature", "properties": { "ano": 2010, "camada": "agua", "area_km2": 0.0009 }, "geometry": { "type": "Polygon", "coordinates": [ [ [ 559492.242421298637055, 8216510.283040727488697 ], [ 559492.242421298637055, 8216480.283040727488697 ], [ 559522.242421298637055, 8216480.283040727488697 ], [ 559522.242421298637055, 8216510.283040727488697 ], [ 559492.242421298637055, 8216510.283040727488697 ] ] ] } },
{ "type": "Feature", "properties": { "ano": 2010, "camada": "agua", "area_km2": 0.0036 }, "geometry": { "type": "Polygon", "coordinates": [ [ [ 556402.242421298637055, 8216510.283040727488697 ], [ 556402.242421298637055, 8216450.283040727488697 ], [ 556492.242421298637055, 8216450.283040727488697 ], [ 556492.242421298637055, 8216480.283040727488697 ], [ 556432.242421298637055, 8216480.283040727488697 ], [ 556432.242421298637055, 8216510.283040727488697 ], [ 556402.242421298637055, 8216510.283040727488697 ] ] ] } },
{ "type": "Feature", "properties": { "ano": 2010, "camada": "agua", "area_km2": 0.0009 }, "geometry": { "type": "Polygon", "coordinates": [ [ [ 555112.242421298637055, 8216480.283040727488697 ], [ 555112.242421298637055, 8216450.283040727488697 ], [ 555142.242421298637055, 8216450.283040727488697 ], [ 555142.242421298637055, 8216480.283040727488697 ], [ 555112.242421298637055, 8216480.283040727488697 ] ] ] } },
{ "type": "Feature", "properties": { "ano": 2010, "camada": "agua", "area_km2": 0.0009 }, "geometry": { "type": "Polygon", "coordinates": [ [ [ 555232.242421298637055, 8216480.283040727488697 ], [ 555232.242421298637055, 8216450.283040727488697 ], [ 555262.242421298637055, 8216450.283040727488697 ], [ 555262.242421298637055, 8216480.283040727488697 ], [ 555232.242421298637055, 8216480.283040727488697 ] ] ] } },
{ "type": "Feature", "properties": { "ano": 2010, "camada": "agua", "area_km2": 0.0027 }, "geometry": { "type": "Polygon", "coordinates": [ [ [ 556582.242421298637055, 8216480.283040727488697 ], [ 556582.242421298637055, 8216450.283040727488697 ], [ 556672.242421298637055, 8216450.283040727488697 ], [ 556672.242421298637055, 8216480.283040727488697 ], [ 556582.242421298637055, 8216480.283040727488697 ] ] ] } },
{ "type": "Feature", "properties": { "ano": 2010, "camada": "agua", "area_km2": 0.0018 }, "geometry": { "type": "Polygon", "coordinates": [ [ [ 568822.242421298637055, 8216480.283040727488697 ], [ 568822.242421298637055, 8216420.283040727488697 ], [ 568852.242421298637055, 8216420.283040727488697 ], [ 568852.242421298637055, 8216480.283040727488697 ], [ 568822.242421298637055, 8216480.283040727488697 ] ] ] } },
{ "type": "Feature", "properties": { "ano": 2010, "camada": "agua", "area_km2": 0.0009 }, "geometry": { "type": "Polygon", "coordinates": [ [ [ 554032.242421298637055, 8216450.283040727488697 ], [ 554032.242421298637055, 8216420.283040727488697 ], [ 554062.242421298637055, 8216420.283040727488697 ], [ 554062.242421298637055, 8216450.283040727488697 ], [ 554032.242421298637055, 8216450.283040727488697 ] ] ] } },
{ "type": "Feature", "properties": { "ano": 2010, "camada": "agua", "area_km2": 0.0009 }, "geometry": { "type": "Polygon", "coordinates": [ [ [ 555292.242421298637055, 8216450.283040727488697 ], [ 555292.242421298637055, 8216420.283040727488697 ], [ 555322.242421298637055, 8216420.283040727488697 ], [ 555322.242421298637055, 8216450.283040727488697 ], [ 555292.242421298637055, 8216450.283040727488697 ] ] ] } },
{ "type": "Feature", "properties": { "ano": 2010, "camada": "agua", "area_km2": 0.0009 }, "geometry": { "type": "Polygon", "coordinates": [ [ [ 555772.242421298637055, 8216450.283040727488697 ], [ 555772.242421298637055, 8216420.283040727488697 ], [ 555802.242421298637055, 8216420.283040727488697 ], [ 555802.242421298637055, 8216450.283040727488697 ], [ 555772.242421298637055, 8216450.283040727488697 ] ] ] } },
{ "type": "Feature", "properties": { "ano": 2010, "camada": "agua", "area_km2": 0.0009 }, "geometry": { "type": "Polygon", "coordinates": [ [ [ 556522.242421298637055, 8216450.283040727488697 ], [ 556522.242421298637055, 8216420.283040727488697 ], [ 556552.242421298637055, 8216420.283040727488697 ], [ 556552.242421298637055, 8216450.283040727488697 ], [ 556522.242421298637055, 8216450.283040727488697 ] ] ] } },
{ "type": "Feature", "properties": { "ano": 2010, "camada": "agua", "area_km2": 0.0009 }, "geometry": { "type": "Polygon", "coordinates": [ [ [ 557272.242421298637055, 8216450.283040727488697 ], [ 557272.242421298637055, 8216420.283040727488697 ], [ 557302.242421298637055, 8216420.283040727488697 ], [ 557302.242421298637055, 8216450.283040727488697 ], [ 557272.242421298637055, 8216450.283040727488697 ] ] ] } },
{ "type": "Feature", "properties": { "ano": 2010, "camada": "agua", "area_km2": 0.0009 }, "geometry": { "type": "Polygon", "coordinates": [ [ [ 559402.242421298637055, 8216450.283040727488697 ], [ 559402.242421298637055, 8216420.283040727488697 ], [ 559432.242421298637055, 8216420.283040727488697 ], [ 559432.242421298637055, 8216450.283040727488697 ], [ 559402.242421298637055, 8216450.283040727488697 ] ] ] } },
{ "type": "Feature", "properties": { "ano": 2010, "camada": "agua", "area_km2": 0.0009 }, "geometry": { "type": "Polygon", "coordinates": [ [ [ 555322.242421298637055, 8216420.283040727488697 ], [ 555322.242421298637055, 8216390.283040727488697 ], [ 555352.242421298637055, 8216390.283040727488697 ], [ 555352.242421298637055, 8216420.283040727488697 ], [ 555322.242421298637055, 8216420.283040727488697 ] ] ] } },
{ "type": "Feature", "properties": { "ano": 2010, "camada": "agua", "area_km2": 0.0009 }, "geometry": { "type": "Polygon", "coordinates": [ [ [ 556162.242421298637055, 8216420.283040727488697 ], [ 556162.242421298637055, 8216390.283040727488697 ], [ 556192.242421298637055, 8216390.283040727488697 ], [ 556192.242421298637055, 8216420.283040727488697 ], [ 556162.242421298637055, 8216420.283040727488697 ] ] ] } },
{ "type": "Feature", "properties": { "ano": 2010, "camada": "agua", "area_km2": 0.0009 }, "geometry": { "type": "Polygon", "coordinates": [ [ [ 556282.242421298637055, 8216420.283040727488697 ], [ 556282.242421298637055, 8216390.283040727488697 ], [ 556312.242421298637055, 8216390.283040727488697 ], [ 556312.242421298637055, 8216420.283040727488697 ], [ 556282.242421298637055, 8216420.283040727488697 ] ] ] } },
{ "type": "Feature", "properties": { "ano": 2010, "camada": "agua", "area_km2": 0.0009 }, "geometry": { "type": "Polygon", "coordinates": [ [ [ 556402.242421298637055, 8216420.283040727488697 ], [ 556402.242421298637055, 8216390.283040727488697 ], [ 556432.242421298637055, 8216390.283040727488697 ], [ 556432.242421298637055, 8216420.283040727488697 ], [ 556402.242421298637055, 8216420.283040727488697 ] ] ] } },
{ "type": "Feature", "properties": { "ano": 2010, "camada": "agua", "area_km2": 0.0009 }, "geometry": { "type": "Polygon", "coordinates": [ [ [ 558442.242421298637055, 8216420.283040727488697 ], [ 558442.242421298637055, 8216390.283040727488697 ], [ 558472.242421298637055, 8216390.283040727488697 ], [ 558472.242421298637055, 8216420.283040727488697 ], [ 558442.242421298637055, 8216420.283040727488697 ] ] ] } },
{ "type": "Feature", "properties": { "ano": 2010, "camada": "agua", "area_km2": 0.0009 }, "geometry": { "type": "Polygon", "coordinates": [ [ [ 558532.242421298637055, 8216420.283040727488697 ], [ 558532.242421298637055, 8216390.283040727488697 ], [ 558562.242421298637055, 8216390.283040727488697 ], [ 558562.242421298637055, 8216420.283040727488697 ], [ 558532.242421298637055, 8216420.283040727488697 ] ] ] } },
{ "type": "Feature", "properties": { "ano": 2010, "camada": "agua", "area_km2": 0.0009 }, "geometry": { "type": "Polygon", "coordinates": [ [ [ 559372.242421298637055, 8216420.283040727488697 ], [ 559372.242421298637055, 8216390.283040727488697 ], [ 559402.242421298637055, 8216390.283040727488697 ], [ 559402.242421298637055, 8216420.283040727488697 ], [ 559372.242421298637055, 8216420.283040727488697 ] ] ] } },
{ "type": "Feature", "properties": { "ano": 2010, "camada": "agua", "area_km2": 0.0009 }, "geometry": { "type": "Polygon", "coordinates": [ [ [ 555382.242421298637055, 8216390.283040727488697 ], [ 555382.242421298637055, 8216360.283040727488697 ], [ 555412.242421298637055, 8216360.283040727488697 ], [ 555412.242421298637055, 8216390.283040727488697 ], [ 555382.242421298637055, 8216390.283040727488697 ] ] ] } },
{ "type": "Feature", "properties": { "ano": 2010, "camada": "agua", "area_km2": 0.0009 }, "geometry": { "type": "Polygon", "coordinates": [ [ [ 558472.242421298637055, 8216390.283040727488697 ], [ 558472.242421298637055, 8216360.283040727488697 ], [ 558502.242421298637055, 8216360.283040727488697 ], [ 558502.242421298637055, 8216390.283040727488697 ], [ 558472.242421298637055, 8216390.283040727488697 ] ] ] } },
{ "type": "Feature", "properties": { "ano": 2010, "camada": "agua", "area_km2": 0.0009 }, "geometry": { "type": "Polygon", "coordinates": [ [ [ 558562.242421298637055, 8216390.283040727488697 ], [ 558562.242421298637055, 8216360.283040727488697 ], [ 558592.242421298637055, 8216360.283040727488697 ], [ 558592.242421298637055, 8216390.283040727488697 ], [ 558562.242421298637055, 8216390.283040727488697 ] ] ] } },
{ "type": "Feature", "properties": { "ano": 2010, "camada": "agua", "area_km2": 0.0009 }, "geometry": { "type": "Polygon", "coordinates": [ [ [ 559012.242421298637055, 8216390.283040727488697 ], [ 559012.242421298637055, 8216360.283040727488697 ], [ 559042.242421298637055, 8216360.283040727488697 ], [ 559042.242421298637055, 8216390.283040727488697 ], [ 559012.242421298637055, 8216390.283040727488697 ] ] ] } },
{ "type": "Feature", "properties": { "ano": 2010, "camada": "agua", "area_km2": 0.0009 }, "geometry": { "type": "Polygon", "coordinates": [ [ [ 559072.242421298637055, 8216390.283040727488697 ], [ 559072.242421298637055, 8216360.283040727488697 ], [ 559102.242421298637055, 8216360.283040727488697 ], [ 559102.242421298637055, 8216390.283040727488697 ], [ 559072.242421298637055, 8216390.283040727488697 ] ] ] } },
{ "type": "Feature", "properties": { "ano": 2010, "camada": "agua", "area_km2": 0.0027 }, "geometry": { "type": "Polygon", "coordinates": [ [ [ 559162.242421298637055, 8216390.283040727488697 ], [ 559162.242421298637055, 8216360.283040727488697 ], [ 559252.242421298637055, 8216360.283040727488697 ], [ 559252.242421298637055, 8216390.283040727488697 ], [ 559162.242421298637055, 8216390.283040727488697 ] ] ] } },
{ "type": "Feature", "properties": { "ano": 2010, "camada": "agua", "area_km2": 0.0018 }, "geometry": { "type": "Polygon", "coordinates": [ [ [ 559282.242421298637055, 8216390.283040727488697 ], [ 559282.242421298637055, 8216360.283040727488697 ], [ 559342.242421298637055, 8216360.283040727488697 ], [ 559342.242421298637055, 8216390.283040727488697 ], [ 559282.242421298637055, 8216390.283040727488697 ] ] ] } },
{ "type": "Feature", "properties": { "ano": 2010, "camada": "agua", "area_km2": 0.0009 }, "geometry": { "type": "Polygon", "coordinates": [ [ [ 558502.242421298637055, 8216360.283040727488697 ], [ 558502.242421298637055, 8216330.283040727488697 ], [ 558532.242421298637055, 8216330.283040727488697 ], [ 558532.242421298637055, 8216360.283040727488697 ], [ 558502.242421298637055, 8216360.283040727488697 ] ] ] } },
{ "type": "Feature", "properties": { "ano": 2010, "camada": "agua", "area_km2": 0.0009 }, "geometry": { "type": "Polygon", "coordinates": [ [ [ 558742.242421298637055, 8216360.283040727488697 ], [ 558742.242421298637055, 8216330.283040727488697 ], [ 558772.242421298637055, 8216330.283040727488697 ], [ 558772.242421298637055, 8216360.283040727488697 ], [ 558742.242421298637055, 8216360.283040727488697 ] ] ] } },
{ "type": "Feature", "properties": { "ano": 2010, "camada": "agua", "area_km2": 0.0009 }, "geometry": { "type": "Polygon", "coordinates": [ [ [ 568792.242421298637055, 8216360.283040727488697 ], [ 568792.242421298637055, 8216330.283040727488697 ], [ 568822.242421298637055, 8216330.283040727488697 ], [ 568822.242421298637055, 8216360.283040727488697 ], [ 568792.242421298637055, 8216360.283040727488697 ] ] ] } },
{ "type": "Feature", "properties": { "ano": 2010, "camada": "agua", "area_km2": 0.0009 }, "geometry": { "type": "Polygon", "coordinates": [ [ [ 568852.242421298637055, 8216360.283040727488697 ], [ 568852.242421298637055, 8216330.283040727488697 ], [ 568882.242421298637055, 8216330.283040727488697 ], [ 568882.242421298637055, 8216360.283040727488697 ], [ 568852.242421298637055, 8216360.283040727488697 ] ] ] } },
{ "type": "Feature", "properties": { "ano": 2010, "camada": "agua", "area_km2": 0.0009 }, "geometry": { "type": "Polygon", "coordinates": [ [ [ 554212.242421298637055, 8216330.283040727488697 ], [ 554212.242421298637055, 8216300.283040727488697 ], [ 554242.242421298637055, 8216300.283040727488697 ], [ 554242.242421298637055, 8216330.283040727488697 ], [ 554212.242421298637055, 8216330.283040727488697 ] ] ] } },
{ "type": "Feature", "properties": { "ano": 2010, "camada": "agua", "area_km2": 0.0009 }, "geometry": { "type": "Polygon", "coordinates": [ [ [ 555232.242421298637055, 8216330.283040727488697 ], [ 555232.242421298637055, 8216300.283040727488697 ], [ 555262.242421298637055, 8216300.283040727488697 ], [ 555262.242421298637055, 8216330.283040727488697 ], [ 555232.242421298637055, 8216330.283040727488697 ] ] ] } },
{ "type": "Feature", "properties": { "ano": 2010, "camada": "agua", "area_km2": 0.0009 }, "geometry": { "type": "Polygon", "coordinates": [ [ [ 558532.242421298637055, 8216330.283040727488697 ], [ 558532.242421298637055, 8216300.283040727488697 ], [ 558562.242421298637055, 8216300.283040727488697 ], [ 558562.242421298637055, 8216330.283040727488697 ], [ 558532.242421298637055, 8216330.283040727488697 ] ] ] } },
{ "type": "Feature", "properties": { "ano": 2010, "camada": "agua", "area_km2": 0.0018 }, "geometry": { "type": "Polygon", "coordinates": [ [ [ 562192.242421298637055, 8216330.283040727488697 ], [ 562192.242421298637055, 8216300.283040727488697 ], [ 562252.242421298637055, 8216300.283040727488697 ], [ 562252.242421298637055, 8216330.283040727488697 ], [ 562192.242421298637055, 8216330.283040727488697 ] ] ] } },
{ "type": "Feature", "properties": { "ano": 2010, "camada": "agua", "area_km2": 0.0009 }, "geometry": { "type": "Polygon", "coordinates": [ [ [ 568822.242421298637055, 8216330.283040727488697 ], [ 568822.242421298637055, 8216300.283040727488697 ], [ 568852.242421298637055, 8216300.283040727488697 ], [ 568852.242421298637055, 8216330.283040727488697 ], [ 568822.242421298637055, 8216330.283040727488697 ] ] ] } },
{ "type": "Feature", "properties": { "ano": 2010, "camada": "agua", "area_km2": 0.0009 }, "geometry": { "type": "Polygon", "coordinates": [ [ [ 555292.242421298637055, 8216300.283040727488697 ], [ 555292.242421298637055, 8216270.283040727488697 ], [ 555322.242421298637055, 8216270.283040727488697 ], [ 555322.242421298637055, 8216300.283040727488697 ], [ 555292.242421298637055, 8216300.283040727488697 ] ] ] } },
{ "type": "Feature", "properties": { "ano": 2010, "camada": "agua", "area_km2": 0.0009 }, "geometry": { "type": "Polygon", "coordinates": [ [ [ 555472.242421298637055, 8216300.283040727488697 ], [ 555472.242421298637055, 8216270.283040727488697 ], [ 555502.242421298637055, 8216270.283040727488697 ], [ 555502.242421298637055, 8216300.283040727488697 ], [ 555472.242421298637055, 8216300.283040727488697 ] ] ] } },
{ "type": "Feature", "properties": { "ano": 2010, "camada": "agua", "area_km2": 0.0036 }, "geometry": { "type": "Polygon", "coordinates": [ [ [ 558112.242421298637055, 8216300.283040727488697 ], [ 558112.242421298637055, 8216270.283040727488697 ], [ 558232.242421298637055, 8216270.283040727488697 ], [ 558232.242421298637055, 8216300.283040727488697 ], [ 558112.242421298637055, 8216300.283040727488697 ] ] ] } },
{ "type": "Feature", "properties": { "ano": 2010, "camada": "agua", "area_km2": 0.0009 }, "geometry": { "type": "Polygon", "coordinates": [ [ [ 558562.242421298637055, 8216300.283040727488697 ], [ 558562.242421298637055, 8216270.283040727488697 ], [ 558592.242421298637055, 8216270.283040727488697 ], [ 558592.242421298637055, 8216300.283040727488697 ], [ 558562.242421298637055, 8216300.283040727488697 ] ] ] } },
{ "type": "Feature", "properties": { "ano": 2010, "camada": "agua", "area_km2": 0.0018 }, "geometry": { "type": "Polygon", "coordinates": [ [ [ 554362.242421298637055, 8216270.283040727488697 ], [ 554362.242421298637055, 8216240.283040727488697 ], [ 554422.242421298637055, 8216240.283040727488697 ], [ 554422.242421298637055, 8216270.283040727488697 ], [ 554362.242421298637055, 8216270.283040727488697 ] ] ] } },
{ "type": "Feature", "properties": { "ano": 2010, "camada": "agua", "area_km2": 0.0009 }, "geometry": { "type": "Polygon", "coordinates": [ [ [ 554512.242421298637055, 8216270.283040727488697 ], [ 554512.242421298637055, 8216240.283040727488697 ], [ 554542.242421298637055, 8216240.283040727488697 ], [ 554542.242421298637055, 8216270.283040727488697 ], [ 554512.242421298637055, 8216270.283040727488697 ] ] ] } },
{ "type": "Feature", "properties": { "ano": 2010, "camada": "agua", "area_km2": 0.0009 }, "geometry": { "type": "Polygon", "coordinates": [ [ [ 557572.242421298637055, 8216270.283040727488697 ], [ 557572.242421298637055, 8216240.283040727488697 ], [ 557602.242421298637055, 8216240.283040727488697 ], [ 557602.242421298637055, 8216270.283040727488697 ], [ 557572.242421298637055, 8216270.283040727488697 ] ] ] } },
{ "type": "Feature", "properties": { "ano": 2010, "camada": "agua", "area_km2": 0.0009 }, "geometry": { "type": "Polygon", "coordinates": [ [ [ 558022.242421298637055, 8216270.283040727488697 ], [ 558022.242421298637055, 8216240.283040727488697 ], [ 558052.242421298637055, 8216240.283040727488697 ], [ 558052.242421298637055, 8216270.283040727488697 ], [ 558022.242421298637055, 8216270.283040727488697 ] ] ] } },
{ "type": "Feature", "properties": { "ano": 2010, "camada": "agua", "area_km2": 0.0009 }, "geometry": { "type": "Polygon", "coordinates": [ [ [ 558292.242421298637055, 8216270.283040727488697 ], [ 558292.242421298637055, 8216240.283040727488697 ], [ 558322.242421298637055, 8216240.283040727488697 ], [ 558322.242421298637055, 8216270.283040727488697 ], [ 558292.242421298637055, 8216270.283040727488697 ] ] ] } },
{ "type": "Feature", "properties": { "ano": 2010, "camada": "agua", "area_km2": 0.0009 }, "geometry": { "type": "Polygon", "coordinates": [ [ [ 569032.242421298637055, 8216270.283040727488697 ], [ 569032.242421298637055, 8216240.283040727488697 ], [ 569062.242421298637055, 8216240.283040727488697 ], [ 569062.242421298637055, 8216270.283040727488697 ], [ 569032.242421298637055, 8216270.283040727488697 ] ] ] } },
{ "type": "Feature", "properties": { "ano": 2010, "camada": "agua", "area_km2": 0.0009 }, "geometry": { "type": "Polygon", "coordinates": [ [ [ 554572.242421298637055, 8216240.283040727488697 ], [ 554572.242421298637055, 8216210.283040727488697 ], [ 554602.242421298637055, 8216210.283040727488697 ], [ 554602.242421298637055, 8216240.283040727488697 ], [ 554572.242421298637055, 8216240.283040727488697 ] ] ] } },
{ "type": "Feature", "properties": { "ano": 2010, "camada": "agua", "area_km2": 0.0009 }, "geometry": { "type": "Polygon", "coordinates": [ [ [ 556792.242421298637055, 8216240.283040727488697 ], [ 556792.242421298637055, 8216210.283040727488697 ], [ 556822.242421298637055, 8216210.283040727488697 ], [ 556822.242421298637055, 8216240.283040727488697 ], [ 556792.242421298637055, 8216240.283040727488697 ] ] ] } },
{ "type": "Feature", "properties": { "ano": 2010, "camada": "agua", "area_km2": 0.0018 }, "geometry": { "type": "Polygon", "coordinates": [ [ [ 557842.242421298637055, 8216240.283040727488697 ], [ 557842.242421298637055, 8216210.283040727488697 ], [ 557902.242421298637055, 8216210.283040727488697 ], [ 557902.242421298637055, 8216240.283040727488697 ], [ 557842.242421298637055, 8216240.283040727488697 ] ] ] } },
{ "type": "Feature", "properties": { "ano": 2010, "camada": "agua", "area_km2": 0.0027 }, "geometry": { "type": "Polygon", "coordinates": [ [ [ 558352.242421298637055, 8216240.283040727488697 ], [ 558352.242421298637055, 8216210.283040727488697 ], [ 558442.242421298637055, 8216210.283040727488697 ], [ 558442.242421298637055, 8216240.283040727488697 ], [ 558352.242421298637055, 8216240.283040727488697 ] ] ] } },
{ "type": "Feature", "properties": { "ano": 2010, "camada": "agua", "area_km2": 0.0009 }, "geometry": { "type": "Polygon", "coordinates": [ [ [ 558472.242421298637055, 8216240.283040727488697 ], [ 558472.242421298637055, 8216210.283040727488697 ], [ 558502.242421298637055, 8216210.283040727488697 ], [ 558502.242421298637055, 8216240.283040727488697 ], [ 558472.242421298637055, 8216240.283040727488697 ] ] ] } },
{ "type": "Feature", "properties": { "ano": 2010, "camada": "agua", "area_km2": 0.0009 }, "geometry": { "type": "Polygon", "coordinates": [ [ [ 561802.242421298637055, 8216240.283040727488697 ], [ 561802.242421298637055, 8216210.283040727488697 ], [ 561832.242421298637055, 8216210.283040727488697 ], [ 561832.242421298637055, 8216240.283040727488697 ], [ 561802.242421298637055, 8216240.283040727488697 ] ] ] } },
{ "type": "Feature", "properties": { "ano": 2010, "camada": "agua", "area_km2": 0.0009 }, "geometry": { "type": "Polygon", "coordinates": [ [ [ 569062.242421298637055, 8216240.283040727488697 ], [ 569062.242421298637055, 8216210.283040727488697 ], [ 569092.242421298637055, 8216210.283040727488697 ], [ 569092.242421298637055, 8216240.283040727488697 ], [ 569062.242421298637055, 8216240.283040727488697 ] ] ] } },
{ "type": "Feature", "properties": { "ano": 2010, "camada": "agua", "area_km2": 0.0009 }, "geometry": { "type": "Polygon", "coordinates": [ [ [ 554602.242421298637055, 8216210.283040727488697 ], [ 554602.242421298637055, 8216180.283040727488697 ], [ 554632.242421298637055, 8216180.283040727488697 ], [ 554632.242421298637055, 8216210.283040727488697 ], [ 554602.242421298637055, 8216210.283040727488697 ] ] ] } },
{ "type": "Feature", "properties": { "ano": 2010, "camada": "agua", "area_km2": 0.0009 }, "geometry": { "type": "Polygon", "coordinates": [ [ [ 561862.242421298637055, 8216210.283040727488697 ], [ 561862.242421298637055, 8216180.283040727488697 ], [ 561892.242421298637055, 8216180.283040727488697 ], [ 561892.242421298637055, 8216210.283040727488697 ], [ 561862.242421298637055, 8216210.283040727488697 ] ] ] } },
{ "type": "Feature", "properties": { "ano": 2010, "camada": "agua", "area_km2": 0.0009 }, "geometry": { "type": "Polygon", "coordinates": [ [ [ 562162.242421298637055, 8216210.283040727488697 ], [ 562162.242421298637055, 8216180.283040727488697 ], [ 562192.242421298637055, 8216180.283040727488697 ], [ 562192.242421298637055, 8216210.283040727488697 ], [ 562162.242421298637055, 8216210.283040727488697 ] ] ] } },
{ "type": "Feature", "properties": { "ano": 2010, "camada": "agua", "area_km2": 0.0009 }, "geometry": { "type": "Polygon", "coordinates": [ [ [ 561682.242421298637055, 8216180.283040727488697 ], [ 561682.242421298637055, 8216150.283040727488697 ], [ 561712.242421298637055, 8216150.283040727488697 ], [ 561712.242421298637055, 8216180.283040727488697 ], [ 561682.242421298637055, 8216180.283040727488697 ] ] ] } },
{ "type": "Feature", "properties": { "ano": 2010, "camada": "agua", "area_km2": 0.0009 }, "geometry": { "type": "Polygon", "coordinates": [ [ [ 561892.242421298637055, 8216180.283040727488697 ], [ 561892.242421298637055, 8216150.283040727488697 ], [ 561922.242421298637055, 8216150.283040727488697 ], [ 561922.242421298637055, 8216180.283040727488697 ], [ 561892.242421298637055, 8216180.283040727488697 ] ] ] } },
{ "type": "Feature", "properties": { "ano": 2010, "camada": "agua", "area_km2": 0.0027 }, "geometry": { "type": "Polygon", "coordinates": [ [ [ 562402.242421298637055, 8216180.283040727488697 ], [ 562402.242421298637055, 8216150.283040727488697 ], [ 562432.242421298637055, 8216150.283040727488697 ], [ 562432.242421298637055, 8216120.283040727488697 ], [ 562462.242421298637055, 8216120.283040727488697 ], [ 562462.242421298637055, 8216180.283040727488697 ], [ 562402.242421298637055, 8216180.283040727488697 ] ] ] } },
{ "type": "Feature", "properties": { "ano": 2010, "camada": "agua", "area_km2": 0.0009 }, "geometry": { "type": "Polygon", "coordinates": [ [ [ 557062.242421298637055, 8216150.283040727488697 ], [ 557062.242421298637055, 8216120.283040727488697 ], [ 557092.242421298637055, 8216120.283040727488697 ], [ 557092.242421298637055, 8216150.283040727488697 ], [ 557062.242421298637055, 8216150.283040727488697 ] ] ] } },
{ "type": "Feature", "properties": { "ano": 2010, "camada": "agua", "area_km2": 0.0009 }, "geometry": { "type": "Polygon", "coordinates": [ [ [ 560182.242421298637055, 8216150.283040727488697 ], [ 560182.242421298637055, 8216120.283040727488697 ], [ 560212.242421298637055, 8216120.283040727488697 ], [ 560212.242421298637055, 8216150.283040727488697 ], [ 560182.242421298637055, 8216150.283040727488697 ] ] ] } },
{ "type": "Feature", "properties": { "ano": 2010, "camada": "agua", "area_km2": 0.0009 }, "geometry": { "type": "Polygon", "coordinates": [ [ [ 554662.242421298637055, 8216120.283040727488697 ], [ 554662.242421298637055, 8216090.283040727488697 ], [ 554692.242421298637055, 8216090.283040727488697 ], [ 554692.242421298637055, 8216120.283040727488697 ], [ 554662.242421298637055, 8216120.283040727488697 ] ] ] } },
{ "type": "Feature", "properties": { "ano": 2010, "camada": "agua", "area_km2": 0.0009 }, "geometry": { "type": "Polygon", "coordinates": [ [ [ 561952.242421298637055, 8216120.283040727488697 ], [ 561952.242421298637055, 8216090.283040727488697 ], [ 561982.242421298637055, 8216090.283040727488697 ], [ 561982.242421298637055, 8216120.283040727488697 ], [ 561952.242421298637055, 8216120.283040727488697 ] ] ] } },
{ "type": "Feature", "properties": { "ano": 2010, "camada": "agua", "area_km2": 0.0009 }, "geometry": { "type": "Polygon", "coordinates": [ [ [ 562222.242421298637055, 8216120.283040727488697 ], [ 562222.242421298637055, 8216090.283040727488697 ], [ 562252.242421298637055, 8216090.283040727488697 ], [ 562252.242421298637055, 8216120.283040727488697 ], [ 562222.242421298637055, 8216120.283040727488697 ] ] ] } },
{ "type": "Feature", "properties": { "ano": 2010, "camada": "agua", "area_km2": 0.0009 }, "geometry": { "type": "Polygon", "coordinates": [ [ [ 554692.242421298637055, 8216090.283040727488697 ], [ 554692.242421298637055, 8216060.283040727488697 ], [ 554722.242421298637055, 8216060.283040727488697 ], [ 554722.242421298637055, 8216090.283040727488697 ], [ 554692.242421298637055, 8216090.283040727488697 ] ] ] } },
{ "type": "Feature", "properties": { "ano": 2010, "camada": "agua", "area_km2": 0.0027 }, "geometry": { "type": "Polygon", "coordinates": [ [ [ 556882.242421298637055, 8216090.283040727488697 ], [ 556882.242421298637055, 8216060.283040727488697 ], [ 556972.242421298637055, 8216060.283040727488697 ], [ 556972.242421298637055, 8216090.283040727488697 ], [ 556882.242421298637055, 8216090.283040727488697 ] ] ] } },
{ "type": "Feature", "properties": { "ano": 2010, "camada": "agua", "area_km2": 0.0009 }, "geometry": { "type": "Polygon", "coordinates": [ [ [ 559882.242421298637055, 8216090.283040727488697 ], [ 559882.242421298637055, 8216060.283040727488697 ], [ 559912.242421298637055, 8216060.283040727488697 ], [ 559912.242421298637055, 8216090.283040727488697 ], [ 559882.242421298637055, 8216090.283040727488697 ] ] ] } },
{ "type": "Feature", "properties": { "ano": 2010, "camada": "agua", "area_km2": 0.0009 }, "geometry": { "type": "Polygon", "coordinates": [ [ [ 560212.242421298637055, 8216090.283040727488697 ], [ 560212.242421298637055, 8216060.283040727488697 ], [ 560242.242421298637055, 8216060.283040727488697 ], [ 560242.242421298637055, 8216090.283040727488697 ], [ 560212.242421298637055, 8216090.283040727488697 ] ] ] } },
{ "type": "Feature", "properties": { "ano": 2010, "camada": "agua", "area_km2": 0.0009 }, "geometry": { "type": "Polygon", "coordinates": [ [ [ 562252.242421298637055, 8216090.283040727488697 ], [ 562252.242421298637055, 8216060.283040727488697 ], [ 562282.242421298637055, 8216060.283040727488697 ], [ 562282.242421298637055, 8216090.283040727488697 ], [ 562252.242421298637055, 8216090.283040727488697 ] ] ] } },
{ "type": "Feature", "properties": { "ano": 2010, "camada": "agua", "area_km2": 0.0009 }, "geometry": { "type": "Polygon", "coordinates": [ [ [ 554722.242421298637055, 8216030.283040727488697 ], [ 554722.242421298637055, 8216000.283040727488697 ], [ 554752.242421298637055, 8216000.283040727488697 ], [ 554752.242421298637055, 8216030.283040727488697 ], [ 554722.242421298637055, 8216030.283040727488697 ] ] ] } },
{ "type": "Feature", "properties": { "ano": 2010, "camada": "agua", "area_km2": 0.0018 }, "geometry": { "type": "Polygon", "coordinates": [ [ [ 559942.242421298637055, 8216030.283040727488697 ], [ 559942.242421298637055, 8216000.283040727488697 ], [ 560002.242421298637055, 8216000.283040727488697 ], [ 560002.242421298637055, 8216030.283040727488697 ], [ 559942.242421298637055, 8216030.283040727488697 ] ] ] } },
{ "type": "Feature", "properties": { "ano": 2010, "camada": "agua", "area_km2": 0.0018 }, "geometry": { "type": "Polygon", "coordinates": [ [ [ 560092.242421298637055, 8216030.283040727488697 ], [ 560092.242421298637055, 8216000.283040727488697 ], [ 560152.242421298637055, 8216000.283040727488697 ], [ 560152.242421298637055, 8216030.283040727488697 ], [ 560092.242421298637055, 8216030.283040727488697 ] ] ] } },
{ "type": "Feature", "properties": { "ano": 2010, "camada": "agua", "area_km2": 0.0009 }, "geometry": { "type": "Polygon", "coordinates": [ [ [ 562522.242421298637055, 8216030.283040727488697 ], [ 562522.242421298637055, 8216000.283040727488697 ], [ 562552.242421298637055, 8216000.283040727488697 ], [ 562552.242421298637055, 8216030.283040727488697 ], [ 562522.242421298637055, 8216030.283040727488697 ] ] ] } },
{ "type": "Feature", "properties": { "ano": 2010, "camada": "agua", "area_km2": 0.0009 }, "geometry": { "type": "Polygon", "coordinates": [ [ [ 554752.242421298637055, 8216000.283040727488697 ], [ 554752.242421298637055, 8215970.283040727488697 ], [ 554782.242421298637055, 8215970.283040727488697 ], [ 554782.242421298637055, 8216000.283040727488697 ], [ 554752.242421298637055, 8216000.283040727488697 ] ] ] } },
{ "type": "Feature", "properties": { "ano": 2010, "camada": "agua", "area_km2": 0.0009 }, "geometry": { "type": "Polygon", "coordinates": [ [ [ 562582.242421298637055, 8215970.283040727488697 ], [ 562582.242421298637055, 8215940.283040727488697 ], [ 562612.242421298637055, 8215940.283040727488697 ], [ 562612.242421298637055, 8215970.283040727488697 ], [ 562582.242421298637055, 8215970.283040727488697 ] ] ] } },
{ "type": "Feature", "properties": { "ano": 2010, "camada": "agua", "area_km2": 0.0009 }, "geometry": { "type": "Polygon", "coordinates": [ [ [ 569092.242421298637055, 8215970.283040727488697 ], [ 569092.242421298637055, 8215940.283040727488697 ], [ 569122.242421298637055, 8215940.283040727488697 ], [ 569122.242421298637055, 8215970.283040727488697 ], [ 569092.242421298637055, 8215970.283040727488697 ] ] ] } },
{ "type": "Feature", "properties": { "ano": 2010, "camada": "agua", "area_km2": 0.0009 }, "geometry": { "type": "Polygon", "coordinates": [ [ [ 562612.242421298637055, 8215940.283040727488697 ], [ 562612.242421298637055, 8215910.283040727488697 ], [ 562642.242421298637055, 8215910.283040727488697 ], [ 562642.242421298637055, 8215940.283040727488697 ], [ 562612.242421298637055, 8215940.283040727488697 ] ] ] } },
{ "type": "Feature", "properties": { "ano": 2010, "camada": "agua", "area_km2": 0.0009 }, "geometry": { "type": "Polygon", "coordinates": [ [ [ 569062.242421298637055, 8215940.283040727488697 ], [ 569062.242421298637055, 8215910.283040727488697 ], [ 569092.242421298637055, 8215910.283040727488697 ], [ 569092.242421298637055, 8215940.283040727488697 ], [ 569062.242421298637055, 8215940.283040727488697 ] ] ] } },
{ "type": "Feature", "properties": { "ano": 2010, "camada": "agua", "area_km2": 0.0009 }, "geometry": { "type": "Polygon", "coordinates": [ [ [ 569032.242421298637055, 8215910.283040727488697 ], [ 569032.242421298637055, 8215880.283040727488697 ], [ 569062.242421298637055, 8215880.283040727488697 ], [ 569062.242421298637055, 8215910.283040727488697 ], [ 569032.242421298637055, 8215910.283040727488697 ] ] ] } },
{ "type": "Feature", "properties": { "ano": 2010, "camada": "agua", "area_km2": 0.0009 }, "geometry": { "type": "Polygon", "coordinates": [ [ [ 554872.242421298637055, 8215880.283040727488697 ], [ 554872.242421298637055, 8215850.283040727488697 ], [ 554902.242421298637055, 8215850.283040727488697 ], [ 554902.242421298637055, 8215880.283040727488697 ], [ 554872.242421298637055, 8215880.283040727488697 ] ] ] } },
{ "type": "Feature", "properties": { "ano": 2010, "camada": "agua", "area_km2": 0.0009 }, "geometry": { "type": "Polygon", "coordinates": [ [ [ 569002.242421298637055, 8215880.283040727488697 ], [ 569002.242421298637055, 8215850.283040727488697 ], [ 569032.242421298637055, 8215850.283040727488697 ], [ 569032.242421298637055, 8215880.283040727488697 ], [ 569002.242421298637055, 8215880.283040727488697 ] ] ] } },
{ "type": "Feature", "properties": { "ano": 2010, "camada": "agua", "area_km2": 0.0018 }, "geometry": { "type": "Polygon", "coordinates": [ [ [ 569062.242421298637055, 8215880.283040727488697 ], [ 569062.242421298637055, 8215820.283040727488697 ], [ 569092.242421298637055, 8215820.283040727488697 ], [ 569092.242421298637055, 8215880.283040727488697 ], [ 569062.242421298637055, 8215880.283040727488697 ] ] ] } },
{ "type": "Feature", "properties": { "ano": 2010, "camada": "agua", "area_km2": 0.0009 }, "geometry": { "type": "Polygon", "coordinates": [ [ [ 554932.242421298637055, 8215850.283040727488697 ], [ 554932.242421298637055, 8215820.283040727488697 ], [ 554962.242421298637055, 8215820.283040727488697 ], [ 554962.242421298637055, 8215850.283040727488697 ], [ 554932.242421298637055, 8215850.283040727488697 ] ] ] } },
{ "type": "Feature", "properties": { "ano": 2010, "camada": "agua", "area_km2": 0.0027 }, "geometry": { "type": "Polygon", "coordinates": [ [ [ 555082.242421298637055, 8215850.283040727488697 ], [ 555082.242421298637055, 8215820.283040727488697 ], [ 555172.242421298637055, 8215820.283040727488697 ], [ 555172.242421298637055, 8215850.283040727488697 ], [ 555082.242421298637055, 8215850.283040727488697 ] ] ] } },
{ "type": "Feature", "properties": { "ano": 2010, "camada": "agua", "area_km2": 0.0009 }, "geometry": { "type": "Polygon", "coordinates": [ [ [ 555412.242421298637055, 8215850.283040727488697 ], [ 555412.242421298637055, 8215820.283040727488697 ], [ 555442.242421298637055, 8215820.283040727488697 ], [ 555442.242421298637055, 8215850.283040727488697 ], [ 555412.242421298637055, 8215850.283040727488697 ] ] ] } },
{ "type": "Feature", "properties": { "ano": 2010, "camada": "agua", "area_km2": 0.0009 }, "geometry": { "type": "Polygon", "coordinates": [ [ [ 562672.242421298637055, 8215850.283040727488697 ], [ 562672.242421298637055, 8215820.283040727488697 ], [ 562702.242421298637055, 8215820.283040727488697 ], [ 562702.242421298637055, 8215850.283040727488697 ], [ 562672.242421298637055, 8215850.283040727488697 ] ] ] } },
{ "type": "Feature", "properties": { "ano": 2010, "camada": "agua", "area_km2": 0.0009 }, "geometry": { "type": "Polygon", "coordinates": [ [ [ 568972.242421298637055, 8215850.283040727488697 ], [ 568972.242421298637055, 8215820.283040727488697 ], [ 569002.242421298637055, 8215820.283040727488697 ], [ 569002.242421298637055, 8215850.283040727488697 ], [ 568972.242421298637055, 8215850.283040727488697 ] ] ] } },
{ "type": "Feature", "properties": { "ano": 2010, "camada": "agua", "area_km2": 0.0009 }, "geometry": { "type": "Polygon", "coordinates": [ [ [ 555502.242421298637055, 8215790.283040727488697 ], [ 555502.242421298637055, 8215760.283040727488697 ], [ 555532.242421298637055, 8215760.283040727488697 ], [ 555532.242421298637055, 8215790.283040727488697 ], [ 555502.242421298637055, 8215790.283040727488697 ] ] ] } },
{ "type": "Feature", "properties": { "ano": 2010, "camada": "agua", "area_km2": 0.0009 }, "geometry": { "type": "Polygon", "coordinates": [ [ [ 555532.242421298637055, 8215760.283040727488697 ], [ 555532.242421298637055, 8215730.283040727488697 ], [ 555562.242421298637055, 8215730.283040727488697 ], [ 555562.242421298637055, 8215760.283040727488697 ], [ 555532.242421298637055, 8215760.283040727488697 ] ] ] } },
{ "type": "Feature", "properties": { "ano": 2010, "camada": "agua", "area_km2": 0.0009 }, "geometry": { "type": "Polygon", "coordinates": [ [ [ 555562.242421298637055, 8215730.283040727488697 ], [ 555562.242421298637055, 8215700.283040727488697 ], [ 555592.242421298637055, 8215700.283040727488697 ], [ 555592.242421298637055, 8215730.283040727488697 ], [ 555562.242421298637055, 8215730.283040727488697 ] ] ] } },
{ "type": "Feature", "properties": { "ano": 2010, "camada": "agua", "area_km2": 0.0027 }, "geometry": { "type": "Polygon", "coordinates": [ [ [ 560602.242421298637055, 8215730.283040727488697 ], [ 560602.242421298637055, 8215700.283040727488697 ], [ 560692.242421298637055, 8215700.283040727488697 ], [ 560692.242421298637055, 8215730.283040727488697 ], [ 560602.242421298637055, 8215730.283040727488697 ] ] ] } },
{ "type": "Feature", "properties": { "ano": 2010, "camada": "agua", "area_km2": 0.0009 }, "geometry": { "type": "Polygon", "coordinates": [ [ [ 562792.242421298637055, 8215730.283040727488697 ], [ 562792.242421298637055, 8215700.283040727488697 ], [ 562822.242421298637055, 8215700.283040727488697 ], [ 562822.242421298637055, 8215730.283040727488697 ], [ 562792.242421298637055, 8215730.283040727488697 ] ] ] } },
{ "type": "Feature", "properties": { "ano": 2010, "camada": "agua", "area_km2": 0.0009 }, "geometry": { "type": "Polygon", "coordinates": [ [ [ 568942.242421298637055, 8215730.283040727488697 ], [ 568942.242421298637055, 8215700.283040727488697 ], [ 568972.242421298637055, 8215700.283040727488697 ], [ 568972.242421298637055, 8215730.283040727488697 ], [ 568942.242421298637055, 8215730.283040727488697 ] ] ] } },
{ "type": "Feature", "properties": { "ano": 2010, "camada": "agua", "area_km2": 0.0009 }, "geometry": { "type": "Polygon", "coordinates": [ [ [ 560932.242421298637055, 8215700.283040727488697 ], [ 560932.242421298637055, 8215670.283040727488697 ], [ 560962.242421298637055, 8215670.283040727488697 ], [ 560962.242421298637055, 8215700.283040727488697 ], [ 560932.242421298637055, 8215700.283040727488697 ] ] ] } },
{ "type": "Feature", "properties": { "ano": 2010, "camada": "agua", "area_km2": 0.0009 }, "geometry": { "type": "Polygon", "coordinates": [ [ [ 562822.242421298637055, 8215700.283040727488697 ], [ 562822.242421298637055, 8215670.283040727488697 ], [ 562852.242421298637055, 8215670.283040727488697 ], [ 562852.242421298637055, 8215700.283040727488697 ], [ 562822.242421298637055, 8215700.283040727488697 ] ] ] } },
{ "type": "Feature", "properties": { "ano": 2010, "camada": "agua", "area_km2": 0.0018 }, "geometry": { "type": "Polygon", "coordinates": [ [ [ 568882.242421298637055, 8215700.283040727488697 ], [ 568882.242421298637055, 8215670.283040727488697 ], [ 568942.242421298637055, 8215670.283040727488697 ], [ 568942.242421298637055, 8215700.283040727488697 ], [ 568882.242421298637055, 8215700.283040727488697 ] ] ] } },
{ "type": "Feature", "properties": { "ano": 2010, "camada": "agua", "area_km2": 0.0018 }, "geometry": { "type": "Polygon", "coordinates": [ [ [ 560542.242421298637055, 8215700.283040727488697 ], [ 560542.242421298637055, 8215640.283040727488697 ], [ 560572.242421298637055, 8215640.283040727488697 ], [ 560572.242421298637055, 8215700.283040727488697 ], [ 560542.242421298637055, 8215700.283040727488697 ] ] ] } },
{ "type": "Feature", "properties": { "ano": 2010, "camada": "agua", "area_km2": 0.0009 }, "geometry": { "type": "Polygon", "coordinates": [ [ [ 561022.242421298637055, 8215670.283040727488697 ], [ 561022.242421298637055, 8215640.283040727488697 ], [ 561052.242421298637055, 8215640.283040727488697 ], [ 561052.242421298637055, 8215670.283040727488697 ], [ 561022.242421298637055, 8215670.283040727488697 ] ] ] } },
{ "type": "Feature", "properties": { "ano": 2010, "camada": "agua", "area_km2": 0.0009 }, "geometry": { "type": "Polygon", "coordinates": [ [ [ 562852.242421298637055, 8215670.283040727488697 ], [ 562852.242421298637055, 8215640.283040727488697 ], [ 562882.242421298637055, 8215640.283040727488697 ], [ 562882.242421298637055, 8215670.283040727488697 ], [ 562852.242421298637055, 8215670.283040727488697 ] ] ] } },
{ "type": "Feature", "properties": { "ano": 2010, "camada": "agua", "area_km2": 0.0009 }, "geometry": { "type": "Polygon", "coordinates": [ [ [ 568792.242421298637055, 8215670.283040727488697 ], [ 568792.242421298637055, 8215640.283040727488697 ], [ 568822.242421298637055, 8215640.283040727488697 ], [ 568822.242421298637055, 8215670.283040727488697 ], [ 568792.242421298637055, 8215670.283040727488697 ] ] ] } },
{ "type": "Feature", "properties": { "ano": 2010, "camada": "agua", "area_km2": 0.0009 }, "geometry": { "type": "Polygon", "coordinates": [ [ [ 560512.242421298637055, 8215640.283040727488697 ], [ 560512.242421298637055, 8215610.283040727488697 ], [ 560542.242421298637055, 8215610.283040727488697 ], [ 560542.242421298637055, 8215640.283040727488697 ], [ 560512.242421298637055, 8215640.283040727488697 ] ] ] } },
{ "type": "Feature", "properties": { "ano": 2010, "camada": "agua", "area_km2": 0.0009 }, "geometry": { "type": "Polygon", "coordinates": [ [ [ 561112.242421298637055, 8215640.283040727488697 ], [ 561112.242421298637055, 8215610.283040727488697 ], [ 561142.242421298637055, 8215610.283040727488697 ], [ 561142.242421298637055, 8215640.283040727488697 ], [ 561112.242421298637055, 8215640.283040727488697 ] ] ] } },
{ "type": "Feature", "properties": { "ano": 2010, "camada": "agua", "area_km2": 0.0009 }, "geometry": { "type": "Polygon", "coordinates": [ [ [ 562882.242421298637055, 8215640.283040727488697 ], [ 562882.242421298637055, 8215610.283040727488697 ], [ 562912.242421298637055, 8215610.283040727488697 ], [ 562912.242421298637055, 8215640.283040727488697 ], [ 562882.242421298637055, 8215640.283040727488697 ] ] ] } },
{ "type": "Feature", "properties": { "ano": 2010, "camada": "agua", "area_km2": 0.0009 }, "geometry": { "type": "Polygon", "coordinates": [ [ [ 555682.242421298637055, 8215610.283040727488697 ], [ 555682.242421298637055, 8215580.283040727488697 ], [ 555712.242421298637055, 8215580.283040727488697 ], [ 555712.242421298637055, 8215610.283040727488697 ], [ 555682.242421298637055, 8215610.283040727488697 ] ] ] } },
{ "type": "Feature", "properties": { "ano": 2010, "camada": "agua", "area_km2": 0.0027 }, "geometry": { "type": "Polygon", "coordinates": [ [ [ 556672.242421298637055, 8215610.283040727488697 ], [ 556672.242421298637055, 8215580.283040727488697 ], [ 556762.242421298637055, 8215580.283040727488697 ], [ 556762.242421298637055, 8215610.283040727488697 ], [ 556672.242421298637055, 8215610.283040727488697 ] ] ] } },
{ "type": "Feature", "properties": { "ano": 2010, "camada": "agua", "area_km2": 0.0018 }, "geometry": { "type": "Polygon", "coordinates": [ [ [ 559852.242421298637055, 8215610.283040727488697 ], [ 559852.242421298637055, 8215580.283040727488697 ], [ 559912.242421298637055, 8215580.283040727488697 ], [ 559912.242421298637055, 8215610.283040727488697 ], [ 559852.242421298637055, 8215610.283040727488697 ] ] ] } },
{ "type": "Feature", "properties": { "ano": 2010, "camada": "agua", "area_km2": 0.0009 }, "geometry": { "type": "Polygon", "coordinates": [ [ [ 560482.242421298637055, 8215610.283040727488697 ], [ 560482.242421298637055, 8215580.283040727488697 ], [ 560512.242421298637055, 8215580.283040727488697 ], [ 560512.242421298637055, 8215610.283040727488697 ], [ 560482.242421298637055, 8215610.283040727488697 ] ] ] } },
{ "type": "Feature", "properties": { "ano": 2010, "camada": "agua", "area_km2": 0.0045 }, "geometry": { "type": "Polygon", "coordinates": [ [ [ 560602.242421298637055, 8215640.283040727488697 ], [ 560602.242421298637055, 8215610.283040727488697 ], [ 560572.242421298637055, 8215610.283040727488697 ], [ 560572.242421298637055, 8215580.283040727488697 ], [ 560662.242421298637055, 8215580.283040727488697 ], [ 560662.242421298637055, 8215640.283040727488697 ], [ 560602.242421298637055, 8215640.283040727488697 ] ] ] } },
{ "type": "Feature", "properties": { "ano": 2010, "camada": "agua", "area_km2": 0.0009 }, "geometry": { "type": "Polygon", "coordinates": [ [ [ 561172.242421298637055, 8215610.283040727488697 ], [ 561172.242421298637055, 8215580.283040727488697 ], [ 561202.242421298637055, 8215580.283040727488697 ], [ 561202.242421298637055, 8215610.283040727488697 ], [ 561172.242421298637055, 8215610.283040727488697 ] ] ] } },
{ "type": "Feature", "properties": { "ano": 2010, "camada": "agua", "area_km2": 0.0009 }, "geometry": { "type": "Polygon", "coordinates": [ [ [ 555712.242421298637055, 8215580.283040727488697 ], [ 555712.242421298637055, 8215550.283040727488697 ], [ 555742.242421298637055, 8215550.283040727488697 ], [ 555742.242421298637055, 8215580.283040727488697 ], [ 555712.242421298637055, 8215580.283040727488697 ] ] ] } },
{ "type": "Feature", "properties": { "ano": 2010, "camada": "agua", "area_km2": 0.0009 }, "geometry": { "type": "Polygon", "coordinates": [ [ [ 556612.242421298637055, 8215580.283040727488697 ], [ 556612.242421298637055, 8215550.283040727488697 ], [ 556642.242421298637055, 8215550.283040727488697 ], [ 556642.242421298637055, 8215580.283040727488697 ], [ 556612.242421298637055, 8215580.283040727488697 ] ] ] } },
{ "type": "Feature", "properties": { "ano": 2010, "camada": "agua", "area_km2": 0.0063 }, "geometry": { "type": "Polygon", "coordinates": [ [ [ 557782.242421298637055, 8215580.283040727488697 ], [ 557782.242421298637055, 8215550.283040727488697 ], [ 557992.242421298637055, 8215550.283040727488697 ], [ 557992.242421298637055, 8215580.283040727488697 ], [ 557782.242421298637055, 8215580.283040727488697 ] ] ] } },
{ "type": "Feature", "properties": { "ano": 2010, "camada": "agua", "area_km2": 0.0063 }, "geometry": { "type": "Polygon", "coordinates": [ [ [ 558082.242421298637055, 8215580.283040727488697 ], [ 558082.242421298637055, 8215550.283040727488697 ], [ 558292.242421298637055, 8215550.283040727488697 ], [ 558292.242421298637055, 8215580.283040727488697 ], [ 558082.242421298637055, 8215580.283040727488697 ] ] ] } },
{ "type": "Feature", "properties": { "ano": 2010, "camada": "agua", "area_km2": 0.0018 }, "geometry": { "type": "Polygon", "coordinates": [ [ [ 559972.242421298637055, 8215580.283040727488697 ], [ 559972.242421298637055, 8215550.283040727488697 ], [ 560032.242421298637055, 8215550.283040727488697 ], [ 560032.242421298637055, 8215580.283040727488697 ], [ 559972.242421298637055, 8215580.283040727488697 ] ] ] } },
{ "type": "Feature", "properties": { "ano": 2010, "camada": "agua", "area_km2": 0.0009 }, "geometry": { "type": "Polygon", "coordinates": [ [ [ 560392.242421298637055, 8215580.283040727488697 ], [ 560392.242421298637055, 8215550.283040727488697 ], [ 560422.242421298637055, 8215550.283040727488697 ], [ 560422.242421298637055, 8215580.283040727488697 ], [ 560392.242421298637055, 8215580.283040727488697 ] ] ] } },
{ "type": "Feature", "properties": { "ano": 2010, "camada": "agua", "area_km2": 0.0009 }, "geometry": { "type": "Polygon", "coordinates": [ [ [ 561202.242421298637055, 8215580.283040727488697 ], [ 561202.242421298637055, 8215550.283040727488697 ], [ 561232.242421298637055, 8215550.283040727488697 ], [ 561232.242421298637055, 8215580.283040727488697 ], [ 561202.242421298637055, 8215580.283040727488697 ] ] ] } },
{ "type": "Feature", "properties": { "ano": 2010, "camada": "agua", "area_km2": 0.0009 }, "geometry": { "type": "Polygon", "coordinates": [ [ [ 568732.242421298637055, 8215580.283040727488697 ], [ 568732.242421298637055, 8215550.283040727488697 ], [ 568762.242421298637055, 8215550.283040727488697 ], [ 568762.242421298637055, 8215580.283040727488697 ], [ 568732.242421298637055, 8215580.283040727488697 ] ] ] } },
{ "type": "Feature", "properties": { "ano": 2010, "camada": "agua", "area_km2": 0.0054 }, "geometry": { "type": "Polygon", "coordinates": [ [ [ 559702.242421298637055, 8215580.283040727488697 ], [ 559702.242421298637055, 8215550.283040727488697 ], [ 559822.242421298637055, 8215550.283040727488697 ], [ 559822.242421298637055, 8215520.283040727488697 ], [ 559852.242421298637055, 8215520.283040727488697 ], [ 559852.242421298637055, 8215580.283040727488697 ], [ 559702.242421298637055, 8215580.283040727488697 ] ] ] } },
{ "type": "Feature", "properties": { "ano": 2010, "camada": "agua", "area_km2": 0.0018 }, "geometry": { "type": "Polygon", "coordinates": [ [ [ 555742.242421298637055, 8215550.283040727488697 ], [ 555742.242421298637055, 8215520.283040727488697 ], [ 555802.242421298637055, 8215520.283040727488697 ], [ 555802.242421298637055, 8215550.283040727488697 ], [ 555742.242421298637055, 8215550.283040727488697 ] ] ] } },
{ "type": "Feature", "properties": { "ano": 2010, "camada": "agua", "area_km2": 0.0018 }, "geometry": { "type": "Polygon", "coordinates": [ [ [ 557602.242421298637055, 8215550.283040727488697 ], [ 557602.242421298637055, 8215520.283040727488697 ], [ 557662.242421298637055, 8215520.283040727488697 ], [ 557662.242421298637055, 8215550.283040727488697 ], [ 557602.242421298637055, 8215550.283040727488697 ] ] ] } },
{ "type": "Feature", "properties": { "ano": 2010, "camada": "agua", "area_km2": 0.0009 }, "geometry": { "type": "Polygon", "coordinates": [ [ [ 558352.242421298637055, 8215550.283040727488697 ], [ 558352.242421298637055, 8215520.283040727488697 ], [ 558382.242421298637055, 8215520.283040727488697 ], [ 558382.242421298637055, 8215550.283040727488697 ], [ 558352.242421298637055, 8215550.283040727488697 ] ] ] } },
{ "type": "Feature", "properties": { "ano": 2010, "camada": "agua", "area_km2": 0.0027 }, "geometry": { "type": "Polygon", "coordinates": [ [ [ 559612.242421298637055, 8215550.283040727488697 ], [ 559612.242421298637055, 8215520.283040727488697 ], [ 559702.242421298637055, 8215520.283040727488697 ], [ 559702.242421298637055, 8215550.283040727488697 ], [ 559612.242421298637055, 8215550.283040727488697 ] ] ] } },
{ "type": "Feature", "properties": { "ano": 2010, "camada": "agua", "area_km2": 0.0009 }, "geometry": { "type": "Polygon", "coordinates": [ [ [ 561232.242421298637055, 8215550.283040727488697 ], [ 561232.242421298637055, 8215520.283040727488697 ], [ 561262.242421298637055, 8215520.283040727488697 ], [ 561262.242421298637055, 8215550.283040727488697 ], [ 561232.242421298637055, 8215550.283040727488697 ] ] ] } },
{ "type": "Feature", "properties": { "ano": 2010, "camada": "agua", "area_km2": 0.0018 }, "geometry": { "type": "Polygon", "coordinates": [ [ [ 568792.242421298637055, 8215550.283040727488697 ], [ 568792.242421298637055, 8215490.283040727488697 ], [ 568822.242421298637055, 8215490.283040727488697 ], [ 568822.242421298637055, 8215550.283040727488697 ], [ 568792.242421298637055, 8215550.283040727488697 ] ] ] } },
{ "type": "Feature", "properties": { "ano": 2010, "camada": "agua", "area_km2": 0.0009 }, "geometry": { "type": "Polygon", "coordinates": [ [ [ 555802.242421298637055, 8215520.283040727488697 ], [ 555802.242421298637055, 8215490.283040727488697 ], [ 555832.242421298637055, 8215490.283040727488697 ], [ 555832.242421298637055, 8215520.283040727488697 ], [ 555802.242421298637055, 8215520.283040727488697 ] ] ] } },
{ "type": "Feature", "properties": { "ano": 2010, "camada": "agua", "area_km2": 0.0009 }, "geometry": { "type": "Polygon", "coordinates": [ [ [ 556792.242421298637055, 8215520.283040727488697 ], [ 556792.242421298637055, 8215490.283040727488697 ], [ 556822.242421298637055, 8215490.283040727488697 ], [ 556822.242421298637055, 8215520.283040727488697 ], [ 556792.242421298637055, 8215520.283040727488697 ] ] ] } },
{ "type": "Feature", "properties": { "ano": 2010, "camada": "agua", "area_km2": 0.0009 }, "geometry": { "type": "Polygon", "coordinates": [ [ [ 557482.242421298637055, 8215520.283040727488697 ], [ 557482.242421298637055, 8215490.283040727488697 ], [ 557512.242421298637055, 8215490.283040727488697 ], [ 557512.242421298637055, 8215520.283040727488697 ], [ 557482.242421298637055, 8215520.283040727488697 ] ] ] } },
{ "type": "Feature", "properties": { "ano": 2010, "camada": "agua", "area_km2": 0.0018 }, "geometry": { "type": "Polygon", "coordinates": [ [ [ 558412.242421298637055, 8215520.283040727488697 ], [ 558412.242421298637055, 8215490.283040727488697 ], [ 558472.242421298637055, 8215490.283040727488697 ], [ 558472.242421298637055, 8215520.283040727488697 ], [ 558412.242421298637055, 8215520.283040727488697 ] ] ] } },
{ "type": "Feature", "properties": { "ano": 2010, "camada": "agua", "area_km2": 0.0027 }, "geometry": { "type": "Polygon", "coordinates": [ [ [ 559492.242421298637055, 8215520.283040727488697 ], [ 559492.242421298637055, 8215490.283040727488697 ], [ 559582.242421298637055, 8215490.283040727488697 ], [ 559582.242421298637055, 8215520.283040727488697 ], [ 559492.242421298637055, 8215520.283040727488697 ] ] ] } },
{ "type": "Feature", "properties": { "ano": 2010, "camada": "agua", "area_km2": 0.0009 }, "geometry": { "type": "Polygon", "coordinates": [ [ [ 563032.242421298637055, 8215520.283040727488697 ], [ 563032.242421298637055, 8215490.283040727488697 ], [ 563062.242421298637055, 8215490.283040727488697 ], [ 563062.242421298637055, 8215520.283040727488697 ], [ 563032.242421298637055, 8215520.283040727488697 ] ] ] } },
{ "type": "Feature", "properties": { "ano": 2010, "camada": "agua", "area_km2": 0.0009 }, "geometry": { "type": "Polygon", "coordinates": [ [ [ 555862.242421298637055, 8215490.283040727488697 ], [ 555862.242421298637055, 8215460.283040727488697 ], [ 555892.242421298637055, 8215460.283040727488697 ], [ 555892.242421298637055, 8215490.283040727488697 ], [ 555862.242421298637055, 8215490.283040727488697 ] ] ] } },
{ "type": "Feature", "properties": { "ano": 2010, "camada": "agua", "area_km2": 0.0063 }, "geometry": { "type": "Polygon", "coordinates": [ [ [ 557062.242421298637055, 8215490.283040727488697 ], [ 557062.242421298637055, 8215460.283040727488697 ], [ 557272.242421298637055, 8215460.283040727488697 ], [ 557272.242421298637055, 8215490.283040727488697 ], [ 557062.242421298637055, 8215490.283040727488697 ] ] ] } },
{ "type": "Feature", "properties": { "ano": 2010, "camada": "agua", "area_km2": 0.0036 }, "geometry": { "type": "Polygon", "coordinates": [ [ [ 557302.242421298637055, 8215490.283040727488697 ], [ 557302.242421298637055, 8215460.283040727488697 ], [ 557422.242421298637055, 8215460.283040727488697 ], [ 557422.242421298637055, 8215490.283040727488697 ], [ 557302.242421298637055, 8215490.283040727488697 ] ] ] } },
{ "type": "Feature", "properties": { "ano": 2010, "camada": "agua", "area_km2": 0.0009 }, "geometry": { "type": "Polygon", "coordinates": [ [ [ 558502.242421298637055, 8215490.283040727488697 ], [ 558502.242421298637055, 8215460.283040727488697 ], [ 558532.242421298637055, 8215460.283040727488697 ], [ 558532.242421298637055, 8215490.283040727488697 ], [ 558502.242421298637055, 8215490.283040727488697 ] ] ] } },
{ "type": "Feature", "properties": { "ano": 2010, "camada": "agua", "area_km2": 0.0009 }, "geometry": { "type": "Polygon", "coordinates": [ [ [ 559432.242421298637055, 8215490.283040727488697 ], [ 559432.242421298637055, 8215460.283040727488697 ], [ 559462.242421298637055, 8215460.283040727488697 ], [ 559462.242421298637055, 8215490.283040727488697 ], [ 559432.242421298637055, 8215490.283040727488697 ] ] ] } },
{ "type": "Feature", "properties": { "ano": 2010, "camada": "agua", "area_km2": 0.0009 }, "geometry": { "type": "Polygon", "coordinates": [ [ [ 568702.242421298637055, 8215490.283040727488697 ], [ 568702.242421298637055, 8215460.283040727488697 ], [ 568732.242421298637055, 8215460.283040727488697 ], [ 568732.242421298637055, 8215490.283040727488697 ], [ 568702.242421298637055, 8215490.283040727488697 ] ] ] } },
{ "type": "Feature", "properties": { "ano": 2010, "camada": "agua", "area_km2": 0.0009 }, "geometry": { "type": "Polygon", "coordinates": [ [ [ 555922.242421298637055, 8215460.283040727488697 ], [ 555922.242421298637055, 8215430.283040727488697 ], [ 555952.242421298637055, 8215430.283040727488697 ], [ 555952.242421298637055, 8215460.283040727488697 ], [ 555922.242421298637055, 8215460.283040727488697 ] ] ] } },
{ "type": "Feature", "properties": { "ano": 2010, "camada": "agua", "area_km2": 0.0009 }, "geometry": { "type": "Polygon", "coordinates": [ [ [ 556942.242421298637055, 8215460.283040727488697 ], [ 556942.242421298637055, 8215430.283040727488697 ], [ 556972.242421298637055, 8215430.283040727488697 ], [ 556972.242421298637055, 8215460.283040727488697 ], [ 556942.242421298637055, 8215460.283040727488697 ] ] ] } },
{ "type": "Feature", "properties": { "ano": 2010, "camada": "agua", "area_km2": 0.0009 }, "geometry": { "type": "Polygon", "coordinates": [ [ [ 558592.242421298637055, 8215460.283040727488697 ], [ 558592.242421298637055, 8215430.283040727488697 ], [ 558622.242421298637055, 8215430.283040727488697 ], [ 558622.242421298637055, 8215460.283040727488697 ], [ 558592.242421298637055, 8215460.283040727488697 ] ] ] } },
{ "type": "Feature", "properties": { "ano": 2010, "camada": "agua", "area_km2": 0.0018 }, "geometry": { "type": "Polygon", "coordinates": [ [ [ 558922.242421298637055, 8215460.283040727488697 ], [ 558922.242421298637055, 8215430.283040727488697 ], [ 558982.242421298637055, 8215430.283040727488697 ], [ 558982.242421298637055, 8215460.283040727488697 ], [ 558922.242421298637055, 8215460.283040727488697 ] ] ] } },
{ "type": "Feature", "properties": { "ano": 2010, "camada": "agua", "area_km2": 0.0036 }, "geometry": { "type": "Polygon", "coordinates": [ [ [ 559072.242421298637055, 8215460.283040727488697 ], [ 559072.242421298637055, 8215430.283040727488697 ], [ 559192.242421298637055, 8215430.283040727488697 ], [ 559192.242421298637055, 8215460.283040727488697 ], [ 559072.242421298637055, 8215460.283040727488697 ] ] ] } },
{ "type": "Feature", "properties": { "ano": 2010, "camada": "agua", "area_km2": 0.0045 }, "geometry": { "type": "Polygon", "coordinates": [ [ [ 559252.242421298637055, 8215460.283040727488697 ], [ 559252.242421298637055, 8215430.283040727488697 ], [ 559402.242421298637055, 8215430.283040727488697 ], [ 559402.242421298637055, 8215460.283040727488697 ], [ 559252.242421298637055, 8215460.283040727488697 ] ] ] } },
{ "type": "Feature", "properties": { "ano": 2010, "camada": "agua", "area_km2": 0.0027 }, "geometry": { "type": "Polygon", "coordinates": [ [ [ 556012.242421298637055, 8215430.283040727488697 ], [ 556012.242421298637055, 8215400.283040727488697 ], [ 556102.242421298637055, 8215400.283040727488697 ], [ 556102.242421298637055, 8215430.283040727488697 ], [ 556012.242421298637055, 8215430.283040727488697 ] ] ] } },
{ "type": "Feature", "properties": { "ano": 2010, "camada": "agua", "area_km2": 0.0018 }, "geometry": { "type": "Polygon", "coordinates": [ [ [ 556252.242421298637055, 8215430.283040727488697 ], [ 556252.242421298637055, 8215400.283040727488697 ], [ 556312.242421298637055, 8215400.283040727488697 ], [ 556312.242421298637055, 8215430.283040727488697 ], [ 556252.242421298637055, 8215430.283040727488697 ] ] ] } },
{ "type": "Feature", "properties": { "ano": 2010, "camada": "agua", "area_km2": 0.0009 }, "geometry": { "type": "Polygon", "coordinates": [ [ [ 558652.242421298637055, 8215430.283040727488697 ], [ 558652.242421298637055, 8215400.283040727488697 ], [ 558682.242421298637055, 8215400.283040727488697 ], [ 558682.242421298637055, 8215430.283040727488697 ], [ 558652.242421298637055, 8215430.283040727488697 ] ] ] } },
{ "type": "Feature", "properties": { "ano": 2010, "camada": "agua", "area_km2": 0.0027 }, "geometry": { "type": "Polygon", "coordinates": [ [ [ 568702.242421298637055, 8215430.283040727488697 ], [ 568702.242421298637055, 8215370.283040727488697 ], [ 568732.242421298637055, 8215370.283040727488697 ], [ 568732.242421298637055, 8215400.283040727488697 ], [ 568762.242421298637055, 8215400.283040727488697 ], [ 568762.242421298637055, 8215430.283040727488697 ], [ 568702.242421298637055, 8215430.283040727488697 ] ] ] } },
{ "type": "Feature", "properties": { "ano": 2010, "camada": "agua", "area_km2": 0.0009 }, "geometry": { "type": "Polygon", "coordinates": [ [ [ 556372.242421298637055, 8215400.283040727488697 ], [ 556372.242421298637055, 8215370.283040727488697 ], [ 556402.242421298637055, 8215370.283040727488697 ], [ 556402.242421298637055, 8215400.283040727488697 ], [ 556372.242421298637055, 8215400.283040727488697 ] ] ] } },
{ "type": "Feature", "properties": { "ano": 2010, "camada": "agua", "area_km2": 0.0009 }, "geometry": { "type": "Polygon", "coordinates": [ [ [ 556822.242421298637055, 8215400.283040727488697 ], [ 556822.242421298637055, 8215370.283040727488697 ], [ 556852.242421298637055, 8215370.283040727488697 ], [ 556852.242421298637055, 8215400.283040727488697 ], [ 556822.242421298637055, 8215400.283040727488697 ] ] ] } },
{ "type": "Feature", "properties": { "ano": 2010, "camada": "agua", "area_km2": 0.0009 }, "geometry": { "type": "Polygon", "coordinates": [ [ [ 558742.242421298637055, 8215400.283040727488697 ], [ 558742.242421298637055, 8215370.283040727488697 ], [ 558772.242421298637055, 8215370.283040727488697 ], [ 558772.242421298637055, 8215400.283040727488697 ], [ 558742.242421298637055, 8215400.283040727488697 ] ] ] } },
{ "type": "Feature", "properties": { "ano": 2010, "camada": "agua", "area_km2": 0.0018 }, "geometry": { "type": "Polygon", "coordinates": [ [ [ 558832.242421298637055, 8215400.283040727488697 ], [ 558832.242421298637055, 8215370.283040727488697 ], [ 558892.242421298637055, 8215370.283040727488697 ], [ 558892.242421298637055, 8215400.283040727488697 ], [ 558832.242421298637055, 8215400.283040727488697 ] ] ] } },
{ "type": "Feature", "properties": { "ano": 2010, "camada": "agua", "area_km2": 0.0009 }, "geometry": { "type": "Polygon", "coordinates": [ [ [ 563122.242421298637055, 8215400.283040727488697 ], [ 563122.242421298637055, 8215370.283040727488697 ], [ 563152.242421298637055, 8215370.283040727488697 ], [ 563152.242421298637055, 8215400.283040727488697 ], [ 563122.242421298637055, 8215400.283040727488697 ] ] ] } },
{ "type": "Feature", "properties": { "ano": 2010, "camada": "agua", "area_km2": 0.0018 }, "geometry": { "type": "Polygon", "coordinates": [ [ [ 556492.242421298637055, 8215370.283040727488697 ], [ 556492.242421298637055, 8215340.283040727488697 ], [ 556552.242421298637055, 8215340.283040727488697 ], [ 556552.242421298637055, 8215370.283040727488697 ], [ 556492.242421298637055, 8215370.283040727488697 ] ] ] } },
{ "type": "Feature", "properties": { "ano": 2010, "camada": "agua", "area_km2": 0.0009 }, "geometry": { "type": "Polygon", "coordinates": [ [ [ 558952.242421298637055, 8215370.283040727488697 ], [ 558952.242421298637055, 8215340.283040727488697 ], [ 558982.242421298637055, 8215340.283040727488697 ], [ 558982.242421298637055, 8215370.283040727488697 ], [ 558952.242421298637055, 8215370.283040727488697 ] ] ] } },
{ "type": "Feature", "properties": { "ano": 2010, "camada": "agua", "area_km2": 0.0009 }, "geometry": { "type": "Polygon", "coordinates": [ [ [ 561382.242421298637055, 8215370.283040727488697 ], [ 561382.242421298637055, 8215340.283040727488697 ], [ 561412.242421298637055, 8215340.283040727488697 ], [ 561412.242421298637055, 8215370.283040727488697 ], [ 561382.242421298637055, 8215370.283040727488697 ] ] ] } },
{ "type": "Feature", "properties": { "ano": 2010, "camada": "agua", "area_km2": 0.0009 }, "geometry": { "type": "Polygon", "coordinates": [ [ [ 561952.242421298637055, 8215370.283040727488697 ], [ 561952.242421298637055, 8215340.283040727488697 ], [ 561982.242421298637055, 8215340.283040727488697 ], [ 561982.242421298637055, 8215370.283040727488697 ], [ 561952.242421298637055, 8215370.283040727488697 ] ] ] } },
{ "type": "Feature", "properties": { "ano": 2010, "camada": "agua", "area_km2": 0.0018 }, "geometry": { "type": "Polygon", "coordinates": [ [ [ 562162.242421298637055, 8215370.283040727488697 ], [ 562162.242421298637055, 8215340.283040727488697 ], [ 562222.242421298637055, 8215340.283040727488697 ], [ 562222.242421298637055, 8215370.283040727488697 ], [ 562162.242421298637055, 8215370.283040727488697 ] ] ] } },
{ "type": "Feature", "properties": { "ano": 2010, "camada": "agua", "area_km2": 0.0045 }, "geometry": { "type": "Polygon", "coordinates": [ [ [ 556612.242421298637055, 8215340.283040727488697 ], [ 556612.242421298637055, 8215310.283040727488697 ], [ 556762.242421298637055, 8215310.283040727488697 ], [ 556762.242421298637055, 8215340.283040727488697 ], [ 556612.242421298637055, 8215340.283040727488697 ] ] ] } },
{ "type": "Feature", "properties": { "ano": 2010, "camada": "agua", "area_km2": 0.0027 }, "geometry": { "type": "Polygon", "coordinates": [ [ [ 562282.242421298637055, 8215340.283040727488697 ], [ 562282.242421298637055, 8215310.283040727488697 ], [ 562372.242421298637055, 8215310.283040727488697 ], [ 562372.242421298637055, 8215340.283040727488697 ], [ 562282.242421298637055, 8215340.283040727488697 ] ] ] } },
{ "type": "Feature", "properties": { "ano": 2010, "camada": "agua", "area_km2": 0.0009 }, "geometry": { "type": "Polygon", "coordinates": [ [ [ 563152.242421298637055, 8215340.283040727488697 ], [ 563152.242421298637055, 8215310.283040727488697 ], [ 563182.242421298637055, 8215310.283040727488697 ], [ 563182.242421298637055, 8215340.283040727488697 ], [ 563152.242421298637055, 8215340.283040727488697 ] ] ] } },
{ "type": "Feature", "properties": { "ano": 2010, "camada": "agua", "area_km2": 0.0009 }, "geometry": { "type": "Polygon", "coordinates": [ [ [ 561442.242421298637055, 8215310.283040727488697 ], [ 561442.242421298637055, 8215280.283040727488697 ], [ 561472.242421298637055, 8215280.283040727488697 ], [ 561472.242421298637055, 8215310.283040727488697 ], [ 561442.242421298637055, 8215310.283040727488697 ] ] ] } },
{ "type": "Feature", "properties": { "ano": 2010, "camada": "agua", "area_km2": 0.0009 }, "geometry": { "type": "Polygon", "coordinates": [ [ [ 561892.242421298637055, 8215310.283040727488697 ], [ 561892.242421298637055, 8215280.283040727488697 ], [ 561922.242421298637055, 8215280.283040727488697 ], [ 561922.242421298637055, 8215310.283040727488697 ], [ 561892.242421298637055, 8215310.283040727488697 ] ] ] } },
{ "type": "Feature", "properties": { "ano": 2010, "camada": "agua", "area_km2": 0.0018 }, "geometry": { "type": "Polygon", "coordinates": [ [ [ 568642.242421298637055, 8215310.283040727488697 ], [ 568642.242421298637055, 8215250.283040727488697 ], [ 568672.242421298637055, 8215250.283040727488697 ], [ 568672.242421298637055, 8215310.283040727488697 ], [ 568642.242421298637055, 8215310.283040727488697 ] ] ] } },
{ "type": "Feature", "properties": { "ano": 2010, "camada": "agua", "area_km2": 0.0009 }, "geometry": { "type": "Polygon", "coordinates": [ [ [ 561472.242421298637055, 8215280.283040727488697 ], [ 561472.242421298637055, 8215250.283040727488697 ], [ 561502.242421298637055, 8215250.283040727488697 ], [ 561502.242421298637055, 8215280.283040727488697 ], [ 561472.242421298637055, 8215280.283040727488697 ] ] ] } },
{ "type": "Feature", "properties": { "ano": 2010, "camada": "agua", "area_km2": 0.0009 }, "geometry": { "type": "Polygon", "coordinates": [ [ [ 563182.242421298637055, 8215280.283040727488697 ], [ 563182.242421298637055, 8215250.283040727488697 ], [ 563212.242421298637055, 8215250.283040727488697 ], [ 563212.242421298637055, 8215280.283040727488697 ], [ 563182.242421298637055, 8215280.283040727488697 ] ] ] } },
{ "type": "Feature", "properties": { "ano": 2010, "camada": "agua", "area_km2": 0.0009 }, "geometry": { "type": "Polygon", "coordinates": [ [ [ 561502.242421298637055, 8215250.283040727488697 ], [ 561502.242421298637055, 8215220.283040727488697 ], [ 561532.242421298637055, 8215220.283040727488697 ], [ 561532.242421298637055, 8215250.283040727488697 ], [ 561502.242421298637055, 8215250.283040727488697 ] ] ] } },
{ "type": "Feature", "properties": { "ano": 2010, "camada": "agua", "area_km2": 0.0009 }, "geometry": { "type": "Polygon", "coordinates": [ [ [ 561532.242421298637055, 8215220.283040727488697 ], [ 561532.242421298637055, 8215190.283040727488697 ], [ 561562.242421298637055, 8215190.283040727488697 ], [ 561562.242421298637055, 8215220.283040727488697 ], [ 561532.242421298637055, 8215220.283040727488697 ] ] ] } },
{ "type": "Feature", "properties": { "ano": 2010, "camada": "agua", "area_km2": 0.0018 }, "geometry": { "type": "Polygon", "coordinates": [ [ [ 568732.242421298637055, 8215220.283040727488697 ], [ 568732.242421298637055, 8215160.283040727488697 ], [ 568762.242421298637055, 8215160.283040727488697 ], [ 568762.242421298637055, 8215220.283040727488697 ], [ 568732.242421298637055, 8215220.283040727488697 ] ] ] } },
{ "type": "Feature", "properties": { "ano": 2010, "camada": "agua", "area_km2": 0.0009 }, "geometry": { "type": "Polygon", "coordinates": [ [ [ 561562.242421298637055, 8215190.283040727488697 ], [ 561562.242421298637055, 8215160.283040727488697 ], [ 561592.242421298637055, 8215160.283040727488697 ], [ 561592.242421298637055, 8215190.283040727488697 ], [ 561562.242421298637055, 8215190.283040727488697 ] ] ] } },
{ "type": "Feature", "properties": { "ano": 2010, "camada": "agua", "area_km2": 0.0009 }, "geometry": { "type": "Polygon", "coordinates": [ [ [ 562582.242421298637055, 8215160.283040727488697 ], [ 562582.242421298637055, 8215130.283040727488697 ], [ 562612.242421298637055, 8215130.283040727488697 ], [ 562612.242421298637055, 8215160.283040727488697 ], [ 562582.242421298637055, 8215160.283040727488697 ] ] ] } },
{ "type": "Feature", "properties": { "ano": 2010, "camada": "agua", "area_km2": 0.0009 }, "geometry": { "type": "Polygon", "coordinates": [ [ [ 561622.242421298637055, 8215130.283040727488697 ], [ 561622.242421298637055, 8215100.283040727488697 ], [ 561652.242421298637055, 8215100.283040727488697 ], [ 561652.242421298637055, 8215130.283040727488697 ], [ 561622.242421298637055, 8215130.283040727488697 ] ] ] } },
{ "type": "Feature", "properties": { "ano": 2010, "camada": "agua", "area_km2": 0.0009 }, "geometry": { "type": "Polygon", "coordinates": [ [ [ 562612.242421298637055, 8215130.283040727488697 ], [ 562612.242421298637055, 8215100.283040727488697 ], [ 562642.242421298637055, 8215100.283040727488697 ], [ 562642.242421298637055, 8215130.283040727488697 ], [ 562612.242421298637055, 8215130.283040727488697 ] ] ] } },
{ "type": "Feature", "properties": { "ano": 2010, "camada": "agua", "area_km2": 0.0009 }, "geometry": { "type": "Polygon", "coordinates": [ [ [ 561652.242421298637055, 8215100.283040727488697 ], [ 561652.242421298637055, 8215070.283040727488697 ], [ 561682.242421298637055, 8215070.283040727488697 ], [ 561682.242421298637055, 8215100.283040727488697 ], [ 561652.242421298637055, 8215100.283040727488697 ] ] ] } },
{ "type": "Feature", "properties": { "ano": 2010, "camada": "agua", "area_km2": 0.0009 }, "geometry": { "type": "Polygon", "coordinates": [ [ [ 562642.242421298637055, 8215100.283040727488697 ], [ 562642.242421298637055, 8215070.283040727488697 ], [ 562672.242421298637055, 8215070.283040727488697 ], [ 562672.242421298637055, 8215100.283040727488697 ], [ 562642.242421298637055, 8215100.283040727488697 ] ] ] } },
{ "type": "Feature", "properties": { "ano": 2010, "camada": "agua", "area_km2": 0.0009 }, "geometry": { "type": "Polygon", "coordinates": [ [ [ 568762.242421298637055, 8215100.283040727488697 ], [ 568762.242421298637055, 8215070.283040727488697 ], [ 568792.242421298637055, 8215070.283040727488697 ], [ 568792.242421298637055, 8215100.283040727488697 ], [ 568762.242421298637055, 8215100.283040727488697 ] ] ] } },
{ "type": "Feature", "properties": { "ano": 2010, "camada": "agua", "area_km2": 0.0009 }, "geometry": { "type": "Polygon", "coordinates": [ [ [ 561682.242421298637055, 8215070.283040727488697 ], [ 561682.242421298637055, 8215040.283040727488697 ], [ 561712.242421298637055, 8215040.283040727488697 ], [ 561712.242421298637055, 8215070.283040727488697 ], [ 561682.242421298637055, 8215070.283040727488697 ] ] ] } },
{ "type": "Feature", "properties": { "ano": 2010, "camada": "agua", "area_km2": 0.0027 }, "geometry": { "type": "Polygon", "coordinates": [ [ [ 563272.242421298637055, 8215100.283040727488697 ], [ 563272.242421298637055, 8215010.283040727488697 ], [ 563302.242421298637055, 8215010.283040727488697 ], [ 563302.242421298637055, 8215100.283040727488697 ], [ 563272.242421298637055, 8215100.283040727488697 ] ] ] } },
{ "type": "Feature", "properties": { "ano": 2010, "camada": "agua", "area_km2": 0.0009 }, "geometry": { "type": "Polygon", "coordinates": [ [ [ 561712.242421298637055, 8215040.283040727488697 ], [ 561712.242421298637055, 8215010.283040727488697 ], [ 561742.242421298637055, 8215010.283040727488697 ], [ 561742.242421298637055, 8215040.283040727488697 ], [ 561712.242421298637055, 8215040.283040727488697 ] ] ] } },
{ "type": "Feature", "properties": { "ano": 2010, "camada": "agua", "area_km2": 0.0009 }, "geometry": { "type": "Polygon", "coordinates": [ [ [ 561742.242421298637055, 8215010.283040727488697 ], [ 561742.242421298637055, 8214980.283040727488697 ], [ 561772.242421298637055, 8214980.283040727488697 ], [ 561772.242421298637055, 8215010.283040727488697 ], [ 561742.242421298637055, 8215010.283040727488697 ] ] ] } },
{ "type": "Feature", "properties": { "ano": 2010, "camada": "agua", "area_km2": 0.0009 }, "geometry": { "type": "Polygon", "coordinates": [ [ [ 562012.242421298637055, 8215010.283040727488697 ], [ 562012.242421298637055, 8214980.283040727488697 ], [ 562042.242421298637055, 8214980.283040727488697 ], [ 562042.242421298637055, 8215010.283040727488697 ], [ 562012.242421298637055, 8215010.283040727488697 ] ] ] } },
{ "type": "Feature", "properties": { "ano": 2010, "camada": "agua", "area_km2": 0.0009 }, "geometry": { "type": "Polygon", "coordinates": [ [ [ 562732.242421298637055, 8215010.283040727488697 ], [ 562732.242421298637055, 8214980.283040727488697 ], [ 562762.242421298637055, 8214980.283040727488697 ], [ 562762.242421298637055, 8215010.283040727488697 ], [ 562732.242421298637055, 8215010.283040727488697 ] ] ] } },
{ "type": "Feature", "properties": { "ano": 2010, "camada": "agua", "area_km2": 0.0009 }, "geometry": { "type": "Polygon", "coordinates": [ [ [ 561772.242421298637055, 8214980.283040727488697 ], [ 561772.242421298637055, 8214950.283040727488697 ], [ 561802.242421298637055, 8214950.283040727488697 ], [ 561802.242421298637055, 8214980.283040727488697 ], [ 561772.242421298637055, 8214980.283040727488697 ] ] ] } },
{ "type": "Feature", "properties": { "ano": 2010, "camada": "agua", "area_km2": 0.0009 }, "geometry": { "type": "Polygon", "coordinates": [ [ [ 562042.242421298637055, 8214980.283040727488697 ], [ 562042.242421298637055, 8214950.283040727488697 ], [ 562072.242421298637055, 8214950.283040727488697 ], [ 562072.242421298637055, 8214980.283040727488697 ], [ 562042.242421298637055, 8214980.283040727488697 ] ] ] } },
{ "type": "Feature", "properties": { "ano": 2010, "camada": "agua", "area_km2": 0.0009 }, "geometry": { "type": "Polygon", "coordinates": [ [ [ 563152.242421298637055, 8214980.283040727488697 ], [ 563152.242421298637055, 8214950.283040727488697 ], [ 563182.242421298637055, 8214950.283040727488697 ], [ 563182.242421298637055, 8214980.283040727488697 ], [ 563152.242421298637055, 8214980.283040727488697 ] ] ] } },
{ "type": "Feature", "properties": { "ano": 2010, "camada": "agua", "area_km2": 0.0009 }, "geometry": { "type": "Polygon", "coordinates": [ [ [ 568852.242421298637055, 8214980.283040727488697 ], [ 568852.242421298637055, 8214950.283040727488697 ], [ 568882.242421298637055, 8214950.283040727488697 ], [ 568882.242421298637055, 8214980.283040727488697 ], [ 568852.242421298637055, 8214980.283040727488697 ] ] ] } },
{ "type": "Feature", "properties": { "ano": 2010, "camada": "agua", "area_km2": 0.0009 }, "geometry": { "type": "Polygon", "coordinates": [ [ [ 563182.242421298637055, 8214950.283040727488697 ], [ 563182.242421298637055, 8214920.283040727488697 ], [ 563212.242421298637055, 8214920.283040727488697 ], [ 563212.242421298637055, 8214950.283040727488697 ], [ 563182.242421298637055, 8214950.283040727488697 ] ] ] } },
{ "type": "Feature", "properties": { "ano": 2010, "camada": "agua", "area_km2": 0.0009 }, "geometry": { "type": "Polygon", "coordinates": [ [ [ 563242.242421298637055, 8214950.283040727488697 ], [ 563242.242421298637055, 8214920.283040727488697 ], [ 563272.242421298637055, 8214920.283040727488697 ], [ 563272.242421298637055, 8214950.283040727488697 ], [ 563242.242421298637055, 8214950.283040727488697 ] ] ] } },
{ "type": "Feature", "properties": { "ano": 2010, "camada": "agua", "area_km2": 0.0018 }, "geometry": { "type": "Polygon", "coordinates": [ [ [ 563122.242421298637055, 8214950.283040727488697 ], [ 563122.242421298637055, 8214890.283040727488697 ], [ 563152.242421298637055, 8214890.283040727488697 ], [ 563152.242421298637055, 8214950.283040727488697 ], [ 563122.242421298637055, 8214950.283040727488697 ] ] ] } },
{ "type": "Feature", "properties": { "ano": 2010, "camada": "agua", "area_km2": 0.0018 }, "geometry": { "type": "Polygon", "coordinates": [ [ [ 568882.242421298637055, 8214950.283040727488697 ], [ 568882.242421298637055, 8214890.283040727488697 ], [ 568912.242421298637055, 8214890.283040727488697 ], [ 568912.242421298637055, 8214950.283040727488697 ], [ 568882.242421298637055, 8214950.283040727488697 ] ] ] } },
{ "type": "Feature", "properties": { "ano": 2010, "camada": "agua", "area_km2": 0.0009 }, "geometry": { "type": "Polygon", "coordinates": [ [ [ 562072.242421298637055, 8214920.283040727488697 ], [ 562072.242421298637055, 8214890.283040727488697 ], [ 562102.242421298637055, 8214890.283040727488697 ], [ 562102.242421298637055, 8214920.283040727488697 ], [ 562072.242421298637055, 8214920.283040727488697 ] ] ] } },
{ "type": "Feature", "properties": { "ano": 2010, "camada": "agua", "area_km2": 0.0009 }, "geometry": { "type": "Polygon", "coordinates": [ [ [ 563212.242421298637055, 8214920.283040727488697 ], [ 563212.242421298637055, 8214890.283040727488697 ], [ 563242.242421298637055, 8214890.283040727488697 ], [ 563242.242421298637055, 8214920.283040727488697 ], [ 563212.242421298637055, 8214920.283040727488697 ] ] ] } },
{ "type": "Feature", "properties": { "ano": 2010, "camada": "agua", "area_km2": 0.0009 }, "geometry": { "type": "Polygon", "coordinates": [ [ [ 561832.242421298637055, 8214890.283040727488697 ], [ 561832.242421298637055, 8214860.283040727488697 ], [ 561862.242421298637055, 8214860.283040727488697 ], [ 561862.242421298637055, 8214890.283040727488697 ], [ 561832.242421298637055, 8214890.283040727488697 ] ] ] } },
{ "type": "Feature", "properties": { "ano": 2010, "camada": "agua", "area_km2": 0.0009 }, "geometry": { "type": "Polygon", "coordinates": [ [ [ 563182.242421298637055, 8214890.283040727488697 ], [ 563182.242421298637055, 8214860.283040727488697 ], [ 563212.242421298637055, 8214860.283040727488697 ], [ 563212.242421298637055, 8214890.283040727488697 ], [ 563182.242421298637055, 8214890.283040727488697 ] ] ] } },
{ "type": "Feature", "properties": { "ano": 2010, "camada": "agua", "area_km2": 0.0009 }, "geometry": { "type": "Polygon", "coordinates": [ [ [ 561862.242421298637055, 8214860.283040727488697 ], [ 561862.242421298637055, 8214830.283040727488697 ], [ 561892.242421298637055, 8214830.283040727488697 ], [ 561892.242421298637055, 8214860.283040727488697 ], [ 561862.242421298637055, 8214860.283040727488697 ] ] ] } },
{ "type": "Feature", "properties": { "ano": 2010, "camada": "agua", "area_km2": 0.0009 }, "geometry": { "type": "Polygon", "coordinates": [ [ [ 562102.242421298637055, 8214860.283040727488697 ], [ 562102.242421298637055, 8214830.283040727488697 ], [ 562132.242421298637055, 8214830.283040727488697 ], [ 562132.242421298637055, 8214860.283040727488697 ], [ 562102.242421298637055, 8214860.283040727488697 ] ] ] } },
{ "type": "Feature", "properties": { "ano": 2010, "camada": "agua", "area_km2": 0.0009 }, "geometry": { "type": "Polygon", "coordinates": [ [ [ 563212.242421298637055, 8214860.283040727488697 ], [ 563212.242421298637055, 8214830.283040727488697 ], [ 563242.242421298637055, 8214830.283040727488697 ], [ 563242.242421298637055, 8214860.283040727488697 ], [ 563212.242421298637055, 8214860.283040727488697 ] ] ] } },
{ "type": "Feature", "properties": { "ano": 2010, "camada": "agua", "area_km2": 0.0009 }, "geometry": { "type": "Polygon", "coordinates": [ [ [ 568912.242421298637055, 8214860.283040727488697 ], [ 568912.242421298637055, 8214830.283040727488697 ], [ 568942.242421298637055, 8214830.283040727488697 ], [ 568942.242421298637055, 8214860.283040727488697 ], [ 568912.242421298637055, 8214860.283040727488697 ] ] ] } },
{ "type": "Feature", "properties": { "ano": 2010, "camada": "agua", "area_km2": 0.0009 }, "geometry": { "type": "Polygon", "coordinates": [ [ [ 562132.242421298637055, 8214830.283040727488697 ], [ 562132.242421298637055, 8214800.283040727488697 ], [ 562162.242421298637055, 8214800.283040727488697 ], [ 562162.242421298637055, 8214830.283040727488697 ], [ 562132.242421298637055, 8214830.283040727488697 ] ] ] } },
{ "type": "Feature", "properties": { "ano": 2010, "camada": "agua", "area_km2": 0.0009 }, "geometry": { "type": "Polygon", "coordinates": [ [ [ 562792.242421298637055, 8214830.283040727488697 ], [ 562792.242421298637055, 8214800.283040727488697 ], [ 562822.242421298637055, 8214800.283040727488697 ], [ 562822.242421298637055, 8214830.283040727488697 ], [ 562792.242421298637055, 8214830.283040727488697 ] ] ] } },
{ "type": "Feature", "properties": { "ano": 2010, "camada": "agua", "area_km2": 0.0009 }, "geometry": { "type": "Polygon", "coordinates": [ [ [ 562162.242421298637055, 8214800.283040727488697 ], [ 562162.242421298637055, 8214770.283040727488697 ], [ 562192.242421298637055, 8214770.283040727488697 ], [ 562192.242421298637055, 8214800.283040727488697 ], [ 562162.242421298637055, 8214800.283040727488697 ] ] ] } },
{ "type": "Feature", "properties": { "ano": 2010, "camada": "agua", "area_km2": 0.0009 }, "geometry": { "type": "Polygon", "coordinates": [ [ [ 568942.242421298637055, 8214800.283040727488697 ], [ 568942.242421298637055, 8214770.283040727488697 ], [ 568972.242421298637055, 8214770.283040727488697 ], [ 568972.242421298637055, 8214800.283040727488697 ], [ 568942.242421298637055, 8214800.283040727488697 ] ] ] } },
{ "type": "Feature", "properties": { "ano": 2010, "camada": "agua", "area_km2": 0.0009 }, "geometry": { "type": "Polygon", "coordinates": [ [ [ 561952.242421298637055, 8214770.283040727488697 ], [ 561952.242421298637055, 8214740.283040727488697 ], [ 561982.242421298637055, 8214740.283040727488697 ], [ 561982.242421298637055, 8214770.283040727488697 ], [ 561952.242421298637055, 8214770.283040727488697 ] ] ] } },
{ "type": "Feature", "properties": { "ano": 2010, "camada": "agua", "area_km2": 0.0009 }, "geometry": { "type": "Polygon", "coordinates": [ [ [ 562192.242421298637055, 8214770.283040727488697 ], [ 562192.242421298637055, 8214740.283040727488697 ], [ 562222.242421298637055, 8214740.283040727488697 ], [ 562222.242421298637055, 8214770.283040727488697 ], [ 562192.242421298637055, 8214770.283040727488697 ] ] ] } },
{ "type": "Feature", "properties": { "ano": 2010, "camada": "agua", "area_km2": 0.0009 }, "geometry": { "type": "Polygon", "coordinates": [ [ [ 561982.242421298637055, 8214740.283040727488697 ], [ 561982.242421298637055, 8214710.283040727488697 ], [ 562012.242421298637055, 8214710.283040727488697 ], [ 562012.242421298637055, 8214740.283040727488697 ], [ 561982.242421298637055, 8214740.283040727488697 ] ] ] } },
{ "type": "Feature", "properties": { "ano": 2010, "camada": "agua", "area_km2": 0.0009 }, "geometry": { "type": "Polygon", "coordinates": [ [ [ 562822.242421298637055, 8214740.283040727488697 ], [ 562822.242421298637055, 8214710.283040727488697 ], [ 562852.242421298637055, 8214710.283040727488697 ], [ 562852.242421298637055, 8214740.283040727488697 ], [ 562822.242421298637055, 8214740.283040727488697 ] ] ] } },
{ "type": "Feature", "properties": { "ano": 2010, "camada": "agua", "area_km2": 0.0036 }, "geometry": { "type": "Polygon", "coordinates": [ [ [ 563242.242421298637055, 8214800.283040727488697 ], [ 563242.242421298637055, 8214680.283040727488697 ], [ 563272.242421298637055, 8214680.283040727488697 ], [ 563272.242421298637055, 8214800.283040727488697 ], [ 563242.242421298637055, 8214800.283040727488697 ] ] ] } },
{ "type": "Feature", "properties": { "ano": 2010, "camada": "agua", "area_km2": 0.0009 }, "geometry": { "type": "Polygon", "coordinates": [ [ [ 562282.242421298637055, 8214710.283040727488697 ], [ 562282.242421298637055, 8214680.283040727488697 ], [ 562312.242421298637055, 8214680.283040727488697 ], [ 562312.242421298637055, 8214710.283040727488697 ], [ 562282.242421298637055, 8214710.283040727488697 ] ] ] } },
{ "type": "Feature", "properties": { "ano": 2010, "camada": "agua", "area_km2": 0.0009 }, "geometry": { "type": "Polygon", "coordinates": [ [ [ 562462.242421298637055, 8214680.283040727488697 ], [ 562462.242421298637055, 8214650.283040727488697 ], [ 562492.242421298637055, 8214650.283040727488697 ], [ 562492.242421298637055, 8214680.283040727488697 ], [ 562462.242421298637055, 8214680.283040727488697 ] ] ] } },
{ "type": "Feature", "properties": { "ano": 2010, "camada": "agua", "area_km2": 0.0009 }, "geometry": { "type": "Polygon", "coordinates": [ [ [ 562042.242421298637055, 8214650.283040727488697 ], [ 562042.242421298637055, 8214620.283040727488697 ], [ 562072.242421298637055, 8214620.283040727488697 ], [ 562072.242421298637055, 8214650.283040727488697 ], [ 562042.242421298637055, 8214650.283040727488697 ] ] ] } },
{ "type": "Feature", "properties": { "ano": 2010, "camada": "agua", "area_km2": 0.0009 }, "geometry": { "type": "Polygon", "coordinates": [ [ [ 562552.242421298637055, 8214650.283040727488697 ], [ 562552.242421298637055, 8214620.283040727488697 ], [ 562582.242421298637055, 8214620.283040727488697 ], [ 562582.242421298637055, 8214650.283040727488697 ], [ 562552.242421298637055, 8214650.283040727488697 ] ] ] } },
{ "type": "Feature", "properties": { "ano": 2010, "camada": "agua", "area_km2": 0.0009 }, "geometry": { "type": "Polygon", "coordinates": [ [ [ 562702.242421298637055, 8214620.283040727488697 ], [ 562702.242421298637055, 8214590.283040727488697 ], [ 562732.242421298637055, 8214590.283040727488697 ], [ 562732.242421298637055, 8214620.283040727488697 ], [ 562702.242421298637055, 8214620.283040727488697 ] ] ] } },
{ "type": "Feature", "properties": { "ano": 2010, "camada": "agua", "area_km2": 0.0009 }, "geometry": { "type": "Polygon", "coordinates": [ [ [ 562072.242421298637055, 8214590.283040727488697 ], [ 562072.242421298637055, 8214560.283040727488697 ], [ 562102.242421298637055, 8214560.283040727488697 ], [ 562102.242421298637055, 8214590.283040727488697 ], [ 562072.242421298637055, 8214590.283040727488697 ] ] ] } },
{ "type": "Feature", "properties": { "ano": 2010, "camada": "agua", "area_km2": 0.0009 }, "geometry": { "type": "Polygon", "coordinates": [ [ [ 563302.242421298637055, 8214590.283040727488697 ], [ 563302.242421298637055, 8214560.283040727488697 ], [ 563332.242421298637055, 8214560.283040727488697 ], [ 563332.242421298637055, 8214590.283040727488697 ], [ 563302.242421298637055, 8214590.283040727488697 ] ] ] } },
{ "type": "Feature", "properties": { "ano": 2010, "camada": "agua", "area_km2": 0.0009 }, "geometry": { "type": "Polygon", "coordinates": [ [ [ 569092.242421298637055, 8214590.283040727488697 ], [ 569092.242421298637055, 8214560.283040727488697 ], [ 569122.242421298637055, 8214560.283040727488697 ], [ 569122.242421298637055, 8214590.283040727488697 ], [ 569092.242421298637055, 8214590.283040727488697 ] ] ] } },
{ "type": "Feature", "properties": { "ano": 2010, "camada": "agua", "area_km2": 0.0009 }, "geometry": { "type": "Polygon", "coordinates": [ [ [ 562102.242421298637055, 8214560.283040727488697 ], [ 562102.242421298637055, 8214530.283040727488697 ], [ 562132.242421298637055, 8214530.283040727488697 ], [ 562132.242421298637055, 8214560.283040727488697 ], [ 562102.242421298637055, 8214560.283040727488697 ] ] ] } },
{ "type": "Feature", "properties": { "ano": 2010, "camada": "agua", "area_km2": 0.0009 }, "geometry": { "type": "Polygon", "coordinates": [ [ [ 563332.242421298637055, 8214560.283040727488697 ], [ 563332.242421298637055, 8214530.283040727488697 ], [ 563362.242421298637055, 8214530.283040727488697 ], [ 563362.242421298637055, 8214560.283040727488697 ], [ 563332.242421298637055, 8214560.283040727488697 ] ] ] } },
{ "type": "Feature", "properties": { "ano": 2010, "camada": "agua", "area_km2": 0.0009 }, "geometry": { "type": "Polygon", "coordinates": [ [ [ 562132.242421298637055, 8214530.283040727488697 ], [ 562132.242421298637055, 8214500.283040727488697 ], [ 562162.242421298637055, 8214500.283040727488697 ], [ 562162.242421298637055, 8214530.283040727488697 ], [ 562132.242421298637055, 8214530.283040727488697 ] ] ] } },
{ "type": "Feature", "properties": { "ano": 2010, "camada": "agua", "area_km2": 0.0009 }, "geometry": { "type": "Polygon", "coordinates": [ [ [ 562732.242421298637055, 8214530.283040727488697 ], [ 562732.242421298637055, 8214500.283040727488697 ], [ 562762.242421298637055, 8214500.283040727488697 ], [ 562762.242421298637055, 8214530.283040727488697 ], [ 562732.242421298637055, 8214530.283040727488697 ] ] ] } },
{ "type": "Feature", "properties": { "ano": 2010, "camada": "agua", "area_km2": 0.0018 }, "geometry": { "type": "Polygon", "coordinates": [ [ [ 569182.242421298637055, 8214530.283040727488697 ], [ 569182.242421298637055, 8214500.283040727488697 ], [ 569242.242421298637055, 8214500.283040727488697 ], [ 569242.242421298637055, 8214530.283040727488697 ], [ 569182.242421298637055, 8214530.283040727488697 ] ] ] } },
{ "type": "Feature", "properties": { "ano": 2010, "camada": "agua", "area_km2": 0.0009 }, "geometry": { "type": "Polygon", "coordinates": [ [ [ 562162.242421298637055, 8214500.283040727488697 ], [ 562162.242421298637055, 8214470.283040727488697 ], [ 562192.242421298637055, 8214470.283040727488697 ], [ 562192.242421298637055, 8214500.283040727488697 ], [ 562162.242421298637055, 8214500.283040727488697 ] ] ] } },
{ "type": "Feature", "properties": { "ano": 2010, "camada": "agua", "area_km2": 0.0009 }, "geometry": { "type": "Polygon", "coordinates": [ [ [ 562192.242421298637055, 8214470.283040727488697 ], [ 562192.242421298637055, 8214440.283040727488697 ], [ 562222.242421298637055, 8214440.283040727488697 ], [ 562222.242421298637055, 8214470.283040727488697 ], [ 562192.242421298637055, 8214470.283040727488697 ] ] ] } },
{ "type": "Feature", "properties": { "ano": 2010, "camada": "agua", "area_km2": 0.0018 }, "geometry": { "type": "Polygon", "coordinates": [ [ [ 562702.242421298637055, 8214470.283040727488697 ], [ 562702.242421298637055, 8214440.283040727488697 ], [ 562762.242421298637055, 8214440.283040727488697 ], [ 562762.242421298637055, 8214470.283040727488697 ], [ 562702.242421298637055, 8214470.283040727488697 ] ] ] } },
{ "type": "Feature", "properties": { "ano": 2010, "camada": "agua", "area_km2": 0.0018 }, "geometry": { "type": "Polygon", "coordinates": [ [ [ 562792.242421298637055, 8214470.283040727488697 ], [ 562792.242421298637055, 8214440.283040727488697 ], [ 562852.242421298637055, 8214440.283040727488697 ], [ 562852.242421298637055, 8214470.283040727488697 ], [ 562792.242421298637055, 8214470.283040727488697 ] ] ] } },
{ "type": "Feature", "properties": { "ano": 2010, "camada": "agua", "area_km2": 0.0018 }, "geometry": { "type": "Polygon", "coordinates": [ [ [ 563392.242421298637055, 8214470.283040727488697 ], [ 563392.242421298637055, 8214410.283040727488697 ], [ 563422.242421298637055, 8214410.283040727488697 ], [ 563422.242421298637055, 8214470.283040727488697 ], [ 563392.242421298637055, 8214470.283040727488697 ] ] ] } },
{ "type": "Feature", "properties": { "ano": 2010, "camada": "agua", "area_km2": 0.0009 }, "geometry": { "type": "Polygon", "coordinates": [ [ [ 563422.242421298637055, 8214410.283040727488697 ], [ 563422.242421298637055, 8214380.283040727488697 ], [ 563452.242421298637055, 8214380.283040727488697 ], [ 563452.242421298637055, 8214410.283040727488697 ], [ 563422.242421298637055, 8214410.283040727488697 ] ] ] } },
{ "type": "Feature", "properties": { "ano": 2010, "camada": "agua", "area_km2": 0.0018 }, "geometry": { "type": "Polygon", "coordinates": [ [ [ 562522.242421298637055, 8214380.283040727488697 ], [ 562522.242421298637055, 8214350.283040727488697 ], [ 562582.242421298637055, 8214350.283040727488697 ], [ 562582.242421298637055, 8214380.283040727488697 ], [ 562522.242421298637055, 8214380.283040727488697 ] ] ] } },
{ "type": "Feature", "properties": { "ano": 2010, "camada": "agua", "area_km2": 0.0009 }, "geometry": { "type": "Polygon", "coordinates": [ [ [ 562492.242421298637055, 8214350.283040727488697 ], [ 562492.242421298637055, 8214320.283040727488697 ], [ 562522.242421298637055, 8214320.283040727488697 ], [ 562522.242421298637055, 8214350.283040727488697 ], [ 562492.242421298637055, 8214350.283040727488697 ] ] ] } },
{ "type": "Feature", "properties": { "ano": 2010, "camada": "agua", "area_km2": 0.0009 }, "geometry": { "type": "Polygon", "coordinates": [ [ [ 562972.242421298637055, 8214350.283040727488697 ], [ 562972.242421298637055, 8214320.283040727488697 ], [ 563002.242421298637055, 8214320.283040727488697 ], [ 563002.242421298637055, 8214350.283040727488697 ], [ 562972.242421298637055, 8214350.283040727488697 ] ] ] } },
{ "type": "Feature", "properties": { "ano": 2010, "camada": "agua", "area_km2": 0.0009 }, "geometry": { "type": "Polygon", "coordinates": [ [ [ 562312.242421298637055, 8214320.283040727488697 ], [ 562312.242421298637055, 8214290.283040727488697 ], [ 562342.242421298637055, 8214290.283040727488697 ], [ 562342.242421298637055, 8214320.283040727488697 ], [ 562312.242421298637055, 8214320.283040727488697 ] ] ] } },
{ "type": "Feature", "properties": { "ano": 2010, "camada": "agua", "area_km2": 0.0009 }, "geometry": { "type": "Polygon", "coordinates": [ [ [ 563002.242421298637055, 8214320.283040727488697 ], [ 563002.242421298637055, 8214290.283040727488697 ], [ 563032.242421298637055, 8214290.283040727488697 ], [ 563032.242421298637055, 8214320.283040727488697 ], [ 563002.242421298637055, 8214320.283040727488697 ] ] ] } },
{ "type": "Feature", "properties": { "ano": 2010, "camada": "agua", "area_km2": 0.0009 }, "geometry": { "type": "Polygon", "coordinates": [ [ [ 563452.242421298637055, 8214320.283040727488697 ], [ 563452.242421298637055, 8214290.283040727488697 ], [ 563482.242421298637055, 8214290.283040727488697 ], [ 563482.242421298637055, 8214320.283040727488697 ], [ 563452.242421298637055, 8214320.283040727488697 ] ] ] } },
{ "type": "Feature", "properties": { "ano": 2010, "camada": "agua", "area_km2": 0.0009 }, "geometry": { "type": "Polygon", "coordinates": [ [ [ 562342.242421298637055, 8214290.283040727488697 ], [ 562342.242421298637055, 8214260.283040727488697 ], [ 562372.242421298637055, 8214260.283040727488697 ], [ 562372.242421298637055, 8214290.283040727488697 ], [ 562342.242421298637055, 8214290.283040727488697 ] ] ] } },
{ "type": "Feature", "properties": { "ano": 2010, "camada": "agua", "area_km2": 0.0009 }, "geometry": { "type": "Polygon", "coordinates": [ [ [ 562492.242421298637055, 8214260.283040727488697 ], [ 562492.242421298637055, 8214230.283040727488697 ], [ 562522.242421298637055, 8214230.283040727488697 ], [ 562522.242421298637055, 8214260.283040727488697 ], [ 562492.242421298637055, 8214260.283040727488697 ] ] ] } },
{ "type": "Feature", "properties": { "ano": 2010, "camada": "agua", "area_km2": 0.0009 }, "geometry": { "type": "Polygon", "coordinates": [ [ [ 569212.242421298637055, 8214260.283040727488697 ], [ 569212.242421298637055, 8214230.283040727488697 ], [ 569242.242421298637055, 8214230.283040727488697 ], [ 569242.242421298637055, 8214260.283040727488697 ], [ 569212.242421298637055, 8214260.283040727488697 ] ] ] } },
{ "type": "Feature", "properties": { "ano": 2010, "camada": "agua", "area_km2": 0.0009 }, "geometry": { "type": "Polygon", "coordinates": [ [ [ 562522.242421298637055, 8214230.283040727488697 ], [ 562522.242421298637055, 8214200.283040727488697 ], [ 562552.242421298637055, 8214200.283040727488697 ], [ 562552.242421298637055, 8214230.283040727488697 ], [ 562522.242421298637055, 8214230.283040727488697 ] ] ] } },
{ "type": "Feature", "properties": { "ano": 2010, "camada": "agua", "area_km2": 0.0009 }, "geometry": { "type": "Polygon", "coordinates": [ [ [ 569152.242421298637055, 8214230.283040727488697 ], [ 569152.242421298637055, 8214200.283040727488697 ], [ 569182.242421298637055, 8214200.283040727488697 ], [ 569182.242421298637055, 8214230.283040727488697 ], [ 569152.242421298637055, 8214230.283040727488697 ] ] ] } },
{ "type": "Feature", "properties": { "ano": 2010, "camada": "agua", "area_km2": 0.0018 }, "geometry": { "type": "Polygon", "coordinates": [ [ [ 562462.242421298637055, 8214200.283040727488697 ], [ 562462.242421298637055, 8214170.283040727488697 ], [ 562522.242421298637055, 8214170.283040727488697 ], [ 562522.242421298637055, 8214200.283040727488697 ], [ 562462.242421298637055, 8214200.283040727488697 ] ] ] } },
{ "type": "Feature", "properties": { "ano": 2010, "camada": "agua", "area_km2": 0.0009 }, "geometry": { "type": "Polygon", "coordinates": [ [ [ 569122.242421298637055, 8214200.283040727488697 ], [ 569122.242421298637055, 8214170.283040727488697 ], [ 569152.242421298637055, 8214170.283040727488697 ], [ 569152.242421298637055, 8214200.283040727488697 ], [ 569122.242421298637055, 8214200.283040727488697 ] ] ] } },
{ "type": "Feature", "properties": { "ano": 2010, "camada": "agua", "area_km2": 0.0009 }, "geometry": { "type": "Polygon", "coordinates": [ [ [ 562552.242421298637055, 8214170.283040727488697 ], [ 562552.242421298637055, 8214140.283040727488697 ], [ 562582.242421298637055, 8214140.283040727488697 ], [ 562582.242421298637055, 8214170.283040727488697 ], [ 562552.242421298637055, 8214170.283040727488697 ] ] ] } },
{ "type": "Feature", "properties": { "ano": 2010, "camada": "agua", "area_km2": 0.0027 }, "geometry": { "type": "Polygon", "coordinates": [ [ [ 562672.242421298637055, 8214170.283040727488697 ], [ 562672.242421298637055, 8214140.283040727488697 ], [ 562762.242421298637055, 8214140.283040727488697 ], [ 562762.242421298637055, 8214170.283040727488697 ], [ 562672.242421298637055, 8214170.283040727488697 ] ] ] } },
{ "type": "Feature", "properties": { "ano": 2010, "camada": "agua", "area_km2": 0.0009 }, "geometry": { "type": "Polygon", "coordinates": [ [ [ 563092.242421298637055, 8214170.283040727488697 ], [ 563092.242421298637055, 8214140.283040727488697 ], [ 563122.242421298637055, 8214140.283040727488697 ], [ 563122.242421298637055, 8214170.283040727488697 ], [ 563092.242421298637055, 8214170.283040727488697 ] ] ] } },
{ "type": "Feature", "properties": { "ano": 2010, "camada": "agua", "area_km2": 0.0009 }, "geometry": { "type": "Polygon", "coordinates": [ [ [ 562612.242421298637055, 8214140.283040727488697 ], [ 562612.242421298637055, 8214110.283040727488697 ], [ 562642.242421298637055, 8214110.283040727488697 ], [ 562642.242421298637055, 8214140.283040727488697 ], [ 562612.242421298637055, 8214140.283040727488697 ] ] ] } },
{ "type": "Feature", "properties": { "ano": 2010, "camada": "agua", "area_km2": 0.0018 }, "geometry": { "type": "Polygon", "coordinates": [ [ [ 562762.242421298637055, 8214140.283040727488697 ], [ 562762.242421298637055, 8214110.283040727488697 ], [ 562822.242421298637055, 8214110.283040727488697 ], [ 562822.242421298637055, 8214140.283040727488697 ], [ 562762.242421298637055, 8214140.283040727488697 ] ] ] } },
{ "type": "Feature", "properties": { "ano": 2010, "camada": "agua", "area_km2": 0.0009 }, "geometry": { "type": "Polygon", "coordinates": [ [ [ 569122.242421298637055, 8214140.283040727488697 ], [ 569122.242421298637055, 8214110.283040727488697 ], [ 569152.242421298637055, 8214110.283040727488697 ], [ 569152.242421298637055, 8214140.283040727488697 ], [ 569122.242421298637055, 8214140.283040727488697 ] ] ] } },
{ "type": "Feature", "properties": { "ano": 2010, "camada": "agua", "area_km2": 0.0018 }, "geometry": { "type": "Polygon", "coordinates": [ [ [ 562672.242421298637055, 8214110.283040727488697 ], [ 562672.242421298637055, 8214080.283040727488697 ], [ 562732.242421298637055, 8214080.283040727488697 ], [ 562732.242421298637055, 8214110.283040727488697 ], [ 562672.242421298637055, 8214110.283040727488697 ] ] ] } },
{ "type": "Feature", "properties": { "ano": 2010, "camada": "agua", "area_km2": 0.0009 }, "geometry": { "type": "Polygon", "coordinates": [ [ [ 569182.242421298637055, 8214110.283040727488697 ], [ 569182.242421298637055, 8214080.283040727488697 ], [ 569212.242421298637055, 8214080.283040727488697 ], [ 569212.242421298637055, 8214110.283040727488697 ], [ 569182.242421298637055, 8214110.283040727488697 ] ] ] } },
{ "type": "Feature", "properties": { "ano": 2010, "camada": "agua", "area_km2": 0.0018 }, "geometry": { "type": "Polygon", "coordinates": [ [ [ 563122.242421298637055, 8214110.283040727488697 ], [ 563122.242421298637055, 8214050.283040727488697 ], [ 563152.242421298637055, 8214050.283040727488697 ], [ 563152.242421298637055, 8214110.283040727488697 ], [ 563122.242421298637055, 8214110.283040727488697 ] ] ] } },
{ "type": "Feature", "properties": { "ano": 2010, "camada": "agua", "area_km2": 0.0009 }, "geometry": { "type": "Polygon", "coordinates": [ [ [ 562762.242421298637055, 8214080.283040727488697 ], [ 562762.242421298637055, 8214050.283040727488697 ], [ 562792.242421298637055, 8214050.283040727488697 ], [ 562792.242421298637055, 8214080.283040727488697 ], [ 562762.242421298637055, 8214080.283040727488697 ] ] ] } },
{ "type": "Feature", "properties": { "ano": 2010, "camada": "agua", "area_km2": 0.0009 }, "geometry": { "type": "Polygon", "coordinates": [ [ [ 562972.242421298637055, 8214080.283040727488697 ], [ 562972.242421298637055, 8214050.283040727488697 ], [ 563002.242421298637055, 8214050.283040727488697 ], [ 563002.242421298637055, 8214080.283040727488697 ], [ 562972.242421298637055, 8214080.283040727488697 ] ] ] } },
{ "type": "Feature", "properties": { "ano": 2010, "camada": "agua", "area_km2": 0.0027 }, "geometry": { "type": "Polygon", "coordinates": [ [ [ 563662.242421298637055, 8214080.283040727488697 ], [ 563662.242421298637055, 8214020.283040727488697 ], [ 563722.242421298637055, 8214020.283040727488697 ], [ 563722.242421298637055, 8214050.283040727488697 ], [ 563692.242421298637055, 8214050.283040727488697 ], [ 563692.242421298637055, 8214080.283040727488697 ], [ 563662.242421298637055, 8214080.283040727488697 ] ] ] } },
{ "type": "Feature", "properties": { "ano": 2010, "camada": "agua", "area_km2": 0.0009 }, "geometry": { "type": "Polygon", "coordinates": [ [ [ 562822.242421298637055, 8214050.283040727488697 ], [ 562822.242421298637055, 8214020.283040727488697 ], [ 562852.242421298637055, 8214020.283040727488697 ], [ 562852.242421298637055, 8214050.283040727488697 ], [ 562822.242421298637055, 8214050.283040727488697 ] ] ] } },
{ "type": "Feature", "properties": { "ano": 2010, "camada": "agua", "area_km2": 0.0018 }, "geometry": { "type": "Polygon", "coordinates": [ [ [ 563062.242421298637055, 8214050.283040727488697 ], [ 563062.242421298637055, 8214020.283040727488697 ], [ 563122.242421298637055, 8214020.283040727488697 ], [ 563122.242421298637055, 8214050.283040727488697 ], [ 563062.242421298637055, 8214050.283040727488697 ] ] ] } },
{ "type": "Feature", "properties": { "ano": 2010, "camada": "agua", "area_km2": 0.0009 }, "geometry": { "type": "Polygon", "coordinates": [ [ [ 563632.242421298637055, 8214020.283040727488697 ], [ 563632.242421298637055, 8213990.283040727488697 ], [ 563662.242421298637055, 8213990.283040727488697 ], [ 563662.242421298637055, 8214020.283040727488697 ], [ 563632.242421298637055, 8214020.283040727488697 ] ] ] } },
{ "type": "Feature", "properties": { "ano": 2010, "camada": "agua", "area_km2": 0.0009 }, "geometry": { "type": "Polygon", "coordinates": [ [ [ 569122.242421298637055, 8214020.283040727488697 ], [ 569122.242421298637055, 8213990.283040727488697 ], [ 569152.242421298637055, 8213990.283040727488697 ], [ 569152.242421298637055, 8214020.283040727488697 ], [ 569122.242421298637055, 8214020.283040727488697 ] ] ] } },
{ "type": "Feature", "properties": { "ano": 2010, "camada": "agua", "area_km2": 0.0009 }, "geometry": { "type": "Polygon", "coordinates": [ [ [ 563602.242421298637055, 8213990.283040727488697 ], [ 563602.242421298637055, 8213960.283040727488697 ], [ 563632.242421298637055, 8213960.283040727488697 ], [ 563632.242421298637055, 8213990.283040727488697 ], [ 563602.242421298637055, 8213990.283040727488697 ] ] ] } },
{ "type": "Feature", "properties": { "ano": 2010, "camada": "agua", "area_km2": 0.0009 }, "geometry": { "type": "Polygon", "coordinates": [ [ [ 563002.242421298637055, 8213960.283040727488697 ], [ 563002.242421298637055, 8213930.283040727488697 ], [ 563032.242421298637055, 8213930.283040727488697 ], [ 563032.242421298637055, 8213960.283040727488697 ], [ 563002.242421298637055, 8213960.283040727488697 ] ] ] } },
{ "type": "Feature", "properties": { "ano": 2010, "camada": "agua", "area_km2": 0.0009 }, "geometry": { "type": "Polygon", "coordinates": [ [ [ 563572.242421298637055, 8213960.283040727488697 ], [ 563572.242421298637055, 8213930.283040727488697 ], [ 563602.242421298637055, 8213930.283040727488697 ], [ 563602.242421298637055, 8213960.283040727488697 ], [ 563572.242421298637055, 8213960.283040727488697 ] ] ] } },
{ "type": "Feature", "properties": { "ano": 2010, "camada": "agua", "area_km2": 0.0009 }, "geometry": { "type": "Polygon", "coordinates": [ [ [ 563812.242421298637055, 8213960.283040727488697 ], [ 563812.242421298637055, 8213930.283040727488697 ], [ 563842.242421298637055, 8213930.283040727488697 ], [ 563842.242421298637055, 8213960.283040727488697 ], [ 563812.242421298637055, 8213960.283040727488697 ] ] ] } },
{ "type": "Feature", "properties": { "ano": 2010, "camada": "agua", "area_km2": 0.0009 }, "geometry": { "type": "Polygon", "coordinates": [ [ [ 563122.242421298637055, 8213930.283040727488697 ], [ 563122.242421298637055, 8213900.283040727488697 ], [ 563152.242421298637055, 8213900.283040727488697 ], [ 563152.242421298637055, 8213930.283040727488697 ], [ 563122.242421298637055, 8213930.283040727488697 ] ] ] } },
{ "type": "Feature", "properties": { "ano": 2010, "camada": "agua", "area_km2": 0.0009 }, "geometry": { "type": "Polygon", "coordinates": [ [ [ 563542.242421298637055, 8213930.283040727488697 ], [ 563542.242421298637055, 8213900.283040727488697 ], [ 563572.242421298637055, 8213900.283040727488697 ], [ 563572.242421298637055, 8213930.283040727488697 ], [ 563542.242421298637055, 8213930.283040727488697 ] ] ] } },
{ "type": "Feature", "properties": { "ano": 2010, "camada": "agua", "area_km2": 0.0009 }, "geometry": { "type": "Polygon", "coordinates": [ [ [ 563902.242421298637055, 8213900.283040727488697 ], [ 563902.242421298637055, 8213870.283040727488697 ], [ 563932.242421298637055, 8213870.283040727488697 ], [ 563932.242421298637055, 8213900.283040727488697 ], [ 563902.242421298637055, 8213900.283040727488697 ] ] ] } },
{ "type": "Feature", "properties": { "ano": 2010, "camada": "agua", "area_km2": 0.0009 }, "geometry": { "type": "Polygon", "coordinates": [ [ [ 569092.242421298637055, 8213900.283040727488697 ], [ 569092.242421298637055, 8213870.283040727488697 ], [ 569122.242421298637055, 8213870.283040727488697 ], [ 569122.242421298637055, 8213900.283040727488697 ], [ 569092.242421298637055, 8213900.283040727488697 ] ] ] } },
{ "type": "Feature", "properties": { "ano": 2010, "camada": "agua", "area_km2": 0.0009 }, "geometry": { "type": "Polygon", "coordinates": [ [ [ 563212.242421298637055, 8213870.283040727488697 ], [ 563212.242421298637055, 8213840.283040727488697 ], [ 563242.242421298637055, 8213840.283040727488697 ], [ 563242.242421298637055, 8213870.283040727488697 ], [ 563212.242421298637055, 8213870.283040727488697 ] ] ] } },
{ "type": "Feature", "properties": { "ano": 2010, "camada": "agua", "area_km2": 0.0009 }, "geometry": { "type": "Polygon", "coordinates": [ [ [ 563482.242421298637055, 8213870.283040727488697 ], [ 563482.242421298637055, 8213840.283040727488697 ], [ 563512.242421298637055, 8213840.283040727488697 ], [ 563512.242421298637055, 8213870.283040727488697 ], [ 563482.242421298637055, 8213870.283040727488697 ] ] ] } },
{ "type": "Feature", "properties": { "ano": 2010, "camada": "agua", "area_km2": 0.0009 }, "geometry": { "type": "Polygon", "coordinates": [ [ [ 569152.242421298637055, 8213870.283040727488697 ], [ 569152.242421298637055, 8213840.283040727488697 ], [ 569182.242421298637055, 8213840.283040727488697 ], [ 569182.242421298637055, 8213870.283040727488697 ], [ 569152.242421298637055, 8213870.283040727488697 ] ] ] } },
{ "type": "Feature", "properties": { "ano": 2010, "camada": "agua", "area_km2": 0.0009 }, "geometry": { "type": "Polygon", "coordinates": [ [ [ 563452.242421298637055, 8213840.283040727488697 ], [ 563452.242421298637055, 8213810.283040727488697 ], [ 563482.242421298637055, 8213810.283040727488697 ], [ 563482.242421298637055, 8213840.283040727488697 ], [ 563452.242421298637055, 8213840.283040727488697 ] ] ] } },
{ "type": "Feature", "properties": { "ano": 2010, "camada": "agua", "area_km2": 0.0009 }, "geometry": { "type": "Polygon", "coordinates": [ [ [ 563992.242421298637055, 8213840.283040727488697 ], [ 563992.242421298637055, 8213810.283040727488697 ], [ 564022.242421298637055, 8213810.283040727488697 ], [ 564022.242421298637055, 8213840.283040727488697 ], [ 563992.242421298637055, 8213840.283040727488697 ] ] ] } },
{ "type": "Feature", "properties": { "ano": 2010, "camada": "agua", "area_km2": 0.0009 }, "geometry": { "type": "Polygon", "coordinates": [ [ [ 569062.242421298637055, 8213840.283040727488697 ], [ 569062.242421298637055, 8213810.283040727488697 ], [ 569092.242421298637055, 8213810.283040727488697 ], [ 569092.242421298637055, 8213840.283040727488697 ], [ 569062.242421298637055, 8213840.283040727488697 ] ] ] } },
{ "type": "Feature", "properties": { "ano": 2010, "camada": "agua", "area_km2": 0.0009 }, "geometry": { "type": "Polygon", "coordinates": [ [ [ 563422.242421298637055, 8213810.283040727488697 ], [ 563422.242421298637055, 8213780.283040727488697 ], [ 563452.242421298637055, 8213780.283040727488697 ], [ 563452.242421298637055, 8213810.283040727488697 ], [ 563422.242421298637055, 8213810.283040727488697 ] ] ] } },
{ "type": "Feature", "properties": { "ano": 2010, "camada": "agua", "area_km2": 0.0009 }, "geometry": { "type": "Polygon", "coordinates": [ [ [ 564052.242421298637055, 8213810.283040727488697 ], [ 564052.242421298637055, 8213780.283040727488697 ], [ 564082.242421298637055, 8213780.283040727488697 ], [ 564082.242421298637055, 8213810.283040727488697 ], [ 564052.242421298637055, 8213810.283040727488697 ] ] ] } },
{ "type": "Feature", "properties": { "ano": 2010, "camada": "agua", "area_km2": 0.0009 }, "geometry": { "type": "Polygon", "coordinates": [ [ [ 563392.242421298637055, 8213780.283040727488697 ], [ 563392.242421298637055, 8213750.283040727488697 ], [ 563422.242421298637055, 8213750.283040727488697 ], [ 563422.242421298637055, 8213780.283040727488697 ], [ 563392.242421298637055, 8213780.283040727488697 ] ] ] } },
{ "type": "Feature", "properties": { "ano": 2010, "camada": "agua", "area_km2": 0.0009 }, "geometry": { "type": "Polygon", "coordinates": [ [ [ 563272.242421298637055, 8213750.283040727488697 ], [ 563272.242421298637055, 8213720.283040727488697 ], [ 563302.242421298637055, 8213720.283040727488697 ], [ 563302.242421298637055, 8213750.283040727488697 ], [ 563272.242421298637055, 8213750.283040727488697 ] ] ] } },
{ "type": "Feature", "properties": { "ano": 2010, "camada": "agua", "area_km2": 0.0009 }, "geometry": { "type": "Polygon", "coordinates": [ [ [ 564172.242421298637055, 8213750.283040727488697 ], [ 564172.242421298637055, 8213720.283040727488697 ], [ 564202.242421298637055, 8213720.283040727488697 ], [ 564202.242421298637055, 8213750.283040727488697 ], [ 564172.242421298637055, 8213750.283040727488697 ] ] ] } },
{ "type": "Feature", "properties": { "ano": 2010, "camada": "agua", "area_km2": 0.0009 }, "geometry": { "type": "Polygon", "coordinates": [ [ [ 569092.242421298637055, 8213720.283040727488697 ], [ 569092.242421298637055, 8213690.283040727488697 ], [ 569122.242421298637055, 8213690.283040727488697 ], [ 569122.242421298637055, 8213720.283040727488697 ], [ 569092.242421298637055, 8213720.283040727488697 ] ] ] } },
{ "type": "Feature", "properties": { "ano": 2010, "camada": "agua", "area_km2": 0.0009 }, "geometry": { "type": "Polygon", "coordinates": [ [ [ 564262.242421298637055, 8213690.283040727488697 ], [ 564262.242421298637055, 8213660.283040727488697 ], [ 564292.242421298637055, 8213660.283040727488697 ], [ 564292.242421298637055, 8213690.283040727488697 ], [ 564262.242421298637055, 8213690.283040727488697 ] ] ] } },
{ "type": "Feature", "properties": { "ano": 2010, "camada": "agua", "area_km2": 0.0063 }, "geometry": { "type": "Polygon", "coordinates": [ [ [ 563332.242421298637055, 8213750.283040727488697 ], [ 563332.242421298637055, 8213720.283040727488697 ], [ 563302.242421298637055, 8213720.283040727488697 ], [ 563302.242421298637055, 8213630.283040727488697 ], [ 563332.242421298637055, 8213630.283040727488697 ], [ 563332.242421298637055, 8213660.283040727488697 ], [ 563362.242421298637055, 8213660.283040727488697 ], [ 563362.242421298637055, 8213720.283040727488697 ], [ 563392.242421298637055, 8213720.283040727488697 ], [ 563392.242421298637055, 8213750.283040727488697 ], [ 563332.242421298637055, 8213750.283040727488697 ] ] ] } },
{ "type": "Feature", "properties": { "ano": 2010, "camada": "agua", "area_km2": 0.0009 }, "geometry": { "type": "Polygon", "coordinates": [ [ [ 564322.242421298637055, 8213660.283040727488697 ], [ 564322.242421298637055, 8213630.283040727488697 ], [ 564352.242421298637055, 8213630.283040727488697 ], [ 564352.242421298637055, 8213660.283040727488697 ], [ 564322.242421298637055, 8213660.283040727488697 ] ] ] } },
{ "type": "Feature", "properties": { "ano": 2010, "camada": "agua", "area_km2": 0.0009 }, "geometry": { "type": "Polygon", "coordinates": [ [ [ 564412.242421298637055, 8213600.283040727488697 ], [ 564412.242421298637055, 8213570.283040727488697 ], [ 564442.242421298637055, 8213570.283040727488697 ], [ 564442.242421298637055, 8213600.283040727488697 ], [ 564412.242421298637055, 8213600.283040727488697 ] ] ] } },
{ "type": "Feature", "properties": { "ano": 2010, "camada": "agua", "area_km2": 0.0009 }, "geometry": { "type": "Polygon", "coordinates": [ [ [ 563362.242421298637055, 8213570.283040727488697 ], [ 563362.242421298637055, 8213540.283040727488697 ], [ 563392.242421298637055, 8213540.283040727488697 ], [ 563392.242421298637055, 8213570.283040727488697 ], [ 563362.242421298637055, 8213570.283040727488697 ] ] ] } },
{ "type": "Feature", "properties": { "ano": 2010, "camada": "agua", "area_km2": 0.0009 }, "geometry": { "type": "Polygon", "coordinates": [ [ [ 564472.242421298637055, 8213510.283040727488697 ], [ 564472.242421298637055, 8213480.283040727488697 ], [ 564502.242421298637055, 8213480.283040727488697 ], [ 564502.242421298637055, 8213510.283040727488697 ], [ 564472.242421298637055, 8213510.283040727488697 ] ] ] } },
{ "type": "Feature", "properties": { "ano": 2010, "camada": "agua", "area_km2": 0.0009 }, "geometry": { "type": "Polygon", "coordinates": [ [ [ 563422.242421298637055, 8213480.283040727488697 ], [ 563422.242421298637055, 8213450.283040727488697 ], [ 563452.242421298637055, 8213450.283040727488697 ], [ 563452.242421298637055, 8213480.283040727488697 ], [ 563422.242421298637055, 8213480.283040727488697 ] ] ] } },
{ "type": "Feature", "properties": { "ano": 2010, "camada": "agua", "area_km2": 0.0009 }, "geometry": { "type": "Polygon", "coordinates": [ [ [ 569032.242421298637055, 8213450.283040727488697 ], [ 569032.242421298637055, 8213420.283040727488697 ], [ 569062.242421298637055, 8213420.283040727488697 ], [ 569062.242421298637055, 8213450.283040727488697 ], [ 569032.242421298637055, 8213450.283040727488697 ] ] ] } },
{ "type": "Feature", "properties": { "ano": 2010, "camada": "agua", "area_km2": 0.0009 }, "geometry": { "type": "Polygon", "coordinates": [ [ [ 563452.242421298637055, 8213420.283040727488697 ], [ 563452.242421298637055, 8213390.283040727488697 ], [ 563482.242421298637055, 8213390.283040727488697 ], [ 563482.242421298637055, 8213420.283040727488697 ], [ 563452.242421298637055, 8213420.283040727488697 ] ] ] } },
{ "type": "Feature", "properties": { "ano": 2010, "camada": "agua", "area_km2": 0.0018 }, "geometry": { "type": "Polygon", "coordinates": [ [ [ 564232.242421298637055, 8213420.283040727488697 ], [ 564232.242421298637055, 8213360.283040727488697 ], [ 564262.242421298637055, 8213360.283040727488697 ], [ 564262.242421298637055, 8213420.283040727488697 ], [ 564232.242421298637055, 8213420.283040727488697 ] ] ] } },
{ "type": "Feature", "properties": { "ano": 2010, "camada": "agua", "area_km2": 0.0009 }, "geometry": { "type": "Polygon", "coordinates": [ [ [ 563482.242421298637055, 8213390.283040727488697 ], [ 563482.242421298637055, 8213360.283040727488697 ], [ 563512.242421298637055, 8213360.283040727488697 ], [ 563512.242421298637055, 8213390.283040727488697 ], [ 563482.242421298637055, 8213390.283040727488697 ] ] ] } },
{ "type": "Feature", "properties": { "ano": 2010, "camada": "agua", "area_km2": 0.0009 }, "geometry": { "type": "Polygon", "coordinates": [ [ [ 568972.242421298637055, 8213390.283040727488697 ], [ 568972.242421298637055, 8213360.283040727488697 ], [ 569002.242421298637055, 8213360.283040727488697 ], [ 569002.242421298637055, 8213390.283040727488697 ], [ 568972.242421298637055, 8213390.283040727488697 ] ] ] } },
{ "type": "Feature", "properties": { "ano": 2010, "camada": "agua", "area_km2": 0.0009 }, "geometry": { "type": "Polygon", "coordinates": [ [ [ 564592.242421298637055, 8213360.283040727488697 ], [ 564592.242421298637055, 8213330.283040727488697 ], [ 564622.242421298637055, 8213330.283040727488697 ], [ 564622.242421298637055, 8213360.283040727488697 ], [ 564592.242421298637055, 8213360.283040727488697 ] ] ] } },
{ "type": "Feature", "properties": { "ano": 2010, "camada": "agua", "area_km2": 0.0009 }, "geometry": { "type": "Polygon", "coordinates": [ [ [ 564622.242421298637055, 8213330.283040727488697 ], [ 564622.242421298637055, 8213300.283040727488697 ], [ 564652.242421298637055, 8213300.283040727488697 ], [ 564652.242421298637055, 8213330.283040727488697 ], [ 564622.242421298637055, 8213330.283040727488697 ] ] ] } },
{ "type": "Feature", "properties": { "ano": 2010, "camada": "agua", "area_km2": 0.0009 }, "geometry": { "type": "Polygon", "coordinates": [ [ [ 563602.242421298637055, 8213300.283040727488697 ], [ 563602.242421298637055, 8213270.283040727488697 ], [ 563632.242421298637055, 8213270.283040727488697 ], [ 563632.242421298637055, 8213300.283040727488697 ], [ 563602.242421298637055, 8213300.283040727488697 ] ] ] } },
{ "type": "Feature", "properties": { "ano": 2010, "camada": "agua", "area_km2": 0.0009 }, "geometry": { "type": "Polygon", "coordinates": [ [ [ 564682.242421298637055, 8213300.283040727488697 ], [ 564682.242421298637055, 8213270.283040727488697 ], [ 564712.242421298637055, 8213270.283040727488697 ], [ 564712.242421298637055, 8213300.283040727488697 ], [ 564682.242421298637055, 8213300.283040727488697 ] ] ] } },
{ "type": "Feature", "properties": { "ano": 2010, "camada": "agua", "area_km2": 0.0009 }, "geometry": { "type": "Polygon", "coordinates": [ [ [ 563632.242421298637055, 8213270.283040727488697 ], [ 563632.242421298637055, 8213240.283040727488697 ], [ 563662.242421298637055, 8213240.283040727488697 ], [ 563662.242421298637055, 8213270.283040727488697 ], [ 563632.242421298637055, 8213270.283040727488697 ] ] ] } },
{ "type": "Feature", "properties": { "ano": 2010, "camada": "agua", "area_km2": 0.0009 }, "geometry": { "type": "Polygon", "coordinates": [ [ [ 568882.242421298637055, 8213270.283040727488697 ], [ 568882.242421298637055, 8213240.283040727488697 ], [ 568912.242421298637055, 8213240.283040727488697 ], [ 568912.242421298637055, 8213270.283040727488697 ], [ 568882.242421298637055, 8213270.283040727488697 ] ] ] } },
{ "type": "Feature", "properties": { "ano": 2010, "camada": "agua", "area_km2": 0.0009 }, "geometry": { "type": "Polygon", "coordinates": [ [ [ 563692.242421298637055, 8213240.283040727488697 ], [ 563692.242421298637055, 8213210.283040727488697 ], [ 563722.242421298637055, 8213210.283040727488697 ], [ 563722.242421298637055, 8213240.283040727488697 ], [ 563692.242421298637055, 8213240.283040727488697 ] ] ] } },
{ "type": "Feature", "properties": { "ano": 2010, "camada": "agua", "area_km2": 0.0009 }, "geometry": { "type": "Polygon", "coordinates": [ [ [ 564262.242421298637055, 8213240.283040727488697 ], [ 564262.242421298637055, 8213210.283040727488697 ], [ 564292.242421298637055, 8213210.283040727488697 ], [ 564292.242421298637055, 8213240.283040727488697 ], [ 564262.242421298637055, 8213240.283040727488697 ] ] ] } },
{ "type": "Feature", "properties": { "ano": 2010, "camada": "agua", "area_km2": 0.0027 }, "geometry": { "type": "Polygon", "coordinates": [ [ [ 564712.242421298637055, 8213240.283040727488697 ], [ 564712.242421298637055, 8213210.283040727488697 ], [ 564802.242421298637055, 8213210.283040727488697 ], [ 564802.242421298637055, 8213240.283040727488697 ], [ 564712.242421298637055, 8213240.283040727488697 ] ] ] } },
{ "type": "Feature", "properties": { "ano": 2010, "camada": "agua", "area_km2": 0.0009 }, "geometry": { "type": "Polygon", "coordinates": [ [ [ 563722.242421298637055, 8213210.283040727488697 ], [ 563722.242421298637055, 8213180.283040727488697 ], [ 563752.242421298637055, 8213180.283040727488697 ], [ 563752.242421298637055, 8213210.283040727488697 ], [ 563722.242421298637055, 8213210.283040727488697 ] ] ] } },
{ "type": "Feature", "properties": { "ano": 2010, "camada": "agua", "area_km2": 0.0009 }, "geometry": { "type": "Polygon", "coordinates": [ [ [ 563752.242421298637055, 8213180.283040727488697 ], [ 563752.242421298637055, 8213150.283040727488697 ], [ 563782.242421298637055, 8213150.283040727488697 ], [ 563782.242421298637055, 8213180.283040727488697 ], [ 563752.242421298637055, 8213180.283040727488697 ] ] ] } },
{ "type": "Feature", "properties": { "ano": 2010, "camada": "agua", "area_km2": 0.0009 }, "geometry": { "type": "Polygon", "coordinates": [ [ [ 564292.242421298637055, 8213180.283040727488697 ], [ 564292.242421298637055, 8213150.283040727488697 ], [ 564322.242421298637055, 8213150.283040727488697 ], [ 564322.242421298637055, 8213180.283040727488697 ], [ 564292.242421298637055, 8213180.283040727488697 ] ] ] } },
{ "type": "Feature", "properties": { "ano": 2010, "camada": "agua", "area_km2": 0.0009 }, "geometry": { "type": "Polygon", "coordinates": [ [ [ 564712.242421298637055, 8213180.283040727488697 ], [ 564712.242421298637055, 8213150.283040727488697 ], [ 564742.242421298637055, 8213150.283040727488697 ], [ 564742.242421298637055, 8213180.283040727488697 ], [ 564712.242421298637055, 8213180.283040727488697 ] ] ] } },
{ "type": "Feature", "properties": { "ano": 2010, "camada": "agua", "area_km2": 0.0009 }, "geometry": { "type": "Polygon", "coordinates": [ [ [ 568822.242421298637055, 8213180.283040727488697 ], [ 568822.242421298637055, 8213150.283040727488697 ], [ 568852.242421298637055, 8213150.283040727488697 ], [ 568852.242421298637055, 8213180.283040727488697 ], [ 568822.242421298637055, 8213180.283040727488697 ] ] ] } },
{ "type": "Feature", "properties": { "ano": 2010, "camada": "agua", "area_km2": 0.0009 }, "geometry": { "type": "Polygon", "coordinates": [ [ [ 563782.242421298637055, 8213150.283040727488697 ], [ 563782.242421298637055, 8213120.283040727488697 ], [ 563812.242421298637055, 8213120.283040727488697 ], [ 563812.242421298637055, 8213150.283040727488697 ], [ 563782.242421298637055, 8213150.283040727488697 ] ] ] } },
{ "type": "Feature", "properties": { "ano": 2010, "camada": "agua", "area_km2": 0.0009 }, "geometry": { "type": "Polygon", "coordinates": [ [ [ 564742.242421298637055, 8213150.283040727488697 ], [ 564742.242421298637055, 8213120.283040727488697 ], [ 564772.242421298637055, 8213120.283040727488697 ], [ 564772.242421298637055, 8213150.283040727488697 ], [ 564742.242421298637055, 8213150.283040727488697 ] ] ] } },
{ "type": "Feature", "properties": { "ano": 2010, "camada": "agua", "area_km2": 0.0009 }, "geometry": { "type": "Polygon", "coordinates": [ [ [ 563812.242421298637055, 8213120.283040727488697 ], [ 563812.242421298637055, 8213090.283040727488697 ], [ 563842.242421298637055, 8213090.283040727488697 ], [ 563842.242421298637055, 8213120.283040727488697 ], [ 563812.242421298637055, 8213120.283040727488697 ] ] ] } },
{ "type": "Feature", "properties": { "ano": 2010, "camada": "agua", "area_km2": 0.0009 }, "geometry": { "type": "Polygon", "coordinates": [ [ [ 564322.242421298637055, 8213120.283040727488697 ], [ 564322.242421298637055, 8213090.283040727488697 ], [ 564352.242421298637055, 8213090.283040727488697 ], [ 564352.242421298637055, 8213120.283040727488697 ], [ 564322.242421298637055, 8213120.283040727488697 ] ] ] } },
{ "type": "Feature", "properties": { "ano": 2010, "camada": "agua", "area_km2": 0.0009 }, "geometry": { "type": "Polygon", "coordinates": [ [ [ 564682.242421298637055, 8213090.283040727488697 ], [ 564682.242421298637055, 8213060.283040727488697 ], [ 564712.242421298637055, 8213060.283040727488697 ], [ 564712.242421298637055, 8213090.283040727488697 ], [ 564682.242421298637055, 8213090.283040727488697 ] ] ] } },
{ "type": "Feature", "properties": { "ano": 2010, "camada": "agua", "area_km2": 0.0009 }, "geometry": { "type": "Polygon", "coordinates": [ [ [ 564352.242421298637055, 8213060.283040727488697 ], [ 564352.242421298637055, 8213030.283040727488697 ], [ 564382.242421298637055, 8213030.283040727488697 ], [ 564382.242421298637055, 8213060.283040727488697 ], [ 564352.242421298637055, 8213060.283040727488697 ] ] ] } },
{ "type": "Feature", "properties": { "ano": 2010, "camada": "agua", "area_km2": 0.0009 }, "geometry": { "type": "Polygon", "coordinates": [ [ [ 568702.242421298637055, 8213060.283040727488697 ], [ 568702.242421298637055, 8213030.283040727488697 ], [ 568732.242421298637055, 8213030.283040727488697 ], [ 568732.242421298637055, 8213060.283040727488697 ], [ 568702.242421298637055, 8213060.283040727488697 ] ] ] } },
{ "type": "Feature", "properties": { "ano": 2010, "camada": "agua", "area_km2": 0.0009 }, "geometry": { "type": "Polygon", "coordinates": [ [ [ 564712.242421298637055, 8213030.283040727488697 ], [ 564712.242421298637055, 8213000.283040727488697 ], [ 564742.242421298637055, 8213000.283040727488697 ], [ 564742.242421298637055, 8213030.283040727488697 ], [ 564712.242421298637055, 8213030.283040727488697 ] ] ] } },
{ "type": "Feature", "properties": { "ano": 2010, "camada": "agua", "area_km2": 0.0009 }, "geometry": { "type": "Polygon", "coordinates": [ [ [ 564982.242421298637055, 8213030.283040727488697 ], [ 564982.242421298637055, 8213000.283040727488697 ], [ 565012.242421298637055, 8213000.283040727488697 ], [ 565012.242421298637055, 8213030.283040727488697 ], [ 564982.242421298637055, 8213030.283040727488697 ] ] ] } },
{ "type": "Feature", "properties": { "ano": 2010, "camada": "agua", "area_km2": 0.0009 }, "geometry": { "type": "Polygon", "coordinates": [ [ [ 563902.242421298637055, 8213000.283040727488697 ], [ 563902.242421298637055, 8212970.283040727488697 ], [ 563932.242421298637055, 8212970.283040727488697 ], [ 563932.242421298637055, 8213000.283040727488697 ], [ 563902.242421298637055, 8213000.283040727488697 ] ] ] } },
{ "type": "Feature", "properties": { "ano": 2010, "camada": "agua", "area_km2": 0.0009 }, "geometry": { "type": "Polygon", "coordinates": [ [ [ 564382.242421298637055, 8213000.283040727488697 ], [ 564382.242421298637055, 8212970.283040727488697 ], [ 564412.242421298637055, 8212970.283040727488697 ], [ 564412.242421298637055, 8213000.283040727488697 ], [ 564382.242421298637055, 8213000.283040727488697 ] ] ] } },
{ "type": "Feature", "properties": { "ano": 2010, "camada": "agua", "area_km2": 0.0009 }, "geometry": { "type": "Polygon", "coordinates": [ [ [ 564892.242421298637055, 8213000.283040727488697 ], [ 564892.242421298637055, 8212970.283040727488697 ], [ 564922.242421298637055, 8212970.283040727488697 ], [ 564922.242421298637055, 8213000.283040727488697 ], [ 564892.242421298637055, 8213000.283040727488697 ] ] ] } },
{ "type": "Feature", "properties": { "ano": 2010, "camada": "agua", "area_km2": 0.0009 }, "geometry": { "type": "Polygon", "coordinates": [ [ [ 563962.242421298637055, 8212910.283040727488697 ], [ 563962.242421298637055, 8212880.283040727488697 ], [ 563992.242421298637055, 8212880.283040727488697 ], [ 563992.242421298637055, 8212910.283040727488697 ], [ 563962.242421298637055, 8212910.283040727488697 ] ] ] } },
{ "type": "Feature", "properties": { "ano": 2010, "camada": "agua", "area_km2": 0.0009 }, "geometry": { "type": "Polygon", "coordinates": [ [ [ 564832.242421298637055, 8212910.283040727488697 ], [ 564832.242421298637055, 8212880.283040727488697 ], [ 564862.242421298637055, 8212880.283040727488697 ], [ 564862.242421298637055, 8212910.283040727488697 ], [ 564832.242421298637055, 8212910.283040727488697 ] ] ] } },
{ "type": "Feature", "properties": { "ano": 2010, "camada": "agua", "area_km2": 0.0009 }, "geometry": { "type": "Polygon", "coordinates": [ [ [ 565102.242421298637055, 8212910.283040727488697 ], [ 565102.242421298637055, 8212880.283040727488697 ], [ 565132.242421298637055, 8212880.283040727488697 ], [ 565132.242421298637055, 8212910.283040727488697 ], [ 565102.242421298637055, 8212910.283040727488697 ] ] ] } },
{ "type": "Feature", "properties": { "ano": 2010, "camada": "agua", "area_km2": 0.0009 }, "geometry": { "type": "Polygon", "coordinates": [ [ [ 568582.242421298637055, 8212910.283040727488697 ], [ 568582.242421298637055, 8212880.283040727488697 ], [ 568612.242421298637055, 8212880.283040727488697 ], [ 568612.242421298637055, 8212910.283040727488697 ], [ 568582.242421298637055, 8212910.283040727488697 ] ] ] } },
{ "type": "Feature", "properties": { "ano": 2010, "camada": "agua", "area_km2": 0.0009 }, "geometry": { "type": "Polygon", "coordinates": [ [ [ 563992.242421298637055, 8212880.283040727488697 ], [ 563992.242421298637055, 8212850.283040727488697 ], [ 564022.242421298637055, 8212850.283040727488697 ], [ 564022.242421298637055, 8212880.283040727488697 ], [ 563992.242421298637055, 8212880.283040727488697 ] ] ] } },
{ "type": "Feature", "properties": { "ano": 2010, "camada": "agua", "area_km2": 0.0009 }, "geometry": { "type": "Polygon", "coordinates": [ [ [ 564892.242421298637055, 8212880.283040727488697 ], [ 564892.242421298637055, 8212850.283040727488697 ], [ 564922.242421298637055, 8212850.283040727488697 ], [ 564922.242421298637055, 8212880.283040727488697 ], [ 564892.242421298637055, 8212880.283040727488697 ] ] ] } },
{ "type": "Feature", "properties": { "ano": 2010, "camada": "agua", "area_km2": 0.0009 }, "geometry": { "type": "Polygon", "coordinates": [ [ [ 565132.242421298637055, 8212880.283040727488697 ], [ 565132.242421298637055, 8212850.283040727488697 ], [ 565162.242421298637055, 8212850.283040727488697 ], [ 565162.242421298637055, 8212880.283040727488697 ], [ 565132.242421298637055, 8212880.283040727488697 ] ] ] } },
{ "type": "Feature", "properties": { "ano": 2010, "camada": "agua", "area_km2": 0.0009 }, "geometry": { "type": "Polygon", "coordinates": [ [ [ 564022.242421298637055, 8212850.283040727488697 ], [ 564022.242421298637055, 8212820.283040727488697 ], [ 564052.242421298637055, 8212820.283040727488697 ], [ 564052.242421298637055, 8212850.283040727488697 ], [ 564022.242421298637055, 8212850.283040727488697 ] ] ] } },
{ "type": "Feature", "properties": { "ano": 2010, "camada": "agua", "area_km2": 0.0009 }, "geometry": { "type": "Polygon", "coordinates": [ [ [ 564952.242421298637055, 8212850.283040727488697 ], [ 564952.242421298637055, 8212820.283040727488697 ], [ 564982.242421298637055, 8212820.283040727488697 ], [ 564982.242421298637055, 8212850.283040727488697 ], [ 564952.242421298637055, 8212850.283040727488697 ] ] ] } },
{ "type": "Feature", "properties": { "ano": 2010, "camada": "agua", "area_km2": 0.0009 }, "geometry": { "type": "Polygon", "coordinates": [ [ [ 565192.242421298637055, 8212850.283040727488697 ], [ 565192.242421298637055, 8212820.283040727488697 ], [ 565222.242421298637055, 8212820.283040727488697 ], [ 565222.242421298637055, 8212850.283040727488697 ], [ 565192.242421298637055, 8212850.283040727488697 ] ] ] } },
{ "type": "Feature", "properties": { "ano": 2010, "camada": "agua", "area_km2": 0.0009 }, "geometry": { "type": "Polygon", "coordinates": [ [ [ 564502.242421298637055, 8212820.283040727488697 ], [ 564502.242421298637055, 8212790.283040727488697 ], [ 564532.242421298637055, 8212790.283040727488697 ], [ 564532.242421298637055, 8212820.283040727488697 ], [ 564502.242421298637055, 8212820.283040727488697 ] ] ] } },
{ "type": "Feature", "properties": { "ano": 2010, "camada": "agua", "area_km2": 0.0009 }, "geometry": { "type": "Polygon", "coordinates": [ [ [ 565252.242421298637055, 8212820.283040727488697 ], [ 565252.242421298637055, 8212790.283040727488697 ], [ 565282.242421298637055, 8212790.283040727488697 ], [ 565282.242421298637055, 8212820.283040727488697 ], [ 565252.242421298637055, 8212820.283040727488697 ] ] ] } },
{ "type": "Feature", "properties": { "ano": 2010, "camada": "agua", "area_km2": 0.0009 }, "geometry": { "type": "Polygon", "coordinates": [ [ [ 568432.242421298637055, 8212820.283040727488697 ], [ 568432.242421298637055, 8212790.283040727488697 ], [ 568462.242421298637055, 8212790.283040727488697 ], [ 568462.242421298637055, 8212820.283040727488697 ], [ 568432.242421298637055, 8212820.283040727488697 ] ] ] } },
{ "type": "Feature", "properties": { "ano": 2010, "camada": "agua", "area_km2": 0.0009 }, "geometry": { "type": "Polygon", "coordinates": [ [ [ 564682.242421298637055, 8212790.283040727488697 ], [ 564682.242421298637055, 8212760.283040727488697 ], [ 564712.242421298637055, 8212760.283040727488697 ], [ 564712.242421298637055, 8212790.283040727488697 ], [ 564682.242421298637055, 8212790.283040727488697 ] ] ] } },
{ "type": "Feature", "properties": { "ano": 2010, "camada": "agua", "area_km2": 0.0009 }, "geometry": { "type": "Polygon", "coordinates": [ [ [ 565312.242421298637055, 8212790.283040727488697 ], [ 565312.242421298637055, 8212760.283040727488697 ], [ 565342.242421298637055, 8212760.283040727488697 ], [ 565342.242421298637055, 8212790.283040727488697 ], [ 565312.242421298637055, 8212790.283040727488697 ] ] ] } },
{ "type": "Feature", "properties": { "ano": 2010, "camada": "agua", "area_km2": 0.0009 }, "geometry": { "type": "Polygon", "coordinates": [ [ [ 564082.242421298637055, 8212760.283040727488697 ], [ 564082.242421298637055, 8212730.283040727488697 ], [ 564112.242421298637055, 8212730.283040727488697 ], [ 564112.242421298637055, 8212760.283040727488697 ], [ 564082.242421298637055, 8212760.283040727488697 ] ] ] } },
{ "type": "Feature", "properties": { "ano": 2010, "camada": "agua", "area_km2": 0.0009 }, "geometry": { "type": "Polygon", "coordinates": [ [ [ 564532.242421298637055, 8212760.283040727488697 ], [ 564532.242421298637055, 8212730.283040727488697 ], [ 564562.242421298637055, 8212730.283040727488697 ], [ 564562.242421298637055, 8212760.283040727488697 ], [ 564532.242421298637055, 8212760.283040727488697 ] ] ] } },
{ "type": "Feature", "properties": { "ano": 2010, "camada": "agua", "area_km2": 0.0009 }, "geometry": { "type": "Polygon", "coordinates": [ [ [ 565132.242421298637055, 8212760.283040727488697 ], [ 565132.242421298637055, 8212730.283040727488697 ], [ 565162.242421298637055, 8212730.283040727488697 ], [ 565162.242421298637055, 8212760.283040727488697 ], [ 565132.242421298637055, 8212760.283040727488697 ] ] ] } },
{ "type": "Feature", "properties": { "ano": 2010, "camada": "agua", "area_km2": 0.0009 }, "geometry": { "type": "Polygon", "coordinates": [ [ [ 565372.242421298637055, 8212760.283040727488697 ], [ 565372.242421298637055, 8212730.283040727488697 ], [ 565402.242421298637055, 8212730.283040727488697 ], [ 565402.242421298637055, 8212760.283040727488697 ], [ 565372.242421298637055, 8212760.283040727488697 ] ] ] } },
{ "type": "Feature", "properties": { "ano": 2010, "camada": "agua", "area_km2": 0.0009 }, "geometry": { "type": "Polygon", "coordinates": [ [ [ 564112.242421298637055, 8212730.283040727488697 ], [ 564112.242421298637055, 8212700.283040727488697 ], [ 564142.242421298637055, 8212700.283040727488697 ], [ 564142.242421298637055, 8212730.283040727488697 ], [ 564112.242421298637055, 8212730.283040727488697 ] ] ] } },
{ "type": "Feature", "properties": { "ano": 2010, "camada": "agua", "area_km2": 0.0009 }, "geometry": { "type": "Polygon", "coordinates": [ [ [ 565222.242421298637055, 8212730.283040727488697 ], [ 565222.242421298637055, 8212700.283040727488697 ], [ 565252.242421298637055, 8212700.283040727488697 ], [ 565252.242421298637055, 8212730.283040727488697 ], [ 565222.242421298637055, 8212730.283040727488697 ] ] ] } },
{ "type": "Feature", "properties": { "ano": 2010, "camada": "agua", "area_km2": 0.0009 }, "geometry": { "type": "Polygon", "coordinates": [ [ [ 565402.242421298637055, 8212730.283040727488697 ], [ 565402.242421298637055, 8212700.283040727488697 ], [ 565432.242421298637055, 8212700.283040727488697 ], [ 565432.242421298637055, 8212730.283040727488697 ], [ 565402.242421298637055, 8212730.283040727488697 ] ] ] } },
{ "type": "Feature", "properties": { "ano": 2010, "camada": "agua", "area_km2": 0.0009 }, "geometry": { "type": "Polygon", "coordinates": [ [ [ 565462.242421298637055, 8212700.283040727488697 ], [ 565462.242421298637055, 8212670.283040727488697 ], [ 565492.242421298637055, 8212670.283040727488697 ], [ 565492.242421298637055, 8212700.283040727488697 ], [ 565462.242421298637055, 8212700.283040727488697 ] ] ] } },
{ "type": "Feature", "properties": { "ano": 2010, "camada": "agua", "area_km2": 0.0009 }, "geometry": { "type": "Polygon", "coordinates": [ [ [ 564142.242421298637055, 8212670.283040727488697 ], [ 564142.242421298637055, 8212640.283040727488697 ], [ 564172.242421298637055, 8212640.283040727488697 ], [ 564172.242421298637055, 8212670.283040727488697 ], [ 564142.242421298637055, 8212670.283040727488697 ] ] ] } },
{ "type": "Feature", "properties": { "ano": 2010, "camada": "agua", "area_km2": 0.0009 }, "geometry": { "type": "Polygon", "coordinates": [ [ [ 565372.242421298637055, 8212670.283040727488697 ], [ 565372.242421298637055, 8212640.283040727488697 ], [ 565402.242421298637055, 8212640.283040727488697 ], [ 565402.242421298637055, 8212670.283040727488697 ], [ 565372.242421298637055, 8212670.283040727488697 ] ] ] } },
{ "type": "Feature", "properties": { "ano": 2010, "camada": "agua", "area_km2": 0.0009 }, "geometry": { "type": "Polygon", "coordinates": [ [ [ 565552.242421298637055, 8212640.283040727488697 ], [ 565552.242421298637055, 8212610.283040727488697 ], [ 565582.242421298637055, 8212610.283040727488697 ], [ 565582.242421298637055, 8212640.283040727488697 ], [ 565552.242421298637055, 8212640.283040727488697 ] ] ] } },
{ "type": "Feature", "properties": { "ano": 2010, "camada": "agua", "area_km2": 0.0009 }, "geometry": { "type": "Polygon", "coordinates": [ [ [ 565582.242421298637055, 8212610.283040727488697 ], [ 565582.242421298637055, 8212580.283040727488697 ], [ 565612.242421298637055, 8212580.283040727488697 ], [ 565612.242421298637055, 8212610.283040727488697 ], [ 565582.242421298637055, 8212610.283040727488697 ] ] ] } },
{ "type": "Feature", "properties": { "ano": 2010, "camada": "agua", "area_km2": 0.0009 }, "geometry": { "type": "Polygon", "coordinates": [ [ [ 568222.242421298637055, 8212610.283040727488697 ], [ 568222.242421298637055, 8212580.283040727488697 ], [ 568252.242421298637055, 8212580.283040727488697 ], [ 568252.242421298637055, 8212610.283040727488697 ], [ 568222.242421298637055, 8212610.283040727488697 ] ] ] } },
{ "type": "Feature", "properties": { "ano": 2010, "camada": "agua", "area_km2": 0.0009 }, "geometry": { "type": "Polygon", "coordinates": [ [ [ 565522.242421298637055, 8212580.283040727488697 ], [ 565522.242421298637055, 8212550.283040727488697 ], [ 565552.242421298637055, 8212550.283040727488697 ], [ 565552.242421298637055, 8212580.283040727488697 ], [ 565522.242421298637055, 8212580.283040727488697 ] ] ] } },
{ "type": "Feature", "properties": { "ano": 2010, "camada": "agua", "area_km2": 0.0009 }, "geometry": { "type": "Polygon", "coordinates": [ [ [ 565612.242421298637055, 8212580.283040727488697 ], [ 565612.242421298637055, 8212550.283040727488697 ], [ 565642.242421298637055, 8212550.283040727488697 ], [ 565642.242421298637055, 8212580.283040727488697 ], [ 565612.242421298637055, 8212580.283040727488697 ] ] ] } },
{ "type": "Feature", "properties": { "ano": 2010, "camada": "agua", "area_km2": 0.0009 }, "geometry": { "type": "Polygon", "coordinates": [ [ [ 565642.242421298637055, 8212550.283040727488697 ], [ 565642.242421298637055, 8212520.283040727488697 ], [ 565672.242421298637055, 8212520.283040727488697 ], [ 565672.242421298637055, 8212550.283040727488697 ], [ 565642.242421298637055, 8212550.283040727488697 ] ] ] } },
{ "type": "Feature", "properties": { "ano": 2010, "camada": "agua", "area_km2": 0.0009 }, "geometry": { "type": "Polygon", "coordinates": [ [ [ 564172.242421298637055, 8212520.283040727488697 ], [ 564172.242421298637055, 8212490.283040727488697 ], [ 564202.242421298637055, 8212490.283040727488697 ], [ 564202.242421298637055, 8212520.283040727488697 ], [ 564172.242421298637055, 8212520.283040727488697 ] ] ] } },
{ "type": "Feature", "properties": { "ano": 2010, "camada": "agua", "area_km2": 0.0009 }, "geometry": { "type": "Polygon", "coordinates": [ [ [ 565642.242421298637055, 8212490.283040727488697 ], [ 565642.242421298637055, 8212460.283040727488697 ], [ 565672.242421298637055, 8212460.283040727488697 ], [ 565672.242421298637055, 8212490.283040727488697 ], [ 565642.242421298637055, 8212490.283040727488697 ] ] ] } },
{ "type": "Feature", "properties": { "ano": 2010, "camada": "agua", "area_km2": 0.0009 }, "geometry": { "type": "Polygon", "coordinates": [ [ [ 565672.242421298637055, 8212460.283040727488697 ], [ 565672.242421298637055, 8212430.283040727488697 ], [ 565702.242421298637055, 8212430.283040727488697 ], [ 565702.242421298637055, 8212460.283040727488697 ], [ 565672.242421298637055, 8212460.283040727488697 ] ] ] } },
{ "type": "Feature", "properties": { "ano": 2010, "camada": "agua", "area_km2": 0.0009 }, "geometry": { "type": "Polygon", "coordinates": [ [ [ 565762.242421298637055, 8212460.283040727488697 ], [ 565762.242421298637055, 8212430.283040727488697 ], [ 565792.242421298637055, 8212430.283040727488697 ], [ 565792.242421298637055, 8212460.283040727488697 ], [ 565762.242421298637055, 8212460.283040727488697 ] ] ] } },
{ "type": "Feature", "properties": { "ano": 2010, "camada": "agua", "area_km2": 0.0009 }, "geometry": { "type": "Polygon", "coordinates": [ [ [ 564202.242421298637055, 8212430.283040727488697 ], [ 564202.242421298637055, 8212400.283040727488697 ], [ 564232.242421298637055, 8212400.283040727488697 ], [ 564232.242421298637055, 8212430.283040727488697 ], [ 564202.242421298637055, 8212430.283040727488697 ] ] ] } },
{ "type": "Feature", "properties": { "ano": 2010, "camada": "agua", "area_km2": 0.0009 }, "geometry": { "type": "Polygon", "coordinates": [ [ [ 565702.242421298637055, 8212430.283040727488697 ], [ 565702.242421298637055, 8212400.283040727488697 ], [ 565732.242421298637055, 8212400.283040727488697 ], [ 565732.242421298637055, 8212430.283040727488697 ], [ 565702.242421298637055, 8212430.283040727488697 ] ] ] } },
{ "type": "Feature", "properties": { "ano": 2010, "camada": "agua", "area_km2": 0.0009 }, "geometry": { "type": "Polygon", "coordinates": [ [ [ 565792.242421298637055, 8212430.283040727488697 ], [ 565792.242421298637055, 8212400.283040727488697 ], [ 565822.242421298637055, 8212400.283040727488697 ], [ 565822.242421298637055, 8212430.283040727488697 ], [ 565792.242421298637055, 8212430.283040727488697 ] ] ] } },
{ "type": "Feature", "properties": { "ano": 2010, "camada": "agua", "area_km2": 0.0009 }, "geometry": { "type": "Polygon", "coordinates": [ [ [ 564892.242421298637055, 8212400.283040727488697 ], [ 564892.242421298637055, 8212370.283040727488697 ], [ 564922.242421298637055, 8212370.283040727488697 ], [ 564922.242421298637055, 8212400.283040727488697 ], [ 564892.242421298637055, 8212400.283040727488697 ] ] ] } },
{ "type": "Feature", "properties": { "ano": 2010, "camada": "agua", "area_km2": 0.0009 }, "geometry": { "type": "Polygon", "coordinates": [ [ [ 565732.242421298637055, 8212400.283040727488697 ], [ 565732.242421298637055, 8212370.283040727488697 ], [ 565762.242421298637055, 8212370.283040727488697 ], [ 565762.242421298637055, 8212400.283040727488697 ], [ 565732.242421298637055, 8212400.283040727488697 ] ] ] } },
{ "type": "Feature", "properties": { "ano": 2010, "camada": "agua", "area_km2": 0.0009 }, "geometry": { "type": "Polygon", "coordinates": [ [ [ 564232.242421298637055, 8212370.283040727488697 ], [ 564232.242421298637055, 8212340.283040727488697 ], [ 564262.242421298637055, 8212340.283040727488697 ], [ 564262.242421298637055, 8212370.283040727488697 ], [ 564232.242421298637055, 8212370.283040727488697 ] ] ] } },
{ "type": "Feature", "properties": { "ano": 2010, "camada": "agua", "area_km2": 0.0009 }, "geometry": { "type": "Polygon", "coordinates": [ [ [ 565762.242421298637055, 8212370.283040727488697 ], [ 565762.242421298637055, 8212340.283040727488697 ], [ 565792.242421298637055, 8212340.283040727488697 ], [ 565792.242421298637055, 8212370.283040727488697 ], [ 565762.242421298637055, 8212370.283040727488697 ] ] ] } },
{ "type": "Feature", "properties": { "ano": 2010, "camada": "agua", "area_km2": 0.0009 }, "geometry": { "type": "Polygon", "coordinates": [ [ [ 564262.242421298637055, 8212340.283040727488697 ], [ 564262.242421298637055, 8212310.283040727488697 ], [ 564292.242421298637055, 8212310.283040727488697 ], [ 564292.242421298637055, 8212340.283040727488697 ], [ 564262.242421298637055, 8212340.283040727488697 ] ] ] } },
{ "type": "Feature", "properties": { "ano": 2010, "camada": "agua", "area_km2": 0.0009 }, "geometry": { "type": "Polygon", "coordinates": [ [ [ 565792.242421298637055, 8212340.283040727488697 ], [ 565792.242421298637055, 8212310.283040727488697 ], [ 565822.242421298637055, 8212310.283040727488697 ], [ 565822.242421298637055, 8212340.283040727488697 ], [ 565792.242421298637055, 8212340.283040727488697 ] ] ] } },
{ "type": "Feature", "properties": { "ano": 2010, "camada": "agua", "area_km2": 0.0009 }, "geometry": { "type": "Polygon", "coordinates": [ [ [ 565912.242421298637055, 8212340.283040727488697 ], [ 565912.242421298637055, 8212310.283040727488697 ], [ 565942.242421298637055, 8212310.283040727488697 ], [ 565942.242421298637055, 8212340.283040727488697 ], [ 565912.242421298637055, 8212340.283040727488697 ] ] ] } },
{ "type": "Feature", "properties": { "ano": 2010, "camada": "agua", "area_km2": 0.0009 }, "geometry": { "type": "Polygon", "coordinates": [ [ [ 567682.242421298637055, 8212340.283040727488697 ], [ 567682.242421298637055, 8212310.283040727488697 ], [ 567712.242421298637055, 8212310.283040727488697 ], [ 567712.242421298637055, 8212340.283040727488697 ], [ 567682.242421298637055, 8212340.283040727488697 ] ] ] } },
{ "type": "Feature", "properties": { "ano": 2010, "camada": "agua", "area_km2": 0.0009 }, "geometry": { "type": "Polygon", "coordinates": [ [ [ 567862.242421298637055, 8212340.283040727488697 ], [ 567862.242421298637055, 8212310.283040727488697 ], [ 567892.242421298637055, 8212310.283040727488697 ], [ 567892.242421298637055, 8212340.283040727488697 ], [ 567862.242421298637055, 8212340.283040727488697 ] ] ] } },
{ "type": "Feature", "properties": { "ano": 2010, "camada": "agua", "area_km2": 0.0009 }, "geometry": { "type": "Polygon", "coordinates": [ [ [ 565822.242421298637055, 8212310.283040727488697 ], [ 565822.242421298637055, 8212280.283040727488697 ], [ 565852.242421298637055, 8212280.283040727488697 ], [ 565852.242421298637055, 8212310.283040727488697 ], [ 565822.242421298637055, 8212310.283040727488697 ] ] ] } },
{ "type": "Feature", "properties": { "ano": 2010, "camada": "agua", "area_km2": 0.0009 }, "geometry": { "type": "Polygon", "coordinates": [ [ [ 565942.242421298637055, 8212310.283040727488697 ], [ 565942.242421298637055, 8212280.283040727488697 ], [ 565972.242421298637055, 8212280.283040727488697 ], [ 565972.242421298637055, 8212310.283040727488697 ], [ 565942.242421298637055, 8212310.283040727488697 ] ] ] } },
{ "type": "Feature", "properties": { "ano": 2010, "camada": "agua", "area_km2": 0.0009 }, "geometry": { "type": "Polygon", "coordinates": [ [ [ 567622.242421298637055, 8212310.283040727488697 ], [ 567622.242421298637055, 8212280.283040727488697 ], [ 567652.242421298637055, 8212280.283040727488697 ], [ 567652.242421298637055, 8212310.283040727488697 ], [ 567622.242421298637055, 8212310.283040727488697 ] ] ] } },
{ "type": "Feature", "properties": { "ano": 2010, "camada": "agua", "area_km2": 0.0009 }, "geometry": { "type": "Polygon", "coordinates": [ [ [ 565852.242421298637055, 8212280.283040727488697 ], [ 565852.242421298637055, 8212250.283040727488697 ], [ 565882.242421298637055, 8212250.283040727488697 ], [ 565882.242421298637055, 8212280.283040727488697 ], [ 565852.242421298637055, 8212280.283040727488697 ] ] ] } },
{ "type": "Feature", "properties": { "ano": 2010, "camada": "agua", "area_km2": 0.0009 }, "geometry": { "type": "Polygon", "coordinates": [ [ [ 565972.242421298637055, 8212280.283040727488697 ], [ 565972.242421298637055, 8212250.283040727488697 ], [ 566002.242421298637055, 8212250.283040727488697 ], [ 566002.242421298637055, 8212280.283040727488697 ], [ 565972.242421298637055, 8212280.283040727488697 ] ] ] } },
{ "type": "Feature", "properties": { "ano": 2010, "camada": "agua", "area_km2": 0.0009 }, "geometry": { "type": "Polygon", "coordinates": [ [ [ 567592.242421298637055, 8212280.283040727488697 ], [ 567592.242421298637055, 8212250.283040727488697 ], [ 567622.242421298637055, 8212250.283040727488697 ], [ 567622.242421298637055, 8212280.283040727488697 ], [ 567592.242421298637055, 8212280.283040727488697 ] ] ] } },
{ "type": "Feature", "properties": { "ano": 2010, "camada": "agua", "area_km2": 0.0009 }, "geometry": { "type": "Polygon", "coordinates": [ [ [ 565882.242421298637055, 8212250.283040727488697 ], [ 565882.242421298637055, 8212220.283040727488697 ], [ 565912.242421298637055, 8212220.283040727488697 ], [ 565912.242421298637055, 8212250.283040727488697 ], [ 565882.242421298637055, 8212250.283040727488697 ] ] ] } },
{ "type": "Feature", "properties": { "ano": 2010, "camada": "agua", "area_km2": 0.0009 }, "geometry": { "type": "Polygon", "coordinates": [ [ [ 566002.242421298637055, 8212250.283040727488697 ], [ 566002.242421298637055, 8212220.283040727488697 ], [ 566032.242421298637055, 8212220.283040727488697 ], [ 566032.242421298637055, 8212250.283040727488697 ], [ 566002.242421298637055, 8212250.283040727488697 ] ] ] } },
{ "type": "Feature", "properties": { "ano": 2010, "camada": "agua", "area_km2": 0.0009 }, "geometry": { "type": "Polygon", "coordinates": [ [ [ 567562.242421298637055, 8212250.283040727488697 ], [ 567562.242421298637055, 8212220.283040727488697 ], [ 567592.242421298637055, 8212220.283040727488697 ], [ 567592.242421298637055, 8212250.283040727488697 ], [ 567562.242421298637055, 8212250.283040727488697 ] ] ] } },
{ "type": "Feature", "properties": { "ano": 2010, "camada": "agua", "area_km2": 0.0009 }, "geometry": { "type": "Polygon", "coordinates": [ [ [ 566032.242421298637055, 8212220.283040727488697 ], [ 566032.242421298637055, 8212190.283040727488697 ], [ 566062.242421298637055, 8212190.283040727488697 ], [ 566062.242421298637055, 8212220.283040727488697 ], [ 566032.242421298637055, 8212220.283040727488697 ] ] ] } },
{ "type": "Feature", "properties": { "ano": 2010, "camada": "agua", "area_km2": 0.0009 }, "geometry": { "type": "Polygon", "coordinates": [ [ [ 567472.242421298637055, 8212190.283040727488697 ], [ 567472.242421298637055, 8212160.283040727488697 ], [ 567502.242421298637055, 8212160.283040727488697 ], [ 567502.242421298637055, 8212190.283040727488697 ], [ 567472.242421298637055, 8212190.283040727488697 ] ] ] } },
{ "type": "Feature", "properties": { "ano": 2010, "camada": "agua", "area_km2": 0.0009 }, "geometry": { "type": "Polygon", "coordinates": [ [ [ 564322.242421298637055, 8212160.283040727488697 ], [ 564322.242421298637055, 8212130.283040727488697 ], [ 564352.242421298637055, 8212130.283040727488697 ], [ 564352.242421298637055, 8212160.283040727488697 ], [ 564322.242421298637055, 8212160.283040727488697 ] ] ] } },
{ "type": "Feature", "properties": { "ano": 2010, "camada": "agua", "area_km2": 0.0009 }, "geometry": { "type": "Polygon", "coordinates": [ [ [ 565162.242421298637055, 8212160.283040727488697 ], [ 565162.242421298637055, 8212130.283040727488697 ], [ 565192.242421298637055, 8212130.283040727488697 ], [ 565192.242421298637055, 8212160.283040727488697 ], [ 565162.242421298637055, 8212160.283040727488697 ] ] ] } },
{ "type": "Feature", "properties": { "ano": 2010, "camada": "agua", "area_km2": 0.0009 }, "geometry": { "type": "Polygon", "coordinates": [ [ [ 565942.242421298637055, 8212160.283040727488697 ], [ 565942.242421298637055, 8212130.283040727488697 ], [ 565972.242421298637055, 8212130.283040727488697 ], [ 565972.242421298637055, 8212160.283040727488697 ], [ 565942.242421298637055, 8212160.283040727488697 ] ] ] } },
{ "type": "Feature", "properties": { "ano": 2010, "camada": "agua", "area_km2": 0.0009 }, "geometry": { "type": "Polygon", "coordinates": [ [ [ 566092.242421298637055, 8212160.283040727488697 ], [ 566092.242421298637055, 8212130.283040727488697 ], [ 566122.242421298637055, 8212130.283040727488697 ], [ 566122.242421298637055, 8212160.283040727488697 ], [ 566092.242421298637055, 8212160.283040727488697 ] ] ] } },
{ "type": "Feature", "properties": { "ano": 2010, "camada": "agua", "area_km2": 0.0009 }, "geometry": { "type": "Polygon", "coordinates": [ [ [ 567382.242421298637055, 8212160.283040727488697 ], [ 567382.242421298637055, 8212130.283040727488697 ], [ 567412.242421298637055, 8212130.283040727488697 ], [ 567412.242421298637055, 8212160.283040727488697 ], [ 567382.242421298637055, 8212160.283040727488697 ] ] ] } },
{ "type": "Feature", "properties": { "ano": 2010, "camada": "agua", "area_km2": 0.0009 }, "geometry": { "type": "Polygon", "coordinates": [ [ [ 565972.242421298637055, 8212130.283040727488697 ], [ 565972.242421298637055, 8212100.283040727488697 ], [ 566002.242421298637055, 8212100.283040727488697 ], [ 566002.242421298637055, 8212130.283040727488697 ], [ 565972.242421298637055, 8212130.283040727488697 ] ] ] } },
{ "type": "Feature", "properties": { "ano": 2010, "camada": "agua", "area_km2": 0.0009 }, "geometry": { "type": "Polygon", "coordinates": [ [ [ 567352.242421298637055, 8212130.283040727488697 ], [ 567352.242421298637055, 8212100.283040727488697 ], [ 567382.242421298637055, 8212100.283040727488697 ], [ 567382.242421298637055, 8212130.283040727488697 ], [ 567352.242421298637055, 8212130.283040727488697 ] ] ] } },
{ "type": "Feature", "properties": { "ano": 2010, "camada": "agua", "area_km2": 0.0009 }, "geometry": { "type": "Polygon", "coordinates": [ [ [ 566032.242421298637055, 8212070.283040727488697 ], [ 566032.242421298637055, 8212040.283040727488697 ], [ 566062.242421298637055, 8212040.283040727488697 ], [ 566062.242421298637055, 8212070.283040727488697 ], [ 566032.242421298637055, 8212070.283040727488697 ] ] ] } },
{ "type": "Feature", "properties": { "ano": 2010, "camada": "agua", "area_km2": 0.0009 }, "geometry": { "type": "Polygon", "coordinates": [ [ [ 566182.242421298637055, 8212040.283040727488697 ], [ 566182.242421298637055, 8212010.283040727488697 ], [ 566212.242421298637055, 8212010.283040727488697 ], [ 566212.242421298637055, 8212040.283040727488697 ], [ 566182.242421298637055, 8212040.283040727488697 ] ] ] } },
{ "type": "Feature", "properties": { "ano": 2010, "camada": "agua", "area_km2": 0.0009 }, "geometry": { "type": "Polygon", "coordinates": [ [ [ 565282.242421298637055, 8212010.283040727488697 ], [ 565282.242421298637055, 8211980.283040727488697 ], [ 565312.242421298637055, 8211980.283040727488697 ], [ 565312.242421298637055, 8212010.283040727488697 ], [ 565282.242421298637055, 8212010.283040727488697 ] ] ] } },
{ "type": "Feature", "properties": { "ano": 2010, "camada": "agua", "area_km2": 0.0009 }, "geometry": { "type": "Polygon", "coordinates": [ [ [ 566212.242421298637055, 8212010.283040727488697 ], [ 566212.242421298637055, 8211980.283040727488697 ], [ 566242.242421298637055, 8211980.283040727488697 ], [ 566242.242421298637055, 8212010.283040727488697 ], [ 566212.242421298637055, 8212010.283040727488697 ] ] ] } },
{ "type": "Feature", "properties": { "ano": 2010, "camada": "agua", "area_km2": 0.0009 }, "geometry": { "type": "Polygon", "coordinates": [ [ [ 565312.242421298637055, 8211980.283040727488697 ], [ 565312.242421298637055, 8211950.283040727488697 ], [ 565342.242421298637055, 8211950.283040727488697 ], [ 565342.242421298637055, 8211980.283040727488697 ], [ 565312.242421298637055, 8211980.283040727488697 ] ] ] } },
{ "type": "Feature", "properties": { "ano": 2010, "camada": "agua", "area_km2": 0.0009 }, "geometry": { "type": "Polygon", "coordinates": [ [ [ 566182.242421298637055, 8211950.283040727488697 ], [ 566182.242421298637055, 8211920.283040727488697 ], [ 566212.242421298637055, 8211920.283040727488697 ], [ 566212.242421298637055, 8211950.283040727488697 ], [ 566182.242421298637055, 8211950.283040727488697 ] ] ] } },
{ "type": "Feature", "properties": { "ano": 2010, "camada": "agua", "area_km2": 0.0009 }, "geometry": { "type": "Polygon", "coordinates": [ [ [ 566242.242421298637055, 8211950.283040727488697 ], [ 566242.242421298637055, 8211920.283040727488697 ], [ 566272.242421298637055, 8211920.283040727488697 ], [ 566272.242421298637055, 8211950.283040727488697 ], [ 566242.242421298637055, 8211950.283040727488697 ] ] ] } },
{ "type": "Feature", "properties": { "ano": 2010, "camada": "agua", "area_km2": 0.0009 }, "geometry": { "type": "Polygon", "coordinates": [ [ [ 564472.242421298637055, 8211920.283040727488697 ], [ 564472.242421298637055, 8211890.283040727488697 ], [ 564502.242421298637055, 8211890.283040727488697 ], [ 564502.242421298637055, 8211920.283040727488697 ], [ 564472.242421298637055, 8211920.283040727488697 ] ] ] } },
{ "type": "Feature", "properties": { "ano": 2010, "camada": "agua", "area_km2": 0.0009 }, "geometry": { "type": "Polygon", "coordinates": [ [ [ 565372.242421298637055, 8211920.283040727488697 ], [ 565372.242421298637055, 8211890.283040727488697 ], [ 565402.242421298637055, 8211890.283040727488697 ], [ 565402.242421298637055, 8211920.283040727488697 ], [ 565372.242421298637055, 8211920.283040727488697 ] ] ] } },
{ "type": "Feature", "properties": { "ano": 2010, "camada": "agua", "area_km2": 0.0009 }, "geometry": { "type": "Polygon", "coordinates": [ [ [ 566152.242421298637055, 8211920.283040727488697 ], [ 566152.242421298637055, 8211890.283040727488697 ], [ 566182.242421298637055, 8211890.283040727488697 ], [ 566182.242421298637055, 8211920.283040727488697 ], [ 566152.242421298637055, 8211920.283040727488697 ] ] ] } },
{ "type": "Feature", "properties": { "ano": 2010, "camada": "agua", "area_km2": 0.0009 }, "geometry": { "type": "Polygon", "coordinates": [ [ [ 567022.242421298637055, 8211920.283040727488697 ], [ 567022.242421298637055, 8211890.283040727488697 ], [ 567052.242421298637055, 8211890.283040727488697 ], [ 567052.242421298637055, 8211920.283040727488697 ], [ 567022.242421298637055, 8211920.283040727488697 ] ] ] } },
{ "type": "Feature", "properties": { "ano": 2010, "camada": "agua", "area_km2": 0.0009 }, "geometry": { "type": "Polygon", "coordinates": [ [ [ 566272.242421298637055, 8211890.283040727488697 ], [ 566272.242421298637055, 8211860.283040727488697 ], [ 566302.242421298637055, 8211860.283040727488697 ], [ 566302.242421298637055, 8211890.283040727488697 ], [ 566272.242421298637055, 8211890.283040727488697 ] ] ] } },
{ "type": "Feature", "properties": { "ano": 2010, "camada": "agua", "area_km2": 0.0009 }, "geometry": { "type": "Polygon", "coordinates": [ [ [ 564502.242421298637055, 8211860.283040727488697 ], [ 564502.242421298637055, 8211830.283040727488697 ], [ 564532.242421298637055, 8211830.283040727488697 ], [ 564532.242421298637055, 8211860.283040727488697 ], [ 564502.242421298637055, 8211860.283040727488697 ] ] ] } },
{ "type": "Feature", "properties": { "ano": 2010, "camada": "agua", "area_km2": 0.0009 }, "geometry": { "type": "Polygon", "coordinates": [ [ [ 566212.242421298637055, 8211830.283040727488697 ], [ 566212.242421298637055, 8211800.283040727488697 ], [ 566242.242421298637055, 8211800.283040727488697 ], [ 566242.242421298637055, 8211830.283040727488697 ], [ 566212.242421298637055, 8211830.283040727488697 ] ] ] } },
{ "type": "Feature", "properties": { "ano": 2010, "camada": "agua", "area_km2": 0.0009 }, "geometry": { "type": "Polygon", "coordinates": [ [ [ 564532.242421298637055, 8211800.283040727488697 ], [ 564532.242421298637055, 8211770.283040727488697 ], [ 564562.242421298637055, 8211770.283040727488697 ], [ 564562.242421298637055, 8211800.283040727488697 ], [ 564532.242421298637055, 8211800.283040727488697 ] ] ] } },
{ "type": "Feature", "properties": { "ano": 2010, "camada": "agua", "area_km2": 0.0009 }, "geometry": { "type": "Polygon", "coordinates": [ [ [ 566302.242421298637055, 8211800.283040727488697 ], [ 566302.242421298637055, 8211770.283040727488697 ], [ 566332.242421298637055, 8211770.283040727488697 ], [ 566332.242421298637055, 8211800.283040727488697 ], [ 566302.242421298637055, 8211800.283040727488697 ] ] ] } },
{ "type": "Feature", "properties": { "ano": 2010, "camada": "agua", "area_km2": 0.0009 }, "geometry": { "type": "Polygon", "coordinates": [ [ [ 565552.242421298637055, 8211770.283040727488697 ], [ 565552.242421298637055, 8211740.283040727488697 ], [ 565582.242421298637055, 8211740.283040727488697 ], [ 565582.242421298637055, 8211770.283040727488697 ], [ 565552.242421298637055, 8211770.283040727488697 ] ] ] } },
{ "type": "Feature", "properties": { "ano": 2010, "camada": "agua", "area_km2": 0.0009 }, "geometry": { "type": "Polygon", "coordinates": [ [ [ 564802.242421298637055, 8211740.283040727488697 ], [ 564802.242421298637055, 8211710.283040727488697 ], [ 564832.242421298637055, 8211710.283040727488697 ], [ 564832.242421298637055, 8211740.283040727488697 ], [ 564802.242421298637055, 8211740.283040727488697 ] ] ] } },
{ "type": "Feature", "properties": { "ano": 2010, "camada": "agua", "area_km2": 0.0018 }, "geometry": { "type": "Polygon", "coordinates": [ [ [ 564562.242421298637055, 8211740.283040727488697 ], [ 564562.242421298637055, 8211680.283040727488697 ], [ 564592.242421298637055, 8211680.283040727488697 ], [ 564592.242421298637055, 8211740.283040727488697 ], [ 564562.242421298637055, 8211740.283040727488697 ] ] ] } },
{ "type": "Feature", "properties": { "ano": 2010, "camada": "agua", "area_km2": 0.0009 }, "geometry": { "type": "Polygon", "coordinates": [ [ [ 564922.242421298637055, 8211710.283040727488697 ], [ 564922.242421298637055, 8211680.283040727488697 ], [ 564952.242421298637055, 8211680.283040727488697 ], [ 564952.242421298637055, 8211710.283040727488697 ], [ 564922.242421298637055, 8211710.283040727488697 ] ] ] } },
{ "type": "Feature", "properties": { "ano": 2010, "camada": "agua", "area_km2": 0.0009 }, "geometry": { "type": "Polygon", "coordinates": [ [ [ 564952.242421298637055, 8211680.283040727488697 ], [ 564952.242421298637055, 8211650.283040727488697 ], [ 564982.242421298637055, 8211650.283040727488697 ], [ 564982.242421298637055, 8211680.283040727488697 ], [ 564952.242421298637055, 8211680.283040727488697 ] ] ] } },
{ "type": "Feature", "properties": { "ano": 2010, "camada": "agua", "area_km2": 0.0009 }, "geometry": { "type": "Polygon", "coordinates": [ [ [ 565642.242421298637055, 8211680.283040727488697 ], [ 565642.242421298637055, 8211650.283040727488697 ], [ 565672.242421298637055, 8211650.283040727488697 ], [ 565672.242421298637055, 8211680.283040727488697 ], [ 565642.242421298637055, 8211680.283040727488697 ] ] ] } },
{ "type": "Feature", "properties": { "ano": 2010, "camada": "agua", "area_km2": 0.0018 }, "geometry": { "type": "Polygon", "coordinates": [ [ [ 566332.242421298637055, 8211650.283040727488697 ], [ 566332.242421298637055, 8211590.283040727488697 ], [ 566362.242421298637055, 8211590.283040727488697 ], [ 566362.242421298637055, 8211650.283040727488697 ], [ 566332.242421298637055, 8211650.283040727488697 ] ] ] } },
{ "type": "Feature", "properties": { "ano": 2010, "camada": "agua", "area_km2": 0.0009 }, "geometry": { "type": "Polygon", "coordinates": [ [ [ 564592.242421298637055, 8211620.283040727488697 ], [ 564592.242421298637055, 8211590.283040727488697 ], [ 564622.242421298637055, 8211590.283040727488697 ], [ 564622.242421298637055, 8211620.283040727488697 ], [ 564592.242421298637055, 8211620.283040727488697 ] ] ] } },
{ "type": "Feature", "properties": { "ano": 2010, "camada": "agua", "area_km2": 0.0009 }, "geometry": { "type": "Polygon", "coordinates": [ [ [ 565672.242421298637055, 8211620.283040727488697 ], [ 565672.242421298637055, 8211590.283040727488697 ], [ 565702.242421298637055, 8211590.283040727488697 ], [ 565702.242421298637055, 8211620.283040727488697 ], [ 565672.242421298637055, 8211620.283040727488697 ] ] ] } },
{ "type": "Feature", "properties": { "ano": 2010, "camada": "agua", "area_km2": 0.0009 }, "geometry": { "type": "Polygon", "coordinates": [ [ [ 564802.242421298637055, 8211590.283040727488697 ], [ 564802.242421298637055, 8211560.283040727488697 ], [ 564832.242421298637055, 8211560.283040727488697 ], [ 564832.242421298637055, 8211590.283040727488697 ], [ 564802.242421298637055, 8211590.283040727488697 ] ] ] } },
{ "type": "Feature", "properties": { "ano": 2010, "camada": "agua", "area_km2": 0.0009 }, "geometry": { "type": "Polygon", "coordinates": [ [ [ 566272.242421298637055, 8211590.283040727488697 ], [ 566272.242421298637055, 8211560.283040727488697 ], [ 566302.242421298637055, 8211560.283040727488697 ], [ 566302.242421298637055, 8211590.283040727488697 ], [ 566272.242421298637055, 8211590.283040727488697 ] ] ] } },
{ "type": "Feature", "properties": { "ano": 2010, "camada": "agua", "area_km2": 0.0009 }, "geometry": { "type": "Polygon", "coordinates": [ [ [ 566362.242421298637055, 8211560.283040727488697 ], [ 566362.242421298637055, 8211530.283040727488697 ], [ 566392.242421298637055, 8211530.283040727488697 ], [ 566392.242421298637055, 8211560.283040727488697 ], [ 566362.242421298637055, 8211560.283040727488697 ] ] ] } },
{ "type": "Feature", "properties": { "ano": 2010, "camada": "agua", "area_km2": 0.0009 }, "geometry": { "type": "Polygon", "coordinates": [ [ [ 564832.242421298637055, 8211530.283040727488697 ], [ 564832.242421298637055, 8211500.283040727488697 ], [ 564862.242421298637055, 8211500.283040727488697 ], [ 564862.242421298637055, 8211530.283040727488697 ], [ 564832.242421298637055, 8211530.283040727488697 ] ] ] } },
{ "type": "Feature", "properties": { "ano": 2010, "camada": "agua", "area_km2": 0.0009 }, "geometry": { "type": "Polygon", "coordinates": [ [ [ 564592.242421298637055, 8211500.283040727488697 ], [ 564592.242421298637055, 8211470.283040727488697 ], [ 564622.242421298637055, 8211470.283040727488697 ], [ 564622.242421298637055, 8211500.283040727488697 ], [ 564592.242421298637055, 8211500.283040727488697 ] ] ] } },
{ "type": "Feature", "properties": { "ano": 2010, "camada": "agua", "area_km2": 0.0009 }, "geometry": { "type": "Polygon", "coordinates": [ [ [ 566272.242421298637055, 8211500.283040727488697 ], [ 566272.242421298637055, 8211470.283040727488697 ], [ 566302.242421298637055, 8211470.283040727488697 ], [ 566302.242421298637055, 8211500.283040727488697 ], [ 566272.242421298637055, 8211500.283040727488697 ] ] ] } },
{ "type": "Feature", "properties": { "ano": 2010, "camada": "agua", "area_km2": 0.0027 }, "geometry": { "type": "Polygon", "coordinates": [ [ [ 565042.242421298637055, 8211530.283040727488697 ], [ 565042.242421298637055, 8211440.283040727488697 ], [ 565072.242421298637055, 8211440.283040727488697 ], [ 565072.242421298637055, 8211530.283040727488697 ], [ 565042.242421298637055, 8211530.283040727488697 ] ] ] } },
{ "type": "Feature", "properties": { "ano": 2010, "camada": "agua", "area_km2": 0.0009 }, "geometry": { "type": "Polygon", "coordinates": [ [ [ 566242.242421298637055, 8211440.283040727488697 ], [ 566242.242421298637055, 8211410.283040727488697 ], [ 566272.242421298637055, 8211410.283040727488697 ], [ 566272.242421298637055, 8211440.283040727488697 ], [ 566242.242421298637055, 8211440.283040727488697 ] ] ] } },
{ "type": "Feature", "properties": { "ano": 2010, "camada": "agua", "area_km2": 0.0018 }, "geometry": { "type": "Polygon", "coordinates": [ [ [ 564622.242421298637055, 8211410.283040727488697 ], [ 564622.242421298637055, 8211350.283040727488697 ], [ 564652.242421298637055, 8211350.283040727488697 ], [ 564652.242421298637055, 8211410.283040727488697 ], [ 564622.242421298637055, 8211410.283040727488697 ] ] ] } },
{ "type": "Feature", "properties": { "ano": 2010, "camada": "agua", "area_km2": 0.0009 }, "geometry": { "type": "Polygon", "coordinates": [ [ [ 565882.242421298637055, 8211320.283040727488697 ], [ 565882.242421298637055, 8211290.283040727488697 ], [ 565912.242421298637055, 8211290.283040727488697 ], [ 565912.242421298637055, 8211320.283040727488697 ], [ 565882.242421298637055, 8211320.283040727488697 ] ] ] } },
{ "type": "Feature", "properties": { "ano": 2010, "camada": "agua", "area_km2": 0.0018 }, "geometry": { "type": "Polygon", "coordinates": [ [ [ 566152.242421298637055, 8211320.283040727488697 ], [ 566152.242421298637055, 8211290.283040727488697 ], [ 566212.242421298637055, 8211290.283040727488697 ], [ 566212.242421298637055, 8211320.283040727488697 ], [ 566152.242421298637055, 8211320.283040727488697 ] ] ] } },
{ "type": "Feature", "properties": { "ano": 2010, "camada": "agua", "area_km2": 0.0009 }, "geometry": { "type": "Polygon", "coordinates": [ [ [ 564652.242421298637055, 8211290.283040727488697 ], [ 564652.242421298637055, 8211260.283040727488697 ], [ 564682.242421298637055, 8211260.283040727488697 ], [ 564682.242421298637055, 8211290.283040727488697 ], [ 564652.242421298637055, 8211290.283040727488697 ] ] ] } },
{ "type": "Feature", "properties": { "ano": 2010, "camada": "agua", "area_km2": 0.0009 }, "geometry": { "type": "Polygon", "coordinates": [ [ [ 566062.242421298637055, 8211290.283040727488697 ], [ 566062.242421298637055, 8211260.283040727488697 ], [ 566092.242421298637055, 8211260.283040727488697 ], [ 566092.242421298637055, 8211290.283040727488697 ], [ 566062.242421298637055, 8211290.283040727488697 ] ] ] } },
{ "type": "Feature", "properties": { "ano": 2010, "camada": "agua", "area_km2": 0.0027 }, "geometry": { "type": "Polygon", "coordinates": [ [ [ 566212.242421298637055, 8211290.283040727488697 ], [ 566212.242421298637055, 8211200.283040727488697 ], [ 566242.242421298637055, 8211200.283040727488697 ], [ 566242.242421298637055, 8211290.283040727488697 ], [ 566212.242421298637055, 8211290.283040727488697 ] ] ] } },
{ "type": "Feature", "properties": { "ano": 2010, "camada": "agua", "area_km2": 0.0009 }, "geometry": { "type": "Polygon", "coordinates": [ [ [ 565012.242421298637055, 8211230.283040727488697 ], [ 565012.242421298637055, 8211200.283040727488697 ], [ 565042.242421298637055, 8211200.283040727488697 ], [ 565042.242421298637055, 8211230.283040727488697 ], [ 565012.242421298637055, 8211230.283040727488697 ] ] ] } },
{ "type": "Feature", "properties": { "ano": 2010, "camada": "agua", "area_km2": 0.0009 }, "geometry": { "type": "Polygon", "coordinates": [ [ [ 565132.242421298637055, 8211230.283040727488697 ], [ 565132.242421298637055, 8211200.283040727488697 ], [ 565162.242421298637055, 8211200.283040727488697 ], [ 565162.242421298637055, 8211230.283040727488697 ], [ 565132.242421298637055, 8211230.283040727488697 ] ] ] } },
{ "type": "Feature", "properties": { "ano": 2010, "camada": "agua", "area_km2": 0.0018 }, "geometry": { "type": "Polygon", "coordinates": [ [ [ 566092.242421298637055, 8211230.283040727488697 ], [ 566092.242421298637055, 8211170.283040727488697 ], [ 566122.242421298637055, 8211170.283040727488697 ], [ 566122.242421298637055, 8211230.283040727488697 ], [ 566092.242421298637055, 8211230.283040727488697 ] ] ] } },
{ "type": "Feature", "properties": { "ano": 2010, "camada": "agua", "area_km2": 0.0009 }, "geometry": { "type": "Polygon", "coordinates": [ [ [ 564682.242421298637055, 8211200.283040727488697 ], [ 564682.242421298637055, 8211170.283040727488697 ], [ 564712.242421298637055, 8211170.283040727488697 ], [ 564712.242421298637055, 8211200.283040727488697 ], [ 564682.242421298637055, 8211200.283040727488697 ] ] ] } },
{ "type": "Feature", "properties": { "ano": 2010, "camada": "agua", "area_km2": 0.0009 }, "geometry": { "type": "Polygon", "coordinates": [ [ [ 566242.242421298637055, 8211200.283040727488697 ], [ 566242.242421298637055, 8211170.283040727488697 ], [ 566272.242421298637055, 8211170.283040727488697 ], [ 566272.242421298637055, 8211200.283040727488697 ], [ 566242.242421298637055, 8211200.283040727488697 ] ] ] } },
{ "type": "Feature", "properties": { "ano": 2010, "camada": "agua", "area_km2": 0.0009 }, "geometry": { "type": "Polygon", "coordinates": [ [ [ 565192.242421298637055, 8211170.283040727488697 ], [ 565192.242421298637055, 8211140.283040727488697 ], [ 565222.242421298637055, 8211140.283040727488697 ], [ 565222.242421298637055, 8211170.283040727488697 ], [ 565192.242421298637055, 8211170.283040727488697 ] ] ] } },
{ "type": "Feature", "properties": { "ano": 2010, "camada": "agua", "area_km2": 0.0009 }, "geometry": { "type": "Polygon", "coordinates": [ [ [ 566182.242421298637055, 8211170.283040727488697 ], [ 566182.242421298637055, 8211140.283040727488697 ], [ 566212.242421298637055, 8211140.283040727488697 ], [ 566212.242421298637055, 8211170.283040727488697 ], [ 566182.242421298637055, 8211170.283040727488697 ] ] ] } },
{ "type": "Feature", "properties": { "ano": 2010, "camada": "agua", "area_km2": 0.0009 }, "geometry": { "type": "Polygon", "coordinates": [ [ [ 565222.242421298637055, 8211140.283040727488697 ], [ 565222.242421298637055, 8211110.283040727488697 ], [ 565252.242421298637055, 8211110.283040727488697 ], [ 565252.242421298637055, 8211140.283040727488697 ], [ 565222.242421298637055, 8211140.283040727488697 ] ] ] } },
{ "type": "Feature", "properties": { "ano": 2010, "camada": "agua", "area_km2": 0.0009 }, "geometry": { "type": "Polygon", "coordinates": [ [ [ 564712.242421298637055, 8211110.283040727488697 ], [ 564712.242421298637055, 8211080.283040727488697 ], [ 564742.242421298637055, 8211080.283040727488697 ], [ 564742.242421298637055, 8211110.283040727488697 ], [ 564712.242421298637055, 8211110.283040727488697 ] ] ] } },
{ "type": "Feature", "properties": { "ano": 2010, "camada": "agua", "area_km2": 0.0009 }, "geometry": { "type": "Polygon", "coordinates": [ [ [ 565012.242421298637055, 8211110.283040727488697 ], [ 565012.242421298637055, 8211080.283040727488697 ], [ 565042.242421298637055, 8211080.283040727488697 ], [ 565042.242421298637055, 8211110.283040727488697 ], [ 565012.242421298637055, 8211110.283040727488697 ] ] ] } },
{ "type": "Feature", "properties": { "ano": 2010, "camada": "agua", "area_km2": 0.0009 }, "geometry": { "type": "Polygon", "coordinates": [ [ [ 565312.242421298637055, 8211020.283040727488697 ], [ 565312.242421298637055, 8210990.283040727488697 ], [ 565342.242421298637055, 8210990.283040727488697 ], [ 565342.242421298637055, 8211020.283040727488697 ], [ 565312.242421298637055, 8211020.283040727488697 ] ] ] } },
{ "type": "Feature", "properties": { "ano": 2010, "camada": "agua", "area_km2": 0.0009 }, "geometry": { "type": "Polygon", "coordinates": [ [ [ 564772.242421298637055, 8210960.283040727488697 ], [ 564772.242421298637055, 8210930.283040727488697 ], [ 564802.242421298637055, 8210930.283040727488697 ], [ 564802.242421298637055, 8210960.283040727488697 ], [ 564772.242421298637055, 8210960.283040727488697 ] ] ] } },
{ "type": "Feature", "properties": { "ano": 2010, "camada": "agua", "area_km2": 0.0009 }, "geometry": { "type": "Polygon", "coordinates": [ [ [ 565072.242421298637055, 8210960.283040727488697 ], [ 565072.242421298637055, 8210930.283040727488697 ], [ 565102.242421298637055, 8210930.283040727488697 ], [ 565102.242421298637055, 8210960.283040727488697 ], [ 565072.242421298637055, 8210960.283040727488697 ] ] ] } },
{ "type": "Feature", "properties": { "ano": 2010, "camada": "agua", "area_km2": 0.0009 }, "geometry": { "type": "Polygon", "coordinates": [ [ [ 565342.242421298637055, 8210960.283040727488697 ], [ 565342.242421298637055, 8210930.283040727488697 ], [ 565372.242421298637055, 8210930.283040727488697 ], [ 565372.242421298637055, 8210960.283040727488697 ], [ 565342.242421298637055, 8210960.283040727488697 ] ] ] } },
{ "type": "Feature", "properties": { "ano": 2010, "camada": "agua", "area_km2": 0.0009 }, "geometry": { "type": "Polygon", "coordinates": [ [ [ 566122.242421298637055, 8210960.283040727488697 ], [ 566122.242421298637055, 8210930.283040727488697 ], [ 566152.242421298637055, 8210930.283040727488697 ], [ 566152.242421298637055, 8210960.283040727488697 ], [ 566122.242421298637055, 8210960.283040727488697 ] ] ] } },
{ "type": "Feature", "properties": { "ano": 2010, "camada": "agua", "area_km2": 0.0009 }, "geometry": { "type": "Polygon", "coordinates": [ [ [ 565102.242421298637055, 8210900.283040727488697 ], [ 565102.242421298637055, 8210870.283040727488697 ], [ 565132.242421298637055, 8210870.283040727488697 ], [ 565132.242421298637055, 8210900.283040727488697 ], [ 565102.242421298637055, 8210900.283040727488697 ] ] ] } },
{ "type": "Feature", "properties": { "ano": 2010, "camada": "agua", "area_km2": 0.0009 }, "geometry": { "type": "Polygon", "coordinates": [ [ [ 565372.242421298637055, 8210900.283040727488697 ], [ 565372.242421298637055, 8210870.283040727488697 ], [ 565402.242421298637055, 8210870.283040727488697 ], [ 565402.242421298637055, 8210900.283040727488697 ], [ 565372.242421298637055, 8210900.283040727488697 ] ] ] } },
{ "type": "Feature", "properties": { "ano": 2010, "camada": "agua", "area_km2": 0.0009 }, "geometry": { "type": "Polygon", "coordinates": [ [ [ 565042.242421298637055, 8210870.283040727488697 ], [ 565042.242421298637055, 8210840.283040727488697 ], [ 565072.242421298637055, 8210840.283040727488697 ], [ 565072.242421298637055, 8210870.283040727488697 ], [ 565042.242421298637055, 8210870.283040727488697 ] ] ] } },
{ "type": "Feature", "properties": { "ano": 2010, "camada": "agua", "area_km2": 0.0009 }, "geometry": { "type": "Polygon", "coordinates": [ [ [ 564952.242421298637055, 8210840.283040727488697 ], [ 564952.242421298637055, 8210810.283040727488697 ], [ 564982.242421298637055, 8210810.283040727488697 ], [ 564982.242421298637055, 8210840.283040727488697 ], [ 564952.242421298637055, 8210840.283040727488697 ] ] ] } },
{ "type": "Feature", "properties": { "ano": 2010, "camada": "agua", "area_km2": 0.0009 }, "geometry": { "type": "Polygon", "coordinates": [ [ [ 565132.242421298637055, 8210840.283040727488697 ], [ 565132.242421298637055, 8210810.283040727488697 ], [ 565162.242421298637055, 8210810.283040727488697 ], [ 565162.242421298637055, 8210840.283040727488697 ], [ 565132.242421298637055, 8210840.283040727488697 ] ] ] } },
{ "type": "Feature", "properties": { "ano": 2010, "camada": "agua", "area_km2": 0.0009 }, "geometry": { "type": "Polygon", "coordinates": [ [ [ 566122.242421298637055, 8210840.283040727488697 ], [ 566122.242421298637055, 8210810.283040727488697 ], [ 566152.242421298637055, 8210810.283040727488697 ], [ 566152.242421298637055, 8210840.283040727488697 ], [ 566122.242421298637055, 8210840.283040727488697 ] ] ] } },
{ "type": "Feature", "properties": { "ano": 2010, "camada": "agua", "area_km2": 0.0009 }, "geometry": { "type": "Polygon", "coordinates": [ [ [ 564982.242421298637055, 8210810.283040727488697 ], [ 564982.242421298637055, 8210780.283040727488697 ], [ 565012.242421298637055, 8210780.283040727488697 ], [ 565012.242421298637055, 8210810.283040727488697 ], [ 564982.242421298637055, 8210810.283040727488697 ] ] ] } },
{ "type": "Feature", "properties": { "ano": 2010, "camada": "agua", "area_km2": 0.0009 }, "geometry": { "type": "Polygon", "coordinates": [ [ [ 565072.242421298637055, 8210810.283040727488697 ], [ 565072.242421298637055, 8210780.283040727488697 ], [ 565102.242421298637055, 8210780.283040727488697 ], [ 565102.242421298637055, 8210810.283040727488697 ], [ 565072.242421298637055, 8210810.283040727488697 ] ] ] } },
{ "type": "Feature", "properties": { "ano": 2010, "camada": "agua", "area_km2": 0.0009 }, "geometry": { "type": "Polygon", "coordinates": [ [ [ 565402.242421298637055, 8210810.283040727488697 ], [ 565402.242421298637055, 8210780.283040727488697 ], [ 565432.242421298637055, 8210780.283040727488697 ], [ 565432.242421298637055, 8210810.283040727488697 ], [ 565402.242421298637055, 8210810.283040727488697 ] ] ] } },
{ "type": "Feature", "properties": { "ano": 2010, "camada": "agua", "area_km2": 0.0036 }, "geometry": { "type": "Polygon", "coordinates": [ [ [ 564802.242421298637055, 8210870.283040727488697 ], [ 564802.242421298637055, 8210750.283040727488697 ], [ 564832.242421298637055, 8210750.283040727488697 ], [ 564832.242421298637055, 8210870.283040727488697 ], [ 564802.242421298637055, 8210870.283040727488697 ] ] ] } },
{ "type": "Feature", "properties": { "ano": 2010, "camada": "agua", "area_km2": 0.0009 }, "geometry": { "type": "Polygon", "coordinates": [ [ [ 565162.242421298637055, 8210780.283040727488697 ], [ 565162.242421298637055, 8210750.283040727488697 ], [ 565192.242421298637055, 8210750.283040727488697 ], [ 565192.242421298637055, 8210780.283040727488697 ], [ 565162.242421298637055, 8210780.283040727488697 ] ] ] } },
{ "type": "Feature", "properties": { "ano": 2010, "camada": "agua", "area_km2": 0.0009 }, "geometry": { "type": "Polygon", "coordinates": [ [ [ 565402.242421298637055, 8210750.283040727488697 ], [ 565402.242421298637055, 8210720.283040727488697 ], [ 565432.242421298637055, 8210720.283040727488697 ], [ 565432.242421298637055, 8210750.283040727488697 ], [ 565402.242421298637055, 8210750.283040727488697 ] ] ] } },
{ "type": "Feature", "properties": { "ano": 2010, "camada": "agua", "area_km2": 0.0009 }, "geometry": { "type": "Polygon", "coordinates": [ [ [ 564832.242421298637055, 8210720.283040727488697 ], [ 564832.242421298637055, 8210690.283040727488697 ], [ 564862.242421298637055, 8210690.283040727488697 ], [ 564862.242421298637055, 8210720.283040727488697 ], [ 564832.242421298637055, 8210720.283040727488697 ] ] ] } },
{ "type": "Feature", "properties": { "ano": 2010, "camada": "agua", "area_km2": 0.0009 }, "geometry": { "type": "Polygon", "coordinates": [ [ [ 565102.242421298637055, 8210720.283040727488697 ], [ 565102.242421298637055, 8210690.283040727488697 ], [ 565132.242421298637055, 8210690.283040727488697 ], [ 565132.242421298637055, 8210720.283040727488697 ], [ 565102.242421298637055, 8210720.283040727488697 ] ] ] } },
{ "type": "Feature", "properties": { "ano": 2010, "camada": "agua", "area_km2": 0.0009 }, "geometry": { "type": "Polygon", "coordinates": [ [ [ 564862.242421298637055, 8210690.283040727488697 ], [ 564862.242421298637055, 8210660.283040727488697 ], [ 564892.242421298637055, 8210660.283040727488697 ], [ 564892.242421298637055, 8210690.283040727488697 ], [ 564862.242421298637055, 8210690.283040727488697 ] ] ] } },
{ "type": "Feature", "properties": { "ano": 2010, "camada": "agua", "area_km2": 0.0018 }, "geometry": { "type": "Polygon", "coordinates": [ [ [ 565042.242421298637055, 8210690.283040727488697 ], [ 565042.242421298637055, 8210660.283040727488697 ], [ 565102.242421298637055, 8210660.283040727488697 ], [ 565102.242421298637055, 8210690.283040727488697 ], [ 565042.242421298637055, 8210690.283040727488697 ] ] ] } },
{ "type": "Feature", "properties": { "ano": 2010, "camada": "agua", "area_km2": 0.0009 }, "geometry": { "type": "Polygon", "coordinates": [ [ [ 566152.242421298637055, 8210690.283040727488697 ], [ 566152.242421298637055, 8210660.283040727488697 ], [ 566182.242421298637055, 8210660.283040727488697 ], [ 566182.242421298637055, 8210690.283040727488697 ], [ 566152.242421298637055, 8210690.283040727488697 ] ] ] } },
{ "type": "Feature", "properties": { "ano": 2010, "camada": "agua", "area_km2": 0.0009 }, "geometry": { "type": "Polygon", "coordinates": [ [ [ 564892.242421298637055, 8210660.283040727488697 ], [ 564892.242421298637055, 8210630.283040727488697 ], [ 564922.242421298637055, 8210630.283040727488697 ], [ 564922.242421298637055, 8210660.283040727488697 ], [ 564892.242421298637055, 8210660.283040727488697 ] ] ] } },
{ "type": "Feature", "properties": { "ano": 2010, "camada": "agua", "area_km2": 0.0009 }, "geometry": { "type": "Polygon", "coordinates": [ [ [ 565462.242421298637055, 8210660.283040727488697 ], [ 565462.242421298637055, 8210630.283040727488697 ], [ 565492.242421298637055, 8210630.283040727488697 ], [ 565492.242421298637055, 8210660.283040727488697 ], [ 565462.242421298637055, 8210660.283040727488697 ] ] ] } },
{ "type": "Feature", "properties": { "ano": 2010, "camada": "agua", "area_km2": 0.0009 }, "geometry": { "type": "Polygon", "coordinates": [ [ [ 564922.242421298637055, 8210630.283040727488697 ], [ 564922.242421298637055, 8210600.283040727488697 ], [ 564952.242421298637055, 8210600.283040727488697 ], [ 564952.242421298637055, 8210630.283040727488697 ], [ 564922.242421298637055, 8210630.283040727488697 ] ] ] } },
{ "type": "Feature", "properties": { "ano": 2010, "camada": "agua", "area_km2": 0.0018 }, "geometry": { "type": "Polygon", "coordinates": [ [ [ 565192.242421298637055, 8210630.283040727488697 ], [ 565192.242421298637055, 8210570.283040727488697 ], [ 565222.242421298637055, 8210570.283040727488697 ], [ 565222.242421298637055, 8210630.283040727488697 ], [ 565192.242421298637055, 8210630.283040727488697 ] ] ] } },
{ "type": "Feature", "properties": { "ano": 2010, "camada": "agua", "area_km2": 0.0009 }, "geometry": { "type": "Polygon", "coordinates": [ [ [ 564952.242421298637055, 8210600.283040727488697 ], [ 564952.242421298637055, 8210570.283040727488697 ], [ 564982.242421298637055, 8210570.283040727488697 ], [ 564982.242421298637055, 8210600.283040727488697 ], [ 564952.242421298637055, 8210600.283040727488697 ] ] ] } },
{ "type": "Feature", "properties": { "ano": 2010, "camada": "agua", "area_km2": 0.0009 }, "geometry": { "type": "Polygon", "coordinates": [ [ [ 564982.242421298637055, 8210570.283040727488697 ], [ 564982.242421298637055, 8210540.283040727488697 ], [ 565012.242421298637055, 8210540.283040727488697 ], [ 565012.242421298637055, 8210570.283040727488697 ], [ 564982.242421298637055, 8210570.283040727488697 ] ] ] } },
{ "type": "Feature", "properties": { "ano": 2010, "camada": "agua", "area_km2": 0.0009 }, "geometry": { "type": "Polygon", "coordinates": [ [ [ 565012.242421298637055, 8210540.283040727488697 ], [ 565012.242421298637055, 8210510.283040727488697 ], [ 565042.242421298637055, 8210510.283040727488697 ], [ 565042.242421298637055, 8210540.283040727488697 ], [ 565012.242421298637055, 8210540.283040727488697 ] ] ] } },
{ "type": "Feature", "properties": { "ano": 2010, "camada": "agua", "area_km2": 0.0009 }, "geometry": { "type": "Polygon", "coordinates": [ [ [ 565522.242421298637055, 8210540.283040727488697 ], [ 565522.242421298637055, 8210510.283040727488697 ], [ 565552.242421298637055, 8210510.283040727488697 ], [ 565552.242421298637055, 8210540.283040727488697 ], [ 565522.242421298637055, 8210540.283040727488697 ] ] ] } },
{ "type": "Feature", "properties": { "ano": 2010, "camada": "agua", "area_km2": 0.0009 }, "geometry": { "type": "Polygon", "coordinates": [ [ [ 565072.242421298637055, 8210480.283040727488697 ], [ 565072.242421298637055, 8210450.283040727488697 ], [ 565102.242421298637055, 8210450.283040727488697 ], [ 565102.242421298637055, 8210480.283040727488697 ], [ 565072.242421298637055, 8210480.283040727488697 ] ] ] } },
{ "type": "Feature", "properties": { "ano": 2010, "camada": "agua", "area_km2": 0.0009 }, "geometry": { "type": "Polygon", "coordinates": [ [ [ 566242.242421298637055, 8210480.283040727488697 ], [ 566242.242421298637055, 8210450.283040727488697 ], [ 566272.242421298637055, 8210450.283040727488697 ], [ 566272.242421298637055, 8210480.283040727488697 ], [ 566242.242421298637055, 8210480.283040727488697 ] ] ] } },
{ "type": "Feature", "properties": { "ano": 2010, "camada": "agua", "area_km2": 0.0009 }, "geometry": { "type": "Polygon", "coordinates": [ [ [ 565552.242421298637055, 8210450.283040727488697 ], [ 565552.242421298637055, 8210420.283040727488697 ], [ 565582.242421298637055, 8210420.283040727488697 ], [ 565582.242421298637055, 8210450.283040727488697 ], [ 565552.242421298637055, 8210450.283040727488697 ] ] ] } },
{ "type": "Feature", "properties": { "ano": 2010, "camada": "agua", "area_km2": 0.0009 }, "geometry": { "type": "Polygon", "coordinates": [ [ [ 565102.242421298637055, 8210420.283040727488697 ], [ 565102.242421298637055, 8210390.283040727488697 ], [ 565132.242421298637055, 8210390.283040727488697 ], [ 565132.242421298637055, 8210420.283040727488697 ], [ 565102.242421298637055, 8210420.283040727488697 ] ] ] } },
{ "type": "Feature", "properties": { "ano": 2010, "camada": "agua", "area_km2": 0.0009 }, "geometry": { "type": "Polygon", "coordinates": [ [ [ 565282.242421298637055, 8210420.283040727488697 ], [ 565282.242421298637055, 8210390.283040727488697 ], [ 565312.242421298637055, 8210390.283040727488697 ], [ 565312.242421298637055, 8210420.283040727488697 ], [ 565282.242421298637055, 8210420.283040727488697 ] ] ] } },
{ "type": "Feature", "properties": { "ano": 2010, "camada": "agua", "area_km2": 0.0009 }, "geometry": { "type": "Polygon", "coordinates": [ [ [ 565132.242421298637055, 8210360.283040727488697 ], [ 565132.242421298637055, 8210330.283040727488697 ], [ 565162.242421298637055, 8210330.283040727488697 ], [ 565162.242421298637055, 8210360.283040727488697 ], [ 565132.242421298637055, 8210360.283040727488697 ] ] ] } },
{ "type": "Feature", "properties": { "ano": 2010, "camada": "agua", "area_km2": 0.0009 }, "geometry": { "type": "Polygon", "coordinates": [ [ [ 566272.242421298637055, 8210360.283040727488697 ], [ 566272.242421298637055, 8210330.283040727488697 ], [ 566302.242421298637055, 8210330.283040727488697 ], [ 566302.242421298637055, 8210360.283040727488697 ], [ 566272.242421298637055, 8210360.283040727488697 ] ] ] } },
{ "type": "Feature", "properties": { "ano": 2010, "camada": "agua", "area_km2": 0.0009 }, "geometry": { "type": "Polygon", "coordinates": [ [ [ 565162.242421298637055, 8210300.283040727488697 ], [ 565162.242421298637055, 8210270.283040727488697 ], [ 565192.242421298637055, 8210270.283040727488697 ], [ 565192.242421298637055, 8210300.283040727488697 ], [ 565162.242421298637055, 8210300.283040727488697 ] ] ] } },
{ "type": "Feature", "properties": { "ano": 2010, "camada": "agua", "area_km2": 0.0009 }, "geometry": { "type": "Polygon", "coordinates": [ [ [ 565192.242421298637055, 8210240.283040727488697 ], [ 565192.242421298637055, 8210210.283040727488697 ], [ 565222.242421298637055, 8210210.283040727488697 ], [ 565222.242421298637055, 8210240.283040727488697 ], [ 565192.242421298637055, 8210240.283040727488697 ] ] ] } },
{ "type": "Feature", "properties": { "ano": 2010, "camada": "agua", "area_km2": 0.0009 }, "geometry": { "type": "Polygon", "coordinates": [ [ [ 565222.242421298637055, 8210210.283040727488697 ], [ 565222.242421298637055, 8210180.283040727488697 ], [ 565252.242421298637055, 8210180.283040727488697 ], [ 565252.242421298637055, 8210210.283040727488697 ], [ 565222.242421298637055, 8210210.283040727488697 ] ] ] } },
{ "type": "Feature", "properties": { "ano": 2010, "camada": "agua", "area_km2": 0.0009 }, "geometry": { "type": "Polygon", "coordinates": [ [ [ 565252.242421298637055, 8210180.283040727488697 ], [ 565252.242421298637055, 8210150.283040727488697 ], [ 565282.242421298637055, 8210150.283040727488697 ], [ 565282.242421298637055, 8210180.283040727488697 ], [ 565252.242421298637055, 8210180.283040727488697 ] ] ] } },
{ "type": "Feature", "properties": { "ano": 2010, "camada": "agua", "area_km2": 0.0009 }, "geometry": { "type": "Polygon", "coordinates": [ [ [ 565372.242421298637055, 8210150.283040727488697 ], [ 565372.242421298637055, 8210120.283040727488697 ], [ 565402.242421298637055, 8210120.283040727488697 ], [ 565402.242421298637055, 8210150.283040727488697 ], [ 565372.242421298637055, 8210150.283040727488697 ] ] ] } },
{ "type": "Feature", "properties": { "ano": 2010, "camada": "agua", "area_km2": 0.0009 }, "geometry": { "type": "Polygon", "coordinates": [ [ [ 565492.242421298637055, 8210090.283040727488697 ], [ 565492.242421298637055, 8210060.283040727488697 ], [ 565522.242421298637055, 8210060.283040727488697 ], [ 565522.242421298637055, 8210090.283040727488697 ], [ 565492.242421298637055, 8210090.283040727488697 ] ] ] } },
{ "type": "Feature", "properties": { "ano": 2010, "camada": "agua", "area_km2": 0.0009 }, "geometry": { "type": "Polygon", "coordinates": [ [ [ 565552.242421298637055, 8210060.283040727488697 ], [ 565552.242421298637055, 8210030.283040727488697 ], [ 565582.242421298637055, 8210030.283040727488697 ], [ 565582.242421298637055, 8210060.283040727488697 ], [ 565552.242421298637055, 8210060.283040727488697 ] ] ] } },
{ "type": "Feature", "properties": { "ano": 2010, "camada": "agua", "area_km2": 0.0009 }, "geometry": { "type": "Polygon", "coordinates": [ [ [ 566332.242421298637055, 8209970.283040727488697 ], [ 566332.242421298637055, 8209940.283040727488697 ], [ 566362.242421298637055, 8209940.283040727488697 ], [ 566362.242421298637055, 8209970.283040727488697 ], [ 566332.242421298637055, 8209970.283040727488697 ] ] ] } },
{ "type": "Feature", "properties": { "ano": 2010, "camada": "agua", "area_km2": 0.0009 }, "geometry": { "type": "Polygon", "coordinates": [ [ [ 565672.242421298637055, 8209940.283040727488697 ], [ 565672.242421298637055, 8209910.283040727488697 ], [ 565702.242421298637055, 8209910.283040727488697 ], [ 565702.242421298637055, 8209940.283040727488697 ], [ 565672.242421298637055, 8209940.283040727488697 ] ] ] } },
{ "type": "Feature", "properties": { "ano": 2010, "camada": "agua", "area_km2": 0.0009 }, "geometry": { "type": "Polygon", "coordinates": [ [ [ 565732.242421298637055, 8209850.283040727488697 ], [ 565732.242421298637055, 8209820.283040727488697 ], [ 565762.242421298637055, 8209820.283040727488697 ], [ 565762.242421298637055, 8209850.283040727488697 ], [ 565732.242421298637055, 8209850.283040727488697 ] ] ] } },
{ "type": "Feature", "properties": { "ano": 2010, "camada": "agua", "area_km2": 0.0009 }, "geometry": { "type": "Polygon", "coordinates": [ [ [ 565762.242421298637055, 8209790.283040727488697 ], [ 565762.242421298637055, 8209760.283040727488697 ], [ 565792.242421298637055, 8209760.283040727488697 ], [ 565792.242421298637055, 8209790.283040727488697 ], [ 565762.242421298637055, 8209790.283040727488697 ] ] ] } },
{ "type": "Feature", "properties": { "ano": 2010, "camada": "agua", "area_km2": 0.0009 }, "geometry": { "type": "Polygon", "coordinates": [ [ [ 566392.242421298637055, 8209790.283040727488697 ], [ 566392.242421298637055, 8209760.283040727488697 ], [ 566422.242421298637055, 8209760.283040727488697 ], [ 566422.242421298637055, 8209790.283040727488697 ], [ 566392.242421298637055, 8209790.283040727488697 ] ] ] } },
{ "type": "Feature", "properties": { "ano": 2010, "camada": "agua", "area_km2": 0.0009 }, "geometry": { "type": "Polygon", "coordinates": [ [ [ 565792.242421298637055, 8209730.283040727488697 ], [ 565792.242421298637055, 8209700.283040727488697 ], [ 565822.242421298637055, 8209700.283040727488697 ], [ 565822.242421298637055, 8209730.283040727488697 ], [ 565792.242421298637055, 8209730.283040727488697 ] ] ] } },
{ "type": "Feature", "properties": { "ano": 2010, "camada": "agua", "area_km2": 0.0009 }, "geometry": { "type": "Polygon", "coordinates": [ [ [ 565822.242421298637055, 8209640.283040727488697 ], [ 565822.242421298637055, 8209610.283040727488697 ], [ 565852.242421298637055, 8209610.283040727488697 ], [ 565852.242421298637055, 8209640.283040727488697 ], [ 565822.242421298637055, 8209640.283040727488697 ] ] ] } },
{ "type": "Feature", "properties": { "ano": 2010, "camada": "agua", "area_km2": 0.0009 }, "geometry": { "type": "Polygon", "coordinates": [ [ [ 566572.242421298637055, 8209520.283040727488697 ], [ 566572.242421298637055, 8209490.283040727488697 ], [ 566602.242421298637055, 8209490.283040727488697 ], [ 566602.242421298637055, 8209520.283040727488697 ], [ 566572.242421298637055, 8209520.283040727488697 ] ] ] } },
{ "type": "Feature", "properties": { "ano": 2010, "camada": "agua", "area_km2": 0.0009 }, "geometry": { "type": "Polygon", "coordinates": [ [ [ 565852.242421298637055, 8209460.283040727488697 ], [ 565852.242421298637055, 8209430.283040727488697 ], [ 565882.242421298637055, 8209430.283040727488697 ], [ 565882.242421298637055, 8209460.283040727488697 ], [ 565852.242421298637055, 8209460.283040727488697 ] ] ] } },
{ "type": "Feature", "properties": { "ano": 2010, "camada": "agua", "area_km2": 0.0009 }, "geometry": { "type": "Polygon", "coordinates": [ [ [ 566632.242421298637055, 8209400.283040727488697 ], [ 566632.242421298637055, 8209370.283040727488697 ], [ 566662.242421298637055, 8209370.283040727488697 ], [ 566662.242421298637055, 8209400.283040727488697 ], [ 566632.242421298637055, 8209400.283040727488697 ] ] ] } },
{ "type": "Feature", "properties": { "ano": 2010, "camada": "agua", "area_km2": 0.0009 }, "geometry": { "type": "Polygon", "coordinates": [ [ [ 565882.242421298637055, 8209340.283040727488697 ], [ 565882.242421298637055, 8209310.283040727488697 ], [ 565912.242421298637055, 8209310.283040727488697 ], [ 565912.242421298637055, 8209340.283040727488697 ], [ 565882.242421298637055, 8209340.283040727488697 ] ] ] } },
{ "type": "Feature", "properties": { "ano": 2010, "camada": "agua", "area_km2": 0.0009 }, "geometry": { "type": "Polygon", "coordinates": [ [ [ 566662.242421298637055, 8209340.283040727488697 ], [ 566662.242421298637055, 8209310.283040727488697 ], [ 566692.242421298637055, 8209310.283040727488697 ], [ 566692.242421298637055, 8209340.283040727488697 ], [ 566662.242421298637055, 8209340.283040727488697 ] ] ] } },
{ "type": "Feature", "properties": { "ano": 2010, "camada": "agua", "area_km2": 0.0009 }, "geometry": { "type": "Polygon", "coordinates": [ [ [ 566692.242421298637055, 8209280.283040727488697 ], [ 566692.242421298637055, 8209250.283040727488697 ], [ 566722.242421298637055, 8209250.283040727488697 ], [ 566722.242421298637055, 8209280.283040727488697 ], [ 566692.242421298637055, 8209280.283040727488697 ] ] ] } },
{ "type": "Feature", "properties": { "ano": 2010, "camada": "agua", "area_km2": 0.0009 }, "geometry": { "type": "Polygon", "coordinates": [ [ [ 566722.242421298637055, 8209190.283040727488697 ], [ 566722.242421298637055, 8209160.283040727488697 ], [ 566752.242421298637055, 8209160.283040727488697 ], [ 566752.242421298637055, 8209190.283040727488697 ], [ 566722.242421298637055, 8209190.283040727488697 ] ] ] } },
{ "type": "Feature", "properties": { "ano": 2010, "camada": "agua", "area_km2": 0.0009 }, "geometry": { "type": "Polygon", "coordinates": [ [ [ 565882.242421298637055, 8209160.283040727488697 ], [ 565882.242421298637055, 8209130.283040727488697 ], [ 565912.242421298637055, 8209130.283040727488697 ], [ 565912.242421298637055, 8209160.283040727488697 ], [ 565882.242421298637055, 8209160.283040727488697 ] ] ] } },
{ "type": "Feature", "properties": { "ano": 2010, "camada": "agua", "area_km2": 0.0009 }, "geometry": { "type": "Polygon", "coordinates": [ [ [ 566752.242421298637055, 8209130.283040727488697 ], [ 566752.242421298637055, 8209100.283040727488697 ], [ 566782.242421298637055, 8209100.283040727488697 ], [ 566782.242421298637055, 8209130.283040727488697 ], [ 566752.242421298637055, 8209130.283040727488697 ] ] ] } },
{ "type": "Feature", "properties": { "ano": 2010, "camada": "agua", "area_km2": 0.0009 }, "geometry": { "type": "Polygon", "coordinates": [ [ [ 565552.242421298637055, 8209070.283040727488697 ], [ 565552.242421298637055, 8209040.283040727488697 ], [ 565582.242421298637055, 8209040.283040727488697 ], [ 565582.242421298637055, 8209070.283040727488697 ], [ 565552.242421298637055, 8209070.283040727488697 ] ] ] } },
{ "type": "Feature", "properties": { "ano": 2010, "camada": "agua", "area_km2": 0.0018 }, "geometry": { "type": "Polygon", "coordinates": [ [ [ 565852.242421298637055, 8209070.283040727488697 ], [ 565852.242421298637055, 8209010.283040727488697 ], [ 565882.242421298637055, 8209010.283040727488697 ], [ 565882.242421298637055, 8209070.283040727488697 ], [ 565852.242421298637055, 8209070.283040727488697 ] ] ] } },
{ "type": "Feature", "properties": { "ano": 2010, "camada": "agua", "area_km2": 0.0018 }, "geometry": { "type": "Polygon", "coordinates": [ [ [ 565582.242421298637055, 8209040.283040727488697 ], [ 565582.242421298637055, 8208980.283040727488697 ], [ 565612.242421298637055, 8208980.283040727488697 ], [ 565612.242421298637055, 8209040.283040727488697 ], [ 565582.242421298637055, 8209040.283040727488697 ] ] ] } },
{ "type": "Feature", "properties": { "ano": 2010, "camada": "agua", "area_km2": 0.0009 }, "geometry": { "type": "Polygon", "coordinates": [ [ [ 566812.242421298637055, 8208980.283040727488697 ], [ 566812.242421298637055, 8208950.283040727488697 ], [ 566842.242421298637055, 8208950.283040727488697 ], [ 566842.242421298637055, 8208980.283040727488697 ], [ 566812.242421298637055, 8208980.283040727488697 ] ] ] } },
{ "type": "Feature", "properties": { "ano": 2010, "camada": "agua", "area_km2": 0.0009 }, "geometry": { "type": "Polygon", "coordinates": [ [ [ 566872.242421298637055, 8208890.283040727488697 ], [ 566872.242421298637055, 8208860.283040727488697 ], [ 566902.242421298637055, 8208860.283040727488697 ], [ 566902.242421298637055, 8208890.283040727488697 ], [ 566872.242421298637055, 8208890.283040727488697 ] ] ] } },
{ "type": "Feature", "properties": { "ano": 2010, "camada": "agua", "area_km2": 0.0009 }, "geometry": { "type": "Polygon", "coordinates": [ [ [ 566722.242421298637055, 8208860.283040727488697 ], [ 566722.242421298637055, 8208830.283040727488697 ], [ 566752.242421298637055, 8208830.283040727488697 ], [ 566752.242421298637055, 8208860.283040727488697 ], [ 566722.242421298637055, 8208860.283040727488697 ] ] ] } },
{ "type": "Feature", "properties": { "ano": 2010, "camada": "agua", "area_km2": 0.0009 }, "geometry": { "type": "Polygon", "coordinates": [ [ [ 566902.242421298637055, 8208860.283040727488697 ], [ 566902.242421298637055, 8208830.283040727488697 ], [ 566932.242421298637055, 8208830.283040727488697 ], [ 566932.242421298637055, 8208860.283040727488697 ], [ 566902.242421298637055, 8208860.283040727488697 ] ] ] } },
{ "type": "Feature", "properties": { "ano": 2010, "camada": "agua", "area_km2": 0.0009 }, "geometry": { "type": "Polygon", "coordinates": [ [ [ 566722.242421298637055, 8208800.283040727488697 ], [ 566722.242421298637055, 8208770.283040727488697 ], [ 566752.242421298637055, 8208770.283040727488697 ], [ 566752.242421298637055, 8208800.283040727488697 ], [ 566722.242421298637055, 8208800.283040727488697 ] ] ] } },
{ "type": "Feature", "properties": { "ano": 2010, "camada": "agua", "area_km2": 0.0009 }, "geometry": { "type": "Polygon", "coordinates": [ [ [ 566962.242421298637055, 8208770.283040727488697 ], [ 566962.242421298637055, 8208740.283040727488697 ], [ 566992.242421298637055, 8208740.283040727488697 ], [ 566992.242421298637055, 8208770.283040727488697 ], [ 566962.242421298637055, 8208770.283040727488697 ] ] ] } },
{ "type": "Feature", "properties": { "ano": 2010, "camada": "agua", "area_km2": 0.0009 }, "geometry": { "type": "Polygon", "coordinates": [ [ [ 565792.242421298637055, 8208710.283040727488697 ], [ 565792.242421298637055, 8208680.283040727488697 ], [ 565822.242421298637055, 8208680.283040727488697 ], [ 565822.242421298637055, 8208710.283040727488697 ], [ 565792.242421298637055, 8208710.283040727488697 ] ] ] } },
{ "type": "Feature", "properties": { "ano": 2010, "camada": "agua", "area_km2": 0.0009 }, "geometry": { "type": "Polygon", "coordinates": [ [ [ 566992.242421298637055, 8208710.283040727488697 ], [ 566992.242421298637055, 8208680.283040727488697 ], [ 567022.242421298637055, 8208680.283040727488697 ], [ 567022.242421298637055, 8208710.283040727488697 ], [ 566992.242421298637055, 8208710.283040727488697 ] ] ] } },
{ "type": "Feature", "properties": { "ano": 2010, "camada": "agua", "area_km2": 0.0009 }, "geometry": { "type": "Polygon", "coordinates": [ [ [ 565912.242421298637055, 8208650.283040727488697 ], [ 565912.242421298637055, 8208620.283040727488697 ], [ 565942.242421298637055, 8208620.283040727488697 ], [ 565942.242421298637055, 8208650.283040727488697 ], [ 565912.242421298637055, 8208650.283040727488697 ] ] ] } },
{ "type": "Feature", "properties": { "ano": 2010, "camada": "agua", "area_km2": 0.0009 }, "geometry": { "type": "Polygon", "coordinates": [ [ [ 567022.242421298637055, 8208650.283040727488697 ], [ 567022.242421298637055, 8208620.283040727488697 ], [ 567052.242421298637055, 8208620.283040727488697 ], [ 567052.242421298637055, 8208650.283040727488697 ], [ 567022.242421298637055, 8208650.283040727488697 ] ] ] } },
{ "type": "Feature", "properties": { "ano": 2010, "camada": "agua", "area_km2": 0.0009 }, "geometry": { "type": "Polygon", "coordinates": [ [ [ 565822.242421298637055, 8208560.283040727488697 ], [ 565822.242421298637055, 8208530.283040727488697 ], [ 565852.242421298637055, 8208530.283040727488697 ], [ 565852.242421298637055, 8208560.283040727488697 ], [ 565822.242421298637055, 8208560.283040727488697 ] ] ] } },
{ "type": "Feature", "properties": { "ano": 2010, "camada": "agua", "area_km2": 0.0009 }, "geometry": { "type": "Polygon", "coordinates": [ [ [ 567082.242421298637055, 8208560.283040727488697 ], [ 567082.242421298637055, 8208530.283040727488697 ], [ 567112.242421298637055, 8208530.283040727488697 ], [ 567112.242421298637055, 8208560.283040727488697 ], [ 567082.242421298637055, 8208560.283040727488697 ] ] ] } },
{ "type": "Feature", "properties": { "ano": 2010, "camada": "agua", "area_km2": 0.0009 }, "geometry": { "type": "Polygon", "coordinates": [ [ [ 565882.242421298637055, 8208530.283040727488697 ], [ 565882.242421298637055, 8208500.283040727488697 ], [ 565912.242421298637055, 8208500.283040727488697 ], [ 565912.242421298637055, 8208530.283040727488697 ], [ 565882.242421298637055, 8208530.283040727488697 ] ] ] } },
{ "type": "Feature", "properties": { "ano": 2010, "camada": "agua", "area_km2": 0.0009 }, "geometry": { "type": "Polygon", "coordinates": [ [ [ 566032.242421298637055, 8208500.283040727488697 ], [ 566032.242421298637055, 8208470.283040727488697 ], [ 566062.242421298637055, 8208470.283040727488697 ], [ 566062.242421298637055, 8208500.283040727488697 ], [ 566032.242421298637055, 8208500.283040727488697 ] ] ] } },
{ "type": "Feature", "properties": { "ano": 2010, "camada": "agua", "area_km2": 0.0009 }, "geometry": { "type": "Polygon", "coordinates": [ [ [ 567112.242421298637055, 8208500.283040727488697 ], [ 567112.242421298637055, 8208470.283040727488697 ], [ 567142.242421298637055, 8208470.283040727488697 ], [ 567142.242421298637055, 8208500.283040727488697 ], [ 567112.242421298637055, 8208500.283040727488697 ] ] ] } },
{ "type": "Feature", "properties": { "ano": 2010, "camada": "agua", "area_km2": 0.0009 }, "geometry": { "type": "Polygon", "coordinates": [ [ [ 565912.242421298637055, 8208470.283040727488697 ], [ 565912.242421298637055, 8208440.283040727488697 ], [ 565942.242421298637055, 8208440.283040727488697 ], [ 565942.242421298637055, 8208470.283040727488697 ], [ 565912.242421298637055, 8208470.283040727488697 ] ] ] } },
{ "type": "Feature", "properties": { "ano": 2010, "camada": "agua", "area_km2": 0.0009 }, "geometry": { "type": "Polygon", "coordinates": [ [ [ 567142.242421298637055, 8208440.283040727488697 ], [ 567142.242421298637055, 8208410.283040727488697 ], [ 567172.242421298637055, 8208410.283040727488697 ], [ 567172.242421298637055, 8208440.283040727488697 ], [ 567142.242421298637055, 8208440.283040727488697 ] ] ] } },
{ "type": "Feature", "properties": { "ano": 2010, "camada": "agua", "area_km2": 0.0009 }, "geometry": { "type": "Polygon", "coordinates": [ [ [ 565942.242421298637055, 8208380.283040727488697 ], [ 565942.242421298637055, 8208350.283040727488697 ], [ 565972.242421298637055, 8208350.283040727488697 ], [ 565972.242421298637055, 8208380.283040727488697 ], [ 565942.242421298637055, 8208380.283040727488697 ] ] ] } },
{ "type": "Feature", "properties": { "ano": 2010, "camada": "agua", "area_km2": 0.0009 }, "geometry": { "type": "Polygon", "coordinates": [ [ [ 567172.242421298637055, 8208380.283040727488697 ], [ 567172.242421298637055, 8208350.283040727488697 ], [ 567202.242421298637055, 8208350.283040727488697 ], [ 567202.242421298637055, 8208380.283040727488697 ], [ 567172.242421298637055, 8208380.283040727488697 ] ] ] } },
{ "type": "Feature", "properties": { "ano": 2010, "camada": "agua", "area_km2": 0.0009 }, "geometry": { "type": "Polygon", "coordinates": [ [ [ 566002.242421298637055, 8208350.283040727488697 ], [ 566002.242421298637055, 8208320.283040727488697 ], [ 566032.242421298637055, 8208320.283040727488697 ], [ 566032.242421298637055, 8208350.283040727488697 ], [ 566002.242421298637055, 8208350.283040727488697 ] ] ] } },
{ "type": "Feature", "properties": { "ano": 2010, "camada": "agua", "area_km2": 0.0009 }, "geometry": { "type": "Polygon", "coordinates": [ [ [ 566062.242421298637055, 8208320.283040727488697 ], [ 566062.242421298637055, 8208290.283040727488697 ], [ 566092.242421298637055, 8208290.283040727488697 ], [ 566092.242421298637055, 8208320.283040727488697 ], [ 566062.242421298637055, 8208320.283040727488697 ] ] ] } },
{ "type": "Feature", "properties": { "ano": 2010, "camada": "agua", "area_km2": 0.0009 }, "geometry": { "type": "Polygon", "coordinates": [ [ [ 566092.242421298637055, 8208290.283040727488697 ], [ 566092.242421298637055, 8208260.283040727488697 ], [ 566122.242421298637055, 8208260.283040727488697 ], [ 566122.242421298637055, 8208290.283040727488697 ], [ 566092.242421298637055, 8208290.283040727488697 ] ] ] } },
{ "type": "Feature", "properties": { "ano": 2010, "camada": "agua", "area_km2": 0.0009 }, "geometry": { "type": "Polygon", "coordinates": [ [ [ 567232.242421298637055, 8208260.283040727488697 ], [ 567232.242421298637055, 8208230.283040727488697 ], [ 567262.242421298637055, 8208230.283040727488697 ], [ 567262.242421298637055, 8208260.283040727488697 ], [ 567232.242421298637055, 8208260.283040727488697 ] ] ] } },
{ "type": "Feature", "properties": { "ano": 2010, "camada": "agua", "area_km2": 0.0009 }, "geometry": { "type": "Polygon", "coordinates": [ [ [ 567262.242421298637055, 8208230.283040727488697 ], [ 567262.242421298637055, 8208200.283040727488697 ], [ 567292.242421298637055, 8208200.283040727488697 ], [ 567292.242421298637055, 8208230.283040727488697 ], [ 567262.242421298637055, 8208230.283040727488697 ] ] ] } },
{ "type": "Feature", "properties": { "ano": 2010, "camada": "agua", "area_km2": 0.0009 }, "geometry": { "type": "Polygon", "coordinates": [ [ [ 566152.242421298637055, 8208200.283040727488697 ], [ 566152.242421298637055, 8208170.283040727488697 ], [ 566182.242421298637055, 8208170.283040727488697 ], [ 566182.242421298637055, 8208200.283040727488697 ], [ 566152.242421298637055, 8208200.283040727488697 ] ] ] } },
{ "type": "Feature", "properties": { "ano": 2010, "camada": "agua", "area_km2": 0.0009 }, "geometry": { "type": "Polygon", "coordinates": [ [ [ 566182.242421298637055, 8208170.283040727488697 ], [ 566182.242421298637055, 8208140.283040727488697 ], [ 566212.242421298637055, 8208140.283040727488697 ], [ 566212.242421298637055, 8208170.283040727488697 ], [ 566182.242421298637055, 8208170.283040727488697 ] ] ] } },
{ "type": "Feature", "properties": { "ano": 2010, "camada": "agua", "area_km2": 0.0009 }, "geometry": { "type": "Polygon", "coordinates": [ [ [ 566242.242421298637055, 8208080.283040727488697 ], [ 566242.242421298637055, 8208050.283040727488697 ], [ 566272.242421298637055, 8208050.283040727488697 ], [ 566272.242421298637055, 8208080.283040727488697 ], [ 566242.242421298637055, 8208080.283040727488697 ] ] ] } },
{ "type": "Feature", "properties": { "ano": 2010, "camada": "agua", "area_km2": 0.0009 }, "geometry": { "type": "Polygon", "coordinates": [ [ [ 566842.242421298637055, 8208080.283040727488697 ], [ 566842.242421298637055, 8208050.283040727488697 ], [ 566872.242421298637055, 8208050.283040727488697 ], [ 566872.242421298637055, 8208080.283040727488697 ], [ 566842.242421298637055, 8208080.283040727488697 ] ] ] } },
{ "type": "Feature", "properties": { "ano": 2010, "camada": "agua", "area_km2": 0.0009 }, "geometry": { "type": "Polygon", "coordinates": [ [ [ 566932.242421298637055, 8208050.283040727488697 ], [ 566932.242421298637055, 8208020.283040727488697 ], [ 566962.242421298637055, 8208020.283040727488697 ], [ 566962.242421298637055, 8208050.283040727488697 ], [ 566932.242421298637055, 8208050.283040727488697 ] ] ] } },
{ "type": "Feature", "properties": { "ano": 2010, "camada": "agua", "area_km2": 0.0009 }, "geometry": { "type": "Polygon", "coordinates": [ [ [ 567472.242421298637055, 8208050.283040727488697 ], [ 567472.242421298637055, 8208020.283040727488697 ], [ 567502.242421298637055, 8208020.283040727488697 ], [ 567502.242421298637055, 8208050.283040727488697 ], [ 567472.242421298637055, 8208050.283040727488697 ] ] ] } },
{ "type": "Feature", "properties": { "ano": 2010, "camada": "agua", "area_km2": 0.0009 }, "geometry": { "type": "Polygon", "coordinates": [ [ [ 566272.242421298637055, 8208020.283040727488697 ], [ 566272.242421298637055, 8207990.283040727488697 ], [ 566302.242421298637055, 8207990.283040727488697 ], [ 566302.242421298637055, 8208020.283040727488697 ], [ 566272.242421298637055, 8208020.283040727488697 ] ] ] } },
{ "type": "Feature", "properties": { "ano": 2010, "camada": "agua", "area_km2": 0.0009 }, "geometry": { "type": "Polygon", "coordinates": [ [ [ 566992.242421298637055, 8208020.283040727488697 ], [ 566992.242421298637055, 8207990.283040727488697 ], [ 567022.242421298637055, 8207990.283040727488697 ], [ 567022.242421298637055, 8208020.283040727488697 ], [ 566992.242421298637055, 8208020.283040727488697 ] ] ] } },
{ "type": "Feature", "properties": { "ano": 2010, "camada": "agua", "area_km2": 0.0009 }, "geometry": { "type": "Polygon", "coordinates": [ [ [ 567052.242421298637055, 8207990.283040727488697 ], [ 567052.242421298637055, 8207960.283040727488697 ], [ 567082.242421298637055, 8207960.283040727488697 ], [ 567082.242421298637055, 8207990.283040727488697 ], [ 567052.242421298637055, 8207990.283040727488697 ] ] ] } },
{ "type": "Feature", "properties": { "ano": 2010, "camada": "agua", "area_km2": 0.0009 }, "geometry": { "type": "Polygon", "coordinates": [ [ [ 567652.242421298637055, 8207960.283040727488697 ], [ 567652.242421298637055, 8207930.283040727488697 ], [ 567682.242421298637055, 8207930.283040727488697 ], [ 567682.242421298637055, 8207960.283040727488697 ], [ 567652.242421298637055, 8207960.283040727488697 ] ] ] } },
{ "type": "Feature", "properties": { "ano": 2010, "camada": "agua", "area_km2": 0.0009 }, "geometry": { "type": "Polygon", "coordinates": [ [ [ 567142.242421298637055, 8207930.283040727488697 ], [ 567142.242421298637055, 8207900.283040727488697 ], [ 567172.242421298637055, 8207900.283040727488697 ], [ 567172.242421298637055, 8207930.283040727488697 ], [ 567142.242421298637055, 8207930.283040727488697 ] ] ] } },
{ "type": "Feature", "properties": { "ano": 2010, "camada": "agua", "area_km2": 0.0009 }, "geometry": { "type": "Polygon", "coordinates": [ [ [ 566812.242421298637055, 8207900.283040727488697 ], [ 566812.242421298637055, 8207870.283040727488697 ], [ 566842.242421298637055, 8207870.283040727488697 ], [ 566842.242421298637055, 8207900.283040727488697 ], [ 566812.242421298637055, 8207900.283040727488697 ] ] ] } },
{ "type": "Feature", "properties": { "ano": 2010, "camada": "agua", "area_km2": 0.0018 }, "geometry": { "type": "Polygon", "coordinates": [ [ [ 567862.242421298637055, 8207900.283040727488697 ], [ 567862.242421298637055, 8207870.283040727488697 ], [ 567922.242421298637055, 8207870.283040727488697 ], [ 567922.242421298637055, 8207900.283040727488697 ], [ 567862.242421298637055, 8207900.283040727488697 ] ] ] } },
{ "type": "Feature", "properties": { "ano": 2010, "camada": "agua", "area_km2": 0.0009 }, "geometry": { "type": "Polygon", "coordinates": [ [ [ 567202.242421298637055, 8207870.283040727488697 ], [ 567202.242421298637055, 8207840.283040727488697 ], [ 567232.242421298637055, 8207840.283040727488697 ], [ 567232.242421298637055, 8207870.283040727488697 ], [ 567202.242421298637055, 8207870.283040727488697 ] ] ] } },
{ "type": "Feature", "properties": { "ano": 2010, "camada": "agua", "area_km2": 0.0009 }, "geometry": { "type": "Polygon", "coordinates": [ [ [ 567982.242421298637055, 8207870.283040727488697 ], [ 567982.242421298637055, 8207840.283040727488697 ], [ 568012.242421298637055, 8207840.283040727488697 ], [ 568012.242421298637055, 8207870.283040727488697 ], [ 567982.242421298637055, 8207870.283040727488697 ] ] ] } },
{ "type": "Feature", "properties": { "ano": 2010, "camada": "agua", "area_km2": 0.0009 }, "geometry": { "type": "Polygon", "coordinates": [ [ [ 566362.242421298637055, 8207840.283040727488697 ], [ 566362.242421298637055, 8207810.283040727488697 ], [ 566392.242421298637055, 8207810.283040727488697 ], [ 566392.242421298637055, 8207840.283040727488697 ], [ 566362.242421298637055, 8207840.283040727488697 ] ] ] } },
{ "type": "Feature", "properties": { "ano": 2010, "camada": "agua", "area_km2": 0.0009 }, "geometry": { "type": "Polygon", "coordinates": [ [ [ 568072.242421298637055, 8207840.283040727488697 ], [ 568072.242421298637055, 8207810.283040727488697 ], [ 568102.242421298637055, 8207810.283040727488697 ], [ 568102.242421298637055, 8207840.283040727488697 ], [ 568072.242421298637055, 8207840.283040727488697 ] ] ] } },
{ "type": "Feature", "properties": { "ano": 2010, "camada": "agua", "area_km2": 0.0009 }, "geometry": { "type": "Polygon", "coordinates": [ [ [ 568192.242421298637055, 8207810.283040727488697 ], [ 568192.242421298637055, 8207780.283040727488697 ], [ 568222.242421298637055, 8207780.283040727488697 ], [ 568222.242421298637055, 8207810.283040727488697 ], [ 568192.242421298637055, 8207810.283040727488697 ] ] ] } },
{ "type": "Feature", "properties": { "ano": 2010, "camada": "agua", "area_km2": 0.0009 }, "geometry": { "type": "Polygon", "coordinates": [ [ [ 566872.242421298637055, 8207780.283040727488697 ], [ 566872.242421298637055, 8207750.283040727488697 ], [ 566902.242421298637055, 8207750.283040727488697 ], [ 566902.242421298637055, 8207780.283040727488697 ], [ 566872.242421298637055, 8207780.283040727488697 ] ] ] } },
{ "type": "Feature", "properties": { "ano": 2010, "camada": "agua", "area_km2": 0.0009 }, "geometry": { "type": "Polygon", "coordinates": [ [ [ 567862.242421298637055, 8207780.283040727488697 ], [ 567862.242421298637055, 8207750.283040727488697 ], [ 567892.242421298637055, 8207750.283040727488697 ], [ 567892.242421298637055, 8207780.283040727488697 ], [ 567862.242421298637055, 8207780.283040727488697 ] ] ] } },
{ "type": "Feature", "properties": { "ano": 2010, "camada": "agua", "area_km2": 0.0009 }, "geometry": { "type": "Polygon", "coordinates": [ [ [ 568042.242421298637055, 8207780.283040727488697 ], [ 568042.242421298637055, 8207750.283040727488697 ], [ 568072.242421298637055, 8207750.283040727488697 ], [ 568072.242421298637055, 8207780.283040727488697 ], [ 568042.242421298637055, 8207780.283040727488697 ] ] ] } },
{ "type": "Feature", "properties": { "ano": 2010, "camada": "agua", "area_km2": 0.0009 }, "geometry": { "type": "Polygon", "coordinates": [ [ [ 567802.242421298637055, 8207750.283040727488697 ], [ 567802.242421298637055, 8207720.283040727488697 ], [ 567832.242421298637055, 8207720.283040727488697 ], [ 567832.242421298637055, 8207750.283040727488697 ], [ 567802.242421298637055, 8207750.283040727488697 ] ] ] } },
{ "type": "Feature", "properties": { "ano": 2010, "camada": "agua", "area_km2": 0.0009 }, "geometry": { "type": "Polygon", "coordinates": [ [ [ 567772.242421298637055, 8207720.283040727488697 ], [ 567772.242421298637055, 8207690.283040727488697 ], [ 567802.242421298637055, 8207690.283040727488697 ], [ 567802.242421298637055, 8207720.283040727488697 ], [ 567772.242421298637055, 8207720.283040727488697 ] ] ] } },
{ "type": "Feature", "properties": { "ano": 2010, "camada": "agua", "area_km2": 0.0009 }, "geometry": { "type": "Polygon", "coordinates": [ [ [ 568372.242421298637055, 8207720.283040727488697 ], [ 568372.242421298637055, 8207690.283040727488697 ], [ 568402.242421298637055, 8207690.283040727488697 ], [ 568402.242421298637055, 8207720.283040727488697 ], [ 568372.242421298637055, 8207720.283040727488697 ] ] ] } },
{ "type": "Feature", "properties": { "ano": 2010, "camada": "agua", "area_km2": 0.0009 }, "geometry": { "type": "Polygon", "coordinates": [ [ [ 568252.242421298637055, 8207690.283040727488697 ], [ 568252.242421298637055, 8207660.283040727488697 ], [ 568282.242421298637055, 8207660.283040727488697 ], [ 568282.242421298637055, 8207690.283040727488697 ], [ 568252.242421298637055, 8207690.283040727488697 ] ] ] } },
{ "type": "Feature", "properties": { "ano": 2010, "camada": "agua", "area_km2": 0.0009 }, "geometry": { "type": "Polygon", "coordinates": [ [ [ 568402.242421298637055, 8207690.283040727488697 ], [ 568402.242421298637055, 8207660.283040727488697 ], [ 568432.242421298637055, 8207660.283040727488697 ], [ 568432.242421298637055, 8207690.283040727488697 ], [ 568402.242421298637055, 8207690.283040727488697 ] ] ] } },
{ "type": "Feature", "properties": { "ano": 2010, "camada": "agua", "area_km2": 0.0009 }, "geometry": { "type": "Polygon", "coordinates": [ [ [ 567352.242421298637055, 8207660.283040727488697 ], [ 567352.242421298637055, 8207630.283040727488697 ], [ 567382.242421298637055, 8207630.283040727488697 ], [ 567382.242421298637055, 8207660.283040727488697 ], [ 567352.242421298637055, 8207660.283040727488697 ] ] ] } },
{ "type": "Feature", "properties": { "ano": 2010, "camada": "agua", "area_km2": 0.0009 }, "geometry": { "type": "Polygon", "coordinates": [ [ [ 568492.242421298637055, 8207630.283040727488697 ], [ 568492.242421298637055, 8207600.283040727488697 ], [ 568522.242421298637055, 8207600.283040727488697 ], [ 568522.242421298637055, 8207630.283040727488697 ], [ 568492.242421298637055, 8207630.283040727488697 ] ] ] } },
{ "type": "Feature", "properties": { "ano": 2010, "camada": "agua", "area_km2": 0.0009 }, "geometry": { "type": "Polygon", "coordinates": [ [ [ 566482.242421298637055, 8207540.283040727488697 ], [ 566482.242421298637055, 8207510.283040727488697 ], [ 566512.242421298637055, 8207510.283040727488697 ], [ 566512.242421298637055, 8207540.283040727488697 ], [ 566482.242421298637055, 8207540.283040727488697 ] ] ] } },
{ "type": "Feature", "properties": { "ano": 2010, "camada": "agua", "area_km2": 0.0009 }, "geometry": { "type": "Polygon", "coordinates": [ [ [ 566512.242421298637055, 8207480.283040727488697 ], [ 566512.242421298637055, 8207450.283040727488697 ], [ 566542.242421298637055, 8207450.283040727488697 ], [ 566542.242421298637055, 8207480.283040727488697 ], [ 566512.242421298637055, 8207480.283040727488697 ] ] ] } },
{ "type": "Feature", "properties": { "ano": 2010, "camada": "agua", "area_km2": 0.0009 }, "geometry": { "type": "Polygon", "coordinates": [ [ [ 567322.242421298637055, 8207450.283040727488697 ], [ 567322.242421298637055, 8207420.283040727488697 ], [ 567352.242421298637055, 8207420.283040727488697 ], [ 567352.242421298637055, 8207450.283040727488697 ], [ 567322.242421298637055, 8207450.283040727488697 ] ] ] } },
{ "type": "Feature", "properties": { "ano": 2010, "camada": "agua", "area_km2": 0.0009 }, "geometry": { "type": "Polygon", "coordinates": [ [ [ 568642.242421298637055, 8207450.283040727488697 ], [ 568642.242421298637055, 8207420.283040727488697 ], [ 568672.242421298637055, 8207420.283040727488697 ], [ 568672.242421298637055, 8207450.283040727488697 ], [ 568642.242421298637055, 8207450.283040727488697 ] ] ] } },
{ "type": "Feature", "properties": { "ano": 2010, "camada": "agua", "area_km2": 0.0009 }, "geometry": { "type": "Polygon", "coordinates": [ [ [ 566542.242421298637055, 8207420.283040727488697 ], [ 566542.242421298637055, 8207390.283040727488697 ], [ 566572.242421298637055, 8207390.283040727488697 ], [ 566572.242421298637055, 8207420.283040727488697 ], [ 566542.242421298637055, 8207420.283040727488697 ] ] ] } },
{ "type": "Feature", "properties": { "ano": 2010, "camada": "agua", "area_km2": 0.0009 }, "geometry": { "type": "Polygon", "coordinates": [ [ [ 567982.242421298637055, 8207390.283040727488697 ], [ 567982.242421298637055, 8207360.283040727488697 ], [ 568012.242421298637055, 8207360.283040727488697 ], [ 568012.242421298637055, 8207390.283040727488697 ], [ 567982.242421298637055, 8207390.283040727488697 ] ] ] } },
{ "type": "Feature", "properties": { "ano": 2010, "camada": "agua", "area_km2": 0.0009 }, "geometry": { "type": "Polygon", "coordinates": [ [ [ 566632.242421298637055, 8207330.283040727488697 ], [ 566632.242421298637055, 8207300.283040727488697 ], [ 566662.242421298637055, 8207300.283040727488697 ], [ 566662.242421298637055, 8207330.283040727488697 ], [ 566632.242421298637055, 8207330.283040727488697 ] ] ] } },
{ "type": "Feature", "properties": { "ano": 2010, "camada": "agua", "area_km2": 0.0009 }, "geometry": { "type": "Polygon", "coordinates": [ [ [ 566662.242421298637055, 8207300.283040727488697 ], [ 566662.242421298637055, 8207270.283040727488697 ], [ 566692.242421298637055, 8207270.283040727488697 ], [ 566692.242421298637055, 8207300.283040727488697 ], [ 566662.242421298637055, 8207300.283040727488697 ] ] ] } },
{ "type": "Feature", "properties": { "ano": 2010, "camada": "agua", "area_km2": 0.0009 }, "geometry": { "type": "Polygon", "coordinates": [ [ [ 568072.242421298637055, 8207240.283040727488697 ], [ 568072.242421298637055, 8207210.283040727488697 ], [ 568102.242421298637055, 8207210.283040727488697 ], [ 568102.242421298637055, 8207240.283040727488697 ], [ 568072.242421298637055, 8207240.283040727488697 ] ] ] } },
{ "type": "Feature", "properties": { "ano": 2010, "camada": "agua", "area_km2": 0.0009 }, "geometry": { "type": "Polygon", "coordinates": [ [ [ 568162.242421298637055, 8207240.283040727488697 ], [ 568162.242421298637055, 8207210.283040727488697 ], [ 568192.242421298637055, 8207210.283040727488697 ], [ 568192.242421298637055, 8207240.283040727488697 ], [ 568162.242421298637055, 8207240.283040727488697 ] ] ] } },
{ "type": "Feature", "properties": { "ano": 2010, "camada": "agua", "area_km2": 0.0009 }, "geometry": { "type": "Polygon", "coordinates": [ [ [ 568612.242421298637055, 8207240.283040727488697 ], [ 568612.242421298637055, 8207210.283040727488697 ], [ 568642.242421298637055, 8207210.283040727488697 ], [ 568642.242421298637055, 8207240.283040727488697 ], [ 568612.242421298637055, 8207240.283040727488697 ] ] ] } },
{ "type": "Feature", "properties": { "ano": 2010, "camada": "agua", "area_km2": 0.0009 }, "geometry": { "type": "Polygon", "coordinates": [ [ [ 568762.242421298637055, 8207240.283040727488697 ], [ 568762.242421298637055, 8207210.283040727488697 ], [ 568792.242421298637055, 8207210.283040727488697 ], [ 568792.242421298637055, 8207240.283040727488697 ], [ 568762.242421298637055, 8207240.283040727488697 ] ] ] } },
{ "type": "Feature", "properties": { "ano": 2010, "camada": "agua", "area_km2": 0.0009 }, "geometry": { "type": "Polygon", "coordinates": [ [ [ 568162.242421298637055, 8207180.283040727488697 ], [ 568162.242421298637055, 8207150.283040727488697 ], [ 568192.242421298637055, 8207150.283040727488697 ], [ 568192.242421298637055, 8207180.283040727488697 ], [ 568162.242421298637055, 8207180.283040727488697 ] ] ] } },
{ "type": "Feature", "properties": { "ano": 2010, "camada": "agua", "area_km2": 0.0009 }, "geometry": { "type": "Polygon", "coordinates": [ [ [ 568672.242421298637055, 8207180.283040727488697 ], [ 568672.242421298637055, 8207150.283040727488697 ], [ 568702.242421298637055, 8207150.283040727488697 ], [ 568702.242421298637055, 8207180.283040727488697 ], [ 568672.242421298637055, 8207180.283040727488697 ] ] ] } },
{ "type": "Feature", "properties": { "ano": 2010, "camada": "agua", "area_km2": 0.0009 }, "geometry": { "type": "Polygon", "coordinates": [ [ [ 567082.242421298637055, 8207120.283040727488697 ], [ 567082.242421298637055, 8207090.283040727488697 ], [ 567112.242421298637055, 8207090.283040727488697 ], [ 567112.242421298637055, 8207120.283040727488697 ], [ 567082.242421298637055, 8207120.283040727488697 ] ] ] } },
{ "type": "Feature", "properties": { "ano": 2010, "camada": "agua", "area_km2": 0.0009 }, "geometry": { "type": "Polygon", "coordinates": [ [ [ 567922.242421298637055, 8207120.283040727488697 ], [ 567922.242421298637055, 8207090.283040727488697 ], [ 567952.242421298637055, 8207090.283040727488697 ], [ 567952.242421298637055, 8207120.283040727488697 ], [ 567922.242421298637055, 8207120.283040727488697 ] ] ] } },
{ "type": "Feature", "properties": { "ano": 2010, "camada": "agua", "area_km2": 0.0009 }, "geometry": { "type": "Polygon", "coordinates": [ [ [ 567982.242421298637055, 8207120.283040727488697 ], [ 567982.242421298637055, 8207090.283040727488697 ], [ 568012.242421298637055, 8207090.283040727488697 ], [ 568012.242421298637055, 8207120.283040727488697 ], [ 567982.242421298637055, 8207120.283040727488697 ] ] ] } },
{ "type": "Feature", "properties": { "ano": 2010, "camada": "agua", "area_km2": 0.0009 }, "geometry": { "type": "Polygon", "coordinates": [ [ [ 567142.242421298637055, 8207090.283040727488697 ], [ 567142.242421298637055, 8207060.283040727488697 ], [ 567172.242421298637055, 8207060.283040727488697 ], [ 567172.242421298637055, 8207090.283040727488697 ], [ 567142.242421298637055, 8207090.283040727488697 ] ] ] } },
{ "type": "Feature", "properties": { "ano": 2010, "camada": "agua", "area_km2": 0.0009 }, "geometry": { "type": "Polygon", "coordinates": [ [ [ 567892.242421298637055, 8207090.283040727488697 ], [ 567892.242421298637055, 8207060.283040727488697 ], [ 567922.242421298637055, 8207060.283040727488697 ], [ 567922.242421298637055, 8207090.283040727488697 ], [ 567892.242421298637055, 8207090.283040727488697 ] ] ] } },
{ "type": "Feature", "properties": { "ano": 2010, "camada": "agua", "area_km2": 0.0036 }, "geometry": { "type": "Polygon", "coordinates": [ [ [ 568702.242421298637055, 8207150.283040727488697 ], [ 568702.242421298637055, 8207030.283040727488697 ], [ 568732.242421298637055, 8207030.283040727488697 ], [ 568732.242421298637055, 8207150.283040727488697 ], [ 568702.242421298637055, 8207150.283040727488697 ] ] ] } },
{ "type": "Feature", "properties": { "ano": 2010, "camada": "agua", "area_km2": 0.0018 }, "geometry": { "type": "Polygon", "coordinates": [ [ [ 568792.242421298637055, 8207090.283040727488697 ], [ 568792.242421298637055, 8207030.283040727488697 ], [ 568822.242421298637055, 8207030.283040727488697 ], [ 568822.242421298637055, 8207090.283040727488697 ], [ 568792.242421298637055, 8207090.283040727488697 ] ] ] } },
{ "type": "Feature", "properties": { "ano": 2010, "camada": "agua", "area_km2": 0.0009 }, "geometry": { "type": "Polygon", "coordinates": [ [ [ 567172.242421298637055, 8207060.283040727488697 ], [ 567172.242421298637055, 8207030.283040727488697 ], [ 567202.242421298637055, 8207030.283040727488697 ], [ 567202.242421298637055, 8207060.283040727488697 ], [ 567172.242421298637055, 8207060.283040727488697 ] ] ] } },
{ "type": "Feature", "properties": { "ano": 2010, "camada": "agua", "area_km2": 0.0009 }, "geometry": { "type": "Polygon", "coordinates": [ [ [ 568162.242421298637055, 8207060.283040727488697 ], [ 568162.242421298637055, 8207030.283040727488697 ], [ 568192.242421298637055, 8207030.283040727488697 ], [ 568192.242421298637055, 8207060.283040727488697 ], [ 568162.242421298637055, 8207060.283040727488697 ] ] ] } },
{ "type": "Feature", "properties": { "ano": 2010, "camada": "agua", "area_km2": 0.0009 }, "geometry": { "type": "Polygon", "coordinates": [ [ [ 568312.242421298637055, 8207060.283040727488697 ], [ 568312.242421298637055, 8207030.283040727488697 ], [ 568342.242421298637055, 8207030.283040727488697 ], [ 568342.242421298637055, 8207060.283040727488697 ], [ 568312.242421298637055, 8207060.283040727488697 ] ] ] } },
{ "type": "Feature", "properties": { "ano": 2010, "camada": "agua", "area_km2": 0.0009 }, "geometry": { "type": "Polygon", "coordinates": [ [ [ 568432.242421298637055, 8207060.283040727488697 ], [ 568432.242421298637055, 8207030.283040727488697 ], [ 568462.242421298637055, 8207030.283040727488697 ], [ 568462.242421298637055, 8207060.283040727488697 ], [ 568432.242421298637055, 8207060.283040727488697 ] ] ] } },
{ "type": "Feature", "properties": { "ano": 2010, "camada": "agua", "area_km2": 0.0009 }, "geometry": { "type": "Polygon", "coordinates": [ [ [ 567202.242421298637055, 8207030.283040727488697 ], [ 567202.242421298637055, 8207000.283040727488697 ], [ 567232.242421298637055, 8207000.283040727488697 ], [ 567232.242421298637055, 8207030.283040727488697 ], [ 567202.242421298637055, 8207030.283040727488697 ] ] ] } },
{ "type": "Feature", "properties": { "ano": 2010, "camada": "agua", "area_km2": 0.0009 }, "geometry": { "type": "Polygon", "coordinates": [ [ [ 568672.242421298637055, 8207030.283040727488697 ], [ 568672.242421298637055, 8207000.283040727488697 ], [ 568702.242421298637055, 8207000.283040727488697 ], [ 568702.242421298637055, 8207030.283040727488697 ], [ 568672.242421298637055, 8207030.283040727488697 ] ] ] } },
{ "type": "Feature", "properties": { "ano": 2010, "camada": "agua", "area_km2": 0.0072 }, "geometry": { "type": "Polygon", "coordinates": [ [ [ 568012.242421298637055, 8207090.283040727488697 ], [ 568012.242421298637055, 8207030.283040727488697 ], [ 567952.242421298637055, 8207030.283040727488697 ], [ 567952.242421298637055, 8207000.283040727488697 ], [ 568012.242421298637055, 8207000.283040727488697 ], [ 568012.242421298637055, 8206970.283040727488697 ], [ 568042.242421298637055, 8206970.283040727488697 ], [ 568042.242421298637055, 8207000.283040727488697 ], [ 568102.242421298637055, 8207000.283040727488697 ], [ 568102.242421298637055, 8207030.283040727488697 ], [ 568042.242421298637055, 8207030.283040727488697 ], [ 568042.242421298637055, 8207090.283040727488697 ], [ 568012.242421298637055, 8207090.283040727488697 ] ] ] } },
{ "type": "Feature", "properties": { "ano": 2010, "camada": "agua", "area_km2": 0.0009 }, "geometry": { "type": "Polygon", "coordinates": [ [ [ 568132.242421298637055, 8207000.283040727488697 ], [ 568132.242421298637055, 8206970.283040727488697 ], [ 568162.242421298637055, 8206970.283040727488697 ], [ 568162.242421298637055, 8207000.283040727488697 ], [ 568132.242421298637055, 8207000.283040727488697 ] ] ] } },
{ "type": "Feature", "properties": { "ano": 2010, "camada": "agua", "area_km2": 0.0009 }, "geometry": { "type": "Polygon", "coordinates": [ [ [ 568582.242421298637055, 8207000.283040727488697 ], [ 568582.242421298637055, 8206970.283040727488697 ], [ 568612.242421298637055, 8206970.283040727488697 ], [ 568612.242421298637055, 8207000.283040727488697 ], [ 568582.242421298637055, 8207000.283040727488697 ] ] ] } },
{ "type": "Feature", "properties": { "ano": 2010, "camada": "agua", "area_km2": 0.0009 }, "geometry": { "type": "Polygon", "coordinates": [ [ [ 568642.242421298637055, 8207000.283040727488697 ], [ 568642.242421298637055, 8206970.283040727488697 ], [ 568672.242421298637055, 8206970.283040727488697 ], [ 568672.242421298637055, 8207000.283040727488697 ], [ 568642.242421298637055, 8207000.283040727488697 ] ] ] } },
{ "type": "Feature", "properties": { "ano": 2010, "camada": "agua", "area_km2": 0.0018 }, "geometry": { "type": "Polygon", "coordinates": [ [ [ 568432.242421298637055, 8206970.283040727488697 ], [ 568432.242421298637055, 8206940.283040727488697 ], [ 568492.242421298637055, 8206940.283040727488697 ], [ 568492.242421298637055, 8206970.283040727488697 ], [ 568432.242421298637055, 8206970.283040727488697 ] ] ] } },
{ "type": "Feature", "properties": { "ano": 2010, "camada": "agua", "area_km2": 0.0009 }, "geometry": { "type": "Polygon", "coordinates": [ [ [ 568522.242421298637055, 8206970.283040727488697 ], [ 568522.242421298637055, 8206940.283040727488697 ], [ 568552.242421298637055, 8206940.283040727488697 ], [ 568552.242421298637055, 8206970.283040727488697 ], [ 568522.242421298637055, 8206970.283040727488697 ] ] ] } },
{ "type": "Feature", "properties": { "ano": 2010, "camada": "agua", "area_km2": 0.0009 }, "geometry": { "type": "Polygon", "coordinates": [ [ [ 567262.242421298637055, 8206940.283040727488697 ], [ 567262.242421298637055, 8206910.283040727488697 ], [ 567292.242421298637055, 8206910.283040727488697 ], [ 567292.242421298637055, 8206940.283040727488697 ], [ 567262.242421298637055, 8206940.283040727488697 ] ] ] } },
{ "type": "Feature", "properties": { "ano": 2010, "camada": "agua", "area_km2": 0.0009 }, "geometry": { "type": "Polygon", "coordinates": [ [ [ 568042.242421298637055, 8206940.283040727488697 ], [ 568042.242421298637055, 8206910.283040727488697 ], [ 568072.242421298637055, 8206910.283040727488697 ], [ 568072.242421298637055, 8206940.283040727488697 ], [ 568042.242421298637055, 8206940.283040727488697 ] ] ] } },
{ "type": "Feature", "properties": { "ano": 2010, "camada": "agua", "area_km2": 0.0027 }, "geometry": { "type": "Polygon", "coordinates": [ [ [ 568132.242421298637055, 8206940.283040727488697 ], [ 568132.242421298637055, 8206910.283040727488697 ], [ 568102.242421298637055, 8206910.283040727488697 ], [ 568102.242421298637055, 8206880.283040727488697 ], [ 568162.242421298637055, 8206880.283040727488697 ], [ 568162.242421298637055, 8206940.283040727488697 ], [ 568132.242421298637055, 8206940.283040727488697 ] ] ] } },
{ "type": "Feature", "properties": { "ano": 2010, "camada": "agua", "area_km2": 0.0009 }, "geometry": { "type": "Polygon", "coordinates": [ [ [ 568702.242421298637055, 8206880.283040727488697 ], [ 568702.242421298637055, 8206850.283040727488697 ], [ 568732.242421298637055, 8206850.283040727488697 ], [ 568732.242421298637055, 8206880.283040727488697 ], [ 568702.242421298637055, 8206880.283040727488697 ] ] ] } },
{ "type": "Feature", "properties": { "ano": 2010, "camada": "agua", "area_km2": 0.0009 }, "geometry": { "type": "Polygon", "coordinates": [ [ [ 568342.242421298637055, 8206730.283040727488697 ], [ 568342.242421298637055, 8206700.283040727488697 ], [ 568372.242421298637055, 8206700.283040727488697 ], [ 568372.242421298637055, 8206730.283040727488697 ], [ 568342.242421298637055, 8206730.283040727488697 ] ] ] } },
{ "type": "Feature", "properties": { "ano": 2010, "camada": "agua", "area_km2": 0.0009 }, "geometry": { "type": "Polygon", "coordinates": [ [ [ 567472.242421298637055, 8206700.283040727488697 ], [ 567472.242421298637055, 8206670.283040727488697 ], [ 567502.242421298637055, 8206670.283040727488697 ], [ 567502.242421298637055, 8206700.283040727488697 ], [ 567472.242421298637055, 8206700.283040727488697 ] ] ] } },
{ "type": "Feature", "properties": { "ano": 2010, "camada": "agua", "area_km2": 0.0009 }, "geometry": { "type": "Polygon", "coordinates": [ [ [ 567022.242421298637055, 8206670.283040727488697 ], [ 567022.242421298637055, 8206640.283040727488697 ], [ 567052.242421298637055, 8206640.283040727488697 ], [ 567052.242421298637055, 8206670.283040727488697 ], [ 567022.242421298637055, 8206670.283040727488697 ] ] ] } },
{ "type": "Feature", "properties": { "ano": 2010, "camada": "agua", "area_km2": 0.0009 }, "geometry": { "type": "Polygon", "coordinates": [ [ [ 569062.242421298637055, 8206670.283040727488697 ], [ 569062.242421298637055, 8206640.283040727488697 ], [ 569092.242421298637055, 8206640.283040727488697 ], [ 569092.242421298637055, 8206670.283040727488697 ], [ 569062.242421298637055, 8206670.283040727488697 ] ] ] } },
{ "type": "Feature", "properties": { "ano": 2010, "camada": "agua", "area_km2": 0.0009 }, "geometry": { "type": "Polygon", "coordinates": [ [ [ 569092.242421298637055, 8206640.283040727488697 ], [ 569092.242421298637055, 8206610.283040727488697 ], [ 569122.242421298637055, 8206610.283040727488697 ], [ 569122.242421298637055, 8206640.283040727488697 ], [ 569092.242421298637055, 8206640.283040727488697 ] ] ] } },
{ "type": "Feature", "properties": { "ano": 2010, "camada": "agua", "area_km2": 0.0009 }, "geometry": { "type": "Polygon", "coordinates": [ [ [ 569122.242421298637055, 8206610.283040727488697 ], [ 569122.242421298637055, 8206580.283040727488697 ], [ 569152.242421298637055, 8206580.283040727488697 ], [ 569152.242421298637055, 8206610.283040727488697 ], [ 569122.242421298637055, 8206610.283040727488697 ] ] ] } },
{ "type": "Feature", "properties": { "ano": 2010, "camada": "agua", "area_km2": 0.0018 }, "geometry": { "type": "Polygon", "coordinates": [ [ [ 568312.242421298637055, 8206580.283040727488697 ], [ 568312.242421298637055, 8206550.283040727488697 ], [ 568372.242421298637055, 8206550.283040727488697 ], [ 568372.242421298637055, 8206580.283040727488697 ], [ 568312.242421298637055, 8206580.283040727488697 ] ] ] } },
{ "type": "Feature", "properties": { "ano": 2010, "camada": "agua", "area_km2": 0.0009 }, "geometry": { "type": "Polygon", "coordinates": [ [ [ 568912.242421298637055, 8206580.283040727488697 ], [ 568912.242421298637055, 8206550.283040727488697 ], [ 568942.242421298637055, 8206550.283040727488697 ], [ 568942.242421298637055, 8206580.283040727488697 ], [ 568912.242421298637055, 8206580.283040727488697 ] ] ] } },
{ "type": "Feature", "properties": { "ano": 2010, "camada": "agua", "area_km2": 0.0009 }, "geometry": { "type": "Polygon", "coordinates": [ [ [ 569152.242421298637055, 8206580.283040727488697 ], [ 569152.242421298637055, 8206550.283040727488697 ], [ 569182.242421298637055, 8206550.283040727488697 ], [ 569182.242421298637055, 8206580.283040727488697 ], [ 569152.242421298637055, 8206580.283040727488697 ] ] ] } },
{ "type": "Feature", "properties": { "ano": 2010, "camada": "agua", "area_km2": 0.0009 }, "geometry": { "type": "Polygon", "coordinates": [ [ [ 569242.242421298637055, 8206520.283040727488697 ], [ 569242.242421298637055, 8206490.283040727488697 ], [ 569272.242421298637055, 8206490.283040727488697 ], [ 569272.242421298637055, 8206520.283040727488697 ], [ 569242.242421298637055, 8206520.283040727488697 ] ] ] } },
{ "type": "Feature", "properties": { "ano": 2010, "camada": "agua", "area_km2": 0.0045 }, "geometry": { "type": "Polygon", "coordinates": [ [ [ 568252.242421298637055, 8206520.283040727488697 ], [ 568252.242421298637055, 8206460.283040727488697 ], [ 568342.242421298637055, 8206460.283040727488697 ], [ 568342.242421298637055, 8206490.283040727488697 ], [ 568312.242421298637055, 8206490.283040727488697 ], [ 568312.242421298637055, 8206520.283040727488697 ], [ 568252.242421298637055, 8206520.283040727488697 ] ] ] } },
{ "type": "Feature", "properties": { "ano": 2010, "camada": "agua", "area_km2": 0.0009 }, "geometry": { "type": "Polygon", "coordinates": [ [ [ 569422.242421298637055, 8206460.283040727488697 ], [ 569422.242421298637055, 8206430.283040727488697 ], [ 569452.242421298637055, 8206430.283040727488697 ], [ 569452.242421298637055, 8206460.283040727488697 ], [ 569422.242421298637055, 8206460.283040727488697 ] ] ] } },
{ "type": "Feature", "properties": { "ano": 2010, "camada": "agua", "area_km2": 0.0009 }, "geometry": { "type": "Polygon", "coordinates": [ [ [ 567682.242421298637055, 8206430.283040727488697 ], [ 567682.242421298637055, 8206400.283040727488697 ], [ 567712.242421298637055, 8206400.283040727488697 ], [ 567712.242421298637055, 8206430.283040727488697 ], [ 567682.242421298637055, 8206430.283040727488697 ] ] ] } },
{ "type": "Feature", "properties": { "ano": 2010, "camada": "agua", "area_km2": 0.0009 }, "geometry": { "type": "Polygon", "coordinates": [ [ [ 568252.242421298637055, 8206430.283040727488697 ], [ 568252.242421298637055, 8206400.283040727488697 ], [ 568282.242421298637055, 8206400.283040727488697 ], [ 568282.242421298637055, 8206430.283040727488697 ], [ 568252.242421298637055, 8206430.283040727488697 ] ] ] } },
{ "type": "Feature", "properties": { "ano": 2010, "camada": "agua", "area_km2": 0.0009 }, "geometry": { "type": "Polygon", "coordinates": [ [ [ 569302.242421298637055, 8206430.283040727488697 ], [ 569302.242421298637055, 8206400.283040727488697 ], [ 569332.242421298637055, 8206400.283040727488697 ], [ 569332.242421298637055, 8206430.283040727488697 ], [ 569302.242421298637055, 8206430.283040727488697 ] ] ] } },
{ "type": "Feature", "properties": { "ano": 2010, "camada": "agua", "area_km2": 0.0018 }, "geometry": { "type": "Polygon", "coordinates": [ [ [ 569452.242421298637055, 8206430.283040727488697 ], [ 569452.242421298637055, 8206370.283040727488697 ], [ 569482.242421298637055, 8206370.283040727488697 ], [ 569482.242421298637055, 8206430.283040727488697 ], [ 569452.242421298637055, 8206430.283040727488697 ] ] ] } },
{ "type": "Feature", "properties": { "ano": 2010, "camada": "agua", "area_km2": 0.0009 }, "geometry": { "type": "Polygon", "coordinates": [ [ [ 567712.242421298637055, 8206400.283040727488697 ], [ 567712.242421298637055, 8206370.283040727488697 ], [ 567742.242421298637055, 8206370.283040727488697 ], [ 567742.242421298637055, 8206400.283040727488697 ], [ 567712.242421298637055, 8206400.283040727488697 ] ] ] } },
{ "type": "Feature", "properties": { "ano": 2010, "camada": "agua", "area_km2": 0.0009 }, "geometry": { "type": "Polygon", "coordinates": [ [ [ 568282.242421298637055, 8206400.283040727488697 ], [ 568282.242421298637055, 8206370.283040727488697 ], [ 568312.242421298637055, 8206370.283040727488697 ], [ 568312.242421298637055, 8206400.283040727488697 ], [ 568282.242421298637055, 8206400.283040727488697 ] ] ] } },
{ "type": "Feature", "properties": { "ano": 2010, "camada": "agua", "area_km2": 0.0009 }, "geometry": { "type": "Polygon", "coordinates": [ [ [ 567742.242421298637055, 8206370.283040727488697 ], [ 567742.242421298637055, 8206340.283040727488697 ], [ 567772.242421298637055, 8206340.283040727488697 ], [ 567772.242421298637055, 8206370.283040727488697 ], [ 567742.242421298637055, 8206370.283040727488697 ] ] ] } },
{ "type": "Feature", "properties": { "ano": 2010, "camada": "agua", "area_km2": 0.0027 }, "geometry": { "type": "Polygon", "coordinates": [ [ [ 568342.242421298637055, 8206370.283040727488697 ], [ 568342.242421298637055, 8206340.283040727488697 ], [ 568432.242421298637055, 8206340.283040727488697 ], [ 568432.242421298637055, 8206370.283040727488697 ], [ 568342.242421298637055, 8206370.283040727488697 ] ] ] } },
{ "type": "Feature", "properties": { "ano": 2010, "camada": "agua", "area_km2": 0.0009 }, "geometry": { "type": "Polygon", "coordinates": [ [ [ 568792.242421298637055, 8206220.283040727488697 ], [ 568792.242421298637055, 8206190.283040727488697 ], [ 568822.242421298637055, 8206190.283040727488697 ], [ 568822.242421298637055, 8206220.283040727488697 ], [ 568792.242421298637055, 8206220.283040727488697 ] ] ] } },
{ "type": "Feature", "properties": { "ano": 2010, "camada": "agua", "area_km2": 0.0009 }, "geometry": { "type": "Polygon", "coordinates": [ [ [ 568822.242421298637055, 8206190.283040727488697 ], [ 568822.242421298637055, 8206160.283040727488697 ], [ 568852.242421298637055, 8206160.283040727488697 ], [ 568852.242421298637055, 8206190.283040727488697 ], [ 568822.242421298637055, 8206190.283040727488697 ] ] ] } },
{ "type": "Feature", "properties": { "ano": 2010, "camada": "agua", "area_km2": 0.0009 }, "geometry": { "type": "Polygon", "coordinates": [ [ [ 568852.242421298637055, 8206160.283040727488697 ], [ 568852.242421298637055, 8206130.283040727488697 ], [ 568882.242421298637055, 8206130.283040727488697 ], [ 568882.242421298637055, 8206160.283040727488697 ], [ 568852.242421298637055, 8206160.283040727488697 ] ] ] } },
{ "type": "Feature", "properties": { "ano": 2010, "camada": "agua", "area_km2": 0.0009 }, "geometry": { "type": "Polygon", "coordinates": [ [ [ 569542.242421298637055, 8206130.283040727488697 ], [ 569542.242421298637055, 8206100.283040727488697 ], [ 569572.242421298637055, 8206100.283040727488697 ], [ 569572.242421298637055, 8206130.283040727488697 ], [ 569542.242421298637055, 8206130.283040727488697 ] ] ] } },
{ "type": "Feature", "properties": { "ano": 2010, "camada": "agua", "area_km2": 0.0009 }, "geometry": { "type": "Polygon", "coordinates": [ [ [ 569722.242421298637055, 8206130.283040727488697 ], [ 569722.242421298637055, 8206100.283040727488697 ], [ 569752.242421298637055, 8206100.283040727488697 ], [ 569752.242421298637055, 8206130.283040727488697 ], [ 569722.242421298637055, 8206130.283040727488697 ] ] ] } },
{ "type": "Feature", "properties": { "ano": 2010, "camada": "agua", "area_km2": 0.0036 }, "geometry": { "type": "Polygon", "coordinates": [ [ [ 569062.242421298637055, 8206160.283040727488697 ], [ 569062.242421298637055, 8206070.283040727488697 ], [ 569092.242421298637055, 8206070.283040727488697 ], [ 569092.242421298637055, 8206100.283040727488697 ], [ 569122.242421298637055, 8206100.283040727488697 ], [ 569122.242421298637055, 8206130.283040727488697 ], [ 569092.242421298637055, 8206130.283040727488697 ], [ 569092.242421298637055, 8206160.283040727488697 ], [ 569062.242421298637055, 8206160.283040727488697 ] ] ] } },
{ "type": "Feature", "properties": { "ano": 2010, "camada": "agua", "area_km2": 0.0009 }, "geometry": { "type": "Polygon", "coordinates": [ [ [ 569752.242421298637055, 8206100.283040727488697 ], [ 569752.242421298637055, 8206070.283040727488697 ], [ 569782.242421298637055, 8206070.283040727488697 ], [ 569782.242421298637055, 8206100.283040727488697 ], [ 569752.242421298637055, 8206100.283040727488697 ] ] ] } },
{ "type": "Feature", "properties": { "ano": 2010, "camada": "agua", "area_km2": 0.0009 }, "geometry": { "type": "Polygon", "coordinates": [ [ [ 569032.242421298637055, 8206070.283040727488697 ], [ 569032.242421298637055, 8206040.283040727488697 ], [ 569062.242421298637055, 8206040.283040727488697 ], [ 569062.242421298637055, 8206070.283040727488697 ], [ 569032.242421298637055, 8206070.283040727488697 ] ] ] } },
{ "type": "Feature", "properties": { "ano": 2010, "camada": "agua", "area_km2": 0.0009 }, "geometry": { "type": "Polygon", "coordinates": [ [ [ 569782.242421298637055, 8206070.283040727488697 ], [ 569782.242421298637055, 8206040.283040727488697 ], [ 569812.242421298637055, 8206040.283040727488697 ], [ 569812.242421298637055, 8206070.283040727488697 ], [ 569782.242421298637055, 8206070.283040727488697 ] ] ] } },
{ "type": "Feature", "properties": { "ano": 2010, "camada": "agua", "area_km2": 0.0009 }, "geometry": { "type": "Polygon", "coordinates": [ [ [ 569182.242421298637055, 8206040.283040727488697 ], [ 569182.242421298637055, 8206010.283040727488697 ], [ 569212.242421298637055, 8206010.283040727488697 ], [ 569212.242421298637055, 8206040.283040727488697 ], [ 569182.242421298637055, 8206040.283040727488697 ] ] ] } },
{ "type": "Feature", "properties": { "ano": 2010, "camada": "agua", "area_km2": 0.0009 }, "geometry": { "type": "Polygon", "coordinates": [ [ [ 569662.242421298637055, 8206010.283040727488697 ], [ 569662.242421298637055, 8205980.283040727488697 ], [ 569692.242421298637055, 8205980.283040727488697 ], [ 569692.242421298637055, 8206010.283040727488697 ], [ 569662.242421298637055, 8206010.283040727488697 ] ] ] } },
{ "type": "Feature", "properties": { "ano": 2010, "camada": "agua", "area_km2": 0.0009 }, "geometry": { "type": "Polygon", "coordinates": [ [ [ 568012.242421298637055, 8205950.283040727488697 ], [ 568012.242421298637055, 8205920.283040727488697 ], [ 568042.242421298637055, 8205920.283040727488697 ], [ 568042.242421298637055, 8205950.283040727488697 ], [ 568012.242421298637055, 8205950.283040727488697 ] ] ] } },
{ "type": "Feature", "properties": { "ano": 2010, "camada": "agua", "area_km2": 0.0009 }, "geometry": { "type": "Polygon", "coordinates": [ [ [ 569842.242421298637055, 8205950.283040727488697 ], [ 569842.242421298637055, 8205920.283040727488697 ], [ 569872.242421298637055, 8205920.283040727488697 ], [ 569872.242421298637055, 8205950.283040727488697 ], [ 569842.242421298637055, 8205950.283040727488697 ] ] ] } },
{ "type": "Feature", "properties": { "ano": 2010, "camada": "agua", "area_km2": 0.0009 }, "geometry": { "type": "Polygon", "coordinates": [ [ [ 569242.242421298637055, 8205920.283040727488697 ], [ 569242.242421298637055, 8205890.283040727488697 ], [ 569272.242421298637055, 8205890.283040727488697 ], [ 569272.242421298637055, 8205920.283040727488697 ], [ 569242.242421298637055, 8205920.283040727488697 ] ] ] } },
{ "type": "Feature", "properties": { "ano": 2010, "camada": "agua", "area_km2": 0.0009 }, "geometry": { "type": "Polygon", "coordinates": [ [ [ 568042.242421298637055, 8205890.283040727488697 ], [ 568042.242421298637055, 8205860.283040727488697 ], [ 568072.242421298637055, 8205860.283040727488697 ], [ 568072.242421298637055, 8205890.283040727488697 ], [ 568042.242421298637055, 8205890.283040727488697 ] ] ] } },
{ "type": "Feature", "properties": { "ano": 2010, "camada": "agua", "area_km2": 0.0009 }, "geometry": { "type": "Polygon", "coordinates": [ [ [ 568072.242421298637055, 8205860.283040727488697 ], [ 568072.242421298637055, 8205830.283040727488697 ], [ 568102.242421298637055, 8205830.283040727488697 ], [ 568102.242421298637055, 8205860.283040727488697 ], [ 568072.242421298637055, 8205860.283040727488697 ] ] ] } },
{ "type": "Feature", "properties": { "ano": 2010, "camada": "agua", "area_km2": 0.0009 }, "geometry": { "type": "Polygon", "coordinates": [ [ [ 569902.242421298637055, 8205860.283040727488697 ], [ 569902.242421298637055, 8205830.283040727488697 ], [ 569932.242421298637055, 8205830.283040727488697 ], [ 569932.242421298637055, 8205860.283040727488697 ], [ 569902.242421298637055, 8205860.283040727488697 ] ] ] } },
{ "type": "Feature", "properties": { "ano": 2010, "camada": "agua", "area_km2": 0.0009 }, "geometry": { "type": "Polygon", "coordinates": [ [ [ 569932.242421298637055, 8205800.283040727488697 ], [ 569932.242421298637055, 8205770.283040727488697 ], [ 569962.242421298637055, 8205770.283040727488697 ], [ 569962.242421298637055, 8205800.283040727488697 ], [ 569932.242421298637055, 8205800.283040727488697 ] ] ] } },
{ "type": "Feature", "properties": { "ano": 2010, "camada": "agua", "area_km2": 0.0009 }, "geometry": { "type": "Polygon", "coordinates": [ [ [ 569962.242421298637055, 8205770.283040727488697 ], [ 569962.242421298637055, 8205740.283040727488697 ], [ 569992.242421298637055, 8205740.283040727488697 ], [ 569992.242421298637055, 8205770.283040727488697 ], [ 569962.242421298637055, 8205770.283040727488697 ] ] ] } },
{ "type": "Feature", "properties": { "ano": 2010, "camada": "agua", "area_km2": 0.0009 }, "geometry": { "type": "Polygon", "coordinates": [ [ [ 568282.242421298637055, 8205740.283040727488697 ], [ 568282.242421298637055, 8205710.283040727488697 ], [ 568312.242421298637055, 8205710.283040727488697 ], [ 568312.242421298637055, 8205740.283040727488697 ], [ 568282.242421298637055, 8205740.283040727488697 ] ] ] } },
{ "type": "Feature", "properties": { "ano": 2010, "camada": "agua", "area_km2": 0.0009 }, "geometry": { "type": "Polygon", "coordinates": [ [ [ 569272.242421298637055, 8205740.283040727488697 ], [ 569272.242421298637055, 8205710.283040727488697 ], [ 569302.242421298637055, 8205710.283040727488697 ], [ 569302.242421298637055, 8205740.283040727488697 ], [ 569272.242421298637055, 8205740.283040727488697 ] ] ] } },
{ "type": "Feature", "properties": { "ano": 2010, "camada": "agua", "area_km2": 0.0009 }, "geometry": { "type": "Polygon", "coordinates": [ [ [ 569992.242421298637055, 8205740.283040727488697 ], [ 569992.242421298637055, 8205710.283040727488697 ], [ 570022.242421298637055, 8205710.283040727488697 ], [ 570022.242421298637055, 8205740.283040727488697 ], [ 569992.242421298637055, 8205740.283040727488697 ] ] ] } },
{ "type": "Feature", "properties": { "ano": 2010, "camada": "agua", "area_km2": 0.0009 }, "geometry": { "type": "Polygon", "coordinates": [ [ [ 568342.242421298637055, 8205710.283040727488697 ], [ 568342.242421298637055, 8205680.283040727488697 ], [ 568372.242421298637055, 8205680.283040727488697 ], [ 568372.242421298637055, 8205710.283040727488697 ], [ 568342.242421298637055, 8205710.283040727488697 ] ] ] } },
{ "type": "Feature", "properties": { "ano": 2010, "camada": "agua", "area_km2": 0.0009 }, "geometry": { "type": "Polygon", "coordinates": [ [ [ 570022.242421298637055, 8205710.283040727488697 ], [ 570022.242421298637055, 8205680.283040727488697 ], [ 570052.242421298637055, 8205680.283040727488697 ], [ 570052.242421298637055, 8205710.283040727488697 ], [ 570022.242421298637055, 8205710.283040727488697 ] ] ] } },
{ "type": "Feature", "properties": { "ano": 2010, "camada": "agua", "area_km2": 0.0009 }, "geometry": { "type": "Polygon", "coordinates": [ [ [ 568402.242421298637055, 8205680.283040727488697 ], [ 568402.242421298637055, 8205650.283040727488697 ], [ 568432.242421298637055, 8205650.283040727488697 ], [ 568432.242421298637055, 8205680.283040727488697 ], [ 568402.242421298637055, 8205680.283040727488697 ] ] ] } },
{ "type": "Feature", "properties": { "ano": 2010, "camada": "agua", "area_km2": 0.0009 }, "geometry": { "type": "Polygon", "coordinates": [ [ [ 569302.242421298637055, 8205680.283040727488697 ], [ 569302.242421298637055, 8205650.283040727488697 ], [ 569332.242421298637055, 8205650.283040727488697 ], [ 569332.242421298637055, 8205680.283040727488697 ], [ 569302.242421298637055, 8205680.283040727488697 ] ] ] } },
{ "type": "Feature", "properties": { "ano": 2010, "camada": "agua", "area_km2": 0.0009 }, "geometry": { "type": "Polygon", "coordinates": [ [ [ 568432.242421298637055, 8205650.283040727488697 ], [ 568432.242421298637055, 8205620.283040727488697 ], [ 568462.242421298637055, 8205620.283040727488697 ], [ 568462.242421298637055, 8205650.283040727488697 ], [ 568432.242421298637055, 8205650.283040727488697 ] ] ] } },
{ "type": "Feature", "properties": { "ano": 2010, "camada": "agua", "area_km2": 0.0009 }, "geometry": { "type": "Polygon", "coordinates": [ [ [ 568462.242421298637055, 8205620.283040727488697 ], [ 568462.242421298637055, 8205590.283040727488697 ], [ 568492.242421298637055, 8205590.283040727488697 ], [ 568492.242421298637055, 8205620.283040727488697 ], [ 568462.242421298637055, 8205620.283040727488697 ] ] ] } },
{ "type": "Feature", "properties": { "ano": 2010, "camada": "agua", "area_km2": 0.0009 }, "geometry": { "type": "Polygon", "coordinates": [ [ [ 569872.242421298637055, 8205620.283040727488697 ], [ 569872.242421298637055, 8205590.283040727488697 ], [ 569902.242421298637055, 8205590.283040727488697 ], [ 569902.242421298637055, 8205620.283040727488697 ], [ 569872.242421298637055, 8205620.283040727488697 ] ] ] } },
{ "type": "Feature", "properties": { "ano": 2010, "camada": "agua", "area_km2": 0.0009 }, "geometry": { "type": "Polygon", "coordinates": [ [ [ 569932.242421298637055, 8205530.283040727488697 ], [ 569932.242421298637055, 8205500.283040727488697 ], [ 569962.242421298637055, 8205500.283040727488697 ], [ 569962.242421298637055, 8205530.283040727488697 ], [ 569932.242421298637055, 8205530.283040727488697 ] ] ] } },
{ "type": "Feature", "properties": { "ano": 2010, "camada": "agua", "area_km2": 0.0009 }, "geometry": { "type": "Polygon", "coordinates": [ [ [ 569332.242421298637055, 8205500.283040727488697 ], [ 569332.242421298637055, 8205470.283040727488697 ], [ 569362.242421298637055, 8205470.283040727488697 ], [ 569362.242421298637055, 8205500.283040727488697 ], [ 569332.242421298637055, 8205500.283040727488697 ] ] ] } },
{ "type": "Feature", "properties": { "ano": 2010, "camada": "agua", "area_km2": 0.0009 }, "geometry": { "type": "Polygon", "coordinates": [ [ [ 569362.242421298637055, 8205440.283040727488697 ], [ 569362.242421298637055, 8205410.283040727488697 ], [ 569392.242421298637055, 8205410.283040727488697 ], [ 569392.242421298637055, 8205440.283040727488697 ], [ 569362.242421298637055, 8205440.283040727488697 ] ] ] } },
{ "type": "Feature", "properties": { "ano": 2010, "camada": "agua", "area_km2": 0.0009 }, "geometry": { "type": "Polygon", "coordinates": [ [ [ 568612.242421298637055, 8205410.283040727488697 ], [ 568612.242421298637055, 8205380.283040727488697 ], [ 568642.242421298637055, 8205380.283040727488697 ], [ 568642.242421298637055, 8205410.283040727488697 ], [ 568612.242421298637055, 8205410.283040727488697 ] ] ] } },
{ "type": "Feature", "properties": { "ano": 2010, "camada": "agua", "area_km2": 0.0009 }, "geometry": { "type": "Polygon", "coordinates": [ [ [ 570322.242421298637055, 8205410.283040727488697 ], [ 570322.242421298637055, 8205380.283040727488697 ], [ 570352.242421298637055, 8205380.283040727488697 ], [ 570352.242421298637055, 8205410.283040727488697 ], [ 570322.242421298637055, 8205410.283040727488697 ] ] ] } },
{ "type": "Feature", "properties": { "ano": 2010, "camada": "agua", "area_km2": 0.0009 }, "geometry": { "type": "Polygon", "coordinates": [ [ [ 568642.242421298637055, 8205380.283040727488697 ], [ 568642.242421298637055, 8205350.283040727488697 ], [ 568672.242421298637055, 8205350.283040727488697 ], [ 568672.242421298637055, 8205380.283040727488697 ], [ 568642.242421298637055, 8205380.283040727488697 ] ] ] } },
{ "type": "Feature", "properties": { "ano": 2010, "camada": "agua", "area_km2": 0.0009 }, "geometry": { "type": "Polygon", "coordinates": [ [ [ 569392.242421298637055, 8205380.283040727488697 ], [ 569392.242421298637055, 8205350.283040727488697 ], [ 569422.242421298637055, 8205350.283040727488697 ], [ 569422.242421298637055, 8205380.283040727488697 ], [ 569392.242421298637055, 8205380.283040727488697 ] ] ] } },
{ "type": "Feature", "properties": { "ano": 2010, "camada": "agua", "area_km2": 0.0009 }, "geometry": { "type": "Polygon", "coordinates": [ [ [ 570352.242421298637055, 8205380.283040727488697 ], [ 570352.242421298637055, 8205350.283040727488697 ], [ 570382.242421298637055, 8205350.283040727488697 ], [ 570382.242421298637055, 8205380.283040727488697 ], [ 570352.242421298637055, 8205380.283040727488697 ] ] ] } },
{ "type": "Feature", "properties": { "ano": 2010, "camada": "agua", "area_km2": 0.0009 }, "geometry": { "type": "Polygon", "coordinates": [ [ [ 570052.242421298637055, 8205350.283040727488697 ], [ 570052.242421298637055, 8205320.283040727488697 ], [ 570082.242421298637055, 8205320.283040727488697 ], [ 570082.242421298637055, 8205350.283040727488697 ], [ 570052.242421298637055, 8205350.283040727488697 ] ] ] } },
{ "type": "Feature", "properties": { "ano": 2010, "camada": "agua", "area_km2": 0.0009 }, "geometry": { "type": "Polygon", "coordinates": [ [ [ 569422.242421298637055, 8205320.283040727488697 ], [ 569422.242421298637055, 8205290.283040727488697 ], [ 569452.242421298637055, 8205290.283040727488697 ], [ 569452.242421298637055, 8205320.283040727488697 ], [ 569422.242421298637055, 8205320.283040727488697 ] ] ] } },
{ "type": "Feature", "properties": { "ano": 2010, "camada": "agua", "area_km2": 0.0009 }, "geometry": { "type": "Polygon", "coordinates": [ [ [ 568702.242421298637055, 8205260.283040727488697 ], [ 568702.242421298637055, 8205230.283040727488697 ], [ 568732.242421298637055, 8205230.283040727488697 ], [ 568732.242421298637055, 8205260.283040727488697 ], [ 568702.242421298637055, 8205260.283040727488697 ] ] ] } },
{ "type": "Feature", "properties": { "ano": 2010, "camada": "agua", "area_km2": 0.0009 }, "geometry": { "type": "Polygon", "coordinates": [ [ [ 568732.242421298637055, 8205230.283040727488697 ], [ 568732.242421298637055, 8205200.283040727488697 ], [ 568762.242421298637055, 8205200.283040727488697 ], [ 568762.242421298637055, 8205230.283040727488697 ], [ 568732.242421298637055, 8205230.283040727488697 ] ] ] } },
{ "type": "Feature", "properties": { "ano": 2010, "camada": "agua", "area_km2": 0.0009 }, "geometry": { "type": "Polygon", "coordinates": [ [ [ 569482.242421298637055, 8205230.283040727488697 ], [ 569482.242421298637055, 8205200.283040727488697 ], [ 569512.242421298637055, 8205200.283040727488697 ], [ 569512.242421298637055, 8205230.283040727488697 ], [ 569482.242421298637055, 8205230.283040727488697 ] ] ] } },
{ "type": "Feature", "properties": { "ano": 2010, "camada": "agua", "area_km2": 0.0018 }, "geometry": { "type": "Polygon", "coordinates": [ [ [ 569872.242421298637055, 8205230.283040727488697 ], [ 569872.242421298637055, 8205200.283040727488697 ], [ 569932.242421298637055, 8205200.283040727488697 ], [ 569932.242421298637055, 8205230.283040727488697 ], [ 569872.242421298637055, 8205230.283040727488697 ] ] ] } },
{ "type": "Feature", "properties": { "ano": 2010, "camada": "agua", "area_km2": 0.0009 }, "geometry": { "type": "Polygon", "coordinates": [ [ [ 570022.242421298637055, 8205230.283040727488697 ], [ 570022.242421298637055, 8205200.283040727488697 ], [ 570052.242421298637055, 8205200.283040727488697 ], [ 570052.242421298637055, 8205230.283040727488697 ], [ 570022.242421298637055, 8205230.283040727488697 ] ] ] } },
{ "type": "Feature", "properties": { "ano": 2010, "camada": "agua", "area_km2": 0.0009 }, "geometry": { "type": "Polygon", "coordinates": [ [ [ 569512.242421298637055, 8205200.283040727488697 ], [ 569512.242421298637055, 8205170.283040727488697 ], [ 569542.242421298637055, 8205170.283040727488697 ], [ 569542.242421298637055, 8205200.283040727488697 ], [ 569512.242421298637055, 8205200.283040727488697 ] ] ] } },
{ "type": "Feature", "properties": { "ano": 2010, "camada": "agua", "area_km2": 0.0027 }, "geometry": { "type": "Polygon", "coordinates": [ [ [ 569722.242421298637055, 8205200.283040727488697 ], [ 569722.242421298637055, 8205170.283040727488697 ], [ 569812.242421298637055, 8205170.283040727488697 ], [ 569812.242421298637055, 8205200.283040727488697 ], [ 569722.242421298637055, 8205200.283040727488697 ] ] ] } },
{ "type": "Feature", "properties": { "ano": 2010, "camada": "agua", "area_km2": 0.0009 }, "geometry": { "type": "Polygon", "coordinates": [ [ [ 570142.242421298637055, 8205170.283040727488697 ], [ 570142.242421298637055, 8205140.283040727488697 ], [ 570172.242421298637055, 8205140.283040727488697 ], [ 570172.242421298637055, 8205170.283040727488697 ], [ 570142.242421298637055, 8205170.283040727488697 ] ] ] } },
{ "type": "Feature", "properties": { "ano": 2010, "camada": "agua", "area_km2": 0.0018 }, "geometry": { "type": "Polygon", "coordinates": [ [ [ 569572.242421298637055, 8205170.283040727488697 ], [ 569572.242421298637055, 8205110.283040727488697 ], [ 569602.242421298637055, 8205110.283040727488697 ], [ 569602.242421298637055, 8205170.283040727488697 ], [ 569572.242421298637055, 8205170.283040727488697 ] ] ] } },
{ "type": "Feature", "properties": { "ano": 2010, "camada": "agua", "area_km2": 0.0009 }, "geometry": { "type": "Polygon", "coordinates": [ [ [ 570172.242421298637055, 8205110.283040727488697 ], [ 570172.242421298637055, 8205080.283040727488697 ], [ 570202.242421298637055, 8205080.283040727488697 ], [ 570202.242421298637055, 8205110.283040727488697 ], [ 570172.242421298637055, 8205110.283040727488697 ] ] ] } },
{ "type": "Feature", "properties": { "ano": 2010, "camada": "agua", "area_km2": 0.0009 }, "geometry": { "type": "Polygon", "coordinates": [ [ [ 568852.242421298637055, 8205050.283040727488697 ], [ 568852.242421298637055, 8205020.283040727488697 ], [ 568882.242421298637055, 8205020.283040727488697 ], [ 568882.242421298637055, 8205050.283040727488697 ], [ 568852.242421298637055, 8205050.283040727488697 ] ] ] } },
{ "type": "Feature", "properties": { "ano": 2010, "camada": "agua", "area_km2": 0.0018 }, "geometry": { "type": "Polygon", "coordinates": [ [ [ 569572.242421298637055, 8205050.283040727488697 ], [ 569572.242421298637055, 8204990.283040727488697 ], [ 569602.242421298637055, 8204990.283040727488697 ], [ 569602.242421298637055, 8205050.283040727488697 ], [ 569572.242421298637055, 8205050.283040727488697 ] ] ] } },
{ "type": "Feature", "properties": { "ano": 2010, "camada": "agua", "area_km2": 0.0009 }, "geometry": { "type": "Polygon", "coordinates": [ [ [ 570562.242421298637055, 8205020.283040727488697 ], [ 570562.242421298637055, 8204990.283040727488697 ], [ 570592.242421298637055, 8204990.283040727488697 ], [ 570592.242421298637055, 8205020.283040727488697 ], [ 570562.242421298637055, 8205020.283040727488697 ] ] ] } },
{ "type": "Feature", "properties": { "ano": 2010, "camada": "agua", "area_km2": 0.0027 }, "geometry": { "type": "Polygon", "coordinates": [ [ [ 570232.242421298637055, 8205050.283040727488697 ], [ 570232.242421298637055, 8204960.283040727488697 ], [ 570262.242421298637055, 8204960.283040727488697 ], [ 570262.242421298637055, 8205050.283040727488697 ], [ 570232.242421298637055, 8205050.283040727488697 ] ] ] } },
{ "type": "Feature", "properties": { "ano": 2010, "camada": "agua", "area_km2": 0.0009 }, "geometry": { "type": "Polygon", "coordinates": [ [ [ 568882.242421298637055, 8204990.283040727488697 ], [ 568882.242421298637055, 8204960.283040727488697 ], [ 568912.242421298637055, 8204960.283040727488697 ], [ 568912.242421298637055, 8204990.283040727488697 ], [ 568882.242421298637055, 8204990.283040727488697 ] ] ] } },
{ "type": "Feature", "properties": { "ano": 2010, "camada": "agua", "area_km2": 0.0009 }, "geometry": { "type": "Polygon", "coordinates": [ [ [ 570532.242421298637055, 8204990.283040727488697 ], [ 570532.242421298637055, 8204960.283040727488697 ], [ 570562.242421298637055, 8204960.283040727488697 ], [ 570562.242421298637055, 8204990.283040727488697 ], [ 570532.242421298637055, 8204990.283040727488697 ] ] ] } },
{ "type": "Feature", "properties": { "ano": 2010, "camada": "agua", "area_km2": 0.0018 }, "geometry": { "type": "Polygon", "coordinates": [ [ [ 569602.242421298637055, 8204990.283040727488697 ], [ 569602.242421298637055, 8204930.283040727488697 ], [ 569632.242421298637055, 8204930.283040727488697 ], [ 569632.242421298637055, 8204990.283040727488697 ], [ 569602.242421298637055, 8204990.283040727488697 ] ] ] } },
{ "type": "Feature", "properties": { "ano": 2010, "camada": "agua", "area_km2": 0.0009 }, "geometry": { "type": "Polygon", "coordinates": [ [ [ 570262.242421298637055, 8204960.283040727488697 ], [ 570262.242421298637055, 8204930.283040727488697 ], [ 570292.242421298637055, 8204930.283040727488697 ], [ 570292.242421298637055, 8204960.283040727488697 ], [ 570262.242421298637055, 8204960.283040727488697 ] ] ] } },
{ "type": "Feature", "properties": { "ano": 2010, "camada": "agua", "area_km2": 0.0009 }, "geometry": { "type": "Polygon", "coordinates": [ [ [ 570292.242421298637055, 8204930.283040727488697 ], [ 570292.242421298637055, 8204900.283040727488697 ], [ 570322.242421298637055, 8204900.283040727488697 ], [ 570322.242421298637055, 8204930.283040727488697 ], [ 570292.242421298637055, 8204930.283040727488697 ] ] ] } },
{ "type": "Feature", "properties": { "ano": 2010, "camada": "agua", "area_km2": 0.0009 }, "geometry": { "type": "Polygon", "coordinates": [ [ [ 568942.242421298637055, 8204900.283040727488697 ], [ 568942.242421298637055, 8204870.283040727488697 ], [ 568972.242421298637055, 8204870.283040727488697 ], [ 568972.242421298637055, 8204900.283040727488697 ], [ 568942.242421298637055, 8204900.283040727488697 ] ] ] } },
{ "type": "Feature", "properties": { "ano": 2010, "camada": "agua", "area_km2": 0.0009 }, "geometry": { "type": "Polygon", "coordinates": [ [ [ 570352.242421298637055, 8204870.283040727488697 ], [ 570352.242421298637055, 8204840.283040727488697 ], [ 570382.242421298637055, 8204840.283040727488697 ], [ 570382.242421298637055, 8204870.283040727488697 ], [ 570352.242421298637055, 8204870.283040727488697 ] ] ] } },
{ "type": "Feature", "properties": { "ano": 2010, "camada": "agua", "area_km2": 0.0018 }, "geometry": { "type": "Polygon", "coordinates": [ [ [ 569632.242421298637055, 8204840.283040727488697 ], [ 569632.242421298637055, 8204780.283040727488697 ], [ 569662.242421298637055, 8204780.283040727488697 ], [ 569662.242421298637055, 8204840.283040727488697 ], [ 569632.242421298637055, 8204840.283040727488697 ] ] ] } },
{ "type": "Feature", "properties": { "ano": 2010, "camada": "agua", "area_km2": 0.0009 }, "geometry": { "type": "Polygon", "coordinates": [ [ [ 568972.242421298637055, 8204810.283040727488697 ], [ 568972.242421298637055, 8204780.283040727488697 ], [ 569002.242421298637055, 8204780.283040727488697 ], [ 569002.242421298637055, 8204810.283040727488697 ], [ 568972.242421298637055, 8204810.283040727488697 ] ] ] } },
{ "type": "Feature", "properties": { "ano": 2010, "camada": "agua", "area_km2": 0.0009 }, "geometry": { "type": "Polygon", "coordinates": [ [ [ 570412.242421298637055, 8204720.283040727488697 ], [ 570412.242421298637055, 8204690.283040727488697 ], [ 570442.242421298637055, 8204690.283040727488697 ], [ 570442.242421298637055, 8204720.283040727488697 ], [ 570412.242421298637055, 8204720.283040727488697 ] ] ] } },
{ "type": "Feature", "properties": { "ano": 2010, "camada": "agua", "area_km2": 0.0009 }, "geometry": { "type": "Polygon", "coordinates": [ [ [ 571012.242421298637055, 8204660.283040727488697 ], [ 571012.242421298637055, 8204630.283040727488697 ], [ 571042.242421298637055, 8204630.283040727488697 ], [ 571042.242421298637055, 8204660.283040727488697 ], [ 571012.242421298637055, 8204660.283040727488697 ] ] ] } },
{ "type": "Feature", "properties": { "ano": 2010, "camada": "agua", "area_km2": 0.0009 }, "geometry": { "type": "Polygon", "coordinates": [ [ [ 571402.242421298637055, 8204660.283040727488697 ], [ 571402.242421298637055, 8204630.283040727488697 ], [ 571432.242421298637055, 8204630.283040727488697 ], [ 571432.242421298637055, 8204660.283040727488697 ], [ 571402.242421298637055, 8204660.283040727488697 ] ] ] } },
{ "type": "Feature", "properties": { "ano": 2010, "camada": "agua", "area_km2": 0.0009 }, "geometry": { "type": "Polygon", "coordinates": [ [ [ 571582.242421298637055, 8204660.283040727488697 ], [ 571582.242421298637055, 8204630.283040727488697 ], [ 571612.242421298637055, 8204630.283040727488697 ], [ 571612.242421298637055, 8204660.283040727488697 ], [ 571582.242421298637055, 8204660.283040727488697 ] ] ] } },
{ "type": "Feature", "properties": { "ano": 2010, "camada": "agua", "area_km2": 0.0036 }, "geometry": { "type": "Polygon", "coordinates": [ [ [ 570652.242421298637055, 8204660.283040727488697 ], [ 570652.242421298637055, 8204600.283040727488697 ], [ 570712.242421298637055, 8204600.283040727488697 ], [ 570712.242421298637055, 8204660.283040727488697 ], [ 570652.242421298637055, 8204660.283040727488697 ] ] ] } },
{ "type": "Feature", "properties": { "ano": 2010, "camada": "agua", "area_km2": 0.0009 }, "geometry": { "type": "Polygon", "coordinates": [ [ [ 571072.242421298637055, 8204630.283040727488697 ], [ 571072.242421298637055, 8204600.283040727488697 ], [ 571102.242421298637055, 8204600.283040727488697 ], [ 571102.242421298637055, 8204630.283040727488697 ], [ 571072.242421298637055, 8204630.283040727488697 ] ] ] } },
{ "type": "Feature", "properties": { "ano": 2010, "camada": "agua", "area_km2": 0.0018 }, "geometry": { "type": "Polygon", "coordinates": [ [ [ 569002.242421298637055, 8204630.283040727488697 ], [ 569002.242421298637055, 8204570.283040727488697 ], [ 569032.242421298637055, 8204570.283040727488697 ], [ 569032.242421298637055, 8204630.283040727488697 ], [ 569002.242421298637055, 8204630.283040727488697 ] ] ] } },
{ "type": "Feature", "properties": { "ano": 2010, "camada": "agua", "area_km2": 0.0009 }, "geometry": { "type": "Polygon", "coordinates": [ [ [ 570922.242421298637055, 8204600.283040727488697 ], [ 570922.242421298637055, 8204570.283040727488697 ], [ 570952.242421298637055, 8204570.283040727488697 ], [ 570952.242421298637055, 8204600.283040727488697 ], [ 570922.242421298637055, 8204600.283040727488697 ] ] ] } },
{ "type": "Feature", "properties": { "ano": 2010, "camada": "agua", "area_km2": 0.0009 }, "geometry": { "type": "Polygon", "coordinates": [ [ [ 571162.242421298637055, 8204600.283040727488697 ], [ 571162.242421298637055, 8204570.283040727488697 ], [ 571192.242421298637055, 8204570.283040727488697 ], [ 571192.242421298637055, 8204600.283040727488697 ], [ 571162.242421298637055, 8204600.283040727488697 ] ] ] } },
{ "type": "Feature", "properties": { "ano": 2010, "camada": "agua", "area_km2": 0.0009 }, "geometry": { "type": "Polygon", "coordinates": [ [ [ 570892.242421298637055, 8204570.283040727488697 ], [ 570892.242421298637055, 8204540.283040727488697 ], [ 570922.242421298637055, 8204540.283040727488697 ], [ 570922.242421298637055, 8204570.283040727488697 ], [ 570892.242421298637055, 8204570.283040727488697 ] ] ] } },
{ "type": "Feature", "properties": { "ano": 2010, "camada": "agua", "area_km2": 0.0009 }, "geometry": { "type": "Polygon", "coordinates": [ [ [ 571252.242421298637055, 8204570.283040727488697 ], [ 571252.242421298637055, 8204540.283040727488697 ], [ 571282.242421298637055, 8204540.283040727488697 ], [ 571282.242421298637055, 8204570.283040727488697 ], [ 571252.242421298637055, 8204570.283040727488697 ] ] ] } },
{ "type": "Feature", "properties": { "ano": 2010, "camada": "agua", "area_km2": 0.0009 }, "geometry": { "type": "Polygon", "coordinates": [ [ [ 571312.242421298637055, 8204570.283040727488697 ], [ 571312.242421298637055, 8204540.283040727488697 ], [ 571342.242421298637055, 8204540.283040727488697 ], [ 571342.242421298637055, 8204570.283040727488697 ], [ 571312.242421298637055, 8204570.283040727488697 ] ] ] } },
{ "type": "Feature", "properties": { "ano": 2010, "camada": "agua", "area_km2": 0.0009 }, "geometry": { "type": "Polygon", "coordinates": [ [ [ 569722.242421298637055, 8204540.283040727488697 ], [ 569722.242421298637055, 8204510.283040727488697 ], [ 569752.242421298637055, 8204510.283040727488697 ], [ 569752.242421298637055, 8204540.283040727488697 ], [ 569722.242421298637055, 8204540.283040727488697 ] ] ] } },
{ "type": "Feature", "properties": { "ano": 2010, "camada": "agua", "area_km2": 0.0009 }, "geometry": { "type": "Polygon", "coordinates": [ [ [ 570502.242421298637055, 8204540.283040727488697 ], [ 570502.242421298637055, 8204510.283040727488697 ], [ 570532.242421298637055, 8204510.283040727488697 ], [ 570532.242421298637055, 8204540.283040727488697 ], [ 570502.242421298637055, 8204540.283040727488697 ] ] ] } },
{ "type": "Feature", "properties": { "ano": 2010, "camada": "agua", "area_km2": 0.0018 }, "geometry": { "type": "Polygon", "coordinates": [ [ [ 570802.242421298637055, 8204540.283040727488697 ], [ 570802.242421298637055, 8204510.283040727488697 ], [ 570862.242421298637055, 8204510.283040727488697 ], [ 570862.242421298637055, 8204540.283040727488697 ], [ 570802.242421298637055, 8204540.283040727488697 ] ] ] } },
{ "type": "Feature", "properties": { "ano": 2010, "camada": "agua", "area_km2": 0.0063 }, "geometry": { "type": "Polygon", "coordinates": [ [ [ 571762.242421298637055, 8204570.283040727488697 ], [ 571762.242421298637055, 8204540.283040727488697 ], [ 571702.242421298637055, 8204540.283040727488697 ], [ 571702.242421298637055, 8204510.283040727488697 ], [ 571792.242421298637055, 8204510.283040727488697 ], [ 571792.242421298637055, 8204480.283040727488697 ], [ 571852.242421298637055, 8204480.283040727488697 ], [ 571852.242421298637055, 8204510.283040727488697 ], [ 571822.242421298637055, 8204510.283040727488697 ], [ 571822.242421298637055, 8204540.283040727488697 ], [ 571792.242421298637055, 8204540.283040727488697 ], [ 571792.242421298637055, 8204570.283040727488697 ], [ 571762.242421298637055, 8204570.283040727488697 ] ] ] } },
{ "type": "Feature", "properties": { "ano": 2010, "camada": "agua", "area_km2": 0.0009 }, "geometry": { "type": "Polygon", "coordinates": [ [ [ 569032.242421298637055, 8204510.283040727488697 ], [ 569032.242421298637055, 8204480.283040727488697 ], [ 569062.242421298637055, 8204480.283040727488697 ], [ 569062.242421298637055, 8204510.283040727488697 ], [ 569032.242421298637055, 8204510.283040727488697 ] ] ] } },
{ "type": "Feature", "properties": { "ano": 2010, "camada": "agua", "area_km2": 0.0063 }, "geometry": { "type": "Polygon", "coordinates": [ [ [ 570712.242421298637055, 8204540.283040727488697 ], [ 570712.242421298637055, 8204450.283040727488697 ], [ 570772.242421298637055, 8204450.283040727488697 ], [ 570772.242421298637055, 8204480.283040727488697 ], [ 570802.242421298637055, 8204480.283040727488697 ], [ 570802.242421298637055, 8204510.283040727488697 ], [ 570772.242421298637055, 8204510.283040727488697 ], [ 570772.242421298637055, 8204540.283040727488697 ], [ 570712.242421298637055, 8204540.283040727488697 ] ] ] } },
{ "type": "Feature", "properties": { "ano": 2010, "camada": "agua", "area_km2": 0.0018 }, "geometry": { "type": "Polygon", "coordinates": [ [ [ 571852.242421298637055, 8204480.283040727488697 ], [ 571852.242421298637055, 8204420.283040727488697 ], [ 571882.242421298637055, 8204420.283040727488697 ], [ 571882.242421298637055, 8204480.283040727488697 ], [ 571852.242421298637055, 8204480.283040727488697 ] ] ] } },
{ "type": "Feature", "properties": { "ano": 2010, "camada": "agua", "area_km2": 0.0009 }, "geometry": { "type": "Polygon", "coordinates": [ [ [ 569062.242421298637055, 8204450.283040727488697 ], [ 569062.242421298637055, 8204420.283040727488697 ], [ 569092.242421298637055, 8204420.283040727488697 ], [ 569092.242421298637055, 8204450.283040727488697 ], [ 569062.242421298637055, 8204450.283040727488697 ] ] ] } },
{ "type": "Feature", "properties": { "ano": 2010, "camada": "agua", "area_km2": 0.0009 }, "geometry": { "type": "Polygon", "coordinates": [ [ [ 570712.242421298637055, 8204420.283040727488697 ], [ 570712.242421298637055, 8204390.283040727488697 ], [ 570742.242421298637055, 8204390.283040727488697 ], [ 570742.242421298637055, 8204420.283040727488697 ], [ 570712.242421298637055, 8204420.283040727488697 ] ] ] } },
{ "type": "Feature", "properties": { "ano": 2010, "camada": "agua", "area_km2": 0.0018 }, "geometry": { "type": "Polygon", "coordinates": [ [ [ 571882.242421298637055, 8204420.283040727488697 ], [ 571882.242421298637055, 8204360.283040727488697 ], [ 571912.242421298637055, 8204360.283040727488697 ], [ 571912.242421298637055, 8204420.283040727488697 ], [ 571882.242421298637055, 8204420.283040727488697 ] ] ] } },
{ "type": "Feature", "properties": { "ano": 2010, "camada": "agua", "area_km2": 0.0009 }, "geometry": { "type": "Polygon", "coordinates": [ [ [ 569092.242421298637055, 8204390.283040727488697 ], [ 569092.242421298637055, 8204360.283040727488697 ], [ 569122.242421298637055, 8204360.283040727488697 ], [ 569122.242421298637055, 8204390.283040727488697 ], [ 569092.242421298637055, 8204390.283040727488697 ] ] ] } },
{ "type": "Feature", "properties": { "ano": 2010, "camada": "agua", "area_km2": 0.0027 }, "geometry": { "type": "Polygon", "coordinates": [ [ [ 571912.242421298637055, 8204360.283040727488697 ], [ 571912.242421298637055, 8204300.283040727488697 ], [ 571942.242421298637055, 8204300.283040727488697 ], [ 571942.242421298637055, 8204330.283040727488697 ], [ 571972.242421298637055, 8204330.283040727488697 ], [ 571972.242421298637055, 8204360.283040727488697 ], [ 571912.242421298637055, 8204360.283040727488697 ] ] ] } },
{ "type": "Feature", "properties": { "ano": 2010, "camada": "agua", "area_km2": 0.0009 }, "geometry": { "type": "Polygon", "coordinates": [ [ [ 569782.242421298637055, 8204300.283040727488697 ], [ 569782.242421298637055, 8204270.283040727488697 ], [ 569812.242421298637055, 8204270.283040727488697 ], [ 569812.242421298637055, 8204300.283040727488697 ], [ 569782.242421298637055, 8204300.283040727488697 ] ] ] } },
{ "type": "Feature", "properties": { "ano": 2010, "camada": "agua", "area_km2": 0.0009 }, "geometry": { "type": "Polygon", "coordinates": [ [ [ 572002.242421298637055, 8204270.283040727488697 ], [ 572002.242421298637055, 8204240.283040727488697 ], [ 572032.242421298637055, 8204240.283040727488697 ], [ 572032.242421298637055, 8204270.283040727488697 ], [ 572002.242421298637055, 8204270.283040727488697 ] ] ] } },
{ "type": "Feature", "properties": { "ano": 2010, "camada": "agua", "area_km2": 0.0009 }, "geometry": { "type": "Polygon", "coordinates": [ [ [ 569182.242421298637055, 8204240.283040727488697 ], [ 569182.242421298637055, 8204210.283040727488697 ], [ 569212.242421298637055, 8204210.283040727488697 ], [ 569212.242421298637055, 8204240.283040727488697 ], [ 569182.242421298637055, 8204240.283040727488697 ] ] ] } },
{ "type": "Feature", "properties": { "ano": 2010, "camada": "agua", "area_km2": 0.0027 }, "geometry": { "type": "Polygon", "coordinates": [ [ [ 572002.242421298637055, 8204210.283040727488697 ], [ 572002.242421298637055, 8204120.283040727488697 ], [ 572032.242421298637055, 8204120.283040727488697 ], [ 572032.242421298637055, 8204210.283040727488697 ], [ 572002.242421298637055, 8204210.283040727488697 ] ] ] } },
{ "type": "Feature", "properties": { "ano": 2010, "camada": "agua", "area_km2": 0.0018 }, "geometry": { "type": "Polygon", "coordinates": [ [ [ 570652.242421298637055, 8204180.283040727488697 ], [ 570652.242421298637055, 8204120.283040727488697 ], [ 570682.242421298637055, 8204120.283040727488697 ], [ 570682.242421298637055, 8204180.283040727488697 ], [ 570652.242421298637055, 8204180.283040727488697 ] ] ] } },
{ "type": "Feature", "properties": { "ano": 2010, "camada": "agua", "area_km2": 0.0009 }, "geometry": { "type": "Polygon", "coordinates": [ [ [ 569872.242421298637055, 8204150.283040727488697 ], [ 569872.242421298637055, 8204120.283040727488697 ], [ 569902.242421298637055, 8204120.283040727488697 ], [ 569902.242421298637055, 8204150.283040727488697 ], [ 569872.242421298637055, 8204150.283040727488697 ] ] ] } },
{ "type": "Feature", "properties": { "ano": 2010, "camada": "agua", "area_km2": 0.0027 }, "geometry": { "type": "Polygon", "coordinates": [ [ [ 571132.242421298637055, 8204180.283040727488697 ], [ 571132.242421298637055, 8204090.283040727488697 ], [ 571162.242421298637055, 8204090.283040727488697 ], [ 571162.242421298637055, 8204180.283040727488697 ], [ 571132.242421298637055, 8204180.283040727488697 ] ] ] } },
{ "type": "Feature", "properties": { "ano": 2010, "camada": "agua", "area_km2": 0.0009 }, "geometry": { "type": "Polygon", "coordinates": [ [ [ 569272.242421298637055, 8204090.283040727488697 ], [ 569272.242421298637055, 8204060.283040727488697 ], [ 569302.242421298637055, 8204060.283040727488697 ], [ 569302.242421298637055, 8204090.283040727488697 ], [ 569272.242421298637055, 8204090.283040727488697 ] ] ] } },
{ "type": "Feature", "properties": { "ano": 2010, "camada": "agua", "area_km2": 0.0009 }, "geometry": { "type": "Polygon", "coordinates": [ [ [ 569932.242421298637055, 8204090.283040727488697 ], [ 569932.242421298637055, 8204060.283040727488697 ], [ 569962.242421298637055, 8204060.283040727488697 ], [ 569962.242421298637055, 8204090.283040727488697 ], [ 569932.242421298637055, 8204090.283040727488697 ] ] ] } },
{ "type": "Feature", "properties": { "ano": 2010, "camada": "agua", "area_km2": 0.0009 }, "geometry": { "type": "Polygon", "coordinates": [ [ [ 570652.242421298637055, 8204090.283040727488697 ], [ 570652.242421298637055, 8204060.283040727488697 ], [ 570682.242421298637055, 8204060.283040727488697 ], [ 570682.242421298637055, 8204090.283040727488697 ], [ 570652.242421298637055, 8204090.283040727488697 ] ] ] } },
{ "type": "Feature", "properties": { "ano": 2010, "camada": "agua", "area_km2": 0.0009 }, "geometry": { "type": "Polygon", "coordinates": [ [ [ 571972.242421298637055, 8204060.283040727488697 ], [ 571972.242421298637055, 8204030.283040727488697 ], [ 572002.242421298637055, 8204030.283040727488697 ], [ 572002.242421298637055, 8204060.283040727488697 ], [ 571972.242421298637055, 8204060.283040727488697 ] ] ] } },
{ "type": "Feature", "properties": { "ano": 2010, "camada": "agua", "area_km2": 0.0009 }, "geometry": { "type": "Polygon", "coordinates": [ [ [ 570652.242421298637055, 8204030.283040727488697 ], [ 570652.242421298637055, 8204000.283040727488697 ], [ 570682.242421298637055, 8204000.283040727488697 ], [ 570682.242421298637055, 8204030.283040727488697 ], [ 570652.242421298637055, 8204030.283040727488697 ] ] ] } },
{ "type": "Feature", "properties": { "ano": 2010, "camada": "agua", "area_km2": 0.0009 }, "geometry": { "type": "Polygon", "coordinates": [ [ [ 569332.242421298637055, 8204000.283040727488697 ], [ 569332.242421298637055, 8203970.283040727488697 ], [ 569362.242421298637055, 8203970.283040727488697 ], [ 569362.242421298637055, 8204000.283040727488697 ], [ 569332.242421298637055, 8204000.283040727488697 ] ] ] } },
{ "type": "Feature", "properties": { "ano": 2010, "camada": "agua", "area_km2": 0.0009 }, "geometry": { "type": "Polygon", "coordinates": [ [ [ 569362.242421298637055, 8203970.283040727488697 ], [ 569362.242421298637055, 8203940.283040727488697 ], [ 569392.242421298637055, 8203940.283040727488697 ], [ 569392.242421298637055, 8203970.283040727488697 ], [ 569362.242421298637055, 8203970.283040727488697 ] ] ] } },
{ "type": "Feature", "properties": { "ano": 2010, "camada": "agua", "area_km2": 0.0009 }, "geometry": { "type": "Polygon", "coordinates": [ [ [ 570652.242421298637055, 8203970.283040727488697 ], [ 570652.242421298637055, 8203940.283040727488697 ], [ 570682.242421298637055, 8203940.283040727488697 ], [ 570682.242421298637055, 8203970.283040727488697 ], [ 570652.242421298637055, 8203970.283040727488697 ] ] ] } },
{ "type": "Feature", "properties": { "ano": 2010, "camada": "agua", "area_km2": 0.0009 }, "geometry": { "type": "Polygon", "coordinates": [ [ [ 570712.242421298637055, 8203940.283040727488697 ], [ 570712.242421298637055, 8203910.283040727488697 ], [ 570742.242421298637055, 8203910.283040727488697 ], [ 570742.242421298637055, 8203940.283040727488697 ], [ 570712.242421298637055, 8203940.283040727488697 ] ] ] } },
{ "type": "Feature", "properties": { "ano": 2010, "camada": "agua", "area_km2": 0.0009 }, "geometry": { "type": "Polygon", "coordinates": [ [ [ 569452.242421298637055, 8203910.283040727488697 ], [ 569452.242421298637055, 8203880.283040727488697 ], [ 569482.242421298637055, 8203880.283040727488697 ], [ 569482.242421298637055, 8203910.283040727488697 ], [ 569452.242421298637055, 8203910.283040727488697 ] ] ] } },
{ "type": "Feature", "properties": { "ano": 2010, "camada": "agua", "area_km2": 0.0009 }, "geometry": { "type": "Polygon", "coordinates": [ [ [ 572002.242421298637055, 8203910.283040727488697 ], [ 572002.242421298637055, 8203880.283040727488697 ], [ 572032.242421298637055, 8203880.283040727488697 ], [ 572032.242421298637055, 8203910.283040727488697 ], [ 572002.242421298637055, 8203910.283040727488697 ] ] ] } },
{ "type": "Feature", "properties": { "ano": 2010, "camada": "agua", "area_km2": 0.0009 }, "geometry": { "type": "Polygon", "coordinates": [ [ [ 569512.242421298637055, 8203880.283040727488697 ], [ 569512.242421298637055, 8203850.283040727488697 ], [ 569542.242421298637055, 8203850.283040727488697 ], [ 569542.242421298637055, 8203880.283040727488697 ], [ 569512.242421298637055, 8203880.283040727488697 ] ] ] } },
{ "type": "Feature", "properties": { "ano": 2010, "camada": "agua", "area_km2": 0.0009 }, "geometry": { "type": "Polygon", "coordinates": [ [ [ 570172.242421298637055, 8203880.283040727488697 ], [ 570172.242421298637055, 8203850.283040727488697 ], [ 570202.242421298637055, 8203850.283040727488697 ], [ 570202.242421298637055, 8203880.283040727488697 ], [ 570172.242421298637055, 8203880.283040727488697 ] ] ] } },
{ "type": "Feature", "properties": { "ano": 2010, "camada": "agua", "area_km2": 0.0009 }, "geometry": { "type": "Polygon", "coordinates": [ [ [ 570742.242421298637055, 8203880.283040727488697 ], [ 570742.242421298637055, 8203850.283040727488697 ], [ 570772.242421298637055, 8203850.283040727488697 ], [ 570772.242421298637055, 8203880.283040727488697 ], [ 570742.242421298637055, 8203880.283040727488697 ] ] ] } },
{ "type": "Feature", "properties": { "ano": 2010, "camada": "agua", "area_km2": 0.0009 }, "geometry": { "type": "Polygon", "coordinates": [ [ [ 570952.242421298637055, 8203850.283040727488697 ], [ 570952.242421298637055, 8203820.283040727488697 ], [ 570982.242421298637055, 8203820.283040727488697 ], [ 570982.242421298637055, 8203850.283040727488697 ], [ 570952.242421298637055, 8203850.283040727488697 ] ] ] } },
{ "type": "Feature", "properties": { "ano": 2010, "camada": "agua", "area_km2": 0.0018 }, "geometry": { "type": "Polygon", "coordinates": [ [ [ 569992.242421298637055, 8203820.283040727488697 ], [ 569992.242421298637055, 8203790.283040727488697 ], [ 570052.242421298637055, 8203790.283040727488697 ], [ 570052.242421298637055, 8203820.283040727488697 ], [ 569992.242421298637055, 8203820.283040727488697 ] ] ] } },
{ "type": "Feature", "properties": { "ano": 2010, "camada": "agua", "area_km2": 0.0009 }, "geometry": { "type": "Polygon", "coordinates": [ [ [ 570262.242421298637055, 8203820.283040727488697 ], [ 570262.242421298637055, 8203790.283040727488697 ], [ 570292.242421298637055, 8203790.283040727488697 ], [ 570292.242421298637055, 8203820.283040727488697 ], [ 570262.242421298637055, 8203820.283040727488697 ] ] ] } },
{ "type": "Feature", "properties": { "ano": 2010, "camada": "agua", "area_km2": 0.0009 }, "geometry": { "type": "Polygon", "coordinates": [ [ [ 570652.242421298637055, 8203820.283040727488697 ], [ 570652.242421298637055, 8203790.283040727488697 ], [ 570682.242421298637055, 8203790.283040727488697 ], [ 570682.242421298637055, 8203820.283040727488697 ], [ 570652.242421298637055, 8203820.283040727488697 ] ] ] } },
{ "type": "Feature", "properties": { "ano": 2010, "camada": "agua", "area_km2": 0.0009 }, "geometry": { "type": "Polygon", "coordinates": [ [ [ 571972.242421298637055, 8203820.283040727488697 ], [ 571972.242421298637055, 8203790.283040727488697 ], [ 572002.242421298637055, 8203790.283040727488697 ], [ 572002.242421298637055, 8203820.283040727488697 ], [ 571972.242421298637055, 8203820.283040727488697 ] ] ] } },
{ "type": "Feature", "properties": { "ano": 2010, "camada": "agua", "area_km2": 0.0009 }, "geometry": { "type": "Polygon", "coordinates": [ [ [ 569632.242421298637055, 8203790.283040727488697 ], [ 569632.242421298637055, 8203760.283040727488697 ], [ 569662.242421298637055, 8203760.283040727488697 ], [ 569662.242421298637055, 8203790.283040727488697 ], [ 569632.242421298637055, 8203790.283040727488697 ] ] ] } },
{ "type": "Feature", "properties": { "ano": 2010, "camada": "agua", "area_km2": 0.0009 }, "geometry": { "type": "Polygon", "coordinates": [ [ [ 571912.242421298637055, 8203790.283040727488697 ], [ 571912.242421298637055, 8203760.283040727488697 ], [ 571942.242421298637055, 8203760.283040727488697 ], [ 571942.242421298637055, 8203790.283040727488697 ], [ 571912.242421298637055, 8203790.283040727488697 ] ] ] } },
{ "type": "Feature", "properties": { "ano": 2010, "camada": "agua", "area_km2": 0.0009 }, "geometry": { "type": "Polygon", "coordinates": [ [ [ 569662.242421298637055, 8203760.283040727488697 ], [ 569662.242421298637055, 8203730.283040727488697 ], [ 569692.242421298637055, 8203730.283040727488697 ], [ 569692.242421298637055, 8203760.283040727488697 ], [ 569662.242421298637055, 8203760.283040727488697 ] ] ] } },
{ "type": "Feature", "properties": { "ano": 2010, "camada": "agua", "area_km2": 0.0018 }, "geometry": { "type": "Polygon", "coordinates": [ [ [ 570682.242421298637055, 8203760.283040727488697 ], [ 570682.242421298637055, 8203700.283040727488697 ], [ 570712.242421298637055, 8203700.283040727488697 ], [ 570712.242421298637055, 8203760.283040727488697 ], [ 570682.242421298637055, 8203760.283040727488697 ] ] ] } },
{ "type": "Feature", "properties": { "ano": 2010, "camada": "agua", "area_km2": 0.0009 }, "geometry": { "type": "Polygon", "coordinates": [ [ [ 569692.242421298637055, 8203700.283040727488697 ], [ 569692.242421298637055, 8203670.283040727488697 ], [ 569722.242421298637055, 8203670.283040727488697 ], [ 569722.242421298637055, 8203700.283040727488697 ], [ 569692.242421298637055, 8203700.283040727488697 ] ] ] } },
{ "type": "Feature", "properties": { "ano": 2010, "camada": "agua", "area_km2": 0.0009 }, "geometry": { "type": "Polygon", "coordinates": [ [ [ 570472.242421298637055, 8203700.283040727488697 ], [ 570472.242421298637055, 8203670.283040727488697 ], [ 570502.242421298637055, 8203670.283040727488697 ], [ 570502.242421298637055, 8203700.283040727488697 ], [ 570472.242421298637055, 8203700.283040727488697 ] ] ] } },
{ "type": "Feature", "properties": { "ano": 2010, "camada": "agua", "area_km2": 0.0009 }, "geometry": { "type": "Polygon", "coordinates": [ [ [ 571882.242421298637055, 8203700.283040727488697 ], [ 571882.242421298637055, 8203670.283040727488697 ], [ 571912.242421298637055, 8203670.283040727488697 ], [ 571912.242421298637055, 8203700.283040727488697 ], [ 571882.242421298637055, 8203700.283040727488697 ] ] ] } },
{ "type": "Feature", "properties": { "ano": 2010, "camada": "agua", "area_km2": 0.0018 }, "geometry": { "type": "Polygon", "coordinates": [ [ [ 570652.242421298637055, 8203670.283040727488697 ], [ 570652.242421298637055, 8203640.283040727488697 ], [ 570712.242421298637055, 8203640.283040727488697 ], [ 570712.242421298637055, 8203670.283040727488697 ], [ 570652.242421298637055, 8203670.283040727488697 ] ] ] } },
{ "type": "Feature", "properties": { "ano": 2010, "camada": "agua", "area_km2": 0.0009 }, "geometry": { "type": "Polygon", "coordinates": [ [ [ 570952.242421298637055, 8203670.283040727488697 ], [ 570952.242421298637055, 8203640.283040727488697 ], [ 570982.242421298637055, 8203640.283040727488697 ], [ 570982.242421298637055, 8203670.283040727488697 ], [ 570952.242421298637055, 8203670.283040727488697 ] ] ] } },
{ "type": "Feature", "properties": { "ano": 2010, "camada": "agua", "area_km2": 0.0009 }, "geometry": { "type": "Polygon", "coordinates": [ [ [ 571942.242421298637055, 8203670.283040727488697 ], [ 571942.242421298637055, 8203640.283040727488697 ], [ 571972.242421298637055, 8203640.283040727488697 ], [ 571972.242421298637055, 8203670.283040727488697 ], [ 571942.242421298637055, 8203670.283040727488697 ] ] ] } },
{ "type": "Feature", "properties": { "ano": 2010, "camada": "agua", "area_km2": 0.0009 }, "geometry": { "type": "Polygon", "coordinates": [ [ [ 569722.242421298637055, 8203640.283040727488697 ], [ 569722.242421298637055, 8203610.283040727488697 ], [ 569752.242421298637055, 8203610.283040727488697 ], [ 569752.242421298637055, 8203640.283040727488697 ], [ 569722.242421298637055, 8203640.283040727488697 ] ] ] } },
{ "type": "Feature", "properties": { "ano": 2010, "camada": "agua", "area_km2": 0.0009 }, "geometry": { "type": "Polygon", "coordinates": [ [ [ 570982.242421298637055, 8203640.283040727488697 ], [ 570982.242421298637055, 8203610.283040727488697 ], [ 571012.242421298637055, 8203610.283040727488697 ], [ 571012.242421298637055, 8203640.283040727488697 ], [ 570982.242421298637055, 8203640.283040727488697 ] ] ] } },
{ "type": "Feature", "properties": { "ano": 2010, "camada": "agua", "area_km2": 0.0009 }, "geometry": { "type": "Polygon", "coordinates": [ [ [ 569752.242421298637055, 8203610.283040727488697 ], [ 569752.242421298637055, 8203580.283040727488697 ], [ 569782.242421298637055, 8203580.283040727488697 ], [ 569782.242421298637055, 8203610.283040727488697 ], [ 569752.242421298637055, 8203610.283040727488697 ] ] ] } },
{ "type": "Feature", "properties": { "ano": 2010, "camada": "agua", "area_km2": 0.0009 }, "geometry": { "type": "Polygon", "coordinates": [ [ [ 570712.242421298637055, 8203610.283040727488697 ], [ 570712.242421298637055, 8203580.283040727488697 ], [ 570742.242421298637055, 8203580.283040727488697 ], [ 570742.242421298637055, 8203610.283040727488697 ], [ 570712.242421298637055, 8203610.283040727488697 ] ] ] } },
{ "type": "Feature", "properties": { "ano": 2010, "camada": "agua", "area_km2": 0.0009 }, "geometry": { "type": "Polygon", "coordinates": [ [ [ 571072.242421298637055, 8203610.283040727488697 ], [ 571072.242421298637055, 8203580.283040727488697 ], [ 571102.242421298637055, 8203580.283040727488697 ], [ 571102.242421298637055, 8203610.283040727488697 ], [ 571072.242421298637055, 8203610.283040727488697 ] ] ] } },
{ "type": "Feature", "properties": { "ano": 2010, "camada": "agua", "area_km2": 0.0009 }, "geometry": { "type": "Polygon", "coordinates": [ [ [ 571852.242421298637055, 8203610.283040727488697 ], [ 571852.242421298637055, 8203580.283040727488697 ], [ 571882.242421298637055, 8203580.283040727488697 ], [ 571882.242421298637055, 8203610.283040727488697 ], [ 571852.242421298637055, 8203610.283040727488697 ] ] ] } },
{ "type": "Feature", "properties": { "ano": 2010, "camada": "agua", "area_km2": 0.0009 }, "geometry": { "type": "Polygon", "coordinates": [ [ [ 569782.242421298637055, 8203580.283040727488697 ], [ 569782.242421298637055, 8203550.283040727488697 ], [ 569812.242421298637055, 8203550.283040727488697 ], [ 569812.242421298637055, 8203580.283040727488697 ], [ 569782.242421298637055, 8203580.283040727488697 ] ] ] } },
{ "type": "Feature", "properties": { "ano": 2010, "camada": "agua", "area_km2": 0.0009 }, "geometry": { "type": "Polygon", "coordinates": [ [ [ 570292.242421298637055, 8203580.283040727488697 ], [ 570292.242421298637055, 8203550.283040727488697 ], [ 570322.242421298637055, 8203550.283040727488697 ], [ 570322.242421298637055, 8203580.283040727488697 ], [ 570292.242421298637055, 8203580.283040727488697 ] ] ] } },
{ "type": "Feature", "properties": { "ano": 2010, "camada": "agua", "area_km2": 0.0018 }, "geometry": { "type": "Polygon", "coordinates": [ [ [ 570652.242421298637055, 8203580.283040727488697 ], [ 570652.242421298637055, 8203550.283040727488697 ], [ 570712.242421298637055, 8203550.283040727488697 ], [ 570712.242421298637055, 8203580.283040727488697 ], [ 570652.242421298637055, 8203580.283040727488697 ] ] ] } },
{ "type": "Feature", "properties": { "ano": 2010, "camada": "agua", "area_km2": 0.0009 }, "geometry": { "type": "Polygon", "coordinates": [ [ [ 570742.242421298637055, 8203580.283040727488697 ], [ 570742.242421298637055, 8203550.283040727488697 ], [ 570772.242421298637055, 8203550.283040727488697 ], [ 570772.242421298637055, 8203580.283040727488697 ], [ 570742.242421298637055, 8203580.283040727488697 ] ] ] } },
{ "type": "Feature", "properties": { "ano": 2010, "camada": "agua", "area_km2": 0.0009 }, "geometry": { "type": "Polygon", "coordinates": [ [ [ 569992.242421298637055, 8203550.283040727488697 ], [ 569992.242421298637055, 8203520.283040727488697 ], [ 570022.242421298637055, 8203520.283040727488697 ], [ 570022.242421298637055, 8203550.283040727488697 ], [ 569992.242421298637055, 8203550.283040727488697 ] ] ] } },
{ "type": "Feature", "properties": { "ano": 2010, "camada": "agua", "area_km2": 0.0009 }, "geometry": { "type": "Polygon", "coordinates": [ [ [ 570052.242421298637055, 8203520.283040727488697 ], [ 570052.242421298637055, 8203490.283040727488697 ], [ 570082.242421298637055, 8203490.283040727488697 ], [ 570082.242421298637055, 8203520.283040727488697 ], [ 570052.242421298637055, 8203520.283040727488697 ] ] ] } },
{ "type": "Feature", "properties": { "ano": 2010, "camada": "agua", "area_km2": 0.0009 }, "geometry": { "type": "Polygon", "coordinates": [ [ [ 570292.242421298637055, 8203520.283040727488697 ], [ 570292.242421298637055, 8203490.283040727488697 ], [ 570322.242421298637055, 8203490.283040727488697 ], [ 570322.242421298637055, 8203520.283040727488697 ], [ 570292.242421298637055, 8203520.283040727488697 ] ] ] } },
{ "type": "Feature", "properties": { "ano": 2010, "camada": "agua", "area_km2": 0.0036 }, "geometry": { "type": "Polygon", "coordinates": [ [ [ 570712.242421298637055, 8203550.283040727488697 ], [ 570712.242421298637055, 8203520.283040727488697 ], [ 570652.242421298637055, 8203520.283040727488697 ], [ 570652.242421298637055, 8203490.283040727488697 ], [ 570742.242421298637055, 8203490.283040727488697 ], [ 570742.242421298637055, 8203550.283040727488697 ], [ 570712.242421298637055, 8203550.283040727488697 ] ] ] } },
{ "type": "Feature", "properties": { "ano": 2010, "camada": "agua", "area_km2": 0.0009 }, "geometry": { "type": "Polygon", "coordinates": [ [ [ 570802.242421298637055, 8203520.283040727488697 ], [ 570802.242421298637055, 8203490.283040727488697 ], [ 570832.242421298637055, 8203490.283040727488697 ], [ 570832.242421298637055, 8203520.283040727488697 ], [ 570802.242421298637055, 8203520.283040727488697 ] ] ] } },
{ "type": "Feature", "properties": { "ano": 2010, "camada": "agua", "area_km2": 0.0009 }, "geometry": { "type": "Polygon", "coordinates": [ [ [ 570322.242421298637055, 8203490.283040727488697 ], [ 570322.242421298637055, 8203460.283040727488697 ], [ 570352.242421298637055, 8203460.283040727488697 ], [ 570352.242421298637055, 8203490.283040727488697 ], [ 570322.242421298637055, 8203490.283040727488697 ] ] ] } },
{ "type": "Feature", "properties": { "ano": 2010, "camada": "agua", "area_km2": 0.0009 }, "geometry": { "type": "Polygon", "coordinates": [ [ [ 570112.242421298637055, 8203460.283040727488697 ], [ 570112.242421298637055, 8203430.283040727488697 ], [ 570142.242421298637055, 8203430.283040727488697 ], [ 570142.242421298637055, 8203460.283040727488697 ], [ 570112.242421298637055, 8203460.283040727488697 ] ] ] } },
{ "type": "Feature", "properties": { "ano": 2010, "camada": "agua", "area_km2": 0.0009 }, "geometry": { "type": "Polygon", "coordinates": [ [ [ 570472.242421298637055, 8203460.283040727488697 ], [ 570472.242421298637055, 8203430.283040727488697 ], [ 570502.242421298637055, 8203430.283040727488697 ], [ 570502.242421298637055, 8203460.283040727488697 ], [ 570472.242421298637055, 8203460.283040727488697 ] ] ] } },
{ "type": "Feature", "properties": { "ano": 2010, "camada": "agua", "area_km2": 0.0009 }, "geometry": { "type": "Polygon", "coordinates": [ [ [ 570172.242421298637055, 8203430.283040727488697 ], [ 570172.242421298637055, 8203400.283040727488697 ], [ 570202.242421298637055, 8203400.283040727488697 ], [ 570202.242421298637055, 8203430.283040727488697 ], [ 570172.242421298637055, 8203430.283040727488697 ] ] ] } },
{ "type": "Feature", "properties": { "ano": 2010, "camada": "agua", "area_km2": 0.0009 }, "geometry": { "type": "Polygon", "coordinates": [ [ [ 570232.242421298637055, 8203400.283040727488697 ], [ 570232.242421298637055, 8203370.283040727488697 ], [ 570262.242421298637055, 8203370.283040727488697 ], [ 570262.242421298637055, 8203400.283040727488697 ], [ 570232.242421298637055, 8203400.283040727488697 ] ] ] } },
{ "type": "Feature", "properties": { "ano": 2010, "camada": "agua", "area_km2": 0.0009 }, "geometry": { "type": "Polygon", "coordinates": [ [ [ 570532.242421298637055, 8203400.283040727488697 ], [ 570532.242421298637055, 8203370.283040727488697 ], [ 570562.242421298637055, 8203370.283040727488697 ], [ 570562.242421298637055, 8203400.283040727488697 ], [ 570532.242421298637055, 8203400.283040727488697 ] ] ] } },
{ "type": "Feature", "properties": { "ano": 2010, "camada": "agua", "area_km2": 0.0009 }, "geometry": { "type": "Polygon", "coordinates": [ [ [ 571822.242421298637055, 8203370.283040727488697 ], [ 571822.242421298637055, 8203340.283040727488697 ], [ 571852.242421298637055, 8203340.283040727488697 ], [ 571852.242421298637055, 8203370.283040727488697 ], [ 571822.242421298637055, 8203370.283040727488697 ] ] ] } },
{ "type": "Feature", "properties": { "ano": 2010, "camada": "agua", "area_km2": 0.0009 }, "geometry": { "type": "Polygon", "coordinates": [ [ [ 570322.242421298637055, 8203340.283040727488697 ], [ 570322.242421298637055, 8203310.283040727488697 ], [ 570352.242421298637055, 8203310.283040727488697 ], [ 570352.242421298637055, 8203340.283040727488697 ], [ 570322.242421298637055, 8203340.283040727488697 ] ] ] } },
{ "type": "Feature", "properties": { "ano": 2010, "camada": "agua", "area_km2": 0.0009 }, "geometry": { "type": "Polygon", "coordinates": [ [ [ 570352.242421298637055, 8203310.283040727488697 ], [ 570352.242421298637055, 8203280.283040727488697 ], [ 570382.242421298637055, 8203280.283040727488697 ], [ 570382.242421298637055, 8203310.283040727488697 ], [ 570352.242421298637055, 8203310.283040727488697 ] ] ] } },
{ "type": "Feature", "properties": { "ano": 2010, "camada": "agua", "area_km2": 0.0009 }, "geometry": { "type": "Polygon", "coordinates": [ [ [ 571732.242421298637055, 8203310.283040727488697 ], [ 571732.242421298637055, 8203280.283040727488697 ], [ 571762.242421298637055, 8203280.283040727488697 ], [ 571762.242421298637055, 8203310.283040727488697 ], [ 571732.242421298637055, 8203310.283040727488697 ] ] ] } },
{ "type": "Feature", "properties": { "ano": 2010, "camada": "agua", "area_km2": 0.0009 }, "geometry": { "type": "Polygon", "coordinates": [ [ [ 570712.242421298637055, 8203250.283040727488697 ], [ 570712.242421298637055, 8203220.283040727488697 ], [ 570742.242421298637055, 8203220.283040727488697 ], [ 570742.242421298637055, 8203250.283040727488697 ], [ 570712.242421298637055, 8203250.283040727488697 ] ] ] } },
{ "type": "Feature", "properties": { "ano": 2010, "camada": "agua", "area_km2": 0.0009 }, "geometry": { "type": "Polygon", "coordinates": [ [ [ 571042.242421298637055, 8203250.283040727488697 ], [ 571042.242421298637055, 8203220.283040727488697 ], [ 571072.242421298637055, 8203220.283040727488697 ], [ 571072.242421298637055, 8203250.283040727488697 ], [ 571042.242421298637055, 8203250.283040727488697 ] ] ] } },
{ "type": "Feature", "properties": { "ano": 2010, "camada": "agua", "area_km2": 0.0009 }, "geometry": { "type": "Polygon", "coordinates": [ [ [ 571612.242421298637055, 8203250.283040727488697 ], [ 571612.242421298637055, 8203220.283040727488697 ], [ 571642.242421298637055, 8203220.283040727488697 ], [ 571642.242421298637055, 8203250.283040727488697 ], [ 571612.242421298637055, 8203250.283040727488697 ] ] ] } },
{ "type": "Feature", "properties": { "ano": 2010, "camada": "agua", "area_km2": 0.0009 }, "geometry": { "type": "Polygon", "coordinates": [ [ [ 570592.242421298637055, 8203220.283040727488697 ], [ 570592.242421298637055, 8203190.283040727488697 ], [ 570622.242421298637055, 8203190.283040727488697 ], [ 570622.242421298637055, 8203220.283040727488697 ], [ 570592.242421298637055, 8203220.283040727488697 ] ] ] } },
{ "type": "Feature", "properties": { "ano": 2010, "camada": "agua", "area_km2": 0.0009 }, "geometry": { "type": "Polygon", "coordinates": [ [ [ 570742.242421298637055, 8203220.283040727488697 ], [ 570742.242421298637055, 8203190.283040727488697 ], [ 570772.242421298637055, 8203190.283040727488697 ], [ 570772.242421298637055, 8203220.283040727488697 ], [ 570742.242421298637055, 8203220.283040727488697 ] ] ] } },
{ "type": "Feature", "properties": { "ano": 2010, "camada": "agua", "area_km2": 0.0009 }, "geometry": { "type": "Polygon", "coordinates": [ [ [ 571642.242421298637055, 8203220.283040727488697 ], [ 571642.242421298637055, 8203190.283040727488697 ], [ 571672.242421298637055, 8203190.283040727488697 ], [ 571672.242421298637055, 8203220.283040727488697 ], [ 571642.242421298637055, 8203220.283040727488697 ] ] ] } },
{ "type": "Feature", "properties": { "ano": 2010, "camada": "agua", "area_km2": 0.0009 }, "geometry": { "type": "Polygon", "coordinates": [ [ [ 571702.242421298637055, 8203220.283040727488697 ], [ 571702.242421298637055, 8203190.283040727488697 ], [ 571732.242421298637055, 8203190.283040727488697 ], [ 571732.242421298637055, 8203220.283040727488697 ], [ 571702.242421298637055, 8203220.283040727488697 ] ] ] } },
{ "type": "Feature", "properties": { "ano": 2010, "camada": "agua", "area_km2": 0.0027 }, "geometry": { "type": "Polygon", "coordinates": [ [ [ 570772.242421298637055, 8203070.283040727488697 ], [ 570772.242421298637055, 8203010.283040727488697 ], [ 570832.242421298637055, 8203010.283040727488697 ], [ 570832.242421298637055, 8203040.283040727488697 ], [ 570802.242421298637055, 8203040.283040727488697 ], [ 570802.242421298637055, 8203070.283040727488697 ], [ 570772.242421298637055, 8203070.283040727488697 ] ] ] } },
{ "type": "Feature", "properties": { "ano": 2010, "camada": "agua", "area_km2": 0.0009 }, "geometry": { "type": "Polygon", "coordinates": [ [ [ 571222.242421298637055, 8203040.283040727488697 ], [ 571222.242421298637055, 8203010.283040727488697 ], [ 571252.242421298637055, 8203010.283040727488697 ], [ 571252.242421298637055, 8203040.283040727488697 ], [ 571222.242421298637055, 8203040.283040727488697 ] ] ] } },
{ "type": "Feature", "properties": { "ano": 2010, "camada": "agua", "area_km2": 0.0009 }, "geometry": { "type": "Polygon", "coordinates": [ [ [ 571672.242421298637055, 8203010.283040727488697 ], [ 571672.242421298637055, 8202980.283040727488697 ], [ 571702.242421298637055, 8202980.283040727488697 ], [ 571702.242421298637055, 8203010.283040727488697 ], [ 571672.242421298637055, 8203010.283040727488697 ] ] ] } },
{ "type": "Feature", "properties": { "ano": 2010, "camada": "agua", "area_km2": 0.0009 }, "geometry": { "type": "Polygon", "coordinates": [ [ [ 570682.242421298637055, 8202980.283040727488697 ], [ 570682.242421298637055, 8202950.283040727488697 ], [ 570712.242421298637055, 8202950.283040727488697 ], [ 570712.242421298637055, 8202980.283040727488697 ], [ 570682.242421298637055, 8202980.283040727488697 ] ] ] } },
{ "type": "Feature", "properties": { "ano": 2010, "camada": "agua", "area_km2": 0.0009 }, "geometry": { "type": "Polygon", "coordinates": [ [ [ 570712.242421298637055, 8202950.283040727488697 ], [ 570712.242421298637055, 8202920.283040727488697 ], [ 570742.242421298637055, 8202920.283040727488697 ], [ 570742.242421298637055, 8202950.283040727488697 ], [ 570712.242421298637055, 8202950.283040727488697 ] ] ] } },
{ "type": "Feature", "properties": { "ano": 2010, "camada": "agua", "area_km2": 0.0009 }, "geometry": { "type": "Polygon", "coordinates": [ [ [ 570772.242421298637055, 8202890.283040727488697 ], [ 570772.242421298637055, 8202860.283040727488697 ], [ 570802.242421298637055, 8202860.283040727488697 ], [ 570802.242421298637055, 8202890.283040727488697 ], [ 570772.242421298637055, 8202890.283040727488697 ] ] ] } },
{ "type": "Feature", "properties": { "ano": 2010, "camada": "agua", "area_km2": 0.0009 }, "geometry": { "type": "Polygon", "coordinates": [ [ [ 570832.242421298637055, 8202800.283040727488697 ], [ 570832.242421298637055, 8202770.283040727488697 ], [ 570862.242421298637055, 8202770.283040727488697 ], [ 570862.242421298637055, 8202800.283040727488697 ], [ 570832.242421298637055, 8202800.283040727488697 ] ] ] } },
{ "type": "Feature", "properties": { "ano": 2010, "camada": "agua", "area_km2": 0.0009 }, "geometry": { "type": "Polygon", "coordinates": [ [ [ 570862.242421298637055, 8202740.283040727488697 ], [ 570862.242421298637055, 8202710.283040727488697 ], [ 570892.242421298637055, 8202710.283040727488697 ], [ 570892.242421298637055, 8202740.283040727488697 ], [ 570862.242421298637055, 8202740.283040727488697 ] ] ] } },
{ "type": "Feature", "properties": { "ano": 2010, "camada": "agua", "area_km2": 0.0009 }, "geometry": { "type": "Polygon", "coordinates": [ [ [ 571432.242421298637055, 8202740.283040727488697 ], [ 571432.242421298637055, 8202710.283040727488697 ], [ 571462.242421298637055, 8202710.283040727488697 ], [ 571462.242421298637055, 8202740.283040727488697 ], [ 571432.242421298637055, 8202740.283040727488697 ] ] ] } },
{ "type": "Feature", "properties": { "ano": 2010, "camada": "agua", "area_km2": 0.0036 }, "geometry": { "type": "Polygon", "coordinates": [ [ [ 571822.242421298637055, 8202740.283040727488697 ], [ 571822.242421298637055, 8202710.283040727488697 ], [ 571942.242421298637055, 8202710.283040727488697 ], [ 571942.242421298637055, 8202740.283040727488697 ], [ 571822.242421298637055, 8202740.283040727488697 ] ] ] } },
{ "type": "Feature", "properties": { "ano": 2010, "camada": "agua", "area_km2": 0.0027 }, "geometry": { "type": "Polygon", "coordinates": [ [ [ 572362.242421298637055, 8202710.283040727488697 ], [ 572362.242421298637055, 8202680.283040727488697 ], [ 572392.242421298637055, 8202680.283040727488697 ], [ 572392.242421298637055, 8202650.283040727488697 ], [ 572422.242421298637055, 8202650.283040727488697 ], [ 572422.242421298637055, 8202710.283040727488697 ], [ 572362.242421298637055, 8202710.283040727488697 ] ] ] } },
{ "type": "Feature", "properties": { "ano": 2010, "camada": "agua", "area_km2": 0.0027 }, "geometry": { "type": "Polygon", "coordinates": [ [ [ 572482.242421298637055, 8202710.283040727488697 ], [ 572482.242421298637055, 8202650.283040727488697 ], [ 572512.242421298637055, 8202650.283040727488697 ], [ 572512.242421298637055, 8202680.283040727488697 ], [ 572542.242421298637055, 8202680.283040727488697 ], [ 572542.242421298637055, 8202710.283040727488697 ], [ 572482.242421298637055, 8202710.283040727488697 ] ] ] } },
{ "type": "Feature", "properties": { "ano": 2010, "camada": "agua", "area_km2": 0.0009 }, "geometry": { "type": "Polygon", "coordinates": [ [ [ 570892.242421298637055, 8202680.283040727488697 ], [ 570892.242421298637055, 8202650.283040727488697 ], [ 570922.242421298637055, 8202650.283040727488697 ], [ 570922.242421298637055, 8202680.283040727488697 ], [ 570892.242421298637055, 8202680.283040727488697 ] ] ] } },
{ "type": "Feature", "properties": { "ano": 2010, "camada": "agua", "area_km2": 0.0009 }, "geometry": { "type": "Polygon", "coordinates": [ [ [ 572662.242421298637055, 8202680.283040727488697 ], [ 572662.242421298637055, 8202650.283040727488697 ], [ 572692.242421298637055, 8202650.283040727488697 ], [ 572692.242421298637055, 8202680.283040727488697 ], [ 572662.242421298637055, 8202680.283040727488697 ] ] ] } },
{ "type": "Feature", "properties": { "ano": 2010, "camada": "agua", "area_km2": 0.0009 }, "geometry": { "type": "Polygon", "coordinates": [ [ [ 571702.242421298637055, 8202620.283040727488697 ], [ 571702.242421298637055, 8202590.283040727488697 ], [ 571732.242421298637055, 8202590.283040727488697 ], [ 571732.242421298637055, 8202620.283040727488697 ], [ 571702.242421298637055, 8202620.283040727488697 ] ] ] } },
{ "type": "Feature", "properties": { "ano": 2010, "camada": "agua", "area_km2": 0.0018 }, "geometry": { "type": "Polygon", "coordinates": [ [ [ 570922.242421298637055, 8202590.283040727488697 ], [ 570922.242421298637055, 8202530.283040727488697 ], [ 570952.242421298637055, 8202530.283040727488697 ], [ 570952.242421298637055, 8202590.283040727488697 ], [ 570922.242421298637055, 8202590.283040727488697 ] ] ] } },
{ "type": "Feature", "properties": { "ano": 2010, "camada": "agua", "area_km2": 0.0009 }, "geometry": { "type": "Polygon", "coordinates": [ [ [ 572332.242421298637055, 8202530.283040727488697 ], [ 572332.242421298637055, 8202500.283040727488697 ], [ 572362.242421298637055, 8202500.283040727488697 ], [ 572362.242421298637055, 8202530.283040727488697 ], [ 572332.242421298637055, 8202530.283040727488697 ] ] ] } },
{ "type": "Feature", "properties": { "ano": 2010, "camada": "agua", "area_km2": 0.0018 }, "geometry": { "type": "Polygon", "coordinates": [ [ [ 572332.242421298637055, 8202470.283040727488697 ], [ 572332.242421298637055, 8202440.283040727488697 ], [ 572392.242421298637055, 8202440.283040727488697 ], [ 572392.242421298637055, 8202470.283040727488697 ], [ 572332.242421298637055, 8202470.283040727488697 ] ] ] } },
{ "type": "Feature", "properties": { "ano": 2010, "camada": "agua", "area_km2": 0.0009 }, "geometry": { "type": "Polygon", "coordinates": [ [ [ 572992.242421298637055, 8202470.283040727488697 ], [ 572992.242421298637055, 8202440.283040727488697 ], [ 573022.242421298637055, 8202440.283040727488697 ], [ 573022.242421298637055, 8202470.283040727488697 ], [ 572992.242421298637055, 8202470.283040727488697 ] ] ] } },
{ "type": "Feature", "properties": { "ano": 2010, "camada": "agua", "area_km2": 0.0009 }, "geometry": { "type": "Polygon", "coordinates": [ [ [ 573352.242421298637055, 8202350.283040727488697 ], [ 573352.242421298637055, 8202320.283040727488697 ], [ 573382.242421298637055, 8202320.283040727488697 ], [ 573382.242421298637055, 8202350.283040727488697 ], [ 573352.242421298637055, 8202350.283040727488697 ] ] ] } },
{ "type": "Feature", "properties": { "ano": 2010, "camada": "agua", "area_km2": 0.0009 }, "geometry": { "type": "Polygon", "coordinates": [ [ [ 573412.242421298637055, 8202320.283040727488697 ], [ 573412.242421298637055, 8202290.283040727488697 ], [ 573442.242421298637055, 8202290.283040727488697 ], [ 573442.242421298637055, 8202320.283040727488697 ], [ 573412.242421298637055, 8202320.283040727488697 ] ] ] } },
{ "type": "Feature", "properties": { "ano": 2010, "camada": "agua", "area_km2": 0.0009 }, "geometry": { "type": "Polygon", "coordinates": [ [ [ 571372.242421298637055, 8202260.283040727488697 ], [ 571372.242421298637055, 8202230.283040727488697 ], [ 571402.242421298637055, 8202230.283040727488697 ], [ 571402.242421298637055, 8202260.283040727488697 ], [ 571372.242421298637055, 8202260.283040727488697 ] ] ] } },
{ "type": "Feature", "properties": { "ano": 2010, "camada": "agua", "area_km2": 0.0018 }, "geometry": { "type": "Polygon", "coordinates": [ [ [ 571162.242421298637055, 8202230.283040727488697 ], [ 571162.242421298637055, 8202200.283040727488697 ], [ 571222.242421298637055, 8202200.283040727488697 ], [ 571222.242421298637055, 8202230.283040727488697 ], [ 571162.242421298637055, 8202230.283040727488697 ] ] ] } },
{ "type": "Feature", "properties": { "ano": 2010, "camada": "agua", "area_km2": 0.0009 }, "geometry": { "type": "Polygon", "coordinates": [ [ [ 571522.242421298637055, 8202230.283040727488697 ], [ 571522.242421298637055, 8202200.283040727488697 ], [ 571552.242421298637055, 8202200.283040727488697 ], [ 571552.242421298637055, 8202230.283040727488697 ], [ 571522.242421298637055, 8202230.283040727488697 ] ] ] } },
{ "type": "Feature", "properties": { "ano": 2010, "camada": "agua", "area_km2": 0.0009 }, "geometry": { "type": "Polygon", "coordinates": [ [ [ 571582.242421298637055, 8202230.283040727488697 ], [ 571582.242421298637055, 8202200.283040727488697 ], [ 571612.242421298637055, 8202200.283040727488697 ], [ 571612.242421298637055, 8202230.283040727488697 ], [ 571582.242421298637055, 8202230.283040727488697 ] ] ] } },
{ "type": "Feature", "properties": { "ano": 2010, "camada": "agua", "area_km2": 0.0063 }, "geometry": { "type": "Polygon", "coordinates": [ [ [ 570952.242421298637055, 8202380.283040727488697 ], [ 570952.242421298637055, 8202170.283040727488697 ], [ 570982.242421298637055, 8202170.283040727488697 ], [ 570982.242421298637055, 8202380.283040727488697 ], [ 570952.242421298637055, 8202380.283040727488697 ] ] ] } },
{ "type": "Feature", "properties": { "ano": 2010, "camada": "agua", "area_km2": 0.0009 }, "geometry": { "type": "Polygon", "coordinates": [ [ [ 571132.242421298637055, 8202200.283040727488697 ], [ 571132.242421298637055, 8202170.283040727488697 ], [ 571162.242421298637055, 8202170.283040727488697 ], [ 571162.242421298637055, 8202200.283040727488697 ], [ 571132.242421298637055, 8202200.283040727488697 ] ] ] } },
{ "type": "Feature", "properties": { "ano": 2010, "camada": "agua", "area_km2": 0.0009 }, "geometry": { "type": "Polygon", "coordinates": [ [ [ 571762.242421298637055, 8202200.283040727488697 ], [ 571762.242421298637055, 8202170.283040727488697 ], [ 571792.242421298637055, 8202170.283040727488697 ], [ 571792.242421298637055, 8202200.283040727488697 ], [ 571762.242421298637055, 8202200.283040727488697 ] ] ] } },
{ "type": "Feature", "properties": { "ano": 2010, "camada": "agua", "area_km2": 0.0009 }, "geometry": { "type": "Polygon", "coordinates": [ [ [ 571402.242421298637055, 8202170.283040727488697 ], [ 571402.242421298637055, 8202140.283040727488697 ], [ 571432.242421298637055, 8202140.283040727488697 ], [ 571432.242421298637055, 8202170.283040727488697 ], [ 571402.242421298637055, 8202170.283040727488697 ] ] ] } },
{ "type": "Feature", "properties": { "ano": 2010, "camada": "agua", "area_km2": 0.0009 }, "geometry": { "type": "Polygon", "coordinates": [ [ [ 571822.242421298637055, 8202170.283040727488697 ], [ 571822.242421298637055, 8202140.283040727488697 ], [ 571852.242421298637055, 8202140.283040727488697 ], [ 571852.242421298637055, 8202170.283040727488697 ], [ 571822.242421298637055, 8202170.283040727488697 ] ] ] } },
{ "type": "Feature", "properties": { "ano": 2010, "camada": "agua", "area_km2": 0.0018 }, "geometry": { "type": "Polygon", "coordinates": [ [ [ 570952.242421298637055, 8202140.283040727488697 ], [ 570952.242421298637055, 8202080.283040727488697 ], [ 570982.242421298637055, 8202080.283040727488697 ], [ 570982.242421298637055, 8202140.283040727488697 ], [ 570952.242421298637055, 8202140.283040727488697 ] ] ] } },
{ "type": "Feature", "properties": { "ano": 2010, "camada": "agua", "area_km2": 0.0009 }, "geometry": { "type": "Polygon", "coordinates": [ [ [ 571072.242421298637055, 8202080.283040727488697 ], [ 571072.242421298637055, 8202050.283040727488697 ], [ 571102.242421298637055, 8202050.283040727488697 ], [ 571102.242421298637055, 8202080.283040727488697 ], [ 571072.242421298637055, 8202080.283040727488697 ] ] ] } },
{ "type": "Feature", "properties": { "ano": 2010, "camada": "agua", "area_km2": 0.0009 }, "geometry": { "type": "Polygon", "coordinates": [ [ [ 573802.242421298637055, 8202080.283040727488697 ], [ 573802.242421298637055, 8202050.283040727488697 ], [ 573832.242421298637055, 8202050.283040727488697 ], [ 573832.242421298637055, 8202080.283040727488697 ], [ 573802.242421298637055, 8202080.283040727488697 ] ] ] } },
{ "type": "Feature", "properties": { "ano": 2010, "camada": "agua", "area_km2": 0.0036 }, "geometry": { "type": "Polygon", "coordinates": [ [ [ 571432.242421298637055, 8202140.283040727488697 ], [ 571432.242421298637055, 8202020.283040727488697 ], [ 571462.242421298637055, 8202020.283040727488697 ], [ 571462.242421298637055, 8202140.283040727488697 ], [ 571432.242421298637055, 8202140.283040727488697 ] ] ] } },
{ "type": "Feature", "properties": { "ano": 2010, "camada": "agua", "area_km2": 0.0009 }, "geometry": { "type": "Polygon", "coordinates": [ [ [ 571612.242421298637055, 8202050.283040727488697 ], [ 571612.242421298637055, 8202020.283040727488697 ], [ 571642.242421298637055, 8202020.283040727488697 ], [ 571642.242421298637055, 8202050.283040727488697 ], [ 571612.242421298637055, 8202050.283040727488697 ] ] ] } },
{ "type": "Feature", "properties": { "ano": 2010, "camada": "agua", "area_km2": 0.0009 }, "geometry": { "type": "Polygon", "coordinates": [ [ [ 572032.242421298637055, 8202050.283040727488697 ], [ 572032.242421298637055, 8202020.283040727488697 ], [ 572062.242421298637055, 8202020.283040727488697 ], [ 572062.242421298637055, 8202050.283040727488697 ], [ 572032.242421298637055, 8202050.283040727488697 ] ] ] } },
{ "type": "Feature", "properties": { "ano": 2010, "camada": "agua", "area_km2": 0.0009 }, "geometry": { "type": "Polygon", "coordinates": [ [ [ 570982.242421298637055, 8202020.283040727488697 ], [ 570982.242421298637055, 8201990.283040727488697 ], [ 571012.242421298637055, 8201990.283040727488697 ], [ 571012.242421298637055, 8202020.283040727488697 ], [ 570982.242421298637055, 8202020.283040727488697 ] ] ] } },
{ "type": "Feature", "properties": { "ano": 2010, "camada": "agua", "area_km2": 0.0009 }, "geometry": { "type": "Polygon", "coordinates": [ [ [ 571072.242421298637055, 8202020.283040727488697 ], [ 571072.242421298637055, 8201990.283040727488697 ], [ 571102.242421298637055, 8201990.283040727488697 ], [ 571102.242421298637055, 8202020.283040727488697 ], [ 571072.242421298637055, 8202020.283040727488697 ] ] ] } },
{ "type": "Feature", "properties": { "ano": 2010, "camada": "agua", "area_km2": 0.0009 }, "geometry": { "type": "Polygon", "coordinates": [ [ [ 571402.242421298637055, 8202020.283040727488697 ], [ 571402.242421298637055, 8201990.283040727488697 ], [ 571432.242421298637055, 8201990.283040727488697 ], [ 571432.242421298637055, 8202020.283040727488697 ], [ 571402.242421298637055, 8202020.283040727488697 ] ] ] } },
{ "type": "Feature", "properties": { "ano": 2010, "camada": "agua", "area_km2": 0.0009 }, "geometry": { "type": "Polygon", "coordinates": [ [ [ 572092.242421298637055, 8202020.283040727488697 ], [ 572092.242421298637055, 8201990.283040727488697 ], [ 572122.242421298637055, 8201990.283040727488697 ], [ 572122.242421298637055, 8202020.283040727488697 ], [ 572092.242421298637055, 8202020.283040727488697 ] ] ] } },
{ "type": "Feature", "properties": { "ano": 2010, "camada": "agua", "area_km2": 0.0009 }, "geometry": { "type": "Polygon", "coordinates": [ [ [ 573862.242421298637055, 8202020.283040727488697 ], [ 573862.242421298637055, 8201990.283040727488697 ], [ 573892.242421298637055, 8201990.283040727488697 ], [ 573892.242421298637055, 8202020.283040727488697 ], [ 573862.242421298637055, 8202020.283040727488697 ] ] ] } },
{ "type": "Feature", "properties": { "ano": 2010, "camada": "agua", "area_km2": 0.0009 }, "geometry": { "type": "Polygon", "coordinates": [ [ [ 571432.242421298637055, 8201990.283040727488697 ], [ 571432.242421298637055, 8201960.283040727488697 ], [ 571462.242421298637055, 8201960.283040727488697 ], [ 571462.242421298637055, 8201990.283040727488697 ], [ 571432.242421298637055, 8201990.283040727488697 ] ] ] } },
{ "type": "Feature", "properties": { "ano": 2010, "camada": "agua", "area_km2": 0.0009 }, "geometry": { "type": "Polygon", "coordinates": [ [ [ 572182.242421298637055, 8201960.283040727488697 ], [ 572182.242421298637055, 8201930.283040727488697 ], [ 572212.242421298637055, 8201930.283040727488697 ], [ 572212.242421298637055, 8201960.283040727488697 ], [ 572182.242421298637055, 8201960.283040727488697 ] ] ] } },
{ "type": "Feature", "properties": { "ano": 2010, "camada": "agua", "area_km2": 0.0009 }, "geometry": { "type": "Polygon", "coordinates": [ [ [ 573892.242421298637055, 8201960.283040727488697 ], [ 573892.242421298637055, 8201930.283040727488697 ], [ 573922.242421298637055, 8201930.283040727488697 ], [ 573922.242421298637055, 8201960.283040727488697 ], [ 573892.242421298637055, 8201960.283040727488697 ] ] ] } },
{ "type": "Feature", "properties": { "ano": 2010, "camada": "agua", "area_km2": 0.0009 }, "geometry": { "type": "Polygon", "coordinates": [ [ [ 571102.242421298637055, 8201930.283040727488697 ], [ 571102.242421298637055, 8201900.283040727488697 ], [ 571132.242421298637055, 8201900.283040727488697 ], [ 571132.242421298637055, 8201930.283040727488697 ], [ 571102.242421298637055, 8201930.283040727488697 ] ] ] } },
{ "type": "Feature", "properties": { "ano": 2010, "camada": "agua", "area_km2": 0.0009 }, "geometry": { "type": "Polygon", "coordinates": [ [ [ 571462.242421298637055, 8201930.283040727488697 ], [ 571462.242421298637055, 8201900.283040727488697 ], [ 571492.242421298637055, 8201900.283040727488697 ], [ 571492.242421298637055, 8201930.283040727488697 ], [ 571462.242421298637055, 8201930.283040727488697 ] ] ] } },
{ "type": "Feature", "properties": { "ano": 2010, "camada": "agua", "area_km2": 0.0009 }, "geometry": { "type": "Polygon", "coordinates": [ [ [ 571042.242421298637055, 8201900.283040727488697 ], [ 571042.242421298637055, 8201870.283040727488697 ], [ 571072.242421298637055, 8201870.283040727488697 ], [ 571072.242421298637055, 8201900.283040727488697 ], [ 571042.242421298637055, 8201900.283040727488697 ] ] ] } },
{ "type": "Feature", "properties": { "ano": 2010, "camada": "agua", "area_km2": 0.0009 }, "geometry": { "type": "Polygon", "coordinates": [ [ [ 571492.242421298637055, 8201900.283040727488697 ], [ 571492.242421298637055, 8201870.283040727488697 ], [ 571522.242421298637055, 8201870.283040727488697 ], [ 571522.242421298637055, 8201900.283040727488697 ], [ 571492.242421298637055, 8201900.283040727488697 ] ] ] } },
{ "type": "Feature", "properties": { "ano": 2010, "camada": "agua", "area_km2": 0.0009 }, "geometry": { "type": "Polygon", "coordinates": [ [ [ 571132.242421298637055, 8201870.283040727488697 ], [ 571132.242421298637055, 8201840.283040727488697 ], [ 571162.242421298637055, 8201840.283040727488697 ], [ 571162.242421298637055, 8201870.283040727488697 ], [ 571132.242421298637055, 8201870.283040727488697 ] ] ] } },
{ "type": "Feature", "properties": { "ano": 2010, "camada": "agua", "area_km2": 0.0009 }, "geometry": { "type": "Polygon", "coordinates": [ [ [ 573922.242421298637055, 8201810.283040727488697 ], [ 573922.242421298637055, 8201780.283040727488697 ], [ 573952.242421298637055, 8201780.283040727488697 ], [ 573952.242421298637055, 8201810.283040727488697 ], [ 573922.242421298637055, 8201810.283040727488697 ] ] ] } },
{ "type": "Feature", "properties": { "ano": 2010, "camada": "agua", "area_km2": 0.0009 }, "geometry": { "type": "Polygon", "coordinates": [ [ [ 572572.242421298637055, 8201780.283040727488697 ], [ 572572.242421298637055, 8201750.283040727488697 ], [ 572602.242421298637055, 8201750.283040727488697 ], [ 572602.242421298637055, 8201780.283040727488697 ], [ 572572.242421298637055, 8201780.283040727488697 ] ] ] } },
{ "type": "Feature", "properties": { "ano": 2010, "camada": "agua", "area_km2": 0.0009 }, "geometry": { "type": "Polygon", "coordinates": [ [ [ 572662.242421298637055, 8201750.283040727488697 ], [ 572662.242421298637055, 8201720.283040727488697 ], [ 572692.242421298637055, 8201720.283040727488697 ], [ 572692.242421298637055, 8201750.283040727488697 ], [ 572662.242421298637055, 8201750.283040727488697 ] ] ] } },
{ "type": "Feature", "properties": { "ano": 2010, "camada": "agua", "area_km2": 0.0027 }, "geometry": { "type": "Polygon", "coordinates": [ [ [ 573112.242421298637055, 8201750.283040727488697 ], [ 573112.242421298637055, 8201720.283040727488697 ], [ 573202.242421298637055, 8201720.283040727488697 ], [ 573202.242421298637055, 8201750.283040727488697 ], [ 573112.242421298637055, 8201750.283040727488697 ] ] ] } },
{ "type": "Feature", "properties": { "ano": 2010, "camada": "agua", "area_km2": 0.0054 }, "geometry": { "type": "Polygon", "coordinates": [ [ [ 571462.242421298637055, 8201810.283040727488697 ], [ 571462.242421298637055, 8201660.283040727488697 ], [ 571492.242421298637055, 8201660.283040727488697 ], [ 571492.242421298637055, 8201720.283040727488697 ], [ 571522.242421298637055, 8201720.283040727488697 ], [ 571522.242421298637055, 8201750.283040727488697 ], [ 571492.242421298637055, 8201750.283040727488697 ], [ 571492.242421298637055, 8201810.283040727488697 ], [ 571462.242421298637055, 8201810.283040727488697 ] ] ] } },
{ "type": "Feature", "properties": { "ano": 2010, "camada": "agua", "area_km2": 0.0009 }, "geometry": { "type": "Polygon", "coordinates": [ [ [ 571192.242421298637055, 8201690.283040727488697 ], [ 571192.242421298637055, 8201660.283040727488697 ], [ 571222.242421298637055, 8201660.283040727488697 ], [ 571222.242421298637055, 8201690.283040727488697 ], [ 571192.242421298637055, 8201690.283040727488697 ] ] ] } },
{ "type": "Feature", "properties": { "ano": 2010, "camada": "agua", "area_km2": 0.0009 }, "geometry": { "type": "Polygon", "coordinates": [ [ [ 571222.242421298637055, 8201660.283040727488697 ], [ 571222.242421298637055, 8201630.283040727488697 ], [ 571252.242421298637055, 8201630.283040727488697 ], [ 571252.242421298637055, 8201660.283040727488697 ], [ 571222.242421298637055, 8201660.283040727488697 ] ] ] } },
{ "type": "Feature", "properties": { "ano": 2010, "camada": "agua", "area_km2": 0.0009 }, "geometry": { "type": "Polygon", "coordinates": [ [ [ 571312.242421298637055, 8201660.283040727488697 ], [ 571312.242421298637055, 8201630.283040727488697 ], [ 571342.242421298637055, 8201630.283040727488697 ], [ 571342.242421298637055, 8201660.283040727488697 ], [ 571312.242421298637055, 8201660.283040727488697 ] ] ] } },
{ "type": "Feature", "properties": { "ano": 2010, "camada": "agua", "area_km2": 0.0009 }, "geometry": { "type": "Polygon", "coordinates": [ [ [ 572812.242421298637055, 8201660.283040727488697 ], [ 572812.242421298637055, 8201630.283040727488697 ], [ 572842.242421298637055, 8201630.283040727488697 ], [ 572842.242421298637055, 8201660.283040727488697 ], [ 572812.242421298637055, 8201660.283040727488697 ] ] ] } },
{ "type": "Feature", "properties": { "ano": 2010, "camada": "agua", "area_km2": 0.0054 }, "geometry": { "type": "Polygon", "coordinates": [ [ [ 571432.242421298637055, 8201660.283040727488697 ], [ 571432.242421298637055, 8201630.283040727488697 ], [ 571342.242421298637055, 8201630.283040727488697 ], [ 571342.242421298637055, 8201600.283040727488697 ], [ 571432.242421298637055, 8201600.283040727488697 ], [ 571432.242421298637055, 8201570.283040727488697 ], [ 571462.242421298637055, 8201570.283040727488697 ], [ 571462.242421298637055, 8201660.283040727488697 ], [ 571432.242421298637055, 8201660.283040727488697 ] ] ] } },
{ "type": "Feature", "properties": { "ano": 2010, "camada": "agua", "area_km2": 0.0018 }, "geometry": { "type": "Polygon", "coordinates": [ [ [ 573952.242421298637055, 8201630.283040727488697 ], [ 573952.242421298637055, 8201570.283040727488697 ], [ 573982.242421298637055, 8201570.283040727488697 ], [ 573982.242421298637055, 8201630.283040727488697 ], [ 573952.242421298637055, 8201630.283040727488697 ] ] ] } },
{ "type": "Feature", "properties": { "ano": 2010, "camada": "agua", "area_km2": 0.0009 }, "geometry": { "type": "Polygon", "coordinates": [ [ [ 573352.242421298637055, 8201600.283040727488697 ], [ 573352.242421298637055, 8201570.283040727488697 ], [ 573382.242421298637055, 8201570.283040727488697 ], [ 573382.242421298637055, 8201600.283040727488697 ], [ 573352.242421298637055, 8201600.283040727488697 ] ] ] } },
{ "type": "Feature", "properties": { "ano": 2010, "camada": "agua", "area_km2": 0.0009 }, "geometry": { "type": "Polygon", "coordinates": [ [ [ 571432.242421298637055, 8201540.283040727488697 ], [ 571432.242421298637055, 8201510.283040727488697 ], [ 571462.242421298637055, 8201510.283040727488697 ], [ 571462.242421298637055, 8201540.283040727488697 ], [ 571432.242421298637055, 8201540.283040727488697 ] ] ] } },
{ "type": "Feature", "properties": { "ano": 2010, "camada": "agua", "area_km2": 0.0009 }, "geometry": { "type": "Polygon", "coordinates": [ [ [ 571462.242421298637055, 8201510.283040727488697 ], [ 571462.242421298637055, 8201480.283040727488697 ], [ 571492.242421298637055, 8201480.283040727488697 ], [ 571492.242421298637055, 8201510.283040727488697 ], [ 571462.242421298637055, 8201510.283040727488697 ] ] ] } },
{ "type": "Feature", "properties": { "ano": 2010, "camada": "agua", "area_km2": 0.0009 }, "geometry": { "type": "Polygon", "coordinates": [ [ [ 573202.242421298637055, 8201510.283040727488697 ], [ 573202.242421298637055, 8201480.283040727488697 ], [ 573232.242421298637055, 8201480.283040727488697 ], [ 573232.242421298637055, 8201510.283040727488697 ], [ 573202.242421298637055, 8201510.283040727488697 ] ] ] } },
{ "type": "Feature", "properties": { "ano": 2010, "camada": "agua", "area_km2": 0.0009 }, "geometry": { "type": "Polygon", "coordinates": [ [ [ 571492.242421298637055, 8201480.283040727488697 ], [ 571492.242421298637055, 8201450.283040727488697 ], [ 571522.242421298637055, 8201450.283040727488697 ], [ 571522.242421298637055, 8201480.283040727488697 ], [ 571492.242421298637055, 8201480.283040727488697 ] ] ] } },
{ "type": "Feature", "properties": { "ano": 2010, "camada": "agua", "area_km2": 0.0009 }, "geometry": { "type": "Polygon", "coordinates": [ [ [ 573382.242421298637055, 8201480.283040727488697 ], [ 573382.242421298637055, 8201450.283040727488697 ], [ 573412.242421298637055, 8201450.283040727488697 ], [ 573412.242421298637055, 8201480.283040727488697 ], [ 573382.242421298637055, 8201480.283040727488697 ] ] ] } },
{ "type": "Feature", "properties": { "ano": 2010, "camada": "agua", "area_km2": 0.0009 }, "geometry": { "type": "Polygon", "coordinates": [ [ [ 573052.242421298637055, 8201450.283040727488697 ], [ 573052.242421298637055, 8201420.283040727488697 ], [ 573082.242421298637055, 8201420.283040727488697 ], [ 573082.242421298637055, 8201450.283040727488697 ], [ 573052.242421298637055, 8201450.283040727488697 ] ] ] } },
{ "type": "Feature", "properties": { "ano": 2010, "camada": "agua", "area_km2": 0.0009 }, "geometry": { "type": "Polygon", "coordinates": [ [ [ 571432.242421298637055, 8201420.283040727488697 ], [ 571432.242421298637055, 8201390.283040727488697 ], [ 571462.242421298637055, 8201390.283040727488697 ], [ 571462.242421298637055, 8201420.283040727488697 ], [ 571432.242421298637055, 8201420.283040727488697 ] ] ] } },
{ "type": "Feature", "properties": { "ano": 2010, "camada": "agua", "area_km2": 0.0009 }, "geometry": { "type": "Polygon", "coordinates": [ [ [ 573082.242421298637055, 8201420.283040727488697 ], [ 573082.242421298637055, 8201390.283040727488697 ], [ 573112.242421298637055, 8201390.283040727488697 ], [ 573112.242421298637055, 8201420.283040727488697 ], [ 573082.242421298637055, 8201420.283040727488697 ] ] ] } },
{ "type": "Feature", "properties": { "ano": 2010, "camada": "agua", "area_km2": 0.0009 }, "geometry": { "type": "Polygon", "coordinates": [ [ [ 573952.242421298637055, 8201420.283040727488697 ], [ 573952.242421298637055, 8201390.283040727488697 ], [ 573982.242421298637055, 8201390.283040727488697 ], [ 573982.242421298637055, 8201420.283040727488697 ], [ 573952.242421298637055, 8201420.283040727488697 ] ] ] } },
{ "type": "Feature", "properties": { "ano": 2010, "camada": "agua", "area_km2": 0.0009 }, "geometry": { "type": "Polygon", "coordinates": [ [ [ 571702.242421298637055, 8201390.283040727488697 ], [ 571702.242421298637055, 8201360.283040727488697 ], [ 571732.242421298637055, 8201360.283040727488697 ], [ 571732.242421298637055, 8201390.283040727488697 ], [ 571702.242421298637055, 8201390.283040727488697 ] ] ] } },
{ "type": "Feature", "properties": { "ano": 2010, "camada": "agua", "area_km2": 0.0009 }, "geometry": { "type": "Polygon", "coordinates": [ [ [ 571612.242421298637055, 8201270.283040727488697 ], [ 571612.242421298637055, 8201240.283040727488697 ], [ 571642.242421298637055, 8201240.283040727488697 ], [ 571642.242421298637055, 8201270.283040727488697 ], [ 571612.242421298637055, 8201270.283040727488697 ] ] ] } },
{ "type": "Feature", "properties": { "ano": 2010, "camada": "agua", "area_km2": 0.0009 }, "geometry": { "type": "Polygon", "coordinates": [ [ [ 571672.242421298637055, 8201270.283040727488697 ], [ 571672.242421298637055, 8201240.283040727488697 ], [ 571702.242421298637055, 8201240.283040727488697 ], [ 571702.242421298637055, 8201270.283040727488697 ], [ 571672.242421298637055, 8201270.283040727488697 ] ] ] } },
{ "type": "Feature", "properties": { "ano": 2010, "camada": "agua", "area_km2": 0.0009 }, "geometry": { "type": "Polygon", "coordinates": [ [ [ 573262.242421298637055, 8201240.283040727488697 ], [ 573262.242421298637055, 8201210.283040727488697 ], [ 573292.242421298637055, 8201210.283040727488697 ], [ 573292.242421298637055, 8201240.283040727488697 ], [ 573262.242421298637055, 8201240.283040727488697 ] ] ] } },
{ "type": "Feature", "properties": { "ano": 2010, "camada": "agua", "area_km2": 0.0009 }, "geometry": { "type": "Polygon", "coordinates": [ [ [ 571822.242421298637055, 8201180.283040727488697 ], [ 571822.242421298637055, 8201150.283040727488697 ], [ 571852.242421298637055, 8201150.283040727488697 ], [ 571852.242421298637055, 8201180.283040727488697 ], [ 571822.242421298637055, 8201180.283040727488697 ] ] ] } },
{ "type": "Feature", "properties": { "ano": 2010, "camada": "agua", "area_km2": 0.0009 }, "geometry": { "type": "Polygon", "coordinates": [ [ [ 573322.242421298637055, 8201180.283040727488697 ], [ 573322.242421298637055, 8201150.283040727488697 ], [ 573352.242421298637055, 8201150.283040727488697 ], [ 573352.242421298637055, 8201180.283040727488697 ], [ 573322.242421298637055, 8201180.283040727488697 ] ] ] } },
{ "type": "Feature", "properties": { "ano": 2010, "camada": "agua", "area_km2": 0.0009 }, "geometry": { "type": "Polygon", "coordinates": [ [ [ 571942.242421298637055, 8201090.283040727488697 ], [ 571942.242421298637055, 8201060.283040727488697 ], [ 571972.242421298637055, 8201060.283040727488697 ], [ 571972.242421298637055, 8201090.283040727488697 ], [ 571942.242421298637055, 8201090.283040727488697 ] ] ] } },
{ "type": "Feature", "properties": { "ano": 2010, "camada": "agua", "area_km2": 0.0009 }, "geometry": { "type": "Polygon", "coordinates": [ [ [ 571972.242421298637055, 8201060.283040727488697 ], [ 571972.242421298637055, 8201030.283040727488697 ], [ 572002.242421298637055, 8201030.283040727488697 ], [ 572002.242421298637055, 8201060.283040727488697 ], [ 571972.242421298637055, 8201060.283040727488697 ] ] ] } },
{ "type": "Feature", "properties": { "ano": 2010, "camada": "agua", "area_km2": 0.0009 }, "geometry": { "type": "Polygon", "coordinates": [ [ [ 573382.242421298637055, 8201060.283040727488697 ], [ 573382.242421298637055, 8201030.283040727488697 ], [ 573412.242421298637055, 8201030.283040727488697 ], [ 573412.242421298637055, 8201060.283040727488697 ], [ 573382.242421298637055, 8201060.283040727488697 ] ] ] } },
{ "type": "Feature", "properties": { "ano": 2010, "camada": "agua", "area_km2": 0.0009 }, "geometry": { "type": "Polygon", "coordinates": [ [ [ 572422.242421298637055, 8201030.283040727488697 ], [ 572422.242421298637055, 8201000.283040727488697 ], [ 572452.242421298637055, 8201000.283040727488697 ], [ 572452.242421298637055, 8201030.283040727488697 ], [ 572422.242421298637055, 8201030.283040727488697 ] ] ] } },
{ "type": "Feature", "properties": { "ano": 2010, "camada": "agua", "area_km2": 0.0009 }, "geometry": { "type": "Polygon", "coordinates": [ [ [ 572182.242421298637055, 8200970.283040727488697 ], [ 572182.242421298637055, 8200940.283040727488697 ], [ 572212.242421298637055, 8200940.283040727488697 ], [ 572212.242421298637055, 8200970.283040727488697 ], [ 572182.242421298637055, 8200970.283040727488697 ] ] ] } },
{ "type": "Feature", "properties": { "ano": 2010, "camada": "agua", "area_km2": 0.0009 }, "geometry": { "type": "Polygon", "coordinates": [ [ [ 574222.242421298637055, 8200970.283040727488697 ], [ 574222.242421298637055, 8200940.283040727488697 ], [ 574252.242421298637055, 8200940.283040727488697 ], [ 574252.242421298637055, 8200970.283040727488697 ], [ 574222.242421298637055, 8200970.283040727488697 ] ] ] } },
{ "type": "Feature", "properties": { "ano": 2010, "camada": "agua", "area_km2": 0.0009 }, "geometry": { "type": "Polygon", "coordinates": [ [ [ 574252.242421298637055, 8200940.283040727488697 ], [ 574252.242421298637055, 8200910.283040727488697 ], [ 574282.242421298637055, 8200910.283040727488697 ], [ 574282.242421298637055, 8200940.283040727488697 ], [ 574252.242421298637055, 8200940.283040727488697 ] ] ] } },
{ "type": "Feature", "properties": { "ano": 2010, "camada": "agua", "area_km2": 0.0009 }, "geometry": { "type": "Polygon", "coordinates": [ [ [ 572572.242421298637055, 8200910.283040727488697 ], [ 572572.242421298637055, 8200880.283040727488697 ], [ 572602.242421298637055, 8200880.283040727488697 ], [ 572602.242421298637055, 8200910.283040727488697 ], [ 572572.242421298637055, 8200910.283040727488697 ] ] ] } },
{ "type": "Feature", "properties": { "ano": 2010, "camada": "agua", "area_km2": 0.0009 }, "geometry": { "type": "Polygon", "coordinates": [ [ [ 573502.242421298637055, 8200910.283040727488697 ], [ 573502.242421298637055, 8200880.283040727488697 ], [ 573532.242421298637055, 8200880.283040727488697 ], [ 573532.242421298637055, 8200910.283040727488697 ], [ 573502.242421298637055, 8200910.283040727488697 ] ] ] } },
{ "type": "Feature", "properties": { "ano": 2010, "camada": "agua", "area_km2": 0.0009 }, "geometry": { "type": "Polygon", "coordinates": [ [ [ 574282.242421298637055, 8200910.283040727488697 ], [ 574282.242421298637055, 8200880.283040727488697 ], [ 574312.242421298637055, 8200880.283040727488697 ], [ 574312.242421298637055, 8200910.283040727488697 ], [ 574282.242421298637055, 8200910.283040727488697 ] ] ] } },
{ "type": "Feature", "properties": { "ano": 2010, "camada": "agua", "area_km2": 0.0009 }, "geometry": { "type": "Polygon", "coordinates": [ [ [ 573682.242421298637055, 8200880.283040727488697 ], [ 573682.242421298637055, 8200850.283040727488697 ], [ 573712.242421298637055, 8200850.283040727488697 ], [ 573712.242421298637055, 8200880.283040727488697 ], [ 573682.242421298637055, 8200880.283040727488697 ] ] ] } },
{ "type": "Feature", "properties": { "ano": 2010, "camada": "agua", "area_km2": 0.0009 }, "geometry": { "type": "Polygon", "coordinates": [ [ [ 572662.242421298637055, 8200850.283040727488697 ], [ 572662.242421298637055, 8200820.283040727488697 ], [ 572692.242421298637055, 8200820.283040727488697 ], [ 572692.242421298637055, 8200850.283040727488697 ], [ 572662.242421298637055, 8200850.283040727488697 ] ] ] } },
{ "type": "Feature", "properties": { "ano": 2010, "camada": "agua", "area_km2": 0.0009 }, "geometry": { "type": "Polygon", "coordinates": [ [ [ 573742.242421298637055, 8200850.283040727488697 ], [ 573742.242421298637055, 8200820.283040727488697 ], [ 573772.242421298637055, 8200820.283040727488697 ], [ 573772.242421298637055, 8200850.283040727488697 ], [ 573742.242421298637055, 8200850.283040727488697 ] ] ] } },
{ "type": "Feature", "properties": { "ano": 2010, "camada": "agua", "area_km2": 0.0009 }, "geometry": { "type": "Polygon", "coordinates": [ [ [ 572362.242421298637055, 8200820.283040727488697 ], [ 572362.242421298637055, 8200790.283040727488697 ], [ 572392.242421298637055, 8200790.283040727488697 ], [ 572392.242421298637055, 8200820.283040727488697 ], [ 572362.242421298637055, 8200820.283040727488697 ] ] ] } },
{ "type": "Feature", "properties": { "ano": 2010, "camada": "agua", "area_km2": 0.0009 }, "geometry": { "type": "Polygon", "coordinates": [ [ [ 574342.242421298637055, 8200820.283040727488697 ], [ 574342.242421298637055, 8200790.283040727488697 ], [ 574372.242421298637055, 8200790.283040727488697 ], [ 574372.242421298637055, 8200820.283040727488697 ], [ 574342.242421298637055, 8200820.283040727488697 ] ] ] } },
{ "type": "Feature", "properties": { "ano": 2010, "camada": "agua", "area_km2": 0.0018 }, "geometry": { "type": "Polygon", "coordinates": [ [ [ 573502.242421298637055, 8200790.283040727488697 ], [ 573502.242421298637055, 8200730.283040727488697 ], [ 573532.242421298637055, 8200730.283040727488697 ], [ 573532.242421298637055, 8200790.283040727488697 ], [ 573502.242421298637055, 8200790.283040727488697 ] ] ] } },
{ "type": "Feature", "properties": { "ano": 2010, "camada": "agua", "area_km2": 0.0009 }, "geometry": { "type": "Polygon", "coordinates": [ [ [ 574372.242421298637055, 8200760.283040727488697 ], [ 574372.242421298637055, 8200730.283040727488697 ], [ 574402.242421298637055, 8200730.283040727488697 ], [ 574402.242421298637055, 8200760.283040727488697 ], [ 574372.242421298637055, 8200760.283040727488697 ] ] ] } },
{ "type": "Feature", "properties": { "ano": 2010, "camada": "agua", "area_km2": 0.0009 }, "geometry": { "type": "Polygon", "coordinates": [ [ [ 572842.242421298637055, 8200700.283040727488697 ], [ 572842.242421298637055, 8200670.283040727488697 ], [ 572872.242421298637055, 8200670.283040727488697 ], [ 572872.242421298637055, 8200700.283040727488697 ], [ 572842.242421298637055, 8200700.283040727488697 ] ] ] } },
{ "type": "Feature", "properties": { "ano": 2010, "camada": "agua", "area_km2": 0.0009 }, "geometry": { "type": "Polygon", "coordinates": [ [ [ 572572.242421298637055, 8200670.283040727488697 ], [ 572572.242421298637055, 8200640.283040727488697 ], [ 572602.242421298637055, 8200640.283040727488697 ], [ 572602.242421298637055, 8200670.283040727488697 ], [ 572572.242421298637055, 8200670.283040727488697 ] ] ] } },
{ "type": "Feature", "properties": { "ano": 2010, "camada": "agua", "area_km2": 0.0009 }, "geometry": { "type": "Polygon", "coordinates": [ [ [ 573532.242421298637055, 8200670.283040727488697 ], [ 573532.242421298637055, 8200640.283040727488697 ], [ 573562.242421298637055, 8200640.283040727488697 ], [ 573562.242421298637055, 8200670.283040727488697 ], [ 573532.242421298637055, 8200670.283040727488697 ] ] ] } },
{ "type": "Feature", "properties": { "ano": 2010, "camada": "agua", "area_km2": 0.0009 }, "geometry": { "type": "Polygon", "coordinates": [ [ [ 574432.242421298637055, 8200670.283040727488697 ], [ 574432.242421298637055, 8200640.283040727488697 ], [ 574462.242421298637055, 8200640.283040727488697 ], [ 574462.242421298637055, 8200670.283040727488697 ], [ 574432.242421298637055, 8200670.283040727488697 ] ] ] } },
{ "type": "Feature", "properties": { "ano": 2010, "camada": "agua", "area_km2": 0.0009 }, "geometry": { "type": "Polygon", "coordinates": [ [ [ 572602.242421298637055, 8200640.283040727488697 ], [ 572602.242421298637055, 8200610.283040727488697 ], [ 572632.242421298637055, 8200610.283040727488697 ], [ 572632.242421298637055, 8200640.283040727488697 ], [ 572602.242421298637055, 8200640.283040727488697 ] ] ] } },
{ "type": "Feature", "properties": { "ano": 2010, "camada": "agua", "area_km2": 0.0009 }, "geometry": { "type": "Polygon", "coordinates": [ [ [ 573862.242421298637055, 8200640.283040727488697 ], [ 573862.242421298637055, 8200610.283040727488697 ], [ 573892.242421298637055, 8200610.283040727488697 ], [ 573892.242421298637055, 8200640.283040727488697 ], [ 573862.242421298637055, 8200640.283040727488697 ] ] ] } },
{ "type": "Feature", "properties": { "ano": 2010, "camada": "agua", "area_km2": 0.0018 }, "geometry": { "type": "Polygon", "coordinates": [ [ [ 573082.242421298637055, 8200610.283040727488697 ], [ 573082.242421298637055, 8200580.283040727488697 ], [ 573142.242421298637055, 8200580.283040727488697 ], [ 573142.242421298637055, 8200610.283040727488697 ], [ 573082.242421298637055, 8200610.283040727488697 ] ] ] } },
{ "type": "Feature", "properties": { "ano": 2010, "camada": "agua", "area_km2": 0.0009 }, "geometry": { "type": "Polygon", "coordinates": [ [ [ 573652.242421298637055, 8200610.283040727488697 ], [ 573652.242421298637055, 8200580.283040727488697 ], [ 573682.242421298637055, 8200580.283040727488697 ], [ 573682.242421298637055, 8200610.283040727488697 ], [ 573652.242421298637055, 8200610.283040727488697 ] ] ] } },
{ "type": "Feature", "properties": { "ano": 2010, "camada": "agua", "area_km2": 0.0018 }, "geometry": { "type": "Polygon", "coordinates": [ [ [ 573172.242421298637055, 8200610.283040727488697 ], [ 573172.242421298637055, 8200550.283040727488697 ], [ 573202.242421298637055, 8200550.283040727488697 ], [ 573202.242421298637055, 8200610.283040727488697 ], [ 573172.242421298637055, 8200610.283040727488697 ] ] ] } },
{ "type": "Feature", "properties": { "ano": 2010, "camada": "agua", "area_km2": 0.0009 }, "geometry": { "type": "Polygon", "coordinates": [ [ [ 572632.242421298637055, 8200580.283040727488697 ], [ 572632.242421298637055, 8200550.283040727488697 ], [ 572662.242421298637055, 8200550.283040727488697 ], [ 572662.242421298637055, 8200580.283040727488697 ], [ 572632.242421298637055, 8200580.283040727488697 ] ] ] } },
{ "type": "Feature", "properties": { "ano": 2010, "camada": "agua", "area_km2": 0.0009 }, "geometry": { "type": "Polygon", "coordinates": [ [ [ 572662.242421298637055, 8200550.283040727488697 ], [ 572662.242421298637055, 8200520.283040727488697 ], [ 572692.242421298637055, 8200520.283040727488697 ], [ 572692.242421298637055, 8200550.283040727488697 ], [ 572662.242421298637055, 8200550.283040727488697 ] ] ] } },
{ "type": "Feature", "properties": { "ano": 2010, "camada": "agua", "area_km2": 0.0009 }, "geometry": { "type": "Polygon", "coordinates": [ [ [ 573202.242421298637055, 8200550.283040727488697 ], [ 573202.242421298637055, 8200520.283040727488697 ], [ 573232.242421298637055, 8200520.283040727488697 ], [ 573232.242421298637055, 8200550.283040727488697 ], [ 573202.242421298637055, 8200550.283040727488697 ] ] ] } },
{ "type": "Feature", "properties": { "ano": 2010, "camada": "agua", "area_km2": 0.0009 }, "geometry": { "type": "Polygon", "coordinates": [ [ [ 572692.242421298637055, 8200520.283040727488697 ], [ 572692.242421298637055, 8200490.283040727488697 ], [ 572722.242421298637055, 8200490.283040727488697 ], [ 572722.242421298637055, 8200520.283040727488697 ], [ 572692.242421298637055, 8200520.283040727488697 ] ] ] } },
{ "type": "Feature", "properties": { "ano": 2010, "camada": "agua", "area_km2": 0.0009 }, "geometry": { "type": "Polygon", "coordinates": [ [ [ 573622.242421298637055, 8200520.283040727488697 ], [ 573622.242421298637055, 8200490.283040727488697 ], [ 573652.242421298637055, 8200490.283040727488697 ], [ 573652.242421298637055, 8200520.283040727488697 ], [ 573622.242421298637055, 8200520.283040727488697 ] ] ] } },
{ "type": "Feature", "properties": { "ano": 2010, "camada": "agua", "area_km2": 0.0009 }, "geometry": { "type": "Polygon", "coordinates": [ [ [ 572722.242421298637055, 8200490.283040727488697 ], [ 572722.242421298637055, 8200460.283040727488697 ], [ 572752.242421298637055, 8200460.283040727488697 ], [ 572752.242421298637055, 8200490.283040727488697 ], [ 572722.242421298637055, 8200490.283040727488697 ] ] ] } },
{ "type": "Feature", "properties": { "ano": 2010, "camada": "agua", "area_km2": 0.0009 }, "geometry": { "type": "Polygon", "coordinates": [ [ [ 574582.242421298637055, 8200490.283040727488697 ], [ 574582.242421298637055, 8200460.283040727488697 ], [ 574612.242421298637055, 8200460.283040727488697 ], [ 574612.242421298637055, 8200490.283040727488697 ], [ 574582.242421298637055, 8200490.283040727488697 ] ] ] } },
{ "type": "Feature", "properties": { "ano": 2010, "camada": "agua", "area_km2": 0.0009 }, "geometry": { "type": "Polygon", "coordinates": [ [ [ 572902.242421298637055, 8200460.283040727488697 ], [ 572902.242421298637055, 8200430.283040727488697 ], [ 572932.242421298637055, 8200430.283040727488697 ], [ 572932.242421298637055, 8200460.283040727488697 ], [ 572902.242421298637055, 8200460.283040727488697 ] ] ] } },
{ "type": "Feature", "properties": { "ano": 2010, "camada": "agua", "area_km2": 0.0009 }, "geometry": { "type": "Polygon", "coordinates": [ [ [ 573712.242421298637055, 8200460.283040727488697 ], [ 573712.242421298637055, 8200430.283040727488697 ], [ 573742.242421298637055, 8200430.283040727488697 ], [ 573742.242421298637055, 8200460.283040727488697 ], [ 573712.242421298637055, 8200460.283040727488697 ] ] ] } },
{ "type": "Feature", "properties": { "ano": 2010, "camada": "agua", "area_km2": 0.0009 }, "geometry": { "type": "Polygon", "coordinates": [ [ [ 573802.242421298637055, 8200460.283040727488697 ], [ 573802.242421298637055, 8200430.283040727488697 ], [ 573832.242421298637055, 8200430.283040727488697 ], [ 573832.242421298637055, 8200460.283040727488697 ], [ 573802.242421298637055, 8200460.283040727488697 ] ] ] } },
{ "type": "Feature", "properties": { "ano": 2010, "camada": "agua", "area_km2": 0.0009 }, "geometry": { "type": "Polygon", "coordinates": [ [ [ 574612.242421298637055, 8200460.283040727488697 ], [ 574612.242421298637055, 8200430.283040727488697 ], [ 574642.242421298637055, 8200430.283040727488697 ], [ 574642.242421298637055, 8200460.283040727488697 ], [ 574612.242421298637055, 8200460.283040727488697 ] ] ] } },
{ "type": "Feature", "properties": { "ano": 2010, "camada": "agua", "area_km2": 0.0009 }, "geometry": { "type": "Polygon", "coordinates": [ [ [ 573832.242421298637055, 8200400.283040727488697 ], [ 573832.242421298637055, 8200370.283040727488697 ], [ 573862.242421298637055, 8200370.283040727488697 ], [ 573862.242421298637055, 8200400.283040727488697 ], [ 573832.242421298637055, 8200400.283040727488697 ] ] ] } },
{ "type": "Feature", "properties": { "ano": 2010, "camada": "agua", "area_km2": 0.0009 }, "geometry": { "type": "Polygon", "coordinates": [ [ [ 573082.242421298637055, 8200370.283040727488697 ], [ 573082.242421298637055, 8200340.283040727488697 ], [ 573112.242421298637055, 8200340.283040727488697 ], [ 573112.242421298637055, 8200370.283040727488697 ], [ 573082.242421298637055, 8200370.283040727488697 ] ] ] } },
{ "type": "Feature", "properties": { "ano": 2010, "camada": "agua", "area_km2": 0.0009 }, "geometry": { "type": "Polygon", "coordinates": [ [ [ 573442.242421298637055, 8200340.283040727488697 ], [ 573442.242421298637055, 8200310.283040727488697 ], [ 573472.242421298637055, 8200310.283040727488697 ], [ 573472.242421298637055, 8200340.283040727488697 ], [ 573442.242421298637055, 8200340.283040727488697 ] ] ] } },
{ "type": "Feature", "properties": { "ano": 2010, "camada": "agua", "area_km2": 0.0009 }, "geometry": { "type": "Polygon", "coordinates": [ [ [ 573712.242421298637055, 8200340.283040727488697 ], [ 573712.242421298637055, 8200310.283040727488697 ], [ 573742.242421298637055, 8200310.283040727488697 ], [ 573742.242421298637055, 8200340.283040727488697 ], [ 573712.242421298637055, 8200340.283040727488697 ] ] ] } },
{ "type": "Feature", "properties": { "ano": 2010, "camada": "agua", "area_km2": 0.0009 }, "geometry": { "type": "Polygon", "coordinates": [ [ [ 574762.242421298637055, 8200340.283040727488697 ], [ 574762.242421298637055, 8200310.283040727488697 ], [ 574792.242421298637055, 8200310.283040727488697 ], [ 574792.242421298637055, 8200340.283040727488697 ], [ 574762.242421298637055, 8200340.283040727488697 ] ] ] } },
{ "type": "Feature", "properties": { "ano": 2010, "camada": "agua", "area_km2": 0.0009 }, "geometry": { "type": "Polygon", "coordinates": [ [ [ 574792.242421298637055, 8200310.283040727488697 ], [ 574792.242421298637055, 8200280.283040727488697 ], [ 574822.242421298637055, 8200280.283040727488697 ], [ 574822.242421298637055, 8200310.283040727488697 ], [ 574792.242421298637055, 8200310.283040727488697 ] ] ] } },
{ "type": "Feature", "properties": { "ano": 2010, "camada": "agua", "area_km2": 0.0009 }, "geometry": { "type": "Polygon", "coordinates": [ [ [ 573292.242421298637055, 8200220.283040727488697 ], [ 573292.242421298637055, 8200190.283040727488697 ], [ 573322.242421298637055, 8200190.283040727488697 ], [ 573322.242421298637055, 8200220.283040727488697 ], [ 573292.242421298637055, 8200220.283040727488697 ] ] ] } },
{ "type": "Feature", "properties": { "ano": 2010, "camada": "agua", "area_km2": 0.0009 }, "geometry": { "type": "Polygon", "coordinates": [ [ [ 573652.242421298637055, 8200220.283040727488697 ], [ 573652.242421298637055, 8200190.283040727488697 ], [ 573682.242421298637055, 8200190.283040727488697 ], [ 573682.242421298637055, 8200220.283040727488697 ], [ 573652.242421298637055, 8200220.283040727488697 ] ] ] } },
{ "type": "Feature", "properties": { "ano": 2010, "camada": "agua", "area_km2": 0.0009 }, "geometry": { "type": "Polygon", "coordinates": [ [ [ 573322.242421298637055, 8200190.283040727488697 ], [ 573322.242421298637055, 8200160.283040727488697 ], [ 573352.242421298637055, 8200160.283040727488697 ], [ 573352.242421298637055, 8200190.283040727488697 ], [ 573322.242421298637055, 8200190.283040727488697 ] ] ] } },
{ "type": "Feature", "properties": { "ano": 2010, "camada": "agua", "area_km2": 0.0009 }, "geometry": { "type": "Polygon", "coordinates": [ [ [ 574882.242421298637055, 8200190.283040727488697 ], [ 574882.242421298637055, 8200160.283040727488697 ], [ 574912.242421298637055, 8200160.283040727488697 ], [ 574912.242421298637055, 8200190.283040727488697 ], [ 574882.242421298637055, 8200190.283040727488697 ] ] ] } },
{ "type": "Feature", "properties": { "ano": 2010, "camada": "agua", "area_km2": 0.0009 }, "geometry": { "type": "Polygon", "coordinates": [ [ [ 574912.242421298637055, 8200160.283040727488697 ], [ 574912.242421298637055, 8200130.283040727488697 ], [ 574942.242421298637055, 8200130.283040727488697 ], [ 574942.242421298637055, 8200160.283040727488697 ], [ 574912.242421298637055, 8200160.283040727488697 ] ] ] } },
{ "type": "Feature", "properties": { "ano": 2010, "camada": "agua", "area_km2": 0.0009 }, "geometry": { "type": "Polygon", "coordinates": [ [ [ 573352.242421298637055, 8200130.283040727488697 ], [ 573352.242421298637055, 8200100.283040727488697 ], [ 573382.242421298637055, 8200100.283040727488697 ], [ 573382.242421298637055, 8200130.283040727488697 ], [ 573352.242421298637055, 8200130.283040727488697 ] ] ] } },
{ "type": "Feature", "properties": { "ano": 2010, "camada": "agua", "area_km2": 0.0009 }, "geometry": { "type": "Polygon", "coordinates": [ [ [ 574162.242421298637055, 8200130.283040727488697 ], [ 574162.242421298637055, 8200100.283040727488697 ], [ 574192.242421298637055, 8200100.283040727488697 ], [ 574192.242421298637055, 8200130.283040727488697 ], [ 574162.242421298637055, 8200130.283040727488697 ] ] ] } },
{ "type": "Feature", "properties": { "ano": 2010, "camada": "agua", "area_km2": 0.0009 }, "geometry": { "type": "Polygon", "coordinates": [ [ [ 573382.242421298637055, 8200100.283040727488697 ], [ 573382.242421298637055, 8200070.283040727488697 ], [ 573412.242421298637055, 8200070.283040727488697 ], [ 573412.242421298637055, 8200100.283040727488697 ], [ 573382.242421298637055, 8200100.283040727488697 ] ] ] } },
{ "type": "Feature", "properties": { "ano": 2010, "camada": "agua", "area_km2": 0.0009 }, "geometry": { "type": "Polygon", "coordinates": [ [ [ 574012.242421298637055, 8200040.283040727488697 ], [ 574012.242421298637055, 8200010.283040727488697 ], [ 574042.242421298637055, 8200010.283040727488697 ], [ 574042.242421298637055, 8200040.283040727488697 ], [ 574012.242421298637055, 8200040.283040727488697 ] ] ] } },
{ "type": "Feature", "properties": { "ano": 2010, "camada": "agua", "area_km2": 0.0009 }, "geometry": { "type": "Polygon", "coordinates": [ [ [ 574642.242421298637055, 8200040.283040727488697 ], [ 574642.242421298637055, 8200010.283040727488697 ], [ 574672.242421298637055, 8200010.283040727488697 ], [ 574672.242421298637055, 8200040.283040727488697 ], [ 574642.242421298637055, 8200040.283040727488697 ] ] ] } },
{ "type": "Feature", "properties": { "ano": 2010, "camada": "agua", "area_km2": 0.0018 }, "geometry": { "type": "Polygon", "coordinates": [ [ [ 573502.242421298637055, 8199950.283040727488697 ], [ 573502.242421298637055, 8199890.283040727488697 ], [ 573532.242421298637055, 8199890.283040727488697 ], [ 573532.242421298637055, 8199950.283040727488697 ], [ 573502.242421298637055, 8199950.283040727488697 ] ] ] } },
{ "type": "Feature", "properties": { "ano": 2010, "camada": "agua", "area_km2": 0.0027 }, "geometry": { "type": "Polygon", "coordinates": [ [ [ 574252.242421298637055, 8199950.283040727488697 ], [ 574252.242421298637055, 8199860.283040727488697 ], [ 574282.242421298637055, 8199860.283040727488697 ], [ 574282.242421298637055, 8199950.283040727488697 ], [ 574252.242421298637055, 8199950.283040727488697 ] ] ] } },
{ "type": "Feature", "properties": { "ano": 2010, "camada": "agua", "area_km2": 0.0009 }, "geometry": { "type": "Polygon", "coordinates": [ [ [ 573532.242421298637055, 8199890.283040727488697 ], [ 573532.242421298637055, 8199860.283040727488697 ], [ 573562.242421298637055, 8199860.283040727488697 ], [ 573562.242421298637055, 8199890.283040727488697 ], [ 573532.242421298637055, 8199890.283040727488697 ] ] ] } },
{ "type": "Feature", "properties": { "ano": 2010, "camada": "agua", "area_km2": 0.0018 }, "geometry": { "type": "Polygon", "coordinates": [ [ [ 574732.242421298637055, 8199890.283040727488697 ], [ 574732.242421298637055, 8199830.283040727488697 ], [ 574762.242421298637055, 8199830.283040727488697 ], [ 574762.242421298637055, 8199890.283040727488697 ], [ 574732.242421298637055, 8199890.283040727488697 ] ] ] } },
{ "type": "Feature", "properties": { "ano": 2010, "camada": "agua", "area_km2": 0.0009 }, "geometry": { "type": "Polygon", "coordinates": [ [ [ 573562.242421298637055, 8199860.283040727488697 ], [ 573562.242421298637055, 8199830.283040727488697 ], [ 573592.242421298637055, 8199830.283040727488697 ], [ 573592.242421298637055, 8199860.283040727488697 ], [ 573562.242421298637055, 8199860.283040727488697 ] ] ] } },
{ "type": "Feature", "properties": { "ano": 2010, "camada": "agua", "area_km2": 0.0009 }, "geometry": { "type": "Polygon", "coordinates": [ [ [ 574192.242421298637055, 8199830.283040727488697 ], [ 574192.242421298637055, 8199800.283040727488697 ], [ 574222.242421298637055, 8199800.283040727488697 ], [ 574222.242421298637055, 8199830.283040727488697 ], [ 574192.242421298637055, 8199830.283040727488697 ] ] ] } },
{ "type": "Feature", "properties": { "ano": 2010, "camada": "agua", "area_km2": 0.0009 }, "geometry": { "type": "Polygon", "coordinates": [ [ [ 573592.242421298637055, 8199770.283040727488697 ], [ 573592.242421298637055, 8199740.283040727488697 ], [ 573622.242421298637055, 8199740.283040727488697 ], [ 573622.242421298637055, 8199770.283040727488697 ], [ 573592.242421298637055, 8199770.283040727488697 ] ] ] } },
{ "type": "Feature", "properties": { "ano": 2010, "camada": "agua", "area_km2": 0.0009 }, "geometry": { "type": "Polygon", "coordinates": [ [ [ 574972.242421298637055, 8199740.283040727488697 ], [ 574972.242421298637055, 8199710.283040727488697 ], [ 575002.242421298637055, 8199710.283040727488697 ], [ 575002.242421298637055, 8199740.283040727488697 ], [ 574972.242421298637055, 8199740.283040727488697 ] ] ] } },
{ "type": "Feature", "properties": { "ano": 2010, "camada": "agua", "area_km2": 0.0018 }, "geometry": { "type": "Polygon", "coordinates": [ [ [ 573712.242421298637055, 8199710.283040727488697 ], [ 573712.242421298637055, 8199680.283040727488697 ], [ 573772.242421298637055, 8199680.283040727488697 ], [ 573772.242421298637055, 8199710.283040727488697 ], [ 573712.242421298637055, 8199710.283040727488697 ] ] ] } },
{ "type": "Feature", "properties": { "ano": 2010, "camada": "agua", "area_km2": 0.0009 }, "geometry": { "type": "Polygon", "coordinates": [ [ [ 573682.242421298637055, 8199650.283040727488697 ], [ 573682.242421298637055, 8199620.283040727488697 ], [ 573712.242421298637055, 8199620.283040727488697 ], [ 573712.242421298637055, 8199650.283040727488697 ], [ 573682.242421298637055, 8199650.283040727488697 ] ] ] } },
{ "type": "Feature", "properties": { "ano": 2010, "camada": "agua", "area_km2": 0.0009 }, "geometry": { "type": "Polygon", "coordinates": [ [ [ 573862.242421298637055, 8199650.283040727488697 ], [ 573862.242421298637055, 8199620.283040727488697 ], [ 573892.242421298637055, 8199620.283040727488697 ], [ 573892.242421298637055, 8199650.283040727488697 ], [ 573862.242421298637055, 8199650.283040727488697 ] ] ] } },
{ "type": "Feature", "properties": { "ano": 2010, "camada": "agua", "area_km2": 0.0009 }, "geometry": { "type": "Polygon", "coordinates": [ [ [ 574582.242421298637055, 8199650.283040727488697 ], [ 574582.242421298637055, 8199620.283040727488697 ], [ 574612.242421298637055, 8199620.283040727488697 ], [ 574612.242421298637055, 8199650.283040727488697 ], [ 574582.242421298637055, 8199650.283040727488697 ] ] ] } },
{ "type": "Feature", "properties": { "ano": 2010, "camada": "agua", "area_km2": 0.0009 }, "geometry": { "type": "Polygon", "coordinates": [ [ [ 573892.242421298637055, 8199620.283040727488697 ], [ 573892.242421298637055, 8199590.283040727488697 ], [ 573922.242421298637055, 8199590.283040727488697 ], [ 573922.242421298637055, 8199620.283040727488697 ], [ 573892.242421298637055, 8199620.283040727488697 ] ] ] } },
{ "type": "Feature", "properties": { "ano": 2010, "camada": "agua", "area_km2": 0.0009 }, "geometry": { "type": "Polygon", "coordinates": [ [ [ 573922.242421298637055, 8199560.283040727488697 ], [ 573922.242421298637055, 8199530.283040727488697 ], [ 573952.242421298637055, 8199530.283040727488697 ], [ 573952.242421298637055, 8199560.283040727488697 ], [ 573922.242421298637055, 8199560.283040727488697 ] ] ] } },
{ "type": "Feature", "properties": { "ano": 2010, "camada": "agua", "area_km2": 0.0009 }, "geometry": { "type": "Polygon", "coordinates": [ [ [ 574612.242421298637055, 8199560.283040727488697 ], [ 574612.242421298637055, 8199530.283040727488697 ], [ 574642.242421298637055, 8199530.283040727488697 ], [ 574642.242421298637055, 8199560.283040727488697 ], [ 574612.242421298637055, 8199560.283040727488697 ] ] ] } },
{ "type": "Feature", "properties": { "ano": 2010, "camada": "agua", "area_km2": 0.0018 }, "geometry": { "type": "Polygon", "coordinates": [ [ [ 573832.242421298637055, 8199530.283040727488697 ], [ 573832.242421298637055, 8199470.283040727488697 ], [ 573862.242421298637055, 8199470.283040727488697 ], [ 573862.242421298637055, 8199530.283040727488697 ], [ 573832.242421298637055, 8199530.283040727488697 ] ] ] } },
{ "type": "Feature", "properties": { "ano": 2010, "camada": "agua", "area_km2": 0.0018 }, "geometry": { "type": "Polygon", "coordinates": [ [ [ 574942.242421298637055, 8199500.283040727488697 ], [ 574942.242421298637055, 8199440.283040727488697 ], [ 574972.242421298637055, 8199440.283040727488697 ], [ 574972.242421298637055, 8199500.283040727488697 ], [ 574942.242421298637055, 8199500.283040727488697 ] ] ] } },
{ "type": "Feature", "properties": { "ano": 2010, "camada": "agua", "area_km2": 0.0009 }, "geometry": { "type": "Polygon", "coordinates": [ [ [ 573862.242421298637055, 8199470.283040727488697 ], [ 573862.242421298637055, 8199440.283040727488697 ], [ 573892.242421298637055, 8199440.283040727488697 ], [ 573892.242421298637055, 8199470.283040727488697 ], [ 573862.242421298637055, 8199470.283040727488697 ] ] ] } },
{ "type": "Feature", "properties": { "ano": 2010, "camada": "agua", "area_km2": 0.0009 }, "geometry": { "type": "Polygon", "coordinates": [ [ [ 574102.242421298637055, 8199410.283040727488697 ], [ 574102.242421298637055, 8199380.283040727488697 ], [ 574132.242421298637055, 8199380.283040727488697 ], [ 574132.242421298637055, 8199410.283040727488697 ], [ 574102.242421298637055, 8199410.283040727488697 ] ] ] } },
{ "type": "Feature", "properties": { "ano": 2010, "camada": "agua", "area_km2": 0.0009 }, "geometry": { "type": "Polygon", "coordinates": [ [ [ 574042.242421298637055, 8199350.283040727488697 ], [ 574042.242421298637055, 8199320.283040727488697 ], [ 574072.242421298637055, 8199320.283040727488697 ], [ 574072.242421298637055, 8199350.283040727488697 ], [ 574042.242421298637055, 8199350.283040727488697 ] ] ] } },
{ "type": "Feature", "properties": { "ano": 2010, "camada": "agua", "area_km2": 0.0009 }, "geometry": { "type": "Polygon", "coordinates": [ [ [ 574072.242421298637055, 8199320.283040727488697 ], [ 574072.242421298637055, 8199290.283040727488697 ], [ 574102.242421298637055, 8199290.283040727488697 ], [ 574102.242421298637055, 8199320.283040727488697 ], [ 574072.242421298637055, 8199320.283040727488697 ] ] ] } },
{ "type": "Feature", "properties": { "ano": 2010, "camada": "agua", "area_km2": 0.0009 }, "geometry": { "type": "Polygon", "coordinates": [ [ [ 574732.242421298637055, 8199290.283040727488697 ], [ 574732.242421298637055, 8199260.283040727488697 ], [ 574762.242421298637055, 8199260.283040727488697 ], [ 574762.242421298637055, 8199290.283040727488697 ], [ 574732.242421298637055, 8199290.283040727488697 ] ] ] } },
{ "type": "Feature", "properties": { "ano": 2010, "camada": "agua", "area_km2": 0.0009 }, "geometry": { "type": "Polygon", "coordinates": [ [ [ 574222.242421298637055, 8199170.283040727488697 ], [ 574222.242421298637055, 8199140.283040727488697 ], [ 574252.242421298637055, 8199140.283040727488697 ], [ 574252.242421298637055, 8199170.283040727488697 ], [ 574222.242421298637055, 8199170.283040727488697 ] ] ] } },
{ "type": "Feature", "properties": { "ano": 2010, "camada": "agua", "area_km2": 0.0009 }, "geometry": { "type": "Polygon", "coordinates": [ [ [ 574282.242421298637055, 8199140.283040727488697 ], [ 574282.242421298637055, 8199110.283040727488697 ], [ 574312.242421298637055, 8199110.283040727488697 ], [ 574312.242421298637055, 8199140.283040727488697 ], [ 574282.242421298637055, 8199140.283040727488697 ] ] ] } },
{ "type": "Feature", "properties": { "ano": 2010, "camada": "agua", "area_km2": 0.0036 }, "geometry": { "type": "Polygon", "coordinates": [ [ [ 574852.242421298637055, 8199140.283040727488697 ], [ 574852.242421298637055, 8199050.283040727488697 ], [ 574882.242421298637055, 8199050.283040727488697 ], [ 574882.242421298637055, 8199110.283040727488697 ], [ 574912.242421298637055, 8199110.283040727488697 ], [ 574912.242421298637055, 8199140.283040727488697 ], [ 574852.242421298637055, 8199140.283040727488697 ] ] ] } },
{ "type": "Feature", "properties": { "ano": 2010, "camada": "agua", "area_km2": 0.0009 }, "geometry": { "type": "Polygon", "coordinates": [ [ [ 575212.242421298637055, 8199080.283040727488697 ], [ 575212.242421298637055, 8199050.283040727488697 ], [ 575242.242421298637055, 8199050.283040727488697 ], [ 575242.242421298637055, 8199080.283040727488697 ], [ 575212.242421298637055, 8199080.283040727488697 ] ] ] } },
{ "type": "Feature", "properties": { "ano": 2010, "camada": "agua", "area_km2": 0.0009 }, "geometry": { "type": "Polygon", "coordinates": [ [ [ 574342.242421298637055, 8199050.283040727488697 ], [ 574342.242421298637055, 8199020.283040727488697 ], [ 574372.242421298637055, 8199020.283040727488697 ], [ 574372.242421298637055, 8199050.283040727488697 ], [ 574342.242421298637055, 8199050.283040727488697 ] ] ] } },
{ "type": "Feature", "properties": { "ano": 2010, "camada": "agua", "area_km2": 0.0009 }, "geometry": { "type": "Polygon", "coordinates": [ [ [ 574372.242421298637055, 8199020.283040727488697 ], [ 574372.242421298637055, 8198990.283040727488697 ], [ 574402.242421298637055, 8198990.283040727488697 ], [ 574402.242421298637055, 8199020.283040727488697 ], [ 574372.242421298637055, 8199020.283040727488697 ] ] ] } },
{ "type": "Feature", "properties": { "ano": 2010, "camada": "agua", "area_km2": 0.0009 }, "geometry": { "type": "Polygon", "coordinates": [ [ [ 574402.242421298637055, 8198960.283040727488697 ], [ 574402.242421298637055, 8198930.283040727488697 ], [ 574432.242421298637055, 8198930.283040727488697 ], [ 574432.242421298637055, 8198960.283040727488697 ], [ 574402.242421298637055, 8198960.283040727488697 ] ] ] } },
{ "type": "Feature", "properties": { "ano": 2010, "camada": "agua", "area_km2": 0.0009 }, "geometry": { "type": "Polygon", "coordinates": [ [ [ 574432.242421298637055, 8198930.283040727488697 ], [ 574432.242421298637055, 8198900.283040727488697 ], [ 574462.242421298637055, 8198900.283040727488697 ], [ 574462.242421298637055, 8198930.283040727488697 ], [ 574432.242421298637055, 8198930.283040727488697 ] ] ] } },
{ "type": "Feature", "properties": { "ano": 2010, "camada": "agua", "area_km2": 0.0009 }, "geometry": { "type": "Polygon", "coordinates": [ [ [ 575332.242421298637055, 8198870.283040727488697 ], [ 575332.242421298637055, 8198840.283040727488697 ], [ 575362.242421298637055, 8198840.283040727488697 ], [ 575362.242421298637055, 8198870.283040727488697 ], [ 575332.242421298637055, 8198870.283040727488697 ] ] ] } },
{ "type": "Feature", "properties": { "ano": 2010, "camada": "agua", "area_km2": 0.0009 }, "geometry": { "type": "Polygon", "coordinates": [ [ [ 574492.242421298637055, 8198840.283040727488697 ], [ 574492.242421298637055, 8198810.283040727488697 ], [ 574522.242421298637055, 8198810.283040727488697 ], [ 574522.242421298637055, 8198840.283040727488697 ], [ 574492.242421298637055, 8198840.283040727488697 ] ] ] } },
{ "type": "Feature", "properties": { "ano": 2010, "camada": "agua", "area_km2": 0.0009 }, "geometry": { "type": "Polygon", "coordinates": [ [ [ 574522.242421298637055, 8198810.283040727488697 ], [ 574522.242421298637055, 8198780.283040727488697 ], [ 574552.242421298637055, 8198780.283040727488697 ], [ 574552.242421298637055, 8198810.283040727488697 ], [ 574522.242421298637055, 8198810.283040727488697 ] ] ] } },
{ "type": "Feature", "properties": { "ano": 2010, "camada": "agua", "area_km2": 0.0009 }, "geometry": { "type": "Polygon", "coordinates": [ [ [ 575422.242421298637055, 8198750.283040727488697 ], [ 575422.242421298637055, 8198720.283040727488697 ], [ 575452.242421298637055, 8198720.283040727488697 ], [ 575452.242421298637055, 8198750.283040727488697 ], [ 575422.242421298637055, 8198750.283040727488697 ] ] ] } },
{ "type": "Feature", "properties": { "ano": 2010, "camada": "agua", "area_km2": 0.0009 }, "geometry": { "type": "Polygon", "coordinates": [ [ [ 574672.242421298637055, 8198600.283040727488697 ], [ 574672.242421298637055, 8198570.283040727488697 ], [ 574702.242421298637055, 8198570.283040727488697 ], [ 574702.242421298637055, 8198600.283040727488697 ], [ 574672.242421298637055, 8198600.283040727488697 ] ] ] } },
{ "type": "Feature", "properties": { "ano": 2010, "camada": "agua", "area_km2": 0.0009 }, "geometry": { "type": "Polygon", "coordinates": [ [ [ 574702.242421298637055, 8198540.283040727488697 ], [ 574702.242421298637055, 8198510.283040727488697 ], [ 574732.242421298637055, 8198510.283040727488697 ], [ 574732.242421298637055, 8198540.283040727488697 ], [ 574702.242421298637055, 8198540.283040727488697 ] ] ] } },
{ "type": "Feature", "properties": { "ano": 2010, "camada": "agua", "area_km2": 0.0009 }, "geometry": { "type": "Polygon", "coordinates": [ [ [ 574732.242421298637055, 8198480.283040727488697 ], [ 574732.242421298637055, 8198450.283040727488697 ], [ 574762.242421298637055, 8198450.283040727488697 ], [ 574762.242421298637055, 8198480.283040727488697 ], [ 574732.242421298637055, 8198480.283040727488697 ] ] ] } },
{ "type": "Feature", "properties": { "ano": 2010, "camada": "agua", "area_km2": 0.0009 }, "geometry": { "type": "Polygon", "coordinates": [ [ [ 575542.242421298637055, 8198480.283040727488697 ], [ 575542.242421298637055, 8198450.283040727488697 ], [ 575572.242421298637055, 8198450.283040727488697 ], [ 575572.242421298637055, 8198480.283040727488697 ], [ 575542.242421298637055, 8198480.283040727488697 ] ] ] } },
{ "type": "Feature", "properties": { "ano": 2010, "camada": "agua", "area_km2": 0.0009 }, "geometry": { "type": "Polygon", "coordinates": [ [ [ 575572.242421298637055, 8198420.283040727488697 ], [ 575572.242421298637055, 8198390.283040727488697 ], [ 575602.242421298637055, 8198390.283040727488697 ], [ 575602.242421298637055, 8198420.283040727488697 ], [ 575572.242421298637055, 8198420.283040727488697 ] ] ] } },
{ "type": "Feature", "properties": { "ano": 2010, "camada": "agua", "area_km2": 0.0009 }, "geometry": { "type": "Polygon", "coordinates": [ [ [ 574762.242421298637055, 8198390.283040727488697 ], [ 574762.242421298637055, 8198360.283040727488697 ], [ 574792.242421298637055, 8198360.283040727488697 ], [ 574792.242421298637055, 8198390.283040727488697 ], [ 574762.242421298637055, 8198390.283040727488697 ] ] ] } },
{ "type": "Feature", "properties": { "ano": 2010, "camada": "agua", "area_km2": 0.0009 }, "geometry": { "type": "Polygon", "coordinates": [ [ [ 574792.242421298637055, 8198330.283040727488697 ], [ 574792.242421298637055, 8198300.283040727488697 ], [ 574822.242421298637055, 8198300.283040727488697 ], [ 574822.242421298637055, 8198330.283040727488697 ], [ 574792.242421298637055, 8198330.283040727488697 ] ] ] } },
{ "type": "Feature", "properties": { "ano": 2010, "camada": "agua", "area_km2": 0.0009 }, "geometry": { "type": "Polygon", "coordinates": [ [ [ 575662.242421298637055, 8198300.283040727488697 ], [ 575662.242421298637055, 8198270.283040727488697 ], [ 575692.242421298637055, 8198270.283040727488697 ], [ 575692.242421298637055, 8198300.283040727488697 ], [ 575662.242421298637055, 8198300.283040727488697 ] ] ] } },
{ "type": "Feature", "properties": { "ano": 2010, "camada": "agua", "area_km2": 0.0009 }, "geometry": { "type": "Polygon", "coordinates": [ [ [ 575842.242421298637055, 8198180.283040727488697 ], [ 575842.242421298637055, 8198150.283040727488697 ], [ 575872.242421298637055, 8198150.283040727488697 ], [ 575872.242421298637055, 8198180.283040727488697 ], [ 575842.242421298637055, 8198180.283040727488697 ] ] ] } },
{ "type": "Feature", "properties": { "ano": 2010, "camada": "agua", "area_km2": 0.0009 }, "geometry": { "type": "Polygon", "coordinates": [ [ [ 574942.242421298637055, 8198060.283040727488697 ], [ 574942.242421298637055, 8198030.283040727488697 ], [ 574972.242421298637055, 8198030.283040727488697 ], [ 574972.242421298637055, 8198060.283040727488697 ], [ 574942.242421298637055, 8198060.283040727488697 ] ] ] } },
{ "type": "Feature", "properties": { "ano": 2010, "camada": "agua", "area_km2": 0.0009 }, "geometry": { "type": "Polygon", "coordinates": [ [ [ 575002.242421298637055, 8197970.283040727488697 ], [ 575002.242421298637055, 8197940.283040727488697 ], [ 575032.242421298637055, 8197940.283040727488697 ], [ 575032.242421298637055, 8197970.283040727488697 ], [ 575002.242421298637055, 8197970.283040727488697 ] ] ] } },
{ "type": "Feature", "properties": { "ano": 2010, "camada": "agua", "area_km2": 0.0009 }, "geometry": { "type": "Polygon", "coordinates": [ [ [ 575062.242421298637055, 8197880.283040727488697 ], [ 575062.242421298637055, 8197850.283040727488697 ], [ 575092.242421298637055, 8197850.283040727488697 ], [ 575092.242421298637055, 8197880.283040727488697 ], [ 575062.242421298637055, 8197880.283040727488697 ] ] ] } },
{ "type": "Feature", "properties": { "ano": 2010, "camada": "agua", "area_km2": 0.0009 }, "geometry": { "type": "Polygon", "coordinates": [ [ [ 576592.242421298637055, 8197880.283040727488697 ], [ 576592.242421298637055, 8197850.283040727488697 ], [ 576622.242421298637055, 8197850.283040727488697 ], [ 576622.242421298637055, 8197880.283040727488697 ], [ 576592.242421298637055, 8197880.283040727488697 ] ] ] } },
{ "type": "Feature", "properties": { "ano": 2010, "camada": "agua", "area_km2": 0.0027 }, "geometry": { "type": "Polygon", "coordinates": [ [ [ 576292.242421298637055, 8197820.283040727488697 ], [ 576292.242421298637055, 8197790.283040727488697 ], [ 576382.242421298637055, 8197790.283040727488697 ], [ 576382.242421298637055, 8197820.283040727488697 ], [ 576292.242421298637055, 8197820.283040727488697 ] ] ] } },
{ "type": "Feature", "properties": { "ano": 2010, "camada": "agua", "area_km2": 0.0009 }, "geometry": { "type": "Polygon", "coordinates": [ [ [ 576412.242421298637055, 8197820.283040727488697 ], [ 576412.242421298637055, 8197790.283040727488697 ], [ 576442.242421298637055, 8197790.283040727488697 ], [ 576442.242421298637055, 8197820.283040727488697 ], [ 576412.242421298637055, 8197820.283040727488697 ] ] ] } },
{ "type": "Feature", "properties": { "ano": 2010, "camada": "agua", "area_km2": 0.0009 }, "geometry": { "type": "Polygon", "coordinates": [ [ [ 575092.242421298637055, 8197790.283040727488697 ], [ 575092.242421298637055, 8197760.283040727488697 ], [ 575122.242421298637055, 8197760.283040727488697 ], [ 575122.242421298637055, 8197790.283040727488697 ], [ 575092.242421298637055, 8197790.283040727488697 ] ] ] } },
{ "type": "Feature", "properties": { "ano": 2010, "camada": "agua", "area_km2": 0.0036 }, "geometry": { "type": "Polygon", "coordinates": [ [ [ 576142.242421298637055, 8197790.283040727488697 ], [ 576142.242421298637055, 8197760.283040727488697 ], [ 576262.242421298637055, 8197760.283040727488697 ], [ 576262.242421298637055, 8197790.283040727488697 ], [ 576142.242421298637055, 8197790.283040727488697 ] ] ] } },
{ "type": "Feature", "properties": { "ano": 2010, "camada": "agua", "area_km2": 0.0009 }, "geometry": { "type": "Polygon", "coordinates": [ [ [ 576562.242421298637055, 8197790.283040727488697 ], [ 576562.242421298637055, 8197760.283040727488697 ], [ 576592.242421298637055, 8197760.283040727488697 ], [ 576592.242421298637055, 8197790.283040727488697 ], [ 576562.242421298637055, 8197790.283040727488697 ] ] ] } },
{ "type": "Feature", "properties": { "ano": 2010, "camada": "agua", "area_km2": 0.0009 }, "geometry": { "type": "Polygon", "coordinates": [ [ [ 576112.242421298637055, 8197760.283040727488697 ], [ 576112.242421298637055, 8197730.283040727488697 ], [ 576142.242421298637055, 8197730.283040727488697 ], [ 576142.242421298637055, 8197760.283040727488697 ], [ 576112.242421298637055, 8197760.283040727488697 ] ] ] } },
{ "type": "Feature", "properties": { "ano": 2010, "camada": "agua", "area_km2": 0.0009 }, "geometry": { "type": "Polygon", "coordinates": [ [ [ 575122.242421298637055, 8197700.283040727488697 ], [ 575122.242421298637055, 8197670.283040727488697 ], [ 575152.242421298637055, 8197670.283040727488697 ], [ 575152.242421298637055, 8197700.283040727488697 ], [ 575122.242421298637055, 8197700.283040727488697 ] ] ] } },
{ "type": "Feature", "properties": { "ano": 2010, "camada": "agua", "area_km2": 0.0009 }, "geometry": { "type": "Polygon", "coordinates": [ [ [ 575572.242421298637055, 8197700.283040727488697 ], [ 575572.242421298637055, 8197670.283040727488697 ], [ 575602.242421298637055, 8197670.283040727488697 ], [ 575602.242421298637055, 8197700.283040727488697 ], [ 575572.242421298637055, 8197700.283040727488697 ] ] ] } },
{ "type": "Feature", "properties": { "ano": 2010, "camada": "agua", "area_km2": 0.0009 }, "geometry": { "type": "Polygon", "coordinates": [ [ [ 576292.242421298637055, 8197640.283040727488697 ], [ 576292.242421298637055, 8197610.283040727488697 ], [ 576322.242421298637055, 8197610.283040727488697 ], [ 576322.242421298637055, 8197640.283040727488697 ], [ 576292.242421298637055, 8197640.283040727488697 ] ] ] } },
{ "type": "Feature", "properties": { "ano": 2010, "camada": "agua", "area_km2": 0.0009 }, "geometry": { "type": "Polygon", "coordinates": [ [ [ 576712.242421298637055, 8197640.283040727488697 ], [ 576712.242421298637055, 8197610.283040727488697 ], [ 576742.242421298637055, 8197610.283040727488697 ], [ 576742.242421298637055, 8197640.283040727488697 ], [ 576712.242421298637055, 8197640.283040727488697 ] ] ] } },
{ "type": "Feature", "properties": { "ano": 2010, "camada": "agua", "area_km2": 0.0009 }, "geometry": { "type": "Polygon", "coordinates": [ [ [ 576352.242421298637055, 8197610.283040727488697 ], [ 576352.242421298637055, 8197580.283040727488697 ], [ 576382.242421298637055, 8197580.283040727488697 ], [ 576382.242421298637055, 8197610.283040727488697 ], [ 576352.242421298637055, 8197610.283040727488697 ] ] ] } },
{ "type": "Feature", "properties": { "ano": 2010, "camada": "agua", "area_km2": 0.0009 }, "geometry": { "type": "Polygon", "coordinates": [ [ [ 576502.242421298637055, 8197580.283040727488697 ], [ 576502.242421298637055, 8197550.283040727488697 ], [ 576532.242421298637055, 8197550.283040727488697 ], [ 576532.242421298637055, 8197580.283040727488697 ], [ 576502.242421298637055, 8197580.283040727488697 ] ] ] } },
{ "type": "Feature", "properties": { "ano": 2010, "camada": "agua", "area_km2": 0.0009 }, "geometry": { "type": "Polygon", "coordinates": [ [ [ 576952.242421298637055, 8197580.283040727488697 ], [ 576952.242421298637055, 8197550.283040727488697 ], [ 576982.242421298637055, 8197550.283040727488697 ], [ 576982.242421298637055, 8197580.283040727488697 ], [ 576952.242421298637055, 8197580.283040727488697 ] ] ] } },
{ "type": "Feature", "properties": { "ano": 2010, "camada": "agua", "area_km2": 0.0018 }, "geometry": { "type": "Polygon", "coordinates": [ [ [ 576742.242421298637055, 8197580.283040727488697 ], [ 576742.242421298637055, 8197520.283040727488697 ], [ 576772.242421298637055, 8197520.283040727488697 ], [ 576772.242421298637055, 8197580.283040727488697 ], [ 576742.242421298637055, 8197580.283040727488697 ] ] ] } },
{ "type": "Feature", "properties": { "ano": 2010, "camada": "agua", "area_km2": 0.0009 }, "geometry": { "type": "Polygon", "coordinates": [ [ [ 576532.242421298637055, 8197550.283040727488697 ], [ 576532.242421298637055, 8197520.283040727488697 ], [ 576562.242421298637055, 8197520.283040727488697 ], [ 576562.242421298637055, 8197550.283040727488697 ], [ 576532.242421298637055, 8197550.283040727488697 ] ] ] } },
{ "type": "Feature", "properties": { "ano": 2010, "camada": "agua", "area_km2": 0.0018 }, "geometry": { "type": "Polygon", "coordinates": [ [ [ 575692.242421298637055, 8197520.283040727488697 ], [ 575692.242421298637055, 8197460.283040727488697 ], [ 575722.242421298637055, 8197460.283040727488697 ], [ 575722.242421298637055, 8197520.283040727488697 ], [ 575692.242421298637055, 8197520.283040727488697 ] ] ] } },
{ "type": "Feature", "properties": { "ano": 2010, "camada": "agua", "area_km2": 0.0018 }, "geometry": { "type": "Polygon", "coordinates": [ [ [ 576772.242421298637055, 8197520.283040727488697 ], [ 576772.242421298637055, 8197460.283040727488697 ], [ 576802.242421298637055, 8197460.283040727488697 ], [ 576802.242421298637055, 8197520.283040727488697 ], [ 576772.242421298637055, 8197520.283040727488697 ] ] ] } },
{ "type": "Feature", "properties": { "ano": 2010, "camada": "agua", "area_km2": 0.0009 }, "geometry": { "type": "Polygon", "coordinates": [ [ [ 576502.242421298637055, 8197490.283040727488697 ], [ 576502.242421298637055, 8197460.283040727488697 ], [ 576532.242421298637055, 8197460.283040727488697 ], [ 576532.242421298637055, 8197490.283040727488697 ], [ 576502.242421298637055, 8197490.283040727488697 ] ] ] } },
{ "type": "Feature", "properties": { "ano": 2010, "camada": "agua", "area_km2": 0.0009 }, "geometry": { "type": "Polygon", "coordinates": [ [ [ 577012.242421298637055, 8197490.283040727488697 ], [ 577012.242421298637055, 8197460.283040727488697 ], [ 577042.242421298637055, 8197460.283040727488697 ], [ 577042.242421298637055, 8197490.283040727488697 ], [ 577012.242421298637055, 8197490.283040727488697 ] ] ] } },
{ "type": "Feature", "properties": { "ano": 2010, "camada": "agua", "area_km2": 0.0009 }, "geometry": { "type": "Polygon", "coordinates": [ [ [ 575212.242421298637055, 8197460.283040727488697 ], [ 575212.242421298637055, 8197430.283040727488697 ], [ 575242.242421298637055, 8197430.283040727488697 ], [ 575242.242421298637055, 8197460.283040727488697 ], [ 575212.242421298637055, 8197460.283040727488697 ] ] ] } },
{ "type": "Feature", "properties": { "ano": 2010, "camada": "agua", "area_km2": 0.0027 }, "geometry": { "type": "Polygon", "coordinates": [ [ [ 576802.242421298637055, 8197460.283040727488697 ], [ 576802.242421298637055, 8197370.283040727488697 ], [ 576832.242421298637055, 8197370.283040727488697 ], [ 576832.242421298637055, 8197460.283040727488697 ], [ 576802.242421298637055, 8197460.283040727488697 ] ] ] } },
{ "type": "Feature", "properties": { "ano": 2010, "camada": "agua", "area_km2": 0.0018 }, "geometry": { "type": "Polygon", "coordinates": [ [ [ 576262.242421298637055, 8197430.283040727488697 ], [ 576262.242421298637055, 8197370.283040727488697 ], [ 576292.242421298637055, 8197370.283040727488697 ], [ 576292.242421298637055, 8197430.283040727488697 ], [ 576262.242421298637055, 8197430.283040727488697 ] ] ] } },
{ "type": "Feature", "properties": { "ano": 2010, "camada": "agua", "area_km2": 0.0009 }, "geometry": { "type": "Polygon", "coordinates": [ [ [ 575242.242421298637055, 8197370.283040727488697 ], [ 575242.242421298637055, 8197340.283040727488697 ], [ 575272.242421298637055, 8197340.283040727488697 ], [ 575272.242421298637055, 8197370.283040727488697 ], [ 575242.242421298637055, 8197370.283040727488697 ] ] ] } },
{ "type": "Feature", "properties": { "ano": 2010, "camada": "agua", "area_km2": 0.0018 }, "geometry": { "type": "Polygon", "coordinates": [ [ [ 577042.242421298637055, 8197370.283040727488697 ], [ 577042.242421298637055, 8197310.283040727488697 ], [ 577072.242421298637055, 8197310.283040727488697 ], [ 577072.242421298637055, 8197370.283040727488697 ], [ 577042.242421298637055, 8197370.283040727488697 ] ] ] } },
{ "type": "Feature", "properties": { "ano": 2010, "camada": "agua", "area_km2": 0.0009 }, "geometry": { "type": "Polygon", "coordinates": [ [ [ 576712.242421298637055, 8197310.283040727488697 ], [ 576712.242421298637055, 8197280.283040727488697 ], [ 576742.242421298637055, 8197280.283040727488697 ], [ 576742.242421298637055, 8197310.283040727488697 ], [ 576712.242421298637055, 8197310.283040727488697 ] ] ] } },
{ "type": "Feature", "properties": { "ano": 2010, "camada": "agua", "area_km2": 0.0009 }, "geometry": { "type": "Polygon", "coordinates": [ [ [ 576292.242421298637055, 8197280.283040727488697 ], [ 576292.242421298637055, 8197250.283040727488697 ], [ 576322.242421298637055, 8197250.283040727488697 ], [ 576322.242421298637055, 8197280.283040727488697 ], [ 576292.242421298637055, 8197280.283040727488697 ] ] ] } },
{ "type": "Feature", "properties": { "ano": 2010, "camada": "agua", "area_km2": 0.0009 }, "geometry": { "type": "Polygon", "coordinates": [ [ [ 576742.242421298637055, 8197280.283040727488697 ], [ 576742.242421298637055, 8197250.283040727488697 ], [ 576772.242421298637055, 8197250.283040727488697 ], [ 576772.242421298637055, 8197280.283040727488697 ], [ 576742.242421298637055, 8197280.283040727488697 ] ] ] } },
{ "type": "Feature", "properties": { "ano": 2010, "camada": "agua", "area_km2": 0.0054 }, "geometry": { "type": "Polygon", "coordinates": [ [ [ 576862.242421298637055, 8197340.283040727488697 ], [ 576862.242421298637055, 8197280.283040727488697 ], [ 576802.242421298637055, 8197280.283040727488697 ], [ 576802.242421298637055, 8197250.283040727488697 ], [ 576832.242421298637055, 8197250.283040727488697 ], [ 576832.242421298637055, 8197220.283040727488697 ], [ 576862.242421298637055, 8197220.283040727488697 ], [ 576862.242421298637055, 8197250.283040727488697 ], [ 576892.242421298637055, 8197250.283040727488697 ], [ 576892.242421298637055, 8197340.283040727488697 ], [ 576862.242421298637055, 8197340.283040727488697 ] ] ] } },
{ "type": "Feature", "properties": { "ano": 2010, "camada": "agua", "area_km2": 0.0018 }, "geometry": { "type": "Polygon", "coordinates": [ [ [ 576772.242421298637055, 8197250.283040727488697 ], [ 576772.242421298637055, 8197190.283040727488697 ], [ 576802.242421298637055, 8197190.283040727488697 ], [ 576802.242421298637055, 8197250.283040727488697 ], [ 576772.242421298637055, 8197250.283040727488697 ] ] ] } },
{ "type": "Feature", "properties": { "ano": 2010, "camada": "agua", "area_km2": 0.0018 }, "geometry": { "type": "Polygon", "coordinates": [ [ [ 575512.242421298637055, 8197220.283040727488697 ], [ 575512.242421298637055, 8197190.283040727488697 ], [ 575572.242421298637055, 8197190.283040727488697 ], [ 575572.242421298637055, 8197220.283040727488697 ], [ 575512.242421298637055, 8197220.283040727488697 ] ] ] } },
{ "type": "Feature", "properties": { "ano": 2010, "camada": "agua", "area_km2": 0.0009 }, "geometry": { "type": "Polygon", "coordinates": [ [ [ 576862.242421298637055, 8197220.283040727488697 ], [ 576862.242421298637055, 8197190.283040727488697 ], [ 576892.242421298637055, 8197190.283040727488697 ], [ 576892.242421298637055, 8197220.283040727488697 ], [ 576862.242421298637055, 8197220.283040727488697 ] ] ] } },
{ "type": "Feature", "properties": { "ano": 2010, "camada": "agua", "area_km2": 0.0009 }, "geometry": { "type": "Polygon", "coordinates": [ [ [ 577012.242421298637055, 8197220.283040727488697 ], [ 577012.242421298637055, 8197190.283040727488697 ], [ 577042.242421298637055, 8197190.283040727488697 ], [ 577042.242421298637055, 8197220.283040727488697 ], [ 577012.242421298637055, 8197220.283040727488697 ] ] ] } },
{ "type": "Feature", "properties": { "ano": 2010, "camada": "agua", "area_km2": 0.0009 }, "geometry": { "type": "Polygon", "coordinates": [ [ [ 575662.242421298637055, 8197160.283040727488697 ], [ 575662.242421298637055, 8197130.283040727488697 ], [ 575692.242421298637055, 8197130.283040727488697 ], [ 575692.242421298637055, 8197160.283040727488697 ], [ 575662.242421298637055, 8197160.283040727488697 ] ] ] } },
{ "type": "Feature", "properties": { "ano": 2010, "camada": "agua", "area_km2": 0.0009 }, "geometry": { "type": "Polygon", "coordinates": [ [ [ 576892.242421298637055, 8197160.283040727488697 ], [ 576892.242421298637055, 8197130.283040727488697 ], [ 576922.242421298637055, 8197130.283040727488697 ], [ 576922.242421298637055, 8197160.283040727488697 ], [ 576892.242421298637055, 8197160.283040727488697 ] ] ] } },
{ "type": "Feature", "properties": { "ano": 2010, "camada": "agua", "area_km2": 0.0009 }, "geometry": { "type": "Polygon", "coordinates": [ [ [ 575452.242421298637055, 8197130.283040727488697 ], [ 575452.242421298637055, 8197100.283040727488697 ], [ 575482.242421298637055, 8197100.283040727488697 ], [ 575482.242421298637055, 8197130.283040727488697 ], [ 575452.242421298637055, 8197130.283040727488697 ] ] ] } },
{ "type": "Feature", "properties": { "ano": 2010, "camada": "agua", "area_km2": 0.0009 }, "geometry": { "type": "Polygon", "coordinates": [ [ [ 576412.242421298637055, 8197130.283040727488697 ], [ 576412.242421298637055, 8197100.283040727488697 ], [ 576442.242421298637055, 8197100.283040727488697 ], [ 576442.242421298637055, 8197130.283040727488697 ], [ 576412.242421298637055, 8197130.283040727488697 ] ] ] } },
{ "type": "Feature", "properties": { "ano": 2010, "camada": "agua", "area_km2": 0.0009 }, "geometry": { "type": "Polygon", "coordinates": [ [ [ 576472.242421298637055, 8197100.283040727488697 ], [ 576472.242421298637055, 8197070.283040727488697 ], [ 576502.242421298637055, 8197070.283040727488697 ], [ 576502.242421298637055, 8197100.283040727488697 ], [ 576472.242421298637055, 8197100.283040727488697 ] ] ] } },
{ "type": "Feature", "properties": { "ano": 2010, "camada": "agua", "area_km2": 0.0009 }, "geometry": { "type": "Polygon", "coordinates": [ [ [ 576892.242421298637055, 8197100.283040727488697 ], [ 576892.242421298637055, 8197070.283040727488697 ], [ 576922.242421298637055, 8197070.283040727488697 ], [ 576922.242421298637055, 8197100.283040727488697 ], [ 576892.242421298637055, 8197100.283040727488697 ] ] ] } },
{ "type": "Feature", "properties": { "ano": 2010, "camada": "agua", "area_km2": 0.0009 }, "geometry": { "type": "Polygon", "coordinates": [ [ [ 576982.242421298637055, 8197070.283040727488697 ], [ 576982.242421298637055, 8197040.283040727488697 ], [ 577012.242421298637055, 8197040.283040727488697 ], [ 577012.242421298637055, 8197070.283040727488697 ], [ 576982.242421298637055, 8197070.283040727488697 ] ] ] } },
{ "type": "Feature", "properties": { "ano": 2010, "camada": "agua", "area_km2": 0.0009 }, "geometry": { "type": "Polygon", "coordinates": [ [ [ 576862.242421298637055, 8197040.283040727488697 ], [ 576862.242421298637055, 8197010.283040727488697 ], [ 576892.242421298637055, 8197010.283040727488697 ], [ 576892.242421298637055, 8197040.283040727488697 ], [ 576862.242421298637055, 8197040.283040727488697 ] ] ] } },
{ "type": "Feature", "properties": { "ano": 2010, "camada": "agua", "area_km2": 0.0009 }, "geometry": { "type": "Polygon", "coordinates": [ [ [ 575512.242421298637055, 8197010.283040727488697 ], [ 575512.242421298637055, 8196980.283040727488697 ], [ 575542.242421298637055, 8196980.283040727488697 ], [ 575542.242421298637055, 8197010.283040727488697 ], [ 575512.242421298637055, 8197010.283040727488697 ] ] ] } },
{ "type": "Feature", "properties": { "ano": 2010, "camada": "agua", "area_km2": 0.0009 }, "geometry": { "type": "Polygon", "coordinates": [ [ [ 575392.242421298637055, 8196980.283040727488697 ], [ 575392.242421298637055, 8196950.283040727488697 ], [ 575422.242421298637055, 8196950.283040727488697 ], [ 575422.242421298637055, 8196980.283040727488697 ], [ 575392.242421298637055, 8196980.283040727488697 ] ] ] } },
{ "type": "Feature", "properties": { "ano": 2010, "camada": "agua", "area_km2": 0.0018 }, "geometry": { "type": "Polygon", "coordinates": [ [ [ 576952.242421298637055, 8196980.283040727488697 ], [ 576952.242421298637055, 8196920.283040727488697 ], [ 576982.242421298637055, 8196920.283040727488697 ], [ 576982.242421298637055, 8196980.283040727488697 ], [ 576952.242421298637055, 8196980.283040727488697 ] ] ] } },
{ "type": "Feature", "properties": { "ano": 2010, "camada": "agua", "area_km2": 0.0009 }, "geometry": { "type": "Polygon", "coordinates": [ [ [ 575572.242421298637055, 8196950.283040727488697 ], [ 575572.242421298637055, 8196920.283040727488697 ], [ 575602.242421298637055, 8196920.283040727488697 ], [ 575602.242421298637055, 8196950.283040727488697 ], [ 575572.242421298637055, 8196950.283040727488697 ] ] ] } },
{ "type": "Feature", "properties": { "ano": 2010, "camada": "agua", "area_km2": 0.0009 }, "geometry": { "type": "Polygon", "coordinates": [ [ [ 575872.242421298637055, 8196950.283040727488697 ], [ 575872.242421298637055, 8196920.283040727488697 ], [ 575902.242421298637055, 8196920.283040727488697 ], [ 575902.242421298637055, 8196950.283040727488697 ], [ 575872.242421298637055, 8196950.283040727488697 ] ] ] } },
{ "type": "Feature", "properties": { "ano": 2010, "camada": "agua", "area_km2": 0.0009 }, "geometry": { "type": "Polygon", "coordinates": [ [ [ 575602.242421298637055, 8196920.283040727488697 ], [ 575602.242421298637055, 8196890.283040727488697 ], [ 575632.242421298637055, 8196890.283040727488697 ], [ 575632.242421298637055, 8196920.283040727488697 ], [ 575602.242421298637055, 8196920.283040727488697 ] ] ] } },
{ "type": "Feature", "properties": { "ano": 2010, "camada": "agua", "area_km2": 0.0009 }, "geometry": { "type": "Polygon", "coordinates": [ [ [ 575452.242421298637055, 8196890.283040727488697 ], [ 575452.242421298637055, 8196860.283040727488697 ], [ 575482.242421298637055, 8196860.283040727488697 ], [ 575482.242421298637055, 8196890.283040727488697 ], [ 575452.242421298637055, 8196890.283040727488697 ] ] ] } },
{ "type": "Feature", "properties": { "ano": 2010, "camada": "agua", "area_km2": 0.0009 }, "geometry": { "type": "Polygon", "coordinates": [ [ [ 575632.242421298637055, 8196890.283040727488697 ], [ 575632.242421298637055, 8196860.283040727488697 ], [ 575662.242421298637055, 8196860.283040727488697 ], [ 575662.242421298637055, 8196890.283040727488697 ], [ 575632.242421298637055, 8196890.283040727488697 ] ] ] } },
{ "type": "Feature", "properties": { "ano": 2010, "camada": "agua", "area_km2": 0.0018 }, "geometry": { "type": "Polygon", "coordinates": [ [ [ 576982.242421298637055, 8196800.283040727488697 ], [ 576982.242421298637055, 8196740.283040727488697 ], [ 577012.242421298637055, 8196740.283040727488697 ], [ 577012.242421298637055, 8196800.283040727488697 ], [ 576982.242421298637055, 8196800.283040727488697 ] ] ] } },
{ "type": "Feature", "properties": { "ano": 2010, "camada": "agua", "area_km2": 0.0009 }, "geometry": { "type": "Polygon", "coordinates": [ [ [ 575662.242421298637055, 8196770.283040727488697 ], [ 575662.242421298637055, 8196740.283040727488697 ], [ 575692.242421298637055, 8196740.283040727488697 ], [ 575692.242421298637055, 8196770.283040727488697 ], [ 575662.242421298637055, 8196770.283040727488697 ] ] ] } },
{ "type": "Feature", "properties": { "ano": 2010, "camada": "agua", "area_km2": 0.0027 }, "geometry": { "type": "Polygon", "coordinates": [ [ [ 576772.242421298637055, 8196800.283040727488697 ], [ 576772.242421298637055, 8196710.283040727488697 ], [ 576802.242421298637055, 8196710.283040727488697 ], [ 576802.242421298637055, 8196800.283040727488697 ], [ 576772.242421298637055, 8196800.283040727488697 ] ] ] } },
{ "type": "Feature", "properties": { "ano": 2010, "camada": "agua", "area_km2": 0.0009 }, "geometry": { "type": "Polygon", "coordinates": [ [ [ 575842.242421298637055, 8196740.283040727488697 ], [ 575842.242421298637055, 8196710.283040727488697 ], [ 575872.242421298637055, 8196710.283040727488697 ], [ 575872.242421298637055, 8196740.283040727488697 ], [ 575842.242421298637055, 8196740.283040727488697 ] ] ] } },
{ "type": "Feature", "properties": { "ano": 2010, "camada": "agua", "area_km2": 0.0009 }, "geometry": { "type": "Polygon", "coordinates": [ [ [ 576682.242421298637055, 8196740.283040727488697 ], [ 576682.242421298637055, 8196710.283040727488697 ], [ 576712.242421298637055, 8196710.283040727488697 ], [ 576712.242421298637055, 8196740.283040727488697 ], [ 576682.242421298637055, 8196740.283040727488697 ] ] ] } },
{ "type": "Feature", "properties": { "ano": 2010, "camada": "agua", "area_km2": 0.0027 }, "geometry": { "type": "Polygon", "coordinates": [ [ [ 577012.242421298637055, 8196740.283040727488697 ], [ 577012.242421298637055, 8196650.283040727488697 ], [ 577042.242421298637055, 8196650.283040727488697 ], [ 577042.242421298637055, 8196740.283040727488697 ], [ 577012.242421298637055, 8196740.283040727488697 ] ] ] } },
{ "type": "Feature", "properties": { "ano": 2010, "camada": "agua", "area_km2": 0.0009 }, "geometry": { "type": "Polygon", "coordinates": [ [ [ 577192.242421298637055, 8196650.283040727488697 ], [ 577192.242421298637055, 8196620.283040727488697 ], [ 577222.242421298637055, 8196620.283040727488697 ], [ 577222.242421298637055, 8196650.283040727488697 ], [ 577192.242421298637055, 8196650.283040727488697 ] ] ] } },
{ "type": "Feature", "properties": { "ano": 2010, "camada": "agua", "area_km2": 0.0009 }, "geometry": { "type": "Polygon", "coordinates": [ [ [ 576202.242421298637055, 8196620.283040727488697 ], [ 576202.242421298637055, 8196590.283040727488697 ], [ 576232.242421298637055, 8196590.283040727488697 ], [ 576232.242421298637055, 8196620.283040727488697 ], [ 576202.242421298637055, 8196620.283040727488697 ] ] ] } },
{ "type": "Feature", "properties": { "ano": 2010, "camada": "agua", "area_km2": 0.0009 }, "geometry": { "type": "Polygon", "coordinates": [ [ [ 575902.242421298637055, 8196530.283040727488697 ], [ 575902.242421298637055, 8196500.283040727488697 ], [ 575932.242421298637055, 8196500.283040727488697 ], [ 575932.242421298637055, 8196530.283040727488697 ], [ 575902.242421298637055, 8196530.283040727488697 ] ] ] } },
{ "type": "Feature", "properties": { "ano": 2010, "camada": "agua", "area_km2": 0.0009 }, "geometry": { "type": "Polygon", "coordinates": [ [ [ 576382.242421298637055, 8196500.283040727488697 ], [ 576382.242421298637055, 8196470.283040727488697 ], [ 576412.242421298637055, 8196470.283040727488697 ], [ 576412.242421298637055, 8196500.283040727488697 ], [ 576382.242421298637055, 8196500.283040727488697 ] ] ] } },
{ "type": "Feature", "properties": { "ano": 2010, "camada": "agua", "area_km2": 0.0009 }, "geometry": { "type": "Polygon", "coordinates": [ [ [ 576262.242421298637055, 8196380.283040727488697 ], [ 576262.242421298637055, 8196350.283040727488697 ], [ 576292.242421298637055, 8196350.283040727488697 ], [ 576292.242421298637055, 8196380.283040727488697 ], [ 576262.242421298637055, 8196380.283040727488697 ] ] ] } },
{ "type": "Feature", "properties": { "ano": 2010, "camada": "agua", "area_km2": 0.0009 }, "geometry": { "type": "Polygon", "coordinates": [ [ [ 576022.242421298637055, 8196350.283040727488697 ], [ 576022.242421298637055, 8196320.283040727488697 ], [ 576052.242421298637055, 8196320.283040727488697 ], [ 576052.242421298637055, 8196350.283040727488697 ], [ 576022.242421298637055, 8196350.283040727488697 ] ] ] } },
{ "type": "Feature", "properties": { "ano": 2010, "camada": "agua", "area_km2": 0.0009 }, "geometry": { "type": "Polygon", "coordinates": [ [ [ 576322.242421298637055, 8196350.283040727488697 ], [ 576322.242421298637055, 8196320.283040727488697 ], [ 576352.242421298637055, 8196320.283040727488697 ], [ 576352.242421298637055, 8196350.283040727488697 ], [ 576322.242421298637055, 8196350.283040727488697 ] ] ] } },
{ "type": "Feature", "properties": { "ano": 2010, "camada": "agua", "area_km2": 0.0009 }, "geometry": { "type": "Polygon", "coordinates": [ [ [ 576862.242421298637055, 8196290.283040727488697 ], [ 576862.242421298637055, 8196260.283040727488697 ], [ 576892.242421298637055, 8196260.283040727488697 ], [ 576892.242421298637055, 8196290.283040727488697 ], [ 576862.242421298637055, 8196290.283040727488697 ] ] ] } },
{ "type": "Feature", "properties": { "ano": 2010, "camada": "agua", "area_km2": 0.0009 }, "geometry": { "type": "Polygon", "coordinates": [ [ [ 576922.242421298637055, 8196260.283040727488697 ], [ 576922.242421298637055, 8196230.283040727488697 ], [ 576952.242421298637055, 8196230.283040727488697 ], [ 576952.242421298637055, 8196260.283040727488697 ], [ 576922.242421298637055, 8196260.283040727488697 ] ] ] } },
{ "type": "Feature", "properties": { "ano": 2010, "camada": "agua", "area_km2": 0.0009 }, "geometry": { "type": "Polygon", "coordinates": [ [ [ 576982.242421298637055, 8196260.283040727488697 ], [ 576982.242421298637055, 8196230.283040727488697 ], [ 577012.242421298637055, 8196230.283040727488697 ], [ 577012.242421298637055, 8196260.283040727488697 ], [ 576982.242421298637055, 8196260.283040727488697 ] ] ] } },
{ "type": "Feature", "properties": { "ano": 2010, "camada": "agua", "area_km2": 0.0009 }, "geometry": { "type": "Polygon", "coordinates": [ [ [ 577792.242421298637055, 8196260.283040727488697 ], [ 577792.242421298637055, 8196230.283040727488697 ], [ 577822.242421298637055, 8196230.283040727488697 ], [ 577822.242421298637055, 8196260.283040727488697 ], [ 577792.242421298637055, 8196260.283040727488697 ] ] ] } },
{ "type": "Feature", "properties": { "ano": 2010, "camada": "agua", "area_km2": 0.0009 }, "geometry": { "type": "Polygon", "coordinates": [ [ [ 576112.242421298637055, 8196230.283040727488697 ], [ 576112.242421298637055, 8196200.283040727488697 ], [ 576142.242421298637055, 8196200.283040727488697 ], [ 576142.242421298637055, 8196230.283040727488697 ], [ 576112.242421298637055, 8196230.283040727488697 ] ] ] } },
{ "type": "Feature", "properties": { "ano": 2010, "camada": "agua", "area_km2": 0.0009 }, "geometry": { "type": "Polygon", "coordinates": [ [ [ 576952.242421298637055, 8196230.283040727488697 ], [ 576952.242421298637055, 8196200.283040727488697 ], [ 576982.242421298637055, 8196200.283040727488697 ], [ 576982.242421298637055, 8196230.283040727488697 ], [ 576952.242421298637055, 8196230.283040727488697 ] ] ] } },
{ "type": "Feature", "properties": { "ano": 2010, "camada": "agua", "area_km2": 0.0009 }, "geometry": { "type": "Polygon", "coordinates": [ [ [ 576142.242421298637055, 8196200.283040727488697 ], [ 576142.242421298637055, 8196170.283040727488697 ], [ 576172.242421298637055, 8196170.283040727488697 ], [ 576172.242421298637055, 8196200.283040727488697 ], [ 576142.242421298637055, 8196200.283040727488697 ] ] ] } },
{ "type": "Feature", "properties": { "ano": 2010, "camada": "agua", "area_km2": 0.0009 }, "geometry": { "type": "Polygon", "coordinates": [ [ [ 576892.242421298637055, 8196200.283040727488697 ], [ 576892.242421298637055, 8196170.283040727488697 ], [ 576922.242421298637055, 8196170.283040727488697 ], [ 576922.242421298637055, 8196200.283040727488697 ], [ 576892.242421298637055, 8196200.283040727488697 ] ] ] } },
{ "type": "Feature", "properties": { "ano": 2010, "camada": "agua", "area_km2": 0.0009 }, "geometry": { "type": "Polygon", "coordinates": [ [ [ 576172.242421298637055, 8196170.283040727488697 ], [ 576172.242421298637055, 8196140.283040727488697 ], [ 576202.242421298637055, 8196140.283040727488697 ], [ 576202.242421298637055, 8196170.283040727488697 ], [ 576172.242421298637055, 8196170.283040727488697 ] ] ] } },
{ "type": "Feature", "properties": { "ano": 2010, "camada": "agua", "area_km2": 0.0009 }, "geometry": { "type": "Polygon", "coordinates": [ [ [ 577852.242421298637055, 8196170.283040727488697 ], [ 577852.242421298637055, 8196140.283040727488697 ], [ 577882.242421298637055, 8196140.283040727488697 ], [ 577882.242421298637055, 8196170.283040727488697 ], [ 577852.242421298637055, 8196170.283040727488697 ] ] ] } },
{ "type": "Feature", "properties": { "ano": 2010, "camada": "agua", "area_km2": 0.0009 }, "geometry": { "type": "Polygon", "coordinates": [ [ [ 576922.242421298637055, 8196140.283040727488697 ], [ 576922.242421298637055, 8196110.283040727488697 ], [ 576952.242421298637055, 8196110.283040727488697 ], [ 576952.242421298637055, 8196140.283040727488697 ], [ 576922.242421298637055, 8196140.283040727488697 ] ] ] } },
{ "type": "Feature", "properties": { "ano": 2010, "camada": "agua", "area_km2": 0.0009 }, "geometry": { "type": "Polygon", "coordinates": [ [ [ 576232.242421298637055, 8196110.283040727488697 ], [ 576232.242421298637055, 8196080.283040727488697 ], [ 576262.242421298637055, 8196080.283040727488697 ], [ 576262.242421298637055, 8196110.283040727488697 ], [ 576232.242421298637055, 8196110.283040727488697 ] ] ] } },
{ "type": "Feature", "properties": { "ano": 2010, "camada": "agua", "area_km2": 0.0009 }, "geometry": { "type": "Polygon", "coordinates": [ [ [ 577882.242421298637055, 8196110.283040727488697 ], [ 577882.242421298637055, 8196080.283040727488697 ], [ 577912.242421298637055, 8196080.283040727488697 ], [ 577912.242421298637055, 8196110.283040727488697 ], [ 577882.242421298637055, 8196110.283040727488697 ] ] ] } },
{ "type": "Feature", "properties": { "ano": 2010, "camada": "agua", "area_km2": 0.0009 }, "geometry": { "type": "Polygon", "coordinates": [ [ [ 576292.242421298637055, 8196080.283040727488697 ], [ 576292.242421298637055, 8196050.283040727488697 ], [ 576322.242421298637055, 8196050.283040727488697 ], [ 576322.242421298637055, 8196080.283040727488697 ], [ 576292.242421298637055, 8196080.283040727488697 ] ] ] } },
{ "type": "Feature", "properties": { "ano": 2010, "camada": "agua", "area_km2": 0.0027 }, "geometry": { "type": "Polygon", "coordinates": [ [ [ 576562.242421298637055, 8196080.283040727488697 ], [ 576562.242421298637055, 8196050.283040727488697 ], [ 576652.242421298637055, 8196050.283040727488697 ], [ 576652.242421298637055, 8196080.283040727488697 ], [ 576562.242421298637055, 8196080.283040727488697 ] ] ] } },
{ "type": "Feature", "properties": { "ano": 2010, "camada": "agua", "area_km2": 0.0009 }, "geometry": { "type": "Polygon", "coordinates": [ [ [ 576682.242421298637055, 8196050.283040727488697 ], [ 576682.242421298637055, 8196020.283040727488697 ], [ 576712.242421298637055, 8196020.283040727488697 ], [ 576712.242421298637055, 8196050.283040727488697 ], [ 576682.242421298637055, 8196050.283040727488697 ] ] ] } },
{ "type": "Feature", "properties": { "ano": 2010, "camada": "agua", "area_km2": 0.0009 }, "geometry": { "type": "Polygon", "coordinates": [ [ [ 576442.242421298637055, 8196020.283040727488697 ], [ 576442.242421298637055, 8195990.283040727488697 ], [ 576472.242421298637055, 8195990.283040727488697 ], [ 576472.242421298637055, 8196020.283040727488697 ], [ 576442.242421298637055, 8196020.283040727488697 ] ] ] } },
{ "type": "Feature", "properties": { "ano": 2010, "camada": "agua", "area_km2": 0.0009 }, "geometry": { "type": "Polygon", "coordinates": [ [ [ 576712.242421298637055, 8196020.283040727488697 ], [ 576712.242421298637055, 8195990.283040727488697 ], [ 576742.242421298637055, 8195990.283040727488697 ], [ 576742.242421298637055, 8196020.283040727488697 ], [ 576712.242421298637055, 8196020.283040727488697 ] ] ] } },
{ "type": "Feature", "properties": { "ano": 2010, "camada": "agua", "area_km2": 0.0009 }, "geometry": { "type": "Polygon", "coordinates": [ [ [ 577792.242421298637055, 8196020.283040727488697 ], [ 577792.242421298637055, 8195990.283040727488697 ], [ 577822.242421298637055, 8195990.283040727488697 ], [ 577822.242421298637055, 8196020.283040727488697 ], [ 577792.242421298637055, 8196020.283040727488697 ] ] ] } },
{ "type": "Feature", "properties": { "ano": 2010, "camada": "agua", "area_km2": 0.0009 }, "geometry": { "type": "Polygon", "coordinates": [ [ [ 578032.242421298637055, 8196020.283040727488697 ], [ 578032.242421298637055, 8195990.283040727488697 ], [ 578062.242421298637055, 8195990.283040727488697 ], [ 578062.242421298637055, 8196020.283040727488697 ], [ 578032.242421298637055, 8196020.283040727488697 ] ] ] } },
{ "type": "Feature", "properties": { "ano": 2010, "camada": "agua", "area_km2": 0.0009 }, "geometry": { "type": "Polygon", "coordinates": [ [ [ 576382.242421298637055, 8195990.283040727488697 ], [ 576382.242421298637055, 8195960.283040727488697 ], [ 576412.242421298637055, 8195960.283040727488697 ], [ 576412.242421298637055, 8195990.283040727488697 ], [ 576382.242421298637055, 8195990.283040727488697 ] ] ] } },
{ "type": "Feature", "properties": { "ano": 2010, "camada": "agua", "area_km2": 0.0009 }, "geometry": { "type": "Polygon", "coordinates": [ [ [ 576742.242421298637055, 8195990.283040727488697 ], [ 576742.242421298637055, 8195960.283040727488697 ], [ 576772.242421298637055, 8195960.283040727488697 ], [ 576772.242421298637055, 8195990.283040727488697 ], [ 576742.242421298637055, 8195990.283040727488697 ] ] ] } },
{ "type": "Feature", "properties": { "ano": 2010, "camada": "agua", "area_km2": 0.0009 }, "geometry": { "type": "Polygon", "coordinates": [ [ [ 578092.242421298637055, 8195990.283040727488697 ], [ 578092.242421298637055, 8195960.283040727488697 ], [ 578122.242421298637055, 8195960.283040727488697 ], [ 578122.242421298637055, 8195990.283040727488697 ], [ 578092.242421298637055, 8195990.283040727488697 ] ] ] } },
{ "type": "Feature", "properties": { "ano": 2010, "camada": "agua", "area_km2": 0.0009 }, "geometry": { "type": "Polygon", "coordinates": [ [ [ 576472.242421298637055, 8195960.283040727488697 ], [ 576472.242421298637055, 8195930.283040727488697 ], [ 576502.242421298637055, 8195930.283040727488697 ], [ 576502.242421298637055, 8195960.283040727488697 ], [ 576472.242421298637055, 8195960.283040727488697 ] ] ] } },
{ "type": "Feature", "properties": { "ano": 2010, "camada": "agua", "area_km2": 0.0009 }, "geometry": { "type": "Polygon", "coordinates": [ [ [ 578212.242421298637055, 8195900.283040727488697 ], [ 578212.242421298637055, 8195870.283040727488697 ], [ 578242.242421298637055, 8195870.283040727488697 ], [ 578242.242421298637055, 8195900.283040727488697 ], [ 578212.242421298637055, 8195900.283040727488697 ] ] ] } },
{ "type": "Feature", "properties": { "ano": 2010, "camada": "agua", "area_km2": 0.0009 }, "geometry": { "type": "Polygon", "coordinates": [ [ [ 578242.242421298637055, 8195870.283040727488697 ], [ 578242.242421298637055, 8195840.283040727488697 ], [ 578272.242421298637055, 8195840.283040727488697 ], [ 578272.242421298637055, 8195870.283040727488697 ], [ 578242.242421298637055, 8195870.283040727488697 ] ] ] } },
{ "type": "Feature", "properties": { "ano": 2010, "camada": "agua", "area_km2": 0.0009 }, "geometry": { "type": "Polygon", "coordinates": [ [ [ 576412.242421298637055, 8195840.283040727488697 ], [ 576412.242421298637055, 8195810.283040727488697 ], [ 576442.242421298637055, 8195810.283040727488697 ], [ 576442.242421298637055, 8195840.283040727488697 ], [ 576412.242421298637055, 8195840.283040727488697 ] ] ] } },
{ "type": "Feature", "properties": { "ano": 2010, "camada": "agua", "area_km2": 0.0009 }, "geometry": { "type": "Polygon", "coordinates": [ [ [ 578272.242421298637055, 8195840.283040727488697 ], [ 578272.242421298637055, 8195810.283040727488697 ], [ 578302.242421298637055, 8195810.283040727488697 ], [ 578302.242421298637055, 8195840.283040727488697 ], [ 578272.242421298637055, 8195840.283040727488697 ] ] ] } },
{ "type": "Feature", "properties": { "ano": 2010, "camada": "agua", "area_km2": 0.0009 }, "geometry": { "type": "Polygon", "coordinates": [ [ [ 578302.242421298637055, 8195810.283040727488697 ], [ 578302.242421298637055, 8195780.283040727488697 ], [ 578332.242421298637055, 8195780.283040727488697 ], [ 578332.242421298637055, 8195810.283040727488697 ], [ 578302.242421298637055, 8195810.283040727488697 ] ] ] } },
{ "type": "Feature", "properties": { "ano": 2010, "camada": "agua", "area_km2": 0.0009 }, "geometry": { "type": "Polygon", "coordinates": [ [ [ 576892.242421298637055, 8195780.283040727488697 ], [ 576892.242421298637055, 8195750.283040727488697 ], [ 576922.242421298637055, 8195750.283040727488697 ], [ 576922.242421298637055, 8195780.283040727488697 ], [ 576892.242421298637055, 8195780.283040727488697 ] ] ] } },
{ "type": "Feature", "properties": { "ano": 2010, "camada": "agua", "area_km2": 0.0009 }, "geometry": { "type": "Polygon", "coordinates": [ [ [ 578332.242421298637055, 8195780.283040727488697 ], [ 578332.242421298637055, 8195750.283040727488697 ], [ 578362.242421298637055, 8195750.283040727488697 ], [ 578362.242421298637055, 8195780.283040727488697 ], [ 578332.242421298637055, 8195780.283040727488697 ] ] ] } },
{ "type": "Feature", "properties": { "ano": 2010, "camada": "agua", "area_km2": 0.0009 }, "geometry": { "type": "Polygon", "coordinates": [ [ [ 576442.242421298637055, 8195750.283040727488697 ], [ 576442.242421298637055, 8195720.283040727488697 ], [ 576472.242421298637055, 8195720.283040727488697 ], [ 576472.242421298637055, 8195750.283040727488697 ], [ 576442.242421298637055, 8195750.283040727488697 ] ] ] } },
{ "type": "Feature", "properties": { "ano": 2010, "camada": "agua", "area_km2": 0.0009 }, "geometry": { "type": "Polygon", "coordinates": [ [ [ 576952.242421298637055, 8195720.283040727488697 ], [ 576952.242421298637055, 8195690.283040727488697 ], [ 576982.242421298637055, 8195690.283040727488697 ], [ 576982.242421298637055, 8195720.283040727488697 ], [ 576952.242421298637055, 8195720.283040727488697 ] ] ] } },
{ "type": "Feature", "properties": { "ano": 2010, "camada": "agua", "area_km2": 0.0009 }, "geometry": { "type": "Polygon", "coordinates": [ [ [ 578152.242421298637055, 8195720.283040727488697 ], [ 578152.242421298637055, 8195690.283040727488697 ], [ 578182.242421298637055, 8195690.283040727488697 ], [ 578182.242421298637055, 8195720.283040727488697 ], [ 578152.242421298637055, 8195720.283040727488697 ] ] ] } },
{ "type": "Feature", "properties": { "ano": 2010, "camada": "agua", "area_km2": 0.0009 }, "geometry": { "type": "Polygon", "coordinates": [ [ [ 576562.242421298637055, 8195660.283040727488697 ], [ 576562.242421298637055, 8195630.283040727488697 ], [ 576592.242421298637055, 8195630.283040727488697 ], [ 576592.242421298637055, 8195660.283040727488697 ], [ 576562.242421298637055, 8195660.283040727488697 ] ] ] } },
{ "type": "Feature", "properties": { "ano": 2010, "camada": "agua", "area_km2": 0.0018 }, "geometry": { "type": "Polygon", "coordinates": [ [ [ 578092.242421298637055, 8195630.283040727488697 ], [ 578092.242421298637055, 8195570.283040727488697 ], [ 578122.242421298637055, 8195570.283040727488697 ], [ 578122.242421298637055, 8195630.283040727488697 ], [ 578092.242421298637055, 8195630.283040727488697 ] ] ] } },
{ "type": "Feature", "properties": { "ano": 2010, "camada": "agua", "area_km2": 0.0009 }, "geometry": { "type": "Polygon", "coordinates": [ [ [ 576502.242421298637055, 8195600.283040727488697 ], [ 576502.242421298637055, 8195570.283040727488697 ], [ 576532.242421298637055, 8195570.283040727488697 ], [ 576532.242421298637055, 8195600.283040727488697 ], [ 576502.242421298637055, 8195600.283040727488697 ] ] ] } },
{ "type": "Feature", "properties": { "ano": 2010, "camada": "agua", "area_km2": 0.0009 }, "geometry": { "type": "Polygon", "coordinates": [ [ [ 576622.242421298637055, 8195570.283040727488697 ], [ 576622.242421298637055, 8195540.283040727488697 ], [ 576652.242421298637055, 8195540.283040727488697 ], [ 576652.242421298637055, 8195570.283040727488697 ], [ 576622.242421298637055, 8195570.283040727488697 ] ] ] } },
{ "type": "Feature", "properties": { "ano": 2010, "camada": "agua", "area_km2": 0.0009 }, "geometry": { "type": "Polygon", "coordinates": [ [ [ 578122.242421298637055, 8195570.283040727488697 ], [ 578122.242421298637055, 8195540.283040727488697 ], [ 578152.242421298637055, 8195540.283040727488697 ], [ 578152.242421298637055, 8195570.283040727488697 ], [ 578122.242421298637055, 8195570.283040727488697 ] ] ] } },
{ "type": "Feature", "properties": { "ano": 2010, "camada": "agua", "area_km2": 0.0009 }, "geometry": { "type": "Polygon", "coordinates": [ [ [ 576652.242421298637055, 8195540.283040727488697 ], [ 576652.242421298637055, 8195510.283040727488697 ], [ 576682.242421298637055, 8195510.283040727488697 ], [ 576682.242421298637055, 8195540.283040727488697 ], [ 576652.242421298637055, 8195540.283040727488697 ] ] ] } },
{ "type": "Feature", "properties": { "ano": 2010, "camada": "agua", "area_km2": 0.0009 }, "geometry": { "type": "Polygon", "coordinates": [ [ [ 576832.242421298637055, 8195540.283040727488697 ], [ 576832.242421298637055, 8195510.283040727488697 ], [ 576862.242421298637055, 8195510.283040727488697 ], [ 576862.242421298637055, 8195540.283040727488697 ], [ 576832.242421298637055, 8195540.283040727488697 ] ] ] } },
{ "type": "Feature", "properties": { "ano": 2010, "camada": "agua", "area_km2": 0.0009 }, "geometry": { "type": "Polygon", "coordinates": [ [ [ 576892.242421298637055, 8195540.283040727488697 ], [ 576892.242421298637055, 8195510.283040727488697 ], [ 576922.242421298637055, 8195510.283040727488697 ], [ 576922.242421298637055, 8195540.283040727488697 ], [ 576892.242421298637055, 8195540.283040727488697 ] ] ] } },
{ "type": "Feature", "properties": { "ano": 2010, "camada": "agua", "area_km2": 0.0009 }, "geometry": { "type": "Polygon", "coordinates": [ [ [ 576982.242421298637055, 8195540.283040727488697 ], [ 576982.242421298637055, 8195510.283040727488697 ], [ 577012.242421298637055, 8195510.283040727488697 ], [ 577012.242421298637055, 8195540.283040727488697 ], [ 576982.242421298637055, 8195540.283040727488697 ] ] ] } },
{ "type": "Feature", "properties": { "ano": 2010, "camada": "agua", "area_km2": 0.0009 }, "geometry": { "type": "Polygon", "coordinates": [ [ [ 578482.242421298637055, 8195540.283040727488697 ], [ 578482.242421298637055, 8195510.283040727488697 ], [ 578512.242421298637055, 8195510.283040727488697 ], [ 578512.242421298637055, 8195540.283040727488697 ], [ 578482.242421298637055, 8195540.283040727488697 ] ] ] } },
{ "type": "Feature", "properties": { "ano": 2010, "camada": "agua", "area_km2": 0.0009 }, "geometry": { "type": "Polygon", "coordinates": [ [ [ 577012.242421298637055, 8195510.283040727488697 ], [ 577012.242421298637055, 8195480.283040727488697 ], [ 577042.242421298637055, 8195480.283040727488697 ], [ 577042.242421298637055, 8195510.283040727488697 ], [ 577012.242421298637055, 8195510.283040727488697 ] ] ] } },
{ "type": "Feature", "properties": { "ano": 2010, "camada": "agua", "area_km2": 0.0009 }, "geometry": { "type": "Polygon", "coordinates": [ [ [ 576562.242421298637055, 8195480.283040727488697 ], [ 576562.242421298637055, 8195450.283040727488697 ], [ 576592.242421298637055, 8195450.283040727488697 ], [ 576592.242421298637055, 8195480.283040727488697 ], [ 576562.242421298637055, 8195480.283040727488697 ] ] ] } },
{ "type": "Feature", "properties": { "ano": 2010, "camada": "agua", "area_km2": 0.0009 }, "geometry": { "type": "Polygon", "coordinates": [ [ [ 576712.242421298637055, 8195480.283040727488697 ], [ 576712.242421298637055, 8195450.283040727488697 ], [ 576742.242421298637055, 8195450.283040727488697 ], [ 576742.242421298637055, 8195480.283040727488697 ], [ 576712.242421298637055, 8195480.283040727488697 ] ] ] } },
{ "type": "Feature", "properties": { "ano": 2010, "camada": "agua", "area_km2": 0.0009 }, "geometry": { "type": "Polygon", "coordinates": [ [ [ 576802.242421298637055, 8195480.283040727488697 ], [ 576802.242421298637055, 8195450.283040727488697 ], [ 576832.242421298637055, 8195450.283040727488697 ], [ 576832.242421298637055, 8195480.283040727488697 ], [ 576802.242421298637055, 8195480.283040727488697 ] ] ] } },
{ "type": "Feature", "properties": { "ano": 2010, "camada": "agua", "area_km2": 0.0009 }, "geometry": { "type": "Polygon", "coordinates": [ [ [ 578572.242421298637055, 8195450.283040727488697 ], [ 578572.242421298637055, 8195420.283040727488697 ], [ 578602.242421298637055, 8195420.283040727488697 ], [ 578602.242421298637055, 8195450.283040727488697 ], [ 578572.242421298637055, 8195450.283040727488697 ] ] ] } },
{ "type": "Feature", "properties": { "ano": 2010, "camada": "agua", "area_km2": 0.0009 }, "geometry": { "type": "Polygon", "coordinates": [ [ [ 576622.242421298637055, 8195360.283040727488697 ], [ 576622.242421298637055, 8195330.283040727488697 ], [ 576652.242421298637055, 8195330.283040727488697 ], [ 576652.242421298637055, 8195360.283040727488697 ], [ 576622.242421298637055, 8195360.283040727488697 ] ] ] } },
{ "type": "Feature", "properties": { "ano": 2010, "camada": "agua", "area_km2": 0.0009 }, "geometry": { "type": "Polygon", "coordinates": [ [ [ 577222.242421298637055, 8195330.283040727488697 ], [ 577222.242421298637055, 8195300.283040727488697 ], [ 577252.242421298637055, 8195300.283040727488697 ], [ 577252.242421298637055, 8195330.283040727488697 ], [ 577222.242421298637055, 8195330.283040727488697 ] ] ] } },
{ "type": "Feature", "properties": { "ano": 2010, "camada": "agua", "area_km2": 0.0009 }, "geometry": { "type": "Polygon", "coordinates": [ [ [ 576622.242421298637055, 8195240.283040727488697 ], [ 576622.242421298637055, 8195210.283040727488697 ], [ 576652.242421298637055, 8195210.283040727488697 ], [ 576652.242421298637055, 8195240.283040727488697 ], [ 576622.242421298637055, 8195240.283040727488697 ] ] ] } },
{ "type": "Feature", "properties": { "ano": 2010, "camada": "agua", "area_km2": 0.0009 }, "geometry": { "type": "Polygon", "coordinates": [ [ [ 578692.242421298637055, 8195210.283040727488697 ], [ 578692.242421298637055, 8195180.283040727488697 ], [ 578722.242421298637055, 8195180.283040727488697 ], [ 578722.242421298637055, 8195210.283040727488697 ], [ 578692.242421298637055, 8195210.283040727488697 ] ] ] } },
{ "type": "Feature", "properties": { "ano": 2010, "camada": "agua", "area_km2": 0.0009 }, "geometry": { "type": "Polygon", "coordinates": [ [ [ 576622.242421298637055, 8195180.283040727488697 ], [ 576622.242421298637055, 8195150.283040727488697 ], [ 576652.242421298637055, 8195150.283040727488697 ], [ 576652.242421298637055, 8195180.283040727488697 ], [ 576622.242421298637055, 8195180.283040727488697 ] ] ] } },
{ "type": "Feature", "properties": { "ano": 2010, "camada": "agua", "area_km2": 0.0009 }, "geometry": { "type": "Polygon", "coordinates": [ [ [ 577402.242421298637055, 8195180.283040727488697 ], [ 577402.242421298637055, 8195150.283040727488697 ], [ 577432.242421298637055, 8195150.283040727488697 ], [ 577432.242421298637055, 8195180.283040727488697 ], [ 577402.242421298637055, 8195180.283040727488697 ] ] ] } },
{ "type": "Feature", "properties": { "ano": 2010, "camada": "agua", "area_km2": 0.0009 }, "geometry": { "type": "Polygon", "coordinates": [ [ [ 578362.242421298637055, 8195180.283040727488697 ], [ 578362.242421298637055, 8195150.283040727488697 ], [ 578392.242421298637055, 8195150.283040727488697 ], [ 578392.242421298637055, 8195180.283040727488697 ], [ 578362.242421298637055, 8195180.283040727488697 ] ] ] } },
{ "type": "Feature", "properties": { "ano": 2010, "camada": "agua", "area_km2": 0.0009 }, "geometry": { "type": "Polygon", "coordinates": [ [ [ 578392.242421298637055, 8195150.283040727488697 ], [ 578392.242421298637055, 8195120.283040727488697 ], [ 578422.242421298637055, 8195120.283040727488697 ], [ 578422.242421298637055, 8195150.283040727488697 ], [ 578392.242421298637055, 8195150.283040727488697 ] ] ] } },
{ "type": "Feature", "properties": { "ano": 2010, "camada": "agua", "area_km2": 0.0009 }, "geometry": { "type": "Polygon", "coordinates": [ [ [ 577552.242421298637055, 8195060.283040727488697 ], [ 577552.242421298637055, 8195030.283040727488697 ], [ 577582.242421298637055, 8195030.283040727488697 ], [ 577582.242421298637055, 8195060.283040727488697 ], [ 577552.242421298637055, 8195060.283040727488697 ] ] ] } },
{ "type": "Feature", "properties": { "ano": 2010, "camada": "agua", "area_km2": 0.0009 }, "geometry": { "type": "Polygon", "coordinates": [ [ [ 577582.242421298637055, 8195030.283040727488697 ], [ 577582.242421298637055, 8195000.283040727488697 ], [ 577612.242421298637055, 8195000.283040727488697 ], [ 577612.242421298637055, 8195030.283040727488697 ], [ 577582.242421298637055, 8195030.283040727488697 ] ] ] } },
{ "type": "Feature", "properties": { "ano": 2010, "camada": "agua", "area_km2": 0.0027 }, "geometry": { "type": "Polygon", "coordinates": [ [ [ 576802.242421298637055, 8195030.283040727488697 ], [ 576802.242421298637055, 8194970.283040727488697 ], [ 576862.242421298637055, 8194970.283040727488697 ], [ 576862.242421298637055, 8195000.283040727488697 ], [ 576832.242421298637055, 8195000.283040727488697 ], [ 576832.242421298637055, 8195030.283040727488697 ], [ 576802.242421298637055, 8195030.283040727488697 ] ] ] } },
{ "type": "Feature", "properties": { "ano": 2010, "camada": "agua", "area_km2": 0.0009 }, "geometry": { "type": "Polygon", "coordinates": [ [ [ 576832.242421298637055, 8194940.283040727488697 ], [ 576832.242421298637055, 8194910.283040727488697 ], [ 576862.242421298637055, 8194910.283040727488697 ], [ 576862.242421298637055, 8194940.283040727488697 ], [ 576832.242421298637055, 8194940.283040727488697 ] ] ] } },
{ "type": "Feature", "properties": { "ano": 2010, "camada": "agua", "area_km2": 0.0009 }, "geometry": { "type": "Polygon", "coordinates": [ [ [ 578542.242421298637055, 8194940.283040727488697 ], [ 578542.242421298637055, 8194910.283040727488697 ], [ 578572.242421298637055, 8194910.283040727488697 ], [ 578572.242421298637055, 8194940.283040727488697 ], [ 578542.242421298637055, 8194940.283040727488697 ] ] ] } },
{ "type": "Feature", "properties": { "ano": 2010, "camada": "agua", "area_km2": 0.0009 }, "geometry": { "type": "Polygon", "coordinates": [ [ [ 576892.242421298637055, 8194910.283040727488697 ], [ 576892.242421298637055, 8194880.283040727488697 ], [ 576922.242421298637055, 8194880.283040727488697 ], [ 576922.242421298637055, 8194910.283040727488697 ], [ 576892.242421298637055, 8194910.283040727488697 ] ] ] } },
{ "type": "Feature", "properties": { "ano": 2010, "camada": "agua", "area_km2": 0.0009 }, "geometry": { "type": "Polygon", "coordinates": [ [ [ 578572.242421298637055, 8194910.283040727488697 ], [ 578572.242421298637055, 8194880.283040727488697 ], [ 578602.242421298637055, 8194880.283040727488697 ], [ 578602.242421298637055, 8194910.283040727488697 ], [ 578572.242421298637055, 8194910.283040727488697 ] ] ] } },
{ "type": "Feature", "properties": { "ano": 2010, "camada": "agua", "area_km2": 0.0009 }, "geometry": { "type": "Polygon", "coordinates": [ [ [ 576892.242421298637055, 8194850.283040727488697 ], [ 576892.242421298637055, 8194820.283040727488697 ], [ 576922.242421298637055, 8194820.283040727488697 ], [ 576922.242421298637055, 8194850.283040727488697 ], [ 576892.242421298637055, 8194850.283040727488697 ] ] ] } },
{ "type": "Feature", "properties": { "ano": 2010, "camada": "agua", "area_km2": 0.0009 }, "geometry": { "type": "Polygon", "coordinates": [ [ [ 576922.242421298637055, 8194820.283040727488697 ], [ 576922.242421298637055, 8194790.283040727488697 ], [ 576952.242421298637055, 8194790.283040727488697 ], [ 576952.242421298637055, 8194820.283040727488697 ], [ 576922.242421298637055, 8194820.283040727488697 ] ] ] } },
{ "type": "Feature", "properties": { "ano": 2010, "camada": "agua", "area_km2": 0.0009 }, "geometry": { "type": "Polygon", "coordinates": [ [ [ 577792.242421298637055, 8194820.283040727488697 ], [ 577792.242421298637055, 8194790.283040727488697 ], [ 577822.242421298637055, 8194790.283040727488697 ], [ 577822.242421298637055, 8194820.283040727488697 ], [ 577792.242421298637055, 8194820.283040727488697 ] ] ] } },
{ "type": "Feature", "properties": { "ano": 2010, "camada": "agua", "area_km2": 0.0018 }, "geometry": { "type": "Polygon", "coordinates": [ [ [ 576982.242421298637055, 8194790.283040727488697 ], [ 576982.242421298637055, 8194760.283040727488697 ], [ 577042.242421298637055, 8194760.283040727488697 ], [ 577042.242421298637055, 8194790.283040727488697 ], [ 576982.242421298637055, 8194790.283040727488697 ] ] ] } },
{ "type": "Feature", "properties": { "ano": 2010, "camada": "agua", "area_km2": 0.0009 }, "geometry": { "type": "Polygon", "coordinates": [ [ [ 577042.242421298637055, 8194760.283040727488697 ], [ 577042.242421298637055, 8194730.283040727488697 ], [ 577072.242421298637055, 8194730.283040727488697 ], [ 577072.242421298637055, 8194760.283040727488697 ], [ 577042.242421298637055, 8194760.283040727488697 ] ] ] } },
{ "type": "Feature", "properties": { "ano": 2010, "camada": "agua", "area_km2": 0.0009 }, "geometry": { "type": "Polygon", "coordinates": [ [ [ 577072.242421298637055, 8194730.283040727488697 ], [ 577072.242421298637055, 8194700.283040727488697 ], [ 577102.242421298637055, 8194700.283040727488697 ], [ 577102.242421298637055, 8194730.283040727488697 ], [ 577072.242421298637055, 8194730.283040727488697 ] ] ] } },
{ "type": "Feature", "properties": { "ano": 2010, "camada": "agua", "area_km2": 0.0009 }, "geometry": { "type": "Polygon", "coordinates": [ [ [ 577102.242421298637055, 8194700.283040727488697 ], [ 577102.242421298637055, 8194670.283040727488697 ], [ 577132.242421298637055, 8194670.283040727488697 ], [ 577132.242421298637055, 8194700.283040727488697 ], [ 577102.242421298637055, 8194700.283040727488697 ] ] ] } },
{ "type": "Feature", "properties": { "ano": 2010, "camada": "agua", "area_km2": 0.0009 }, "geometry": { "type": "Polygon", "coordinates": [ [ [ 579142.242421298637055, 8194700.283040727488697 ], [ 579142.242421298637055, 8194670.283040727488697 ], [ 579172.242421298637055, 8194670.283040727488697 ], [ 579172.242421298637055, 8194700.283040727488697 ], [ 579142.242421298637055, 8194700.283040727488697 ] ] ] } },
{ "type": "Feature", "properties": { "ano": 2010, "camada": "agua", "area_km2": 0.0009 }, "geometry": { "type": "Polygon", "coordinates": [ [ [ 577132.242421298637055, 8194670.283040727488697 ], [ 577132.242421298637055, 8194640.283040727488697 ], [ 577162.242421298637055, 8194640.283040727488697 ], [ 577162.242421298637055, 8194670.283040727488697 ], [ 577132.242421298637055, 8194670.283040727488697 ] ] ] } },
{ "type": "Feature", "properties": { "ano": 2010, "camada": "agua", "area_km2": 0.0009 }, "geometry": { "type": "Polygon", "coordinates": [ [ [ 577942.242421298637055, 8194670.283040727488697 ], [ 577942.242421298637055, 8194640.283040727488697 ], [ 577972.242421298637055, 8194640.283040727488697 ], [ 577972.242421298637055, 8194670.283040727488697 ], [ 577942.242421298637055, 8194670.283040727488697 ] ] ] } },
{ "type": "Feature", "properties": { "ano": 2010, "camada": "agua", "area_km2": 0.0009 }, "geometry": { "type": "Polygon", "coordinates": [ [ [ 577192.242421298637055, 8194640.283040727488697 ], [ 577192.242421298637055, 8194610.283040727488697 ], [ 577222.242421298637055, 8194610.283040727488697 ], [ 577222.242421298637055, 8194640.283040727488697 ], [ 577192.242421298637055, 8194640.283040727488697 ] ] ] } },
{ "type": "Feature", "properties": { "ano": 2010, "camada": "agua", "area_km2": 0.0009 }, "geometry": { "type": "Polygon", "coordinates": [ [ [ 577972.242421298637055, 8194640.283040727488697 ], [ 577972.242421298637055, 8194610.283040727488697 ], [ 578002.242421298637055, 8194610.283040727488697 ], [ 578002.242421298637055, 8194640.283040727488697 ], [ 577972.242421298637055, 8194640.283040727488697 ] ] ] } },
{ "type": "Feature", "properties": { "ano": 2010, "camada": "agua", "area_km2": 0.0009 }, "geometry": { "type": "Polygon", "coordinates": [ [ [ 577222.242421298637055, 8194610.283040727488697 ], [ 577222.242421298637055, 8194580.283040727488697 ], [ 577252.242421298637055, 8194580.283040727488697 ], [ 577252.242421298637055, 8194610.283040727488697 ], [ 577222.242421298637055, 8194610.283040727488697 ] ] ] } },
{ "type": "Feature", "properties": { "ano": 2010, "camada": "agua", "area_km2": 0.0018 }, "geometry": { "type": "Polygon", "coordinates": [ [ [ 577252.242421298637055, 8194580.283040727488697 ], [ 577252.242421298637055, 8194550.283040727488697 ], [ 577312.242421298637055, 8194550.283040727488697 ], [ 577312.242421298637055, 8194580.283040727488697 ], [ 577252.242421298637055, 8194580.283040727488697 ] ] ] } },
{ "type": "Feature", "properties": { "ano": 2010, "camada": "agua", "area_km2": 0.0018 }, "geometry": { "type": "Polygon", "coordinates": [ [ [ 577342.242421298637055, 8194490.283040727488697 ], [ 577342.242421298637055, 8194460.283040727488697 ], [ 577402.242421298637055, 8194460.283040727488697 ], [ 577402.242421298637055, 8194490.283040727488697 ], [ 577342.242421298637055, 8194490.283040727488697 ] ] ] } },
{ "type": "Feature", "properties": { "ano": 2010, "camada": "agua", "area_km2": 0.0009 }, "geometry": { "type": "Polygon", "coordinates": [ [ [ 577402.242421298637055, 8194460.283040727488697 ], [ 577402.242421298637055, 8194430.283040727488697 ], [ 577432.242421298637055, 8194430.283040727488697 ], [ 577432.242421298637055, 8194460.283040727488697 ], [ 577402.242421298637055, 8194460.283040727488697 ] ] ] } },
{ "type": "Feature", "properties": { "ano": 2010, "camada": "agua", "area_km2": 0.0009 }, "geometry": { "type": "Polygon", "coordinates": [ [ [ 578212.242421298637055, 8194430.283040727488697 ], [ 578212.242421298637055, 8194400.283040727488697 ], [ 578242.242421298637055, 8194400.283040727488697 ], [ 578242.242421298637055, 8194430.283040727488697 ], [ 578212.242421298637055, 8194430.283040727488697 ] ] ] } },
{ "type": "Feature", "properties": { "ano": 2010, "camada": "agua", "area_km2": 0.0009 }, "geometry": { "type": "Polygon", "coordinates": [ [ [ 577432.242421298637055, 8194400.283040727488697 ], [ 577432.242421298637055, 8194370.283040727488697 ], [ 577462.242421298637055, 8194370.283040727488697 ], [ 577462.242421298637055, 8194400.283040727488697 ], [ 577432.242421298637055, 8194400.283040727488697 ] ] ] } },
{ "type": "Feature", "properties": { "ano": 2010, "camada": "agua", "area_km2": 0.0009 }, "geometry": { "type": "Polygon", "coordinates": [ [ [ 577522.242421298637055, 8194280.283040727488697 ], [ 577522.242421298637055, 8194250.283040727488697 ], [ 577552.242421298637055, 8194250.283040727488697 ], [ 577552.242421298637055, 8194280.283040727488697 ], [ 577522.242421298637055, 8194280.283040727488697 ] ] ] } },
{ "type": "Feature", "properties": { "ano": 2010, "camada": "agua", "area_km2": 0.0018 }, "geometry": { "type": "Polygon", "coordinates": [ [ [ 579172.242421298637055, 8194280.283040727488697 ], [ 579172.242421298637055, 8194250.283040727488697 ], [ 579232.242421298637055, 8194250.283040727488697 ], [ 579232.242421298637055, 8194280.283040727488697 ], [ 579172.242421298637055, 8194280.283040727488697 ] ] ] } },
{ "type": "Feature", "properties": { "ano": 2010, "camada": "agua", "area_km2": 0.0009 }, "geometry": { "type": "Polygon", "coordinates": [ [ [ 579502.242421298637055, 8194280.283040727488697 ], [ 579502.242421298637055, 8194250.283040727488697 ], [ 579532.242421298637055, 8194250.283040727488697 ], [ 579532.242421298637055, 8194280.283040727488697 ], [ 579502.242421298637055, 8194280.283040727488697 ] ] ] } },
{ "type": "Feature", "properties": { "ano": 2010, "camada": "agua", "area_km2": 0.0018 }, "geometry": { "type": "Polygon", "coordinates": [ [ [ 577582.242421298637055, 8194250.283040727488697 ], [ 577582.242421298637055, 8194190.283040727488697 ], [ 577612.242421298637055, 8194190.283040727488697 ], [ 577612.242421298637055, 8194250.283040727488697 ], [ 577582.242421298637055, 8194250.283040727488697 ] ] ] } },
{ "type": "Feature", "properties": { "ano": 2010, "camada": "agua", "area_km2": 0.0009 }, "geometry": { "type": "Polygon", "coordinates": [ [ [ 579592.242421298637055, 8194190.283040727488697 ], [ 579592.242421298637055, 8194160.283040727488697 ], [ 579622.242421298637055, 8194160.283040727488697 ], [ 579622.242421298637055, 8194190.283040727488697 ], [ 579592.242421298637055, 8194190.283040727488697 ] ] ] } },
{ "type": "Feature", "properties": { "ano": 2010, "camada": "agua", "area_km2": 0.0009 }, "geometry": { "type": "Polygon", "coordinates": [ [ [ 579622.242421298637055, 8194160.283040727488697 ], [ 579622.242421298637055, 8194130.283040727488697 ], [ 579652.242421298637055, 8194130.283040727488697 ], [ 579652.242421298637055, 8194160.283040727488697 ], [ 579622.242421298637055, 8194160.283040727488697 ] ] ] } },
{ "type": "Feature", "properties": { "ano": 2010, "camada": "agua", "area_km2": 0.0009 }, "geometry": { "type": "Polygon", "coordinates": [ [ [ 577732.242421298637055, 8194130.283040727488697 ], [ 577732.242421298637055, 8194100.283040727488697 ], [ 577762.242421298637055, 8194100.283040727488697 ], [ 577762.242421298637055, 8194130.283040727488697 ], [ 577732.242421298637055, 8194130.283040727488697 ] ] ] } },
{ "type": "Feature", "properties": { "ano": 2010, "camada": "agua", "area_km2": 0.0009 }, "geometry": { "type": "Polygon", "coordinates": [ [ [ 578482.242421298637055, 8194130.283040727488697 ], [ 578482.242421298637055, 8194100.283040727488697 ], [ 578512.242421298637055, 8194100.283040727488697 ], [ 578512.242421298637055, 8194130.283040727488697 ], [ 578482.242421298637055, 8194130.283040727488697 ] ] ] } },
{ "type": "Feature", "properties": { "ano": 2010, "camada": "agua", "area_km2": 0.0009 }, "geometry": { "type": "Polygon", "coordinates": [ [ [ 579652.242421298637055, 8194130.283040727488697 ], [ 579652.242421298637055, 8194100.283040727488697 ], [ 579682.242421298637055, 8194100.283040727488697 ], [ 579682.242421298637055, 8194130.283040727488697 ], [ 579652.242421298637055, 8194130.283040727488697 ] ] ] } },
{ "type": "Feature", "properties": { "ano": 2010, "camada": "agua", "area_km2": 0.0009 }, "geometry": { "type": "Polygon", "coordinates": [ [ [ 579682.242421298637055, 8194100.283040727488697 ], [ 579682.242421298637055, 8194070.283040727488697 ], [ 579712.242421298637055, 8194070.283040727488697 ], [ 579712.242421298637055, 8194100.283040727488697 ], [ 579682.242421298637055, 8194100.283040727488697 ] ] ] } },
{ "type": "Feature", "properties": { "ano": 2010, "camada": "agua", "area_km2": 0.0036 }, "geometry": { "type": "Polygon", "coordinates": [ [ [ 579292.242421298637055, 8194100.283040727488697 ], [ 579292.242421298637055, 8194040.283040727488697 ], [ 579322.242421298637055, 8194040.283040727488697 ], [ 579322.242421298637055, 8194070.283040727488697 ], [ 579382.242421298637055, 8194070.283040727488697 ], [ 579382.242421298637055, 8194100.283040727488697 ], [ 579292.242421298637055, 8194100.283040727488697 ] ] ] } },
{ "type": "Feature", "properties": { "ano": 2010, "camada": "agua", "area_km2": 0.0018 }, "geometry": { "type": "Polygon", "coordinates": [ [ [ 579382.242421298637055, 8194070.283040727488697 ], [ 579382.242421298637055, 8194040.283040727488697 ], [ 579442.242421298637055, 8194040.283040727488697 ], [ 579442.242421298637055, 8194070.283040727488697 ], [ 579382.242421298637055, 8194070.283040727488697 ] ] ] } },
{ "type": "Feature", "properties": { "ano": 2010, "camada": "agua", "area_km2": 0.0009 }, "geometry": { "type": "Polygon", "coordinates": [ [ [ 579712.242421298637055, 8194070.283040727488697 ], [ 579712.242421298637055, 8194040.283040727488697 ], [ 579742.242421298637055, 8194040.283040727488697 ], [ 579742.242421298637055, 8194070.283040727488697 ], [ 579712.242421298637055, 8194070.283040727488697 ] ] ] } },
{ "type": "Feature", "properties": { "ano": 2010, "camada": "agua", "area_km2": 0.0018 }, "geometry": { "type": "Polygon", "coordinates": [ [ [ 578512.242421298637055, 8194040.283040727488697 ], [ 578512.242421298637055, 8193980.283040727488697 ], [ 578542.242421298637055, 8193980.283040727488697 ], [ 578542.242421298637055, 8194040.283040727488697 ], [ 578512.242421298637055, 8194040.283040727488697 ] ] ] } },
{ "type": "Feature", "properties": { "ano": 2010, "camada": "agua", "area_km2": 0.0036 }, "geometry": { "type": "Polygon", "coordinates": [ [ [ 577972.242421298637055, 8194010.283040727488697 ], [ 577972.242421298637055, 8193980.283040727488697 ], [ 578032.242421298637055, 8193980.283040727488697 ], [ 578032.242421298637055, 8193950.283040727488697 ], [ 578062.242421298637055, 8193950.283040727488697 ], [ 578062.242421298637055, 8194010.283040727488697 ], [ 577972.242421298637055, 8194010.283040727488697 ] ] ] } },
{ "type": "Feature", "properties": { "ano": 2010, "camada": "agua", "area_km2": 0.0009 }, "geometry": { "type": "Polygon", "coordinates": [ [ [ 578092.242421298637055, 8193980.283040727488697 ], [ 578092.242421298637055, 8193950.283040727488697 ], [ 578122.242421298637055, 8193950.283040727488697 ], [ 578122.242421298637055, 8193980.283040727488697 ], [ 578092.242421298637055, 8193980.283040727488697 ] ] ] } },
{ "type": "Feature", "properties": { "ano": 2010, "camada": "agua", "area_km2": 0.0009 }, "geometry": { "type": "Polygon", "coordinates": [ [ [ 578062.242421298637055, 8193950.283040727488697 ], [ 578062.242421298637055, 8193920.283040727488697 ], [ 578092.242421298637055, 8193920.283040727488697 ], [ 578092.242421298637055, 8193950.283040727488697 ], [ 578062.242421298637055, 8193950.283040727488697 ] ] ] } },
{ "type": "Feature", "properties": { "ano": 2010, "camada": "agua", "area_km2": 0.0009 }, "geometry": { "type": "Polygon", "coordinates": [ [ [ 579802.242421298637055, 8193950.283040727488697 ], [ 579802.242421298637055, 8193920.283040727488697 ], [ 579832.242421298637055, 8193920.283040727488697 ], [ 579832.242421298637055, 8193950.283040727488697 ], [ 579802.242421298637055, 8193950.283040727488697 ] ] ] } },
{ "type": "Feature", "properties": { "ano": 2010, "camada": "agua", "area_km2": 0.0009 }, "geometry": { "type": "Polygon", "coordinates": [ [ [ 578182.242421298637055, 8193920.283040727488697 ], [ 578182.242421298637055, 8193890.283040727488697 ], [ 578212.242421298637055, 8193890.283040727488697 ], [ 578212.242421298637055, 8193920.283040727488697 ], [ 578182.242421298637055, 8193920.283040727488697 ] ] ] } },
{ "type": "Feature", "properties": { "ano": 2010, "camada": "agua", "area_km2": 0.0009 }, "geometry": { "type": "Polygon", "coordinates": [ [ [ 578542.242421298637055, 8193920.283040727488697 ], [ 578542.242421298637055, 8193890.283040727488697 ], [ 578572.242421298637055, 8193890.283040727488697 ], [ 578572.242421298637055, 8193920.283040727488697 ], [ 578542.242421298637055, 8193920.283040727488697 ] ] ] } },
{ "type": "Feature", "properties": { "ano": 2010, "camada": "agua", "area_km2": 0.0009 }, "geometry": { "type": "Polygon", "coordinates": [ [ [ 579832.242421298637055, 8193920.283040727488697 ], [ 579832.242421298637055, 8193890.283040727488697 ], [ 579862.242421298637055, 8193890.283040727488697 ], [ 579862.242421298637055, 8193920.283040727488697 ], [ 579832.242421298637055, 8193920.283040727488697 ] ] ] } },
{ "type": "Feature", "properties": { "ano": 2010, "camada": "agua", "area_km2": 0.0009 }, "geometry": { "type": "Polygon", "coordinates": [ [ [ 578272.242421298637055, 8193890.283040727488697 ], [ 578272.242421298637055, 8193860.283040727488697 ], [ 578302.242421298637055, 8193860.283040727488697 ], [ 578302.242421298637055, 8193890.283040727488697 ], [ 578272.242421298637055, 8193890.283040727488697 ] ] ] } },
{ "type": "Feature", "properties": { "ano": 2010, "camada": "agua", "area_km2": 0.0009 }, "geometry": { "type": "Polygon", "coordinates": [ [ [ 578362.242421298637055, 8193860.283040727488697 ], [ 578362.242421298637055, 8193830.283040727488697 ], [ 578392.242421298637055, 8193830.283040727488697 ], [ 578392.242421298637055, 8193860.283040727488697 ], [ 578362.242421298637055, 8193860.283040727488697 ] ] ] } },
{ "type": "Feature", "properties": { "ano": 2010, "camada": "agua", "area_km2": 0.0009 }, "geometry": { "type": "Polygon", "coordinates": [ [ [ 578422.242421298637055, 8193830.283040727488697 ], [ 578422.242421298637055, 8193800.283040727488697 ], [ 578452.242421298637055, 8193800.283040727488697 ], [ 578452.242421298637055, 8193830.283040727488697 ], [ 578422.242421298637055, 8193830.283040727488697 ] ] ] } },
{ "type": "Feature", "properties": { "ano": 2010, "camada": "agua", "area_km2": 0.0009 }, "geometry": { "type": "Polygon", "coordinates": [ [ [ 578482.242421298637055, 8193800.283040727488697 ], [ 578482.242421298637055, 8193770.283040727488697 ], [ 578512.242421298637055, 8193770.283040727488697 ], [ 578512.242421298637055, 8193800.283040727488697 ], [ 578482.242421298637055, 8193800.283040727488697 ] ] ] } },
{ "type": "Feature", "properties": { "ano": 2010, "camada": "agua", "area_km2": 0.0009 }, "geometry": { "type": "Polygon", "coordinates": [ [ [ 579202.242421298637055, 8193800.283040727488697 ], [ 579202.242421298637055, 8193770.283040727488697 ], [ 579232.242421298637055, 8193770.283040727488697 ], [ 579232.242421298637055, 8193800.283040727488697 ], [ 579202.242421298637055, 8193800.283040727488697 ] ] ] } },
{ "type": "Feature", "properties": { "ano": 2010, "camada": "agua", "area_km2": 0.0009 }, "geometry": { "type": "Polygon", "coordinates": [ [ [ 578512.242421298637055, 8193770.283040727488697 ], [ 578512.242421298637055, 8193740.283040727488697 ], [ 578542.242421298637055, 8193740.283040727488697 ], [ 578542.242421298637055, 8193770.283040727488697 ], [ 578512.242421298637055, 8193770.283040727488697 ] ] ] } },
{ "type": "Feature", "properties": { "ano": 2010, "camada": "agua", "area_km2": 0.0009 }, "geometry": { "type": "Polygon", "coordinates": [ [ [ 579232.242421298637055, 8193740.283040727488697 ], [ 579232.242421298637055, 8193710.283040727488697 ], [ 579262.242421298637055, 8193710.283040727488697 ], [ 579262.242421298637055, 8193740.283040727488697 ], [ 579232.242421298637055, 8193740.283040727488697 ] ] ] } },
{ "type": "Feature", "properties": { "ano": 2010, "camada": "agua", "area_km2": 0.0009 }, "geometry": { "type": "Polygon", "coordinates": [ [ [ 579172.242421298637055, 8193680.283040727488697 ], [ 579172.242421298637055, 8193650.283040727488697 ], [ 579202.242421298637055, 8193650.283040727488697 ], [ 579202.242421298637055, 8193680.283040727488697 ], [ 579172.242421298637055, 8193680.283040727488697 ] ] ] } },
{ "type": "Feature", "properties": { "ano": 2010, "camada": "agua", "area_km2": 0.0009 }, "geometry": { "type": "Polygon", "coordinates": [ [ [ 580042.242421298637055, 8193680.283040727488697 ], [ 580042.242421298637055, 8193650.283040727488697 ], [ 580072.242421298637055, 8193650.283040727488697 ], [ 580072.242421298637055, 8193680.283040727488697 ], [ 580042.242421298637055, 8193680.283040727488697 ] ] ] } },
{ "type": "Feature", "properties": { "ano": 2010, "camada": "agua", "area_km2": 0.0009 }, "geometry": { "type": "Polygon", "coordinates": [ [ [ 579442.242421298637055, 8193560.283040727488697 ], [ 579442.242421298637055, 8193530.283040727488697 ], [ 579472.242421298637055, 8193530.283040727488697 ], [ 579472.242421298637055, 8193560.283040727488697 ], [ 579442.242421298637055, 8193560.283040727488697 ] ] ] } },
{ "type": "Feature", "properties": { "ano": 2010, "camada": "agua", "area_km2": 0.0009 }, "geometry": { "type": "Polygon", "coordinates": [ [ [ 578782.242421298637055, 8193530.283040727488697 ], [ 578782.242421298637055, 8193500.283040727488697 ], [ 578812.242421298637055, 8193500.283040727488697 ], [ 578812.242421298637055, 8193530.283040727488697 ], [ 578782.242421298637055, 8193530.283040727488697 ] ] ] } },
{ "type": "Feature", "properties": { "ano": 2010, "camada": "agua", "area_km2": 0.0018 }, "geometry": { "type": "Polygon", "coordinates": [ [ [ 579472.242421298637055, 8193530.283040727488697 ], [ 579472.242421298637055, 8193500.283040727488697 ], [ 579532.242421298637055, 8193500.283040727488697 ], [ 579532.242421298637055, 8193530.283040727488697 ], [ 579472.242421298637055, 8193530.283040727488697 ] ] ] } },
{ "type": "Feature", "properties": { "ano": 2010, "camada": "agua", "area_km2": 0.0009 }, "geometry": { "type": "Polygon", "coordinates": [ [ [ 579682.242421298637055, 8193380.283040727488697 ], [ 579682.242421298637055, 8193350.283040727488697 ], [ 579712.242421298637055, 8193350.283040727488697 ], [ 579712.242421298637055, 8193380.283040727488697 ], [ 579682.242421298637055, 8193380.283040727488697 ] ] ] } },
{ "type": "Feature", "properties": { "ano": 2010, "camada": "agua", "area_km2": 0.0009 }, "geometry": { "type": "Polygon", "coordinates": [ [ [ 579592.242421298637055, 8193350.283040727488697 ], [ 579592.242421298637055, 8193320.283040727488697 ], [ 579622.242421298637055, 8193320.283040727488697 ], [ 579622.242421298637055, 8193350.283040727488697 ], [ 579592.242421298637055, 8193350.283040727488697 ] ] ] } },
{ "type": "Feature", "properties": { "ano": 2010, "camada": "agua", "area_km2": 0.0027 }, "geometry": { "type": "Polygon", "coordinates": [ [ [ 579862.242421298637055, 8193350.283040727488697 ], [ 579862.242421298637055, 8193290.283040727488697 ], [ 579922.242421298637055, 8193290.283040727488697 ], [ 579922.242421298637055, 8193320.283040727488697 ], [ 579892.242421298637055, 8193320.283040727488697 ], [ 579892.242421298637055, 8193350.283040727488697 ], [ 579862.242421298637055, 8193350.283040727488697 ] ] ] } },
{ "type": "Feature", "properties": { "ano": 2010, "camada": "agua", "area_km2": 0.0009 }, "geometry": { "type": "Polygon", "coordinates": [ [ [ 578962.242421298637055, 8193320.283040727488697 ], [ 578962.242421298637055, 8193290.283040727488697 ], [ 578992.242421298637055, 8193290.283040727488697 ], [ 578992.242421298637055, 8193320.283040727488697 ], [ 578962.242421298637055, 8193320.283040727488697 ] ] ] } },
{ "type": "Feature", "properties": { "ano": 2010, "camada": "agua", "area_km2": 0.0009 }, "geometry": { "type": "Polygon", "coordinates": [ [ [ 579712.242421298637055, 8193320.283040727488697 ], [ 579712.242421298637055, 8193290.283040727488697 ], [ 579742.242421298637055, 8193290.283040727488697 ], [ 579742.242421298637055, 8193320.283040727488697 ], [ 579712.242421298637055, 8193320.283040727488697 ] ] ] } },
{ "type": "Feature", "properties": { "ano": 2010, "camada": "agua", "area_km2": 0.0009 }, "geometry": { "type": "Polygon", "coordinates": [ [ [ 579832.242421298637055, 8193260.283040727488697 ], [ 579832.242421298637055, 8193230.283040727488697 ], [ 579862.242421298637055, 8193230.283040727488697 ], [ 579862.242421298637055, 8193260.283040727488697 ], [ 579832.242421298637055, 8193260.283040727488697 ] ] ] } },
{ "type": "Feature", "properties": { "ano": 2010, "camada": "agua", "area_km2": 0.0009 }, "geometry": { "type": "Polygon", "coordinates": [ [ [ 580072.242421298637055, 8193260.283040727488697 ], [ 580072.242421298637055, 8193230.283040727488697 ], [ 580102.242421298637055, 8193230.283040727488697 ], [ 580102.242421298637055, 8193260.283040727488697 ], [ 580072.242421298637055, 8193260.283040727488697 ] ] ] } },
{ "type": "Feature", "properties": { "ano": 2010, "camada": "agua", "area_km2": 0.0018 }, "geometry": { "type": "Polygon", "coordinates": [ [ [ 578992.242421298637055, 8193230.283040727488697 ], [ 578992.242421298637055, 8193170.283040727488697 ], [ 579022.242421298637055, 8193170.283040727488697 ], [ 579022.242421298637055, 8193230.283040727488697 ], [ 578992.242421298637055, 8193230.283040727488697 ] ] ] } },
{ "type": "Feature", "properties": { "ano": 2010, "camada": "agua", "area_km2": 0.0009 }, "geometry": { "type": "Polygon", "coordinates": [ [ [ 580402.242421298637055, 8193170.283040727488697 ], [ 580402.242421298637055, 8193140.283040727488697 ], [ 580432.242421298637055, 8193140.283040727488697 ], [ 580432.242421298637055, 8193170.283040727488697 ], [ 580402.242421298637055, 8193170.283040727488697 ] ] ] } },
{ "type": "Feature", "properties": { "ano": 2010, "camada": "agua", "area_km2": 0.0009 }, "geometry": { "type": "Polygon", "coordinates": [ [ [ 580462.242421298637055, 8193110.283040727488697 ], [ 580462.242421298637055, 8193080.283040727488697 ], [ 580492.242421298637055, 8193080.283040727488697 ], [ 580492.242421298637055, 8193110.283040727488697 ], [ 580462.242421298637055, 8193110.283040727488697 ] ] ] } },
{ "type": "Feature", "properties": { "ano": 2010, "camada": "agua", "area_km2": 0.0009 }, "geometry": { "type": "Polygon", "coordinates": [ [ [ 579022.242421298637055, 8192990.283040727488697 ], [ 579022.242421298637055, 8192960.283040727488697 ], [ 579052.242421298637055, 8192960.283040727488697 ], [ 579052.242421298637055, 8192990.283040727488697 ], [ 579022.242421298637055, 8192990.283040727488697 ] ] ] } },
{ "type": "Feature", "properties": { "ano": 2010, "camada": "agua", "area_km2": 0.0009 }, "geometry": { "type": "Polygon", "coordinates": [ [ [ 580312.242421298637055, 8192990.283040727488697 ], [ 580312.242421298637055, 8192960.283040727488697 ], [ 580342.242421298637055, 8192960.283040727488697 ], [ 580342.242421298637055, 8192990.283040727488697 ], [ 580312.242421298637055, 8192990.283040727488697 ] ] ] } },
{ "type": "Feature", "properties": { "ano": 2010, "camada": "agua", "area_km2": 0.0009 }, "geometry": { "type": "Polygon", "coordinates": [ [ [ 580522.242421298637055, 8192990.283040727488697 ], [ 580522.242421298637055, 8192960.283040727488697 ], [ 580552.242421298637055, 8192960.283040727488697 ], [ 580552.242421298637055, 8192990.283040727488697 ], [ 580522.242421298637055, 8192990.283040727488697 ] ] ] } },
{ "type": "Feature", "properties": { "ano": 2010, "camada": "agua", "area_km2": 0.0009 }, "geometry": { "type": "Polygon", "coordinates": [ [ [ 580552.242421298637055, 8192930.283040727488697 ], [ 580552.242421298637055, 8192900.283040727488697 ], [ 580582.242421298637055, 8192900.283040727488697 ], [ 580582.242421298637055, 8192930.283040727488697 ], [ 580552.242421298637055, 8192930.283040727488697 ] ] ] } },
{ "type": "Feature", "properties": { "ano": 2010, "camada": "agua", "area_km2": 0.0009 }, "geometry": { "type": "Polygon", "coordinates": [ [ [ 580102.242421298637055, 8192900.283040727488697 ], [ 580102.242421298637055, 8192870.283040727488697 ], [ 580132.242421298637055, 8192870.283040727488697 ], [ 580132.242421298637055, 8192900.283040727488697 ], [ 580102.242421298637055, 8192900.283040727488697 ] ] ] } },
{ "type": "Feature", "properties": { "ano": 2010, "camada": "agua", "area_km2": 0.0009 }, "geometry": { "type": "Polygon", "coordinates": [ [ [ 580582.242421298637055, 8192870.283040727488697 ], [ 580582.242421298637055, 8192840.283040727488697 ], [ 580612.242421298637055, 8192840.283040727488697 ], [ 580612.242421298637055, 8192870.283040727488697 ], [ 580582.242421298637055, 8192870.283040727488697 ] ] ] } },
{ "type": "Feature", "properties": { "ano": 2010, "camada": "agua", "area_km2": 0.0009 }, "geometry": { "type": "Polygon", "coordinates": [ [ [ 579112.242421298637055, 8192840.283040727488697 ], [ 579112.242421298637055, 8192810.283040727488697 ], [ 579142.242421298637055, 8192810.283040727488697 ], [ 579142.242421298637055, 8192840.283040727488697 ], [ 579112.242421298637055, 8192840.283040727488697 ] ] ] } },
{ "type": "Feature", "properties": { "ano": 2010, "camada": "agua", "area_km2": 0.0009 }, "geometry": { "type": "Polygon", "coordinates": [ [ [ 580132.242421298637055, 8192720.283040727488697 ], [ 580132.242421298637055, 8192690.283040727488697 ], [ 580162.242421298637055, 8192690.283040727488697 ], [ 580162.242421298637055, 8192720.283040727488697 ], [ 580132.242421298637055, 8192720.283040727488697 ] ] ] } },
{ "type": "Feature", "properties": { "ano": 2010, "camada": "agua", "area_km2": 0.0009 }, "geometry": { "type": "Polygon", "coordinates": [ [ [ 580312.242421298637055, 8192720.283040727488697 ], [ 580312.242421298637055, 8192690.283040727488697 ], [ 580342.242421298637055, 8192690.283040727488697 ], [ 580342.242421298637055, 8192720.283040727488697 ], [ 580312.242421298637055, 8192720.283040727488697 ] ] ] } },
{ "type": "Feature", "properties": { "ano": 2010, "camada": "agua", "area_km2": 0.0009 }, "geometry": { "type": "Polygon", "coordinates": [ [ [ 580162.242421298637055, 8192690.283040727488697 ], [ 580162.242421298637055, 8192660.283040727488697 ], [ 580192.242421298637055, 8192660.283040727488697 ], [ 580192.242421298637055, 8192690.283040727488697 ], [ 580162.242421298637055, 8192690.283040727488697 ] ] ] } },
{ "type": "Feature", "properties": { "ano": 2010, "camada": "agua", "area_km2": 0.0009 }, "geometry": { "type": "Polygon", "coordinates": [ [ [ 579262.242421298637055, 8192660.283040727488697 ], [ 579262.242421298637055, 8192630.283040727488697 ], [ 579292.242421298637055, 8192630.283040727488697 ], [ 579292.242421298637055, 8192660.283040727488697 ], [ 579262.242421298637055, 8192660.283040727488697 ] ] ] } },
{ "type": "Feature", "properties": { "ano": 2010, "camada": "agua", "area_km2": 0.0009 }, "geometry": { "type": "Polygon", "coordinates": [ [ [ 580372.242421298637055, 8192660.283040727488697 ], [ 580372.242421298637055, 8192630.283040727488697 ], [ 580402.242421298637055, 8192630.283040727488697 ], [ 580402.242421298637055, 8192660.283040727488697 ], [ 580372.242421298637055, 8192660.283040727488697 ] ] ] } },
{ "type": "Feature", "properties": { "ano": 2010, "camada": "agua", "area_km2": 0.0009 }, "geometry": { "type": "Polygon", "coordinates": [ [ [ 580282.242421298637055, 8192600.283040727488697 ], [ 580282.242421298637055, 8192570.283040727488697 ], [ 580312.242421298637055, 8192570.283040727488697 ], [ 580312.242421298637055, 8192600.283040727488697 ], [ 580282.242421298637055, 8192600.283040727488697 ] ] ] } },
{ "type": "Feature", "properties": { "ano": 2010, "camada": "agua", "area_km2": 0.0009 }, "geometry": { "type": "Polygon", "coordinates": [ [ [ 580372.242421298637055, 8192480.283040727488697 ], [ 580372.242421298637055, 8192450.283040727488697 ], [ 580402.242421298637055, 8192450.283040727488697 ], [ 580402.242421298637055, 8192480.283040727488697 ], [ 580372.242421298637055, 8192480.283040727488697 ] ] ] } },
{ "type": "Feature", "properties": { "ano": 2010, "camada": "agua", "area_km2": 0.0009 }, "geometry": { "type": "Polygon", "coordinates": [ [ [ 579442.242421298637055, 8192420.283040727488697 ], [ 579442.242421298637055, 8192390.283040727488697 ], [ 579472.242421298637055, 8192390.283040727488697 ], [ 579472.242421298637055, 8192420.283040727488697 ], [ 579442.242421298637055, 8192420.283040727488697 ] ] ] } },
{ "type": "Feature", "properties": { "ano": 2010, "camada": "agua", "area_km2": 0.0009 }, "geometry": { "type": "Polygon", "coordinates": [ [ [ 579532.242421298637055, 8192360.283040727488697 ], [ 579532.242421298637055, 8192330.283040727488697 ], [ 579562.242421298637055, 8192330.283040727488697 ], [ 579562.242421298637055, 8192360.283040727488697 ], [ 579532.242421298637055, 8192360.283040727488697 ] ] ] } },
{ "type": "Feature", "properties": { "ano": 2010, "camada": "agua", "area_km2": 0.0009 }, "geometry": { "type": "Polygon", "coordinates": [ [ [ 579622.242421298637055, 8192270.283040727488697 ], [ 579622.242421298637055, 8192240.283040727488697 ], [ 579652.242421298637055, 8192240.283040727488697 ], [ 579652.242421298637055, 8192270.283040727488697 ], [ 579622.242421298637055, 8192270.283040727488697 ] ] ] } },
{ "type": "Feature", "properties": { "ano": 2010, "camada": "agua", "area_km2": 0.0009 }, "geometry": { "type": "Polygon", "coordinates": [ [ [ 579652.242421298637055, 8192060.283040727488697 ], [ 579652.242421298637055, 8192030.283040727488697 ], [ 579682.242421298637055, 8192030.283040727488697 ], [ 579682.242421298637055, 8192060.283040727488697 ], [ 579652.242421298637055, 8192060.283040727488697 ] ] ] } }
]
}
