{"type":"FeatureCollection","features":[{"type":"Feature","properties":{"ano":2010,"camada":"agua","area_km2":0.0009},"geometry":{"type":"Polygon","coordinates":[[[33.724464,-16.054413],[33.724465,-16.054684],[33.724745,-16.054683],[33.724744,-16.054412],[33.724464,-16.054413]]]}},{"type":"Feature","properties":{"ano":2010,"camada":"agua","area_km2":0.0009},"geometry":{"type":"Polygon","coordinates":[[[33.715804,-16.064205],[33.715805,-16.064476],[33.716086,-16.064475],[33.716085,-16.064204],[33.715804,-16.064205]]]}},{"type":"Feature","properties":{"ano":2010,"camada":"agua","area_km2":0.0009},"geometry":{"type":"Polygon","coordinates":[[[33.71554,-16.068545],[33.715541,-16.068816],[33.715821,-16.068815],[33.71582,-16.068544],[33.71554,-16.068545]]]}},{"type":"Feature","properties":{"ano":2010,"camada":"agua","area_km2":0.0018},"geometry":{"type":"Polygon","coordinates":[[[33.71387,-16.072347],[33.713871,-16.072618],[33.714432,-16.072616],[33.714431,-16.072345],[33.71387,-16.072347]]]}},{"type":"Feature","properties":{"ano":2010,"camada":"agua","area_km2":0.0009},"geometry":{"type":"Polygon","coordinates":[[[33.714155,-16.073431],[33.714156,-16.073702],[33.714436,-16.073701],[33.714435,-16.07343],[33.714155,-16.073431]]]}},{"type":"Feature","properties":{"ano":2010,"camada":"agua","area_km2":0.0018},"geometry":{"type":"Polygon","coordinates":[[[33.713596,-16.073975],[33.713598,-16.074517],[33.713878,-16.074517],[33.713876,-16.073974],[33.713596,-16.073975]]]}},{"type":"Feature","properties":{"ano":2010,"camada":"agua","area_km2":0.0009},"geometry":{"type":"Polygon","coordinates":[[[33.713319,-16.075061],[33.71332,-16.075332],[33.7136,-16.075331],[33.713599,-16.07506],[33.713319,-16.075061]]]}},{"type":"Feature","properties":{"ano":2010,"camada":"agua","area_km2":0.0009},"geometry":{"type":"Polygon","coordinates":[[[33.71304,-16.075604],[33.713041,-16.075875],[33.713322,-16.075874],[33.713321,-16.075603],[33.71304,-16.075604]]]}},{"type":"Feature","properties":{"ano":2010,"camada":"agua","area_km2":0.0045},"geometry":{"type":"Polygon","coordinates":[[[33.711093,-16.07995],[33.711093,-16.080221],[33.710813,-16.080222],[33.710816,-16.081035],[33.711096,-16.081034],[33.711094,-16.080492],[33.711375,-16.080491],[33.711373,-16.079949],[33.711093,-16.07995]]]}},{"type":"Feature","properties":{"ano":2010,"camada":"agua","area_km2":0.0063},"geometry":{"type":"Polygon","coordinates":[[[33.710536,-16.081307],[33.710539,-16.082121],[33.711101,-16.08239],[33.711097,-16.081306],[33.710536,-16.081307]]]}},{"type":"Feature","properties":{"ano":2010,"camada":"agua","area_km2":0.0018},"geometry":{"type":"Polygon","coordinates":[[[33.710265,-16.08402],[33.710267,-16.084563],[33.710548,-16.084562],[33.710546,-16.084019],[33.710265,-16.08402]]]}},{"type":"Feature","properties":{"ano":2010,"camada":"agua","area_km2":0.0009},"geometry":{"type":"Polygon","coordinates":[[[33.709432,-16.086193],[33.709433,-16.086464],[33.709713,-16.086463],[33.709712,-16.086192],[33.709432,-16.086193]]]}},{"type":"Feature","properties":{"ano":2010,"camada":"agua","area_km2":0.0018},"geometry":{"type":"Polygon","coordinates":[[[33.709155,-16.087278],[33.709157,-16.087821],[33.709437,-16.08782],[33.709436,-16.087277],[33.709155,-16.087278]]]}},{"type":"Feature","properties":{"ano":2010,"camada":"agua","area_km2":0.0009},"geometry":{"type":"Polygon","coordinates":[[[33.708877,-16.087822],[33.708877,-16.088093],[33.709158,-16.088092],[33.709157,-16.087821],[33.708877,-16.087822]]]}},{"type":"Feature","properties":{"ano":2010,"camada":"agua","area_km2":0.0018},"geometry":{"type":"Polygon","coordinates":[[[33.708319,-16.088908],[33.708321,-16.089451],[33.708602,-16.08945],[33.7086,-16.088907],[33.708319,-16.088908]]]}},{"type":"Feature","properties":{"ano":2010,"camada":"agua","area_km2":0.0009},"geometry":{"type":"Polygon","coordinates":[[[33.707201,-16.089997],[33.707202,-16.090268],[33.707483,-16.090267],[33.707482,-16.089996],[33.707201,-16.089997]]]}},{"type":"Feature","properties":{"ano":2010,"camada":"agua","area_km2":0.0072},"geometry":{"type":"Polygon","coordinates":[[[33.706641,-16.09027],[33.706642,-16.090541],[33.706081,-16.090543],[33.706082,-16.090814],[33.706363,-16.090813],[33.706364,-16.091355],[33.706645,-16.091354],[33.706644,-16.091083],[33.706925,-16.091082],[33.706923,-16.09054],[33.707203,-16.090539],[33.707202,-16.090268],[33.706641,-16.09027]]]}},{"type":"Feature","properties":{"ano":2010,"camada":"agua","area_km2":0.0135},"geometry":{"type":"Polygon","coordinates":[[[33.704962,-16.09136],[33.704963,-16.091631],[33.704682,-16.091632],[33.704684,-16.092175],[33.705245,-16.092173],[33.705246,-16.092444],[33.705527,-16.092443],[33.705805,-16.0919],[33.706366,-16.091898],[33.706364,-16.091355],[33.705803,-16.091357],[33.705804,-16.091628],[33.705524,-16.091629],[33.705523,-16.091358],[33.704962,-16.09136]]]}},{"type":"Feature","properties":{"ano":2010,"camada":"agua","area_km2":0.0063},"geometry":{"type":"Polygon","coordinates":[[[33.690941,-16.092491],[33.690942,-16.092762],[33.689539,-16.092766],[33.68954,-16.093038],[33.691223,-16.093032],[33.691221,-16.09249],[33.690941,-16.092491]]]}},{"type":"Feature","properties":{"ano":2010,"camada":"agua","area_km2":0.0018},"geometry":{"type":"Polygon","coordinates":[[[33.703564,-16.092721],[33.703565,-16.092992],[33.704126,-16.09299],[33.704125,-16.092719],[33.703564,-16.092721]]]}},{"type":"Feature","properties":{"ano":2010,"camada":"agua","area_km2":0.0009},"geometry":{"type":"Polygon","coordinates":[[[33.692345,-16.093028],[33.692346,-16.0933],[33.692626,-16.093299],[33.692625,-16.093028],[33.692345,-16.093028]]]}},{"type":"Feature","properties":{"ano":2010,"camada":"agua","area_km2":0.0009},"geometry":{"type":"Polygon","coordinates":[[[33.703285,-16.092993],[33.703286,-16.093264],[33.703566,-16.093263],[33.703565,-16.092992],[33.703285,-16.092993]]]}},{"type":"Feature","properties":{"ano":2010,"camada":"agua","area_km2":0.0126},"geometry":{"type":"Polygon","coordinates":[[[33.686454,-16.093047],[33.686455,-16.093319],[33.685894,-16.09332],[33.686177,-16.093862],[33.686738,-16.09386],[33.687016,-16.093317],[33.688699,-16.093311],[33.688698,-16.09304],[33.686454,-16.093047]]]}},{"type":"Feature","properties":{"ano":2010,"camada":"agua","area_km2":0.0288},"geometry":{"type":"Polygon","coordinates":[[[33.702725,-16.093266],[33.702446,-16.093809],[33.701605,-16.093812],[33.701326,-16.094355],[33.700204,-16.094359],[33.700205,-16.09463],[33.699644,-16.094632],[33.699645,-16.094903],[33.698803,-16.094906],[33.698802,-16.094635],[33.698241,-16.094636],[33.698243,-16.095179],[33.700487,-16.095171],[33.700486,-16.0949],[33.701328,-16.094898],[33.701606,-16.094354],[33.702167,-16.094352],[33.702166,-16.094081],[33.702727,-16.094079],[33.702727,-16.093808],[33.703287,-16.093535],[33.703286,-16.093264],[33.702725,-16.093266]]]}},{"type":"Feature","properties":{"ano":2010,"camada":"agua","area_km2":0.0207},"geometry":{"type":"Polygon","coordinates":[[[33.684774,-16.093866],[33.684775,-16.094138],[33.684214,-16.094139],[33.683935,-16.094683],[33.683374,-16.094684],[33.683376,-16.095227],[33.683096,-16.095228],[33.682819,-16.096313],[33.683099,-16.096313],[33.683098,-16.096041],[33.683379,-16.09604],[33.683378,-16.095769],[33.683659,-16.095768],[33.683658,-16.095497],[33.683938,-16.095496],[33.683937,-16.095225],[33.684218,-16.095224],[33.684217,-16.094953],[33.684497,-16.094952],[33.684496,-16.094681],[33.684777,-16.09468],[33.684776,-16.094409],[33.685336,-16.094136],[33.685335,-16.093865],[33.684774,-16.093866]]]}},{"type":"Feature","properties":{"ano":2010,"camada":"agua","area_km2":0.0018},"geometry":{"type":"Polygon","coordinates":[[[33.682538,-16.096314],[33.68254,-16.096857],[33.682821,-16.096856],[33.682819,-16.096313],[33.682538,-16.096314]]]}},{"type":"Feature","properties":{"ano":2010,"camada":"agua","area_km2":0.0045},"geometry":{"type":"Polygon","coordinates":[[[33.682263,-16.097671],[33.682266,-16.098756],[33.682827,-16.098754],[33.682826,-16.098483],[33.682546,-16.098484],[33.682543,-16.09767],[33.682263,-16.097671]]]}},{"type":"Feature","properties":{"ano":2010,"camada":"agua","area_km2":0.0036},"geometry":{"type":"Polygon","coordinates":[[[33.682549,-16.099297],[33.682552,-16.100382],[33.682833,-16.100381],[33.682829,-16.099296],[33.682549,-16.099297]]]}},{"type":"Feature","properties":{"ano":2010,"camada":"agua","area_km2":0.0171},"geometry":{"type":"Polygon","coordinates":[[[33.682272,-16.100383],[33.682274,-16.100925],[33.681993,-16.100926],[33.681997,-16.102011],[33.681716,-16.102012],[33.681719,-16.102826],[33.682,-16.102825],[33.681999,-16.102553],[33.682279,-16.102553],[33.68228,-16.102824],[33.682841,-16.102822],[33.68284,-16.102551],[33.68256,-16.102552],[33.682552,-16.100382],[33.682272,-16.100383]]]}},{"type":"Feature","properties":{"ano":2010,"camada":"agua","area_km2":0.0018},"geometry":{"type":"Polygon","coordinates":[[[33.681439,-16.103098],[33.681441,-16.10364],[33.681722,-16.103639],[33.68172,-16.103097],[33.681439,-16.103098]]]}},{"type":"Feature","properties":{"ano":2010,"camada":"agua","area_km2":0.0144},"geometry":{"type":"Polygon","coordinates":[[[33.665452,-16.10369],[33.665454,-16.104504],[33.667137,-16.104499],[33.667136,-16.103956],[33.666575,-16.103958],[33.666574,-16.103687],[33.665452,-16.10369]]]}},{"type":"Feature","properties":{"ano":2010,"camada":"agua","area_km2":0.0117},"geometry":{"type":"Polygon","coordinates":[[[33.667696,-16.103683],[33.667697,-16.103955],[33.667416,-16.103955],[33.667418,-16.104498],[33.66854,-16.104494],[33.668539,-16.104223],[33.66882,-16.104222],[33.668818,-16.10368],[33.667696,-16.103683]]]}},{"type":"Feature","properties":{"ano":2010,"camada":"agua","area_km2":0.0108},"geometry":{"type":"Polygon","coordinates":[[[33.66938,-16.103949],[33.669382,-16.104492],[33.669662,-16.104491],[33.669663,-16.104762],[33.671066,-16.104758],[33.670783,-16.104216],[33.669942,-16.104219],[33.669941,-16.103948],[33.66938,-16.103949]]]}},{"type":"Feature","properties":{"ano":2010,"camada":"agua","area_km2":0.0108},"geometry":{"type":"Polygon","coordinates":[[[33.671906,-16.104484],[33.671908,-16.105026],[33.674152,-16.105019],[33.674151,-16.104748],[33.671906,-16.104484]]]}},{"type":"Feature","properties":{"ano":2010,"camada":"agua","area_km2":0.0333},"geometry":{"type":"Polygon","coordinates":[[[33.6806,-16.103643],[33.680601,-16.103914],[33.677515,-16.103924],[33.677516,-16.104195],[33.676955,-16.104197],[33.676956,-16.104468],[33.676675,-16.104469],[33.676676,-16.10474],[33.676115,-16.104742],[33.676116,-16.105013],[33.676958,-16.10501],[33.676957,-16.104739],[33.679201,-16.104732],[33.6792,-16.104461],[33.679761,-16.104459],[33.67976,-16.104188],[33.681163,-16.104183],[33.681161,-16.103641],[33.6806,-16.103643]]]}},{"type":"Feature","properties":{"ano":2010,"camada":"agua","area_km2":0.0225},"geometry":{"type":"Polygon","coordinates":[[[33.664054,-16.105051],[33.664055,-16.105593],[33.663775,-16.105594],[33.663496,-16.106137],[33.662935,-16.106139],[33.662937,-16.106681],[33.664339,-16.106677],[33.664339,-16.106406],[33.664619,-16.106405],[33.664617,-16.105863],[33.664898,-16.105862],[33.664895,-16.105048],[33.664054,-16.105051]]]}},{"type":"Feature","properties":{"ano":2010,"camada":"agua","area_km2":0.0639},"geometry":{"type":"Polygon","coordinates":[[[33.658166,-16.106154],[33.658167,-16.106425],[33.656764,-16.106429],[33.656765,-16.1067],[33.656204,-16.106702],[33.656205,-16.106973],[33.655644,-16.106975],[33.655645,-16.107246],[33.654524,-16.107521],[33.654525,-16.107792],[33.654244,-16.107793],[33.653965,-16.108336],[33.654807,-16.108334],[33.654806,-16.108062],[33.655367,-16.108061],[33.655366,-16.10779],[33.655927,-16.107788],[33.656206,-16.107245],[33.656767,-16.107243],[33.656766,-16.106972],[33.657608,-16.106969],[33.657607,-16.106698],[33.658168,-16.106696],[33.658169,-16.106967],[33.660132,-16.106961],[33.660133,-16.107232],[33.661536,-16.107228],[33.661535,-16.106957],[33.662095,-16.106684],[33.662094,-16.106413],[33.661253,-16.106415],[33.661252,-16.106144],[33.660691,-16.106146],[33.660692,-16.106417],[33.660131,-16.106419],[33.66013,-16.106148],[33.658166,-16.106154]]]}},{"type":"Feature","properties":{"ano":2010,"camada":"agua","area_km2":0.0297},"geometry":{"type":"Polygon","coordinates":[[[33.653967,-16.108879],[33.653968,-16.10915],[33.653687,-16.109151],[33.653689,-16.109693],[33.652567,-16.109696],[33.652569,-16.110239],[33.652288,-16.11024],[33.652291,-16.111053],[33.65201,-16.111054],[33.652011,-16.111325],[33.652292,-16.111324],[33.652013,-16.111868],[33.652574,-16.111866],[33.652572,-16.111324],[33.653133,-16.111322],[33.653132,-16.110779],[33.653412,-16.110779],[33.653411,-16.110507],[33.653972,-16.110235],[33.653969,-16.109421],[33.654249,-16.10942],[33.654248,-16.108878],[33.653967,-16.108879]]]}},{"type":"Feature","properties":{"ano":2010,"camada":"agua","area_km2":0.0099},"geometry":{"type":"Polygon","coordinates":[[[33.651733,-16.11214],[33.651734,-16.112411],[33.651454,-16.112412],[33.651456,-16.112954],[33.651175,-16.112955],[33.651177,-16.113497],[33.651457,-16.113497],[33.651456,-16.113225],[33.652018,-16.113224],[33.652016,-16.112681],[33.652296,-16.11268],[33.652295,-16.112138],[33.651733,-16.11214]]]}},{"type":"Feature","properties":{"ano":2010,"camada":"agua","area_km2":0.0009},"geometry":{"type":"Polygon","coordinates":[[[33.650901,-16.114854],[33.650902,-16.115125],[33.651182,-16.115125],[33.651181,-16.114853],[33.650901,-16.114854]]]}},{"type":"Feature","properties":{"ano":2010,"camada":"agua","area_km2":0.0009},"geometry":{"type":"Polygon","coordinates":[[[33.650622,-16.115397],[33.650623,-16.115669],[33.650903,-16.115668],[33.650902,-16.115397],[33.650622,-16.115397]]]}},{"type":"Feature","properties":{"ano":2010,"camada":"agua","area_km2":0.0018},"geometry":{"type":"Polygon","coordinates":[[[33.649784,-16.116485],[33.649785,-16.116756],[33.650346,-16.116754],[33.650345,-16.116483],[33.649784,-16.116485]]]}},{"type":"Feature","properties":{"ano":2010,"camada":"agua","area_km2":0.0009},"geometry":{"type":"Polygon","coordinates":[[[33.649786,-16.117027],[33.649786,-16.117298],[33.650067,-16.117298],[33.650066,-16.117026],[33.649786,-16.117027]]]}},{"type":"Feature","properties":{"ano":2010,"camada":"agua","area_km2":0.0009},"geometry":{"type":"Polygon","coordinates":[[[33.649506,-16.117299],[33.649507,-16.11757],[33.649787,-16.11757],[33.649786,-16.117298],[33.649506,-16.117299]]]}},{"type":"Feature","properties":{"ano":2010,"camada":"agua","area_km2":0.0009},"geometry":{"type":"Polygon","coordinates":[[[33.646988,-16.119476],[33.646989,-16.119748],[33.64727,-16.119747],[33.647269,-16.119476],[33.646988,-16.119476]]]}},{"type":"Feature","properties":{"ano":2010,"camada":"agua","area_km2":0.0027},"geometry":{"type":"Polygon","coordinates":[[[33.512611,-16.122282],[33.512612,-16.122553],[33.513454,-16.122551],[33.513453,-16.12228],[33.512611,-16.122282]]]}},{"type":"Feature","properties":{"ano":2010,"camada":"agua","area_km2":0.0072},"geometry":{"type":"Polygon","coordinates":[[[33.513454,-16.122551],[33.513454,-16.122823],[33.514016,-16.122821],[33.514016,-16.123092],[33.515139,-16.123361],[33.514857,-16.122819],[33.514296,-16.122821],[33.514295,-16.122549],[33.513454,-16.122551]]]}},{"type":"Feature","properties":{"ano":2010,"camada":"agua","area_km2":0.0009},"geometry":{"type":"Polygon","coordinates":[[[33.516262,-16.123629],[33.516263,-16.123901],[33.516543,-16.1239],[33.516543,-16.123629],[33.516262,-16.123629]]]}},{"type":"Feature","properties":{"ano":2010,"camada":"agua","area_km2":0.0018},"geometry":{"type":"Polygon","coordinates":[[[33.516543,-16.1239],[33.516544,-16.124171],[33.517105,-16.12417],[33.517105,-16.123899],[33.516543,-16.1239]]]}},{"type":"Feature","properties":{"ano":2010,"camada":"agua","area_km2":0.0045},"geometry":{"type":"Polygon","coordinates":[[[33.517386,-16.124169],[33.517386,-16.12444],[33.518509,-16.124709],[33.518227,-16.124167],[33.517386,-16.124169]]]}},{"type":"Feature","properties":{"ano":2010,"camada":"agua","area_km2":0.0018},"geometry":{"type":"Polygon","coordinates":[[[33.51907,-16.124436],[33.519071,-16.124707],[33.519632,-16.124706],[33.519631,-16.124435],[33.51907,-16.124436]]]}},{"type":"Feature","properties":{"ano":2010,"camada":"agua","area_km2":0.0261},"geometry":{"type":"Polygon","coordinates":[[[33.519632,-16.124706],[33.519914,-16.125248],[33.522439,-16.125242],[33.522439,-16.125513],[33.523842,-16.125509],[33.523843,-16.125781],[33.524123,-16.12578],[33.524123,-16.125509],[33.524684,-16.125507],[33.524685,-16.125778],[33.525245,-16.125506],[33.525244,-16.125235],[33.524122,-16.125237],[33.524121,-16.124966],[33.520193,-16.124976],[33.520193,-16.124705],[33.519632,-16.124706]]]}},{"type":"Feature","properties":{"ano":2010,"camada":"agua","area_km2":0.0054},"geometry":{"type":"Polygon","coordinates":[[[33.531698,-16.12549],[33.531699,-16.126032],[33.53226,-16.126031],[33.532261,-16.126302],[33.532542,-16.126301],[33.53254,-16.125759],[33.53226,-16.12576],[33.532259,-16.125488],[33.531698,-16.12549]]]}},{"type":"Feature","properties":{"ano":2010,"camada":"agua","area_km2":0.0666},"geometry":{"type":"Polygon","coordinates":[[[33.645308,-16.120566],[33.645309,-16.120837],[33.644188,-16.121112],[33.644191,-16.121926],[33.64391,-16.121926],[33.643911,-16.122198],[33.64363,-16.122199],[33.643632,-16.122741],[33.643352,-16.122742],[33.643356,-16.124098],[33.643075,-16.124099],[33.643077,-16.124641],[33.642797,-16.124642],[33.642799,-16.125455],[33.642519,-16.125456],[33.642521,-16.12627],[33.642241,-16.126271],[33.642243,-16.127084],[33.642524,-16.127083],[33.642525,-16.127355],[33.642805,-16.127354],[33.642806,-16.127625],[33.643368,-16.127894],[33.64337,-16.128437],[33.643931,-16.128435],[33.643928,-16.12735],[33.643366,-16.127081],[33.643363,-16.126267],[33.643082,-16.126268],[33.6428,-16.125727],[33.643081,-16.125726],[33.643078,-16.124912],[33.643359,-16.124911],[33.643358,-16.12464],[33.643918,-16.124367],[33.643915,-16.123554],[33.644196,-16.123553],[33.644195,-16.123282],[33.643914,-16.123282],[33.643913,-16.12274],[33.644193,-16.122739],[33.644191,-16.122197],[33.644753,-16.122195],[33.64475,-16.121382],[33.64503,-16.121381],[33.64503,-16.12111],[33.645592,-16.121379],[33.645591,-16.121108],[33.646151,-16.120835],[33.64615,-16.120564],[33.645308,-16.120566]]]}},{"type":"Feature","properties":{"ano":2010,"camada":"agua","area_km2":0.0468},"geometry":{"type":"Polygon","coordinates":[[[33.525526,-16.125505],[33.525526,-16.125776],[33.525807,-16.125776],[33.525808,-16.126047],[33.526369,-16.126317],[33.526372,-16.12713],[33.526933,-16.1274],[33.526935,-16.127943],[33.526654,-16.127943],[33.526657,-16.129028],[33.526938,-16.129027],[33.526937,-16.128756],[33.527498,-16.128755],[33.527497,-16.128484],[33.528058,-16.128482],[33.528055,-16.127126],[33.527493,-16.126856],[33.52721,-16.125772],[33.525526,-16.125505]]]}},{"type":"Feature","properties":{"ano":2010,"camada":"agua","area_km2":0.0009},"geometry":{"type":"Polygon","coordinates":[[[33.541528,-16.129533],[33.541529,-16.129804],[33.54181,-16.129804],[33.541809,-16.129532],[33.541528,-16.129533]]]}},{"type":"Feature","properties":{"ano":2010,"camada":"agua","area_km2":0.0009},"geometry":{"type":"Polygon","coordinates":[[[33.543492,-16.129528],[33.543493,-16.129799],[33.543774,-16.129799],[33.543773,-16.129527],[33.543492,-16.129528]]]}},{"type":"Feature","properties":{"ano":2010,"camada":"agua","area_km2":0.0045},"geometry":{"type":"Polygon","coordinates":[[[33.54209,-16.129803],[33.542372,-16.130345],[33.542653,-16.130344],[33.542652,-16.130073],[33.543213,-16.130071],[33.543213,-16.1298],[33.54209,-16.129803]]]}},{"type":"Feature","properties":{"ano":2010,"camada":"agua","area_km2":0.0009},"geometry":{"type":"Polygon","coordinates":[[[33.527223,-16.130654],[33.527223,-16.130925],[33.527504,-16.130924],[33.527503,-16.130653],[33.527223,-16.130654]]]}},{"type":"Feature","properties":{"ano":2010,"camada":"agua","area_km2":0.0576},"geometry":{"type":"Polygon","coordinates":[[[33.499435,-16.12611],[33.499437,-16.127195],[33.499718,-16.127194],[33.499719,-16.127466],[33.500281,-16.127735],[33.500282,-16.128278],[33.500562,-16.128277],[33.500563,-16.128548],[33.500844,-16.128548],[33.500844,-16.128819],[33.501406,-16.129089],[33.501408,-16.129631],[33.501688,-16.129631],[33.501689,-16.129902],[33.501969,-16.129901],[33.50197,-16.130172],[33.502251,-16.130172],[33.502251,-16.130443],[33.502532,-16.130442],[33.502814,-16.130984],[33.503936,-16.130981],[33.503937,-16.131252],[33.504498,-16.131251],[33.504496,-16.130438],[33.503374,-16.130711],[33.503373,-16.130169],[33.503092,-16.13017],[33.503092,-16.129898],[33.502811,-16.129899],[33.50281,-16.129628],[33.50253,-16.129629],[33.502529,-16.129357],[33.502249,-16.129358],[33.502248,-16.129087],[33.501967,-16.129087],[33.501967,-16.128816],[33.501686,-16.128817],[33.501685,-16.128546],[33.501124,-16.128276],[33.50084,-16.127192],[33.50056,-16.127192],[33.500559,-16.126921],[33.500279,-16.126922],[33.500278,-16.126651],[33.499997,-16.126651],[33.499997,-16.12638],[33.499435,-16.12611]]]}},{"type":"Feature","properties":{"ano":2010,"camada":"agua","area_km2":0.0279},"geometry":{"type":"Polygon","coordinates":[[[33.643372,-16.128979],[33.643377,-16.130606],[33.643096,-16.130607],[33.643097,-16.130878],[33.643378,-16.130878],[33.643382,-16.132233],[33.643663,-16.132233],[33.643664,-16.132504],[33.644505,-16.132501],[33.644504,-16.13223],[33.643942,-16.131961],[33.643939,-16.130876],[33.643658,-16.130877],[33.643657,-16.130605],[33.643938,-16.130605],[33.643935,-16.129791],[33.644216,-16.12979],[33.644213,-16.128977],[33.643372,-16.128979]]]}},{"type":"Feature","properties":{"ano":2010,"camada":"agua","area_km2":0.0018},"geometry":{"type":"Polygon","coordinates":[[[33.581658,-16.132411],[33.581659,-16.132682],[33.58222,-16.13268],[33.582219,-16.132409],[33.581658,-16.132411]]]}},{"type":"Feature","properties":{"ano":2010,"camada":"agua","area_km2":0.0099},"geometry":{"type":"Polygon","coordinates":[[[33.644505,-16.132501],[33.644506,-16.132772],[33.645628,-16.132769],[33.645629,-16.13304],[33.64591,-16.133039],[33.645912,-16.133582],[33.646474,-16.133851],[33.646472,-16.133309],[33.646191,-16.13331],[33.64619,-16.132767],[33.645909,-16.132768],[33.645908,-16.132497],[33.644505,-16.132501]]]}},{"type":"Feature","properties":{"ano":2010,"camada":"agua","area_km2":0.0027},"geometry":{"type":"Polygon","coordinates":[[[33.583626,-16.133761],[33.583627,-16.134033],[33.584188,-16.134302],[33.584187,-16.13376],[33.583626,-16.133761]]]}},{"type":"Feature","properties":{"ano":2010,"camada":"agua","area_km2":0.0009},"geometry":{"type":"Polygon","coordinates":[[[33.646198,-16.135479],[33.646199,-16.13575],[33.64648,-16.13575],[33.646479,-16.135478],[33.646198,-16.135479]]]}},{"type":"Feature","properties":{"ano":2010,"camada":"agua","area_km2":0.027},"geometry":{"type":"Polygon","coordinates":[[[33.645919,-16.135751],[33.64592,-16.136023],[33.645639,-16.136023],[33.64564,-16.136295],[33.645359,-16.136295],[33.64536,-16.136567],[33.64508,-16.136567],[33.64508,-16.136839],[33.6448,-16.136839],[33.644801,-16.137111],[33.64452,-16.137112],[33.644521,-16.137383],[33.64424,-16.137384],[33.644241,-16.137655],[33.643961,-16.137656],[33.643682,-16.138199],[33.644804,-16.138195],[33.644803,-16.137924],[33.645084,-16.137923],[33.645083,-16.137652],[33.645364,-16.137651],[33.645363,-16.13738],[33.645643,-16.137379],[33.645642,-16.137108],[33.646203,-16.136835],[33.646199,-16.13575],[33.645919,-16.135751]]]}},{"type":"Feature","properties":{"ano":2010,"camada":"agua","area_km2":0.0045},"geometry":{"type":"Polygon","coordinates":[[[33.566805,-16.138688],[33.566526,-16.139231],[33.567368,-16.139229],[33.567367,-16.138687],[33.566805,-16.138688]]]}},{"type":"Feature","properties":{"ano":2010,"camada":"agua","area_km2":0.0306},"geometry":{"type":"Polygon","coordinates":[[[33.643401,-16.1382],[33.643403,-16.138742],[33.642843,-16.139015],[33.642846,-16.139829],[33.642565,-16.139829],[33.642568,-16.140914],[33.642288,-16.140915],[33.64229,-16.141457],[33.642009,-16.141458],[33.642011,-16.142001],[33.642291,-16.142],[33.642292,-16.142271],[33.642853,-16.142269],[33.642848,-16.140642],[33.643129,-16.140641],[33.643127,-16.140099],[33.643687,-16.139826],[33.643685,-16.139012],[33.643965,-16.139012],[33.643964,-16.13874],[33.643684,-16.138741],[33.643682,-16.138199],[33.643401,-16.1382]]]}},{"type":"Feature","properties":{"ano":2010,"camada":"agua","area_km2":0.0018},"geometry":{"type":"Polygon","coordinates":[[[33.642853,-16.142269],[33.642855,-16.142812],[33.643136,-16.142811],[33.643134,-16.142268],[33.642853,-16.142269]]]}},{"type":"Feature","properties":{"ano":2010,"camada":"agua","area_km2":0.0009},"geometry":{"type":"Polygon","coordinates":[[[33.643137,-16.143353],[33.643138,-16.143624],[33.643419,-16.143624],[33.643418,-16.143352],[33.643137,-16.143353]]]}},{"type":"Feature","properties":{"ano":2010,"camada":"agua","area_km2":0.0018},"geometry":{"type":"Polygon","coordinates":[[[33.643419,-16.143624],[33.643421,-16.144166],[33.643701,-16.144165],[33.6437,-16.143623],[33.643419,-16.143624]]]}},{"type":"Feature","properties":{"ano":2010,"camada":"agua","area_km2":0.0009},"geometry":{"type":"Polygon","coordinates":[[[33.643701,-16.144165],[33.643702,-16.144436],[33.643983,-16.144435],[33.643982,-16.144164],[33.643701,-16.144165]]]}},{"type":"Feature","properties":{"ano":2010,"camada":"agua","area_km2":0.0009},"geometry":{"type":"Polygon","coordinates":[[[33.643983,-16.144435],[33.643984,-16.144707],[33.644264,-16.144706],[33.644263,-16.144435],[33.643983,-16.144435]]]}},{"type":"Feature","properties":{"ano":2010,"camada":"agua","area_km2":0.0018},"geometry":{"type":"Polygon","coordinates":[[[33.644264,-16.144706],[33.644266,-16.145248],[33.644547,-16.145247],[33.644545,-16.144705],[33.644264,-16.144706]]]}},{"type":"Feature","properties":{"ano":2010,"camada":"agua","area_km2":0.0018},"geometry":{"type":"Polygon","coordinates":[[[33.644547,-16.145518],[33.644549,-16.146061],[33.64483,-16.14606],[33.644828,-16.145518],[33.644547,-16.145518]]]}},{"type":"Feature","properties":{"ano":2010,"camada":"agua","area_km2":0.0009},"geometry":{"type":"Polygon","coordinates":[[[33.64483,-16.14606],[33.644831,-16.146331],[33.645111,-16.14633],[33.64511,-16.146059],[33.64483,-16.14606]]]}},{"type":"Feature","properties":{"ano":2010,"camada":"agua","area_km2":0.0018},"geometry":{"type":"Polygon","coordinates":[[[33.645394,-16.146872],[33.645395,-16.147414],[33.645676,-16.147413],[33.645674,-16.146871],[33.645394,-16.146872]]]}},{"type":"Feature","properties":{"ano":2010,"camada":"agua","area_km2":0.0009},"geometry":{"type":"Polygon","coordinates":[[[33.646239,-16.147954],[33.64624,-16.148225],[33.64652,-16.148224],[33.646519,-16.147953],[33.646239,-16.147954]]]}},{"type":"Feature","properties":{"ano":2010,"camada":"agua","area_km2":0.0009},"geometry":{"type":"Polygon","coordinates":[[[33.64652,-16.148224],[33.646521,-16.148496],[33.646802,-16.148495],[33.646801,-16.148224],[33.64652,-16.148224]]]}},{"type":"Feature","properties":{"ano":2010,"camada":"agua","area_km2":0.0018},"geometry":{"type":"Polygon","coordinates":[[[33.647082,-16.148494],[33.647083,-16.148765],[33.647644,-16.148763],[33.647643,-16.148492],[33.647082,-16.148494]]]}},{"type":"Feature","properties":{"ano":2010,"camada":"agua","area_km2":0.0369},"geometry":{"type":"Polygon","coordinates":[[[33.647371,-16.150934],[33.647372,-16.151205],[33.646811,-16.151207],[33.646811,-16.151478],[33.646531,-16.151479],[33.646532,-16.15175],[33.646812,-16.151749],[33.646813,-16.15202],[33.646533,-16.152021],[33.64654,-16.154191],[33.646259,-16.154191],[33.646262,-16.155005],[33.645981,-16.155006],[33.645983,-16.155548],[33.646263,-16.155547],[33.646263,-16.155276],[33.647104,-16.155274],[33.647102,-16.15446],[33.646821,-16.154461],[33.646817,-16.153105],[33.647097,-16.153104],[33.647374,-16.152019],[33.647935,-16.151746],[33.647932,-16.150932],[33.647371,-16.150934]]]}},{"type":"Feature","properties":{"ano":2010,"camada":"agua","area_km2":0.0009},"geometry":{"type":"Polygon","coordinates":[[[33.646265,-16.15609],[33.646266,-16.156361],[33.646547,-16.15636],[33.646546,-16.156089],[33.646265,-16.15609]]]}},{"type":"Feature","properties":{"ano":2010,"camada":"agua","area_km2":0.0144},"geometry":{"type":"Polygon","coordinates":[[[33.645711,-16.158261],[33.645712,-16.158532],[33.645431,-16.158533],[33.645432,-16.158804],[33.644872,-16.159077],[33.644875,-16.159891],[33.644313,-16.159892],[33.644315,-16.160435],[33.644876,-16.160433],[33.644875,-16.160162],[33.645156,-16.160161],[33.645154,-16.159619],[33.645435,-16.159618],[33.645433,-16.159075],[33.645714,-16.159075],[33.645713,-16.158803],[33.646273,-16.158531],[33.646272,-16.158259],[33.645711,-16.158261]]]}},{"type":"Feature","properties":{"ano":2010,"camada":"agua","area_km2":0.009},"geometry":{"type":"Polygon","coordinates":[[[33.643755,-16.160708],[33.643756,-16.160979],[33.643475,-16.16098],[33.643476,-16.161251],[33.643195,-16.161252],[33.643196,-16.161523],[33.642636,-16.161796],[33.642638,-16.162338],[33.642918,-16.162337],[33.642917,-16.162066],[33.643198,-16.162065],[33.643197,-16.161794],[33.643478,-16.161793],[33.643477,-16.161522],[33.644037,-16.161249],[33.644035,-16.160707],[33.643755,-16.160708]]]}},{"type":"Feature","properties":{"ano":2010,"camada":"agua","area_km2":0.0054},"geometry":{"type":"Polygon","coordinates":[[[33.642077,-16.162611],[33.642078,-16.162882],[33.641798,-16.162883],[33.641519,-16.163426],[33.64208,-16.163425],[33.642079,-16.163154],[33.642639,-16.162881],[33.642638,-16.162609],[33.642077,-16.162611]]]}},{"type":"Feature","properties":{"ano":2010,"camada":"agua","area_km2":0.0009},"geometry":{"type":"Polygon","coordinates":[[[33.640678,-16.1637],[33.640679,-16.163971],[33.640959,-16.16397],[33.640958,-16.163699],[33.640678,-16.1637]]]}},{"type":"Feature","properties":{"ano":2010,"camada":"agua","area_km2":0.0027},"geometry":{"type":"Polygon","coordinates":[[[33.640117,-16.163973],[33.640118,-16.164244],[33.64068,-16.164514],[33.640679,-16.163971],[33.640117,-16.163973]]]}},{"type":"Feature","properties":{"ano":2010,"camada":"agua","area_km2":0.0009},"geometry":{"type":"Polygon","coordinates":[[[33.605042,-16.164347],[33.605043,-16.164618],[33.605323,-16.164617],[33.605323,-16.164346],[33.605042,-16.164347]]]}},{"type":"Feature","properties":{"ano":2010,"camada":"agua","area_km2":0.0018},"geometry":{"type":"Polygon","coordinates":[[[33.639839,-16.164787],[33.63984,-16.165059],[33.640401,-16.165057],[33.640401,-16.164786],[33.639839,-16.164787]]]}},{"type":"Feature","properties":{"ano":2010,"camada":"agua","area_km2":0.0009},"geometry":{"type":"Polygon","coordinates":[[[33.638159,-16.165877],[33.63816,-16.166148],[33.638441,-16.166148],[33.63844,-16.165876],[33.638159,-16.165877]]]}},{"type":"Feature","properties":{"ano":2010,"camada":"agua","area_km2":0.0486},"geometry":{"type":"Polygon","coordinates":[[[33.637038,-16.166152],[33.637039,-16.166423],[33.636477,-16.166425],[33.636478,-16.166696],[33.635636,-16.166698],[33.635357,-16.167242],[33.634796,-16.167243],[33.634797,-16.167514],[33.633675,-16.167789],[33.633397,-16.168332],[33.633958,-16.168331],[33.633959,-16.168602],[33.635081,-16.168598],[33.63536,-16.168055],[33.635921,-16.168053],[33.6362,-16.16751],[33.636761,-16.167509],[33.636761,-16.167237],[33.637041,-16.167237],[33.63732,-16.166693],[33.637881,-16.166692],[33.63788,-16.16642],[33.638161,-16.16642],[33.63816,-16.166148],[33.637038,-16.166152]]]}},{"type":"Feature","properties":{"ano":2010,"camada":"agua","area_km2":0.0018},"geometry":{"type":"Polygon","coordinates":[[[33.632835,-16.168334],[33.632836,-16.168605],[33.633397,-16.168603],[33.633397,-16.168332],[33.632835,-16.168334]]]}},{"type":"Feature","properties":{"ano":2010,"camada":"agua","area_km2":0.0009},"geometry":{"type":"Polygon","coordinates":[[[33.632556,-16.168606],[33.632556,-16.168877],[33.632837,-16.168876],[33.632836,-16.168605],[33.632556,-16.168606]]]}},{"type":"Feature","properties":{"ano":2010,"camada":"agua","area_km2":0.0036},"geometry":{"type":"Polygon","coordinates":[[[33.631995,-16.168879],[33.631996,-16.16915],[33.631715,-16.169151],[33.631716,-16.169422],[33.632278,-16.16942],[33.632277,-16.169149],[33.632557,-16.169148],[33.632556,-16.168877],[33.631995,-16.168879]]]}},{"type":"Feature","properties":{"ano":2010,"camada":"agua","area_km2":0.0099},"geometry":{"type":"Polygon","coordinates":[[[33.631155,-16.169424],[33.631156,-16.169695],[33.630595,-16.169697],[33.630596,-16.169968],[33.630035,-16.170241],[33.630037,-16.170783],[33.630598,-16.170781],[33.630596,-16.170239],[33.631717,-16.169693],[33.631716,-16.169422],[33.631155,-16.169424]]]}},{"type":"Feature","properties":{"ano":2010,"camada":"agua","area_km2":0.036},"geometry":{"type":"Polygon","coordinates":[[[33.627515,-16.171875],[33.627516,-16.172146],[33.626954,-16.172148],[33.626676,-16.172691],[33.625834,-16.172694],[33.625835,-16.172965],[33.625273,-16.172967],[33.624994,-16.17351],[33.624433,-16.173511],[33.624435,-16.174054],[33.624715,-16.174053],[33.624716,-16.174324],[33.625278,-16.174322],[33.625277,-16.174051],[33.625838,-16.17405],[33.625837,-16.173778],[33.626118,-16.173778],[33.626397,-16.173234],[33.626958,-16.173233],[33.626957,-16.172962],[33.627238,-16.172961],[33.627517,-16.172418],[33.628358,-16.172415],[33.628357,-16.171873],[33.627515,-16.171875]]]}},{"type":"Feature","properties":{"ano":2010,"camada":"agua","area_km2":0.0009},"geometry":{"type":"Polygon","coordinates":[[[33.623874,-16.174055],[33.623874,-16.174327],[33.624155,-16.174326],[33.624154,-16.174055],[33.623874,-16.174055]]]}},{"type":"Feature","properties":{"ano":2010,"camada":"agua","area_km2":0.0009},"geometry":{"type":"Polygon","coordinates":[[[33.623033,-16.1746],[33.623034,-16.174871],[33.623315,-16.174871],[33.623314,-16.174599],[33.623033,-16.1746]]]}},{"type":"Feature","properties":{"ano":2010,"camada":"agua","area_km2":0.0009},"geometry":{"type":"Polygon","coordinates":[[[33.613284,-16.197951],[33.613284,-16.198222],[33.613565,-16.198222],[33.613564,-16.19795],[33.613284,-16.197951]]]}},{"type":"Feature","properties":{"ano":2010,"camada":"agua","area_km2":0.0018},"geometry":{"type":"Polygon","coordinates":[[[33.613565,-16.198222],[33.613567,-16.198764],[33.613847,-16.198763],[33.613846,-16.198221],[33.613565,-16.198222]]]}},{"type":"Feature","properties":{"ano":2010,"camada":"agua","area_km2":0.0009},"geometry":{"type":"Polygon","coordinates":[[[33.627104,-16.219606],[33.627105,-16.219878],[33.627386,-16.219877],[33.627385,-16.219606],[33.627104,-16.219606]]]}},{"type":"Feature","properties":{"ano":2010,"camada":"agua","area_km2":0.0027},"geometry":{"type":"Polygon","coordinates":[[[33.653532,-16.232544],[33.653533,-16.232815],[33.654375,-16.232813],[33.654374,-16.232541],[33.653532,-16.232544]]]}},{"type":"Feature","properties":{"ano":2010,"camada":"agua","area_km2":0.0027},"geometry":{"type":"Polygon","coordinates":[[[33.65241,-16.232819],[33.652411,-16.23309],[33.653253,-16.233087],[33.653252,-16.232816],[33.65241,-16.232819]]]}},{"type":"Feature","properties":{"ano":2010,"camada":"agua","area_km2":0.0009},"geometry":{"type":"Polygon","coordinates":[[[33.659428,-16.232797],[33.659428,-16.233068],[33.659709,-16.233067],[33.659708,-16.232796],[33.659428,-16.232797]]]}},{"type":"Feature","properties":{"ano":2010,"camada":"agua","area_km2":0.0009},"geometry":{"type":"Polygon","coordinates":[[[33.659709,-16.233067],[33.65971,-16.233338],[33.659991,-16.233338],[33.65999,-16.233066],[33.659709,-16.233067]]]}},{"type":"Feature","properties":{"ano":2010,"camada":"agua","area_km2":0.0009},"geometry":{"type":"Polygon","coordinates":[[[33.659992,-16.233609],[33.659993,-16.23388],[33.660273,-16.233879],[33.660272,-16.233608],[33.659992,-16.233609]]]}},{"type":"Feature","properties":{"ano":2010,"camada":"agua","area_km2":0.0018},"geometry":{"type":"Polygon","coordinates":[[[33.672362,-16.239265],[33.672364,-16.239807],[33.672645,-16.239806],[33.672643,-16.239264],[33.672362,-16.239265]]]}},{"type":"Feature","properties":{"ano":2010,"camada":"agua","area_km2":0.0027},"geometry":{"type":"Polygon","coordinates":[[[33.665634,-16.241998],[33.665637,-16.242812],[33.665918,-16.242811],[33.665915,-16.241997],[33.665634,-16.241998]]]}},{"type":"Feature","properties":{"ano":2010,"camada":"agua","area_km2":0.0009},"geometry":{"type":"Polygon","coordinates":[[[33.665357,-16.243084],[33.665358,-16.243355],[33.665639,-16.243354],[33.665638,-16.243083],[33.665357,-16.243084]]]}},{"type":"Feature","properties":{"ano":2010,"camada":"agua","area_km2":0.0009},"geometry":{"type":"Polygon","coordinates":[[[33.661153,-16.245266],[33.661154,-16.245537],[33.661435,-16.245537],[33.661434,-16.245265],[33.661153,-16.245266]]]}},{"type":"Feature","properties":{"ano":2010,"camada":"agua","area_km2":0.0009},"geometry":{"type":"Polygon","coordinates":[[[33.674121,-16.261226],[33.674122,-16.261497],[33.674403,-16.261496],[33.674402,-16.261225],[33.674121,-16.261226]]]}},{"type":"Feature","properties":{"ano":2010,"camada":"agua","area_km2":0.0009},"geometry":{"type":"Polygon","coordinates":[[[33.691328,-16.284492],[33.691329,-16.284764],[33.69161,-16.284763],[33.691609,-16.284492],[33.691328,-16.284492]]]}},{"type":"Feature","properties":{"ano":2010,"camada":"agua","area_km2":0.0009},"geometry":{"type":"Polygon","coordinates":[[[33.718976,-16.320468],[33.718977,-16.320739],[33.719258,-16.320738],[33.719257,-16.320467],[33.718976,-16.320468]]]}},{"type":"Feature","properties":{"ano":2010,"camada":"agua","area_km2":0.0153},"geometry":{"type":"Polygon","coordinates":[[[33.717299,-16.322643],[33.717302,-16.323457],[33.717582,-16.323456],[33.717583,-16.323727],[33.717864,-16.323726],[33.717865,-16.323997],[33.718146,-16.323996],[33.718147,-16.324268],[33.718428,-16.324267],[33.718429,-16.324538],[33.71871,-16.324537],[33.718711,-16.324808],[33.718992,-16.324807],[33.718993,-16.325078],[33.719555,-16.325347],[33.719553,-16.324805],[33.719272,-16.324806],[33.719271,-16.324535],[33.718991,-16.324536],[33.71899,-16.324265],[33.718709,-16.324266],[33.718708,-16.323994],[33.718427,-16.323995],[33.718426,-16.323724],[33.718145,-16.323725],[33.718144,-16.323454],[33.717581,-16.323185],[33.717579,-16.322642],[33.717299,-16.322643]]]}},{"type":"Feature","properties":{"ano":2010,"camada":"agua","area_km2":0.0072},"geometry":{"type":"Polygon","coordinates":[[[33.719555,-16.325347],[33.71984,-16.326431],[33.720121,-16.32643],[33.720122,-16.326701],[33.720683,-16.3267],[33.720683,-16.326428],[33.72012,-16.326159],[33.720118,-16.325617],[33.719555,-16.325347]]]}},{"type":"Feature","properties":{"ano":2010,"camada":"agua","area_km2":0.0018},"geometry":{"type":"Polygon","coordinates":[[[33.720683,-16.3267],[33.720684,-16.326971],[33.721246,-16.326969],[33.721245,-16.326698],[33.720683,-16.3267]]]}},{"type":"Feature","properties":{"ano":2010,"camada":"agua","area_km2":0.0009},"geometry":{"type":"Polygon","coordinates":[[[33.721246,-16.326969],[33.721247,-16.32724],[33.721528,-16.327239],[33.721527,-16.326968],[33.721246,-16.326969]]]}},{"type":"Feature","properties":{"ano":2010,"camada":"agua","area_km2":0.0009},"geometry":{"type":"Polygon","coordinates":[[[33.721528,-16.327239],[33.721529,-16.32751],[33.72181,-16.327509],[33.721809,-16.327238],[33.721528,-16.327239]]]}},{"type":"Feature","properties":{"ano":2010,"camada":"agua","area_km2":0.0009},"geometry":{"type":"Polygon","coordinates":[[[33.72181,-16.327509],[33.721811,-16.32778],[33.722092,-16.327779],[33.722091,-16.327508],[33.72181,-16.327509]]]}},{"type":"Feature","properties":{"ano":2010,"camada":"agua","area_km2":0.0018},"geometry":{"type":"Polygon","coordinates":[[[33.722092,-16.327779],[33.722093,-16.328051],[33.722654,-16.328049],[33.722653,-16.327778],[33.722092,-16.327779]]]}},{"type":"Feature","properties":{"ano":2010,"camada":"agua","area_km2":0.0009},"geometry":{"type":"Polygon","coordinates":[[[33.722654,-16.328049],[33.722655,-16.32832],[33.722936,-16.328319],[33.722935,-16.328048],[33.722654,-16.328049]]]}},{"type":"Feature","properties":{"ano":2010,"camada":"agua","area_km2":0.0009},"geometry":{"type":"Polygon","coordinates":[[[33.722936,-16.328319],[33.722937,-16.32859],[33.723218,-16.328589],[33.723217,-16.328318],[33.722936,-16.328319]]]}},{"type":"Feature","properties":{"ano":2010,"camada":"agua","area_km2":0.0018},"geometry":{"type":"Polygon","coordinates":[[[33.723218,-16.328589],[33.723219,-16.32886],[33.723781,-16.328858],[33.72378,-16.328587],[33.723218,-16.328589]]]}},{"type":"Feature","properties":{"ano":2010,"camada":"agua","area_km2":0.0045},"geometry":{"type":"Polygon","coordinates":[[[33.724063,-16.3294],[33.724064,-16.329671],[33.724345,-16.32967],[33.724346,-16.329941],[33.724909,-16.33021],[33.724907,-16.329668],[33.724626,-16.329669],[33.724625,-16.329398],[33.724063,-16.3294]]]}},{"type":"Feature","properties":{"ano":2010,"camada":"agua","area_km2":0.0009},"geometry":{"type":"Polygon","coordinates":[[[33.724909,-16.33021],[33.72491,-16.330482],[33.725191,-16.330481],[33.72519,-16.33021],[33.724909,-16.33021]]]}},{"type":"Feature","properties":{"ano":2010,"camada":"agua","area_km2":0.0009},"geometry":{"type":"Polygon","coordinates":[[[33.725756,-16.331292],[33.725757,-16.331563],[33.726037,-16.331563],[33.726036,-16.331291],[33.725756,-16.331292]]]}},{"type":"Feature","properties":{"ano":2010,"camada":"agua","area_km2":0.0027},"geometry":{"type":"Polygon","coordinates":[[[33.726318,-16.331562],[33.72632,-16.332104],[33.726882,-16.332102],[33.726881,-16.331831],[33.726318,-16.331562]]]}},{"type":"Feature","properties":{"ano":2010,"camada":"agua","area_km2":0.0081},"geometry":{"type":"Polygon","coordinates":[[[33.729977,-16.333718],[33.729978,-16.33399],[33.73054,-16.333988],[33.730823,-16.334529],[33.731665,-16.334526],[33.731382,-16.333985],[33.730821,-16.333987],[33.73082,-16.333716],[33.729977,-16.333718]]]}},{"type":"Feature","properties":{"ano":2010,"camada":"agua","area_km2":0.0009},"geometry":{"type":"Polygon","coordinates":[[[33.731946,-16.334525],[33.731947,-16.334796],[33.732228,-16.334795],[33.732227,-16.334524],[33.731946,-16.334525]]]}},{"type":"Feature","properties":{"ano":2010,"camada":"agua","area_km2":0.0027},"geometry":{"type":"Polygon","coordinates":[[[33.73279,-16.334793],[33.732791,-16.335065],[33.733633,-16.335062],[33.733632,-16.33479],[33.73279,-16.334793]]]}},{"type":"Feature","properties":{"ano":2010,"camada":"agua","area_km2":35.8632},"geometry":{"type":"Polygon","coordinates":[[[33.499359,-16.096007],[33.499394,-16.109838],[33.499956,-16.110108],[33.499957,-16.110651],[33.500518,-16.110649],[33.500519,-16.11092],[33.499677,-16.110922],[33.499677,-16.110651],[33.499396,-16.110652],[33.499423,-16.121229],[33.499703,-16.121228],[33.499704,-16.121499],[33.499984,-16.121499],[33.499985,-16.12177],[33.500266,-16.121769],[33.500266,-16.12204],[33.500547,-16.12204],[33.500547,-16.122311],[33.500828,-16.12231],[33.500829,-16.122581],[33.501391,-16.122851],[33.501392,-16.123394],[33.501672,-16.123393],[33.501674,-16.123935],[33.501954,-16.123935],[33.501957,-16.12502],[33.502519,-16.125289],[33.502521,-16.126103],[33.502802,-16.126102],[33.502803,-16.126645],[33.503365,-16.126915],[33.503366,-16.127457],[33.503647,-16.127456],[33.50393,-16.12854],[33.504492,-16.12881],[33.504494,-16.129624],[33.504774,-16.129623],[33.504777,-16.130708],[33.505058,-16.130707],[33.50506,-16.131521],[33.50534,-16.13152],[33.505341,-16.131792],[33.505902,-16.13179],[33.505903,-16.132061],[33.506464,-16.13206],[33.506465,-16.132331],[33.506745,-16.132331],[33.507027,-16.132872],[33.507588,-16.132871],[33.507589,-16.133142],[33.508431,-16.13314],[33.508431,-16.133411],[33.508993,-16.13341],[33.508992,-16.133139],[33.509834,-16.133137],[33.509834,-16.133408],[33.510395,-16.133407],[33.510396,-16.133678],[33.510677,-16.133677],[33.510677,-16.133948],[33.511239,-16.134218],[33.511241,-16.134761],[33.511802,-16.135031],[33.511804,-16.135573],[33.512084,-16.135572],[33.512085,-16.135843],[33.512366,-16.135843],[33.512366,-16.136114],[33.512647,-16.136113],[33.512648,-16.136384],[33.512928,-16.136384],[33.51321,-16.136926],[33.513771,-16.136924],[33.513772,-16.137195],[33.515736,-16.137191],[33.515735,-16.136919],[33.518261,-16.136913],[33.518261,-16.137185],[33.518822,-16.137183],[33.518823,-16.137454],[33.519104,-16.137454],[33.519104,-16.137725],[33.519385,-16.137724],[33.519386,-16.137995],[33.519666,-16.137995],[33.519667,-16.138266],[33.519948,-16.138265],[33.519948,-16.138536],[33.520229,-16.138536],[33.520511,-16.139077],[33.521072,-16.139076],[33.521073,-16.139347],[33.521353,-16.139347],[33.521355,-16.139889],[33.521916,-16.139888],[33.521917,-16.140159],[33.522478,-16.140157],[33.522478,-16.140429],[33.52304,-16.140427],[33.52304,-16.140698],[33.523882,-16.140696],[33.523883,-16.140968],[33.524725,-16.140966],[33.524724,-16.140694],[33.526407,-16.14069],[33.526408,-16.140961],[33.52725,-16.140959],[33.527251,-16.14123],[33.528373,-16.141228],[33.528374,-16.141499],[33.529496,-16.141496],[33.529497,-16.141767],[33.5309,-16.141764],[33.531179,-16.141221],[33.53174,-16.141219],[33.532019,-16.140676],[33.532861,-16.140674],[33.53286,-16.140403],[33.535385,-16.140397],[33.535384,-16.140125],[33.535946,-16.140124],[33.535946,-16.140395],[33.537069,-16.140392],[33.537068,-16.140121],[33.53791,-16.140119],[33.537909,-16.139848],[33.539312,-16.139844],[33.539311,-16.139573],[33.542397,-16.139565],[33.542397,-16.139294],[33.543519,-16.139291],[33.54352,-16.139562],[33.545764,-16.139557],[33.545765,-16.139828],[33.546326,-16.139826],[33.546327,-16.140098],[33.547169,-16.140096],[33.54717,-16.140367],[33.548011,-16.140365],[33.548012,-16.140636],[33.548573,-16.140634],[33.548574,-16.140905],[33.549416,-16.140903],[33.549416,-16.141175],[33.550819,-16.141171],[33.550819,-16.1409],[33.550257,-16.140901],[33.550257,-16.14063],[33.55166,-16.140626],[33.551659,-16.140355],[33.552781,-16.140352],[33.552782,-16.140623],[33.555588,-16.140616],[33.555587,-16.140345],[33.556148,-16.140343],[33.556147,-16.140072],[33.558391,-16.139795],[33.55839,-16.139524],[33.559232,-16.139522],[33.559231,-16.139251],[33.559512,-16.13925],[33.559513,-16.139521],[33.559793,-16.13952],[33.559793,-16.139249],[33.560915,-16.139246],[33.560916,-16.139517],[33.561477,-16.139516],[33.561476,-16.139245],[33.562598,-16.139242],[33.562599,-16.139513],[33.565124,-16.139506],[33.565124,-16.139235],[33.565965,-16.139233],[33.565965,-16.138962],[33.566525,-16.138689],[33.566523,-16.138147],[33.56989,-16.138138],[33.569891,-16.138409],[33.570733,-16.138407],[33.570734,-16.138678],[33.571575,-16.138675],[33.571576,-16.138947],[33.572137,-16.138945],[33.572138,-16.139216],[33.572419,-16.139216],[33.572701,-16.139757],[33.573262,-16.139756],[33.573263,-16.140027],[33.573825,-16.140297],[33.574108,-16.141381],[33.574389,-16.14138],[33.57439,-16.141651],[33.57467,-16.14165],[33.574671,-16.141922],[33.574952,-16.141921],[33.574952,-16.142192],[33.575233,-16.142191],[33.575234,-16.142462],[33.575514,-16.142462],[33.575515,-16.142733],[33.575796,-16.142732],[33.575796,-16.143003],[33.576077,-16.143003],[33.576078,-16.143274],[33.576358,-16.143273],[33.576359,-16.143544],[33.57664,-16.143543],[33.576641,-16.143815],[33.576921,-16.143814],[33.576922,-16.144085],[33.577203,-16.144084],[33.577203,-16.144355],[33.577484,-16.144355],[33.577485,-16.144626],[33.577765,-16.144625],[33.577766,-16.144896],[33.578047,-16.144896],[33.578047,-16.145167],[33.578609,-16.145436],[33.578611,-16.145979],[33.578892,-16.145978],[33.578892,-16.146249],[33.579173,-16.146249],[33.579174,-16.14652],[33.579454,-16.146519],[33.579455,-16.14679],[33.579736,-16.146789],[33.579736,-16.147061],[33.580298,-16.14733],[33.580582,-16.148414],[33.580863,-16.148413],[33.580864,-16.148685],[33.581144,-16.148684],[33.581145,-16.148955],[33.581426,-16.148954],[33.581426,-16.149226],[33.581707,-16.149225],[33.581708,-16.149496],[33.581988,-16.149495],[33.581989,-16.149766],[33.58227,-16.149766],[33.58227,-16.150037],[33.582832,-16.150306],[33.582834,-16.150849],[33.583115,-16.150848],[33.583115,-16.151119],[33.583677,-16.151118],[33.583677,-16.151389],[33.583958,-16.151388],[33.58424,-16.15193],[33.585082,-16.151928],[33.585083,-16.152199],[33.585644,-16.152197],[33.585645,-16.152468],[33.586206,-16.152467],[33.586207,-16.152738],[33.587049,-16.152736],[33.587049,-16.153007],[33.587611,-16.153005],[33.587611,-16.153277],[33.588173,-16.153275],[33.588173,-16.153546],[33.588734,-16.153545],[33.588735,-16.153816],[33.589296,-16.153814],[33.589297,-16.154085],[33.59042,-16.154082],[33.59042,-16.154354],[33.590982,-16.154352],[33.591264,-16.154894],[33.591825,-16.154892],[33.591826,-16.155163],[33.592106,-16.155162],[33.592108,-16.155705],[33.591828,-16.155706],[33.591828,-16.155977],[33.592109,-16.155976],[33.592111,-16.15679],[33.592392,-16.156789],[33.592393,-16.15706],[33.592673,-16.157059],[33.592675,-16.157602],[33.593237,-16.157871],[33.593521,-16.158955],[33.593801,-16.158954],[33.593802,-16.159226],[33.594363,-16.159224],[33.594364,-16.159495],[33.594645,-16.159495],[33.594646,-16.159766],[33.594926,-16.159765],[33.595208,-16.160307],[33.59577,-16.160305],[33.595771,-16.160576],[33.596051,-16.160575],[33.596052,-16.160847],[33.596333,-16.160846],[33.596333,-16.161117],[33.596614,-16.161116],[33.596615,-16.161387],[33.596895,-16.161387],[33.596896,-16.161658],[33.597177,-16.161657],[33.597178,-16.161928],[33.59774,-16.162198],[33.597741,-16.16274],[33.598303,-16.16301],[33.598305,-16.163552],[33.598586,-16.163551],[33.598586,-16.163823],[33.598867,-16.163822],[33.598868,-16.164093],[33.59943,-16.164363],[33.599431,-16.164905],[33.599712,-16.164904],[33.599713,-16.165175],[33.599994,-16.165175],[33.599995,-16.165717],[33.600276,-16.165716],[33.60028,-16.167072],[33.60056,-16.167071],[33.600563,-16.167885],[33.600844,-16.167884],[33.600845,-16.168427],[33.601407,-16.168696],[33.601409,-16.169239],[33.601689,-16.169238],[33.601692,-16.170051],[33.601973,-16.170051],[33.602256,-16.171135],[33.602819,-16.171404],[33.60282,-16.171947],[33.603101,-16.171946],[33.603102,-16.172488],[33.603383,-16.172487],[33.603385,-16.17303],[33.603665,-16.173029],[33.603667,-16.173571],[33.603948,-16.173571],[33.60395,-16.174384],[33.604231,-16.174383],[33.604236,-16.17601],[33.604516,-16.17601],[33.60452,-16.177366],[33.604801,-16.177365],[33.604804,-16.178178],[33.605084,-16.178178],[33.60537,-16.179804],[33.605932,-16.180074],[33.605935,-16.181158],[33.606216,-16.181158],[33.606221,-16.182785],[33.606501,-16.182784],[33.606503,-16.183326],[33.606784,-16.183325],[33.606784,-16.183597],[33.607065,-16.183596],[33.607066,-16.183867],[33.607347,-16.183866],[33.607347,-16.184137],[33.607628,-16.184137],[33.607629,-16.184408],[33.60791,-16.184407],[33.608192,-16.184949],[33.608753,-16.184947],[33.608755,-16.185489],[33.609035,-16.185489],[33.609037,-16.186031],[33.609599,-16.186301],[33.609602,-16.187114],[33.609882,-16.187113],[33.609884,-16.187656],[33.610165,-16.187655],[33.610447,-16.188196],[33.610728,-16.188196],[33.610727,-16.187924],[33.611288,-16.187923],[33.61157,-16.188464],[33.612412,-16.188462],[33.612695,-16.189004],[33.613818,-16.189272],[33.613819,-16.189543],[33.614381,-16.189812],[33.614383,-16.190355],[33.614945,-16.190624],[33.614946,-16.191167],[33.615227,-16.191166],[33.615229,-16.191708],[33.615509,-16.191707],[33.615511,-16.19225],[33.615792,-16.192249],[33.615794,-16.193063],[33.616075,-16.193062],[33.61608,-16.194689],[33.616361,-16.194688],[33.616364,-16.195773],[33.616645,-16.195772],[33.616649,-16.197128],[33.616368,-16.197129],[33.616371,-16.197942],[33.61609,-16.197943],[33.616094,-16.199299],[33.616375,-16.199298],[33.61638,-16.200925],[33.616099,-16.200926],[33.6161,-16.201197],[33.615539,-16.201199],[33.61554,-16.20147],[33.61582,-16.201469],[33.615825,-16.202825],[33.616105,-16.202825],[33.616389,-16.203909],[33.61667,-16.203908],[33.616952,-16.204449],[33.618076,-16.204717],[33.618077,-16.204988],[33.618357,-16.204988],[33.618358,-16.205259],[33.61892,-16.205528],[33.618922,-16.206071],[33.619203,-16.20607],[33.619204,-16.206341],[33.619766,-16.206611],[33.619767,-16.207153],[33.620048,-16.207152],[33.62005,-16.207695],[33.620331,-16.207694],[33.620332,-16.208236],[33.620613,-16.208235],[33.620615,-16.208778],[33.620895,-16.208777],[33.620897,-16.209319],[33.621178,-16.209319],[33.621179,-16.209861],[33.62146,-16.20986],[33.621463,-16.210674],[33.621743,-16.210673],[33.621745,-16.211215],[33.622026,-16.211214],[33.622027,-16.211757],[33.622308,-16.211756],[33.622311,-16.21257],[33.622591,-16.212569],[33.622593,-16.213111],[33.623154,-16.213109],[33.623719,-16.214193],[33.62428,-16.214191],[33.624281,-16.214462],[33.625123,-16.21446],[33.625124,-16.214731],[33.625686,-16.214729],[33.625686,-16.215],[33.626248,-16.214999],[33.626249,-16.21527],[33.627091,-16.215267],[33.627091,-16.215539],[33.628215,-16.215806],[33.628216,-16.216078],[33.628497,-16.216077],[33.628497,-16.216348],[33.628778,-16.216347],[33.628779,-16.216618],[33.629341,-16.216888],[33.629343,-16.21743],[33.629624,-16.217429],[33.629625,-16.217701],[33.629905,-16.2177],[33.629906,-16.217971],[33.630187,-16.21797],[33.630188,-16.218241],[33.630468,-16.218241],[33.630469,-16.218512],[33.63075,-16.218511],[33.630751,-16.218782],[33.631313,-16.219052],[33.631315,-16.219594],[33.631595,-16.219593],[33.631596,-16.219864],[33.631877,-16.219863],[33.631878,-16.220135],[33.632158,-16.220134],[33.632159,-16.220405],[33.63244,-16.220404],[33.632441,-16.220675],[33.633003,-16.220945],[33.633005,-16.221487],[33.633567,-16.221757],[33.633569,-16.222299],[33.63385,-16.222298],[33.63385,-16.22257],[33.634131,-16.222569],[33.634132,-16.22284],[33.634413,-16.222839],[33.634414,-16.22311],[33.634976,-16.22338],[33.634978,-16.223922],[33.63554,-16.224192],[33.635542,-16.224734],[33.635822,-16.224733],[33.635824,-16.225276],[33.636105,-16.225275],[33.636106,-16.225817],[33.636387,-16.225816],[33.636671,-16.2269],[33.636952,-16.226899],[33.636953,-16.227171],[33.637795,-16.227168],[33.637796,-16.227439],[33.638357,-16.227437],[33.638358,-16.227709],[33.638639,-16.227708],[33.638921,-16.228249],[33.640045,-16.228517],[33.640046,-16.228788],[33.640326,-16.228788],[33.640327,-16.229059],[33.640608,-16.229058],[33.640609,-16.229329],[33.64089,-16.229328],[33.64089,-16.229599],[33.641453,-16.229869],[33.641455,-16.230411],[33.641735,-16.23041],[33.641736,-16.230682],[33.642017,-16.230681],[33.642019,-16.231223],[33.642581,-16.231493],[33.642865,-16.232577],[33.643146,-16.232576],[33.643147,-16.232847],[33.643427,-16.232846],[33.643428,-16.233117],[33.643991,-16.233387],[33.643992,-16.233929],[33.644273,-16.233928],[33.644557,-16.235012],[33.64512,-16.235282],[33.645121,-16.235824],[33.645402,-16.235823],[33.645405,-16.236637],[33.645685,-16.236636],[33.645692,-16.238534],[33.645972,-16.238533],[33.645975,-16.239347],[33.646256,-16.239346],[33.64654,-16.24043],[33.646821,-16.240429],[33.646822,-16.2407],[33.647384,-16.24097],[33.647387,-16.241783],[33.647667,-16.241782],[33.647668,-16.242054],[33.64823,-16.242323],[33.648233,-16.243137],[33.648795,-16.243406],[33.648797,-16.243949],[33.649078,-16.243948],[33.649079,-16.244219],[33.64964,-16.244217],[33.649923,-16.244759],[33.651047,-16.245026],[33.651047,-16.245298],[33.651328,-16.245297],[33.651329,-16.245568],[33.65161,-16.245567],[33.651611,-16.245838],[33.652173,-16.246108],[33.652175,-16.24665],[33.652456,-16.246649],[33.652457,-16.247192],[33.652738,-16.247191],[33.653021,-16.247732],[33.654986,-16.247726],[33.654987,-16.247997],[33.655548,-16.247996],[33.655549,-16.248267],[33.65583,-16.248266],[33.656112,-16.248807],[33.656674,-16.248806],[33.656674,-16.249077],[33.657798,-16.249345],[33.657799,-16.249616],[33.65808,-16.249615],[33.658362,-16.250156],[33.658924,-16.250155],[33.658925,-16.250426],[33.659206,-16.250425],[33.659206,-16.250696],[33.659487,-16.250695],[33.659488,-16.250966],[33.659769,-16.250966],[33.65977,-16.251237],[33.66005,-16.251236],[33.660051,-16.251507],[33.660332,-16.251506],[33.660333,-16.251777],[33.660614,-16.251777],[33.660615,-16.252048],[33.660895,-16.252047],[33.660896,-16.252318],[33.661459,-16.252587],[33.66146,-16.25313],[33.661741,-16.253129],[33.661742,-16.2534],[33.662023,-16.253399],[33.662024,-16.25367],[33.662304,-16.25367],[33.662305,-16.253941],[33.662868,-16.25421],[33.66287,-16.254753],[33.66315,-16.254752],[33.663152,-16.255294],[33.663433,-16.255293],[33.663435,-16.255836],[33.663715,-16.255835],[33.663719,-16.256919],[33.664,-16.256919],[33.66401,-16.259902],[33.664291,-16.259901],[33.664297,-16.261799],[33.664859,-16.262069],[33.664862,-16.262882],[33.665143,-16.262881],[33.665145,-16.263424],[33.665425,-16.263423],[33.665426,-16.263694],[33.665707,-16.263693],[33.665708,-16.263964],[33.66627,-16.264234],[33.666272,-16.264776],[33.666553,-16.264775],[33.666554,-16.265046],[33.666835,-16.265045],[33.666836,-16.265317],[33.667116,-16.265316],[33.667117,-16.265587],[33.667398,-16.265586],[33.667399,-16.265857],[33.66768,-16.265856],[33.667681,-16.266127],[33.667961,-16.266127],[33.667962,-16.266398],[33.668525,-16.266667],[33.668526,-16.26721],[33.668807,-16.267209],[33.668808,-16.26748],[33.669089,-16.267479],[33.66909,-16.26775],[33.669371,-16.267749],[33.669653,-16.268291],[33.671901,-16.268826],[33.671902,-16.269097],[33.672183,-16.269096],[33.672184,-16.269368],[33.672745,-16.269366],[33.672746,-16.269637],[33.673027,-16.269636],[33.673028,-16.269907],[33.673309,-16.269906],[33.673591,-16.270448],[33.674153,-16.270446],[33.674154,-16.270717],[33.674715,-16.270715],[33.674716,-16.270987],[33.675558,-16.270984],[33.675559,-16.271255],[33.676121,-16.271253],[33.676122,-16.271524],[33.676402,-16.271524],[33.676403,-16.271795],[33.676684,-16.271794],[33.676685,-16.272065],[33.676966,-16.272064],[33.677248,-16.272606],[33.67781,-16.272604],[33.677811,-16.272875],[33.678092,-16.272874],[33.678093,-16.273145],[33.678373,-16.273144],[33.678656,-16.273686],[33.679217,-16.273684],[33.679218,-16.273955],[33.679499,-16.273954],[33.679501,-16.274497],[33.679782,-16.274496],[33.679783,-16.274767],[33.680063,-16.274766],[33.680064,-16.275037],[33.680345,-16.275036],[33.680628,-16.275578],[33.682312,-16.275572],[33.682313,-16.275844],[33.682875,-16.275842],[33.683158,-16.276383],[33.684,-16.276381],[33.684001,-16.276652],[33.684562,-16.27665],[33.684563,-16.276921],[33.684844,-16.27692],[33.684845,-16.277191],[33.685126,-16.277191],[33.685408,-16.277732],[33.68597,-16.27773],[33.685971,-16.278001],[33.686533,-16.278271],[33.686535,-16.278813],[33.686816,-16.278812],[33.686817,-16.279083],[33.687379,-16.279353],[33.687381,-16.279895],[33.687944,-16.280164],[33.687946,-16.280707],[33.688508,-16.280976],[33.68851,-16.281519],[33.688791,-16.281518],[33.688793,-16.28206],[33.689073,-16.282059],[33.689074,-16.28233],[33.689637,-16.2826],[33.689639,-16.283142],[33.68992,-16.283141],[33.689921,-16.283412],[33.690201,-16.283411],[33.690202,-16.283683],[33.690483,-16.283682],[33.690484,-16.283953],[33.690765,-16.283952],[33.690766,-16.284223],[33.691328,-16.284492],[33.691326,-16.28395],[33.691046,-16.283951],[33.691045,-16.28368],[33.690764,-16.283681],[33.690763,-16.28341],[33.690482,-16.28341],[33.690481,-16.283139],[33.689919,-16.28287],[33.689918,-16.282599],[33.691041,-16.282595],[33.691042,-16.282866],[33.691322,-16.282865],[33.691323,-16.283137],[33.691886,-16.283406],[33.691888,-16.283948],[33.69245,-16.284218],[33.692452,-16.28476],[33.692171,-16.284761],[33.692172,-16.285032],[33.692453,-16.285031],[33.692454,-16.285302],[33.692735,-16.285301],[33.692736,-16.285573],[33.693017,-16.285572],[33.693018,-16.285843],[33.693298,-16.285842],[33.693299,-16.286113],[33.69358,-16.286112],[33.693581,-16.286383],[33.693862,-16.286382],[33.693863,-16.286654],[33.694144,-16.286653],[33.694145,-16.286924],[33.694425,-16.286923],[33.694708,-16.287464],[33.69527,-16.287463],[33.695271,-16.287734],[33.695551,-16.287733],[33.695552,-16.288004],[33.696115,-16.288273],[33.696399,-16.289357],[33.69668,-16.289356],[33.696681,-16.289627],[33.697244,-16.289897],[33.697246,-16.290439],[33.697526,-16.290438],[33.697527,-16.290709],[33.697808,-16.290708],[33.697809,-16.29098],[33.69809,-16.290979],[33.698091,-16.29125],[33.698653,-16.291519],[33.698655,-16.292062],[33.698936,-16.292061],[33.698938,-16.292603],[33.699219,-16.292602],[33.699221,-16.293145],[33.699501,-16.293144],[33.699503,-16.293686],[33.699784,-16.293685],[33.699787,-16.294499],[33.700068,-16.294498],[33.70007,-16.29504],[33.700351,-16.295039],[33.700352,-16.295581],[33.700633,-16.295581],[33.700918,-16.296664],[33.70148,-16.296934],[33.701482,-16.297476],[33.702045,-16.297745],[33.702047,-16.298288],[33.702328,-16.298287],[33.702329,-16.298558],[33.702609,-16.298557],[33.702611,-16.299099],[33.702892,-16.299098],[33.702895,-16.299912],[33.703176,-16.299911],[33.703462,-16.301537],[33.704025,-16.301807],[33.704029,-16.302891],[33.70431,-16.30289],[33.704313,-16.303704],[33.704593,-16.303703],[33.704596,-16.304517],[33.704877,-16.304516],[33.704881,-16.3056],[33.705162,-16.305599],[33.705164,-16.306142],[33.705445,-16.306141],[33.705729,-16.307225],[33.706292,-16.307494],[33.706294,-16.308036],[33.706855,-16.308034],[33.706856,-16.308306],[33.707981,-16.308573],[33.708263,-16.309114],[33.708825,-16.309113],[33.708826,-16.309384],[33.709107,-16.309383],[33.709108,-16.309654],[33.709389,-16.309653],[33.70939,-16.309924],[33.70967,-16.309923],[33.709671,-16.310194],[33.709952,-16.310194],[33.709953,-16.310465],[33.710516,-16.310734],[33.710518,-16.311276],[33.710798,-16.311275],[33.710799,-16.311547],[33.711362,-16.311816],[33.711647,-16.3129],[33.711928,-16.312899],[33.711929,-16.31317],[33.712209,-16.313169],[33.71221,-16.31344],[33.712773,-16.313709],[33.712775,-16.314252],[33.713056,-16.314251],[33.713057,-16.314522],[33.713338,-16.314521],[33.71362,-16.315063],[33.714182,-16.315061],[33.714183,-16.315332],[33.714745,-16.31533],[33.714746,-16.315601],[33.715026,-16.3156],[33.715028,-16.316143],[33.715309,-16.316142],[33.715314,-16.317497],[33.715595,-16.317497],[33.715598,-16.31831],[33.715879,-16.318309],[33.715881,-16.318851],[33.716162,-16.318851],[33.716164,-16.319664],[33.716445,-16.319663],[33.716447,-16.320205],[33.716728,-16.320205],[33.71673,-16.320747],[33.717011,-16.320746],[33.717016,-16.322102],[33.717577,-16.321829],[33.717576,-16.321558],[33.717295,-16.321559],[33.717293,-16.321016],[33.717574,-16.321015],[33.717573,-16.320744],[33.718415,-16.320741],[33.718414,-16.32047],[33.717852,-16.320472],[33.717851,-16.320201],[33.717571,-16.320202],[33.717569,-16.319659],[33.717007,-16.319661],[33.71672,-16.318035],[33.716439,-16.318036],[33.716437,-16.317494],[33.716157,-16.317495],[33.716152,-16.316139],[33.715871,-16.31614],[33.715868,-16.315326],[33.71643,-16.315324],[33.716429,-16.315053],[33.716709,-16.315052],[33.71671,-16.315323],[33.717834,-16.315319],[33.717835,-16.315591],[33.718115,-16.31559],[33.718116,-16.315861],[33.718397,-16.31586],[33.718398,-16.316131],[33.718679,-16.31613],[33.71868,-16.316401],[33.719243,-16.316671],[33.719527,-16.317754],[33.719808,-16.317753],[33.719809,-16.318025],[33.720371,-16.318023],[33.720373,-16.318565],[33.720935,-16.318563],[33.720936,-16.318834],[33.721498,-16.319104],[33.7215,-16.319646],[33.719815,-16.319652],[33.719816,-16.319923],[33.719255,-16.319925],[33.719257,-16.320467],[33.719537,-16.320466],[33.719536,-16.320195],[33.720098,-16.320193],[33.720097,-16.319922],[33.720659,-16.31992],[33.720941,-16.320461],[33.722066,-16.320729],[33.722067,-16.321],[33.722348,-16.320999],[33.722349,-16.32127],[33.722911,-16.321539],[33.722913,-16.322082],[33.723475,-16.32208],[33.723476,-16.322351],[33.723757,-16.32235],[33.723758,-16.322621],[33.724039,-16.32262],[33.72404,-16.322891],[33.72432,-16.32289],[33.724603,-16.323432],[33.725165,-16.32343],[33.725448,-16.323971],[33.726009,-16.323969],[33.726011,-16.324512],[33.726292,-16.324511],[33.726293,-16.324782],[33.726855,-16.32478],[33.726856,-16.325051],[33.727137,-16.32505],[33.727138,-16.325321],[33.727419,-16.325321],[33.72742,-16.325592],[33.7277,-16.325591],[33.727701,-16.325862],[33.728264,-16.326131],[33.728266,-16.326674],[33.728547,-16.326673],[33.728548,-16.326944],[33.728829,-16.326943],[33.729112,-16.327484],[33.729673,-16.327482],[33.729675,-16.328025],[33.729956,-16.328024],[33.729957,-16.328295],[33.730519,-16.328293],[33.73052,-16.328564],[33.730801,-16.328563],[33.730802,-16.328834],[33.731082,-16.328833],[33.731083,-16.329104],[33.731364,-16.329103],[33.731365,-16.329375],[33.731646,-16.329374],[33.731647,-16.329645],[33.731928,-16.329644],[33.732211,-16.330185],[33.732772,-16.330183],[33.732773,-16.330455],[33.733054,-16.330454],[33.733337,-16.330995],[33.733899,-16.330993],[33.733901,-16.331535],[33.734464,-16.331805],[33.734466,-16.332347],[33.734746,-16.332346],[33.734748,-16.332888],[33.735029,-16.332887],[33.735033,-16.333972],[33.735314,-16.333971],[33.735319,-16.335327],[33.734477,-16.33533],[33.734476,-16.335059],[33.733633,-16.335062],[33.733634,-16.335333],[33.734759,-16.3356],[33.73476,-16.335871],[33.73504,-16.33587],[33.735041,-16.336142],[33.735322,-16.336141],[33.735323,-16.336412],[33.735604,-16.336411],[33.735605,-16.336682],[33.735886,-16.336681],[33.735887,-16.336952],[33.73645,-16.337221],[33.736452,-16.337764],[33.736733,-16.337763],[33.736734,-16.338034],[33.737576,-16.338031],[33.737577,-16.338302],[33.73842,-16.338299],[33.738421,-16.33857],[33.738702,-16.338569],[33.738987,-16.339653],[33.739549,-16.339922],[33.739554,-16.341278],[33.739835,-16.341277],[33.739842,-16.343176],[33.740123,-16.343175],[33.740126,-16.343988],[33.740407,-16.343987],[33.740409,-16.344529],[33.741252,-16.344526],[33.741253,-16.344798],[33.741816,-16.345067],[33.742101,-16.346151],[33.742381,-16.34615],[33.742382,-16.346421],[33.742663,-16.34642],[33.742665,-16.346962],[33.742946,-16.346961],[33.742949,-16.347775],[33.743511,-16.347773],[33.743794,-16.348314],[33.744356,-16.348312],[33.744639,-16.348854],[33.7452,-16.348852],[33.745201,-16.349123],[33.745482,-16.349122],[33.745484,-16.349664],[33.745765,-16.349663],[33.745772,-16.351561],[33.754198,-16.351531],[33.75419,-16.349362],[33.754471,-16.349361],[33.754469,-16.348819],[33.755029,-16.348545],[33.755025,-16.347461],[33.755306,-16.34746],[33.755298,-16.34529],[33.755017,-16.345291],[33.755015,-16.344749],[33.754734,-16.34475],[33.754731,-16.343936],[33.75445,-16.343937],[33.754448,-16.343395],[33.754167,-16.343396],[33.754165,-16.342854],[33.753884,-16.342855],[33.753599,-16.341771],[33.753318,-16.341772],[33.753317,-16.341501],[33.753036,-16.341502],[33.753035,-16.341231],[33.752755,-16.341232],[33.752753,-16.34096],[33.752473,-16.340961],[33.752472,-16.34069],[33.751909,-16.340421],[33.751907,-16.339879],[33.751626,-16.33988],[33.751625,-16.339608],[33.751062,-16.339339],[33.750777,-16.338256],[33.750496,-16.338257],[33.750495,-16.337985],[33.750214,-16.337986],[33.750213,-16.337715],[33.749651,-16.337446],[33.749648,-16.336632],[33.749367,-16.336633],[33.749366,-16.336362],[33.749085,-16.336363],[33.749084,-16.336092],[33.748803,-16.336093],[33.748802,-16.335822],[33.748521,-16.335823],[33.74852,-16.335552],[33.748239,-16.335553],[33.748238,-16.335282],[33.747675,-16.335012],[33.747673,-16.33447],[33.747393,-16.334471],[33.747392,-16.3342],[33.747111,-16.334201],[33.74711,-16.33393],[33.746547,-16.33366],[33.746545,-16.333118],[33.746264,-16.333119],[33.746263,-16.332848],[33.745982,-16.332849],[33.745981,-16.332578],[33.7457,-16.332579],[33.745417,-16.332037],[33.744856,-16.332039],[33.744855,-16.331768],[33.744574,-16.331769],[33.744572,-16.331227],[33.744291,-16.331228],[33.74429,-16.330957],[33.743728,-16.330959],[33.743727,-16.330687],[33.743446,-16.330688],[33.743445,-16.330417],[33.743165,-16.330418],[33.743164,-16.330147],[33.742883,-16.330148],[33.742882,-16.329877],[33.742601,-16.329878],[33.7426,-16.329607],[33.742319,-16.329608],[33.742318,-16.329336],[33.741755,-16.329067],[33.741752,-16.328254],[33.741471,-16.328255],[33.74147,-16.327983],[33.741189,-16.327984],[33.741187,-16.327442],[33.740907,-16.327443],[33.740906,-16.327172],[33.740343,-16.326903],[33.740058,-16.325819],[33.739777,-16.32582],[33.739776,-16.325549],[33.739213,-16.32528],[33.739211,-16.324737],[33.738931,-16.324738],[33.738929,-16.324196],[33.738648,-16.324197],[33.738645,-16.323383],[33.738364,-16.323384],[33.738362,-16.322842],[33.738081,-16.322843],[33.737796,-16.321759],[33.737515,-16.32176],[33.737514,-16.321489],[33.737233,-16.32149],[33.737232,-16.321219],[33.736952,-16.32122],[33.736951,-16.320948],[33.73667,-16.320949],[33.736669,-16.320678],[33.736388,-16.320679],[33.736105,-16.320138],[33.735543,-16.32014],[33.735542,-16.319869],[33.735262,-16.31987],[33.735261,-16.319598],[33.73498,-16.319599],[33.734697,-16.319058],[33.734135,-16.31906],[33.734133,-16.318518],[33.733571,-16.318248],[33.733569,-16.317706],[33.733288,-16.317707],[33.733287,-16.317436],[33.733006,-16.317437],[33.733005,-16.317166],[33.732724,-16.317167],[33.732441,-16.316625],[33.73188,-16.316627],[33.731879,-16.316356],[33.731598,-16.316357],[33.731315,-16.315816],[33.730753,-16.315817],[33.730752,-16.315546],[33.729628,-16.315279],[33.729627,-16.315008],[33.729064,-16.314739],[33.729062,-16.314196],[33.7285,-16.313927],[33.728498,-16.313385],[33.727936,-16.313387],[33.727935,-16.313115],[33.727373,-16.313117],[33.727372,-16.312846],[33.726811,-16.312848],[33.72681,-16.312577],[33.725967,-16.31258],[33.725966,-16.312309],[33.724842,-16.312041],[33.724841,-16.31177],[33.72456,-16.311771],[33.724558,-16.311229],[33.724277,-16.31123],[33.724276,-16.310958],[33.723996,-16.310959],[33.723995,-16.310688],[33.723714,-16.310689],[33.723713,-16.310418],[33.723432,-16.310419],[33.723149,-16.309878],[33.722588,-16.309879],[33.722589,-16.310151],[33.722308,-16.310152],[33.722307,-16.30988],[33.721184,-16.309884],[33.721181,-16.309071],[33.7209,-16.309072],[33.720898,-16.308529],[33.720335,-16.30826],[33.720332,-16.307447],[33.720613,-16.307446],[33.720609,-16.306361],[33.72089,-16.30636],[33.720885,-16.305004],[33.721166,-16.305003],[33.721162,-16.303918],[33.721443,-16.303917],[33.721441,-16.303375],[33.72116,-16.303376],[33.721156,-16.302291],[33.720593,-16.302022],[33.720591,-16.30148],[33.72031,-16.30148],[33.720309,-16.301209],[33.720029,-16.30121],[33.720028,-16.300939],[33.719747,-16.30094],[33.719746,-16.300669],[33.719465,-16.30067],[33.719464,-16.300399],[33.719183,-16.3004],[33.7189,-16.299858],[33.718339,-16.29986],[33.718338,-16.299589],[33.718057,-16.29959],[33.717774,-16.299048],[33.717213,-16.29905],[33.717212,-16.298779],[33.71665,-16.298781],[33.716649,-16.29851],[33.716088,-16.298512],[33.716087,-16.298241],[33.715244,-16.298243],[33.715243,-16.297972],[33.714962,-16.297973],[33.714963,-16.298244],[33.712716,-16.297981],[33.712433,-16.297439],[33.711309,-16.297172],[33.711308,-16.296901],[33.711027,-16.296902],[33.711026,-16.296631],[33.710465,-16.296632],[33.710182,-16.296091],[33.70934,-16.296094],[33.709339,-16.295823],[33.709058,-16.295824],[33.709057,-16.295552],[33.708776,-16.295553],[33.708775,-16.295282],[33.708494,-16.295283],[33.708493,-16.295012],[33.708213,-16.295013],[33.708212,-16.294742],[33.707649,-16.294472],[33.707647,-16.29393],[33.707366,-16.293931],[33.707364,-16.293389],[33.707084,-16.29339],[33.707082,-16.292847],[33.706801,-16.292848],[33.706799,-16.292306],[33.706518,-16.292307],[33.706516,-16.291764],[33.706236,-16.291765],[33.706233,-16.290952],[33.705952,-16.290953],[33.70595,-16.29041],[33.705388,-16.290412],[33.705386,-16.28987],[33.705106,-16.289871],[33.705105,-16.2896],[33.704542,-16.28933],[33.70454,-16.288788],[33.704259,-16.288789],[33.704256,-16.287975],[33.703976,-16.287976],[33.703973,-16.287163],[33.703692,-16.287164],[33.703687,-16.285808],[33.703406,-16.285809],[33.70312,-16.284182],[33.702839,-16.284183],[33.702837,-16.283641],[33.702275,-16.283372],[33.702273,-16.282829],[33.701992,-16.28283],[33.70199,-16.282288],[33.701709,-16.282289],[33.7017,-16.279577],[33.701419,-16.279578],[33.701414,-16.278222],[33.701133,-16.278223],[33.701132,-16.277952],[33.700851,-16.277953],[33.70085,-16.277681],[33.70057,-16.277682],[33.700569,-16.277411],[33.700006,-16.277142],[33.700004,-16.276599],[33.699724,-16.2766],[33.699723,-16.276329],[33.699161,-16.276331],[33.69916,-16.27606],[33.698879,-16.276061],[33.698878,-16.27579],[33.698598,-16.275791],[33.698315,-16.275249],[33.697753,-16.275251],[33.697752,-16.27498],[33.69719,-16.27471],[33.697188,-16.274168],[33.696907,-16.274169],[33.696905,-16.273627],[33.696343,-16.273357],[33.696341,-16.272815],[33.69606,-16.272816],[33.696058,-16.272273],[33.695496,-16.272004],[33.695494,-16.271462],[33.695213,-16.271463],[33.694931,-16.270921],[33.694369,-16.270923],[33.694368,-16.270652],[33.694087,-16.270653],[33.694086,-16.270382],[33.693806,-16.270383],[33.693523,-16.269841],[33.692961,-16.269843],[33.69296,-16.269572],[33.69268,-16.269573],[33.692679,-16.269301],[33.692398,-16.269302],[33.692397,-16.269031],[33.691835,-16.268762],[33.691833,-16.268219],[33.691552,-16.26822],[33.69155,-16.267678],[33.691831,-16.267677],[33.69183,-16.267406],[33.69239,-16.267133],[33.692383,-16.264963],[33.692102,-16.264964],[33.692096,-16.263337],[33.691816,-16.263338],[33.691811,-16.261982],[33.69153,-16.261983],[33.691528,-16.261441],[33.691248,-16.261442],[33.690965,-16.2609],[33.689841,-16.260633],[33.689839,-16.26009],[33.689558,-16.260091],[33.689557,-16.25982],[33.688996,-16.259822],[33.688995,-16.259551],[33.688433,-16.259552],[33.688433,-16.259281],[33.687871,-16.259283],[33.68787,-16.259012],[33.687309,-16.259014],[33.687308,-16.258743],[33.686746,-16.258744],[33.686745,-16.258473],[33.685622,-16.258477],[33.685621,-16.258206],[33.68506,-16.258207],[33.685059,-16.257936],[33.684217,-16.257939],[33.684216,-16.257668],[33.681969,-16.257404],[33.681968,-16.257133],[33.681406,-16.256863],[33.681404,-16.256321],[33.681123,-16.256322],[33.68084,-16.25578],[33.680279,-16.255782],[33.680278,-16.255511],[33.679155,-16.255515],[33.679154,-16.255243],[33.678312,-16.255246],[33.678311,-16.254975],[33.677469,-16.254978],[33.677468,-16.254706],[33.675782,-16.254441],[33.675782,-16.254169],[33.67522,-16.254171],[33.675219,-16.2539],[33.674377,-16.253903],[33.674376,-16.253632],[33.673534,-16.253634],[33.673251,-16.253093],[33.67269,-16.253095],[33.672689,-16.252823],[33.672408,-16.252824],[33.672406,-16.252282],[33.672126,-16.252283],[33.672121,-16.250927],[33.67184,-16.250928],[33.671837,-16.250114],[33.672118,-16.250113],[33.672116,-16.249571],[33.672397,-16.24957],[33.672394,-16.248756],[33.672675,-16.248756],[33.672673,-16.248213],[33.672954,-16.248212],[33.672951,-16.247399],[33.673232,-16.247398],[33.67323,-16.246855],[33.673511,-16.246855],[33.673506,-16.245499],[33.673787,-16.245498],[33.673784,-16.244684],[33.674065,-16.244683],[33.674056,-16.242243],[33.673776,-16.242243],[33.673775,-16.241972],[33.674056,-16.241971],[33.674053,-16.241158],[33.67349,-16.240888],[33.673489,-16.240346],[33.673208,-16.240347],[33.672925,-16.239805],[33.672645,-16.239806],[33.672646,-16.240349],[33.672927,-16.240348],[33.672929,-16.24089],[33.67321,-16.240889],[33.673213,-16.241974],[33.673494,-16.241973],[33.673503,-16.244685],[33.673223,-16.244686],[33.673225,-16.245499],[33.672945,-16.2455],[33.672947,-16.246314],[33.672667,-16.246315],[33.67267,-16.247128],[33.672389,-16.247129],[33.672392,-16.248214],[33.672112,-16.248215],[33.672114,-16.248757],[33.671833,-16.248758],[33.671835,-16.249301],[33.671554,-16.249301],[33.671556,-16.249844],[33.671275,-16.249845],[33.671279,-16.250929],[33.670717,-16.250931],[33.670716,-16.25066],[33.670436,-16.250661],[33.670435,-16.25039],[33.670154,-16.250391],[33.670153,-16.250119],[33.669872,-16.25012],[33.669871,-16.249849],[33.669309,-16.24958],[33.669307,-16.249037],[33.668746,-16.249039],[33.668745,-16.248768],[33.668464,-16.248769],[33.668182,-16.248227],[33.66762,-16.248229],[33.667338,-16.247688],[33.666776,-16.247689],[33.666775,-16.247418],[33.666494,-16.247419],[33.666494,-16.247148],[33.666213,-16.247149],[33.666212,-16.246878],[33.665931,-16.246878],[33.66593,-16.246607],[33.66565,-16.246608],[33.665649,-16.246337],[33.665368,-16.246338],[33.665367,-16.246067],[33.665086,-16.246068],[33.665085,-16.245796],[33.664523,-16.245527],[33.664521,-16.244985],[33.663398,-16.244988],[33.663397,-16.244717],[33.662835,-16.244447],[33.662833,-16.243905],[33.662553,-16.243906],[33.662549,-16.242821],[33.662268,-16.242822],[33.662264,-16.241466],[33.661983,-16.241467],[33.661977,-16.23984],[33.661416,-16.239842],[33.661415,-16.23957],[33.661977,-16.239569],[33.661976,-16.239298],[33.662537,-16.239296],[33.662536,-16.239025],[33.663378,-16.239022],[33.663377,-16.238751],[33.663658,-16.23875],[33.663937,-16.238207],[33.664779,-16.238204],[33.66478,-16.238475],[33.666745,-16.238469],[33.666746,-16.23874],[33.667588,-16.238738],[33.667587,-16.238466],[33.670394,-16.238458],[33.670395,-16.238729],[33.670957,-16.238727],[33.670958,-16.238998],[33.6718,-16.238995],[33.671801,-16.239267],[33.672362,-16.239265],[33.672361,-16.238994],[33.67208,-16.238995],[33.671798,-16.238453],[33.671236,-16.238455],[33.671236,-16.238184],[33.670112,-16.237916],[33.670111,-16.237645],[33.667865,-16.237652],[33.667866,-16.237923],[33.667305,-16.237925],[33.667306,-16.238196],[33.665341,-16.238202],[33.66534,-16.237931],[33.664778,-16.237933],[33.664777,-16.237662],[33.664216,-16.237663],[33.664215,-16.237392],[33.663654,-16.237394],[33.663653,-16.237123],[33.662529,-16.236855],[33.662528,-16.236584],[33.662247,-16.236585],[33.662246,-16.236314],[33.661966,-16.236314],[33.661965,-16.236043],[33.661402,-16.235774],[33.661401,-16.235231],[33.660838,-16.234962],[33.660554,-16.233878],[33.660273,-16.233879],[33.660276,-16.234693],[33.659715,-16.234694],[33.659714,-16.234423],[33.659433,-16.234424],[33.659432,-16.234153],[33.659151,-16.234154],[33.65915,-16.233883],[33.658588,-16.233613],[33.658585,-16.232799],[33.658866,-16.232799],[33.658865,-16.232527],[33.659428,-16.232797],[33.659426,-16.232255],[33.659145,-16.232255],[33.659144,-16.231984],[33.658582,-16.231715],[33.65858,-16.231172],[33.658299,-16.231173],[33.658298,-16.230902],[33.658018,-16.230903],[33.658017,-16.230632],[33.657736,-16.230633],[33.657735,-16.230361],[33.657455,-16.230362],[33.657454,-16.230091],[33.657173,-16.230092],[33.657172,-16.229821],[33.656891,-16.229822],[33.656609,-16.22928],[33.656047,-16.229282],[33.656047,-16.229011],[33.655766,-16.229012],[33.655765,-16.22874],[33.655203,-16.228471],[33.655201,-16.227929],[33.65492,-16.227929],[33.654919,-16.227658],[33.654357,-16.227389],[33.654355,-16.226846],[33.653793,-16.226577],[33.653791,-16.226035],[33.65351,-16.226035],[33.653226,-16.224952],[33.652945,-16.224952],[33.652945,-16.224681],[33.652664,-16.224682],[33.652663,-16.224411],[33.652382,-16.224412],[33.652381,-16.224141],[33.652101,-16.224141],[33.6521,-16.22387],[33.651819,-16.223871],[33.651537,-16.22333],[33.650975,-16.223331],[33.650691,-16.222247],[33.65041,-16.222248],[33.650128,-16.221707],[33.649847,-16.221708],[33.649848,-16.221979],[33.648725,-16.221982],[33.64816,-16.220899],[33.647599,-16.220901],[33.647598,-16.22063],[33.647317,-16.220631],[33.647316,-16.220359],[33.647036,-16.22036],[33.647035,-16.220089],[33.646754,-16.22009],[33.646753,-16.219819],[33.646473,-16.21982],[33.646472,-16.219548],[33.646191,-16.219549],[33.645909,-16.219008],[33.645347,-16.219009],[33.645065,-16.218468],[33.644503,-16.21847],[33.644503,-16.218198],[33.644222,-16.218199],[33.64422,-16.217657],[33.643939,-16.217658],[33.643933,-16.215759],[33.643653,-16.21576],[33.643648,-16.214404],[33.643367,-16.214405],[33.643083,-16.213321],[33.642521,-16.213052],[33.642519,-16.212509],[33.641957,-16.21224],[33.641955,-16.211697],[33.641675,-16.211698],[33.641674,-16.211427],[33.641393,-16.211428],[33.641111,-16.210886],[33.640549,-16.210888],[33.640548,-16.210617],[33.640268,-16.210618],[33.639985,-16.210076],[33.639424,-16.210078],[33.639423,-16.209807],[33.638862,-16.209808],[33.638861,-16.209537],[33.6383,-16.209539],[33.638299,-16.209268],[33.637176,-16.209271],[33.637175,-16.209],[33.636333,-16.209002],[33.636332,-16.208731],[33.63549,-16.208734],[33.635489,-16.208463],[33.633805,-16.208468],[33.633804,-16.208196],[33.633243,-16.208198],[33.633242,-16.207927],[33.632681,-16.207929],[33.63268,-16.207657],[33.632119,-16.207659],[33.632118,-16.207388],[33.630994,-16.20712],[33.630993,-16.206849],[33.630713,-16.20685],[33.63043,-16.206308],[33.629869,-16.20631],[33.629868,-16.206039],[33.629587,-16.206039],[33.629586,-16.205497],[33.629305,-16.205498],[33.629304,-16.205227],[33.628742,-16.204957],[33.628739,-16.204144],[33.628459,-16.204144],[33.628457,-16.203602],[33.628176,-16.203603],[33.627892,-16.202519],[33.62733,-16.202249],[33.627328,-16.201707],[33.627048,-16.201708],[33.626764,-16.200624],[33.626201,-16.200354],[33.6262,-16.199812],[33.625919,-16.199813],[33.625918,-16.199542],[33.625356,-16.199272],[33.625354,-16.19873],[33.625074,-16.198731],[33.625072,-16.198188],[33.624791,-16.198189],[33.624789,-16.197375],[33.624508,-16.197376],[33.624506,-16.196834],[33.624226,-16.196835],[33.624223,-16.196021],[33.623943,-16.196022],[33.623941,-16.19548],[33.62366,-16.19548],[33.623658,-16.194938],[33.623378,-16.194939],[33.623094,-16.193855],[33.622813,-16.193856],[33.622812,-16.193584],[33.622532,-16.193585],[33.622531,-16.193314],[33.621969,-16.193045],[33.621967,-16.192502],[33.621405,-16.192233],[33.621402,-16.191419],[33.621122,-16.19142],[33.621119,-16.190606],[33.620838,-16.190607],[33.620836,-16.189794],[33.620555,-16.189794],[33.620554,-16.189523],[33.620835,-16.189522],[33.620831,-16.188166],[33.62055,-16.188167],[33.620548,-16.187354],[33.620267,-16.187354],[33.620264,-16.18627],[33.619983,-16.186271],[33.61998,-16.185186],[33.619699,-16.185187],[33.619697,-16.184644],[33.619417,-16.184645],[33.619415,-16.184103],[33.619134,-16.184103],[33.619132,-16.18329],[33.618851,-16.183291],[33.618847,-16.181935],[33.618566,-16.181936],[33.618564,-16.181122],[33.618844,-16.181121],[33.618842,-16.180308],[33.619122,-16.180307],[33.6194,-16.179221],[33.61968,-16.17922],[33.619679,-16.178949],[33.61996,-16.178948],[33.619958,-16.178406],[33.620239,-16.178405],[33.620238,-16.178134],[33.620519,-16.178133],[33.620518,-16.177862],[33.620799,-16.177861],[33.620798,-16.17759],[33.621078,-16.177589],[33.621077,-16.177318],[33.621358,-16.177317],[33.621357,-16.177046],[33.621638,-16.177045],[33.621637,-16.176774],[33.622197,-16.176501],[33.622195,-16.175687],[33.622476,-16.175687],[33.622475,-16.175415],[33.622755,-16.175415],[33.623034,-16.174871],[33.622192,-16.174874],[33.622193,-16.175145],[33.621632,-16.175147],[33.621634,-16.175689],[33.621072,-16.175691],[33.621072,-16.17542],[33.620791,-16.17542],[33.620788,-16.174607],[33.620508,-16.174608],[33.620504,-16.173252],[33.620223,-16.173253],[33.62022,-16.172439],[33.61994,-16.17244],[33.619656,-16.171356],[33.619375,-16.171357],[33.619374,-16.171085],[33.619094,-16.171086],[33.619093,-16.170815],[33.618531,-16.170545],[33.618529,-16.170003],[33.618248,-16.170004],[33.618248,-16.169733],[33.617967,-16.169734],[33.617966,-16.169462],[33.617686,-16.169463],[33.617685,-16.169192],[33.617404,-16.169193],[33.617403,-16.168922],[33.617123,-16.168922],[33.61684,-16.168381],[33.616279,-16.168382],[33.616278,-16.168111],[33.615998,-16.168112],[33.615997,-16.167841],[33.615716,-16.167842],[33.615434,-16.1673],[33.614873,-16.167302],[33.614872,-16.167031],[33.614591,-16.167031],[33.61459,-16.16676],[33.61431,-16.166761],[33.614309,-16.16649],[33.614028,-16.166491],[33.614027,-16.166219],[33.613747,-16.16622],[33.613465,-16.165679],[33.612903,-16.16568],[33.612902,-16.165409],[33.612622,-16.16541],[33.612621,-16.165139],[33.61206,-16.16514],[33.611778,-16.164599],[33.611216,-16.1646],[33.611215,-16.164329],[33.610654,-16.164331],[33.610653,-16.16406],[33.60953,-16.163792],[33.609248,-16.16325],[33.608687,-16.163252],[33.608686,-16.16298],[33.608124,-16.162711],[33.608122,-16.162168],[33.607842,-16.162169],[33.607843,-16.162712],[33.60672,-16.162444],[33.606719,-16.162172],[33.606438,-16.162173],[33.606438,-16.161902],[33.605876,-16.161632],[33.605874,-16.16109],[33.605312,-16.16082],[33.605311,-16.160549],[33.606153,-16.160547],[33.606152,-16.160276],[33.605591,-16.160277],[33.605309,-16.159736],[33.604747,-16.159737],[33.604465,-16.159196],[33.603904,-16.159197],[33.603903,-16.158926],[33.603341,-16.158656],[33.603339,-16.157843],[33.602777,-16.157573],[33.602775,-16.157031],[33.602214,-16.157032],[33.601932,-16.156491],[33.600808,-16.156223],[33.600526,-16.155681],[33.599965,-16.155683],[33.599964,-16.155412],[33.599403,-16.155413],[33.599402,-16.155142],[33.598279,-16.154874],[33.597997,-16.154332],[33.597435,-16.154334],[33.597153,-16.153792],[33.596592,-16.153794],[33.596591,-16.153523],[33.596311,-16.153524],[33.59631,-16.153252],[33.596029,-16.153253],[33.596028,-16.152982],[33.595748,-16.152983],[33.595747,-16.152712],[33.595466,-16.152712],[33.595466,-16.152441],[33.595185,-16.152442],[33.595184,-16.152171],[33.594904,-16.152172],[33.594903,-16.1519],[33.594622,-16.151901],[33.594621,-16.15163],[33.594341,-16.151631],[33.59434,-16.151359],[33.593778,-16.15109],[33.593776,-16.150547],[33.593496,-16.150548],[33.593494,-16.150006],[33.593214,-16.150007],[33.593212,-16.149464],[33.592931,-16.149465],[33.592648,-16.148381],[33.592367,-16.148382],[33.592366,-16.148111],[33.591804,-16.147841],[33.591799,-16.146214],[33.591519,-16.146215],[33.591517,-16.145672],[33.591237,-16.145673],[33.591236,-16.145402],[33.591796,-16.145129],[33.592072,-16.143501],[33.59151,-16.143231],[33.591508,-16.142689],[33.591228,-16.14269],[33.591225,-16.141876],[33.590945,-16.141877],[33.590661,-16.140793],[33.59038,-16.140794],[33.590379,-16.140523],[33.589818,-16.140253],[33.589816,-16.139711],[33.589255,-16.139712],[33.589254,-16.139441],[33.588973,-16.139442],[33.588973,-16.139171],[33.588692,-16.139171],[33.588691,-16.1389],[33.588411,-16.138901],[33.58841,-16.13863],[33.588129,-16.13863],[33.588128,-16.138359],[33.587848,-16.13836],[33.587847,-16.138089],[33.587566,-16.13809],[33.587566,-16.137818],[33.587285,-16.137819],[33.587284,-16.137548],[33.587004,-16.137549],[33.587003,-16.137278],[33.586722,-16.137278],[33.586722,-16.137007],[33.586441,-16.137008],[33.58644,-16.136737],[33.585878,-16.136467],[33.585877,-16.135925],[33.585596,-16.135925],[33.585595,-16.135654],[33.585315,-16.135655],[33.585033,-16.135113],[33.584752,-16.135114],[33.584753,-16.135385],[33.583631,-16.135388],[33.58363,-16.135117],[33.582788,-16.13512],[33.582787,-16.134848],[33.582507,-16.134849],[33.582506,-16.134578],[33.582225,-16.134579],[33.582224,-16.134308],[33.581663,-16.134038],[33.581661,-16.133495],[33.58138,-16.133496],[33.581378,-16.132683],[33.580255,-16.132415],[33.580254,-16.132143],[33.579974,-16.132144],[33.579972,-16.131602],[33.578569,-16.131606],[33.578568,-16.131334],[33.576884,-16.131068],[33.576602,-16.130526],[33.57576,-16.130528],[33.57576,-16.130257],[33.574637,-16.13026],[33.574637,-16.129989],[33.572673,-16.129994],[33.572672,-16.129723],[33.569586,-16.129731],[33.569586,-16.130002],[33.567903,-16.130007],[33.567902,-16.129736],[33.566219,-16.12974],[33.56622,-16.130011],[33.565939,-16.130012],[33.565938,-16.129741],[33.564816,-16.129744],[33.564817,-16.130015],[33.559767,-16.130028],[33.559767,-16.1303],[33.557522,-16.130034],[33.557523,-16.130306],[33.557242,-16.130306],[33.556963,-16.130849],[33.556402,-16.130851],[33.556403,-16.131122],[33.556122,-16.131123],[33.556123,-16.131394],[33.555562,-16.131395],[33.555283,-16.131939],[33.552477,-16.131946],[33.552478,-16.132217],[33.552197,-16.132218],[33.552197,-16.131947],[33.550513,-16.131951],[33.550514,-16.132222],[33.54827,-16.132499],[33.548269,-16.132228],[33.547989,-16.132229],[33.547707,-16.131687],[33.547146,-16.131688],[33.547145,-16.131417],[33.546583,-16.131147],[33.546582,-16.130605],[33.546301,-16.130606],[33.5463,-16.130335],[33.54602,-16.130335],[33.546019,-16.130064],[33.545457,-16.129794],[33.545456,-16.129252],[33.545175,-16.129253],[33.545173,-16.128439],[33.544892,-16.12844],[33.544892,-16.128169],[33.54405,-16.128171],[33.544049,-16.1279],[33.543207,-16.127902],[33.543207,-16.127631],[33.542646,-16.127632],[33.542646,-16.127903],[33.540964,-16.128179],[33.540965,-16.128721],[33.539282,-16.128725],[33.539282,-16.128996],[33.538721,-16.128998],[33.538722,-16.129269],[33.538442,-16.12927],[33.538162,-16.129813],[33.53676,-16.129816],[33.53676,-16.130088],[33.535919,-16.13009],[33.535919,-16.130361],[33.535358,-16.130362],[33.535359,-16.130634],[33.534798,-16.130635],[33.534799,-16.130906],[33.533676,-16.130909],[33.533676,-16.130638],[33.531712,-16.130643],[33.531712,-16.130914],[33.531151,-16.130915],[33.531152,-16.131186],[33.529188,-16.131191],[33.529189,-16.131463],[33.528347,-16.131465],[33.528346,-16.131193],[33.527785,-16.131195],[33.527784,-16.130924],[33.527504,-16.130924],[33.527505,-16.131467],[33.527786,-16.131466],[33.527507,-16.132009],[33.526665,-16.132011],[33.526664,-16.13174],[33.525261,-16.131743],[33.525262,-16.132015],[33.522456,-16.132022],[33.522456,-16.13175],[33.521895,-16.131752],[33.521894,-16.13148],[33.521052,-16.131483],[33.521051,-16.131211],[33.519928,-16.130943],[33.519365,-16.129859],[33.518803,-16.129861],[33.518803,-16.12959],[33.517961,-16.129592],[33.517679,-16.12905],[33.516557,-16.129053],[33.516555,-16.12851],[33.516836,-16.12851],[33.516835,-16.128238],[33.516274,-16.12824],[33.516273,-16.127969],[33.515432,-16.127971],[33.515431,-16.127699],[33.51487,-16.127701],[33.514869,-16.12743],[33.514589,-16.12743],[33.514587,-16.126888],[33.514307,-16.126889],[33.514306,-16.126617],[33.514025,-16.126618],[33.514025,-16.126347],[33.513744,-16.126347],[33.513743,-16.126076],[33.513463,-16.126077],[33.513462,-16.125806],[33.5129,-16.125536],[33.512617,-16.124452],[33.512336,-16.124452],[33.512336,-16.124181],[33.512055,-16.124182],[33.512054,-16.12364],[33.511773,-16.12364],[33.511773,-16.123369],[33.511211,-16.123099],[33.511209,-16.122557],[33.512051,-16.122555],[33.51205,-16.122012],[33.511769,-16.122013],[33.51177,-16.122284],[33.510928,-16.122286],[33.510927,-16.122015],[33.510366,-16.122016],[33.510084,-16.121475],[33.509243,-16.121477],[33.509242,-16.121205],[33.508681,-16.121207],[33.50868,-16.120936],[33.508119,-16.120937],[33.508118,-16.120666],[33.506995,-16.120397],[33.506994,-16.119855],[33.506432,-16.119585],[33.50643,-16.118771],[33.505868,-16.118501],[33.505865,-16.117145],[33.505584,-16.117146],[33.505582,-16.116333],[33.505302,-16.116333],[33.5053,-16.11552],[33.505019,-16.11552],[33.505016,-16.114435],[33.504736,-16.114436],[33.504728,-16.111182],[33.504447,-16.111182],[33.504446,-16.11064],[33.504165,-16.110641],[33.504164,-16.110098],[33.503883,-16.110099],[33.503882,-16.109557],[33.503601,-16.109557],[33.5036,-16.109015],[33.50332,-16.109015],[33.503318,-16.108473],[33.503038,-16.108474],[33.503036,-16.10766],[33.502755,-16.107661],[33.502751,-16.106034],[33.503031,-16.106033],[33.503031,-16.105762],[33.503311,-16.105761],[33.50331,-16.105219],[33.50359,-16.105218],[33.50359,-16.104947],[33.50415,-16.104674],[33.504149,-16.104132],[33.504429,-16.104131],[33.504427,-16.103046],[33.504146,-16.103047],[33.504144,-16.102234],[33.503864,-16.102234],[33.503862,-16.101692],[33.503582,-16.101692],[33.50358,-16.10115],[33.5033,-16.101151],[33.503016,-16.100067],[33.502455,-16.099797],[33.502453,-16.099254],[33.502173,-16.099255],[33.502172,-16.098984],[33.501892,-16.098984],[33.501891,-16.098713],[33.50161,-16.098714],[33.50161,-16.098443],[33.501329,-16.098443],[33.501329,-16.098172],[33.501048,-16.098173],[33.501047,-16.097902],[33.500767,-16.097902],[33.500766,-16.097631],[33.500486,-16.097632],[33.500485,-16.097361],[33.499923,-16.097091],[33.499922,-16.096548],[33.499641,-16.096549],[33.49964,-16.096006],[33.499359,-16.096007]],[[33.500257,-16.118515],[33.500538,-16.118514],[33.500539,-16.118785],[33.5011,-16.119055],[33.501102,-16.119598],[33.501382,-16.119597],[33.501385,-16.120682],[33.500824,-16.120683],[33.500823,-16.120412],[33.500543,-16.120412],[33.500541,-16.11987],[33.49998,-16.1196],[33.499978,-16.118787],[33.500258,-16.118786],[33.500257,-16.118515]],[[33.541806,-16.128448],[33.544051,-16.128442],[33.544051,-16.128713],[33.544612,-16.128712],[33.544614,-16.129254],[33.544053,-16.129256],[33.544054,-16.129527],[33.544334,-16.129526],[33.544335,-16.129797],[33.544896,-16.129796],[33.544897,-16.130067],[33.545177,-16.130066],[33.545178,-16.130337],[33.545459,-16.130337],[33.545459,-16.130608],[33.54574,-16.130607],[33.545741,-16.130878],[33.546021,-16.130878],[33.546022,-16.131149],[33.546584,-16.131419],[33.546585,-16.131961],[33.547146,-16.13196],[33.547148,-16.132502],[33.54771,-16.132772],[33.547711,-16.133314],[33.54687,-16.133316],[33.54687,-16.133588],[33.546309,-16.133589],[33.546308,-16.133318],[33.545467,-16.13332],[33.545466,-16.133049],[33.544624,-16.133051],[33.544624,-16.13278],[33.543501,-16.132783],[33.543502,-16.133054],[33.54266,-16.133056],[33.542661,-16.133327],[33.540978,-16.133331],[33.540978,-16.133603],[33.540417,-16.133604],[33.540417,-16.133333],[33.538733,-16.133337],[33.538732,-16.133066],[33.537891,-16.133068],[33.53789,-16.132797],[33.537329,-16.132798],[33.537328,-16.132527],[33.537047,-16.132528],[33.536765,-16.131986],[33.536204,-16.131987],[33.536204,-16.131716],[33.535642,-16.131446],[33.535641,-16.131175],[33.535922,-16.131175],[33.536201,-16.130631],[33.537042,-16.130629],[33.537042,-16.130358],[33.537603,-16.130357],[33.537602,-16.130085],[33.538444,-16.130083],[33.538443,-16.129812],[33.538724,-16.129811],[33.539003,-16.129268],[33.540967,-16.129263],[33.540967,-16.129535],[33.541528,-16.129533],[33.541246,-16.128991],[33.541527,-16.128991],[33.541806,-16.128448]],[[33.517681,-16.129864],[33.518242,-16.129862],[33.518243,-16.130133],[33.517682,-16.130135],[33.517681,-16.129864]],[[33.515721,-16.131224],[33.516562,-16.131222],[33.516563,-16.131493],[33.517124,-16.131492],[33.517406,-16.132034],[33.517967,-16.132032],[33.517968,-16.132304],[33.51881,-16.132302],[33.519092,-16.132843],[33.518811,-16.132844],[33.518812,-16.133115],[33.517409,-16.133119],[33.517408,-16.132847],[33.516285,-16.132579],[33.516285,-16.132308],[33.516004,-16.132308],[33.516003,-16.132037],[33.515442,-16.131767],[33.515721,-16.131224]],[[33.524702,-16.132287],[33.524982,-16.132287],[33.524983,-16.132558],[33.524702,-16.132558],[33.524702,-16.132287]],[[33.533121,-16.13308],[33.533963,-16.133078],[33.533963,-16.133349],[33.534525,-16.133619],[33.534246,-16.134162],[33.533685,-16.134163],[33.533686,-16.134706],[33.531161,-16.134712],[33.531161,-16.134441],[33.53088,-16.134442],[33.530878,-16.133628],[33.531439,-16.133627],[33.531438,-16.133355],[33.533122,-16.133351],[33.533121,-16.13308]],[[33.576891,-16.133237],[33.578013,-16.133234],[33.578014,-16.133505],[33.578575,-16.133504],[33.578857,-16.134046],[33.579418,-16.134044],[33.57942,-16.134858],[33.578018,-16.134861],[33.578017,-16.13459],[33.577456,-16.134592],[33.577455,-16.13432],[33.577174,-16.134321],[33.577173,-16.133779],[33.576892,-16.13378],[33.576891,-16.133237]],[[33.523584,-16.133917],[33.524145,-16.133916],[33.524146,-16.134187],[33.523584,-16.134188],[33.523584,-16.133917]],[[33.56062,-16.134094],[33.562864,-16.134088],[33.562865,-16.134359],[33.563426,-16.134358],[33.563147,-16.134901],[33.563708,-16.1349],[33.563709,-16.135171],[33.56427,-16.135169],[33.564271,-16.135441],[33.563991,-16.135441],[33.563991,-16.135713],[33.56343,-16.135714],[33.563429,-16.135443],[33.562588,-16.135445],[33.562587,-16.135174],[33.562026,-16.135175],[33.562026,-16.135447],[33.560342,-16.13518],[33.56034,-16.134366],[33.560621,-16.134365],[33.56062,-16.134094]],[[33.52527,-16.134998],[33.525551,-16.134997],[33.525833,-16.135539],[33.525271,-16.13554],[33.52527,-16.134998]],[[33.536779,-16.137139],[33.538182,-16.137135],[33.538184,-16.137678],[33.537903,-16.137678],[33.537624,-16.138221],[33.537063,-16.138223],[33.537064,-16.138494],[33.535941,-16.138497],[33.535941,-16.138226],[33.53566,-16.138226],[33.535658,-16.137684],[33.5365,-16.137682],[33.536779,-16.137139]],[[33.527806,-16.13906],[33.528928,-16.139057],[33.528929,-16.139328],[33.52921,-16.139327],[33.529213,-16.140683],[33.528652,-16.140685],[33.528651,-16.140413],[33.528371,-16.140414],[33.528369,-16.139872],[33.527807,-16.139602],[33.527806,-16.13906]],[[33.529771,-16.139326],[33.531735,-16.139321],[33.531736,-16.139863],[33.531175,-16.139865],[33.531176,-16.140136],[33.530053,-16.140139],[33.530053,-16.139868],[33.529772,-16.139868],[33.529771,-16.139326]],[[33.579719,-16.141094],[33.581683,-16.141089],[33.581684,-16.14136],[33.582526,-16.141358],[33.582526,-16.141629],[33.58421,-16.141624],[33.584211,-16.141896],[33.584491,-16.141895],[33.584492,-16.142166],[33.584773,-16.142165],[33.584773,-16.142436],[33.585335,-16.142706],[33.585337,-16.143249],[33.585618,-16.143248],[33.5859,-16.143789],[33.586461,-16.143788],[33.586462,-16.144059],[33.586742,-16.144058],[33.586744,-16.144601],[33.587025,-16.1446],[33.587026,-16.145142],[33.587307,-16.145141],[33.587309,-16.145955],[33.58759,-16.145954],[33.587593,-16.147039],[33.587873,-16.147038],[33.588157,-16.148122],[33.586754,-16.148126],[33.586754,-16.147855],[33.585351,-16.147859],[33.58535,-16.147588],[33.584508,-16.14759],[33.584507,-16.147319],[33.582824,-16.147323],[33.582823,-16.147052],[33.582262,-16.147054],[33.582261,-16.146782],[33.58198,-16.146783],[33.58198,-16.146512],[33.581699,-16.146513],[33.581698,-16.146242],[33.581418,-16.146242],[33.581417,-16.145971],[33.580855,-16.145702],[33.580571,-16.144618],[33.580291,-16.144618],[33.58029,-16.144347],[33.579729,-16.144349],[33.579727,-16.143806],[33.579446,-16.143807],[33.579445,-16.143265],[33.579164,-16.143265],[33.579161,-16.142181],[33.578319,-16.142183],[33.578319,-16.141912],[33.57916,-16.141909],[33.579159,-16.141367],[33.57972,-16.141365],[33.579719,-16.141094]],[[33.590673,-16.144861],[33.591235,-16.145131],[33.590956,-16.145674],[33.590675,-16.145675],[33.590673,-16.144861]],[[33.585914,-16.148671],[33.586756,-16.148669],[33.586757,-16.14894],[33.58844,-16.148935],[33.588441,-16.149206],[33.587319,-16.149209],[33.58732,-16.149481],[33.587039,-16.149481],[33.587038,-16.14921],[33.585916,-16.149213],[33.585914,-16.148671]],[[33.585076,-16.150029],[33.588724,-16.150019],[33.588725,-16.15029],[33.589286,-16.150289],[33.589288,-16.150831],[33.58985,-16.151101],[33.589851,-16.151643],[33.590132,-16.151642],[33.590133,-16.152185],[33.590414,-16.152184],[33.590416,-16.152998],[33.588171,-16.152733],[33.58817,-16.152461],[33.587609,-16.152463],[33.587608,-16.152192],[33.587047,-16.152193],[33.587046,-16.151922],[33.585363,-16.151927],[33.585362,-16.151656],[33.585081,-16.151656],[33.58508,-16.151385],[33.584518,-16.151115],[33.584517,-16.150573],[33.584797,-16.150572],[33.585076,-16.150029]],[[33.601095,-16.158392],[33.602219,-16.15866],[33.60222,-16.158931],[33.6025,-16.15893],[33.602501,-16.159201],[33.602782,-16.1592],[33.602782,-16.159472],[33.603063,-16.159471],[33.603064,-16.159742],[33.603344,-16.159741],[33.603345,-16.160012],[33.603626,-16.160012],[33.603627,-16.160283],[33.603907,-16.160282],[33.603908,-16.160553],[33.604189,-16.160552],[33.60419,-16.160824],[33.60447,-16.160823],[33.604471,-16.161094],[33.605033,-16.161364],[33.605035,-16.161906],[33.605315,-16.161905],[33.605317,-16.162448],[33.605597,-16.162447],[33.605599,-16.162989],[33.60588,-16.162988],[33.605881,-16.16326],[33.606442,-16.163258],[33.606443,-16.163529],[33.607004,-16.163528],[33.607005,-16.163799],[33.607566,-16.163797],[33.607567,-16.164068],[33.608128,-16.164067],[33.608129,-16.164338],[33.60869,-16.164336],[33.608691,-16.164608],[33.609533,-16.164605],[33.609533,-16.164876],[33.610095,-16.164875],[33.610096,-16.165146],[33.610937,-16.165144],[33.610938,-16.165415],[33.611499,-16.165413],[33.6115,-16.165684],[33.612624,-16.165952],[33.612906,-16.166494],[33.613467,-16.166492],[33.613468,-16.166763],[33.613748,-16.166763],[33.613749,-16.167034],[33.61403,-16.167033],[33.614031,-16.167304],[33.614311,-16.167303],[33.614312,-16.167575],[33.614593,-16.167574],[33.614594,-16.167845],[33.614874,-16.167844],[33.614875,-16.168115],[33.615156,-16.168115],[33.615157,-16.168386],[33.615437,-16.168385],[33.615438,-16.168656],[33.615719,-16.168655],[33.61572,-16.168926],[33.616,-16.168926],[33.616001,-16.169197],[33.616282,-16.169196],[33.616282,-16.169467],[33.616563,-16.169466],[33.616564,-16.169738],[33.616845,-16.169737],[33.616845,-16.170008],[33.617126,-16.170007],[33.617127,-16.170278],[33.617689,-16.170548],[33.617691,-16.17109],[33.617971,-16.171089],[33.618253,-16.171631],[33.618534,-16.17163],[33.618533,-16.171359],[33.619095,-16.171357],[33.619095,-16.171629],[33.619376,-16.171628],[33.619377,-16.171899],[33.619096,-16.1719],[33.618817,-16.172443],[33.619379,-16.172713],[33.619381,-16.173255],[33.619662,-16.173254],[33.619663,-16.173797],[33.619944,-16.173796],[33.619949,-16.175423],[33.62023,-16.175422],[33.620231,-16.175964],[33.619951,-16.175965],[33.619952,-16.176508],[33.619672,-16.176508],[33.619673,-16.17678],[33.619111,-16.176781],[33.619112,-16.177052],[33.618832,-16.177053],[33.618832,-16.177324],[33.618552,-16.177325],[33.618553,-16.177596],[33.618272,-16.177597],[33.618273,-16.177868],[33.617992,-16.177869],[33.617993,-16.17814],[33.617712,-16.178141],[33.617434,-16.178685],[33.617153,-16.178685],[33.617152,-16.178414],[33.61659,-16.178145],[33.616588,-16.177602],[33.616308,-16.177603],[33.616306,-16.177061],[33.615744,-16.176791],[33.615742,-16.176249],[33.615462,-16.176249],[33.615461,-16.175978],[33.61518,-16.175979],[33.615179,-16.175708],[33.614617,-16.175438],[33.614333,-16.174354],[33.614053,-16.174355],[33.614052,-16.174084],[33.613771,-16.174085],[33.613489,-16.173543],[33.612928,-16.173545],[33.612927,-16.173274],[33.612646,-16.173274],[33.612645,-16.173003],[33.612365,-16.173004],[33.612364,-16.172733],[33.612083,-16.172734],[33.611801,-16.172192],[33.61124,-16.172194],[33.611238,-16.171651],[33.610957,-16.171652],[33.610957,-16.171381],[33.610676,-16.171382],[33.610675,-16.171111],[33.610394,-16.171111],[33.610394,-16.17084],[33.609832,-16.170571],[33.60983,-16.170028],[33.609549,-16.170029],[33.609548,-16.169758],[33.609268,-16.169759],[33.609267,-16.169487],[33.608986,-16.169488],[33.608986,-16.169217],[33.608705,-16.169218],[33.608704,-16.168947],[33.608423,-16.168947],[33.608141,-16.168406],[33.60758,-16.168407],[33.607298,-16.167866],[33.606174,-16.167598],[33.606174,-16.167327],[33.605893,-16.167327],[33.605892,-16.167056],[33.605612,-16.167057],[33.605611,-16.166786],[33.60533,-16.166787],[33.605329,-16.166516],[33.604767,-16.166246],[33.604766,-16.165704],[33.604485,-16.165704],[33.604484,-16.165433],[33.603922,-16.165164],[33.603638,-16.16408],[33.603358,-16.16408],[33.603357,-16.163809],[33.602795,-16.16354],[33.602793,-16.162997],[33.602512,-16.162998],[33.602511,-16.162456],[33.60223,-16.162456],[33.602229,-16.161914],[33.601948,-16.161915],[33.601946,-16.161372],[33.601666,-16.161373],[33.601664,-16.160831],[33.601383,-16.160832],[33.601382,-16.160289],[33.601101,-16.16029],[33.601095,-16.158392]],[[33.606474,-16.173835],[33.607035,-16.173833],[33.607036,-16.174104],[33.607317,-16.174103],[33.607318,-16.174374],[33.607598,-16.174374],[33.607599,-16.174645],[33.60788,-16.174644],[33.60788,-16.174915],[33.608443,-16.175185],[33.608448,-16.177083],[33.608168,-16.177084],[33.608169,-16.177626],[33.607889,-16.177627],[33.60789,-16.177898],[33.607048,-16.177901],[33.607045,-16.177087],[33.606765,-16.177088],[33.60676,-16.175732],[33.60648,-16.175733],[33.606478,-16.17519],[33.606198,-16.175191],[33.606194,-16.174107],[33.606475,-16.174106],[33.606474,-16.173835]],[[33.618554,-16.177868],[33.619395,-16.177865],[33.619399,-16.17895],[33.619118,-16.178951],[33.619119,-16.179222],[33.618558,-16.179224],[33.618555,-16.17841],[33.618275,-16.178411],[33.618554,-16.177868]],[[33.613222,-16.178154],[33.614064,-16.178152],[33.614066,-16.178694],[33.614347,-16.178693],[33.61435,-16.179778],[33.614631,-16.179777],[33.61463,-16.179506],[33.615191,-16.179505],[33.615193,-16.180047],[33.614912,-16.180048],[33.614915,-16.180861],[33.614634,-16.180862],[33.614636,-16.181405],[33.614355,-16.181405],[33.614354,-16.181134],[33.613793,-16.181136],[33.61379,-16.180322],[33.61351,-16.180323],[33.613505,-16.178696],[33.613224,-16.178697],[33.613222,-16.178154]],[[33.608453,-16.178439],[33.609294,-16.178437],[33.609295,-16.178708],[33.609857,-16.178706],[33.609858,-16.179249],[33.610139,-16.179248],[33.61014,-16.179519],[33.61042,-16.179518],[33.610421,-16.17979],[33.610983,-16.180059],[33.610985,-16.180601],[33.611266,-16.180601],[33.611267,-16.181143],[33.611548,-16.181142],[33.611549,-16.181685],[33.61183,-16.181684],[33.611834,-16.18304],[33.612396,-16.183309],[33.612398,-16.183852],[33.612679,-16.183851],[33.61268,-16.184122],[33.61296,-16.184121],[33.612962,-16.184664],[33.613242,-16.184663],[33.613246,-16.185748],[33.613526,-16.185747],[33.613529,-16.18656],[33.613248,-16.186561],[33.613252,-16.187646],[33.61269,-16.187648],[33.61269,-16.187376],[33.611848,-16.187379],[33.611847,-16.187108],[33.611566,-16.187108],[33.611845,-16.186565],[33.611565,-16.186566],[33.611564,-16.186295],[33.611283,-16.186296],[33.611282,-16.186025],[33.611002,-16.186025],[33.611001,-16.185754],[33.61072,-16.185755],[33.610719,-16.185484],[33.610157,-16.185214],[33.609868,-16.182503],[33.609588,-16.182504],[33.609586,-16.181961],[33.609305,-16.181962],[33.609304,-16.18142],[33.609023,-16.181421],[33.609021,-16.180878],[33.608741,-16.180879],[33.608739,-16.180337],[33.608458,-16.180338],[33.608456,-16.179524],[33.608175,-16.179525],[33.608173,-16.178711],[33.608453,-16.17871],[33.608453,-16.178439]],[[33.607619,-16.181154],[33.60818,-16.181152],[33.608181,-16.181423],[33.608462,-16.181422],[33.608463,-16.181965],[33.608744,-16.181964],[33.608746,-16.182506],[33.609026,-16.182505],[33.609029,-16.183319],[33.608467,-16.183321],[33.608467,-16.183049],[33.608186,-16.18305],[33.608184,-16.182237],[33.607621,-16.181967],[33.607619,-16.181154]],[[33.624236,-16.200089],[33.624797,-16.200087],[33.624799,-16.20063],[33.624518,-16.200631],[33.624236,-16.200089]],[[33.618626,-16.20119],[33.619749,-16.201187],[33.61975,-16.201458],[33.619469,-16.201459],[33.619471,-16.202001],[33.618349,-16.202276],[33.618346,-16.201462],[33.618627,-16.201461],[33.618626,-16.20119]],[[33.616383,-16.20201],[33.617225,-16.202008],[33.617226,-16.202279],[33.617788,-16.202549],[33.617791,-16.203362],[33.618072,-16.203361],[33.618073,-16.203904],[33.617231,-16.203906],[33.61723,-16.203635],[33.616668,-16.203365],[33.616667,-16.202823],[33.616386,-16.202824],[33.616383,-16.20201]],[[33.6251,-16.207137],[33.626223,-16.207134],[33.626224,-16.207405],[33.626785,-16.207404],[33.626786,-16.207675],[33.627909,-16.207943],[33.62791,-16.208214],[33.628191,-16.208213],[33.628192,-16.208484],[33.628753,-16.208483],[33.628755,-16.209025],[33.629036,-16.209024],[33.629036,-16.209295],[33.629317,-16.209295],[33.629318,-16.209566],[33.629599,-16.209565],[33.6296,-16.209836],[33.630162,-16.210106],[33.630164,-16.210919],[33.630445,-16.210918],[33.630448,-16.212003],[33.630168,-16.212004],[33.630169,-16.212546],[33.629889,-16.212547],[33.62989,-16.212818],[33.629328,-16.21282],[33.629327,-16.212549],[33.628485,-16.212551],[33.628485,-16.21228],[33.627923,-16.212282],[33.627922,-16.212011],[33.62736,-16.211741],[33.627076,-16.210657],[33.626795,-16.210658],[33.626795,-16.210387],[33.626514,-16.210388],[33.626513,-16.210116],[33.626232,-16.210117],[33.626231,-16.209846],[33.625951,-16.209847],[33.62595,-16.209576],[33.625388,-16.209306],[33.625385,-16.208493],[33.625104,-16.208493],[33.6251,-16.207137]],[[33.635212,-16.209548],[33.636616,-16.209544],[33.636616,-16.209815],[33.637458,-16.209813],[33.637459,-16.210084],[33.638021,-16.210082],[33.638021,-16.210353],[33.638583,-16.210352],[33.638584,-16.210623],[33.639707,-16.210891],[33.639708,-16.211162],[33.639989,-16.211161],[33.63999,-16.211432],[33.64027,-16.211431],[33.640271,-16.211703],[33.640552,-16.211702],[33.640553,-16.211973],[33.641115,-16.212242],[33.641117,-16.212785],[33.641397,-16.212784],[33.641399,-16.213326],[33.64168,-16.213325],[33.641683,-16.214139],[33.641963,-16.214138],[33.641965,-16.214681],[33.642246,-16.21468],[33.642247,-16.214951],[33.642809,-16.21522],[33.642812,-16.216305],[33.642532,-16.216306],[33.642532,-16.216577],[33.641972,-16.21685],[33.641971,-16.216579],[33.641129,-16.216581],[33.641128,-16.21631],[33.640567,-16.216312],[33.640566,-16.216041],[33.639443,-16.216044],[33.639442,-16.215773],[33.638881,-16.215775],[33.63888,-16.215503],[33.638599,-16.215504],[33.638599,-16.215233],[33.638036,-16.214964],[33.638035,-16.214421],[33.637473,-16.214423],[33.637472,-16.214152],[33.637192,-16.214153],[33.637191,-16.213881],[33.63691,-16.213882],[33.636909,-16.213611],[33.636629,-16.213612],[33.636628,-16.213341],[33.636347,-16.213342],[33.636346,-16.21307],[33.636065,-16.213071],[33.636065,-16.2128],[33.635784,-16.212801],[33.635783,-16.21253],[33.635502,-16.21253],[33.635501,-16.212259],[33.634939,-16.21199],[33.634938,-16.211447],[33.634657,-16.211448],[33.634655,-16.210906],[33.634374,-16.210907],[33.634372,-16.210093],[33.634653,-16.210092],[33.634652,-16.209821],[33.635213,-16.209819],[33.635212,-16.209548]],[[33.637193,-16.214424],[33.637755,-16.214693],[33.637757,-16.215507],[33.637477,-16.215508],[33.637476,-16.215236],[33.636914,-16.214967],[33.637193,-16.214424]],[[33.635793,-16.215513],[33.636355,-16.215782],[33.636357,-16.216325],[33.635795,-16.216326],[33.635796,-16.216597],[33.635515,-16.216598],[33.635233,-16.216057],[33.635514,-16.216056],[33.635793,-16.215513]],[[33.63804,-16.216048],[33.639163,-16.216045],[33.639163,-16.216316],[33.639725,-16.216314],[33.639726,-16.216586],[33.640006,-16.216585],[33.640289,-16.217126],[33.64085,-16.217125],[33.640849,-16.216853],[33.64113,-16.216853],[33.641131,-16.217124],[33.642534,-16.21712],[33.642535,-16.217391],[33.642816,-16.21739],[33.642818,-16.217932],[33.643098,-16.217931],[33.6431,-16.218474],[33.643381,-16.218473],[33.643382,-16.219015],[33.643663,-16.219014],[33.643664,-16.219286],[33.643945,-16.219285],[33.643946,-16.219556],[33.644226,-16.219555],[33.644227,-16.219826],[33.644789,-16.220096],[33.644791,-16.220638],[33.645072,-16.220637],[33.645073,-16.220909],[33.645353,-16.220908],[33.645354,-16.221179],[33.645635,-16.221178],[33.645636,-16.221449],[33.645917,-16.221448],[33.646199,-16.22199],[33.64676,-16.221988],[33.646761,-16.222259],[33.647042,-16.222259],[33.647324,-16.2228],[33.647886,-16.222798],[33.647887,-16.22307],[33.648448,-16.223068],[33.648449,-16.223339],[33.649572,-16.223336],[33.649573,-16.223607],[33.649853,-16.223606],[33.649854,-16.223877],[33.650135,-16.223876],[33.650136,-16.224147],[33.650417,-16.224147],[33.650699,-16.224688],[33.65126,-16.224686],[33.651261,-16.224958],[33.651824,-16.225227],[33.651825,-16.225769],[33.652106,-16.225769],[33.652108,-16.226311],[33.652388,-16.22631],[33.65239,-16.226852],[33.652671,-16.226852],[33.652673,-16.227394],[33.652953,-16.227393],[33.653238,-16.228477],[33.6538,-16.228746],[33.653802,-16.229289],[33.654364,-16.229558],[33.654366,-16.230101],[33.654647,-16.2301],[33.654648,-16.230371],[33.65521,-16.23064],[33.655494,-16.231724],[33.656056,-16.231994],[33.656058,-16.232536],[33.655216,-16.232539],[33.655217,-16.23281],[33.656341,-16.233078],[33.656342,-16.233349],[33.656622,-16.233348],[33.656625,-16.234162],[33.657186,-16.23416],[33.657189,-16.234973],[33.65747,-16.234972],[33.657752,-16.235514],[33.658314,-16.235512],[33.658316,-16.236055],[33.658878,-16.236324],[33.658881,-16.237409],[33.659162,-16.237408],[33.659164,-16.23795],[33.659445,-16.237949],[33.659447,-16.238492],[33.659727,-16.238491],[33.659729,-16.239033],[33.66001,-16.239032],[33.660012,-16.239575],[33.660292,-16.239574],[33.660294,-16.240116],[33.660575,-16.240115],[33.660577,-16.240658],[33.660857,-16.240657],[33.660859,-16.241199],[33.66114,-16.241198],[33.661144,-16.242554],[33.661425,-16.242554],[33.661426,-16.242825],[33.661145,-16.242826],[33.661148,-16.243639],[33.661429,-16.243638],[33.66115,-16.244182],[33.661431,-16.244181],[33.661431,-16.244452],[33.661993,-16.24445],[33.661995,-16.244992],[33.662556,-16.244991],[33.662557,-16.245262],[33.663119,-16.245531],[33.663121,-16.246074],[33.663402,-16.246073],[33.663403,-16.246344],[33.663684,-16.246343],[33.663685,-16.246614],[33.663965,-16.246613],[33.664248,-16.247155],[33.665933,-16.247421],[33.665934,-16.247692],[33.666215,-16.247691],[33.666497,-16.248233],[33.667059,-16.248231],[33.66706,-16.248502],[33.66734,-16.248501],[33.667341,-16.248772],[33.667904,-16.249042],[33.667905,-16.249584],[33.668468,-16.249854],[33.66847,-16.250396],[33.66875,-16.250395],[33.668751,-16.250666],[33.669032,-16.250665],[33.669033,-16.250937],[33.669314,-16.250936],[33.669315,-16.251207],[33.669595,-16.251206],[33.669596,-16.251477],[33.669877,-16.251476],[33.669878,-16.251747],[33.670159,-16.251747],[33.67016,-16.252018],[33.670722,-16.252287],[33.670724,-16.25283],[33.671004,-16.252829],[33.671005,-16.2531],[33.671286,-16.253099],[33.671287,-16.25337],[33.671568,-16.253369],[33.671569,-16.25364],[33.671849,-16.25364],[33.67185,-16.253911],[33.672413,-16.25418],[33.672415,-16.254723],[33.671572,-16.254725],[33.671293,-16.255268],[33.673539,-16.255261],[33.673541,-16.255804],[33.672138,-16.255808],[33.672139,-16.256351],[33.671297,-16.256353],[33.671296,-16.256082],[33.670454,-16.256085],[33.670451,-16.255271],[33.668767,-16.255276],[33.668766,-16.255005],[33.667924,-16.255008],[33.667923,-16.254737],[33.66736,-16.254467],[33.667359,-16.253925],[33.667078,-16.253926],[33.666792,-16.2523],[33.666511,-16.2523],[33.66651,-16.252029],[33.666229,-16.25203],[33.666228,-16.251759],[33.665948,-16.25176],[33.665947,-16.251489],[33.665666,-16.25149],[33.665665,-16.251218],[33.665103,-16.250949],[33.665101,-16.250407],[33.66482,-16.250407],[33.664819,-16.250136],[33.664539,-16.250137],[33.664538,-16.249866],[33.664257,-16.249867],[33.664256,-16.249596],[33.663975,-16.249597],[33.663974,-16.249325],[33.663694,-16.249326],[33.663693,-16.249055],[33.663412,-16.249056],[33.663411,-16.248785],[33.662849,-16.248515],[33.662847,-16.247973],[33.662566,-16.247974],[33.662565,-16.247703],[33.662285,-16.247703],[33.662284,-16.247432],[33.661721,-16.247163],[33.661717,-16.245807],[33.661155,-16.245809],[33.661156,-16.24608],[33.661437,-16.246079],[33.661439,-16.246621],[33.661158,-16.246622],[33.661159,-16.246893],[33.660317,-16.246896],[33.660316,-16.246625],[33.659754,-16.246627],[33.659753,-16.246355],[33.659192,-16.246357],[33.659191,-16.246086],[33.658067,-16.245818],[33.658066,-16.245547],[33.657786,-16.245548],[33.657785,-16.245277],[33.657223,-16.245279],[33.656941,-16.244737],[33.656379,-16.244739],[33.656378,-16.244468],[33.656098,-16.244468],[33.656097,-16.244197],[33.655816,-16.244198],[33.655815,-16.243927],[33.655535,-16.243928],[33.655534,-16.243657],[33.655253,-16.243657],[33.655252,-16.243386],[33.654971,-16.243387],[33.654689,-16.242846],[33.654127,-16.242847],[33.654126,-16.242305],[33.653563,-16.242036],[33.653561,-16.241493],[33.653281,-16.241494],[33.653279,-16.240952],[33.652998,-16.240953],[33.652996,-16.24041],[33.652716,-16.240411],[33.65271,-16.238784],[33.65243,-16.238785],[33.652428,-16.238242],[33.652147,-16.238243],[33.652144,-16.237158],[33.651863,-16.237159],[33.651859,-16.236075],[33.651579,-16.236075],[33.651574,-16.234719],[33.651293,-16.23472],[33.651292,-16.234178],[33.651011,-16.234179],[33.651288,-16.233093],[33.650727,-16.233095],[33.650726,-16.232824],[33.650445,-16.232825],[33.650444,-16.232553],[33.649882,-16.232284],[33.64988,-16.231742],[33.649599,-16.231742],[33.649598,-16.2312],[33.649317,-16.231201],[33.649315,-16.230659],[33.649034,-16.230659],[33.649033,-16.230117],[33.648752,-16.230118],[33.648747,-16.228491],[33.648466,-16.228492],[33.648464,-16.227949],[33.648183,-16.22795],[33.648178,-16.226323],[33.647897,-16.226324],[33.647613,-16.22524],[33.647332,-16.225241],[33.647332,-16.22497],[33.647051,-16.22497],[33.646768,-16.224429],[33.646207,-16.224431],[33.64621,-16.225244],[33.645929,-16.225245],[33.64593,-16.225516],[33.645088,-16.225519],[33.645087,-16.225248],[33.644525,-16.225249],[33.644523,-16.224436],[33.644242,-16.224437],[33.64424,-16.223894],[33.64396,-16.223895],[33.643959,-16.223624],[33.643678,-16.223625],[33.643677,-16.223354],[33.643397,-16.223354],[33.643396,-16.223083],[33.643115,-16.223084],[33.643114,-16.222813],[33.642833,-16.222814],[33.642833,-16.222543],[33.642552,-16.222543],[33.642551,-16.222272],[33.641989,-16.222003],[33.641704,-16.220919],[33.641424,-16.22092],[33.641423,-16.220648],[33.641142,-16.220649],[33.641141,-16.220378],[33.640861,-16.220379],[33.64086,-16.220108],[33.640579,-16.220109],[33.640578,-16.219837],[33.640298,-16.219838],[33.640297,-16.219567],[33.640016,-16.219568],[33.639734,-16.219026],[33.639172,-16.219028],[33.639171,-16.218757],[33.638891,-16.218758],[33.63889,-16.218487],[33.638609,-16.218487],[33.638608,-16.218216],[33.638327,-16.218217],[33.638327,-16.217946],[33.638046,-16.217947],[33.637763,-16.217405],[33.636921,-16.217408],[33.636921,-16.217136],[33.63664,-16.217137],[33.636638,-16.216595],[33.637761,-16.216592],[33.63804,-16.216048]],[[33.6389,-16.221741],[33.639742,-16.221738],[33.639743,-16.222009],[33.640305,-16.222008],[33.640305,-16.222279],[33.639183,-16.222282],[33.6389,-16.221741]],[[33.642283,-16.226341],[33.642845,-16.226339],[33.642846,-16.22661],[33.643126,-16.22661],[33.643127,-16.226881],[33.64369,-16.22715],[33.64369,-16.227421],[33.64341,-16.227422],[33.643692,-16.227964],[33.643131,-16.227965],[33.643129,-16.227423],[33.642848,-16.227424],[33.642847,-16.227153],[33.642285,-16.226883],[33.642283,-16.226341]],[[33.651039,-16.242857],[33.651601,-16.242855],[33.651602,-16.243126],[33.65104,-16.243128],[33.651039,-16.242857]],[[33.654978,-16.245557],[33.655821,-16.245554],[33.655822,-16.245825],[33.656102,-16.245824],[33.656103,-16.246096],[33.656384,-16.246095],[33.656385,-16.246366],[33.656665,-16.246365],[33.656948,-16.246907],[33.656106,-16.246909],[33.656105,-16.246638],[33.655824,-16.246639],[33.655823,-16.246368],[33.655543,-16.246368],[33.655542,-16.246097],[33.655261,-16.246098],[33.654978,-16.245557]],[[33.657793,-16.247717],[33.658354,-16.247716],[33.658637,-16.248257],[33.659198,-16.248255],[33.659481,-16.248797],[33.660042,-16.248795],[33.660044,-16.249338],[33.660325,-16.249337],[33.660607,-16.249878],[33.66145,-16.249876],[33.66145,-16.250147],[33.661731,-16.250146],[33.661733,-16.250688],[33.662014,-16.250687],[33.662015,-16.250959],[33.662577,-16.251228],[33.66258,-16.252042],[33.661738,-16.252044],[33.661737,-16.251773],[33.661456,-16.251774],[33.661454,-16.251232],[33.661173,-16.251232],[33.660891,-16.250691],[33.659767,-16.250423],[33.659766,-16.250152],[33.659485,-16.250153],[33.659484,-16.249611],[33.659203,-16.249611],[33.659201,-16.249069],[33.65892,-16.24907],[33.658919,-16.248799],[33.658639,-16.2488],[33.658638,-16.248528],[33.658357,-16.248529],[33.658356,-16.248258],[33.658075,-16.248259],[33.657793,-16.247717]],[[33.661162,-16.247707],[33.661723,-16.247705],[33.661724,-16.247976],[33.661163,-16.247978],[33.661162,-16.247707]],[[33.676634,-16.25715],[33.677476,-16.257147],[33.677477,-16.257418],[33.676635,-16.257421],[33.676634,-16.25715]],[[33.668219,-16.259346],[33.668781,-16.259344],[33.668782,-16.259615],[33.669343,-16.259614],[33.669344,-16.259885],[33.670186,-16.259882],[33.670185,-16.259611],[33.671308,-16.259607],[33.671309,-16.259879],[33.67159,-16.259878],[33.671591,-16.260149],[33.672152,-16.260147],[33.672153,-16.260418],[33.672715,-16.260417],[33.672714,-16.260145],[33.67496,-16.260138],[33.674962,-16.260681],[33.675242,-16.26068],[33.675244,-16.261222],[33.675525,-16.261221],[33.675526,-16.261492],[33.674684,-16.261495],[33.674685,-16.261766],[33.675246,-16.261764],[33.675529,-16.262306],[33.676652,-16.262302],[33.676653,-16.262574],[33.677214,-16.262572],[33.677215,-16.262843],[33.677776,-16.262841],[33.677777,-16.263112],[33.678901,-16.26338],[33.679184,-16.263921],[33.680869,-16.264187],[33.68087,-16.264458],[33.681151,-16.264457],[33.681434,-16.264999],[33.682557,-16.264995],[33.682558,-16.265266],[33.682838,-16.265266],[33.68284,-16.265808],[33.683403,-16.266077],[33.683404,-16.26662],[33.683685,-16.266619],[33.683968,-16.26716],[33.684529,-16.267158],[33.68453,-16.26743],[33.684811,-16.267429],[33.684812,-16.2677],[33.685093,-16.267699],[33.685094,-16.26797],[33.685656,-16.26824],[33.685658,-16.268782],[33.685939,-16.268781],[33.68594,-16.269052],[33.68622,-16.269051],[33.686221,-16.269322],[33.686784,-16.269592],[33.686787,-16.270405],[33.687912,-16.270944],[33.687919,-16.273114],[33.6882,-16.273113],[33.688203,-16.273926],[33.688484,-16.273925],[33.688485,-16.274468],[33.689048,-16.274737],[33.68905,-16.275279],[33.689612,-16.275549],[33.689614,-16.276091],[33.689895,-16.27609],[33.689898,-16.276904],[33.690179,-16.276903],[33.690181,-16.277716],[33.690743,-16.277715],[33.690744,-16.277986],[33.691305,-16.277984],[33.691306,-16.278255],[33.691026,-16.278256],[33.691027,-16.278527],[33.689903,-16.278531],[33.689903,-16.27826],[33.689622,-16.278261],[33.68962,-16.277718],[33.689058,-16.27772],[33.688776,-16.277179],[33.687653,-16.277182],[33.687651,-16.27664],[33.68737,-16.276641],[33.687369,-16.27637],[33.687088,-16.276371],[33.687087,-16.276099],[33.686807,-16.2761],[33.686806,-16.275829],[33.686525,-16.27583],[33.686242,-16.275289],[33.685681,-16.27529],[33.68568,-16.275019],[33.685117,-16.27475],[33.685115,-16.274207],[33.682869,-16.274215],[33.682868,-16.273944],[33.682307,-16.273945],[33.682024,-16.273404],[33.681463,-16.273406],[33.68118,-16.272864],[33.680618,-16.272866],[33.680618,-16.272595],[33.680337,-16.272596],[33.680335,-16.272053],[33.679773,-16.272055],[33.679491,-16.271514],[33.678929,-16.271516],[33.678928,-16.271244],[33.678648,-16.271245],[33.678647,-16.270974],[33.678366,-16.270975],[33.678083,-16.270433],[33.677241,-16.270436],[33.67724,-16.270165],[33.676679,-16.270167],[33.676678,-16.269896],[33.675835,-16.269898],[33.675834,-16.269627],[33.675273,-16.269629],[33.675272,-16.269358],[33.67471,-16.269359],[33.67471,-16.269088],[33.674148,-16.26909],[33.674147,-16.268819],[33.673023,-16.268551],[33.673022,-16.26828],[33.672741,-16.268281],[33.672459,-16.26774],[33.671897,-16.267741],[33.671896,-16.26747],[33.671335,-16.267472],[33.671334,-16.267201],[33.669649,-16.266935],[33.669648,-16.266664],[33.669367,-16.266665],[33.669366,-16.266393],[33.669085,-16.266394],[33.669084,-16.266123],[33.668522,-16.265854],[33.668521,-16.265582],[33.668802,-16.265582],[33.668799,-16.264768],[33.66908,-16.264767],[33.669078,-16.264225],[33.669359,-16.264224],[33.669353,-16.262597],[33.669072,-16.262598],[33.669071,-16.262326],[33.668791,-16.262327],[33.668789,-16.261785],[33.668508,-16.261786],[33.668506,-16.261243],[33.668787,-16.261243],[33.668784,-16.260429],[33.668504,-16.26043],[33.668503,-16.260159],[33.66794,-16.259889],[33.668219,-16.259346]],[[33.665975,-16.259895],[33.666537,-16.259894],[33.666537,-16.260165],[33.667099,-16.260163],[33.6671,-16.260434],[33.667381,-16.260433],[33.667382,-16.260976],[33.667663,-16.260975],[33.667666,-16.261788],[33.667947,-16.261788],[33.667948,-16.26233],[33.668229,-16.262329],[33.66823,-16.2626],[33.668511,-16.262599],[33.668513,-16.263142],[33.668793,-16.263141],[33.668799,-16.264768],[33.668518,-16.264769],[33.668239,-16.265312],[33.667959,-16.265313],[33.667676,-16.264772],[33.667114,-16.264773],[33.667114,-16.264502],[33.666833,-16.264503],[33.666832,-16.264232],[33.666269,-16.263962],[33.666268,-16.26342],[33.665987,-16.263421],[33.665985,-16.262879],[33.665704,-16.262879],[33.665703,-16.262337],[33.665422,-16.262338],[33.665419,-16.261524],[33.665138,-16.261525],[33.665137,-16.261254],[33.665418,-16.261253],[33.665415,-16.26044],[33.665696,-16.260439],[33.665975,-16.259895]],[[33.68508,-16.263902],[33.685641,-16.263901],[33.685642,-16.264172],[33.686204,-16.264441],[33.686206,-16.264984],[33.686487,-16.264983],[33.686489,-16.265525],[33.68677,-16.265524],[33.686774,-16.26688],[33.685651,-16.266884],[33.685651,-16.266612],[33.68537,-16.266613],[33.685368,-16.266071],[33.685087,-16.266072],[33.685086,-16.265801],[33.684805,-16.265802],[33.684804,-16.26553],[33.684524,-16.265531],[33.684523,-16.26526],[33.68396,-16.264991],[33.683958,-16.264177],[33.685081,-16.264174],[33.68508,-16.263902]],[[33.688756,-16.271484],[33.689317,-16.271482],[33.689318,-16.271753],[33.689599,-16.271752],[33.6896,-16.272023],[33.690161,-16.272022],[33.690162,-16.272293],[33.691005,-16.27229],[33.691007,-16.272832],[33.691287,-16.272831],[33.69129,-16.273645],[33.691571,-16.273644],[33.691292,-16.274187],[33.691573,-16.274186],[33.691575,-16.274729],[33.692137,-16.274998],[33.692139,-16.275541],[33.69242,-16.27554],[33.692421,-16.275811],[33.692983,-16.27608],[33.692985,-16.276623],[33.691581,-16.276627],[33.691579,-16.275814],[33.691298,-16.275814],[33.691297,-16.275543],[33.690735,-16.275545],[33.690737,-16.276088],[33.690176,-16.276089],[33.690174,-16.275547],[33.689611,-16.275278],[33.689608,-16.274193],[33.689045,-16.273924],[33.689042,-16.27311],[33.688761,-16.273111],[33.688756,-16.271484]],[[33.69327,-16.277706],[33.693551,-16.277705],[33.693552,-16.277977],[33.694114,-16.278246],[33.694116,-16.278788],[33.694397,-16.278787],[33.694398,-16.279059],[33.694678,-16.279058],[33.69468,-16.2796],[33.694961,-16.279599],[33.694967,-16.281226],[33.694125,-16.281229],[33.694124,-16.280958],[33.693561,-16.280688],[33.693559,-16.280146],[33.693278,-16.280147],[33.693277,-16.279876],[33.692715,-16.279607],[33.692713,-16.279064],[33.692432,-16.279065],[33.692429,-16.278251],[33.69271,-16.278251],[33.692709,-16.277979],[33.693271,-16.277978],[33.69327,-16.277706]],[[33.691027,-16.278527],[33.691588,-16.278525],[33.691589,-16.278797],[33.691027,-16.278798],[33.691027,-16.278527]],[[33.697767,-16.279048],[33.698609,-16.279045],[33.698611,-16.279587],[33.698892,-16.279586],[33.698893,-16.279857],[33.699455,-16.280127],[33.69946,-16.281483],[33.698899,-16.281484],[33.698898,-16.281213],[33.698336,-16.281215],[33.698335,-16.280944],[33.698054,-16.280945],[33.698052,-16.280403],[33.697772,-16.280403],[33.697767,-16.279048]],[[33.688505,-16.280163],[33.688786,-16.280162],[33.688787,-16.280433],[33.68991,-16.280429],[33.690193,-16.280971],[33.689912,-16.280972],[33.689913,-16.281243],[33.68879,-16.281246],[33.688789,-16.280975],[33.688508,-16.280976],[33.688505,-16.280163]],[[33.698342,-16.282842],[33.698904,-16.283112],[33.698906,-16.283654],[33.698064,-16.283657],[33.698062,-16.283114],[33.698343,-16.283113],[33.698342,-16.282842]],[[33.693293,-16.284215],[33.693855,-16.284484],[33.693857,-16.285027],[33.693296,-16.285028],[33.693295,-16.284757],[33.693014,-16.284758],[33.693293,-16.284215]],[[33.701436,-16.284459],[33.701717,-16.284458],[33.701718,-16.284729],[33.701437,-16.28473],[33.701436,-16.284459]],[[33.714406,-16.299331],[33.714687,-16.29933],[33.714688,-16.299601],[33.71553,-16.299598],[33.715529,-16.299327],[33.71581,-16.299326],[33.715811,-16.299597],[33.717497,-16.299863],[33.717498,-16.300134],[33.717778,-16.300133],[33.71778,-16.300676],[33.718061,-16.300675],[33.718064,-16.301488],[33.718345,-16.301487],[33.718347,-16.30203],[33.718628,-16.302029],[33.71863,-16.302571],[33.71891,-16.30257],[33.718912,-16.303112],[33.718632,-16.303113],[33.718631,-16.302842],[33.71835,-16.302843],[33.718067,-16.302302],[33.717225,-16.302305],[33.717224,-16.302033],[33.716662,-16.302035],[33.716379,-16.301494],[33.714694,-16.3015],[33.714693,-16.301228],[33.714413,-16.301229],[33.714412,-16.300958],[33.714131,-16.300959],[33.713848,-16.300418],[33.712163,-16.300423],[33.712162,-16.300152],[33.712724,-16.30015],[33.712723,-16.299879],[33.713846,-16.299875],[33.713845,-16.299604],[33.714407,-16.299602],[33.714406,-16.299331]],[[33.706828,-16.300441],[33.70739,-16.300439],[33.707391,-16.300711],[33.707952,-16.300709],[33.707953,-16.30098],[33.708234,-16.300979],[33.708236,-16.301521],[33.708517,-16.30152],[33.708521,-16.302605],[33.707397,-16.302338],[33.707396,-16.302066],[33.707115,-16.302067],[33.707114,-16.301796],[33.706551,-16.301527],[33.706548,-16.300713],[33.706829,-16.300712],[33.706828,-16.300441]],[[33.714135,-16.302044],[33.715539,-16.302039],[33.71554,-16.30231],[33.716664,-16.302578],[33.716665,-16.302849],[33.716946,-16.302848],[33.716947,-16.303119],[33.717228,-16.303118],[33.71751,-16.30366],[33.718072,-16.303658],[33.718074,-16.3042],[33.718637,-16.304469],[33.718638,-16.305012],[33.718919,-16.305011],[33.718917,-16.304468],[33.719198,-16.304467],[33.719199,-16.304739],[33.71948,-16.304738],[33.719481,-16.305009],[33.720043,-16.305278],[33.720046,-16.306092],[33.719766,-16.306093],[33.719768,-16.306635],[33.719487,-16.306636],[33.719484,-16.305822],[33.718641,-16.305825],[33.718645,-16.30691],[33.717803,-16.306913],[33.717802,-16.306642],[33.71724,-16.306643],[33.717239,-16.306372],[33.716678,-16.306374],[33.716677,-16.306103],[33.716115,-16.306105],[33.716114,-16.305834],[33.71499,-16.305566],[33.714989,-16.305295],[33.714426,-16.305026],[33.714423,-16.304212],[33.714143,-16.304213],[33.714135,-16.302044]],[[33.706564,-16.305052],[33.707968,-16.305048],[33.708251,-16.305589],[33.708812,-16.305587],[33.708813,-16.305858],[33.709094,-16.305857],[33.709095,-16.306129],[33.709376,-16.306128],[33.709377,-16.306399],[33.709658,-16.306398],[33.709659,-16.306669],[33.710221,-16.306938],[33.710223,-16.307481],[33.710786,-16.30775],[33.710788,-16.308292],[33.711069,-16.308291],[33.711071,-16.309105],[33.711352,-16.309104],[33.711354,-16.309646],[33.710512,-16.309649],[33.710511,-16.309378],[33.71023,-16.309379],[33.710229,-16.309108],[33.709667,-16.30911],[33.709666,-16.308839],[33.709386,-16.308839],[33.709103,-16.308298],[33.708541,-16.3083],[33.70854,-16.308029],[33.708259,-16.30803],[33.708258,-16.307759],[33.707978,-16.307759],[33.707695,-16.307218],[33.707133,-16.30722],[33.707131,-16.306678],[33.706569,-16.306408],[33.706564,-16.305052]],[[33.718371,-16.308538],[33.718651,-16.308537],[33.718654,-16.309351],[33.718093,-16.309352],[33.718091,-16.30881],[33.718372,-16.308809],[33.718371,-16.308538]],[[33.71276,-16.310184],[33.713322,-16.310182],[33.713323,-16.310453],[33.714165,-16.310451],[33.714166,-16.310722],[33.714728,-16.31072],[33.714729,-16.310991],[33.71501,-16.31099],[33.715012,-16.311532],[33.715573,-16.31153],[33.715574,-16.311802],[33.716137,-16.312071],[33.716422,-16.313155],[33.715018,-16.313159],[33.714735,-16.312618],[33.713611,-16.312351],[33.71361,-16.31208],[33.713329,-16.31208],[33.713328,-16.311809],[33.713047,-16.31181],[33.713046,-16.311539],[33.712483,-16.31127],[33.71248,-16.310456],[33.712761,-16.310455],[33.71276,-16.310184]],[[33.719791,-16.313143],[33.720072,-16.313142],[33.720073,-16.313414],[33.719792,-16.313414],[33.719791,-16.313143]],[[33.720074,-16.313685],[33.720355,-16.313684],[33.720358,-16.314497],[33.720077,-16.314498],[33.720074,-16.313685]],[[33.724006,-16.313671],[33.724286,-16.31367],[33.724287,-16.313941],[33.725972,-16.313936],[33.725973,-16.314207],[33.727098,-16.314474],[33.727099,-16.314745],[33.727379,-16.314744],[33.72738,-16.315016],[33.727661,-16.315015],[33.727662,-16.315286],[33.727943,-16.315285],[33.727944,-16.315556],[33.728507,-16.315825],[33.728509,-16.316368],[33.72879,-16.316367],[33.728791,-16.316638],[33.729353,-16.316907],[33.729355,-16.317449],[33.729636,-16.317448],[33.729639,-16.318262],[33.72992,-16.318261],[33.729925,-16.319617],[33.728801,-16.31935],[33.728799,-16.318807],[33.728518,-16.318808],[33.728517,-16.318537],[33.728236,-16.318538],[33.728235,-16.318267],[33.727954,-16.318268],[33.727671,-16.317726],[33.726829,-16.317729],[33.726828,-16.317458],[33.726266,-16.31746],[33.726265,-16.317189],[33.725141,-16.316922],[33.72514,-16.31665],[33.724859,-16.316651],[33.724858,-16.31638],[33.724295,-16.316111],[33.724293,-16.315569],[33.724013,-16.31557],[33.72401,-16.314756],[33.723729,-16.314757],[33.723726,-16.313943],[33.724007,-16.313942],[33.724006,-16.313671]],[[33.731044,-16.318528],[33.732448,-16.318523],[33.732731,-16.319065],[33.733854,-16.319061],[33.733856,-16.319603],[33.734137,-16.319602],[33.734138,-16.319874],[33.7347,-16.319872],[33.734701,-16.320143],[33.735263,-16.320141],[33.735264,-16.320412],[33.735544,-16.320411],[33.735546,-16.320953],[33.736109,-16.321223],[33.736111,-16.321765],[33.736392,-16.321764],[33.736394,-16.322306],[33.736675,-16.322305],[33.736678,-16.323119],[33.736959,-16.323118],[33.73696,-16.323389],[33.737241,-16.323388],[33.737242,-16.323659],[33.737804,-16.323929],[33.737806,-16.324471],[33.738369,-16.32474],[33.738371,-16.325282],[33.738652,-16.325281],[33.738653,-16.325553],[33.739215,-16.325822],[33.739218,-16.326364],[33.739498,-16.326363],[33.7395,-16.326906],[33.739781,-16.326905],[33.739783,-16.327447],[33.740064,-16.327446],[33.740067,-16.32826],[33.738944,-16.328264],[33.738943,-16.327992],[33.737818,-16.327725],[33.737817,-16.327454],[33.737537,-16.327455],[33.737254,-16.326913],[33.736692,-16.326915],[33.736691,-16.326644],[33.73641,-16.326645],[33.736409,-16.326374],[33.735847,-16.326105],[33.735844,-16.325562],[33.735564,-16.325563],[33.735563,-16.325292],[33.735282,-16.325293],[33.735281,-16.325022],[33.734718,-16.324753],[33.734433,-16.323669],[33.734152,-16.32367],[33.734151,-16.323399],[33.733871,-16.3234],[33.73387,-16.323129],[33.733589,-16.32313],[33.733588,-16.322858],[33.733307,-16.322859],[33.733306,-16.322588],[33.733025,-16.322589],[33.733024,-16.322318],[33.732743,-16.322319],[33.732742,-16.322048],[33.73218,-16.321779],[33.732177,-16.320965],[33.731896,-16.320966],[33.731894,-16.320424],[33.731613,-16.320425],[33.73161,-16.319611],[33.731329,-16.319612],[33.731044,-16.318528]],[[33.742332,-16.333133],[33.743175,-16.33313],[33.743176,-16.333401],[33.743737,-16.333399],[33.74374,-16.333942],[33.742897,-16.333945],[33.742896,-16.333673],[33.742615,-16.333674],[33.742332,-16.333133]],[[33.739808,-16.333955],[33.74065,-16.333952],[33.740651,-16.334224],[33.741214,-16.334493],[33.741216,-16.335035],[33.741497,-16.335034],[33.7415,-16.335848],[33.741781,-16.335847],[33.741783,-16.336389],[33.742064,-16.336388],[33.742067,-16.337202],[33.741786,-16.337203],[33.741785,-16.336931],[33.741504,-16.336932],[33.741503,-16.336661],[33.741222,-16.336662],[33.741221,-16.336391],[33.740658,-16.336122],[33.740656,-16.335579],[33.740376,-16.33558],[33.740375,-16.335309],[33.740094,-16.33531],[33.740092,-16.334768],[33.739811,-16.334769],[33.739808,-16.333955]],[[33.744037,-16.338279],[33.744879,-16.338276],[33.74488,-16.338548],[33.745442,-16.338546],[33.745445,-16.339359],[33.746007,-16.339357],[33.746008,-16.339628],[33.746289,-16.339627],[33.746572,-16.340169],[33.745729,-16.340172],[33.745728,-16.339901],[33.745447,-16.339902],[33.745446,-16.33963],[33.744883,-16.339361],[33.744881,-16.338819],[33.74432,-16.338821],[33.744037,-16.338279]],[[33.749943,-16.340428],[33.751067,-16.340695],[33.751069,-16.341238],[33.75135,-16.341237],[33.751352,-16.341779],[33.751633,-16.341778],[33.751635,-16.34232],[33.751916,-16.342319],[33.751919,-16.343133],[33.7522,-16.343132],[33.752208,-16.345301],[33.751928,-16.345302],[33.751932,-16.346387],[33.751651,-16.346388],[33.751653,-16.34693],[33.75109,-16.346661],[33.750805,-16.345577],[33.750524,-16.345578],[33.750523,-16.345307],[33.74996,-16.345038],[33.749956,-16.343953],[33.750237,-16.343952],[33.75023,-16.342054],[33.749949,-16.342055],[33.749946,-16.341242],[33.749665,-16.341243],[33.749663,-16.3407],[33.749944,-16.340699],[33.749943,-16.340428]],[[33.748825,-16.341788],[33.749667,-16.341785],[33.749669,-16.342327],[33.74995,-16.342326],[33.749955,-16.343682],[33.749674,-16.343683],[33.749675,-16.343954],[33.749114,-16.343956],[33.749112,-16.343414],[33.748831,-16.343415],[33.748828,-16.342601],[33.748547,-16.342602],[33.748545,-16.34206],[33.748826,-16.342059],[33.748825,-16.341788]],[[33.752212,-16.346115],[33.752773,-16.346113],[33.752778,-16.347469],[33.752217,-16.347471],[33.752212,-16.346115]]]}}]}