{"type":"FeatureCollection","features":[{"type":"Feature","properties":{"ano":2015,"camada":"agua","area_km2":0.0009},"geometry":{"type":"Polygon","coordinates":[[[33.757173,-16.026909],[33.757174,-16.027181],[33.757454,-16.02718],[33.757453,-16.026908],[33.757173,-16.026909]]]}},{"type":"Feature","properties":{"ano":2015,"camada":"agua","area_km2":0.0018},"geometry":{"type":"Polygon","coordinates":[[[33.751579,-16.030726],[33.751581,-16.031268],[33.751861,-16.031267],[33.751859,-16.030725],[33.751579,-16.030726]]]}},{"type":"Feature","properties":{"ano":2015,"camada":"agua","area_km2":0.0018},"geometry":{"type":"Polygon","coordinates":[[[33.7513,-16.031269],[33.751302,-16.031811],[33.751583,-16.03181],[33.751581,-16.031268],[33.7513,-16.031269]]]}},{"type":"Feature","properties":{"ano":2015,"camada":"agua","area_km2":0.0018},"geometry":{"type":"Polygon","coordinates":[[[33.724464,-16.054413],[33.724465,-16.054684],[33.725025,-16.054682],[33.725024,-16.054411],[33.724464,-16.054413]]]}},{"type":"Feature","properties":{"ano":2015,"camada":"agua","area_km2":0.0018},"geometry":{"type":"Polygon","coordinates":[[[33.726146,-16.054407],[33.726147,-16.054678],[33.726708,-16.054676],[33.726707,-16.054405],[33.726146,-16.054407]]]}},{"type":"Feature","properties":{"ano":2015,"camada":"agua","area_km2":0.0009},"geometry":{"type":"Polygon","coordinates":[[[33.719417,-16.054972],[33.719418,-16.055243],[33.719699,-16.055242],[33.719698,-16.054971],[33.719417,-16.054972]]]}},{"type":"Feature","properties":{"ano":2015,"camada":"agua","area_km2":0.0018},"geometry":{"type":"Polygon","coordinates":[[[33.718577,-16.055246],[33.718578,-16.055517],[33.719139,-16.055515],[33.719138,-16.055244],[33.718577,-16.055246]]]}},{"type":"Feature","properties":{"ano":2015,"camada":"agua","area_km2":0.0009},"geometry":{"type":"Polygon","coordinates":[[[33.718298,-16.055518],[33.718299,-16.055789],[33.718579,-16.055789],[33.718578,-16.055517],[33.718298,-16.055518]]]}},{"type":"Feature","properties":{"ano":2015,"camada":"agua","area_km2":0.0018},"geometry":{"type":"Polygon","coordinates":[[[33.717738,-16.055791],[33.717739,-16.056063],[33.718299,-16.056061],[33.718299,-16.055789],[33.717738,-16.055791]]]}},{"type":"Feature","properties":{"ano":2015,"camada":"agua","area_km2":0.0036},"geometry":{"type":"Polygon","coordinates":[[[33.716349,-16.059593],[33.716351,-16.060135],[33.71607,-16.060136],[33.716071,-16.060407],[33.716632,-16.060405],[33.716629,-16.059592],[33.716349,-16.059593]]]}},{"type":"Feature","properties":{"ano":2015,"camada":"agua","area_km2":0.0036},"geometry":{"type":"Polygon","coordinates":[[[33.715798,-16.062306],[33.715802,-16.063391],[33.716082,-16.06339],[33.716078,-16.062306],[33.715798,-16.062306]]]}},{"type":"Feature","properties":{"ano":2015,"camada":"agua","area_km2":0.0081},"geometry":{"type":"Polygon","coordinates":[[[33.715523,-16.063935],[33.715529,-16.065562],[33.715809,-16.065561],[33.715811,-16.066103],[33.716092,-16.066102],[33.716089,-16.065289],[33.715808,-16.06529],[33.715804,-16.063934],[33.715523,-16.063935]]]}},{"type":"Feature","properties":{"ano":2015,"camada":"agua","area_km2":0.0018},"geometry":{"type":"Polygon","coordinates":[[[33.715812,-16.066374],[33.715814,-16.066917],[33.716095,-16.066916],[33.716093,-16.066373],[33.715812,-16.066374]]]}},{"type":"Feature","properties":{"ano":2015,"camada":"agua","area_km2":0.0441},"geometry":{"type":"Polygon","coordinates":[[[33.71554,-16.068545],[33.715541,-16.068816],[33.71526,-16.068817],[33.715264,-16.069902],[33.714983,-16.069903],[33.714986,-16.070716],[33.714706,-16.070717],[33.714708,-16.071259],[33.714427,-16.07126],[33.714429,-16.071803],[33.714149,-16.071804],[33.714152,-16.072617],[33.713871,-16.072618],[33.713874,-16.073432],[33.713594,-16.073433],[33.713599,-16.074789],[33.713879,-16.074788],[33.713876,-16.073974],[33.714437,-16.073972],[33.714435,-16.07343],[33.714716,-16.073429],[33.714713,-16.072615],[33.714993,-16.072614],[33.71499,-16.071801],[33.715271,-16.0718],[33.715267,-16.070715],[33.715547,-16.070714],[33.715541,-16.069087],[33.715822,-16.069086],[33.71582,-16.068544],[33.71554,-16.068545]]]}},{"type":"Feature","properties":{"ano":2015,"camada":"agua","area_km2":0.0018},"geometry":{"type":"Polygon","coordinates":[[[33.713318,-16.07479],[33.71332,-16.075332],[33.7136,-16.075331],[33.713599,-16.074789],[33.713318,-16.07479]]]}},{"type":"Feature","properties":{"ano":2015,"camada":"agua","area_km2":0.0018},"geometry":{"type":"Polygon","coordinates":[[[33.713039,-16.075333],[33.713041,-16.075875],[33.713322,-16.075874],[33.71332,-16.075332],[33.713039,-16.075333]]]}},{"type":"Feature","properties":{"ano":2015,"camada":"agua","area_km2":0.0045},"geometry":{"type":"Polygon","coordinates":[[[33.712481,-16.076148],[33.712482,-16.07642],[33.712202,-16.07642],[33.712205,-16.077234],[33.712485,-16.077233],[33.712483,-16.076691],[33.712764,-16.07669],[33.712762,-16.076147],[33.712481,-16.076148]]]}},{"type":"Feature","properties":{"ano":2015,"camada":"agua","area_km2":0.0036},"geometry":{"type":"Polygon","coordinates":[[[33.711089,-16.078865],[33.711093,-16.07995],[33.711373,-16.079949],[33.711369,-16.078864],[33.711089,-16.078865]]]}},{"type":"Feature","properties":{"ano":2015,"camada":"agua","area_km2":0.0027},"geometry":{"type":"Polygon","coordinates":[[[33.710813,-16.080222],[33.710816,-16.081035],[33.711096,-16.081034],[33.711093,-16.080221],[33.710813,-16.080222]]]}},{"type":"Feature","properties":{"ano":2015,"camada":"agua","area_km2":0.0144},"geometry":{"type":"Polygon","coordinates":[[[33.710535,-16.081036],[33.710538,-16.08185],[33.710258,-16.081851],[33.710261,-16.082664],[33.70998,-16.082665],[33.709982,-16.083208],[33.709702,-16.083209],[33.709705,-16.084022],[33.709985,-16.084021],[33.710262,-16.082936],[33.710822,-16.082662],[33.710816,-16.081035],[33.710535,-16.081036]]]}},{"type":"Feature","properties":{"ano":2015,"camada":"agua","area_km2":0.0027},"geometry":{"type":"Polygon","coordinates":[[[33.602554,-16.083808],[33.602556,-16.084622],[33.602837,-16.084621],[33.602834,-16.083808],[33.602554,-16.083808]]]}},{"type":"Feature","properties":{"ano":2015,"camada":"agua","area_km2":0.0045},"geometry":{"type":"Polygon","coordinates":[[[33.709424,-16.084023],[33.709427,-16.084837],[33.709146,-16.084838],[33.709147,-16.085109],[33.709708,-16.085107],[33.709705,-16.084022],[33.709424,-16.084023]]]}},{"type":"Feature","properties":{"ano":2015,"camada":"agua","area_km2":0.0009},"geometry":{"type":"Polygon","coordinates":[[[33.709712,-16.086192],[33.709713,-16.086463],[33.709994,-16.086462],[33.709993,-16.086191],[33.709712,-16.086192]]]}},{"type":"Feature","properties":{"ano":2015,"camada":"agua","area_km2":0.0018},"geometry":{"type":"Polygon","coordinates":[[[33.709434,-16.086735],[33.709436,-16.087277],[33.709716,-16.087276],[33.709714,-16.086734],[33.709434,-16.086735]]]}},{"type":"Feature","properties":{"ano":2015,"camada":"agua","area_km2":0.0018},"geometry":{"type":"Polygon","coordinates":[[[33.709155,-16.087278],[33.709157,-16.087821],[33.709437,-16.08782],[33.709436,-16.087277],[33.709155,-16.087278]]]}},{"type":"Feature","properties":{"ano":2015,"camada":"agua","area_km2":0.0144},"geometry":{"type":"Polygon","coordinates":[[[33.708877,-16.087822],[33.708878,-16.088364],[33.708598,-16.088365],[33.708321,-16.089451],[33.708041,-16.089452],[33.708042,-16.089723],[33.707761,-16.089724],[33.707762,-16.089995],[33.707482,-16.089996],[33.707203,-16.090539],[33.707764,-16.090537],[33.707763,-16.090266],[33.708044,-16.090265],[33.708043,-16.089994],[33.708603,-16.089721],[33.708601,-16.089178],[33.708881,-16.089178],[33.708879,-16.088635],[33.70916,-16.088634],[33.709157,-16.087821],[33.708877,-16.087822]]]}},{"type":"Feature","properties":{"ano":2015,"camada":"agua","area_km2":0.0027},"geometry":{"type":"Polygon","coordinates":[[[33.706083,-16.091085],[33.706084,-16.091356],[33.706646,-16.091626],[33.706644,-16.091083],[33.706083,-16.091085]]]}},{"type":"Feature","properties":{"ano":2015,"camada":"agua","area_km2":0.0009},"geometry":{"type":"Polygon","coordinates":[[[33.688417,-16.09277],[33.688418,-16.093041],[33.688698,-16.09304],[33.688697,-16.092769],[33.688417,-16.09277]]]}},{"type":"Feature","properties":{"ano":2015,"camada":"agua","area_km2":0.0153},"geometry":{"type":"Polygon","coordinates":[[[33.689258,-16.092767],[33.689259,-16.093038],[33.690101,-16.093036],[33.690102,-16.093307],[33.692626,-16.093299],[33.692625,-16.093028],[33.691503,-16.093031],[33.691503,-16.09276],[33.689258,-16.092767]]]}},{"type":"Feature","properties":{"ano":2015,"camada":"agua","area_km2":0.0063},"geometry":{"type":"Polygon","coordinates":[[[33.694308,-16.092751],[33.69459,-16.093292],[33.695993,-16.093288],[33.695992,-16.093017],[33.69487,-16.09302],[33.694869,-16.092749],[33.694308,-16.092751]]]}},{"type":"Feature","properties":{"ano":2015,"camada":"agua","area_km2":0.0027},"geometry":{"type":"Polygon","coordinates":[[[33.693467,-16.093025],[33.693468,-16.093296],[33.694309,-16.093293],[33.694309,-16.093022],[33.693467,-16.093025]]]}},{"type":"Feature","properties":{"ano":2015,"camada":"agua","area_km2":0.0072},"geometry":{"type":"Polygon","coordinates":[[[33.686174,-16.093048],[33.686456,-16.09359],[33.687017,-16.093588],[33.687016,-16.093317],[33.687858,-16.093314],[33.687857,-16.093043],[33.686174,-16.093048]]]}},{"type":"Feature","properties":{"ano":2015,"camada":"agua","area_km2":0.0027},"geometry":{"type":"Polygon","coordinates":[[[33.697115,-16.093284],[33.697115,-16.093555],[33.697677,-16.093825],[33.697676,-16.093282],[33.697115,-16.093284]]]}},{"type":"Feature","properties":{"ano":2015,"camada":"agua","area_km2":0.0009},"geometry":{"type":"Polygon","coordinates":[[[33.684214,-16.094139],[33.684215,-16.094411],[33.684495,-16.09441],[33.684495,-16.094138],[33.684214,-16.094139]]]}},{"type":"Feature","properties":{"ano":2015,"camada":"agua","area_km2":0.0495},"geometry":{"type":"Polygon","coordinates":[[[33.704962,-16.09136],[33.704963,-16.091631],[33.704402,-16.091633],[33.704403,-16.091904],[33.704122,-16.091905],[33.704123,-16.092176],[33.703843,-16.092177],[33.703844,-16.092449],[33.703563,-16.092449],[33.703285,-16.092993],[33.702724,-16.092995],[33.702725,-16.093266],[33.702164,-16.093268],[33.702165,-16.093539],[33.701323,-16.093542],[33.701324,-16.093813],[33.699921,-16.093817],[33.699922,-16.094089],[33.699361,-16.09409],[33.699362,-16.094362],[33.699924,-16.094631],[33.699923,-16.09436],[33.701326,-16.094355],[33.701325,-16.094084],[33.702166,-16.094081],[33.702166,-16.09381],[33.703287,-16.093535],[33.703286,-16.093264],[33.703566,-16.093263],[33.703565,-16.092992],[33.703846,-16.092991],[33.704124,-16.092448],[33.704685,-16.092446],[33.704684,-16.092175],[33.704965,-16.092174],[33.704966,-16.092445],[33.705807,-16.092442],[33.705806,-16.092171],[33.706366,-16.091898],[33.706365,-16.091627],[33.705804,-16.091628],[33.705803,-16.091357],[33.704962,-16.09136]]]}},{"type":"Feature","properties":{"ano":2015,"camada":"agua","area_km2":0.0009},"geometry":{"type":"Polygon","coordinates":[[[33.683934,-16.094411],[33.683935,-16.094683],[33.684216,-16.094682],[33.684215,-16.094411],[33.683934,-16.094411]]]}},{"type":"Feature","properties":{"ano":2015,"camada":"agua","area_km2":0.0009},"geometry":{"type":"Polygon","coordinates":[[[33.698802,-16.094635],[33.698803,-16.094906],[33.699084,-16.094905],[33.699083,-16.094634],[33.698802,-16.094635]]]}},{"type":"Feature","properties":{"ano":2015,"camada":"agua","area_km2":0.0072},"geometry":{"type":"Polygon","coordinates":[[[33.683374,-16.094684],[33.683375,-16.094956],[33.683095,-16.094957],[33.683096,-16.095228],[33.682536,-16.095501],[33.682537,-16.096043],[33.682818,-16.096042],[33.682817,-16.095771],[33.683098,-16.09577],[33.683097,-16.095499],[33.683657,-16.095226],[33.683655,-16.094684],[33.683374,-16.094684]]]}},{"type":"Feature","properties":{"ano":2015,"camada":"agua","area_km2":0.0009},"geometry":{"type":"Polygon","coordinates":[[[33.682257,-16.096044],[33.682258,-16.096315],[33.682538,-16.096314],[33.682537,-16.096043],[33.682257,-16.096044]]]}},{"type":"Feature","properties":{"ano":2015,"camada":"agua","area_km2":0.0009},"geometry":{"type":"Polygon","coordinates":[[[33.681977,-16.096316],[33.681978,-16.096587],[33.682259,-16.096586],[33.682258,-16.096315],[33.681977,-16.096316]]]}},{"type":"Feature","properties":{"ano":2015,"camada":"agua","area_km2":0.0018},"geometry":{"type":"Polygon","coordinates":[[[33.681701,-16.097673],[33.681703,-16.098215],[33.681984,-16.098214],[33.681982,-16.097672],[33.681701,-16.097673]]]}},{"type":"Feature","properties":{"ano":2015,"camada":"agua","area_km2":0.0009},"geometry":{"type":"Polygon","coordinates":[[[33.682267,-16.099027],[33.682268,-16.099298],[33.682549,-16.099297],[33.682548,-16.099026],[33.682267,-16.099027]]]}},{"type":"Feature","properties":{"ano":2015,"camada":"agua","area_km2":0.0009},"geometry":{"type":"Polygon","coordinates":[[[33.681988,-16.099299],[33.681988,-16.09957],[33.682269,-16.099569],[33.682268,-16.099298],[33.681988,-16.099299]]]}},{"type":"Feature","properties":{"ano":2015,"camada":"agua","area_km2":0.0099},"geometry":{"type":"Polygon","coordinates":[[[33.681712,-16.100656],[33.681715,-16.101741],[33.681435,-16.101742],[33.681438,-16.102555],[33.681157,-16.102556],[33.681159,-16.103099],[33.681719,-16.102826],[33.681716,-16.102012],[33.681997,-16.102011],[33.681992,-16.100655],[33.681712,-16.100656]]]}},{"type":"Feature","properties":{"ano":2015,"camada":"agua","area_km2":0.0018},"geometry":{"type":"Polygon","coordinates":[[[33.666853,-16.103415],[33.666854,-16.103686],[33.667415,-16.103684],[33.667414,-16.103413],[33.666853,-16.103415]]]}},{"type":"Feature","properties":{"ano":2015,"camada":"agua","area_km2":0.0018},"geometry":{"type":"Polygon","coordinates":[[[33.679196,-16.103376],[33.679198,-16.103918],[33.679479,-16.103917],[33.679477,-16.103375],[33.679196,-16.103376]]]}},{"type":"Feature","properties":{"ano":2015,"camada":"agua","area_km2":0.0027},"geometry":{"type":"Polygon","coordinates":[[[33.673871,-16.104749],[33.673872,-16.10502],[33.674713,-16.105017],[33.674712,-16.104746],[33.673871,-16.104749]]]}},{"type":"Feature","properties":{"ano":2015,"camada":"agua","area_km2":0.0306},"geometry":{"type":"Polygon","coordinates":[[[33.680598,-16.1031],[33.6806,-16.103643],[33.680319,-16.103644],[33.68032,-16.103915],[33.679479,-16.103917],[33.67948,-16.104189],[33.678918,-16.10419],[33.678917,-16.103648],[33.678636,-16.103649],[33.678637,-16.10392],[33.677795,-16.103923],[33.677796,-16.104194],[33.677235,-16.104196],[33.677236,-16.104467],[33.676956,-16.104468],[33.676677,-16.105011],[33.677238,-16.105009],[33.677237,-16.104738],[33.679201,-16.104732],[33.6792,-16.104461],[33.679761,-16.104459],[33.67976,-16.104188],[33.681163,-16.104183],[33.681162,-16.103912],[33.680881,-16.103913],[33.680879,-16.103371],[33.68116,-16.10337],[33.681159,-16.103099],[33.680598,-16.1031]],[[33.678638,-16.104191],[33.678918,-16.10419],[33.678919,-16.104462],[33.678639,-16.104463],[33.678638,-16.104191]]]}},{"type":"Feature","properties":{"ano":2015,"camada":"agua","area_km2":0.0117},"geometry":{"type":"Polygon","coordinates":[[[33.671906,-16.104484],[33.671908,-16.105026],[33.67275,-16.105024],[33.672751,-16.105295],[33.673312,-16.105293],[33.673311,-16.105022],[33.673591,-16.105021],[33.673309,-16.104479],[33.671906,-16.104484]]]}},{"type":"Feature","properties":{"ano":2015,"camada":"agua","area_km2":0.0063},"geometry":{"type":"Polygon","coordinates":[[[33.663776,-16.105865],[33.663777,-16.106136],[33.663496,-16.106137],[33.663498,-16.10668],[33.664059,-16.106678],[33.664058,-16.106407],[33.664339,-16.106406],[33.664337,-16.105863],[33.663776,-16.105865]]]}},{"type":"Feature","properties":{"ano":2015,"camada":"agua","area_km2":0.0018},"geometry":{"type":"Polygon","coordinates":[[[33.662375,-16.106412],[33.662376,-16.106683],[33.662937,-16.106681],[33.662936,-16.10641],[33.662375,-16.106412]]]}},{"type":"Feature","properties":{"ano":2015,"camada":"agua","area_km2":0.0486},"geometry":{"type":"Polygon","coordinates":[[[33.657604,-16.105884],[33.657605,-16.106155],[33.656202,-16.10616],[33.656203,-16.106431],[33.655362,-16.106434],[33.655363,-16.106705],[33.654802,-16.106706],[33.654802,-16.106978],[33.655644,-16.106975],[33.655643,-16.106704],[33.659009,-16.106694],[33.659009,-16.106422],[33.659289,-16.106421],[33.65929,-16.106693],[33.660132,-16.10669],[33.660414,-16.107232],[33.661536,-16.107228],[33.661533,-16.106415],[33.660411,-16.106418],[33.66041,-16.106147],[33.659288,-16.10615],[33.659287,-16.105879],[33.657604,-16.105884]]]}},{"type":"Feature","properties":{"ano":2015,"camada":"agua","area_km2":0.0009},"geometry":{"type":"Polygon","coordinates":[[[33.654522,-16.106979],[33.654523,-16.10725],[33.654803,-16.107249],[33.654802,-16.106978],[33.654522,-16.106979]]]}},{"type":"Feature","properties":{"ano":2015,"camada":"agua","area_km2":0.0009},"geometry":{"type":"Polygon","coordinates":[[[33.654242,-16.107251],[33.654243,-16.107522],[33.654524,-16.107521],[33.654523,-16.10725],[33.654242,-16.107251]]]}},{"type":"Feature","properties":{"ano":2015,"camada":"agua","area_km2":0.0513},"geometry":{"type":"Polygon","coordinates":[[[33.653963,-16.107523],[33.653964,-16.107794],[33.653402,-16.107796],[33.653403,-16.108067],[33.653123,-16.108068],[33.653124,-16.108339],[33.652564,-16.108612],[33.652565,-16.109154],[33.652285,-16.109155],[33.652291,-16.111053],[33.65201,-16.111054],[33.652014,-16.112139],[33.651733,-16.11214],[33.651734,-16.112411],[33.651174,-16.112684],[33.651177,-16.113497],[33.650896,-16.113498],[33.650898,-16.114041],[33.651179,-16.11404],[33.651178,-16.113769],[33.651458,-16.113768],[33.651457,-16.113497],[33.651738,-16.113496],[33.651737,-16.113225],[33.652297,-16.112952],[33.652295,-16.112409],[33.652576,-16.112408],[33.652573,-16.111595],[33.652854,-16.111594],[33.652852,-16.111052],[33.652572,-16.111052],[33.652568,-16.109968],[33.653128,-16.109695],[33.653126,-16.109152],[33.653407,-16.109151],[33.653406,-16.10888],[33.653687,-16.108879],[33.653685,-16.108337],[33.654245,-16.108064],[33.654243,-16.107522],[33.653963,-16.107523]]]}},{"type":"Feature","properties":{"ano":2015,"camada":"agua","area_km2":0.0117},"geometry":{"type":"Polygon","coordinates":[[[33.650618,-16.114042],[33.650622,-16.115397],[33.651183,-16.115396],[33.651181,-16.114853],[33.651462,-16.114853],[33.65146,-16.11431],[33.651741,-16.114309],[33.65174,-16.114038],[33.651179,-16.11404],[33.651179,-16.114311],[33.650618,-16.114042]]]}},{"type":"Feature","properties":{"ano":2015,"camada":"agua","area_km2":0.0018},"geometry":{"type":"Polygon","coordinates":[[[33.650343,-16.115941],[33.650345,-16.116483],[33.650625,-16.116482],[33.650624,-16.11594],[33.650343,-16.115941]]]}},{"type":"Feature","properties":{"ano":2015,"camada":"agua","area_km2":0.0009},"geometry":{"type":"Polygon","coordinates":[[[33.650064,-16.116484],[33.650065,-16.116755],[33.650346,-16.116754],[33.650345,-16.116483],[33.650064,-16.116484]]]}},{"type":"Feature","properties":{"ano":2015,"camada":"agua","area_km2":0.0009},"geometry":{"type":"Polygon","coordinates":[[[33.649506,-16.117299],[33.649507,-16.11757],[33.649787,-16.11757],[33.649786,-16.117298],[33.649506,-16.117299]]]}},{"type":"Feature","properties":{"ano":2015,"camada":"agua","area_km2":0.0009},"geometry":{"type":"Polygon","coordinates":[[[33.648109,-16.118931],[33.648109,-16.119202],[33.64839,-16.119201],[33.648389,-16.11893],[33.648109,-16.118931]]]}},{"type":"Feature","properties":{"ano":2015,"camada":"agua","area_km2":0.0018},"geometry":{"type":"Polygon","coordinates":[[[33.647829,-16.119203],[33.647831,-16.119745],[33.648111,-16.119744],[33.648109,-16.119202],[33.647829,-16.119203]]]}},{"type":"Feature","properties":{"ano":2015,"camada":"agua","area_km2":0.0018},"geometry":{"type":"Polygon","coordinates":[[[33.646708,-16.119748],[33.646709,-16.12002],[33.64727,-16.120018],[33.64727,-16.119747],[33.646708,-16.119748]]]}},{"type":"Feature","properties":{"ano":2015,"camada":"agua","area_km2":0.0009},"geometry":{"type":"Polygon","coordinates":[[[33.64755,-16.119746],[33.647551,-16.120017],[33.647832,-16.120016],[33.647831,-16.119745],[33.64755,-16.119746]]]}},{"type":"Feature","properties":{"ano":2015,"camada":"agua","area_km2":0.0009},"geometry":{"type":"Polygon","coordinates":[[[33.646429,-16.120021],[33.64643,-16.120292],[33.64671,-16.120291],[33.646709,-16.12002],[33.646429,-16.120021]]]}},{"type":"Feature","properties":{"ano":2015,"camada":"agua","area_km2":0.0009},"geometry":{"type":"Polygon","coordinates":[[[33.647271,-16.120289],[33.647272,-16.12056],[33.647553,-16.120559],[33.647552,-16.120288],[33.647271,-16.120289]]]}},{"type":"Feature","properties":{"ano":2015,"camada":"agua","area_km2":0.0009},"geometry":{"type":"Polygon","coordinates":[[[33.646992,-16.120561],[33.646993,-16.120832],[33.647273,-16.120832],[33.647272,-16.12056],[33.646992,-16.120561]]]}},{"type":"Feature","properties":{"ano":2015,"camada":"agua","area_km2":0.0081},"geometry":{"type":"Polygon","coordinates":[[[33.645588,-16.120294],[33.645589,-16.120565],[33.645028,-16.120567],[33.644749,-16.12111],[33.645591,-16.121108],[33.645869,-16.120565],[33.646431,-16.120563],[33.64643,-16.120292],[33.645588,-16.120294]]]}},{"type":"Feature","properties":{"ano":2015,"camada":"agua","area_km2":0.0009},"geometry":{"type":"Polygon","coordinates":[[[33.499984,-16.121499],[33.499985,-16.12177],[33.500266,-16.121769],[33.500265,-16.121498],[33.499984,-16.121499]]]}},{"type":"Feature","properties":{"ano":2015,"camada":"agua","area_km2":0.0009},"geometry":{"type":"Polygon","coordinates":[[[33.645031,-16.121652],[33.645032,-16.121923],[33.645313,-16.121922],[33.645312,-16.121651],[33.645031,-16.121652]]]}},{"type":"Feature","properties":{"ano":2015,"camada":"agua","area_km2":0.0009},"geometry":{"type":"Polygon","coordinates":[[[33.644752,-16.121924],[33.644753,-16.122195],[33.645033,-16.122194],[33.645032,-16.121923],[33.644752,-16.121924]]]}},{"type":"Feature","properties":{"ano":2015,"camada":"agua","area_km2":0.0018},"geometry":{"type":"Polygon","coordinates":[[[33.513734,-16.122551],[33.513735,-16.122822],[33.514296,-16.122821],[33.514295,-16.122549],[33.513734,-16.122551]]]}},{"type":"Feature","properties":{"ano":2015,"camada":"agua","area_km2":0.0009},"geometry":{"type":"Polygon","coordinates":[[[33.514296,-16.122821],[33.514297,-16.123092],[33.514577,-16.123091],[33.514577,-16.12282],[33.514296,-16.122821]]]}},{"type":"Feature","properties":{"ano":2015,"camada":"agua","area_km2":0.0072},"geometry":{"type":"Polygon","coordinates":[[[33.514577,-16.123091],[33.514578,-16.123362],[33.515139,-16.123361],[33.51514,-16.123632],[33.516263,-16.123901],[33.515981,-16.123359],[33.51542,-16.12336],[33.515419,-16.123089],[33.514577,-16.123091]]]}},{"type":"Feature","properties":{"ano":2015,"camada":"agua","area_km2":0.009},"geometry":{"type":"Polygon","coordinates":[[[33.643631,-16.12247],[33.643632,-16.122741],[33.643352,-16.122742],[33.643354,-16.123555],[33.643635,-16.123554],[33.643633,-16.123012],[33.644475,-16.12301],[33.644474,-16.122738],[33.644754,-16.122738],[33.644753,-16.122466],[33.643631,-16.12247]]]}},{"type":"Feature","properties":{"ano":2015,"camada":"agua","area_km2":0.0009},"geometry":{"type":"Polygon","coordinates":[[[33.516543,-16.1239],[33.516544,-16.124171],[33.516825,-16.12417],[33.516824,-16.123899],[33.516543,-16.1239]]]}},{"type":"Feature","properties":{"ano":2015,"camada":"agua","area_km2":0.0018},"geometry":{"type":"Polygon","coordinates":[[[33.518228,-16.124438],[33.518229,-16.124709],[33.51879,-16.124708],[33.518789,-16.124437],[33.518228,-16.124438]]]}},{"type":"Feature","properties":{"ano":2015,"camada":"agua","area_km2":0.0009},"geometry":{"type":"Polygon","coordinates":[[[33.519912,-16.124705],[33.519913,-16.124977],[33.520193,-16.124976],[33.520193,-16.124705],[33.519912,-16.124705]]]}},{"type":"Feature","properties":{"ano":2015,"camada":"agua","area_km2":0.0036},"geometry":{"type":"Polygon","coordinates":[[[33.520755,-16.124974],[33.520755,-16.125246],[33.521878,-16.125243],[33.521877,-16.124972],[33.520755,-16.124974]]]}},{"type":"Feature","properties":{"ano":2015,"camada":"agua","area_km2":0.0018},"geometry":{"type":"Polygon","coordinates":[[[33.522157,-16.124971],[33.522158,-16.125242],[33.522719,-16.125241],[33.522719,-16.12497],[33.522157,-16.124971]]]}},{"type":"Feature","properties":{"ano":2015,"camada":"agua","area_km2":0.0027},"geometry":{"type":"Polygon","coordinates":[[[33.523561,-16.125239],[33.523562,-16.12551],[33.524403,-16.125508],[33.524403,-16.125237],[33.523561,-16.125239]]]}},{"type":"Feature","properties":{"ano":2015,"camada":"agua","area_km2":0.0009},"geometry":{"type":"Polygon","coordinates":[[[33.525526,-16.125505],[33.525526,-16.125776],[33.525807,-16.125776],[33.525806,-16.125504],[33.525526,-16.125505]]]}},{"type":"Feature","properties":{"ano":2015,"camada":"agua","area_km2":0.0009},"geometry":{"type":"Polygon","coordinates":[[[33.50028,-16.127464],[33.500281,-16.127735],[33.500561,-16.127735],[33.50056,-16.127464],[33.50028,-16.127464]]]}},{"type":"Feature","properties":{"ano":2015,"camada":"agua","area_km2":0.0009},"geometry":{"type":"Polygon","coordinates":[[[33.500561,-16.127735],[33.500562,-16.128006],[33.500842,-16.128005],[33.500842,-16.127734],[33.500561,-16.127735]]]}},{"type":"Feature","properties":{"ano":2015,"camada":"agua","area_km2":0.0405},"geometry":{"type":"Polygon","coordinates":[[[33.643074,-16.123556],[33.643076,-16.12437],[33.642796,-16.124371],[33.64252,-16.125999],[33.64224,-16.125999],[33.642242,-16.126542],[33.641961,-16.126543],[33.641964,-16.127356],[33.641683,-16.127357],[33.641687,-16.128442],[33.642248,-16.12844],[33.642247,-16.128169],[33.642807,-16.127896],[33.642805,-16.127354],[33.643086,-16.127353],[33.643078,-16.124912],[33.643359,-16.124911],[33.643354,-16.123555],[33.643074,-16.123556]]]}},{"type":"Feature","properties":{"ano":2015,"camada":"agua","area_km2":0.0054},"geometry":{"type":"Polygon","coordinates":[[[33.641974,-16.130611],[33.641975,-16.130882],[33.641694,-16.130883],[33.641696,-16.131425],[33.642258,-16.131694],[33.642255,-16.13061],[33.641974,-16.130611]]]}},{"type":"Feature","properties":{"ano":2015,"camada":"agua","area_km2":0.0018},"geometry":{"type":"Polygon","coordinates":[[[33.642258,-16.131694],[33.64226,-16.132237],[33.64254,-16.132236],[33.642539,-16.131694],[33.642258,-16.131694]]]}},{"type":"Feature","properties":{"ano":2015,"camada":"agua","area_km2":0.0009},"geometry":{"type":"Polygon","coordinates":[[[33.64254,-16.132236],[33.642541,-16.132507],[33.642822,-16.132506],[33.642821,-16.132235],[33.64254,-16.132236]]]}},{"type":"Feature","properties":{"ano":2015,"camada":"agua","area_km2":0.0981},"geometry":{"type":"Polygon","coordinates":[[[33.642822,-16.132506],[33.642824,-16.133049],[33.643104,-16.133048],[33.643387,-16.133589],[33.643948,-16.133588],[33.643949,-16.133859],[33.64479,-16.133856],[33.644791,-16.134128],[33.645072,-16.134127],[33.645073,-16.134669],[33.645354,-16.134668],[33.645355,-16.134939],[33.645917,-16.135209],[33.645919,-16.135751],[33.646199,-16.13575],[33.646201,-16.136293],[33.646482,-16.136292],[33.646488,-16.13819],[33.646207,-16.138191],[33.64621,-16.139005],[33.645649,-16.139278],[33.645934,-16.140362],[33.645653,-16.140362],[33.645654,-16.140634],[33.645373,-16.140634],[33.645374,-16.140906],[33.645094,-16.140907],[33.645094,-16.141178],[33.644534,-16.141451],[33.644538,-16.142535],[33.644257,-16.142536],[33.644261,-16.143621],[33.644541,-16.14362],[33.644818,-16.142535],[33.645099,-16.142534],[33.645098,-16.142262],[33.645658,-16.14199],[33.645656,-16.141176],[33.645936,-16.141175],[33.645934,-16.140633],[33.646215,-16.140632],[33.646214,-16.140361],[33.646774,-16.140088],[33.646772,-16.139274],[33.647052,-16.139273],[33.647044,-16.136833],[33.646764,-16.136834],[33.646758,-16.134935],[33.646477,-16.134936],[33.646476,-16.134665],[33.645635,-16.134667],[33.645632,-16.133854],[33.645351,-16.133855],[33.645069,-16.133313],[33.643947,-16.133317],[33.643946,-16.133045],[33.643385,-16.133047],[33.643384,-16.132776],[33.642822,-16.132506]]]}},{"type":"Feature","properties":{"ano":2015,"camada":"agua","area_km2":0.0099},"geometry":{"type":"Polygon","coordinates":[[[33.64398,-16.143622],[33.643981,-16.143893],[33.6437,-16.143894],[33.643704,-16.144979],[33.643984,-16.144978],[33.643986,-16.14552],[33.644267,-16.145519],[33.644261,-16.143621],[33.64398,-16.143622]]]}},{"type":"Feature","properties":{"ano":2015,"camada":"agua","area_km2":0.0306},"geometry":{"type":"Polygon","coordinates":[[[33.644267,-16.145519],[33.644269,-16.146062],[33.645393,-16.146601],[33.645677,-16.147685],[33.645957,-16.147684],[33.645958,-16.147955],[33.646239,-16.147954],[33.64624,-16.148225],[33.64652,-16.148224],[33.646521,-16.148496],[33.646802,-16.148495],[33.646803,-16.148766],[33.647365,-16.149035],[33.647362,-16.148222],[33.647081,-16.148223],[33.647081,-16.147952],[33.6468,-16.147952],[33.646799,-16.147681],[33.646237,-16.147412],[33.646234,-16.146598],[33.645954,-16.146599],[33.645671,-16.146057],[33.64511,-16.146059],[33.645109,-16.145788],[33.644548,-16.14579],[33.644547,-16.145518],[33.644267,-16.145519]]]}},{"type":"Feature","properties":{"ano":2015,"camada":"agua","area_km2":0.0018},"geometry":{"type":"Polygon","coordinates":[[[33.647646,-16.149306],[33.647648,-16.149848],[33.647928,-16.149847],[33.647927,-16.149305],[33.647646,-16.149306]]]}},{"type":"Feature","properties":{"ano":2015,"camada":"agua","area_km2":0.0036},"geometry":{"type":"Polygon","coordinates":[[[33.647928,-16.149847],[33.64793,-16.15039],[33.648491,-16.150388],[33.64849,-16.149846],[33.647928,-16.149847]]]}},{"type":"Feature","properties":{"ano":2015,"camada":"agua","area_km2":0.0009},"geometry":{"type":"Polygon","coordinates":[[[33.769704,-16.149985],[33.769705,-16.150256],[33.769986,-16.150255],[33.769985,-16.149984],[33.769704,-16.149985]]]}},{"type":"Feature","properties":{"ano":2015,"camada":"agua","area_km2":0.0009},"geometry":{"type":"Polygon","coordinates":[[[33.584801,-16.151657],[33.584801,-16.151928],[33.585082,-16.151928],[33.585081,-16.151656],[33.584801,-16.151657]]]}},{"type":"Feature","properties":{"ano":2015,"camada":"agua","area_km2":0.0018},"geometry":{"type":"Polygon","coordinates":[[[33.648777,-16.152014],[33.648779,-16.152557],[33.64906,-16.152556],[33.649058,-16.152013],[33.648777,-16.152014]]]}},{"type":"Feature","properties":{"ano":2015,"camada":"agua","area_km2":0.0666},"geometry":{"type":"Polygon","coordinates":[[[33.766903,-16.151351],[33.766908,-16.152435],[33.766627,-16.152436],[33.766633,-16.154064],[33.766914,-16.154063],[33.766915,-16.154334],[33.767757,-16.154331],[33.767756,-16.15406],[33.768317,-16.154058],[33.768315,-16.153515],[33.768595,-16.153514],[33.768593,-16.152972],[33.768874,-16.152971],[33.76915,-16.151885],[33.76887,-16.151886],[33.768587,-16.151345],[33.766903,-16.151351]]]}},{"type":"Feature","properties":{"ano":2015,"camada":"agua","area_km2":0.0045},"geometry":{"type":"Polygon","coordinates":[[[33.6471,-16.153918],[33.647101,-16.154189],[33.64682,-16.15419],[33.646541,-16.154733],[33.647103,-16.154731],[33.647102,-16.15446],[33.647382,-16.154459],[33.647381,-16.153917],[33.6471,-16.153918]]]}},{"type":"Feature","properties":{"ano":2015,"camada":"agua","area_km2":0.0009},"geometry":{"type":"Polygon","coordinates":[[[33.646261,-16.154734],[33.646262,-16.155005],[33.646542,-16.155004],[33.646541,-16.154733],[33.646261,-16.154734]]]}},{"type":"Feature","properties":{"ano":2015,"camada":"agua","area_km2":0.0009},"geometry":{"type":"Polygon","coordinates":[[[33.612611,-16.161884],[33.612612,-16.162156],[33.612892,-16.162155],[33.612892,-16.161884],[33.612611,-16.161884]]]}},{"type":"Feature","properties":{"ano":2015,"camada":"agua","area_km2":0.0711},"geometry":{"type":"Polygon","coordinates":[[[33.645702,-16.155549],[33.645706,-16.156634],[33.645425,-16.156635],[33.645428,-16.157448],[33.645147,-16.157449],[33.645151,-16.158534],[33.64487,-16.158535],[33.644875,-16.159891],[33.644313,-16.159892],[33.644315,-16.160435],[33.644034,-16.160436],[33.644035,-16.160707],[33.643755,-16.160708],[33.643756,-16.160979],[33.643475,-16.16098],[33.643476,-16.161251],[33.643195,-16.161252],[33.643196,-16.161523],[33.642916,-16.161524],[33.642916,-16.161795],[33.642356,-16.162068],[33.642358,-16.16261],[33.642077,-16.162611],[33.642078,-16.162882],[33.641798,-16.162883],[33.641519,-16.163426],[33.640397,-16.163701],[33.640118,-16.164244],[33.64096,-16.164242],[33.640959,-16.16397],[33.64124,-16.16397],[33.641241,-16.164241],[33.641802,-16.164239],[33.641801,-16.163968],[33.642082,-16.163967],[33.64208,-16.163425],[33.64264,-16.163152],[33.642638,-16.162609],[33.642919,-16.162609],[33.642918,-16.162337],[33.643199,-16.162337],[33.643198,-16.162065],[33.643479,-16.162065],[33.643478,-16.161793],[33.643758,-16.161792],[33.643757,-16.161521],[33.644038,-16.16152],[33.644037,-16.161249],[33.644318,-16.161248],[33.644317,-16.160977],[33.644877,-16.160704],[33.644875,-16.160162],[33.645156,-16.160161],[33.645154,-16.159619],[33.645435,-16.159618],[33.645433,-16.159075],[33.645714,-16.159075],[33.645712,-16.158532],[33.645993,-16.158531],[33.645992,-16.15826],[33.64543,-16.158262],[33.645429,-16.15772],[33.645989,-16.157447],[33.645707,-16.156905],[33.645987,-16.156904],[33.645984,-16.155819],[33.646264,-16.155819],[33.646263,-16.155547],[33.645702,-16.155549]]]}},{"type":"Feature","properties":{"ano":2015,"camada":"agua","area_km2":0.0108},"geometry":{"type":"Polygon","coordinates":[[[33.619351,-16.163492],[33.619353,-16.164306],[33.620476,-16.164574],[33.620192,-16.16349],[33.619351,-16.163492]]]}},{"type":"Feature","properties":{"ano":2015,"camada":"agua","area_km2":0.0009},"geometry":{"type":"Polygon","coordinates":[[[33.619916,-16.164846],[33.619917,-16.165118],[33.620198,-16.165117],[33.620197,-16.164846],[33.619916,-16.164846]]]}},{"type":"Feature","properties":{"ano":2015,"camada":"agua","area_km2":0.0144},"geometry":{"type":"Polygon","coordinates":[[[33.639557,-16.164246],[33.639558,-16.164517],[33.639277,-16.164518],[33.638998,-16.165061],[33.638437,-16.165063],[33.638158,-16.165606],[33.63872,-16.165604],[33.63872,-16.165876],[33.639001,-16.165875],[33.639,-16.165604],[33.639281,-16.165603],[33.63928,-16.165331],[33.63984,-16.165059],[33.639839,-16.164516],[33.640119,-16.164515],[33.640118,-16.164244],[33.639557,-16.164246]]]}},{"type":"Feature","properties":{"ano":2015,"camada":"agua","area_km2":0.0243},"geometry":{"type":"Polygon","coordinates":[[[33.781549,-16.165399],[33.781557,-16.167298],[33.782679,-16.167293],[33.782673,-16.165666],[33.782392,-16.165667],[33.782391,-16.165396],[33.781549,-16.165399]]]}},{"type":"Feature","properties":{"ano":2015,"camada":"agua","area_km2":0.0009},"geometry":{"type":"Polygon","coordinates":[[[33.633396,-16.168061],[33.633397,-16.168332],[33.633677,-16.168331],[33.633676,-16.16806],[33.633396,-16.168061]]]}},{"type":"Feature","properties":{"ano":2015,"camada":"agua","area_km2":0.0009},"geometry":{"type":"Polygon","coordinates":[[[33.63228,-16.170234],[33.632281,-16.170505],[33.632562,-16.170504],[33.632561,-16.170233],[33.63228,-16.170234]]]}},{"type":"Feature","properties":{"ano":2015,"camada":"agua","area_km2":0.0045},"geometry":{"type":"Polygon","coordinates":[[[33.798697,-16.1732],[33.79898,-16.173741],[33.799541,-16.173739],[33.799539,-16.173197],[33.798697,-16.1732]]]}},{"type":"Feature","properties":{"ano":2015,"camada":"agua","area_km2":0.0009},"geometry":{"type":"Polygon","coordinates":[[[33.798418,-16.173472],[33.798419,-16.173743],[33.7987,-16.173742],[33.798699,-16.173471],[33.798418,-16.173472]]]}},{"type":"Feature","properties":{"ano":2015,"camada":"agua","area_km2":0.0027},"geometry":{"type":"Polygon","coordinates":[[[33.671354,-16.190182],[33.671355,-16.190454],[33.672197,-16.190451],[33.672196,-16.19018],[33.671354,-16.190182]]]}},{"type":"Feature","properties":{"ano":2015,"camada":"agua","area_km2":0.0009},"geometry":{"type":"Polygon","coordinates":[[[33.670513,-16.190456],[33.670514,-16.190727],[33.670794,-16.190727],[33.670793,-16.190455],[33.670513,-16.190456]]]}},{"type":"Feature","properties":{"ano":2015,"camada":"agua","area_km2":0.0036},"geometry":{"type":"Polygon","coordinates":[[[33.670794,-16.190727],[33.670796,-16.191269],[33.671357,-16.191267],[33.671355,-16.190725],[33.670794,-16.190727]]]}},{"type":"Feature","properties":{"ano":2015,"camada":"agua","area_km2":0.0009},"geometry":{"type":"Polygon","coordinates":[[[33.636314,-16.203036],[33.636315,-16.203307],[33.636595,-16.203307],[33.636595,-16.203035],[33.636314,-16.203036]]]}},{"type":"Feature","properties":{"ano":2015,"camada":"agua","area_km2":0.0036},"geometry":{"type":"Polygon","coordinates":[[[33.661023,-16.206215],[33.661026,-16.207029],[33.661307,-16.207028],[33.661585,-16.206485],[33.661023,-16.206215]]]}},{"type":"Feature","properties":{"ano":2015,"camada":"agua","area_km2":0.0009},"geometry":{"type":"Polygon","coordinates":[[[33.644468,-16.207622],[33.644469,-16.207893],[33.64475,-16.207892],[33.644749,-16.207621],[33.644468,-16.207622]]]}},{"type":"Feature","properties":{"ano":2015,"camada":"agua","area_km2":0.0441},"geometry":{"type":"Polygon","coordinates":[[[33.644743,-16.205723],[33.644744,-16.205994],[33.644463,-16.205995],[33.644467,-16.207351],[33.644748,-16.20735],[33.644749,-16.207621],[33.64531,-16.207619],[33.645593,-16.208161],[33.645873,-16.20816],[33.645872,-16.207889],[33.646153,-16.207888],[33.646152,-16.207617],[33.646433,-16.207616],[33.646712,-16.207073],[33.647273,-16.207071],[33.647271,-16.206529],[33.64671,-16.20653],[33.646428,-16.205989],[33.646147,-16.20599],[33.645868,-16.206533],[33.645307,-16.206535],[33.645306,-16.206263],[33.645025,-16.206264],[33.645304,-16.205721],[33.644743,-16.205723]]]}},{"type":"Feature","properties":{"ano":2015,"camada":"agua","area_km2":0.0009},"geometry":{"type":"Polygon","coordinates":[[[33.644188,-16.207894],[33.644189,-16.208165],[33.64447,-16.208164],[33.644469,-16.207893],[33.644188,-16.207894]]]}},{"type":"Feature","properties":{"ano":2015,"camada":"agua","area_km2":0.0351},"geometry":{"type":"Polygon","coordinates":[[[33.640254,-16.206279],[33.640255,-16.206821],[33.640536,-16.20682],[33.640538,-16.207363],[33.6411,-16.207632],[33.641102,-16.208175],[33.641383,-16.208174],[33.641383,-16.208445],[33.642225,-16.208442],[33.642222,-16.207358],[33.642503,-16.207357],[33.642502,-16.207086],[33.642221,-16.207086],[33.641939,-16.206545],[33.641377,-16.206547],[33.641376,-16.206275],[33.640254,-16.206279]]]}},{"type":"Feature","properties":{"ano":2015,"camada":"agua","area_km2":0.0018},"geometry":{"type":"Polygon","coordinates":[[[33.645313,-16.208433],[33.645315,-16.208975],[33.645595,-16.208975],[33.645593,-16.208432],[33.645313,-16.208433]]]}},{"type":"Feature","properties":{"ano":2015,"camada":"agua","area_km2":0.0135},"geometry":{"type":"Polygon","coordinates":[[[33.643347,-16.208168],[33.643068,-16.208711],[33.642788,-16.208712],[33.642787,-16.208441],[33.642225,-16.208442],[33.642227,-16.208985],[33.642508,-16.208984],[33.642509,-16.209255],[33.64307,-16.209253],[33.643069,-16.208982],[33.643631,-16.20898],[33.64363,-16.208709],[33.64419,-16.208436],[33.644189,-16.208165],[33.643347,-16.208168]]]}},{"type":"Feature","properties":{"ano":2015,"camada":"agua","area_km2":0.0144},"geometry":{"type":"Polygon","coordinates":[[[33.67816,-16.210771],[33.678444,-16.211855],[33.678725,-16.211854],[33.678726,-16.212126],[33.679287,-16.212124],[33.679282,-16.210768],[33.67816,-16.210771]]]}},{"type":"Feature","properties":{"ano":2015,"camada":"agua","area_km2":0.0009},"geometry":{"type":"Polygon","coordinates":[[[33.637755,-16.214693],[33.637756,-16.214964],[33.638036,-16.214964],[33.638035,-16.214692],[33.637755,-16.214693]]]}},{"type":"Feature","properties":{"ano":2015,"camada":"agua","area_km2":0.0009},"geometry":{"type":"Polygon","coordinates":[[[33.638036,-16.214964],[33.638037,-16.215235],[33.638318,-16.215234],[33.638317,-16.214963],[33.638036,-16.214964]]]}},{"type":"Feature","properties":{"ano":2015,"camada":"agua","area_km2":0.0054},"geometry":{"type":"Polygon","coordinates":[[[33.638318,-16.215234],[33.638039,-16.215777],[33.639163,-16.216045],[33.639162,-16.215774],[33.638881,-16.215775],[33.63888,-16.215503],[33.638318,-16.215234]]]}},{"type":"Feature","properties":{"ano":2015,"camada":"agua","area_km2":0.0018},"geometry":{"type":"Polygon","coordinates":[[[33.639163,-16.216045],[33.639163,-16.216316],[33.639725,-16.216314],[33.639724,-16.216043],[33.639163,-16.216045]]]}},{"type":"Feature","properties":{"ano":2015,"camada":"agua","area_km2":0.0018},"geometry":{"type":"Polygon","coordinates":[[[33.671441,-16.215945],[33.671443,-16.216488],[33.671723,-16.216487],[33.671722,-16.215944],[33.671441,-16.215945]]]}},{"type":"Feature","properties":{"ano":2015,"camada":"agua","area_km2":0.0135},"geometry":{"type":"Polygon","coordinates":[[[33.639725,-16.216314],[33.639726,-16.216586],[33.640287,-16.216584],[33.640569,-16.217126],[33.642254,-16.21712],[33.642253,-16.216849],[33.641691,-16.216851],[33.64169,-16.21658],[33.640848,-16.216582],[33.640848,-16.216311],[33.639725,-16.216314]]]}},{"type":"Feature","properties":{"ano":2015,"camada":"agua","area_km2":0.0009},"geometry":{"type":"Polygon","coordinates":[[[33.625137,-16.218799],[33.625138,-16.21907],[33.625419,-16.219069],[33.625418,-16.218798],[33.625137,-16.218799]]]}},{"type":"Feature","properties":{"ano":2015,"camada":"agua","area_km2":0.0018},"geometry":{"type":"Polygon","coordinates":[[[33.626542,-16.219337],[33.626543,-16.219608],[33.627104,-16.219606],[33.627103,-16.219335],[33.626542,-16.219337]]]}},{"type":"Feature","properties":{"ano":2015,"camada":"agua","area_km2":0.0009},"geometry":{"type":"Polygon","coordinates":[[[33.650411,-16.222519],[33.650412,-16.222791],[33.650693,-16.22279],[33.650692,-16.222519],[33.650411,-16.222519]]]}},{"type":"Feature","properties":{"ano":2015,"camada":"agua","area_km2":0.0009},"geometry":{"type":"Polygon","coordinates":[[[33.659428,-16.232797],[33.659428,-16.233068],[33.659709,-16.233067],[33.659708,-16.232796],[33.659428,-16.232797]]]}},{"type":"Feature","properties":{"ano":2015,"camada":"agua","area_km2":0.0009},"geometry":{"type":"Polygon","coordinates":[[[33.659709,-16.233067],[33.65971,-16.233338],[33.659991,-16.233338],[33.65999,-16.233066],[33.659709,-16.233067]]]}},{"type":"Feature","properties":{"ano":2015,"camada":"agua","area_km2":0.0009},"geometry":{"type":"Polygon","coordinates":[[[33.659992,-16.233609],[33.659993,-16.23388],[33.660273,-16.233879],[33.660272,-16.233608],[33.659992,-16.233609]]]}},{"type":"Feature","properties":{"ano":2015,"camada":"agua","area_km2":0.0009},"geometry":{"type":"Polygon","coordinates":[[[33.660273,-16.233879],[33.660274,-16.23415],[33.660555,-16.234149],[33.660554,-16.233878],[33.660273,-16.233879]]]}},{"type":"Feature","properties":{"ano":2015,"camada":"agua","area_km2":0.0018},"geometry":{"type":"Polygon","coordinates":[[[33.666183,-16.2382],[33.666184,-16.238471],[33.666745,-16.238469],[33.666744,-16.238198],[33.666183,-16.2382]]]}},{"type":"Feature","properties":{"ano":2015,"camada":"agua","area_km2":0.0117},"geometry":{"type":"Polygon","coordinates":[[[33.668147,-16.237922],[33.668148,-16.238193],[33.667306,-16.238196],[33.667306,-16.238467],[33.668429,-16.238464],[33.668428,-16.238193],[33.670674,-16.238185],[33.670673,-16.237914],[33.668147,-16.237922]]]}},{"type":"Feature","properties":{"ano":2015,"camada":"agua","area_km2":0.0036},"geometry":{"type":"Polygon","coordinates":[[[33.670674,-16.238185],[33.670957,-16.238727],[33.671518,-16.238725],[33.671236,-16.238184],[33.670674,-16.238185]]]}},{"type":"Feature","properties":{"ano":2015,"camada":"agua","area_km2":0.0018},"geometry":{"type":"Polygon","coordinates":[[[33.671518,-16.238725],[33.671519,-16.238996],[33.67208,-16.238995],[33.672079,-16.238723],[33.671518,-16.238725]]]}},{"type":"Feature","properties":{"ano":2015,"camada":"agua","area_km2":0.0009},"geometry":{"type":"Polygon","coordinates":[[[33.672363,-16.239536],[33.672364,-16.239807],[33.672645,-16.239806],[33.672644,-16.239535],[33.672363,-16.239536]]]}},{"type":"Feature","properties":{"ano":2015,"camada":"agua","area_km2":0.0009},"geometry":{"type":"Polygon","coordinates":[[[33.672645,-16.239806],[33.672646,-16.240078],[33.672926,-16.240077],[33.672925,-16.239805],[33.672645,-16.239806]]]}},{"type":"Feature","properties":{"ano":2015,"camada":"agua","area_km2":0.0018},"geometry":{"type":"Polygon","coordinates":[[[33.672926,-16.240077],[33.672928,-16.240619],[33.673209,-16.240618],[33.673207,-16.240076],[33.672926,-16.240077]]]}},{"type":"Feature","properties":{"ano":2015,"camada":"agua","area_km2":0.0009},"geometry":{"type":"Polygon","coordinates":[[[33.664507,-16.240646],[33.664508,-16.240917],[33.664788,-16.240916],[33.664787,-16.240645],[33.664507,-16.240646]]]}},{"type":"Feature","properties":{"ano":2015,"camada":"agua","area_km2":0.0018},"geometry":{"type":"Polygon","coordinates":[[[33.673209,-16.240618],[33.673211,-16.24116],[33.673491,-16.24116],[33.67349,-16.240617],[33.673209,-16.240618]]]}},{"type":"Feature","properties":{"ano":2015,"camada":"agua","area_km2":0.0009},"geometry":{"type":"Polygon","coordinates":[[[33.665633,-16.241727],[33.665634,-16.241998],[33.665915,-16.241997],[33.665914,-16.241726],[33.665633,-16.241727]]]}},{"type":"Feature","properties":{"ano":2015,"camada":"agua","area_km2":0.0036},"geometry":{"type":"Polygon","coordinates":[[[33.673491,-16.24116],[33.673495,-16.242244],[33.673776,-16.242243],[33.673772,-16.241159],[33.673491,-16.24116]]]}},{"type":"Feature","properties":{"ano":2015,"camada":"agua","area_km2":0.0045},"geometry":{"type":"Polygon","coordinates":[[[33.673777,-16.242515],[33.673781,-16.243871],[33.674062,-16.24387],[33.674057,-16.242514],[33.673777,-16.242515]]]}},{"type":"Feature","properties":{"ano":2015,"camada":"agua","area_km2":0.0063},"geometry":{"type":"Polygon","coordinates":[[[33.665916,-16.242268],[33.665918,-16.242811],[33.665637,-16.242812],[33.66564,-16.243896],[33.665921,-16.243895],[33.665918,-16.243082],[33.666199,-16.243081],[33.666196,-16.242267],[33.665916,-16.242268]]]}},{"type":"Feature","properties":{"ano":2015,"camada":"agua","area_km2":0.0027},"geometry":{"type":"Polygon","coordinates":[[[33.66536,-16.243897],[33.665361,-16.244168],[33.66508,-16.244169],[33.665081,-16.24444],[33.665642,-16.244439],[33.66564,-16.243896],[33.66536,-16.243897]]]}},{"type":"Feature","properties":{"ano":2015,"camada":"agua","area_km2":0.0009},"geometry":{"type":"Polygon","coordinates":[[[33.6648,-16.244441],[33.664801,-16.244713],[33.665082,-16.244712],[33.665081,-16.24444],[33.6648,-16.244441]]]}},{"type":"Feature","properties":{"ano":2015,"camada":"agua","area_km2":0.0126},"geometry":{"type":"Polygon","coordinates":[[[33.673503,-16.244685],[33.673505,-16.245227],[33.673224,-16.245228],[33.673227,-16.246042],[33.672947,-16.246043],[33.672949,-16.246856],[33.672669,-16.246857],[33.672671,-16.247671],[33.672952,-16.24767],[33.67295,-16.247128],[33.673231,-16.247127],[33.673228,-16.246313],[33.673509,-16.246312],[33.673506,-16.245499],[33.673787,-16.245498],[33.673784,-16.244684],[33.673503,-16.244685]]]}},{"type":"Feature","properties":{"ano":2015,"camada":"agua","area_km2":0.0027},"geometry":{"type":"Polygon","coordinates":[[[33.672391,-16.247672],[33.672393,-16.248485],[33.672674,-16.248484],[33.672671,-16.247671],[33.672391,-16.247672]]]}},{"type":"Feature","properties":{"ano":2015,"camada":"agua","area_km2":0.0018},"geometry":{"type":"Polygon","coordinates":[[[33.672113,-16.248486],[33.672115,-16.249028],[33.672395,-16.249028],[33.672393,-16.248485],[33.672113,-16.248486]]]}},{"type":"Feature","properties":{"ano":2015,"camada":"agua","area_km2":0.0009},"geometry":{"type":"Polygon","coordinates":[[[33.679712,-16.254157],[33.679713,-16.254428],[33.679993,-16.254427],[33.679993,-16.254156],[33.679712,-16.254157]]]}},{"type":"Feature","properties":{"ano":2015,"camada":"agua","area_km2":0.0009},"geometry":{"type":"Polygon","coordinates":[[[33.679993,-16.254427],[33.679994,-16.254698],[33.680275,-16.254697],[33.680274,-16.254426],[33.679993,-16.254427]]]}},{"type":"Feature","properties":{"ano":2015,"camada":"agua","area_km2":0.0009},"geometry":{"type":"Polygon","coordinates":[[[33.682017,-16.271234],[33.682018,-16.271506],[33.682298,-16.271505],[33.682297,-16.271233],[33.682017,-16.271234]]]}},{"type":"Feature","properties":{"ano":2015,"camada":"agua","area_km2":0.0081},"geometry":{"type":"Polygon","coordinates":[[[33.688761,-16.273111],[33.688766,-16.274467],[33.689047,-16.274466],[33.689049,-16.275008],[33.68933,-16.275007],[33.689326,-16.273923],[33.689045,-16.273924],[33.689042,-16.27311],[33.688761,-16.273111]]]}},{"type":"Feature","properties":{"ano":2015,"camada":"agua","area_km2":0.0009},"geometry":{"type":"Polygon","coordinates":[[[33.689896,-16.276361],[33.689897,-16.276633],[33.690178,-16.276632],[33.690177,-16.276361],[33.689896,-16.276361]]]}},{"type":"Feature","properties":{"ano":2015,"camada":"agua","area_km2":0.0036},"geometry":{"type":"Polygon","coordinates":[[[33.690178,-16.276632],[33.690179,-16.277174],[33.690741,-16.277172],[33.690739,-16.27663],[33.690178,-16.276632]]]}},{"type":"Feature","properties":{"ano":2015,"camada":"agua","area_km2":0.0009},"geometry":{"type":"Polygon","coordinates":[[[33.690741,-16.277172],[33.690742,-16.277443],[33.691023,-16.277443],[33.691022,-16.277171],[33.690741,-16.277172]]]}},{"type":"Feature","properties":{"ano":2015,"camada":"agua","area_km2":0.0009},"geometry":{"type":"Polygon","coordinates":[[[33.689919,-16.28287],[33.68992,-16.283141],[33.6902,-16.28314],[33.690199,-16.282869],[33.689919,-16.28287]]]}},{"type":"Feature","properties":{"ano":2015,"camada":"agua","area_km2":0.0054},"geometry":{"type":"Polygon","coordinates":[[[33.6902,-16.28314],[33.690202,-16.283683],[33.690483,-16.283682],[33.690484,-16.283953],[33.691046,-16.284222],[33.691045,-16.28368],[33.690764,-16.283681],[33.690763,-16.28341],[33.6902,-16.28314]]]}},{"type":"Feature","properties":{"ano":2015,"camada":"agua","area_km2":0.0009},"geometry":{"type":"Polygon","coordinates":[[[33.712716,-16.297981],[33.712717,-16.298252],[33.712998,-16.298251],[33.712997,-16.29798],[33.712716,-16.297981]]]}},{"type":"Feature","properties":{"ano":2015,"camada":"agua","area_km2":0.0207},"geometry":{"type":"Polygon","coordinates":[[[33.712998,-16.298251],[33.712999,-16.298522],[33.71356,-16.29852],[33.713561,-16.298792],[33.713842,-16.298791],[33.714125,-16.299332],[33.71581,-16.299326],[33.715809,-16.299055],[33.715528,-16.299056],[33.715527,-16.298785],[33.714965,-16.298787],[33.714683,-16.298245],[33.712998,-16.298251]]]}},{"type":"Feature","properties":{"ano":2015,"camada":"agua","area_km2":0.0027},"geometry":{"type":"Polygon","coordinates":[[[33.716091,-16.299325],[33.716092,-16.299597],[33.716934,-16.299594],[33.716933,-16.299322],[33.716091,-16.299325]]]}},{"type":"Feature","properties":{"ano":2015,"camada":"agua","area_km2":0.0189},"geometry":{"type":"Polygon","coordinates":[[[33.716934,-16.299594],[33.716935,-16.299865],[33.717777,-16.299862],[33.717778,-16.300133],[33.718059,-16.300132],[33.71806,-16.300403],[33.718622,-16.300401],[33.718623,-16.300673],[33.719465,-16.30067],[33.719466,-16.300941],[33.720028,-16.300939],[33.720027,-16.300668],[33.719746,-16.300669],[33.719463,-16.300127],[33.718901,-16.300129],[33.718619,-16.299588],[33.716934,-16.299594]]]}},{"type":"Feature","properties":{"ano":2015,"camada":"agua","area_km2":0.0018},"geometry":{"type":"Polygon","coordinates":[[[33.720592,-16.301751],[33.720594,-16.302293],[33.720875,-16.302292],[33.720873,-16.30175],[33.720592,-16.301751]]]}},{"type":"Feature","properties":{"ano":2015,"camada":"agua","area_km2":0.0009},"geometry":{"type":"Polygon","coordinates":[[[33.719201,-16.305281],[33.719202,-16.305552],[33.719483,-16.305551],[33.719482,-16.30528],[33.719201,-16.305281]]]}},{"type":"Feature","properties":{"ano":2015,"camada":"agua","area_km2":0.0324},"geometry":{"type":"Polygon","coordinates":[[[33.717581,-16.323185],[33.717585,-16.324269],[33.717866,-16.324268],[33.717867,-16.32454],[33.718148,-16.324539],[33.718431,-16.32508],[33.718993,-16.325078],[33.718994,-16.325349],[33.719274,-16.325348],[33.719275,-16.32562],[33.719556,-16.325619],[33.719557,-16.32589],[33.719838,-16.325889],[33.719839,-16.32616],[33.72012,-16.326159],[33.720121,-16.32643],[33.720402,-16.326429],[33.720403,-16.3267],[33.720683,-16.3267],[33.720966,-16.327241],[33.721528,-16.327239],[33.721527,-16.326968],[33.721246,-16.326969],[33.721245,-16.326698],[33.720964,-16.326699],[33.720963,-16.326427],[33.720683,-16.326428],[33.720682,-16.326157],[33.720401,-16.326158],[33.7204,-16.325887],[33.720119,-16.325888],[33.720118,-16.325617],[33.719837,-16.325618],[33.719836,-16.325347],[33.719555,-16.325347],[33.719554,-16.325076],[33.718992,-16.324807],[33.71899,-16.324265],[33.718709,-16.324266],[33.718708,-16.323994],[33.718427,-16.323995],[33.718426,-16.323724],[33.718145,-16.323725],[33.718144,-16.323454],[33.717581,-16.323185]]]}},{"type":"Feature","properties":{"ano":2015,"camada":"agua","area_km2":0.0036},"geometry":{"type":"Polygon","coordinates":[[[33.721528,-16.327239],[33.721811,-16.32778],[33.722372,-16.327779],[33.72209,-16.327237],[33.721528,-16.327239]]]}},{"type":"Feature","properties":{"ano":2015,"camada":"agua","area_km2":0.0018},"geometry":{"type":"Polygon","coordinates":[[[33.722372,-16.327779],[33.722373,-16.32805],[33.722935,-16.328048],[33.722934,-16.327777],[33.722372,-16.327779]]]}},{"type":"Feature","properties":{"ano":2015,"camada":"agua","area_km2":0.0009},"geometry":{"type":"Polygon","coordinates":[[[33.722935,-16.328048],[33.722936,-16.328319],[33.723217,-16.328318],[33.723216,-16.328047],[33.722935,-16.328048]]]}},{"type":"Feature","properties":{"ano":2015,"camada":"agua","area_km2":0.0009},"geometry":{"type":"Polygon","coordinates":[[[33.723217,-16.328318],[33.723218,-16.328589],[33.723499,-16.328588],[33.723498,-16.328317],[33.723217,-16.328318]]]}},{"type":"Feature","properties":{"ano":2015,"camada":"agua","area_km2":0.0009},"geometry":{"type":"Polygon","coordinates":[[[33.723499,-16.328588],[33.7235,-16.328859],[33.723781,-16.328858],[33.72378,-16.328587],[33.723499,-16.328588]]]}},{"type":"Feature","properties":{"ano":2015,"camada":"agua","area_km2":0.0009},"geometry":{"type":"Polygon","coordinates":[[[33.724627,-16.32994],[33.724628,-16.330211],[33.724909,-16.33021],[33.724908,-16.329939],[33.724627,-16.32994]]]}},{"type":"Feature","properties":{"ano":2015,"camada":"agua","area_km2":0.0009},"geometry":{"type":"Polygon","coordinates":[[[33.724909,-16.33021],[33.72491,-16.330482],[33.725191,-16.330481],[33.72519,-16.33021],[33.724909,-16.33021]]]}},{"type":"Feature","properties":{"ano":2015,"camada":"agua","area_km2":0.0009},"geometry":{"type":"Polygon","coordinates":[[[33.725474,-16.331022],[33.725475,-16.331293],[33.725756,-16.331292],[33.725755,-16.331021],[33.725474,-16.331022]]]}},{"type":"Feature","properties":{"ano":2015,"camada":"agua","area_km2":0.0009},"geometry":{"type":"Polygon","coordinates":[[[33.725756,-16.331292],[33.725757,-16.331563],[33.726037,-16.331563],[33.726036,-16.331291],[33.725756,-16.331292]]]}},{"type":"Feature","properties":{"ano":2015,"camada":"agua","area_km2":0.0009},"geometry":{"type":"Polygon","coordinates":[[[33.726037,-16.331563],[33.726038,-16.331834],[33.726319,-16.331833],[33.726318,-16.331562],[33.726037,-16.331563]]]}},{"type":"Feature","properties":{"ano":2015,"camada":"agua","area_km2":0.0018},"geometry":{"type":"Polygon","coordinates":[[[33.726319,-16.331833],[33.72632,-16.332104],[33.726882,-16.332102],[33.726881,-16.331831],[33.726319,-16.331833]]]}},{"type":"Feature","properties":{"ano":2015,"camada":"agua","area_km2":0.0009},"geometry":{"type":"Polygon","coordinates":[[[33.726882,-16.332102],[33.726883,-16.332373],[33.727164,-16.332372],[33.727163,-16.332101],[33.726882,-16.332102]]]}},{"type":"Feature","properties":{"ano":2015,"camada":"agua","area_km2":0.0009},"geometry":{"type":"Polygon","coordinates":[[[33.727164,-16.332372],[33.727165,-16.332643],[33.727446,-16.332642],[33.727445,-16.332371],[33.727164,-16.332372]]]}},{"type":"Feature","properties":{"ano":2015,"camada":"agua","area_km2":0.0018},"geometry":{"type":"Polygon","coordinates":[[[33.727446,-16.332642],[33.727447,-16.332914],[33.728008,-16.332912],[33.728007,-16.33264],[33.727446,-16.332642]]]}},{"type":"Feature","properties":{"ano":2015,"camada":"agua","area_km2":0.0009},"geometry":{"type":"Polygon","coordinates":[[[33.728008,-16.332912],[33.728009,-16.333183],[33.72829,-16.333182],[33.728289,-16.332911],[33.728008,-16.332912]]]}},{"type":"Feature","properties":{"ano":2015,"camada":"agua","area_km2":0.0018},"geometry":{"type":"Polygon","coordinates":[[[33.728571,-16.333181],[33.728572,-16.333452],[33.729134,-16.33345],[33.729133,-16.333179],[33.728571,-16.333181]]]}},{"type":"Feature","properties":{"ano":2015,"camada":"agua","area_km2":0.0018},"geometry":{"type":"Polygon","coordinates":[[[33.729134,-16.33345],[33.729135,-16.333721],[33.729696,-16.333719],[33.729695,-16.333448],[33.729134,-16.33345]]]}},{"type":"Feature","properties":{"ano":2015,"camada":"agua","area_km2":0.0018},"geometry":{"type":"Polygon","coordinates":[[[33.729696,-16.333719],[33.729697,-16.333991],[33.730259,-16.333989],[33.730258,-16.333717],[33.729696,-16.333719]]]}},{"type":"Feature","properties":{"ano":2015,"camada":"agua","area_km2":0.0009},"geometry":{"type":"Polygon","coordinates":[[[33.73054,-16.333988],[33.730541,-16.334259],[33.730822,-16.334258],[33.730821,-16.333987],[33.73054,-16.333988]]]}},{"type":"Feature","properties":{"ano":2015,"camada":"agua","area_km2":0.0018},"geometry":{"type":"Polygon","coordinates":[[[33.731383,-16.334256],[33.731384,-16.334527],[33.731946,-16.334525],[33.731945,-16.334254],[33.731383,-16.334256]]]}},{"type":"Feature","properties":{"ano":2015,"camada":"agua","area_km2":0.009},"geometry":{"type":"Polygon","coordinates":[[[33.732227,-16.334524],[33.732228,-16.334795],[33.733071,-16.334792],[33.733072,-16.335064],[33.733914,-16.335061],[33.733915,-16.335332],[33.734477,-16.33533],[33.734194,-16.334789],[33.733351,-16.334791],[33.73335,-16.33452],[33.732227,-16.334524]]]}},{"type":"Feature","properties":{"ano":2015,"camada":"agua","area_km2":0.0018},"geometry":{"type":"Polygon","coordinates":[[[33.74995,-16.342326],[33.749952,-16.342869],[33.750233,-16.342868],[33.750231,-16.342325],[33.74995,-16.342326]]]}},{"type":"Feature","properties":{"ano":2015,"camada":"agua","area_km2":36.0468},"geometry":{"type":"Polygon","coordinates":[[[33.49936,-16.096278],[33.499423,-16.121229],[33.499984,-16.121499],[33.499983,-16.120956],[33.499702,-16.120957],[33.499698,-16.119058],[33.499978,-16.119058],[33.500257,-16.118515],[33.500819,-16.118513],[33.500819,-16.118785],[33.5011,-16.118784],[33.501101,-16.119326],[33.501382,-16.119326],[33.501387,-16.121495],[33.501107,-16.121496],[33.501107,-16.121767],[33.500266,-16.121769],[33.500266,-16.12204],[33.500547,-16.12204],[33.500547,-16.122311],[33.500828,-16.12231],[33.500829,-16.122581],[33.501109,-16.122581],[33.50111,-16.122852],[33.501672,-16.123122],[33.501674,-16.123935],[33.501954,-16.123935],[33.501957,-16.12502],[33.502238,-16.125019],[33.502239,-16.125561],[33.50252,-16.125561],[33.502804,-16.127187],[33.503085,-16.127186],[33.503086,-16.127729],[33.503367,-16.127728],[33.503368,-16.128271],[33.503649,-16.12827],[33.50365,-16.128812],[33.503931,-16.128812],[33.504217,-16.130981],[33.504497,-16.13098],[33.504498,-16.131251],[33.504778,-16.13125],[33.50506,-16.131792],[33.505622,-16.131791],[33.505622,-16.132062],[33.506745,-16.132331],[33.507027,-16.132872],[33.507869,-16.13287],[33.50787,-16.133142],[33.510395,-16.133136],[33.510395,-16.133407],[33.510957,-16.133677],[33.510959,-16.134219],[33.511239,-16.134218],[33.51124,-16.134489],[33.511802,-16.134759],[33.511803,-16.135302],[33.512365,-16.135572],[33.512366,-16.136114],[33.512647,-16.136113],[33.512648,-16.136384],[33.512928,-16.136384],[33.51321,-16.136926],[33.513771,-16.136924],[33.513772,-16.137195],[33.515175,-16.137192],[33.515174,-16.136921],[33.516577,-16.136917],[33.516576,-16.136646],[33.516857,-16.136646],[33.516858,-16.136917],[33.518541,-16.136913],[33.518542,-16.137184],[33.519103,-16.137182],[33.519104,-16.137454],[33.519666,-16.137724],[33.519667,-16.138266],[33.52079,-16.138534],[33.520791,-16.138806],[33.521071,-16.138805],[33.521072,-16.139076],[33.521353,-16.139075],[33.521353,-16.139347],[33.521634,-16.139346],[33.521916,-16.139888],[33.522477,-16.139886],[33.522759,-16.140428],[33.523601,-16.140426],[33.523602,-16.140697],[33.525285,-16.140693],[33.525284,-16.140422],[33.525565,-16.140421],[33.525566,-16.140692],[33.526688,-16.140689],[33.526689,-16.140961],[33.52753,-16.140959],[33.527531,-16.14123],[33.528653,-16.141227],[33.528654,-16.141498],[33.531179,-16.141492],[33.531179,-16.141221],[33.531459,-16.14122],[33.531738,-16.140677],[33.53258,-16.140675],[33.532579,-16.140404],[33.533702,-16.140401],[33.533701,-16.14013],[33.537629,-16.14012],[33.537628,-16.139849],[33.538751,-16.139846],[33.53875,-16.139575],[33.540433,-16.13957],[33.540433,-16.139299],[33.545203,-16.139287],[33.545203,-16.139558],[33.546045,-16.139556],[33.546046,-16.139827],[33.546607,-16.139826],[33.546608,-16.140097],[33.547449,-16.140095],[33.54745,-16.140366],[33.548572,-16.140363],[33.548573,-16.140634],[33.549415,-16.140632],[33.549416,-16.140903],[33.551099,-16.140899],[33.551378,-16.140356],[33.554746,-16.140618],[33.554745,-16.140347],[33.555587,-16.140345],[33.555586,-16.140074],[33.556147,-16.140072],[33.556147,-16.139801],[33.557269,-16.139798],[33.557268,-16.139527],[33.55811,-16.139525],[33.558109,-16.139254],[33.559793,-16.139249],[33.559792,-16.138978],[33.561195,-16.138974],[33.561195,-16.139245],[33.56316,-16.13924],[33.56316,-16.139511],[33.564844,-16.139507],[33.564843,-16.139236],[33.565965,-16.138962],[33.565963,-16.138419],[33.566244,-16.138419],[33.566523,-16.137875],[33.567925,-16.137872],[33.567926,-16.138143],[33.568207,-16.138142],[33.568206,-16.137871],[33.568487,-16.13787],[33.568487,-16.138141],[33.570451,-16.138136],[33.570452,-16.138407],[33.572136,-16.138674],[33.572137,-16.138945],[33.572418,-16.138944],[33.572419,-16.139216],[33.572699,-16.139215],[33.5727,-16.139486],[33.57298,-16.139485],[33.572981,-16.139757],[33.573262,-16.139756],[33.573263,-16.140027],[33.573543,-16.140026],[33.573544,-16.140297],[33.574106,-16.140567],[33.574107,-16.141109],[33.574388,-16.141109],[33.574389,-16.14138],[33.574669,-16.141379],[33.57467,-16.14165],[33.574951,-16.14165],[33.574952,-16.141921],[33.575232,-16.14192],[33.575233,-16.142191],[33.575795,-16.142461],[33.575796,-16.143003],[33.576358,-16.143002],[33.576358,-16.143273],[33.576639,-16.143272],[33.57664,-16.143543],[33.57692,-16.143543],[33.576921,-16.143814],[33.577202,-16.143813],[33.577203,-16.144084],[33.577483,-16.144084],[33.577484,-16.144355],[33.577764,-16.144354],[33.577765,-16.144625],[33.578046,-16.144624],[33.578047,-16.144896],[33.578609,-16.145165],[33.57861,-16.145708],[33.578891,-16.145707],[33.578892,-16.145978],[33.579172,-16.145977],[33.579173,-16.146249],[33.579453,-16.146248],[33.579454,-16.146519],[33.580016,-16.146789],[33.580018,-16.147331],[33.58058,-16.147601],[33.580581,-16.148143],[33.580862,-16.148142],[33.580863,-16.148413],[33.581143,-16.148413],[33.581144,-16.148684],[33.581425,-16.148683],[33.581426,-16.148954],[33.581706,-16.148954],[33.581707,-16.149225],[33.581987,-16.149224],[33.581988,-16.149495],[33.58255,-16.149765],[33.582552,-16.150307],[33.582832,-16.150306],[33.582833,-16.150578],[33.583114,-16.150577],[33.583396,-16.151119],[33.583957,-16.151117],[33.584239,-16.151659],[33.584801,-16.151657],[33.584799,-16.151115],[33.584518,-16.151115],[33.584796,-16.15003],[33.589005,-16.150018],[33.589005,-16.15029],[33.589286,-16.150289],[33.589287,-16.15056],[33.589567,-16.150559],[33.589568,-16.15083],[33.59013,-16.1511],[33.590132,-16.151642],[33.590412,-16.151642],[33.590414,-16.152184],[33.590695,-16.152183],[33.590696,-16.152726],[33.590977,-16.152725],[33.590698,-16.153268],[33.589856,-16.15327],[33.589855,-16.152999],[33.589013,-16.153001],[33.589013,-16.15273],[33.58789,-16.152733],[33.58789,-16.152462],[33.587328,-16.152464],[33.587328,-16.152193],[33.586205,-16.152196],[33.586204,-16.151924],[33.585363,-16.151927],[33.585363,-16.152198],[33.585925,-16.152196],[33.585925,-16.152468],[33.586767,-16.152465],[33.586768,-16.152736],[33.587329,-16.152735],[33.58733,-16.153006],[33.587891,-16.153005],[33.587892,-16.153276],[33.588453,-16.153274],[33.588454,-16.153545],[33.589015,-16.153544],[33.589016,-16.153815],[33.589858,-16.153813],[33.589858,-16.154084],[33.590981,-16.154081],[33.590982,-16.154352],[33.591544,-16.154622],[33.591828,-16.155706],[33.59239,-16.155975],[33.592392,-16.156789],[33.592673,-16.156788],[33.592956,-16.157872],[33.593237,-16.157871],[33.593238,-16.158142],[33.5938,-16.158412],[33.593801,-16.158954],[33.594363,-16.158953],[33.594363,-16.159224],[33.594644,-16.159223],[33.594645,-16.159495],[33.594925,-16.159494],[33.595208,-16.160035],[33.595769,-16.160034],[33.59577,-16.160305],[33.59605,-16.160304],[33.596051,-16.160575],[33.596332,-16.160575],[33.596333,-16.160846],[33.596613,-16.160845],[33.596614,-16.161116],[33.597176,-16.161386],[33.597178,-16.161928],[33.597458,-16.161927],[33.597459,-16.162199],[33.598021,-16.162468],[33.598023,-16.163011],[33.598303,-16.16301],[33.598304,-16.163281],[33.598585,-16.16328],[33.598586,-16.163551],[33.599148,-16.163821],[33.599149,-16.164363],[33.59943,-16.164363],[33.599431,-16.164634],[33.599993,-16.164903],[33.599994,-16.165446],[33.600275,-16.165445],[33.600279,-16.166801],[33.60056,-16.1668],[33.600844,-16.167884],[33.601406,-16.168154],[33.601691,-16.16978],[33.601972,-16.169779],[33.602256,-16.170863],[33.602818,-16.171133],[33.602819,-16.171675],[33.603381,-16.171945],[33.603383,-16.172487],[33.603664,-16.172487],[33.603666,-16.1733],[33.603947,-16.173299],[33.603948,-16.173842],[33.604229,-16.173841],[33.604231,-16.174383],[33.604511,-16.174382],[33.604519,-16.176823],[33.604799,-16.176822],[33.604802,-16.177636],[33.605082,-16.177635],[33.605086,-16.17872],[33.605366,-16.178719],[33.605368,-16.179262],[33.605649,-16.179261],[33.605651,-16.180074],[33.605932,-16.180074],[33.605933,-16.180616],[33.606214,-16.180615],[33.606216,-16.181158],[33.606496,-16.181157],[33.6065,-16.182241],[33.606219,-16.182242],[33.60622,-16.182513],[33.606501,-16.182513],[33.606502,-16.183055],[33.607063,-16.183053],[33.607064,-16.183325],[33.607345,-16.183324],[33.607347,-16.183866],[33.607627,-16.183865],[33.607628,-16.184137],[33.607909,-16.184136],[33.60791,-16.184407],[33.60819,-16.184406],[33.608191,-16.184677],[33.608472,-16.184677],[33.608472,-16.184948],[33.608753,-16.184947],[33.608754,-16.185218],[33.609316,-16.185488],[33.609319,-16.186301],[33.609599,-16.186301],[33.609883,-16.187385],[33.610164,-16.187384],[33.610446,-16.187925],[33.61157,-16.188193],[33.61157,-16.188464],[33.611851,-16.188464],[33.611852,-16.188735],[33.612132,-16.188734],[33.612133,-16.189005],[33.612414,-16.189004],[33.612415,-16.189276],[33.612695,-16.189275],[33.612696,-16.189546],[33.612977,-16.189545],[33.613259,-16.190087],[33.614383,-16.190355],[33.614384,-16.190626],[33.614664,-16.190625],[33.614665,-16.190896],[33.615227,-16.191166],[33.615229,-16.191708],[33.615509,-16.191707],[33.615793,-16.192791],[33.616356,-16.193061],[33.616356,-16.193332],[33.616076,-16.193333],[33.616079,-16.194418],[33.61636,-16.194417],[33.616364,-16.195773],[33.616645,-16.195772],[33.616648,-16.196857],[33.616367,-16.196858],[33.616381,-16.201197],[33.61582,-16.201198],[33.615825,-16.202825],[33.616105,-16.202825],[33.616107,-16.203367],[33.616388,-16.203366],[33.616389,-16.203909],[33.61667,-16.203908],[33.616671,-16.204179],[33.617232,-16.204177],[33.617233,-16.204449],[33.617514,-16.204448],[33.617796,-16.204989],[33.618357,-16.204988],[33.618358,-16.205259],[33.618639,-16.205258],[33.61864,-16.205529],[33.619202,-16.205799],[33.619204,-16.206341],[33.619484,-16.20634],[33.619486,-16.206883],[33.620048,-16.207152],[33.62005,-16.207695],[33.620331,-16.207694],[33.620332,-16.208236],[33.620613,-16.208235],[33.620615,-16.209049],[33.620896,-16.209048],[33.620898,-16.209591],[33.621178,-16.20959],[33.62118,-16.210132],[33.621461,-16.210131],[33.621463,-16.210674],[33.621743,-16.210673],[33.621746,-16.211486],[33.622026,-16.211486],[33.622028,-16.212028],[33.62259,-16.212298],[33.622874,-16.213381],[33.623155,-16.213381],[33.623156,-16.213652],[33.623437,-16.213651],[33.623437,-16.213922],[33.623718,-16.213921],[33.623719,-16.214193],[33.624,-16.214192],[33.624001,-16.214463],[33.624281,-16.214462],[33.624564,-16.215004],[33.625125,-16.215002],[33.625407,-16.215544],[33.625969,-16.215542],[33.626251,-16.216083],[33.626813,-16.216082],[33.626813,-16.216353],[33.628778,-16.216347],[33.628779,-16.216618],[33.62906,-16.216618],[33.629061,-16.216889],[33.629341,-16.216888],[33.629342,-16.217159],[33.629904,-16.217429],[33.629906,-16.217971],[33.630187,-16.21797],[33.630188,-16.218241],[33.630468,-16.218241],[33.630469,-16.218512],[33.63075,-16.218511],[33.630751,-16.218782],[33.631313,-16.219052],[33.631597,-16.220136],[33.631878,-16.220135],[33.631879,-16.220406],[33.632159,-16.220405],[33.632161,-16.220947],[33.632442,-16.220947],[33.632443,-16.221218],[33.633005,-16.221487],[33.633007,-16.22203],[33.633569,-16.222299],[33.633571,-16.222842],[33.633851,-16.222841],[33.633852,-16.223112],[33.634133,-16.223111],[33.634134,-16.223382],[33.634414,-16.223381],[33.634415,-16.223653],[33.634696,-16.223652],[33.634697,-16.223923],[33.635259,-16.224192],[33.635261,-16.224735],[33.635823,-16.225004],[33.635825,-16.225547],[33.636106,-16.225546],[33.636107,-16.226088],[33.63667,-16.226358],[33.636671,-16.2269],[33.637513,-16.226898],[33.637514,-16.227169],[33.638076,-16.227167],[33.638076,-16.227438],[33.638357,-16.227437],[33.63864,-16.227979],[33.639201,-16.227977],[33.639202,-16.228249],[33.639763,-16.228247],[33.639764,-16.228518],[33.640888,-16.228786],[33.64089,-16.229328],[33.64117,-16.229327],[33.641455,-16.230411],[33.641735,-16.23041],[33.641736,-16.230682],[33.642017,-16.230681],[33.642018,-16.230952],[33.64258,-16.231221],[33.642583,-16.232035],[33.642863,-16.232034],[33.642864,-16.232305],[33.643145,-16.232304],[33.643146,-16.232576],[33.643426,-16.232575],[33.643427,-16.232846],[33.64399,-16.233115],[33.644274,-16.234199],[33.644836,-16.234469],[33.644839,-16.235282],[33.645401,-16.235552],[33.645404,-16.236366],[33.645685,-16.236365],[33.645974,-16.239076],[33.646255,-16.239075],[33.646257,-16.239617],[33.646819,-16.239887],[33.646821,-16.240429],[33.647101,-16.240428],[33.647103,-16.240971],[33.647384,-16.24097],[33.647668,-16.242054],[33.647949,-16.242053],[33.64795,-16.242324],[33.648512,-16.242593],[33.648796,-16.243677],[33.649077,-16.243676],[33.64936,-16.244218],[33.650483,-16.244486],[33.650766,-16.245027],[33.651327,-16.245026],[33.651328,-16.245297],[33.651609,-16.245296],[33.65161,-16.245567],[33.651891,-16.245566],[33.651891,-16.245837],[33.652454,-16.246107],[33.652456,-16.24692],[33.652737,-16.24692],[33.652738,-16.247191],[33.653019,-16.24719],[33.653301,-16.247731],[33.654985,-16.247455],[33.654986,-16.247726],[33.655547,-16.247724],[33.655548,-16.247996],[33.655829,-16.247995],[33.65583,-16.248266],[33.65611,-16.248265],[33.656393,-16.248807],[33.656954,-16.248805],[33.656955,-16.249076],[33.658079,-16.249344],[33.65808,-16.249615],[33.658361,-16.249614],[33.658362,-16.249885],[33.658642,-16.249884],[33.658643,-16.250156],[33.658924,-16.250155],[33.659206,-16.250696],[33.659768,-16.250694],[33.65977,-16.251237],[33.66005,-16.251236],[33.660051,-16.251507],[33.660332,-16.251506],[33.660615,-16.252048],[33.661176,-16.252046],[33.661178,-16.252588],[33.661459,-16.252587],[33.66146,-16.252859],[33.66174,-16.252858],[33.661741,-16.253129],[33.662022,-16.253128],[33.662023,-16.253399],[33.662304,-16.253398],[33.662304,-16.25367],[33.662585,-16.253669],[33.662586,-16.25394],[33.663149,-16.254209],[33.663151,-16.255023],[33.663432,-16.255022],[33.663434,-16.255564],[33.663715,-16.255564],[33.663717,-16.256377],[33.663998,-16.256376],[33.664003,-16.258003],[33.664284,-16.258002],[33.664297,-16.261799],[33.664578,-16.261798],[33.664862,-16.262882],[33.665143,-16.262881],[33.665144,-16.263152],[33.665706,-16.263422],[33.665708,-16.263964],[33.665989,-16.263963],[33.66599,-16.264234],[33.66627,-16.264234],[33.666271,-16.264505],[33.666552,-16.264504],[33.666553,-16.264775],[33.666834,-16.264774],[33.666835,-16.265045],[33.667115,-16.265045],[33.667116,-16.265316],[33.667397,-16.265315],[33.667398,-16.265586],[33.667679,-16.265585],[33.66768,-16.265856],[33.668242,-16.266126],[33.668244,-16.266668],[33.668806,-16.266938],[33.668808,-16.26748],[33.669089,-16.267479],[33.669372,-16.26802],[33.669933,-16.268019],[33.669934,-16.26829],[33.671057,-16.268286],[33.671058,-16.268558],[33.671619,-16.268556],[33.671902,-16.269097],[33.673026,-16.269365],[33.673027,-16.269636],[33.673308,-16.269635],[33.673309,-16.269906],[33.673589,-16.269905],[33.673872,-16.270447],[33.674433,-16.270445],[33.674434,-16.270716],[33.674996,-16.270715],[33.674997,-16.270986],[33.675839,-16.270983],[33.67584,-16.271254],[33.676121,-16.271253],[33.676122,-16.271524],[33.676402,-16.271524],[33.676685,-16.272065],[33.677247,-16.272063],[33.677247,-16.272334],[33.677528,-16.272334],[33.677529,-16.272605],[33.67781,-16.272604],[33.677811,-16.272875],[33.678092,-16.272874],[33.678093,-16.273145],[33.678373,-16.273144],[33.678656,-16.273686],[33.678937,-16.273685],[33.678936,-16.273414],[33.679217,-16.273413],[33.679217,-16.273684],[33.679779,-16.273682],[33.679781,-16.274225],[33.680062,-16.274224],[33.680344,-16.274765],[33.680906,-16.274763],[33.680907,-16.275035],[33.681187,-16.275034],[33.68147,-16.275575],[33.682593,-16.275572],[33.682594,-16.275843],[33.683156,-16.275841],[33.683438,-16.276382],[33.684281,-16.27638],[33.684282,-16.276651],[33.684562,-16.27665],[33.684563,-16.276921],[33.684844,-16.27692],[33.685127,-16.277462],[33.685688,-16.27746],[33.685689,-16.277731],[33.686251,-16.277729],[33.686252,-16.278],[33.686532,-16.278],[33.686534,-16.278542],[33.687097,-16.278811],[33.687099,-16.279354],[33.687661,-16.279623],[33.687663,-16.280165],[33.687944,-16.280164],[33.687945,-16.280436],[33.688507,-16.280705],[33.688509,-16.281247],[33.68879,-16.281246],[33.688792,-16.281789],[33.689073,-16.281788],[33.689073,-16.282059],[33.689636,-16.282328],[33.689638,-16.282871],[33.689919,-16.28287],[33.689917,-16.282328],[33.69104,-16.282324],[33.691042,-16.282866],[33.691603,-16.282864],[33.691604,-16.283136],[33.692167,-16.283405],[33.69217,-16.284218],[33.69245,-16.284218],[33.692454,-16.285302],[33.693016,-16.2853],[33.693017,-16.285572],[33.693297,-16.285571],[33.693298,-16.285842],[33.693861,-16.286111],[33.693863,-16.286654],[33.694424,-16.286652],[33.694425,-16.286923],[33.694706,-16.286922],[33.694989,-16.287464],[33.69555,-16.287462],[33.695551,-16.287733],[33.695832,-16.287732],[33.695834,-16.288274],[33.696397,-16.288544],[33.696398,-16.289086],[33.696961,-16.289355],[33.696963,-16.289898],[33.697244,-16.289897],[33.697245,-16.290168],[33.697525,-16.290167],[33.697526,-16.290438],[33.698089,-16.290708],[33.698091,-16.29125],[33.698372,-16.291249],[33.698373,-16.29152],[33.698935,-16.29179],[33.698937,-16.292332],[33.699218,-16.292331],[33.69922,-16.292873],[33.6995,-16.292872],[33.699502,-16.293415],[33.699783,-16.293414],[33.699786,-16.294227],[33.700067,-16.294226],[33.700069,-16.294769],[33.70035,-16.294768],[33.700352,-16.29531],[33.700632,-16.295309],[33.700634,-16.295852],[33.700915,-16.295851],[33.7012,-16.296935],[33.701762,-16.297204],[33.701764,-16.297746],[33.702045,-16.297745],[33.702046,-16.298017],[33.702327,-16.298016],[33.702329,-16.298558],[33.702891,-16.298827],[33.702894,-16.299641],[33.703175,-16.29964],[33.703462,-16.301266],[33.703742,-16.301265],[33.703744,-16.301807],[33.704025,-16.301807],[33.704028,-16.30262],[33.704309,-16.302619],[33.704311,-16.303162],[33.704591,-16.303161],[33.70488,-16.305329],[33.705161,-16.305328],[33.705164,-16.306142],[33.705445,-16.306141],[33.705729,-16.307225],[33.70601,-16.307224],[33.706011,-16.307495],[33.706292,-16.307494],[33.706293,-16.307765],[33.706574,-16.307764],[33.706856,-16.308306],[33.707418,-16.308304],[33.707419,-16.308575],[33.708543,-16.308842],[33.708544,-16.309114],[33.708825,-16.309113],[33.708826,-16.309384],[33.709107,-16.309383],[33.709108,-16.309654],[33.709389,-16.309653],[33.70939,-16.309924],[33.70967,-16.309923],[33.709671,-16.310194],[33.709952,-16.310194],[33.709953,-16.310465],[33.710234,-16.310464],[33.710235,-16.310735],[33.710797,-16.311004],[33.710799,-16.311547],[33.711362,-16.311816],[33.711364,-16.312358],[33.711927,-16.312628],[33.711929,-16.31317],[33.712209,-16.313169],[33.71221,-16.31344],[33.712491,-16.313439],[33.712492,-16.31371],[33.712773,-16.313709],[33.712774,-16.313981],[33.713055,-16.31398],[33.713056,-16.314251],[33.713337,-16.31425],[33.713338,-16.314521],[33.713618,-16.31452],[33.713901,-16.315062],[33.715025,-16.315329],[33.715027,-16.315871],[33.715308,-16.31587],[33.715314,-16.317497],[33.715595,-16.317497],[33.715598,-16.31831],[33.715879,-16.318309],[33.715881,-16.318851],[33.716162,-16.318851],[33.716164,-16.319393],[33.716444,-16.319392],[33.716447,-16.320205],[33.716728,-16.320205],[33.716731,-16.321018],[33.717012,-16.321017],[33.717016,-16.322102],[33.717297,-16.322101],[33.717301,-16.323186],[33.717581,-16.323185],[33.717574,-16.321015],[33.717854,-16.321014],[33.718133,-16.320471],[33.717572,-16.320473],[33.717571,-16.320202],[33.717008,-16.319932],[33.717003,-16.318576],[33.716722,-16.318577],[33.716719,-16.317764],[33.716438,-16.317765],[33.716436,-16.317222],[33.716156,-16.317223],[33.716153,-16.31641],[33.715872,-16.316411],[33.71587,-16.315868],[33.716151,-16.315868],[33.71615,-16.315596],[33.717835,-16.315591],[33.718117,-16.316132],[33.71896,-16.316129],[33.718961,-16.3164],[33.719242,-16.316399],[33.719244,-16.316942],[33.719524,-16.316941],[33.719526,-16.317483],[33.719807,-16.317482],[33.719808,-16.317753],[33.720089,-16.317752],[33.72009,-16.318024],[33.720371,-16.318023],[33.720372,-16.318294],[33.720653,-16.318293],[33.720654,-16.318564],[33.720935,-16.318563],[33.720936,-16.318834],[33.721498,-16.319104],[33.721501,-16.319917],[33.721782,-16.319916],[33.722067,-16.321],[33.722348,-16.320999],[33.722349,-16.32127],[33.722629,-16.321269],[33.72263,-16.32154],[33.722911,-16.321539],[33.722912,-16.321811],[33.723193,-16.32181],[33.723194,-16.322081],[33.723757,-16.32235],[33.723759,-16.322892],[33.72404,-16.322891],[33.724041,-16.323163],[33.724321,-16.323162],[33.724604,-16.323703],[33.725166,-16.323701],[33.725167,-16.323972],[33.725448,-16.323971],[33.725449,-16.324243],[33.72573,-16.324242],[33.726012,-16.324783],[33.726574,-16.324781],[33.726575,-16.325052],[33.727138,-16.325321],[33.72714,-16.325864],[33.727421,-16.325863],[33.727422,-16.326134],[33.727984,-16.326403],[33.727986,-16.326946],[33.728267,-16.326945],[33.728552,-16.328028],[33.728833,-16.328027],[33.728834,-16.328299],[33.729115,-16.328298],[33.729116,-16.328569],[33.729396,-16.328568],[33.729397,-16.328839],[33.729678,-16.328838],[33.729679,-16.329109],[33.72996,-16.329108],[33.729961,-16.32938],[33.730242,-16.329379],[33.730243,-16.32965],[33.730524,-16.329649],[33.730525,-16.32992],[33.730806,-16.329919],[33.730807,-16.33019],[33.731087,-16.330189],[33.731088,-16.33046],[33.731369,-16.330459],[33.731652,-16.331001],[33.732777,-16.331268],[33.732778,-16.331539],[33.733058,-16.331538],[33.733059,-16.331809],[33.73334,-16.331808],[33.733341,-16.33208],[33.733622,-16.332079],[33.733623,-16.33235],[33.733904,-16.332349],[33.733905,-16.33262],[33.734186,-16.332619],[33.734187,-16.33289],[33.734468,-16.332889],[33.734469,-16.33316],[33.735031,-16.33343],[33.735033,-16.333972],[33.735314,-16.333971],[33.735316,-16.334513],[33.735597,-16.334512],[33.735598,-16.334784],[33.735317,-16.334785],[33.735319,-16.335327],[33.734477,-16.33533],[33.734478,-16.335601],[33.735039,-16.335599],[33.73504,-16.33587],[33.735603,-16.33614],[33.735605,-16.336682],[33.736168,-16.336951],[33.73617,-16.337493],[33.736451,-16.337493],[33.736452,-16.337764],[33.737014,-16.337762],[33.737015,-16.338033],[33.737857,-16.33803],[33.737858,-16.338301],[33.73842,-16.338299],[33.738421,-16.33857],[33.738984,-16.33884],[33.738987,-16.339653],[33.739549,-16.339922],[33.739552,-16.340736],[33.739833,-16.340735],[33.739839,-16.342362],[33.74012,-16.342361],[33.740128,-16.34453],[33.740409,-16.344529],[33.740411,-16.345072],[33.740692,-16.345071],[33.740691,-16.3448],[33.741816,-16.345067],[33.741818,-16.345609],[33.74238,-16.345878],[33.742382,-16.346421],[33.742663,-16.34642],[33.742948,-16.347504],[33.743229,-16.347503],[33.743512,-16.348044],[33.744636,-16.348311],[33.744638,-16.348582],[33.744918,-16.348581],[33.744919,-16.348853],[33.7452,-16.348852],[33.745201,-16.349123],[33.745764,-16.349392],[33.745767,-16.350205],[33.746048,-16.350204],[33.746053,-16.35156],[33.75476,-16.351529],[33.754759,-16.351258],[33.754196,-16.350989],[33.754193,-16.350175],[33.753912,-16.350176],[33.753911,-16.349905],[33.754192,-16.349904],[33.754189,-16.349091],[33.75447,-16.34909],[33.754469,-16.348819],[33.75475,-16.348818],[33.754749,-16.348546],[33.755309,-16.348273],[33.755298,-16.34529],[33.755017,-16.345291],[33.755015,-16.344749],[33.754734,-16.34475],[33.754731,-16.343936],[33.75445,-16.343937],[33.754445,-16.342581],[33.754164,-16.342582],[33.754163,-16.342311],[33.753882,-16.342312],[33.75388,-16.34177],[33.753599,-16.341771],[33.753598,-16.3415],[33.753317,-16.341501],[33.753316,-16.34123],[33.753035,-16.341231],[33.753034,-16.340959],[33.752753,-16.34096],[33.752752,-16.340689],[33.752472,-16.34069],[33.752471,-16.340419],[33.751908,-16.34015],[33.751906,-16.339607],[33.751343,-16.339338],[33.751341,-16.338796],[33.75106,-16.338797],[33.751059,-16.338526],[33.750496,-16.338257],[33.750493,-16.337443],[33.750212,-16.337444],[33.749927,-16.33636],[33.749647,-16.336361],[33.749646,-16.33609],[33.749365,-16.336091],[33.749364,-16.33582],[33.748801,-16.335551],[33.748516,-16.334467],[33.748235,-16.334468],[33.748234,-16.334197],[33.747953,-16.334198],[33.74767,-16.333656],[33.747109,-16.333658],[33.747108,-16.333387],[33.746827,-16.333388],[33.746826,-16.333117],[33.746545,-16.333118],[33.746262,-16.332577],[33.7457,-16.332579],[33.745699,-16.332308],[33.745418,-16.332309],[33.745417,-16.332037],[33.745137,-16.332038],[33.745136,-16.331767],[33.744855,-16.331768],[33.744854,-16.331497],[33.744573,-16.331498],[33.744572,-16.331227],[33.744291,-16.331228],[33.74429,-16.330957],[33.744009,-16.330958],[33.744008,-16.330686],[33.743727,-16.330687],[33.743444,-16.330146],[33.742883,-16.330148],[33.742882,-16.329877],[33.742601,-16.329878],[33.7426,-16.329607],[33.742319,-16.329608],[33.742318,-16.329336],[33.742037,-16.329337],[33.742036,-16.329066],[33.741473,-16.328797],[33.741471,-16.328255],[33.74119,-16.328256],[33.741188,-16.327713],[33.740626,-16.327444],[33.740624,-16.326902],[33.740343,-16.326903],[33.740058,-16.325819],[33.739777,-16.32582],[33.739776,-16.325549],[33.739213,-16.32528],[33.73921,-16.324466],[33.73893,-16.324467],[33.738926,-16.323653],[33.738646,-16.323654],[33.738644,-16.323112],[33.738363,-16.323113],[33.738078,-16.322029],[33.737797,-16.32203],[33.737796,-16.321759],[33.737515,-16.32176],[33.737514,-16.321489],[33.737233,-16.32149],[33.737232,-16.321219],[33.736952,-16.32122],[33.736951,-16.320948],[33.73667,-16.320949],[33.736669,-16.320678],[33.736388,-16.320679],[33.736105,-16.320138],[33.735543,-16.32014],[33.735542,-16.319869],[33.735262,-16.31987],[33.735261,-16.319598],[33.73498,-16.319599],[33.734697,-16.319058],[33.734135,-16.31906],[33.734133,-16.318518],[33.733852,-16.318519],[33.733851,-16.318247],[33.733571,-16.318248],[33.73357,-16.317977],[33.733289,-16.317978],[33.733288,-16.317707],[33.733007,-16.317708],[33.733006,-16.317437],[33.732725,-16.317438],[33.732724,-16.317167],[33.732443,-16.317168],[33.732442,-16.316896],[33.732161,-16.316897],[33.73216,-16.316626],[33.73188,-16.316627],[33.731597,-16.316086],[33.731035,-16.316088],[33.731034,-16.315817],[33.730753,-16.315817],[33.730752,-16.315546],[33.730191,-16.315548],[33.73019,-16.315277],[33.729347,-16.31528],[33.729346,-16.315009],[33.729065,-16.31501],[33.729063,-16.314467],[33.728783,-16.314468],[33.728781,-16.313926],[33.7285,-16.313927],[33.728217,-16.313386],[33.727655,-16.313388],[33.727372,-16.312846],[33.725687,-16.312581],[33.725686,-16.31231],[33.725124,-16.312311],[33.725123,-16.31204],[33.72456,-16.311771],[33.724558,-16.311229],[33.724277,-16.31123],[33.724274,-16.310416],[33.723994,-16.310417],[33.723992,-16.309875],[33.723711,-16.309876],[33.723709,-16.309333],[33.723428,-16.309334],[33.723425,-16.308521],[33.723144,-16.308522],[33.72314,-16.307437],[33.722578,-16.307168],[33.722575,-16.306354],[33.722294,-16.306355],[33.722291,-16.305542],[33.72201,-16.305542],[33.722005,-16.304187],[33.721724,-16.304188],[33.721721,-16.303374],[33.721441,-16.303375],[33.721156,-16.302291],[33.720875,-16.302292],[33.720596,-16.302835],[33.720315,-16.302836],[33.720314,-16.302565],[33.719472,-16.302568],[33.719474,-16.30311],[33.718352,-16.303385],[33.718351,-16.303114],[33.71807,-16.303115],[33.718069,-16.302844],[33.717788,-16.302845],[33.717787,-16.302574],[33.717506,-16.302575],[33.717505,-16.302304],[33.717225,-16.302305],[33.716942,-16.301763],[33.716099,-16.301766],[33.716098,-16.301495],[33.715256,-16.301498],[33.715255,-16.301226],[33.714693,-16.301228],[33.714692,-16.300957],[33.71413,-16.300688],[33.714128,-16.300146],[33.713847,-16.300146],[33.713846,-16.299875],[33.713565,-16.299876],[33.713283,-16.299335],[33.712721,-16.299337],[33.71272,-16.299066],[33.712157,-16.298796],[33.712156,-16.298254],[33.711875,-16.298255],[33.711874,-16.297984],[33.712716,-16.297981],[33.712715,-16.29771],[33.712154,-16.297712],[33.712153,-16.29744],[33.711591,-16.297442],[33.711308,-16.296901],[33.710747,-16.296903],[33.710464,-16.296361],[33.70934,-16.296094],[33.709339,-16.295823],[33.709058,-16.295824],[33.709057,-16.295552],[33.708776,-16.295553],[33.708775,-16.295282],[33.708494,-16.295283],[33.708493,-16.295012],[33.707931,-16.294743],[33.707929,-16.2942],[33.707366,-16.293931],[33.707364,-16.293389],[33.707084,-16.29339],[33.707082,-16.292847],[33.706801,-16.292848],[33.706798,-16.292035],[33.706517,-16.292035],[33.706515,-16.291493],[33.705953,-16.291224],[33.705951,-16.290681],[33.70567,-16.290682],[33.705669,-16.290411],[33.705388,-16.290412],[33.705386,-16.28987],[33.704824,-16.2896],[33.704822,-16.289058],[33.704541,-16.289059],[33.704538,-16.288245],[33.704257,-16.288246],[33.704255,-16.287704],[33.703975,-16.287705],[33.703971,-16.28662],[33.70369,-16.286621],[33.703687,-16.285808],[33.703406,-16.285809],[33.703398,-16.283368],[33.703117,-16.283369],[33.702828,-16.2812],[33.702548,-16.281201],[33.702545,-16.280388],[33.702264,-16.280389],[33.702261,-16.279575],[33.70198,-16.279576],[33.701977,-16.278762],[33.701697,-16.278763],[33.701695,-16.278221],[33.701414,-16.278222],[33.701129,-16.277138],[33.700849,-16.277139],[33.700848,-16.276868],[33.700567,-16.276869],[33.700284,-16.276327],[33.699723,-16.276329],[33.69944,-16.275788],[33.698878,-16.27579],[33.698877,-16.275518],[33.698597,-16.275519],[33.698596,-16.275248],[33.698315,-16.275249],[33.698314,-16.274978],[33.698033,-16.274979],[33.698032,-16.274708],[33.697752,-16.274709],[33.697751,-16.274437],[33.697188,-16.274168],[33.697186,-16.273626],[33.696905,-16.273627],[33.696904,-16.273355],[33.696624,-16.273356],[33.696623,-16.273085],[33.69606,-16.272816],[33.696058,-16.272273],[33.695778,-16.272274],[33.695777,-16.272003],[33.695496,-16.272004],[33.695495,-16.271733],[33.695214,-16.271734],[33.695213,-16.271463],[33.694932,-16.271464],[33.694931,-16.271192],[33.694651,-16.271193],[33.69465,-16.270922],[33.694369,-16.270923],[33.694368,-16.270652],[33.694087,-16.270653],[33.694086,-16.270382],[33.693806,-16.270383],[33.693523,-16.269841],[33.692961,-16.269843],[33.69296,-16.269572],[33.69268,-16.269573],[33.692679,-16.269301],[33.692398,-16.269302],[33.692397,-16.269031],[33.691835,-16.268762],[33.691833,-16.268219],[33.691552,-16.26822],[33.69155,-16.267678],[33.691831,-16.267677],[33.69183,-16.267406],[33.69239,-16.267133],[33.692389,-16.266591],[33.692669,-16.26659],[33.692659,-16.263607],[33.692378,-16.263607],[33.692375,-16.262794],[33.691813,-16.262525],[33.691811,-16.261982],[33.691248,-16.261713],[33.691246,-16.260899],[33.690965,-16.2609],[33.690964,-16.260629],[33.690402,-16.260631],[33.69012,-16.260089],[33.689558,-16.260091],[33.689557,-16.25982],[33.689277,-16.259821],[33.689276,-16.25955],[33.688714,-16.259552],[33.688713,-16.25928],[33.687871,-16.259283],[33.68787,-16.259012],[33.687309,-16.259014],[33.687308,-16.258743],[33.686465,-16.258745],[33.686183,-16.258204],[33.685341,-16.258207],[33.68534,-16.257935],[33.684217,-16.257939],[33.684216,-16.257668],[33.683093,-16.257671],[33.683092,-16.2574],[33.681969,-16.257404],[33.681968,-16.257133],[33.681687,-16.257134],[33.681686,-16.256862],[33.681406,-16.256863],[33.681405,-16.256592],[33.681124,-16.256593],[33.680841,-16.256052],[33.68028,-16.256053],[33.680279,-16.255782],[33.679437,-16.255785],[33.679436,-16.255514],[33.678874,-16.255516],[33.678873,-16.255244],[33.678312,-16.255246],[33.678311,-16.254975],[33.677469,-16.254978],[33.677468,-16.254706],[33.676626,-16.254709],[33.676625,-16.254438],[33.675782,-16.254441],[33.675782,-16.254169],[33.674659,-16.254173],[33.674658,-16.253902],[33.673534,-16.253634],[33.673251,-16.253093],[33.67269,-16.253095],[33.672405,-16.252011],[33.671843,-16.251741],[33.671837,-16.250114],[33.672118,-16.250113],[33.672115,-16.249028],[33.671834,-16.249029],[33.671836,-16.249572],[33.671555,-16.249573],[33.671558,-16.250386],[33.671277,-16.250387],[33.671278,-16.250658],[33.670716,-16.25066],[33.670715,-16.250389],[33.670435,-16.25039],[33.670434,-16.250119],[33.670153,-16.250119],[33.670152,-16.249848],[33.669871,-16.249849],[33.669871,-16.249578],[33.66959,-16.249579],[33.669589,-16.249308],[33.669308,-16.249309],[33.669026,-16.248767],[33.668464,-16.248769],[33.668182,-16.248227],[33.66762,-16.248229],[33.667338,-16.247688],[33.666776,-16.247689],[33.666775,-16.247418],[33.666494,-16.247419],[33.666212,-16.246878],[33.665088,-16.24661],[33.665087,-16.246339],[33.664806,-16.24634],[33.664806,-16.246068],[33.664243,-16.245799],[33.664241,-16.245257],[33.66368,-16.245258],[33.663679,-16.244987],[33.663398,-16.244988],[33.663397,-16.244717],[33.662835,-16.244447],[33.662833,-16.243905],[33.662553,-16.243906],[33.66255,-16.243092],[33.662269,-16.243093],[33.662264,-16.241466],[33.661983,-16.241467],[33.661977,-16.239569],[33.662257,-16.239568],[33.662255,-16.239025],[33.662536,-16.239025],[33.662535,-16.238753],[33.663097,-16.238752],[33.663098,-16.239023],[33.66366,-16.239292],[33.663657,-16.238479],[33.663938,-16.238478],[33.663937,-16.238207],[33.66506,-16.238203],[33.665059,-16.237932],[33.664498,-16.237934],[33.664497,-16.237662],[33.663654,-16.237665],[33.663654,-16.237394],[33.663092,-16.237396],[33.663091,-16.237125],[33.662811,-16.237125],[33.66281,-16.236854],[33.662529,-16.236855],[33.662528,-16.236584],[33.662247,-16.236585],[33.662246,-16.236314],[33.661966,-16.236314],[33.661965,-16.236043],[33.661402,-16.235774],[33.661401,-16.235231],[33.660838,-16.234962],[33.660837,-16.23442],[33.660556,-16.234421],[33.660558,-16.234963],[33.659996,-16.234965],[33.659995,-16.234693],[33.659715,-16.234694],[33.659714,-16.234423],[33.659433,-16.234424],[33.659432,-16.234153],[33.659151,-16.234154],[33.65915,-16.233883],[33.658588,-16.233613],[33.658585,-16.232528],[33.659146,-16.232527],[33.659147,-16.232798],[33.659428,-16.232797],[33.659426,-16.232255],[33.659145,-16.232255],[33.659144,-16.231984],[33.658863,-16.231985],[33.658863,-16.231714],[33.658582,-16.231715],[33.658581,-16.231444],[33.6583,-16.231444],[33.658299,-16.231173],[33.658019,-16.231174],[33.658018,-16.230903],[33.657455,-16.230633],[33.657454,-16.230091],[33.657173,-16.230092],[33.65689,-16.22955],[33.656329,-16.229552],[33.656328,-16.229281],[33.656047,-16.229282],[33.656047,-16.229011],[33.655766,-16.229012],[33.655765,-16.22874],[33.655484,-16.228741],[33.655483,-16.22847],[33.655203,-16.228471],[33.655202,-16.2282],[33.654921,-16.228201],[33.65492,-16.227929],[33.654358,-16.22766],[33.654356,-16.227118],[33.653794,-16.226848],[33.653792,-16.226306],[33.653511,-16.226307],[33.653227,-16.225223],[33.652946,-16.225224],[33.652945,-16.224952],[33.652383,-16.224683],[33.652381,-16.224141],[33.652101,-16.224141],[33.651818,-16.2236],[33.651257,-16.223602],[33.651256,-16.22333],[33.650975,-16.223331],[33.650973,-16.222789],[33.650693,-16.22279],[33.650414,-16.223333],[33.649852,-16.223335],[33.649852,-16.223064],[33.649571,-16.223064],[33.64957,-16.222793],[33.649008,-16.222524],[33.649287,-16.22198],[33.650411,-16.222519],[33.650409,-16.221977],[33.650129,-16.221978],[33.650128,-16.221707],[33.649847,-16.221708],[33.649846,-16.221436],[33.649284,-16.221167],[33.649282,-16.220625],[33.649001,-16.220625],[33.649002,-16.220897],[33.64816,-16.220899],[33.648159,-16.220628],[33.647598,-16.22063],[33.647597,-16.220358],[33.647316,-16.220359],[33.647315,-16.219817],[33.646753,-16.219819],[33.646752,-16.219547],[33.64591,-16.21955],[33.645628,-16.219009],[33.645067,-16.21901],[33.645066,-16.218739],[33.644503,-16.21847],[33.644502,-16.217927],[33.643939,-16.217658],[33.643648,-16.214404],[33.643367,-16.214405],[33.643083,-16.213321],[33.642521,-16.213052],[33.642237,-16.211968],[33.641956,-16.211969],[33.641955,-16.211697],[33.641675,-16.211698],[33.641392,-16.211157],[33.640831,-16.211158],[33.64083,-16.210887],[33.640549,-16.210888],[33.640267,-16.210347],[33.639143,-16.210079],[33.638861,-16.209537],[33.638019,-16.20954],[33.638018,-16.209269],[33.636895,-16.209272],[33.636894,-16.209001],[33.636052,-16.209003],[33.636052,-16.208732],[33.634648,-16.208736],[33.634647,-16.208465],[33.632962,-16.208199],[33.63268,-16.207657],[33.632119,-16.207659],[33.632118,-16.207388],[33.630994,-16.20712],[33.630993,-16.206849],[33.630713,-16.20685],[33.63043,-16.206308],[33.629869,-16.20631],[33.629868,-16.206039],[33.629587,-16.206039],[33.629587,-16.205768],[33.629024,-16.205499],[33.629023,-16.204956],[33.628742,-16.204957],[33.62874,-16.204415],[33.62846,-16.204416],[33.628458,-16.203873],[33.628177,-16.203874],[33.628175,-16.20306],[33.627613,-16.202791],[33.627611,-16.202249],[33.62733,-16.202249],[33.627329,-16.201978],[33.627049,-16.201979],[33.627047,-16.201437],[33.626766,-16.201437],[33.626764,-16.200624],[33.626483,-16.200625],[33.626482,-16.200354],[33.626201,-16.200354],[33.626201,-16.200083],[33.625638,-16.199814],[33.625637,-16.199271],[33.625356,-16.199272],[33.625355,-16.199001],[33.625075,-16.199002],[33.625073,-16.198459],[33.624792,-16.19846],[33.624506,-16.196834],[33.624226,-16.196835],[33.624224,-16.196292],[33.623943,-16.196293],[33.623942,-16.195751],[33.623661,-16.195752],[33.623659,-16.195209],[33.623379,-16.19521],[33.623376,-16.194396],[33.623095,-16.194397],[33.623094,-16.193855],[33.622813,-16.193856],[33.622812,-16.193584],[33.622532,-16.193585],[33.62253,-16.193043],[33.622249,-16.193044],[33.622248,-16.192773],[33.621686,-16.192503],[33.621402,-16.191419],[33.620841,-16.191421],[33.62084,-16.19115],[33.621121,-16.191149],[33.621116,-16.189793],[33.620836,-16.189794],[33.620832,-16.188709],[33.61971,-16.188712],[33.619708,-16.18817],[33.619428,-16.188171],[33.619145,-16.187629],[33.618584,-16.187631],[33.618582,-16.187088],[33.618021,-16.18709],[33.618017,-16.185734],[33.618297,-16.185733],[33.618291,-16.183564],[33.618571,-16.183563],[33.618565,-16.181393],[33.618845,-16.181392],[33.618842,-16.180308],[33.619122,-16.180307],[33.61912,-16.179493],[33.61968,-16.17922],[33.619679,-16.178678],[33.619959,-16.178677],[33.619958,-16.178406],[33.620239,-16.178405],[33.620238,-16.178134],[33.620519,-16.178133],[33.620518,-16.177862],[33.620799,-16.177861],[33.620798,-16.17759],[33.621078,-16.177589],[33.621077,-16.177318],[33.621358,-16.177317],[33.621357,-16.177046],[33.621638,-16.177045],[33.621917,-16.176502],[33.622478,-16.1765],[33.622477,-16.176229],[33.622758,-16.176228],[33.623037,-16.175685],[33.623598,-16.175683],[33.623877,-16.17514],[33.624438,-16.175139],[33.624717,-16.174595],[33.625278,-16.174594],[33.625557,-16.17405],[33.626119,-16.174049],[33.626118,-16.173778],[33.626398,-16.173777],[33.626677,-16.173234],[33.627238,-16.173232],[33.627238,-16.172961],[33.627518,-16.17296],[33.627517,-16.172689],[33.628079,-16.172687],[33.628358,-16.172144],[33.629479,-16.171869],[33.629477,-16.171056],[33.629757,-16.171055],[33.629756,-16.170784],[33.630318,-16.170782],[33.630318,-16.171053],[33.629758,-16.171326],[33.629759,-16.171597],[33.63032,-16.171596],[33.630319,-16.171324],[33.6306,-16.171324],[33.630597,-16.17051],[33.630878,-16.170509],[33.631157,-16.169966],[33.631999,-16.169964],[33.631998,-16.169692],[33.63284,-16.16969],[33.632841,-16.169961],[33.633402,-16.169959],[33.633681,-16.169416],[33.634242,-16.169414],[33.634241,-16.169143],[33.634522,-16.169142],[33.634521,-16.168871],[33.634801,-16.16887],[33.634801,-16.168599],[33.635081,-16.168598],[33.63536,-16.168055],[33.635921,-16.168053],[33.63592,-16.167782],[33.636201,-16.167781],[33.636199,-16.167239],[33.636761,-16.167509],[33.63704,-16.166965],[33.637601,-16.166964],[33.637601,-16.166693],[33.638161,-16.16642],[33.638158,-16.165606],[33.637597,-16.165608],[33.637598,-16.165879],[33.637317,-16.16588],[33.637039,-16.166423],[33.636197,-16.166426],[33.635918,-16.166969],[33.634796,-16.167243],[33.634797,-16.167514],[33.634516,-16.167515],[33.634518,-16.168058],[33.634799,-16.168057],[33.63452,-16.1686],[33.633678,-16.168603],[33.633679,-16.168874],[33.633118,-16.168875],[33.633116,-16.168333],[33.632835,-16.168334],[33.632836,-16.168605],[33.632275,-16.168607],[33.632276,-16.168878],[33.631995,-16.168879],[33.631996,-16.16915],[33.631435,-16.169152],[33.631156,-16.169695],[33.630034,-16.169969],[33.630035,-16.170241],[33.629755,-16.170241],[33.629755,-16.170513],[33.629475,-16.170513],[33.629196,-16.171057],[33.628635,-16.171058],[33.628636,-16.171329],[33.628355,-16.17133],[33.628076,-16.171874],[33.627515,-16.171875],[33.627516,-16.172146],[33.626674,-16.172149],[33.626395,-16.172692],[33.625553,-16.172695],[33.625274,-16.173238],[33.624152,-16.173512],[33.624153,-16.173783],[33.623873,-16.173784],[33.623874,-16.174055],[33.623593,-16.174056],[33.623314,-16.174599],[33.622753,-16.174601],[33.622754,-16.174872],[33.622192,-16.174874],[33.622193,-16.175145],[33.621632,-16.175147],[33.621633,-16.175418],[33.62051,-16.175421],[33.620505,-16.173794],[33.620225,-16.173795],[33.620221,-16.17271],[33.619941,-16.172711],[33.619939,-16.172169],[33.619658,-16.172169],[33.61966,-16.172712],[33.619379,-16.172713],[33.61938,-16.172984],[33.619942,-16.173253],[33.619946,-16.174338],[33.620226,-16.174337],[33.620231,-16.175964],[33.619951,-16.175965],[33.619952,-16.176236],[33.619671,-16.176237],[33.619672,-16.176508],[33.619391,-16.176509],[33.619392,-16.17678],[33.619111,-16.176781],[33.618832,-16.177324],[33.618271,-16.177326],[33.618272,-16.177597],[33.617991,-16.177598],[33.617993,-16.17814],[33.616871,-16.178144],[33.616869,-16.177601],[33.616307,-16.177332],[33.616305,-16.176789],[33.615743,-16.17652],[33.615741,-16.175977],[33.615179,-16.175708],[33.615178,-16.175166],[33.614615,-16.174896],[33.614614,-16.174354],[33.614333,-16.174354],[33.614332,-16.174083],[33.614052,-16.174084],[33.614051,-16.173813],[33.61377,-16.173814],[33.613769,-16.173542],[33.613489,-16.173543],[33.613488,-16.173272],[33.612926,-16.173002],[33.612642,-16.171918],[33.612361,-16.171919],[33.61236,-16.171648],[33.61208,-16.171649],[33.612079,-16.171378],[33.611798,-16.171379],[33.611516,-16.170837],[33.610393,-16.170569],[33.610392,-16.170298],[33.610111,-16.170299],[33.610111,-16.170027],[33.60983,-16.170028],[33.609829,-16.169757],[33.609548,-16.169758],[33.609266,-16.169216],[33.608705,-16.169218],[33.608704,-16.168947],[33.608423,-16.168947],[33.608423,-16.168676],[33.608142,-16.168677],[33.608141,-16.168406],[33.607861,-16.168407],[33.607578,-16.167865],[33.606455,-16.167597],[33.606454,-16.167326],[33.606174,-16.167327],[33.606173,-16.167055],[33.605892,-16.167056],[33.605891,-16.166785],[33.605611,-16.166786],[33.60561,-16.166515],[33.605329,-16.166516],[33.605328,-16.166244],[33.605048,-16.166245],[33.605047,-16.165974],[33.604485,-16.165704],[33.604483,-16.165162],[33.603922,-16.165164],[33.60392,-16.164621],[33.603358,-16.164352],[33.603357,-16.163809],[33.603076,-16.16381],[33.603074,-16.163268],[33.602794,-16.163268],[33.60251,-16.162184],[33.602229,-16.162185],[33.602229,-16.161914],[33.601948,-16.161915],[33.601946,-16.161372],[33.601666,-16.161373],[33.601663,-16.16056],[33.601383,-16.16056],[33.60138,-16.159747],[33.6011,-16.159748],[33.601095,-16.158392],[33.601937,-16.158389],[33.601938,-16.15866],[33.602219,-16.15866],[33.602501,-16.159201],[33.603062,-16.1592],[33.603063,-16.159471],[33.603344,-16.15947],[33.603344,-16.159741],[33.603625,-16.15974],[33.603626,-16.160012],[33.603906,-16.160011],[33.603907,-16.160282],[33.604188,-16.160281],[33.604189,-16.160552],[33.604469,-16.160552],[33.60447,-16.160823],[33.605032,-16.161092],[33.605034,-16.161635],[33.605314,-16.161634],[33.605315,-16.161905],[33.605596,-16.161904],[33.605597,-16.162447],[33.605878,-16.162446],[33.605881,-16.16326],[33.606722,-16.163257],[33.606723,-16.163528],[33.607284,-16.163527],[33.607285,-16.163798],[33.607846,-16.163796],[33.607847,-16.164068],[33.608409,-16.164066],[33.608409,-16.164337],[33.608971,-16.164336],[33.608971,-16.164607],[33.610656,-16.164873],[33.610657,-16.165144],[33.611218,-16.165143],[33.611219,-16.165414],[33.61178,-16.165412],[33.611781,-16.165683],[33.612904,-16.165951],[33.612905,-16.166223],[33.613186,-16.166222],[33.613468,-16.166763],[33.614029,-16.166762],[33.61403,-16.167033],[33.614311,-16.167032],[33.614311,-16.167303],[33.614592,-16.167303],[33.614593,-16.167574],[33.614873,-16.167573],[33.614874,-16.167844],[33.615155,-16.167843],[33.615156,-16.168115],[33.615436,-16.168114],[33.615437,-16.168385],[33.615718,-16.168384],[33.615719,-16.168655],[33.615999,-16.168654],[33.616,-16.168926],[33.616281,-16.168925],[33.616282,-16.169196],[33.616562,-16.169195],[33.616563,-16.169466],[33.616844,-16.169466],[33.616845,-16.169737],[33.617407,-16.170006],[33.617408,-16.170549],[33.617689,-16.170548],[33.61769,-16.170819],[33.618252,-16.171089],[33.618253,-16.171631],[33.618534,-16.17163],[33.618533,-16.171359],[33.619095,-16.171357],[33.619094,-16.171086],[33.618813,-16.171087],[33.618811,-16.170545],[33.618249,-16.170275],[33.618248,-16.169733],[33.617686,-16.169734],[33.617686,-16.169463],[33.617405,-16.169464],[33.617404,-16.169193],[33.617123,-16.169194],[33.617123,-16.168922],[33.616842,-16.168923],[33.616841,-16.168652],[33.616561,-16.168653],[33.61656,-16.168382],[33.616279,-16.168382],[33.615997,-16.167841],[33.615436,-16.167843],[33.615435,-16.167571],[33.615154,-16.167572],[33.615153,-16.167301],[33.614873,-16.167302],[33.614872,-16.167031],[33.614591,-16.167031],[33.61459,-16.16676],[33.61431,-16.166761],[33.614309,-16.16649],[33.614028,-16.166491],[33.613746,-16.165949],[33.613185,-16.165951],[33.613184,-16.165679],[33.612903,-16.16568],[33.612902,-16.165409],[33.612341,-16.165411],[33.612059,-16.164869],[33.611498,-16.164871],[33.611497,-16.1646],[33.610936,-16.164601],[33.610935,-16.16433],[33.610374,-16.164332],[33.610373,-16.16406],[33.60925,-16.164064],[33.608686,-16.16298],[33.608405,-16.162981],[33.608406,-16.163252],[33.607564,-16.163255],[33.607282,-16.162713],[33.606721,-16.162715],[33.606719,-16.162172],[33.606438,-16.162173],[33.606438,-16.161902],[33.606157,-16.161903],[33.606156,-16.161632],[33.605876,-16.161632],[33.605875,-16.161361],[33.605594,-16.161362],[33.605593,-16.161091],[33.605031,-16.160821],[33.605029,-16.160008],[33.604748,-16.160008],[33.604466,-16.159467],[33.603905,-16.159468],[33.603904,-16.159197],[33.603342,-16.158928],[33.603339,-16.158114],[33.602777,-16.157844],[33.602776,-16.157302],[33.602215,-16.157304],[33.602214,-16.157032],[33.601933,-16.157033],[33.601651,-16.156492],[33.60109,-16.156493],[33.601089,-16.156222],[33.600528,-16.156224],[33.600527,-16.155952],[33.599966,-16.155954],[33.599965,-16.155683],[33.598842,-16.155415],[33.598559,-16.154873],[33.597998,-16.154875],[33.597997,-16.154604],[33.597717,-16.154604],[33.597435,-16.154063],[33.596873,-16.154064],[33.596591,-16.153523],[33.595468,-16.153255],[33.595466,-16.152712],[33.594904,-16.152443],[33.594903,-16.1519],[33.594622,-16.151901],[33.594621,-16.15163],[33.59406,-16.151631],[33.594059,-16.15136],[33.593497,-16.151091],[33.593494,-16.150006],[33.592932,-16.149736],[33.592931,-16.149194],[33.59265,-16.149195],[33.592366,-16.148111],[33.592086,-16.148111],[33.592085,-16.14784],[33.591523,-16.147571],[33.591519,-16.146215],[33.591238,-16.146215],[33.590956,-16.145674],[33.590395,-16.145675],[33.590392,-16.144862],[33.590673,-16.144861],[33.590672,-16.14459],[33.591795,-16.144858],[33.59179,-16.143231],[33.59151,-16.143231],[33.591508,-16.142689],[33.591228,-16.14269],[33.591226,-16.142147],[33.590945,-16.142148],[33.590944,-16.141606],[33.590663,-16.141607],[33.590379,-16.140523],[33.590099,-16.140523],[33.590098,-16.140252],[33.589818,-16.140253],[33.589817,-16.139982],[33.589536,-16.139983],[33.589535,-16.139711],[33.589255,-16.139712],[33.589254,-16.139441],[33.588973,-16.139442],[33.588973,-16.139171],[33.588692,-16.139171],[33.588691,-16.1389],[33.588411,-16.138901],[33.58841,-16.13863],[33.588129,-16.13863],[33.588128,-16.138359],[33.587848,-16.13836],[33.587847,-16.138089],[33.587566,-16.13809],[33.587566,-16.137818],[33.587285,-16.137819],[33.587284,-16.137548],[33.587004,-16.137549],[33.587003,-16.137278],[33.586722,-16.137278],[33.586722,-16.137007],[33.586441,-16.137008],[33.58644,-16.136737],[33.58616,-16.136738],[33.586159,-16.136466],[33.585878,-16.136467],[33.585877,-16.136196],[33.585597,-16.136197],[33.585596,-16.135925],[33.585316,-16.135926],[33.585033,-16.135385],[33.583911,-16.135388],[33.58391,-16.135117],[33.582787,-16.134848],[33.582786,-16.134577],[33.582506,-16.134578],[33.582505,-16.134307],[33.582224,-16.134308],[33.582224,-16.134036],[33.581662,-16.133767],[33.581659,-16.132953],[33.581379,-16.132954],[33.581378,-16.132683],[33.580817,-16.132684],[33.580535,-16.132143],[33.579974,-16.132144],[33.579691,-16.131602],[33.578569,-16.131606],[33.578568,-16.131334],[33.577727,-16.131337],[33.577726,-16.131065],[33.577165,-16.131067],[33.577164,-16.130796],[33.576322,-16.130798],[33.576322,-16.130527],[33.57548,-16.130529],[33.575479,-16.130258],[33.573796,-16.130262],[33.573795,-16.129991],[33.572953,-16.129993],[33.572952,-16.129722],[33.569305,-16.129732],[33.569306,-16.130003],[33.568464,-16.130005],[33.568463,-16.129734],[33.563413,-16.129748],[33.563414,-16.130019],[33.560047,-16.130028],[33.560048,-16.130299],[33.558645,-16.130303],[33.558644,-16.130031],[33.557803,-16.130034],[33.557803,-16.130305],[33.557523,-16.130306],[33.557524,-16.130577],[33.556963,-16.130578],[33.556963,-16.130849],[33.556683,-16.13085],[33.556404,-16.131393],[33.555843,-16.131395],[33.555843,-16.131666],[33.555563,-16.131667],[33.555284,-16.13221],[33.551636,-16.132219],[33.551636,-16.131948],[33.550794,-16.13195],[33.550795,-16.132221],[33.547989,-16.132229],[33.547988,-16.131957],[33.547426,-16.131688],[33.547425,-16.131145],[33.546863,-16.130876],[33.546861,-16.130333],[33.546581,-16.130334],[33.54658,-16.130063],[33.5463,-16.130063],[33.546299,-16.129792],[33.546018,-16.129793],[33.546018,-16.129522],[33.545456,-16.129252],[33.545454,-16.12871],[33.545174,-16.12871],[33.545173,-16.128439],[33.544612,-16.128441],[33.54433,-16.127899],[33.543488,-16.127901],[33.543487,-16.12763],[33.542926,-16.127631],[33.542927,-16.127902],[33.541524,-16.127906],[33.541525,-16.128177],[33.540964,-16.128179],[33.540964,-16.12845],[33.540123,-16.128452],[33.540123,-16.128723],[33.539002,-16.128997],[33.538723,-16.12954],[33.537881,-16.129542],[33.537882,-16.129814],[33.53704,-16.129816],[33.537041,-16.130087],[33.534516,-16.130093],[33.534517,-16.130364],[33.532553,-16.130369],[33.532553,-16.130641],[33.531712,-16.130643],[33.531712,-16.130914],[33.531432,-16.130915],[33.531432,-16.131186],[33.531152,-16.131186],[33.530873,-16.13173],[33.530031,-16.131732],[33.53003,-16.13146],[33.529469,-16.131462],[33.529469,-16.131191],[33.529188,-16.131191],[33.529187,-16.13092],[33.529468,-16.130919],[33.529465,-16.129835],[33.529184,-16.129835],[33.529462,-16.12875],[33.529181,-16.128751],[33.52918,-16.128208],[33.528899,-16.128209],[33.528616,-16.127125],[33.528335,-16.127125],[33.528335,-16.126854],[33.528054,-16.126855],[33.527772,-16.126313],[33.526649,-16.126045],[33.526648,-16.125774],[33.526087,-16.125775],[33.526089,-16.126317],[33.526369,-16.126317],[33.526371,-16.126859],[33.527212,-16.126857],[33.527213,-16.127128],[33.527775,-16.127398],[33.527778,-16.128483],[33.528058,-16.128482],[33.528063,-16.130109],[33.526941,-16.130112],[33.526945,-16.131739],[33.525261,-16.131743],[33.525262,-16.132015],[33.522456,-16.132022],[33.522456,-16.13175],[33.521895,-16.131752],[33.521894,-16.13148],[33.521052,-16.131483],[33.521051,-16.131211],[33.52049,-16.131213],[33.52049,-16.130942],[33.520209,-16.130942],[33.520208,-16.130671],[33.519928,-16.130672],[33.519646,-16.13013],[33.518523,-16.129862],[33.518522,-16.12959],[33.518242,-16.129591],[33.518241,-16.12932],[33.51796,-16.12932],[33.517678,-16.128779],[33.517117,-16.12878],[33.517116,-16.128509],[33.516555,-16.12851],[33.516273,-16.127969],[33.515712,-16.12797],[33.515712,-16.127699],[33.515431,-16.127699],[33.51543,-16.127428],[33.51515,-16.127429],[33.515149,-16.127158],[33.514868,-16.127158],[33.514868,-16.126887],[33.514587,-16.126888],[33.514586,-16.126617],[33.514306,-16.126617],[33.514305,-16.126346],[33.514025,-16.126347],[33.514024,-16.126076],[33.513743,-16.126076],[33.513743,-16.125805],[33.513462,-16.125806],[33.513461,-16.125535],[33.5129,-16.125265],[33.512898,-16.124722],[33.512618,-16.124723],[33.512617,-16.124452],[33.512336,-16.124452],[33.512336,-16.124181],[33.511774,-16.123911],[33.511491,-16.122827],[33.511771,-16.122827],[33.51177,-16.122555],[33.513454,-16.122551],[33.513453,-16.12228],[33.51205,-16.122284],[33.51205,-16.122012],[33.511489,-16.122285],[33.511488,-16.122014],[33.510927,-16.122015],[33.510927,-16.121744],[33.510085,-16.121746],[33.510084,-16.121475],[33.508962,-16.121477],[33.508961,-16.121206],[33.507839,-16.120938],[33.507557,-16.120396],[33.506995,-16.120397],[33.506995,-16.120126],[33.506714,-16.120127],[33.506714,-16.119855],[33.506152,-16.119586],[33.50615,-16.119043],[33.50587,-16.119044],[33.505867,-16.117959],[33.505587,-16.11796],[33.505583,-16.116604],[33.505303,-16.116604],[33.505301,-16.116062],[33.505021,-16.116063],[33.505017,-16.114707],[33.504737,-16.114707],[33.504735,-16.113894],[33.504454,-16.113894],[33.504453,-16.113352],[33.504733,-16.113351],[33.504728,-16.111453],[33.504448,-16.111454],[33.504446,-16.11064],[33.503884,-16.11037],[33.503882,-16.109557],[33.50332,-16.109287],[33.503318,-16.108473],[33.503038,-16.108474],[33.503036,-16.107931],[33.502756,-16.107932],[33.502754,-16.107118],[33.502473,-16.107119],[33.502471,-16.106305],[33.502752,-16.106305],[33.50275,-16.105762],[33.503031,-16.105762],[33.50303,-16.105491],[33.503311,-16.10549],[33.50331,-16.105219],[33.50387,-16.104946],[33.503869,-16.104404],[33.50415,-16.104403],[33.504145,-16.102505],[33.503864,-16.102505],[33.503863,-16.101963],[33.503582,-16.101964],[33.503581,-16.101421],[33.5033,-16.101422],[33.503298,-16.100608],[33.502737,-16.100338],[33.502735,-16.099796],[33.502455,-16.099797],[33.502454,-16.099525],[33.502174,-16.099526],[33.502173,-16.099255],[33.501611,-16.098985],[33.50161,-16.098443],[33.501329,-16.098443],[33.501329,-16.098172],[33.501048,-16.098173],[33.501047,-16.097902],[33.500767,-16.097902],[33.500485,-16.097361],[33.499924,-16.097362],[33.499923,-16.096819],[33.499642,-16.09682],[33.499641,-16.096278],[33.49936,-16.096278]],[[33.542087,-16.128447],[33.543209,-16.128444],[33.54321,-16.128715],[33.543771,-16.128714],[33.543772,-16.128985],[33.544052,-16.128984],[33.544054,-16.129527],[33.545177,-16.129795],[33.545177,-16.130066],[33.545458,-16.130066],[33.545459,-16.130608],[33.54574,-16.130607],[33.545741,-16.130878],[33.546021,-16.130878],[33.546022,-16.131149],[33.546584,-16.131419],[33.546585,-16.131961],[33.546866,-16.13196],[33.546867,-16.132232],[33.546306,-16.132233],[33.546306,-16.132504],[33.545465,-16.132506],[33.545465,-16.132778],[33.543221,-16.132783],[33.543221,-16.133054],[33.542099,-16.133057],[33.5421,-16.133328],[33.539855,-16.133334],[33.539855,-16.133063],[33.539013,-16.133065],[33.539012,-16.132794],[33.538451,-16.132795],[33.53845,-16.132524],[33.537327,-16.132256],[33.537327,-16.131985],[33.537046,-16.131985],[33.537045,-16.131714],[33.536483,-16.131444],[33.536482,-16.130902],[33.536763,-16.130901],[33.536762,-16.13063],[33.537323,-16.130629],[33.537322,-16.130357],[33.538164,-16.130355],[33.538163,-16.130084],[33.538724,-16.130083],[33.539003,-16.12954],[33.539565,-16.129538],[33.539564,-16.129267],[33.540125,-16.129266],[33.540124,-16.128994],[33.540966,-16.128992],[33.540967,-16.129263],[33.541528,-16.129262],[33.541526,-16.12872],[33.542087,-16.128718],[33.542087,-16.128447]],[[33.512632,-16.130418],[33.512913,-16.130417],[33.512914,-16.130689],[33.512633,-16.130689],[33.512632,-16.130418]],[[33.527502,-16.130382],[33.528344,-16.13038],[33.528345,-16.130651],[33.528906,-16.13065],[33.528908,-16.131463],[33.528348,-16.131736],[33.528347,-16.131465],[33.527224,-16.131196],[33.527223,-16.130654],[33.527503,-16.130653],[33.527502,-16.130382]],[[33.516282,-16.131223],[33.516843,-16.131222],[33.516844,-16.131493],[33.517967,-16.131761],[33.518249,-16.132303],[33.51881,-16.132302],[33.518811,-16.132844],[33.519092,-16.132843],[33.519093,-16.133386],[33.519374,-16.133385],[33.519376,-16.134199],[33.519656,-16.134198],[33.519658,-16.13474],[33.518816,-16.134742],[33.518815,-16.134471],[33.518535,-16.134472],[33.518534,-16.134201],[33.518254,-16.134201],[33.518253,-16.13393],[33.517691,-16.13366],[33.51769,-16.133118],[33.516567,-16.132849],[33.516566,-16.132578],[33.516285,-16.132579],[33.516285,-16.132308],[33.515723,-16.132038],[33.515722,-16.131767],[33.516003,-16.131766],[33.516282,-16.131223]],[[33.531999,-16.133354],[33.533122,-16.133351],[33.533122,-16.133622],[33.533684,-16.133621],[33.533684,-16.133892],[33.533965,-16.133891],[33.533966,-16.134434],[33.533686,-16.134435],[33.533686,-16.134706],[33.532003,-16.13471],[33.532002,-16.134439],[33.53144,-16.134169],[33.53144,-16.133898],[33.53172,-16.133897],[33.531999,-16.133354]],[[33.577452,-16.133236],[33.578574,-16.133233],[33.578575,-16.133504],[33.579137,-16.133774],[33.579138,-16.134316],[33.578016,-16.134319],[33.578015,-16.134048],[33.577454,-16.134049],[33.577453,-16.133778],[33.577173,-16.133779],[33.577452,-16.133236]],[[33.561181,-16.134093],[33.563145,-16.134088],[33.563146,-16.134359],[33.563426,-16.134358],[33.563428,-16.1349],[33.563147,-16.134901],[33.563148,-16.135172],[33.562306,-16.135175],[33.562307,-16.135446],[33.561185,-16.135449],[33.561184,-16.135178],[33.560622,-16.134908],[33.560621,-16.134365],[33.561182,-16.134364],[33.561181,-16.134093]],[[33.530051,-16.139054],[33.531173,-16.139051],[33.531174,-16.139322],[33.531735,-16.139321],[33.531736,-16.139863],[33.531456,-16.139864],[33.531456,-16.140135],[33.530053,-16.140139],[33.530053,-16.139868],[33.529772,-16.139868],[33.529771,-16.139326],[33.530051,-16.139325],[33.530051,-16.139054]],[[33.578314,-16.140285],[33.579436,-16.140281],[33.579437,-16.140553],[33.580279,-16.14055],[33.580279,-16.140822],[33.580841,-16.14082],[33.580841,-16.141091],[33.582244,-16.141087],[33.582245,-16.141359],[33.583367,-16.141356],[33.583368,-16.141627],[33.58421,-16.141624],[33.584492,-16.142166],[33.585053,-16.142165],[33.585337,-16.143249],[33.585899,-16.143518],[33.585901,-16.144061],[33.586181,-16.14406],[33.586182,-16.144331],[33.586463,-16.14433],[33.586464,-16.144873],[33.587026,-16.145142],[33.587028,-16.145685],[33.587308,-16.145684],[33.587311,-16.146497],[33.587591,-16.146497],[33.587594,-16.14731],[33.588156,-16.14758],[33.588157,-16.148122],[33.586754,-16.148126],[33.586754,-16.147855],[33.585631,-16.147858],[33.58563,-16.147587],[33.583386,-16.147593],[33.583385,-16.147322],[33.582543,-16.147324],[33.582542,-16.147053],[33.581981,-16.147054],[33.58198,-16.146512],[33.581418,-16.146514],[33.581418,-16.146242],[33.580856,-16.145973],[33.580854,-16.14543],[33.580292,-16.145161],[33.580291,-16.144618],[33.58001,-16.144619],[33.580009,-16.144348],[33.579447,-16.144078],[33.579445,-16.143265],[33.579164,-16.143265],[33.579163,-16.142723],[33.578882,-16.142724],[33.578598,-16.14164],[33.578318,-16.14164],[33.578317,-16.141369],[33.577756,-16.141371],[33.577754,-16.140828],[33.578035,-16.140828],[33.578314,-16.140285]],[[33.585914,-16.148671],[33.587037,-16.148668],[33.587037,-16.148939],[33.587599,-16.148937],[33.5876,-16.14948],[33.586478,-16.149483],[33.586477,-16.149212],[33.585916,-16.149213],[33.585914,-16.148671]],[[33.593229,-16.155159],[33.593509,-16.155159],[33.59351,-16.15543],[33.59323,-16.155431],[33.593229,-16.155159]],[[33.606755,-16.173834],[33.607035,-16.173833],[33.607036,-16.174104],[33.607597,-16.174103],[33.607598,-16.174374],[33.607879,-16.174373],[33.60788,-16.174915],[33.608443,-16.175185],[33.608444,-16.175727],[33.608725,-16.175726],[33.608728,-16.176811],[33.607886,-16.176814],[33.607885,-16.176542],[33.607324,-16.176544],[33.607323,-16.176273],[33.606762,-16.176274],[33.606761,-16.176003],[33.606481,-16.176004],[33.606479,-16.175462],[33.606198,-16.175462],[33.606195,-16.174378],[33.606476,-16.174377],[33.606755,-16.173834]],[[33.608454,-16.178982],[33.609296,-16.178979],[33.609297,-16.17925],[33.609858,-16.179249],[33.60986,-16.179791],[33.610421,-16.17979],[33.610423,-16.180332],[33.610985,-16.180601],[33.610987,-16.181415],[33.611268,-16.181414],[33.61127,-16.181957],[33.61155,-16.181956],[33.611553,-16.182769],[33.611833,-16.182769],[33.611835,-16.183311],[33.612116,-16.18331],[33.612117,-16.183853],[33.612398,-16.183852],[33.6124,-16.184394],[33.61268,-16.184393],[33.612682,-16.184936],[33.612963,-16.184935],[33.612965,-16.185748],[33.613246,-16.185748],[33.61325,-16.187104],[33.612408,-16.187106],[33.612407,-16.186835],[33.611846,-16.186836],[33.611845,-16.186565],[33.611565,-16.186566],[33.611564,-16.186295],[33.611002,-16.186297],[33.611002,-16.186025],[33.610721,-16.186026],[33.610719,-16.185484],[33.610157,-16.185214],[33.610153,-16.183858],[33.609872,-16.183859],[33.609587,-16.182233],[33.609306,-16.182233],[33.609304,-16.181691],[33.609024,-16.181692],[33.609022,-16.181149],[33.608741,-16.18115],[33.608739,-16.180337],[33.608458,-16.180338],[33.608456,-16.179524],[33.608175,-16.179525],[33.608454,-16.178982]],[[33.607618,-16.180882],[33.608179,-16.180881],[33.60818,-16.181152],[33.608461,-16.181151],[33.608462,-16.181693],[33.608743,-16.181693],[33.608745,-16.182235],[33.609025,-16.182234],[33.609029,-16.183319],[33.608467,-16.183321],[33.608466,-16.182778],[33.607904,-16.182509],[33.607902,-16.181966],[33.607621,-16.181967],[33.607618,-16.180882]],[[33.62028,-16.191422],[33.620841,-16.191421],[33.620842,-16.191692],[33.62028,-16.191694],[33.62028,-16.191422]],[[33.619439,-16.191696],[33.62,-16.191694],[33.620001,-16.191966],[33.619439,-16.191967],[33.619439,-16.191696]],[[33.618878,-16.191969],[33.619439,-16.191967],[33.61944,-16.192238],[33.618879,-16.19224],[33.618878,-16.191969]],[[33.618037,-16.192242],[33.618598,-16.192241],[33.618599,-16.192512],[33.618038,-16.192514],[33.618037,-16.192242]],[[33.617196,-16.192516],[33.617757,-16.192514],[33.617758,-16.192786],[33.617197,-16.192787],[33.617196,-16.192516]],[[33.616355,-16.19279],[33.617197,-16.192787],[33.617198,-16.193058],[33.616356,-16.193061],[33.616355,-16.19279]],[[33.616383,-16.20201],[33.617225,-16.202008],[33.617226,-16.202279],[33.617788,-16.202549],[33.618074,-16.204175],[33.617232,-16.204177],[33.617231,-16.203906],[33.616669,-16.203637],[33.616667,-16.203094],[33.616387,-16.203095],[33.616383,-16.20201]],[[33.62538,-16.206865],[33.625661,-16.206865],[33.625662,-16.207136],[33.626223,-16.207134],[33.626224,-16.207405],[33.626785,-16.207404],[33.627067,-16.207945],[33.627909,-16.207943],[33.62791,-16.208214],[33.628191,-16.208213],[33.628192,-16.208484],[33.628473,-16.208483],[33.628473,-16.208755],[33.628754,-16.208754],[33.628755,-16.209025],[33.629036,-16.209024],[33.629036,-16.209295],[33.629317,-16.209295],[33.629318,-16.209566],[33.62988,-16.209835],[33.629882,-16.210378],[33.630163,-16.210377],[33.630164,-16.210919],[33.630445,-16.210918],[33.630451,-16.212817],[33.63017,-16.212818],[33.630171,-16.213089],[33.629329,-16.213091],[33.629328,-16.21282],[33.628205,-16.212552],[33.628204,-16.212281],[33.627923,-16.212282],[33.627922,-16.212011],[33.627642,-16.212011],[33.627641,-16.21174],[33.627079,-16.211471],[33.627077,-16.210928],[33.626796,-16.210929],[33.626795,-16.210658],[33.626515,-16.210659],[33.626514,-16.210388],[33.626233,-16.210388],[33.626232,-16.210117],[33.625952,-16.210118],[33.625951,-16.209847],[33.625389,-16.209577],[33.625386,-16.208764],[33.625105,-16.208765],[33.6251,-16.207137],[33.625381,-16.207137],[33.62538,-16.206865]],[[33.634931,-16.209549],[33.636896,-16.209543],[33.636897,-16.209814],[33.637458,-16.209813],[33.637459,-16.210084],[33.638301,-16.210081],[33.638302,-16.210353],[33.638864,-16.210351],[33.639146,-16.210892],[33.639707,-16.210891],[33.63999,-16.211432],[33.640551,-16.211431],[33.640552,-16.211702],[33.640833,-16.211701],[33.640833,-16.211972],[33.641396,-16.212242],[33.641397,-16.212784],[33.641678,-16.212783],[33.64168,-16.213325],[33.641961,-16.213325],[33.641962,-16.213867],[33.642243,-16.213866],[33.642247,-16.214951],[33.642527,-16.21495],[33.642532,-16.216306],[33.642812,-16.216305],[33.642815,-16.217119],[33.642534,-16.21712],[33.642535,-16.217391],[33.643097,-16.21766],[33.643099,-16.218203],[33.643661,-16.218472],[33.643663,-16.219014],[33.644225,-16.219284],[33.644227,-16.219826],[33.644508,-16.219826],[33.644509,-16.220097],[33.645071,-16.220366],[33.645073,-16.220909],[33.645353,-16.220908],[33.645354,-16.221179],[33.645635,-16.221178],[33.645636,-16.221449],[33.645917,-16.221448],[33.645917,-16.22172],[33.646198,-16.221719],[33.646199,-16.22199],[33.64648,-16.221989],[33.646481,-16.22226],[33.646761,-16.222259],[33.646762,-16.222531],[33.647043,-16.22253],[33.647325,-16.223071],[33.647887,-16.22307],[33.647888,-16.223341],[33.648168,-16.22334],[33.648169,-16.223611],[33.64845,-16.22361],[33.648732,-16.224152],[33.649294,-16.22415],[33.649295,-16.224421],[33.649856,-16.224419],[33.649857,-16.224691],[33.650699,-16.224688],[33.6507,-16.224959],[33.651542,-16.224957],[33.651543,-16.225228],[33.652105,-16.225497],[33.652107,-16.22604],[33.652388,-16.226039],[33.652389,-16.226581],[33.65267,-16.22658],[33.652672,-16.227123],[33.652953,-16.227122],[33.652954,-16.227664],[33.653235,-16.227663],[33.653519,-16.228747],[33.654082,-16.229017],[33.654083,-16.229559],[33.654646,-16.229829],[33.654648,-16.230371],[33.65521,-16.23064],[33.655212,-16.231183],[33.655492,-16.231182],[33.655493,-16.231453],[33.655774,-16.231452],[33.655776,-16.231995],[33.656056,-16.231994],[33.656058,-16.232536],[33.655777,-16.232537],[33.655778,-16.232808],[33.65634,-16.232806],[33.656342,-16.233349],[33.656622,-16.233348],[33.656625,-16.234162],[33.656906,-16.234161],[33.656907,-16.234432],[33.657187,-16.234431],[33.657188,-16.234702],[33.657751,-16.234972],[33.657752,-16.235514],[33.658033,-16.235513],[33.658034,-16.235784],[33.658315,-16.235783],[33.658316,-16.236055],[33.658878,-16.236324],[33.65888,-16.236866],[33.65916,-16.236866],[33.659163,-16.237679],[33.659444,-16.237678],[33.659446,-16.238221],[33.659726,-16.23822],[33.659728,-16.238762],[33.660009,-16.238761],[33.660012,-16.239575],[33.660292,-16.239574],[33.660294,-16.240116],[33.660575,-16.240115],[33.660577,-16.240658],[33.660857,-16.240657],[33.660859,-16.241199],[33.66114,-16.241198],[33.661143,-16.242012],[33.661423,-16.242011],[33.661431,-16.244181],[33.661711,-16.24418],[33.661714,-16.244993],[33.662838,-16.245261],[33.66284,-16.245803],[33.66312,-16.245803],[33.663121,-16.246074],[33.663684,-16.246343],[33.663968,-16.247427],[33.664529,-16.247425],[33.66453,-16.247696],[33.664811,-16.247696],[33.665094,-16.248237],[33.665655,-16.248235],[33.665656,-16.248506],[33.666779,-16.248503],[33.66678,-16.248774],[33.667904,-16.249042],[33.667905,-16.249313],[33.668185,-16.249312],[33.668186,-16.249583],[33.668749,-16.249853],[33.66875,-16.250395],[33.669031,-16.250394],[33.669032,-16.250665],[33.669313,-16.250664],[33.669314,-16.250936],[33.669876,-16.251205],[33.669878,-16.251747],[33.670159,-16.251747],[33.67016,-16.252018],[33.67044,-16.252017],[33.670441,-16.252288],[33.670722,-16.252287],[33.670723,-16.252558],[33.671004,-16.252557],[33.671004,-16.252829],[33.671285,-16.252828],[33.671286,-16.253099],[33.671849,-16.253368],[33.67185,-16.253911],[33.672131,-16.25391],[33.672132,-16.254181],[33.672694,-16.25445],[33.672696,-16.254993],[33.672977,-16.254992],[33.672978,-16.255263],[33.673259,-16.255262],[33.673541,-16.255804],[33.671576,-16.25581],[33.671575,-16.255539],[33.669329,-16.255546],[33.669328,-16.255275],[33.668204,-16.255007],[33.668203,-16.254465],[33.66764,-16.254195],[33.667638,-16.253382],[33.667357,-16.253383],[33.667354,-16.252569],[33.666792,-16.2523],[33.66679,-16.251757],[33.666509,-16.251758],[33.666508,-16.251487],[33.666227,-16.251488],[33.666227,-16.251217],[33.665946,-16.251217],[33.665663,-16.250676],[33.665102,-16.250678],[33.665101,-16.250407],[33.66482,-16.250407],[33.664819,-16.250136],[33.664539,-16.250137],[33.664538,-16.249866],[33.664257,-16.249867],[33.664256,-16.249596],[33.663975,-16.249597],[33.663974,-16.249325],[33.663694,-16.249326],[33.663693,-16.249055],[33.663412,-16.249056],[33.663411,-16.248785],[33.66313,-16.248786],[33.663129,-16.248514],[33.662849,-16.248515],[33.662848,-16.248244],[33.662285,-16.247975],[33.662284,-16.247432],[33.662003,-16.247433],[33.662002,-16.247162],[33.660879,-16.247165],[33.660878,-16.246894],[33.660317,-16.246896],[33.660316,-16.246625],[33.659474,-16.246627],[33.659472,-16.246085],[33.65891,-16.246087],[33.658909,-16.245816],[33.658348,-16.245817],[33.658066,-16.245276],[33.657504,-16.245278],[33.657503,-16.245006],[33.657222,-16.245007],[33.657216,-16.243109],[33.656935,-16.24311],[33.656651,-16.242026],[33.656089,-16.241757],[33.656087,-16.241214],[33.655806,-16.241215],[33.655805,-16.240944],[33.655244,-16.240946],[33.655242,-16.240403],[33.654961,-16.240404],[33.654675,-16.238778],[33.654395,-16.238779],[33.654393,-16.238236],[33.654112,-16.238237],[33.654108,-16.236881],[33.653827,-16.236882],[33.653824,-16.236069],[33.653543,-16.236069],[33.653542,-16.235527],[33.652979,-16.235258],[33.652978,-16.234715],[33.652697,-16.234716],[33.652695,-16.234174],[33.652414,-16.234175],[33.652412,-16.233361],[33.65157,-16.233364],[33.651569,-16.233092],[33.651288,-16.233093],[33.651287,-16.232822],[33.651006,-16.232823],[33.651006,-16.232552],[33.650725,-16.232553],[33.650724,-16.232281],[33.650162,-16.232012],[33.65016,-16.23147],[33.649598,-16.2312],[33.649593,-16.229844],[33.649312,-16.229845],[33.649307,-16.228218],[33.648745,-16.227948],[33.648743,-16.227406],[33.648181,-16.227137],[33.648179,-16.226594],[33.647898,-16.226595],[33.647897,-16.226324],[33.647617,-16.226325],[33.647616,-16.226053],[33.647335,-16.226054],[33.647334,-16.225783],[33.647054,-16.225784],[33.647053,-16.225513],[33.646772,-16.225514],[33.646771,-16.225242],[33.646209,-16.224973],[33.646207,-16.224431],[33.645926,-16.224431],[33.645925,-16.22416],[33.645645,-16.224161],[33.645362,-16.22362],[33.643115,-16.223084],[33.643114,-16.222813],[33.642833,-16.222814],[33.642833,-16.222543],[33.642552,-16.222543],[33.642269,-16.222002],[33.641989,-16.222003],[33.64199,-16.222274],[33.640866,-16.222006],[33.640864,-16.221464],[33.640583,-16.221465],[33.640582,-16.220922],[33.640301,-16.220923],[33.6403,-16.220652],[33.640581,-16.220651],[33.64086,-16.220108],[33.640298,-16.220109],[33.640298,-16.219838],[33.640017,-16.219839],[33.639734,-16.219298],[33.639173,-16.219299],[33.639172,-16.219028],[33.638891,-16.219029],[33.638891,-16.218758],[33.638328,-16.218488],[33.638327,-16.217946],[33.637764,-16.217676],[33.637759,-16.216049],[33.63804,-16.216048],[33.638039,-16.215777],[33.637758,-16.215778],[33.637757,-16.215507],[33.637195,-16.215237],[33.637193,-16.214695],[33.637755,-16.214693],[33.637754,-16.214422],[33.637473,-16.214423],[33.637191,-16.213881],[33.636629,-16.213883],[33.636629,-16.213612],[33.636348,-16.213613],[33.636346,-16.21307],[33.636065,-16.213071],[33.636065,-16.2128],[33.635503,-16.212802],[33.635502,-16.21253],[33.635222,-16.212531],[33.63522,-16.211989],[33.634658,-16.211719],[33.634655,-16.210906],[33.634374,-16.210907],[33.634371,-16.209822],[33.634932,-16.20982],[33.634931,-16.209549]],[[33.654978,-16.245285],[33.65582,-16.245283],[33.655821,-16.245554],[33.656101,-16.245553],[33.656102,-16.245824],[33.656383,-16.245823],[33.656384,-16.246095],[33.656946,-16.246364],[33.656949,-16.247178],[33.656387,-16.247179],[33.656387,-16.246908],[33.656106,-16.246909],[33.656105,-16.246638],[33.655824,-16.246639],[33.655542,-16.246097],[33.65498,-16.246099],[33.654978,-16.245285]],[[33.657511,-16.247447],[33.658353,-16.247445],[33.658354,-16.247716],[33.658635,-16.247715],[33.658918,-16.248256],[33.659479,-16.248255],[33.65948,-16.248526],[33.659761,-16.248525],[33.659762,-16.248796],[33.660042,-16.248795],[33.660043,-16.249066],[33.660324,-16.249066],[33.660606,-16.249607],[33.661168,-16.249605],[33.661169,-16.249876],[33.66145,-16.249876],[33.66145,-16.250147],[33.661731,-16.250146],[33.661732,-16.250417],[33.662013,-16.250416],[33.662014,-16.250687],[33.662576,-16.250957],[33.662578,-16.251499],[33.662859,-16.251498],[33.662861,-16.252312],[33.661738,-16.252044],[33.661737,-16.251773],[33.661456,-16.251774],[33.661455,-16.251503],[33.661174,-16.251504],[33.661173,-16.251232],[33.660893,-16.251233],[33.66061,-16.250692],[33.659486,-16.250424],[33.659484,-16.249882],[33.659204,-16.249883],[33.659203,-16.249611],[33.658922,-16.249612],[33.65892,-16.24907],[33.65864,-16.249071],[33.658639,-16.2488],[33.658358,-16.2488],[33.658357,-16.248529],[33.658076,-16.24853],[33.658075,-16.248259],[33.657513,-16.24799],[33.657511,-16.247447]],[[33.67719,-16.255521],[33.678314,-16.255788],[33.678315,-16.25606],[33.678877,-16.256329],[33.67888,-16.257143],[33.678038,-16.257145],[33.678037,-16.256874],[33.677756,-16.256875],[33.677755,-16.256604],[33.677193,-16.256334],[33.67719,-16.255521]],[[33.667378,-16.25962],[33.669905,-16.259612],[33.669905,-16.259883],[33.671871,-16.259877],[33.671872,-16.260148],[33.672433,-16.260146],[33.672716,-16.260688],[33.673277,-16.260686],[33.673278,-16.260957],[33.67384,-16.260955],[33.67384,-16.261227],[33.674964,-16.261494],[33.675247,-16.262036],[33.675808,-16.262034],[33.676091,-16.262575],[33.676653,-16.262574],[33.676653,-16.262845],[33.676934,-16.262844],[33.677217,-16.263385],[33.678059,-16.263383],[33.678342,-16.263924],[33.679184,-16.263921],[33.679185,-16.264193],[33.679746,-16.264191],[33.680029,-16.264732],[33.68059,-16.26473],[33.680873,-16.265272],[33.681435,-16.26527],[33.681435,-16.265541],[33.681716,-16.26554],[33.681717,-16.265812],[33.681998,-16.265811],[33.681999,-16.266082],[33.68228,-16.266081],[33.682281,-16.266352],[33.682843,-16.266622],[33.682845,-16.267164],[33.683126,-16.267163],[33.683127,-16.267434],[33.683407,-16.267433],[33.683408,-16.267704],[33.683689,-16.267704],[33.683972,-16.268245],[33.684533,-16.268243],[33.684534,-16.268514],[33.684815,-16.268513],[33.685097,-16.269055],[33.685659,-16.269053],[33.68566,-16.269324],[33.685941,-16.269323],[33.685942,-16.269595],[33.686222,-16.269594],[33.686223,-16.269865],[33.686504,-16.269864],[33.686505,-16.270135],[33.686786,-16.270134],[33.686787,-16.270405],[33.687067,-16.270404],[33.68735,-16.270946],[33.687912,-16.270944],[33.687913,-16.271215],[33.688193,-16.271214],[33.688196,-16.272028],[33.688477,-16.272027],[33.688481,-16.273112],[33.688761,-16.273111],[33.68876,-16.272569],[33.68904,-16.272568],[33.689039,-16.272296],[33.690162,-16.272293],[33.690163,-16.272564],[33.691006,-16.272561],[33.691007,-16.272832],[33.691287,-16.272831],[33.691289,-16.273374],[33.69157,-16.273373],[33.691573,-16.274186],[33.691854,-16.274186],[33.691856,-16.274728],[33.692418,-16.274997],[33.692422,-16.276082],[33.692703,-16.276081],[33.692708,-16.277708],[33.691304,-16.277713],[33.691305,-16.277984],[33.690182,-16.277988],[33.690181,-16.277716],[33.689058,-16.27772],[33.688776,-16.277179],[33.688215,-16.277452],[33.688214,-16.27718],[33.687933,-16.277181],[33.687932,-16.27691],[33.687652,-16.276911],[33.687651,-16.27664],[33.68737,-16.276641],[33.687369,-16.27637],[33.687088,-16.276371],[33.687087,-16.276099],[33.686807,-16.2761],[33.686524,-16.275559],[33.6854,-16.275291],[33.685399,-16.27502],[33.684836,-16.274751],[33.684835,-16.274208],[33.68315,-16.274214],[33.683149,-16.273943],[33.682307,-16.273945],[33.682306,-16.273674],[33.682025,-16.273675],[33.682024,-16.273404],[33.681463,-16.273406],[33.681462,-16.273135],[33.681181,-16.273135],[33.68118,-16.272864],[33.680899,-16.272865],[33.680617,-16.272324],[33.679493,-16.272056],[33.679492,-16.271785],[33.679211,-16.271786],[33.67921,-16.271515],[33.678929,-16.271516],[33.678928,-16.271244],[33.678648,-16.271245],[33.678365,-16.270704],[33.677803,-16.270706],[33.677802,-16.270434],[33.677241,-16.270436],[33.67724,-16.270165],[33.676679,-16.270167],[33.676678,-16.269896],[33.675835,-16.269898],[33.675834,-16.269627],[33.675273,-16.269629],[33.675272,-16.269358],[33.67471,-16.269359],[33.67471,-16.269088],[33.673586,-16.268821],[33.673303,-16.268279],[33.672741,-16.268281],[33.672741,-16.26801],[33.67246,-16.268011],[33.672459,-16.26774],[33.671897,-16.267741],[33.671896,-16.26747],[33.671054,-16.267473],[33.671053,-16.267202],[33.670211,-16.267204],[33.67021,-16.266933],[33.669649,-16.266935],[33.669648,-16.266664],[33.669085,-16.266394],[33.669078,-16.264225],[33.669359,-16.264224],[33.669355,-16.263139],[33.669074,-16.26314],[33.669072,-16.262598],[33.668792,-16.262599],[33.66879,-16.262056],[33.668509,-16.262057],[33.668225,-16.260973],[33.667662,-16.260704],[33.667659,-16.25989],[33.667379,-16.259891],[33.667378,-16.25962]],[[33.665975,-16.259895],[33.666817,-16.259893],[33.666818,-16.260164],[33.667099,-16.260163],[33.6671,-16.260434],[33.667662,-16.260704],[33.667664,-16.261246],[33.667945,-16.261245],[33.667948,-16.262059],[33.668228,-16.262058],[33.66823,-16.2626],[33.668511,-16.262599],[33.668519,-16.26504],[33.668238,-16.265041],[33.668239,-16.265312],[33.667678,-16.265314],[33.667677,-16.265043],[33.667396,-16.265044],[33.667395,-16.264772],[33.667114,-16.264773],[33.667114,-16.264502],[33.666833,-16.264503],[33.666832,-16.264232],[33.666269,-16.263962],[33.666268,-16.26342],[33.665987,-16.263421],[33.665986,-16.26315],[33.665705,-16.263151],[33.665703,-16.262608],[33.665423,-16.262609],[33.665417,-16.260982],[33.665698,-16.260981],[33.665975,-16.259895]],[[33.684799,-16.263903],[33.685923,-16.264171],[33.685924,-16.264442],[33.686204,-16.264441],[33.686205,-16.264712],[33.686768,-16.264982],[33.686771,-16.265795],[33.687051,-16.265794],[33.687055,-16.266879],[33.686774,-16.26688],[33.686775,-16.267151],[33.686214,-16.267153],[33.685931,-16.266612],[33.68537,-16.266613],[33.685368,-16.266071],[33.685087,-16.266072],[33.685086,-16.265801],[33.684524,-16.265531],[33.684519,-16.264175],[33.6848,-16.264174],[33.684799,-16.263903]],[[33.69299,-16.277978],[33.693832,-16.277976],[33.693833,-16.278247],[33.694114,-16.278246],[33.694116,-16.278788],[33.694678,-16.279058],[33.69468,-16.2796],[33.694961,-16.279599],[33.694965,-16.280684],[33.695246,-16.280683],[33.694967,-16.281226],[33.694686,-16.281227],[33.694685,-16.280956],[33.694124,-16.280958],[33.694123,-16.280687],[33.693842,-16.280688],[33.69384,-16.280145],[33.693559,-16.280146],[33.693558,-16.279875],[33.693277,-16.279876],[33.693276,-16.279605],[33.692714,-16.279335],[33.692712,-16.278793],[33.692431,-16.278794],[33.69243,-16.278523],[33.692711,-16.278522],[33.69299,-16.277978]],[[33.69805,-16.279589],[33.699173,-16.279585],[33.699175,-16.280128],[33.699455,-16.280127],[33.699457,-16.280669],[33.699738,-16.280668],[33.699741,-16.281482],[33.698618,-16.281485],[33.698617,-16.281214],[33.698336,-16.281215],[33.698335,-16.280944],[33.697773,-16.280675],[33.69777,-16.279861],[33.698051,-16.27986],[33.69805,-16.279589]],[[33.693012,-16.284216],[33.693573,-16.284214],[33.693574,-16.284485],[33.693855,-16.284484],[33.693858,-16.285298],[33.693296,-16.2853],[33.693296,-16.285028],[33.693015,-16.285029],[33.693012,-16.284216]],[[33.707674,-16.301523],[33.708517,-16.30152],[33.708518,-16.301792],[33.708799,-16.301791],[33.7088,-16.302062],[33.709362,-16.302331],[33.709367,-16.303687],[33.708805,-16.303689],[33.708804,-16.303418],[33.708524,-16.303419],[33.708522,-16.302876],[33.708241,-16.302877],[33.70824,-16.302606],[33.707677,-16.302337],[33.707674,-16.301523]],[[33.714416,-16.302043],[33.71582,-16.302038],[33.715821,-16.302309],[33.716945,-16.302577],[33.716946,-16.302848],[33.717227,-16.302847],[33.717228,-16.303118],[33.717508,-16.303117],[33.717509,-16.303388],[33.71779,-16.303387],[33.717791,-16.303659],[33.718072,-16.303658],[33.718073,-16.303929],[33.718354,-16.303928],[33.718637,-16.304469],[33.719198,-16.304467],[33.719197,-16.304196],[33.719478,-16.304195],[33.719479,-16.304466],[33.720602,-16.304463],[33.720603,-16.304734],[33.721165,-16.304732],[33.721166,-16.305003],[33.721447,-16.305002],[33.721452,-16.306629],[33.721172,-16.30663],[33.721173,-16.306901],[33.72033,-16.306904],[33.720328,-16.306362],[33.720047,-16.306363],[33.720045,-16.30582],[33.719765,-16.305821],[33.719764,-16.30555],[33.719483,-16.305551],[33.719485,-16.306093],[33.719766,-16.306093],[33.719769,-16.306906],[33.718084,-16.306912],[33.718083,-16.306641],[33.71724,-16.306643],[33.717239,-16.306372],[33.716678,-16.306374],[33.716677,-16.306103],[33.715834,-16.306106],[33.715833,-16.305835],[33.715553,-16.305836],[33.715552,-16.305564],[33.715271,-16.305565],[33.71527,-16.305294],[33.714707,-16.305025],[33.714705,-16.304483],[33.714424,-16.304484],[33.714421,-16.303399],[33.71414,-16.3034],[33.714136,-16.302315],[33.714417,-16.302314],[33.714416,-16.302043]],[[33.707126,-16.305322],[33.70825,-16.305318],[33.708251,-16.305589],[33.708812,-16.305587],[33.708813,-16.305858],[33.709094,-16.305857],[33.709095,-16.306129],[33.709376,-16.306128],[33.709377,-16.306399],[33.709658,-16.306398],[33.709659,-16.306669],[33.709939,-16.306668],[33.70994,-16.306939],[33.710503,-16.307209],[33.710505,-16.307751],[33.710786,-16.30775],[33.710788,-16.308292],[33.711069,-16.308291],[33.711071,-16.309105],[33.711352,-16.309104],[33.711073,-16.309647],[33.710793,-16.309648],[33.71051,-16.309107],[33.709948,-16.309109],[33.709665,-16.308567],[33.708541,-16.3083],[33.70854,-16.308029],[33.708259,-16.30803],[33.708258,-16.307759],[33.707978,-16.307759],[33.707977,-16.307488],[33.707696,-16.307489],[33.707695,-16.307218],[33.707132,-16.306949],[33.707129,-16.306135],[33.706849,-16.306136],[33.706848,-16.305865],[33.707128,-16.305864],[33.707126,-16.305322]],[[33.720896,-16.307987],[33.721738,-16.307984],[33.721739,-16.308255],[33.72202,-16.308254],[33.722022,-16.308797],[33.72118,-16.3088],[33.721178,-16.308257],[33.720897,-16.308258],[33.720896,-16.307987]],[[33.712475,-16.308829],[33.712755,-16.308828],[33.712756,-16.309099],[33.71388,-16.309096],[33.714162,-16.309637],[33.713882,-16.309638],[33.713883,-16.309909],[33.712759,-16.309913],[33.712758,-16.309642],[33.712477,-16.309643],[33.712475,-16.308829]],[[33.713884,-16.310451],[33.714446,-16.31045],[33.714447,-16.310721],[33.714728,-16.31072],[33.714729,-16.310991],[33.71501,-16.31099],[33.715292,-16.311531],[33.716135,-16.311529],[33.716136,-16.3118],[33.716417,-16.311799],[33.716418,-16.31207],[33.716137,-16.312071],[33.716422,-16.313155],[33.715298,-16.313159],[33.715297,-16.312887],[33.714455,-16.31289],[33.714454,-16.312619],[33.713891,-16.31235],[33.713889,-16.311807],[33.713327,-16.311538],[33.713324,-16.310725],[33.713885,-16.310723],[33.713884,-16.310451]],[[33.723725,-16.313672],[33.724567,-16.313669],[33.724568,-16.313941],[33.726253,-16.313935],[33.726254,-16.314206],[33.726816,-16.314204],[33.726817,-16.314475],[33.727098,-16.314474],[33.727099,-16.314745],[33.727379,-16.314744],[33.72738,-16.315016],[33.727661,-16.315015],[33.727662,-16.315286],[33.727943,-16.315285],[33.727944,-16.315556],[33.728225,-16.315555],[33.728226,-16.315826],[33.728789,-16.316095],[33.728791,-16.316638],[33.729353,-16.316907],[33.729355,-16.317449],[33.729636,-16.317448],[33.729638,-16.317991],[33.729919,-16.31799],[33.729924,-16.319346],[33.729643,-16.319347],[33.729642,-16.319076],[33.72908,-16.319078],[33.729079,-16.318806],[33.728799,-16.318807],[33.728516,-16.318266],[33.727954,-16.318268],[33.727953,-16.317997],[33.727391,-16.317999],[33.72739,-16.317727],[33.726829,-16.317729],[33.726828,-16.317458],[33.726266,-16.31746],[33.726265,-16.317189],[33.725141,-16.316922],[33.72514,-16.31665],[33.724859,-16.316651],[33.724858,-16.31638],[33.724295,-16.316111],[33.724293,-16.315569],[33.724013,-16.31557],[33.72401,-16.314756],[33.723729,-16.314757],[33.723725,-16.313672]],[[33.731886,-16.318254],[33.732166,-16.318253],[33.732449,-16.318795],[33.733011,-16.318793],[33.733012,-16.319064],[33.733854,-16.319061],[33.733856,-16.319603],[33.734981,-16.319871],[33.734982,-16.320142],[33.735263,-16.320141],[33.735264,-16.320412],[33.735826,-16.320681],[33.735828,-16.321224],[33.736109,-16.321223],[33.73611,-16.321494],[33.736391,-16.321493],[33.736393,-16.322035],[33.736674,-16.322034],[33.736677,-16.322848],[33.736958,-16.322847],[33.736959,-16.323118],[33.737521,-16.323387],[33.737806,-16.324471],[33.738087,-16.32447],[33.738088,-16.324741],[33.738369,-16.32474],[33.738371,-16.325282],[33.738652,-16.325281],[33.738653,-16.325553],[33.739215,-16.325822],[33.739218,-16.326364],[33.739498,-16.326363],[33.7395,-16.326906],[33.739781,-16.326905],[33.739783,-16.327447],[33.740064,-16.327446],[33.740067,-16.32826],[33.738944,-16.328264],[33.738943,-16.327992],[33.738381,-16.327994],[33.738098,-16.327453],[33.737537,-16.327455],[33.737536,-16.327184],[33.737255,-16.327185],[33.737254,-16.326913],[33.736691,-16.326644],[33.736689,-16.326102],[33.736408,-16.326103],[33.736407,-16.325832],[33.736126,-16.325833],[33.736125,-16.325562],[33.735844,-16.325562],[33.735843,-16.325291],[33.735563,-16.325292],[33.735562,-16.325021],[33.734999,-16.324752],[33.734997,-16.32421],[33.734716,-16.32421],[33.734715,-16.323939],[33.734434,-16.32394],[33.734432,-16.323398],[33.734151,-16.323399],[33.73415,-16.323128],[33.733588,-16.322858],[33.733586,-16.322316],[33.733305,-16.322317],[33.733304,-16.322046],[33.733023,-16.322047],[33.733022,-16.321776],[33.732741,-16.321777],[33.73274,-16.321506],[33.732459,-16.321506],[33.732458,-16.321235],[33.731896,-16.320966],[33.731894,-16.320424],[33.731613,-16.320425],[33.731606,-16.318526],[33.731887,-16.318525],[33.731886,-16.318254]],[[33.728257,-16.324233],[33.728538,-16.324232],[33.728539,-16.324503],[33.728258,-16.324504],[33.728257,-16.324233]],[[33.738958,-16.33206],[33.739521,-16.332329],[33.739526,-16.333685],[33.738963,-16.333416],[33.738958,-16.33206]],[[33.745139,-16.332581],[33.7457,-16.332579],[33.745701,-16.33285],[33.746264,-16.333119],[33.746266,-16.333661],[33.746547,-16.33366],[33.746554,-16.335559],[33.746273,-16.33556],[33.746272,-16.335289],[33.745991,-16.33529],[33.74599,-16.335018],[33.745428,-16.334749],[33.745426,-16.334207],[33.745145,-16.334208],[33.745142,-16.333394],[33.744861,-16.333395],[33.744859,-16.332853],[33.74514,-16.332852],[33.745139,-16.332581]],[[33.741219,-16.335849],[33.741781,-16.335847],[33.741783,-16.336389],[33.742346,-16.336658],[33.742348,-16.337201],[33.741505,-16.337204],[33.741504,-16.336932],[33.741223,-16.336933],[33.741219,-16.335849]],[[33.747962,-16.336638],[33.748243,-16.336637],[33.748526,-16.337179],[33.747965,-16.337181],[33.747962,-16.336638]],[[33.745442,-16.338546],[33.746565,-16.338542],[33.746566,-16.338813],[33.746847,-16.338812],[33.746849,-16.339354],[33.747412,-16.339623],[33.747414,-16.340166],[33.747695,-16.340165],[33.747696,-16.340436],[33.748258,-16.340434],[33.748259,-16.340705],[33.748821,-16.340703],[33.748822,-16.340974],[33.749383,-16.340972],[33.749385,-16.341515],[33.749666,-16.341514],[33.749664,-16.340971],[33.749945,-16.34097],[33.749944,-16.340699],[33.750786,-16.340696],[33.750788,-16.340967],[33.751068,-16.340966],[33.751069,-16.341238],[33.751632,-16.341507],[33.751635,-16.34232],[33.751916,-16.342319],[33.751918,-16.342862],[33.752199,-16.342861],[33.752203,-16.343945],[33.752484,-16.343944],[33.752487,-16.344758],[33.752206,-16.344759],[33.752208,-16.345301],[33.751928,-16.345302],[33.751933,-16.346658],[33.751652,-16.346659],[33.751653,-16.34693],[33.751372,-16.346931],[33.751371,-16.34666],[33.75109,-16.346661],[33.751088,-16.346119],[33.750807,-16.34612],[33.750806,-16.345849],[33.750243,-16.345579],[33.750241,-16.345037],[33.74996,-16.345038],[33.749957,-16.344225],[33.749396,-16.344227],[33.749395,-16.343955],[33.748832,-16.343686],[33.74883,-16.343144],[33.748549,-16.343145],[33.748548,-16.342874],[33.747425,-16.342878],[33.747423,-16.342606],[33.746862,-16.342608],[33.746861,-16.342337],[33.74658,-16.342338],[33.746579,-16.342067],[33.746016,-16.341798],[33.746014,-16.341255],[33.745733,-16.341256],[33.74573,-16.340443],[33.745449,-16.340444],[33.745447,-16.339902],[33.745166,-16.339903],[33.745162,-16.338818],[33.745443,-16.338817],[33.745442,-16.338546]],[[33.752492,-16.346114],[33.752773,-16.346113],[33.752779,-16.34774],[33.752218,-16.347742],[33.752217,-16.347471],[33.751936,-16.347472],[33.751933,-16.346658],[33.752214,-16.346657],[33.752492,-16.346114]]]}}]}