{"type":"FeatureCollection","features":[{"type":"Feature","properties":{"ano":2025,"camada":"agua","area_km2":0.0018},"geometry":{"type":"Polygon","coordinates":[[[33.757931,-16.00494],[33.757933,-16.005483],[33.758213,-16.005482],[33.758211,-16.004939],[33.757931,-16.00494]]]}},{"type":"Feature","properties":{"ano":2025,"camada":"agua","area_km2":0.0009},"geometry":{"type":"Polygon","coordinates":[[[33.758215,-16.006024],[33.758216,-16.006295],[33.758497,-16.006294],[33.758496,-16.006023],[33.758215,-16.006024]]]}},{"type":"Feature","properties":{"ano":2025,"camada":"agua","area_km2":0.0018},"geometry":{"type":"Polygon","coordinates":[[[33.757936,-16.006296],[33.757938,-16.006838],[33.758218,-16.006837],[33.758216,-16.006295],[33.757936,-16.006296]]]}},{"type":"Feature","properties":{"ano":2025,"camada":"agua","area_km2":0.0009},"geometry":{"type":"Polygon","coordinates":[[[33.764171,-16.023901],[33.764172,-16.024173],[33.764453,-16.024172],[33.764452,-16.0239],[33.764171,-16.023901]]]}},{"type":"Feature","properties":{"ano":2025,"camada":"agua","area_km2":0.0009},"geometry":{"type":"Polygon","coordinates":[[[33.75969,-16.025273],[33.759691,-16.025544],[33.759972,-16.025543],[33.75997,-16.025272],[33.75969,-16.025273]]]}},{"type":"Feature","properties":{"ano":2025,"camada":"agua","area_km2":0.0009},"geometry":{"type":"Polygon","coordinates":[[[33.759411,-16.025545],[33.759412,-16.025817],[33.759692,-16.025816],[33.759691,-16.025544],[33.759411,-16.025545]]]}},{"type":"Feature","properties":{"ano":2025,"camada":"agua","area_km2":0.0009},"geometry":{"type":"Polygon","coordinates":[[[33.758851,-16.025819],[33.758852,-16.02609],[33.759132,-16.026089],[33.759131,-16.025818],[33.758851,-16.025819]]]}},{"type":"Feature","properties":{"ano":2025,"camada":"agua","area_km2":0.0009},"geometry":{"type":"Polygon","coordinates":[[[33.757732,-16.026636],[33.757733,-16.026907],[33.758014,-16.026906],[33.758013,-16.026635],[33.757732,-16.026636]]]}},{"type":"Feature","properties":{"ano":2025,"camada":"agua","area_km2":0.0009},"geometry":{"type":"Polygon","coordinates":[[[33.755772,-16.027185],[33.755773,-16.027457],[33.756053,-16.027456],[33.756052,-16.027184],[33.755772,-16.027185]]]}},{"type":"Feature","properties":{"ano":2025,"camada":"agua","area_km2":0.0036},"geometry":{"type":"Polygon","coordinates":[[[33.756892,-16.02691],[33.756893,-16.027182],[33.756613,-16.027182],[33.756614,-16.027454],[33.757175,-16.027452],[33.757174,-16.027181],[33.757454,-16.02718],[33.757453,-16.026908],[33.756892,-16.02691]]]}},{"type":"Feature","properties":{"ano":2025,"camada":"agua","area_km2":0.0009},"geometry":{"type":"Polygon","coordinates":[[[33.752974,-16.028822],[33.752975,-16.029094],[33.753255,-16.029093],[33.753254,-16.028821],[33.752974,-16.028822]]]}},{"type":"Feature","properties":{"ano":2025,"camada":"agua","area_km2":0.0009},"geometry":{"type":"Polygon","coordinates":[[[33.752135,-16.029639],[33.752136,-16.02991],[33.752417,-16.029909],[33.752416,-16.029638],[33.752135,-16.029639]]]}},{"type":"Feature","properties":{"ano":2025,"camada":"agua","area_km2":0.0225},"geometry":{"type":"Polygon","coordinates":[[[33.754092,-16.028005],[33.754093,-16.028276],[33.753532,-16.028278],[33.753533,-16.028549],[33.753253,-16.02855],[33.753254,-16.028821],[33.753815,-16.028819],[33.753816,-16.029091],[33.753255,-16.029093],[33.753256,-16.029364],[33.752976,-16.029365],[33.752975,-16.029094],[33.752414,-16.029096],[33.752698,-16.030179],[33.752979,-16.030178],[33.752978,-16.029907],[33.753258,-16.029906],[33.753536,-16.029363],[33.754657,-16.029088],[33.754655,-16.028545],[33.754375,-16.028546],[33.754653,-16.028003],[33.754092,-16.028005]]]}},{"type":"Feature","properties":{"ano":2025,"camada":"agua","area_km2":0.0009},"geometry":{"type":"Polygon","coordinates":[[[33.751856,-16.029911],[33.751857,-16.030182],[33.752137,-16.030181],[33.752136,-16.02991],[33.751856,-16.029911]]]}},{"type":"Feature","properties":{"ano":2025,"camada":"agua","area_km2":0.0063},"geometry":{"type":"Polygon","coordinates":[[[33.751578,-16.030454],[33.751581,-16.031268],[33.7513,-16.031269],[33.751303,-16.032083],[33.751584,-16.032082],[33.751582,-16.031539],[33.751862,-16.031538],[33.751858,-16.030454],[33.751578,-16.030454]]]}},{"type":"Feature","properties":{"ano":2025,"camada":"agua","area_km2":0.0009},"geometry":{"type":"Polygon","coordinates":[[[33.751023,-16.032084],[33.751024,-16.032355],[33.751304,-16.032354],[33.751303,-16.032083],[33.751023,-16.032084]]]}},{"type":"Feature","properties":{"ano":2025,"camada":"agua","area_km2":0.0009},"geometry":{"type":"Polygon","coordinates":[[[33.751304,-16.032354],[33.751305,-16.032625],[33.751586,-16.032624],[33.751585,-16.032353],[33.751304,-16.032354]]]}},{"type":"Feature","properties":{"ano":2025,"camada":"agua","area_km2":0.0009},"geometry":{"type":"Polygon","coordinates":[[[33.751029,-16.033711],[33.75103,-16.033982],[33.75131,-16.033981],[33.751309,-16.03371],[33.751029,-16.033711]]]}},{"type":"Feature","properties":{"ano":2025,"camada":"agua","area_km2":0.0009},"geometry":{"type":"Polygon","coordinates":[[[33.749911,-16.034799],[33.749912,-16.035071],[33.750193,-16.03507],[33.750192,-16.034798],[33.749911,-16.034799]]]}},{"type":"Feature","properties":{"ano":2025,"camada":"agua","area_km2":0.0009},"geometry":{"type":"Polygon","coordinates":[[[33.748795,-16.036159],[33.748796,-16.03643],[33.749076,-16.036429],[33.749075,-16.036158],[33.748795,-16.036159]]]}},{"type":"Feature","properties":{"ano":2025,"camada":"agua","area_km2":0.0018},"geometry":{"type":"Polygon","coordinates":[[[33.748515,-16.036431],[33.748517,-16.036974],[33.748798,-16.036973],[33.748796,-16.03643],[33.748515,-16.036431]]]}},{"type":"Feature","properties":{"ano":2025,"camada":"agua","area_km2":0.0009},"geometry":{"type":"Polygon","coordinates":[[[33.749359,-16.036971],[33.74936,-16.037242],[33.74964,-16.037241],[33.749639,-16.03697],[33.749359,-16.036971]]]}},{"type":"Feature","properties":{"ano":2025,"camada":"agua","area_km2":0.0009},"geometry":{"type":"Polygon","coordinates":[[[33.74211,-16.048386],[33.742111,-16.048657],[33.742391,-16.048656],[33.74239,-16.048385],[33.74211,-16.048386]]]}},{"type":"Feature","properties":{"ano":2025,"camada":"agua","area_km2":0.0009},"geometry":{"type":"Polygon","coordinates":[[[33.74127,-16.048931],[33.741271,-16.049203],[33.741552,-16.049202],[33.741551,-16.04893],[33.74127,-16.048931]]]}},{"type":"Feature","properties":{"ano":2025,"camada":"agua","area_km2":0.0009},"geometry":{"type":"Polygon","coordinates":[[[33.740991,-16.049204],[33.740992,-16.049475],[33.741272,-16.049474],[33.741271,-16.049203],[33.740991,-16.049204]]]}},{"type":"Feature","properties":{"ano":2025,"camada":"agua","area_km2":0.0027},"geometry":{"type":"Polygon","coordinates":[[[33.739311,-16.050023],[33.739313,-16.050565],[33.739594,-16.050564],[33.739872,-16.050021],[33.739311,-16.050023]]]}},{"type":"Feature","properties":{"ano":2025,"camada":"agua","area_km2":0.0009},"geometry":{"type":"Polygon","coordinates":[[[33.739033,-16.050566],[33.739034,-16.050837],[33.739314,-16.050837],[33.739313,-16.050565],[33.739033,-16.050566]]]}},{"type":"Feature","properties":{"ano":2025,"camada":"agua","area_km2":0.0009},"geometry":{"type":"Polygon","coordinates":[[[33.738473,-16.050839],[33.738474,-16.051111],[33.738754,-16.05111],[33.738753,-16.050838],[33.738473,-16.050839]]]}},{"type":"Feature","properties":{"ano":2025,"camada":"agua","area_km2":0.0009},"geometry":{"type":"Polygon","coordinates":[[[33.737634,-16.051385],[33.737635,-16.051656],[33.737915,-16.051655],[33.737914,-16.051384],[33.737634,-16.051385]]]}},{"type":"Feature","properties":{"ano":2025,"camada":"agua","area_km2":0.0063},"geometry":{"type":"Polygon","coordinates":[[[33.736513,-16.05166],[33.736514,-16.051931],[33.735953,-16.051933],[33.735954,-16.052204],[33.737636,-16.051927],[33.737635,-16.051656],[33.736513,-16.05166]]]}},{"type":"Feature","properties":{"ano":2025,"camada":"agua","area_km2":0.0009},"geometry":{"type":"Polygon","coordinates":[[[33.729227,-16.053312],[33.729228,-16.053583],[33.729509,-16.053582],[33.729508,-16.053311],[33.729227,-16.053312]]]}},{"type":"Feature","properties":{"ano":2025,"camada":"agua","area_km2":0.0009},"geometry":{"type":"Polygon","coordinates":[[[33.728667,-16.053585],[33.728668,-16.053856],[33.728949,-16.053855],[33.728948,-16.053584],[33.728667,-16.053585]]]}},{"type":"Feature","properties":{"ano":2025,"camada":"agua","area_km2":0.0009},"geometry":{"type":"Polygon","coordinates":[[[33.727827,-16.053859],[33.727828,-16.05413],[33.728108,-16.054129],[33.728107,-16.053858],[33.727827,-16.053859]]]}},{"type":"Feature","properties":{"ano":2025,"camada":"agua","area_km2":0.0009},"geometry":{"type":"Polygon","coordinates":[[[33.727267,-16.054132],[33.727268,-16.054403],[33.727548,-16.054402],[33.727548,-16.054131],[33.727267,-16.054132]]]}},{"type":"Feature","properties":{"ano":2025,"camada":"agua","area_km2":0.0036},"geometry":{"type":"Polygon","coordinates":[[[33.724183,-16.054414],[33.724184,-16.054685],[33.725306,-16.054681],[33.725305,-16.05441],[33.724183,-16.054414]]]}},{"type":"Feature","properties":{"ano":2025,"camada":"agua","area_km2":0.0018},"geometry":{"type":"Polygon","coordinates":[[[33.723623,-16.054687],[33.723624,-16.054958],[33.724185,-16.054956],[33.724184,-16.054685],[33.723623,-16.054687]]]}},{"type":"Feature","properties":{"ano":2025,"camada":"agua","area_km2":0.0081},"geometry":{"type":"Polygon","coordinates":[[[33.725866,-16.054408],[33.725867,-16.054679],[33.725586,-16.05468],[33.725869,-16.055222],[33.726989,-16.054675],[33.726988,-16.054404],[33.725866,-16.054408]]]}},{"type":"Feature","properties":{"ano":2025,"camada":"agua","area_km2":0.0009},"geometry":{"type":"Polygon","coordinates":[[[33.725027,-16.055224],[33.725028,-16.055496],[33.725309,-16.055495],[33.725308,-16.055223],[33.725027,-16.055224]]]}},{"type":"Feature","properties":{"ano":2025,"camada":"agua","area_km2":0.0009},"geometry":{"type":"Polygon","coordinates":[[[33.722785,-16.055503],[33.722786,-16.055774],[33.723066,-16.055773],[33.723065,-16.055502],[33.722785,-16.055503]]]}},{"type":"Feature","properties":{"ano":2025,"camada":"agua","area_km2":0.0009},"geometry":{"type":"Polygon","coordinates":[[[33.722505,-16.055775],[33.722506,-16.056047],[33.722787,-16.056046],[33.722786,-16.055774],[33.722505,-16.055775]]]}},{"type":"Feature","properties":{"ano":2025,"camada":"agua","area_km2":0.0144},"geometry":{"type":"Polygon","coordinates":[[[33.724187,-16.055498],[33.724188,-16.05577],[33.723067,-16.056045],[33.723068,-16.056316],[33.722788,-16.056317],[33.72279,-16.056859],[33.72307,-16.056858],[33.723069,-16.056587],[33.724191,-16.056583],[33.724189,-16.056041],[33.72475,-16.056039],[33.724748,-16.055497],[33.724187,-16.055498]]]}},{"type":"Feature","properties":{"ano":2025,"camada":"agua","area_km2":0.0117},"geometry":{"type":"Polygon","coordinates":[[[33.721945,-16.056048],[33.721946,-16.05632],[33.721666,-16.056321],[33.721667,-16.056592],[33.721106,-16.056594],[33.720827,-16.057137],[33.722509,-16.05686],[33.722506,-16.056047],[33.721945,-16.056048]]]}},{"type":"Feature","properties":{"ano":2025,"camada":"agua","area_km2":0.0009},"geometry":{"type":"Polygon","coordinates":[[[33.719993,-16.059038],[33.719994,-16.059309],[33.720274,-16.059308],[33.720273,-16.059037],[33.719993,-16.059038]]]}},{"type":"Feature","properties":{"ano":2025,"camada":"agua","area_km2":0.0009},"geometry":{"type":"Polygon","coordinates":[[[33.719713,-16.05931],[33.719714,-16.059581],[33.719995,-16.05958],[33.719994,-16.059309],[33.719713,-16.05931]]]}},{"type":"Feature","properties":{"ano":2025,"camada":"agua","area_km2":0.0009},"geometry":{"type":"Polygon","coordinates":[[[33.719434,-16.059582],[33.719435,-16.059854],[33.719715,-16.059853],[33.719714,-16.059581],[33.719434,-16.059582]]]}},{"type":"Feature","properties":{"ano":2025,"camada":"agua","area_km2":0.0468},"geometry":{"type":"Polygon","coordinates":[[[33.719154,-16.059854],[33.719155,-16.060126],[33.718875,-16.060127],[33.718876,-16.060398],[33.718596,-16.060399],[33.718596,-16.06067],[33.718316,-16.060671],[33.718317,-16.060942],[33.718037,-16.060943],[33.718038,-16.061214],[33.717478,-16.061487],[33.71748,-16.06203],[33.717199,-16.062031],[33.7172,-16.062302],[33.71692,-16.062303],[33.716641,-16.062846],[33.71608,-16.062848],[33.716082,-16.06339],[33.715802,-16.063391],[33.715803,-16.063662],[33.715243,-16.063935],[33.715245,-16.064478],[33.714964,-16.064479],[33.714965,-16.06475],[33.714405,-16.065023],[33.714407,-16.065565],[33.714127,-16.065566],[33.71385,-16.066652],[33.71413,-16.066651],[33.714129,-16.06638],[33.714689,-16.066107],[33.714687,-16.065293],[33.714967,-16.065292],[33.714966,-16.065021],[33.715246,-16.06502],[33.715246,-16.064749],[33.715805,-16.064476],[33.715804,-16.063934],[33.716084,-16.063933],[33.716083,-16.063661],[33.716363,-16.063661],[33.716363,-16.063389],[33.716643,-16.063388],[33.716642,-16.063117],[33.716922,-16.063116],[33.716921,-16.062845],[33.717202,-16.062844],[33.717201,-16.062573],[33.717481,-16.062572],[33.71776,-16.062029],[33.718321,-16.062027],[33.718319,-16.061484],[33.718599,-16.061484],[33.718598,-16.061212],[33.718879,-16.061211],[33.718877,-16.060669],[33.719437,-16.060396],[33.719435,-16.059854],[33.719154,-16.059854]]]}},{"type":"Feature","properties":{"ano":2025,"camada":"agua","area_km2":0.0063},"geometry":{"type":"Polygon","coordinates":[[[33.713569,-16.066653],[33.713571,-16.067195],[33.713291,-16.067196],[33.713295,-16.068281],[33.713575,-16.06828],[33.713572,-16.067467],[33.713853,-16.067466],[33.71385,-16.066652],[33.713569,-16.066653]]]}},{"type":"Feature","properties":{"ano":2025,"camada":"agua","area_km2":0.0009},"geometry":{"type":"Polygon","coordinates":[[[33.714434,-16.073159],[33.714435,-16.07343],[33.714716,-16.073429],[33.714715,-16.073158],[33.714434,-16.073159]]]}},{"type":"Feature","properties":{"ano":2025,"camada":"agua","area_km2":0.0009},"geometry":{"type":"Polygon","coordinates":[[[33.711912,-16.07371],[33.711913,-16.073981],[33.712193,-16.07398],[33.712192,-16.073709],[33.711912,-16.07371]]]}},{"type":"Feature","properties":{"ano":2025,"camada":"agua","area_km2":0.0009},"geometry":{"type":"Polygon","coordinates":[[[33.71136,-16.076423],[33.711361,-16.076694],[33.711642,-16.076694],[33.711641,-16.076422],[33.71136,-16.076423]]]}},{"type":"Feature","properties":{"ano":2025,"camada":"agua","area_km2":0.0018},"geometry":{"type":"Polygon","coordinates":[[[33.711643,-16.076965],[33.711645,-16.077507],[33.711925,-16.077506],[33.711923,-16.076964],[33.711643,-16.076965]]]}},{"type":"Feature","properties":{"ano":2025,"camada":"agua","area_km2":0.054},"geometry":{"type":"Polygon","coordinates":[[[33.713015,-16.068553],[33.713017,-16.069096],[33.712737,-16.069096],[33.712743,-16.070724],[33.712462,-16.070725],[33.712469,-16.072623],[33.712188,-16.072624],[33.71219,-16.073166],[33.712751,-16.073164],[33.712766,-16.077232],[33.712485,-16.077233],[33.712486,-16.077504],[33.712206,-16.077505],[33.711927,-16.078049],[33.712769,-16.078046],[33.712767,-16.077503],[33.713047,-16.077502],[33.713045,-16.07696],[33.713326,-16.076959],[33.713318,-16.07479],[33.713038,-16.074791],[33.713019,-16.069638],[33.7133,-16.069637],[33.713296,-16.068552],[33.713015,-16.068553]]]}},{"type":"Feature","properties":{"ano":2025,"camada":"agua","area_km2":0.0414},"geometry":{"type":"Polygon","coordinates":[[[33.711647,-16.078049],[33.711648,-16.078321],[33.711088,-16.078594],[33.711092,-16.079678],[33.710811,-16.079679],[33.710815,-16.080764],[33.710534,-16.080765],[33.710537,-16.081579],[33.710257,-16.08158],[33.71026,-16.082393],[33.709979,-16.082394],[33.709981,-16.082936],[33.710541,-16.082663],[33.710539,-16.082121],[33.7111,-16.082119],[33.711101,-16.08239],[33.711663,-16.08266],[33.711661,-16.082117],[33.711381,-16.082118],[33.711379,-16.081576],[33.711098,-16.081577],[33.711096,-16.081034],[33.711377,-16.081033],[33.711372,-16.079678],[33.711653,-16.079677],[33.711652,-16.079405],[33.711932,-16.079404],[33.71193,-16.078862],[33.712211,-16.078861],[33.712209,-16.078319],[33.711647,-16.078049]]]}},{"type":"Feature","properties":{"ano":2025,"camada":"agua","area_km2":0.0045},"geometry":{"type":"Polygon","coordinates":[[[33.711663,-16.08266],[33.711668,-16.084016],[33.711948,-16.084015],[33.711944,-16.082659],[33.711663,-16.08266]]]}},{"type":"Feature","properties":{"ano":2025,"camada":"agua","area_km2":0.0018},"geometry":{"type":"Polygon","coordinates":[[[33.602554,-16.083808],[33.602555,-16.084351],[33.602836,-16.08435],[33.602834,-16.083808],[33.602554,-16.083808]]]}},{"type":"Feature","properties":{"ano":2025,"camada":"agua","area_km2":0.0072},"geometry":{"type":"Polygon","coordinates":[[[33.711949,-16.084286],[33.711953,-16.085371],[33.712234,-16.08537],[33.712235,-16.085641],[33.712796,-16.085639],[33.712795,-16.085368],[33.712514,-16.085369],[33.712512,-16.084826],[33.712232,-16.084827],[33.71223,-16.084285],[33.711949,-16.084286]]]}},{"type":"Feature","properties":{"ano":2025,"camada":"agua","area_km2":0.0027},"geometry":{"type":"Polygon","coordinates":[[[33.712796,-16.085639],[33.712799,-16.086453],[33.713079,-16.086452],[33.713076,-16.085638],[33.712796,-16.085639]]]}},{"type":"Feature","properties":{"ano":2025,"camada":"agua","area_km2":0.0009},"geometry":{"type":"Polygon","coordinates":[[[33.711398,-16.087],[33.711399,-16.087271],[33.71168,-16.08727],[33.711679,-16.086999],[33.711398,-16.087]]]}},{"type":"Feature","properties":{"ano":2025,"camada":"agua","area_km2":0.0009},"geometry":{"type":"Polygon","coordinates":[[[33.711121,-16.088085],[33.711122,-16.088357],[33.711403,-16.088356],[33.711402,-16.088084],[33.711121,-16.088085]]]}},{"type":"Feature","properties":{"ano":2025,"camada":"agua","area_km2":0.0063},"geometry":{"type":"Polygon","coordinates":[[[33.711403,-16.088356],[33.711406,-16.089169],[33.712247,-16.089166],[33.712245,-16.088624],[33.711684,-16.088626],[33.711683,-16.088355],[33.711403,-16.088356]]]}},{"type":"Feature","properties":{"ano":2025,"camada":"agua","area_km2":0.0009},"geometry":{"type":"Polygon","coordinates":[[[33.711125,-16.08917],[33.711126,-16.089441],[33.711407,-16.08944],[33.711406,-16.089169],[33.711125,-16.08917]]]}},{"type":"Feature","properties":{"ano":2025,"camada":"agua","area_km2":0.0018},"geometry":{"type":"Polygon","coordinates":[[[33.710565,-16.089443],[33.710566,-16.089714],[33.711127,-16.089712],[33.711126,-16.089441],[33.710565,-16.089443]]]}},{"type":"Feature","properties":{"ano":2025,"camada":"agua","area_km2":0.0009},"geometry":{"type":"Polygon","coordinates":[[[33.711687,-16.089439],[33.711688,-16.089711],[33.711969,-16.08971],[33.711968,-16.089438],[33.711687,-16.089439]]]}},{"type":"Feature","properties":{"ano":2025,"camada":"agua","area_km2":0.0009},"geometry":{"type":"Polygon","coordinates":[[[33.704404,-16.092175],[33.704405,-16.092447],[33.704685,-16.092446],[33.704684,-16.092175],[33.704404,-16.092175]]]}},{"type":"Feature","properties":{"ano":2025,"camada":"agua","area_km2":0.0009},"geometry":{"type":"Polygon","coordinates":[[[33.702443,-16.092995],[33.702444,-16.093267],[33.702725,-16.093266],[33.702724,-16.092995],[33.702443,-16.092995]]]}},{"type":"Feature","properties":{"ano":2025,"camada":"agua","area_km2":0.0009},"geometry":{"type":"Polygon","coordinates":[[[33.703004,-16.092994],[33.703005,-16.093265],[33.703286,-16.093264],[33.703285,-16.092993],[33.703004,-16.092994]]]}},{"type":"Feature","properties":{"ano":2025,"camada":"agua","area_km2":0.0009},"geometry":{"type":"Polygon","coordinates":[[[33.698237,-16.09328],[33.698237,-16.093552],[33.698518,-16.093551],[33.698517,-16.09328],[33.698237,-16.09328]]]}},{"type":"Feature","properties":{"ano":2025,"camada":"agua","area_km2":0.1188},"geometry":{"type":"Polygon","coordinates":[[[33.709702,-16.083209],[33.709704,-16.083751],[33.709423,-16.083752],[33.709427,-16.084837],[33.709146,-16.084838],[33.70915,-16.085922],[33.70887,-16.085923],[33.708872,-16.086466],[33.709152,-16.086465],[33.709165,-16.08999],[33.708884,-16.089991],[33.708606,-16.090534],[33.708325,-16.090535],[33.708324,-16.090264],[33.707203,-16.090539],[33.707204,-16.09081],[33.706924,-16.090811],[33.706645,-16.091354],[33.706084,-16.091356],[33.705805,-16.0919],[33.704964,-16.091902],[33.704966,-16.092445],[33.705527,-16.092443],[33.705531,-16.093528],[33.704689,-16.09353],[33.704411,-16.094074],[33.704972,-16.094072],[33.704971,-16.093801],[33.705812,-16.093798],[33.705813,-16.094069],[33.706094,-16.094068],[33.706093,-16.093797],[33.706373,-16.093796],[33.70637,-16.092983],[33.706651,-16.092982],[33.70665,-16.09271],[33.70721,-16.092437],[33.707208,-16.091895],[33.707488,-16.091894],[33.707767,-16.091351],[33.708329,-16.09162],[33.708328,-16.091349],[33.708889,-16.091347],[33.709168,-16.090804],[33.709729,-16.090802],[33.709728,-16.090531],[33.710008,-16.09053],[33.710007,-16.090259],[33.710567,-16.089986],[33.710285,-16.089444],[33.709724,-16.089446],[33.70972,-16.088361],[33.709439,-16.088362],[33.709437,-16.08782],[33.709718,-16.087819],[33.709717,-16.087548],[33.709437,-16.087549],[33.709432,-16.086193],[33.709712,-16.086192],[33.709705,-16.084022],[33.709985,-16.084021],[33.709982,-16.083208],[33.709702,-16.083209]],[[33.709725,-16.089717],[33.710005,-16.089716],[33.710007,-16.090259],[33.709727,-16.09026],[33.709725,-16.089717]],[[33.706646,-16.091626],[33.706926,-16.091625],[33.706927,-16.091896],[33.706647,-16.091897],[33.706646,-16.091626]]]}},{"type":"Feature","properties":{"ano":2025,"camada":"agua","area_km2":0.0009},"geometry":{"type":"Polygon","coordinates":[[[33.704972,-16.094343],[33.704973,-16.094614],[33.705254,-16.094613],[33.705253,-16.094342],[33.704972,-16.094343]]]}},{"type":"Feature","properties":{"ano":2025,"camada":"agua","area_km2":0.0063},"geometry":{"type":"Polygon","coordinates":[[[33.70385,-16.094076],[33.70385,-16.094347],[33.703289,-16.094349],[33.70329,-16.09462],[33.704413,-16.094887],[33.704412,-16.094616],[33.704132,-16.094617],[33.704411,-16.094074],[33.70385,-16.094076]]]}},{"type":"Feature","properties":{"ano":2025,"camada":"agua","area_km2":0.0009},"geometry":{"type":"Polygon","coordinates":[[[33.704693,-16.094615],[33.704694,-16.094886],[33.704974,-16.094886],[33.704973,-16.094614],[33.704693,-16.094615]]]}},{"type":"Feature","properties":{"ano":2025,"camada":"agua","area_km2":0.1188},"geometry":{"type":"Polygon","coordinates":[[[33.692341,-16.091944],[33.692063,-16.092487],[33.691782,-16.092488],[33.691781,-16.092217],[33.69122,-16.092218],[33.691221,-16.09249],[33.690941,-16.092491],[33.690942,-16.092762],[33.690661,-16.092763],[33.690382,-16.093306],[33.689821,-16.093308],[33.689822,-16.093579],[33.689542,-16.09358],[33.689545,-16.094393],[33.689264,-16.094394],[33.689263,-16.094123],[33.688701,-16.093854],[33.688704,-16.094667],[33.688424,-16.094668],[33.688147,-16.095754],[33.688427,-16.095753],[33.688706,-16.09521],[33.689267,-16.095208],[33.689266,-16.094937],[33.690387,-16.094662],[33.690386,-16.094391],[33.690667,-16.09439],[33.690666,-16.094119],[33.690385,-16.09412],[33.690664,-16.093576],[33.691225,-16.093574],[33.691227,-16.094117],[33.692068,-16.094114],[33.692067,-16.093843],[33.692348,-16.093842],[33.692626,-16.093299],[33.694029,-16.093294],[33.69403,-16.093565],[33.695432,-16.093561],[33.695433,-16.093832],[33.695994,-16.09383],[33.695995,-16.094101],[33.696556,-16.0941],[33.696557,-16.094371],[33.697678,-16.094096],[33.697396,-16.093554],[33.696835,-16.093556],[33.696834,-16.093285],[33.696273,-16.093287],[33.696272,-16.093016],[33.69487,-16.09302],[33.694587,-16.092479],[33.693746,-16.092482],[33.693745,-16.09221],[33.693184,-16.092212],[33.693183,-16.091941],[33.692341,-16.091944]],[[33.691502,-16.092489],[33.691782,-16.092488],[33.691783,-16.092759],[33.691503,-16.09276],[33.691502,-16.092489]]]}},{"type":"Feature","properties":{"ano":2025,"camada":"agua","area_km2":0.054},"geometry":{"type":"Polygon","coordinates":[[[33.697678,-16.094096],[33.697963,-16.09518],[33.698243,-16.095179],[33.698526,-16.09572],[33.699087,-16.095718],[33.699088,-16.09599],[33.701332,-16.095982],[33.701331,-16.095711],[33.701892,-16.095709],[33.701893,-16.09598],[33.702173,-16.09598],[33.702172,-16.095708],[33.703014,-16.095706],[33.703013,-16.095434],[33.703574,-16.095433],[33.703573,-16.095161],[33.703853,-16.09516],[33.703852,-16.094889],[33.703291,-16.094891],[33.70329,-16.09462],[33.702449,-16.094623],[33.70217,-16.095166],[33.701048,-16.09517],[33.701047,-16.094898],[33.700767,-16.094899],[33.700768,-16.095171],[33.699646,-16.095174],[33.699645,-16.094903],[33.699084,-16.094905],[33.699083,-16.094634],[33.698241,-16.094636],[33.69824,-16.094365],[33.697678,-16.094096]],[[33.70273,-16.094893],[33.703291,-16.094891],[33.703292,-16.095162],[33.702731,-16.095164],[33.70273,-16.094893]],[[33.698804,-16.095177],[33.699085,-16.095176],[33.699086,-16.095447],[33.698805,-16.095448],[33.698804,-16.095177]],[[33.702451,-16.095165],[33.702731,-16.095164],[33.702732,-16.095435],[33.702452,-16.095436],[33.702451,-16.095165]],[[33.699366,-16.095446],[33.699927,-16.095444],[33.699928,-16.095716],[33.699367,-16.095718],[33.699366,-16.095446]],[[33.700488,-16.095443],[33.700769,-16.095442],[33.70077,-16.095713],[33.700489,-16.095714],[33.700488,-16.095443]]]}},{"type":"Feature","properties":{"ano":2025,"camada":"agua","area_km2":0.0009},"geometry":{"type":"Polygon","coordinates":[[[33.687866,-16.095755],[33.687867,-16.096026],[33.688148,-16.096025],[33.688147,-16.095754],[33.687866,-16.095755]]]}},{"type":"Feature","properties":{"ano":2025,"camada":"agua","area_km2":0.0009},"geometry":{"type":"Polygon","coordinates":[[[33.687587,-16.096027],[33.687588,-16.096298],[33.687868,-16.096297],[33.687867,-16.096026],[33.687587,-16.096027]]]}},{"type":"Feature","properties":{"ano":2025,"camada":"agua","area_km2":0.0054},"geometry":{"type":"Polygon","coordinates":[[[33.684782,-16.096307],[33.684783,-16.096578],[33.686466,-16.096573],[33.686466,-16.096302],[33.684782,-16.096307]]]}},{"type":"Feature","properties":{"ano":2025,"camada":"agua","area_km2":0.0009},"geometry":{"type":"Polygon","coordinates":[[[33.687307,-16.096299],[33.687308,-16.09657],[33.687589,-16.096569],[33.687588,-16.096298],[33.687307,-16.096299]]]}},{"type":"Feature","properties":{"ano":2025,"camada":"agua","area_km2":0.0009},"geometry":{"type":"Polygon","coordinates":[[[33.687028,-16.096571],[33.687028,-16.096842],[33.687309,-16.096841],[33.687308,-16.09657],[33.687028,-16.096571]]]}},{"type":"Feature","properties":{"ano":2025,"camada":"agua","area_km2":0.0054},"geometry":{"type":"Polygon","coordinates":[[[33.684222,-16.09658],[33.684224,-16.097122],[33.683944,-16.097123],[33.683945,-16.097395],[33.684506,-16.097393],[33.684505,-16.097122],[33.684785,-16.097121],[33.684783,-16.096578],[33.684222,-16.09658]]]}},{"type":"Feature","properties":{"ano":2025,"camada":"agua","area_km2":0.0009},"geometry":{"type":"Polygon","coordinates":[[[33.683665,-16.097667],[33.683666,-16.097938],[33.683947,-16.097937],[33.683946,-16.097666],[33.683665,-16.097667]]]}},{"type":"Feature","properties":{"ano":2025,"camada":"agua","area_km2":0.0009},"geometry":{"type":"Polygon","coordinates":[[[33.683385,-16.097939],[33.683386,-16.09821],[33.683667,-16.098209],[33.683666,-16.097938],[33.683385,-16.097939]]]}},{"type":"Feature","properties":{"ano":2025,"camada":"agua","area_km2":0.0045},"geometry":{"type":"Polygon","coordinates":[[[33.685068,-16.097662],[33.684789,-16.098205],[33.685631,-16.098203],[33.685629,-16.09766],[33.685068,-16.097662]]]}},{"type":"Feature","properties":{"ano":2025,"camada":"agua","area_km2":0.0009},"geometry":{"type":"Polygon","coordinates":[[[33.684508,-16.098206],[33.684509,-16.098478],[33.68479,-16.098477],[33.684789,-16.098205],[33.684508,-16.098206]]]}},{"type":"Feature","properties":{"ano":2025,"camada":"agua","area_km2":0.0018},"geometry":{"type":"Polygon","coordinates":[[[33.683106,-16.098211],[33.683108,-16.098753],[33.683388,-16.098752],[33.683386,-16.09821],[33.683106,-16.098211]]]}},{"type":"Feature","properties":{"ano":2025,"camada":"agua","area_km2":0.0009},"geometry":{"type":"Polygon","coordinates":[[[33.685071,-16.098747],[33.685072,-16.099018],[33.685353,-16.099017],[33.685352,-16.098746],[33.685071,-16.098747]]]}},{"type":"Feature","properties":{"ano":2025,"camada":"agua","area_km2":0.0009},"geometry":{"type":"Polygon","coordinates":[[[33.682549,-16.099297],[33.68255,-16.099569],[33.68283,-16.099568],[33.682829,-16.099296],[33.682549,-16.099297]]]}},{"type":"Feature","properties":{"ano":2025,"camada":"agua","area_km2":0.0009},"geometry":{"type":"Polygon","coordinates":[[[33.503018,-16.100609],[33.503019,-16.10088],[33.503299,-16.10088],[33.503298,-16.100608],[33.503018,-16.100609]]]}},{"type":"Feature","properties":{"ano":2025,"camada":"agua","area_km2":0.0009},"geometry":{"type":"Polygon","coordinates":[[[33.5033,-16.101151],[33.5033,-16.101422],[33.503581,-16.101421],[33.50358,-16.10115],[33.5033,-16.101151]]]}},{"type":"Feature","properties":{"ano":2025,"camada":"agua","area_km2":0.0117},"geometry":{"type":"Polygon","coordinates":[[[33.503582,-16.101692],[33.503586,-16.10332],[33.503305,-16.10332],[33.503306,-16.103591],[33.503868,-16.103861],[33.503866,-16.103319],[33.504147,-16.103318],[33.504144,-16.102234],[33.503864,-16.102234],[33.503862,-16.101692],[33.503582,-16.101692]]]}},{"type":"Feature","properties":{"ano":2025,"camada":"agua","area_km2":0.0009},"geometry":{"type":"Polygon","coordinates":[[[33.662655,-16.106411],[33.662656,-16.106682],[33.662937,-16.106681],[33.662936,-16.10641],[33.662655,-16.106411]]]}},{"type":"Feature","properties":{"ano":2025,"camada":"agua","area_km2":0.2754},"geometry":{"type":"Polygon","coordinates":[[[33.68423,-16.09875],[33.683953,-16.099835],[33.683392,-16.099837],[33.683393,-16.100108],[33.682832,-16.10011],[33.682831,-16.099839],[33.68255,-16.09984],[33.682552,-16.100382],[33.682272,-16.100383],[33.682275,-16.101197],[33.681994,-16.101198],[33.681996,-16.10174],[33.681435,-16.101742],[33.681439,-16.102826],[33.681158,-16.102827],[33.681159,-16.103099],[33.680317,-16.103101],[33.680318,-16.103372],[33.680038,-16.103373],[33.679759,-16.103917],[33.679198,-16.103918],[33.679199,-16.10419],[33.678638,-16.104191],[33.678637,-16.10392],[33.677234,-16.103925],[33.677235,-16.104196],[33.676113,-16.104199],[33.676114,-16.104471],[33.675834,-16.104471],[33.675833,-16.1042],[33.672747,-16.10421],[33.672746,-16.103939],[33.671905,-16.103941],[33.671903,-16.103399],[33.669659,-16.103677],[33.669658,-16.103135],[33.668816,-16.103138],[33.668817,-16.103409],[33.667975,-16.103411],[33.667974,-16.10314],[33.667694,-16.103141],[33.667695,-16.103412],[33.667135,-16.103685],[33.667137,-16.104228],[33.666856,-16.104228],[33.666577,-16.104772],[33.666016,-16.104773],[33.666017,-16.105045],[33.664896,-16.105319],[33.664897,-16.105591],[33.664337,-16.105863],[33.664339,-16.106406],[33.663497,-16.106408],[33.663498,-16.10668],[33.662937,-16.106681],[33.662938,-16.106953],[33.66434,-16.106948],[33.664339,-16.106677],[33.665462,-16.106674],[33.66574,-16.10613],[33.666301,-16.106129],[33.6663,-16.105857],[33.666861,-16.105584],[33.666859,-16.105042],[33.6677,-16.105039],[33.667699,-16.104768],[33.668541,-16.104766],[33.66854,-16.104494],[33.670784,-16.104487],[33.670785,-16.104759],[33.671346,-16.104757],[33.671347,-16.105028],[33.673311,-16.105022],[33.673312,-16.105293],[33.673873,-16.105291],[33.673872,-16.10502],[33.677519,-16.105008],[33.677518,-16.104737],[33.679481,-16.104731],[33.67948,-16.10446],[33.680603,-16.104456],[33.680602,-16.104185],[33.681163,-16.104183],[33.681162,-16.103912],[33.681442,-16.103911],[33.681441,-16.10364],[33.681722,-16.103639],[33.681721,-16.103368],[33.682001,-16.103367],[33.682001,-16.103096],[33.682561,-16.102823],[33.682559,-16.10228],[33.683119,-16.102008],[33.683396,-16.100922],[33.683676,-16.100921],[33.683675,-16.10065],[33.683956,-16.100649],[33.683955,-16.100378],[33.684515,-16.100105],[33.684513,-16.099562],[33.685073,-16.099289],[33.685072,-16.099018],[33.684511,-16.09902],[33.68451,-16.098749],[33.68423,-16.09875]],[[33.668817,-16.103409],[33.669378,-16.103407],[33.669379,-16.103678],[33.668818,-16.10368],[33.668817,-16.103409]],[[33.670782,-16.103945],[33.671063,-16.103944],[33.671064,-16.104215],[33.670783,-16.104216],[33.670782,-16.103945]]]}},{"type":"Feature","properties":{"ano":2025,"camada":"agua","area_km2":0.0018},"geometry":{"type":"Polygon","coordinates":[[[33.659012,-16.107507],[33.659014,-16.108049],[33.659294,-16.108049],[33.659293,-16.107506],[33.659012,-16.107507]]]}},{"type":"Feature","properties":{"ano":2025,"camada":"agua","area_km2":0.0459},"geometry":{"type":"Polygon","coordinates":[[[33.65985,-16.10642],[33.659851,-16.106691],[33.658448,-16.106695],[33.658449,-16.106966],[33.657888,-16.106968],[33.657889,-16.107239],[33.657609,-16.10724],[33.65733,-16.107783],[33.656769,-16.107785],[33.65677,-16.108056],[33.655928,-16.108059],[33.655929,-16.10833],[33.655648,-16.108331],[33.655649,-16.108602],[33.655369,-16.108603],[33.65537,-16.108874],[33.655089,-16.108875],[33.65481,-16.109418],[33.655372,-16.109417],[33.655371,-16.109145],[33.655651,-16.109145],[33.65565,-16.108873],[33.656211,-16.108872],[33.65649,-16.108328],[33.657332,-16.108326],[33.657331,-16.108055],[33.657892,-16.108053],[33.65789,-16.107511],[33.658171,-16.10751],[33.65817,-16.107239],[33.659292,-16.107235],[33.659293,-16.107506],[33.661536,-16.107228],[33.661533,-16.106415],[33.661253,-16.106415],[33.660974,-16.106959],[33.660413,-16.10696],[33.660412,-16.106689],[33.65985,-16.10642]]]}},{"type":"Feature","properties":{"ano":2025,"camada":"agua","area_km2":0.045},"geometry":{"type":"Polygon","coordinates":[[[33.653688,-16.109422],[33.65341,-16.109965],[33.652848,-16.109967],[33.652851,-16.11078],[33.652571,-16.110781],[33.652572,-16.111324],[33.652011,-16.111325],[33.652013,-16.111868],[33.651733,-16.111869],[33.651733,-16.11214],[33.651173,-16.112413],[33.651175,-16.112955],[33.650055,-16.113501],[33.650337,-16.114042],[33.650618,-16.114042],[33.650617,-16.11377],[33.650897,-16.113769],[33.650896,-16.113498],[33.651177,-16.113497],[33.651176,-16.113226],[33.651456,-16.113225],[33.651735,-16.112682],[33.652296,-16.11268],[33.652294,-16.111867],[33.652574,-16.111866],[33.652853,-16.111323],[33.653414,-16.111321],[33.653691,-16.110235],[33.654252,-16.110234],[33.654251,-16.109962],[33.654811,-16.10969],[33.65481,-16.109418],[33.653688,-16.109422]]]}},{"type":"Feature","properties":{"ano":2025,"camada":"agua","area_km2":0.009},"geometry":{"type":"Polygon","coordinates":[[[33.649495,-16.114045],[33.649496,-16.114316],[33.649216,-16.114317],[33.649219,-16.115402],[33.6495,-16.115401],[33.649498,-16.114858],[33.650059,-16.114857],[33.650056,-16.114043],[33.649495,-16.114045]]]}},{"type":"Feature","properties":{"ano":2025,"camada":"agua","area_km2":0.0018},"geometry":{"type":"Polygon","coordinates":[[[33.648378,-16.115404],[33.648378,-16.115675],[33.64894,-16.115674],[33.648939,-16.115403],[33.648378,-16.115404]]]}},{"type":"Feature","properties":{"ano":2025,"camada":"agua","area_km2":0.0099},"geometry":{"type":"Polygon","coordinates":[[[33.647817,-16.115677],[33.647818,-16.115948],[33.647538,-16.115949],[33.647539,-16.11622],[33.646978,-16.116493],[33.64698,-16.117036],[33.6467,-16.117037],[33.646701,-16.117308],[33.647262,-16.117306],[33.64726,-16.116764],[33.64754,-16.116763],[33.64754,-16.116492],[33.64782,-16.116491],[33.647819,-16.11622],[33.648379,-16.115947],[33.648378,-16.115675],[33.647817,-16.115677]]]}},{"type":"Feature","properties":{"ano":2025,"camada":"agua","area_km2":0.0477},"geometry":{"type":"Polygon","coordinates":[[[33.646701,-16.117579],[33.646702,-16.11785],[33.646422,-16.117851],[33.646424,-16.118393],[33.646143,-16.118394],[33.646146,-16.119208],[33.645865,-16.119209],[33.645867,-16.119751],[33.645586,-16.119752],[33.645588,-16.120294],[33.645307,-16.120295],[33.645309,-16.120837],[33.645029,-16.120838],[33.645031,-16.121652],[33.644751,-16.121653],[33.644752,-16.121924],[33.644471,-16.121925],[33.644473,-16.122467],[33.644192,-16.122468],[33.644193,-16.122739],[33.643913,-16.12274],[33.643913,-16.123011],[33.643633,-16.123012],[33.643634,-16.123283],[33.643074,-16.123556],[33.643076,-16.12437],[33.642796,-16.124371],[33.642797,-16.124913],[33.643078,-16.124912],[33.643077,-16.124641],[33.643637,-16.124368],[33.643636,-16.123826],[33.643916,-16.123825],[33.643915,-16.123554],[33.644475,-16.123281],[33.644753,-16.122195],[33.645033,-16.122194],[33.645032,-16.121923],[33.645592,-16.12165],[33.64559,-16.120837],[33.64587,-16.120836],[33.645869,-16.120293],[33.646149,-16.120293],[33.646147,-16.11975],[33.646428,-16.119749],[33.646426,-16.119207],[33.646707,-16.119206],[33.646703,-16.118121],[33.646984,-16.11812],[33.646982,-16.117578],[33.646701,-16.117579]]]}},{"type":"Feature","properties":{"ano":2025,"camada":"agua","area_km2":0.0018},"geometry":{"type":"Polygon","coordinates":[[[33.560881,-16.127314],[33.560882,-16.127585],[33.561443,-16.127583],[33.561442,-16.127312],[33.560881,-16.127314]]]}},{"type":"Feature","properties":{"ano":2025,"camada":"agua","area_km2":0.0045},"geometry":{"type":"Polygon","coordinates":[[[33.542926,-16.127631],[33.542928,-16.128174],[33.543489,-16.128172],[33.543488,-16.127901],[33.543769,-16.1279],[33.543768,-16.127629],[33.542926,-16.127631]]]}},{"type":"Feature","properties":{"ano":2025,"camada":"agua","area_km2":0.0009},"geometry":{"type":"Polygon","coordinates":[[[33.542647,-16.128174],[33.542648,-16.128446],[33.542928,-16.128445],[33.542928,-16.128174],[33.542647,-16.128174]]]}},{"type":"Feature","properties":{"ano":2025,"camada":"agua","area_km2":0.0009},"geometry":{"type":"Polygon","coordinates":[[[33.544611,-16.128169],[33.544612,-16.128441],[33.544892,-16.12844],[33.544892,-16.128169],[33.544611,-16.128169]]]}},{"type":"Feature","properties":{"ano":2025,"camada":"agua","area_km2":0.0009},"geometry":{"type":"Polygon","coordinates":[[[33.540123,-16.128452],[33.540123,-16.128723],[33.540404,-16.128722],[33.540403,-16.128451],[33.540123,-16.128452]]]}},{"type":"Feature","properties":{"ano":2025,"camada":"agua","area_km2":0.0009},"geometry":{"type":"Polygon","coordinates":[[[33.542087,-16.128447],[33.542087,-16.128718],[33.542368,-16.128717],[33.542367,-16.128446],[33.542087,-16.128447]]]}},{"type":"Feature","properties":{"ano":2025,"camada":"agua","area_km2":0.0027},"geometry":{"type":"Polygon","coordinates":[[[33.540965,-16.128721],[33.540966,-16.128992],[33.541808,-16.12899],[33.541807,-16.128719],[33.540965,-16.128721]]]}},{"type":"Feature","properties":{"ano":2025,"camada":"agua","area_km2":0.0009},"geometry":{"type":"Polygon","coordinates":[[[33.539563,-16.128996],[33.539564,-16.129267],[33.539844,-16.129266],[33.539844,-16.128995],[33.539563,-16.128996]]]}},{"type":"Feature","properties":{"ano":2025,"camada":"agua","area_km2":0.0063},"geometry":{"type":"Polygon","coordinates":[[[33.538722,-16.129269],[33.538723,-16.12954],[33.537881,-16.129542],[33.537882,-16.129814],[33.539004,-16.129811],[33.539003,-16.12954],[33.539565,-16.129538],[33.539564,-16.129267],[33.538722,-16.129269]]]}},{"type":"Feature","properties":{"ano":2025,"camada":"agua","area_km2":0.0045},"geometry":{"type":"Polygon","coordinates":[[[33.53704,-16.129816],[33.537042,-16.130358],[33.537603,-16.130357],[33.537602,-16.130085],[33.537883,-16.130085],[33.537882,-16.129814],[33.53704,-16.129816]]]}},{"type":"Feature","properties":{"ano":2025,"camada":"agua","area_km2":0.0009},"geometry":{"type":"Polygon","coordinates":[[[33.536761,-16.130359],[33.536762,-16.13063],[33.537042,-16.130629],[33.537042,-16.130358],[33.536761,-16.130359]]]}},{"type":"Feature","properties":{"ano":2025,"camada":"agua","area_km2":0.0819},"geometry":{"type":"Polygon","coordinates":[[[33.767938,-16.128567],[33.767939,-16.128838],[33.767379,-16.129112],[33.767381,-16.129654],[33.767662,-16.129653],[33.767663,-16.129924],[33.768225,-16.130193],[33.768227,-16.130736],[33.768507,-16.130735],[33.76851,-16.131277],[33.76879,-16.131276],[33.768792,-16.131818],[33.769073,-16.131817],[33.769358,-16.132901],[33.76992,-16.13317],[33.769922,-16.133713],[33.770202,-16.133712],[33.770203,-16.133983],[33.770764,-16.133981],[33.770766,-16.134252],[33.771327,-16.13425],[33.771324,-16.133436],[33.770761,-16.133167],[33.770758,-16.132354],[33.770196,-16.132084],[33.770194,-16.131542],[33.769913,-16.131543],[33.769911,-16.131001],[33.769631,-16.131002],[33.769628,-16.130188],[33.769347,-16.130189],[33.769346,-16.129918],[33.769065,-16.129919],[33.769063,-16.129377],[33.768783,-16.129378],[33.768782,-16.129107],[33.768501,-16.129108],[33.7685,-16.128836],[33.767938,-16.128567]]]}},{"type":"Feature","properties":{"ano":2025,"camada":"agua","area_km2":0.0108},"geometry":{"type":"Polygon","coordinates":[[[33.733728,-16.133298],[33.733732,-16.134383],[33.734573,-16.13438],[33.734569,-16.133295],[33.733728,-16.133298]]]}},{"type":"Feature","properties":{"ano":2025,"camada":"agua","area_km2":0.0009},"geometry":{"type":"Polygon","coordinates":[[[33.643116,-16.136573],[33.643116,-16.136845],[33.643397,-16.136844],[33.643396,-16.136573],[33.643116,-16.136573]]]}},{"type":"Feature","properties":{"ano":2025,"camada":"agua","area_km2":0.018},"geometry":{"type":"Polygon","coordinates":[[[33.760953,-16.136185],[33.760954,-16.136457],[33.760674,-16.136458],[33.760676,-16.137],[33.760956,-16.136999],[33.760959,-16.137813],[33.761522,-16.138082],[33.761521,-16.137811],[33.762082,-16.137809],[33.762081,-16.137537],[33.7618,-16.137538],[33.761797,-16.136725],[33.761516,-16.136726],[33.761514,-16.136183],[33.760953,-16.136185]]]}},{"type":"Feature","properties":{"ano":2025,"camada":"agua","area_km2":0.1467},"geometry":{"type":"Polygon","coordinates":[[[33.642518,-16.125185],[33.64252,-16.125999],[33.64224,-16.125999],[33.642242,-16.126542],[33.641961,-16.126543],[33.641964,-16.127356],[33.641683,-16.127357],[33.641967,-16.128441],[33.641406,-16.128443],[33.641407,-16.128714],[33.641687,-16.128713],[33.641691,-16.129798],[33.641971,-16.129797],[33.641974,-16.130611],[33.642255,-16.13061],[33.642261,-16.132508],[33.642541,-16.132507],[33.642543,-16.13305],[33.642824,-16.133049],[33.642827,-16.134134],[33.643108,-16.134133],[33.643112,-16.135489],[33.642551,-16.13549],[33.642552,-16.135762],[33.641992,-16.136034],[33.641997,-16.137662],[33.641716,-16.137662],[33.641718,-16.138205],[33.641158,-16.138478],[33.64116,-16.139291],[33.641441,-16.13929],[33.641164,-16.140376],[33.641444,-16.140375],[33.641728,-16.141459],[33.642009,-16.141458],[33.642006,-16.140373],[33.642286,-16.140373],[33.642285,-16.140101],[33.642005,-16.140102],[33.642002,-16.139289],[33.642283,-16.139288],[33.642281,-16.138745],[33.642561,-16.138745],[33.642556,-16.137117],[33.643117,-16.137116],[33.643116,-16.136845],[33.642836,-16.136845],[33.642833,-16.136032],[33.643394,-16.13603],[33.643396,-16.136573],[33.643677,-16.136572],[33.643671,-16.134945],[33.644233,-16.134943],[33.64423,-16.134129],[33.643669,-16.134131],[33.64367,-16.134402],[33.643389,-16.134403],[33.643387,-16.133861],[33.643949,-16.133859],[33.643946,-16.133045],[33.643665,-16.133046],[33.643664,-16.132504],[33.643102,-16.132506],[33.6431,-16.131692],[33.642539,-16.131694],[33.642522,-16.126541],[33.642803,-16.12654],[33.642798,-16.125184],[33.642518,-16.125185]]]}},{"type":"Feature","properties":{"ano":2025,"camada":"agua","area_km2":0.1107},"geometry":{"type":"Polygon","coordinates":[[[33.735715,-16.139528],[33.735716,-16.1398],[33.735155,-16.140073],[33.735159,-16.141157],[33.73544,-16.141156],[33.735442,-16.141699],[33.736003,-16.141697],[33.736004,-16.141968],[33.736285,-16.141967],[33.736286,-16.142238],[33.736566,-16.142237],[33.736567,-16.142508],[33.736848,-16.142508],[33.736849,-16.142779],[33.737129,-16.142778],[33.73713,-16.143049],[33.737411,-16.143048],[33.737412,-16.143319],[33.737693,-16.143318],[33.737694,-16.143589],[33.737974,-16.143588],[33.737975,-16.14386],[33.738256,-16.143859],[33.738538,-16.1444],[33.73938,-16.144397],[33.739377,-16.143584],[33.739097,-16.143584],[33.739094,-16.143042],[33.738532,-16.142773],[33.73853,-16.14223],[33.73825,-16.142231],[33.738246,-16.141147],[33.737684,-16.140877],[33.737682,-16.140335],[33.737401,-16.140336],[33.7374,-16.140065],[33.737119,-16.140066],[33.736837,-16.139524],[33.735715,-16.139528]]]}},{"type":"Feature","properties":{"ano":2025,"camada":"agua","area_km2":0.0027},"geometry":{"type":"Polygon","coordinates":[[[33.643702,-16.144436],[33.643704,-16.144979],[33.644265,-16.144977],[33.644264,-16.144706],[33.643702,-16.144436]]]}},{"type":"Feature","properties":{"ano":2025,"camada":"agua","area_km2":0.0018},"geometry":{"type":"Polygon","coordinates":[[[33.643985,-16.145249],[33.643987,-16.145791],[33.644268,-16.145791],[33.644266,-16.145248],[33.643985,-16.145249]]]}},{"type":"Feature","properties":{"ano":2025,"camada":"agua","area_km2":0.0621},"geometry":{"type":"Polygon","coordinates":[[[33.642009,-16.141458],[33.642012,-16.142272],[33.642292,-16.142271],[33.642293,-16.142542],[33.642574,-16.142541],[33.642575,-16.142812],[33.643137,-16.143082],[33.643139,-16.143896],[33.64342,-16.143895],[33.643422,-16.144437],[33.643702,-16.144436],[33.643701,-16.144165],[33.644262,-16.144163],[33.644263,-16.144435],[33.644544,-16.144434],[33.644547,-16.145518],[33.644828,-16.145518],[33.64483,-16.14606],[33.644549,-16.146061],[33.64455,-16.146332],[33.644831,-16.146331],[33.644831,-16.146602],[33.645394,-16.146872],[33.6454,-16.14877],[33.64568,-16.148769],[33.645679,-16.148498],[33.64596,-16.148497],[33.645958,-16.147955],[33.646239,-16.147954],[33.646237,-16.147412],[33.645956,-16.147413],[33.645955,-16.14687],[33.645393,-16.146601],[33.645388,-16.145245],[33.645108,-16.145246],[33.645105,-16.144432],[33.644824,-16.144433],[33.644823,-16.14389],[33.644542,-16.143891],[33.64426,-16.14335],[33.643699,-16.143351],[33.643698,-16.14308],[33.643136,-16.142811],[33.642852,-16.141727],[33.642571,-16.141728],[33.64257,-16.141457],[33.642009,-16.141458]]]}},{"type":"Feature","properties":{"ano":2025,"camada":"agua","area_km2":0.0216},"geometry":{"type":"Polygon","coordinates":[[[33.659145,-16.147643],[33.659147,-16.148186],[33.658866,-16.148187],[33.658871,-16.149543],[33.659151,-16.149542],[33.659152,-16.149813],[33.659713,-16.149811],[33.659709,-16.148455],[33.659989,-16.148454],[33.659987,-16.147641],[33.659145,-16.147643]]]}},{"type":"Feature","properties":{"ano":2025,"camada":"agua","area_km2":0.0081},"geometry":{"type":"Polygon","coordinates":[[[33.776154,-16.149148],[33.776157,-16.149961],[33.776999,-16.149958],[33.776996,-16.149145],[33.776154,-16.149148]]]}},{"type":"Feature","properties":{"ano":2025,"camada":"agua","area_km2":0.1071},"geometry":{"type":"Polygon","coordinates":[[[33.766344,-16.151895],[33.766347,-16.152437],[33.766066,-16.152438],[33.766069,-16.153252],[33.765508,-16.153254],[33.765509,-16.153525],[33.765228,-16.153526],[33.765229,-16.153797],[33.764669,-16.154071],[33.764952,-16.154612],[33.765513,-16.15461],[33.765798,-16.155694],[33.76664,-16.155691],[33.766918,-16.155147],[33.767479,-16.155145],[33.767477,-16.154603],[33.767758,-16.154602],[33.767757,-16.154331],[33.768879,-16.154327],[33.768876,-16.153513],[33.768595,-16.153514],[33.768593,-16.152972],[33.768031,-16.152703],[33.768029,-16.15216],[33.767748,-16.152161],[33.767747,-16.15189],[33.766344,-16.151895]]]}},{"type":"Feature","properties":{"ano":2025,"camada":"agua","area_km2":0.0117},"geometry":{"type":"Polygon","coordinates":[[[33.668995,-16.156562],[33.668998,-16.157376],[33.670401,-16.157371],[33.670399,-16.156829],[33.669838,-16.156831],[33.669837,-16.156559],[33.668995,-16.156562]]]}},{"type":"Feature","properties":{"ano":2025,"camada":"agua","area_km2":0.1107},"geometry":{"type":"Polygon","coordinates":[[[33.645681,-16.149041],[33.645965,-16.150124],[33.646246,-16.150124],[33.646247,-16.150395],[33.646527,-16.150394],[33.646529,-16.150936],[33.64681,-16.150935],[33.646812,-16.151749],[33.646532,-16.15175],[33.646814,-16.152291],[33.646533,-16.152292],[33.646535,-16.152835],[33.646255,-16.152836],[33.646263,-16.155547],[33.645983,-16.155548],[33.64599,-16.157718],[33.645709,-16.157719],[33.645713,-16.158803],[33.645432,-16.158804],[33.645433,-16.159075],[33.644872,-16.159077],[33.644873,-16.159348],[33.644592,-16.159349],[33.644594,-16.159892],[33.643752,-16.159894],[33.643473,-16.160437],[33.642912,-16.160439],[33.642354,-16.161526],[33.643477,-16.161522],[33.643475,-16.16098],[33.644036,-16.160978],[33.644035,-16.160707],[33.644597,-16.160705],[33.644597,-16.160976],[33.644878,-16.160976],[33.644876,-16.160433],[33.645157,-16.160432],[33.645434,-16.159347],[33.645715,-16.159346],[33.645714,-16.159075],[33.645994,-16.159074],[33.645993,-16.158803],[33.646554,-16.15853],[33.646551,-16.157716],[33.646832,-16.157715],[33.64683,-16.157173],[33.647111,-16.157172],[33.647109,-16.15663],[33.647389,-16.156629],[33.647388,-16.156358],[33.647108,-16.156358],[33.647107,-16.156087],[33.646545,-16.155818],[33.646541,-16.154462],[33.646821,-16.154461],[33.646819,-16.153919],[33.6471,-16.153918],[33.647089,-16.150663],[33.646809,-16.150664],[33.646806,-16.149851],[33.646526,-16.149852],[33.646525,-16.14958],[33.646244,-16.149581],[33.646243,-16.14931],[33.645681,-16.149041]],[[33.64627,-16.157446],[33.64655,-16.157445],[33.646551,-16.157716],[33.646271,-16.157717],[33.64627,-16.157446]]]}},{"type":"Feature","properties":{"ano":2025,"camada":"agua","area_km2":0.0009},"geometry":{"type":"Polygon","coordinates":[[[33.642074,-16.161526],[33.642075,-16.161798],[33.642355,-16.161797],[33.642354,-16.161526],[33.642074,-16.161526]]]}},{"type":"Feature","properties":{"ano":2025,"camada":"agua","area_km2":0.0009},"geometry":{"type":"Polygon","coordinates":[[[33.641515,-16.162342],[33.641516,-16.162613],[33.641797,-16.162612],[33.641796,-16.162341],[33.641515,-16.162342]]]}},{"type":"Feature","properties":{"ano":2025,"camada":"agua","area_km2":0.0396},"geometry":{"type":"Polygon","coordinates":[[[33.61963,-16.16322],[33.619631,-16.163491],[33.619351,-16.163492],[33.619353,-16.164306],[33.619634,-16.164305],[33.619635,-16.164576],[33.619915,-16.164575],[33.619916,-16.164846],[33.620197,-16.164846],[33.620479,-16.165387],[33.62104,-16.165385],[33.621039,-16.164843],[33.621319,-16.164842],[33.621317,-16.1643],[33.621598,-16.164299],[33.621596,-16.163485],[33.621315,-16.163486],[33.621314,-16.163215],[33.620753,-16.163217],[33.620754,-16.163488],[33.61963,-16.16322]]]}},{"type":"Feature","properties":{"ano":2025,"camada":"agua","area_km2":0.0018},"geometry":{"type":"Polygon","coordinates":[[[33.619636,-16.165118],[33.619638,-16.165661],[33.619919,-16.16566],[33.619917,-16.165118],[33.619636,-16.165118]]]}},{"type":"Feature","properties":{"ano":2025,"camada":"agua","area_km2":0.0009},"geometry":{"type":"Polygon","coordinates":[[[33.637038,-16.166152],[33.637039,-16.166423],[33.637319,-16.166422],[33.637318,-16.166151],[33.637038,-16.166152]]]}},{"type":"Feature","properties":{"ano":2025,"camada":"agua","area_km2":0.0009},"geometry":{"type":"Polygon","coordinates":[[[33.614591,-16.167031],[33.614592,-16.167303],[33.614873,-16.167302],[33.614872,-16.167031],[33.614591,-16.167031]]]}},{"type":"Feature","properties":{"ano":2025,"camada":"agua","area_km2":0.0369},"geometry":{"type":"Polygon","coordinates":[[[33.641235,-16.162614],[33.641236,-16.162885],[33.640676,-16.163158],[33.640678,-16.1637],[33.640397,-16.163701],[33.640118,-16.164244],[33.639557,-16.164246],[33.639558,-16.164517],[33.639277,-16.164518],[33.639278,-16.164789],[33.638998,-16.16479],[33.638719,-16.165333],[33.638157,-16.165335],[33.638158,-16.165606],[33.637878,-16.165607],[33.637881,-16.166692],[33.638162,-16.166691],[33.638164,-16.167504],[33.638445,-16.167504],[33.638442,-16.166419],[33.638722,-16.166418],[33.638999,-16.165332],[33.63928,-16.165331],[33.639559,-16.164788],[33.64012,-16.164787],[33.640119,-16.164515],[33.6404,-16.164515],[33.640399,-16.164243],[33.640679,-16.164243],[33.640958,-16.163699],[33.64152,-16.163698],[33.641516,-16.162613],[33.641235,-16.162614]]]}},{"type":"Feature","properties":{"ano":2025,"camada":"agua","area_km2":0.0009},"geometry":{"type":"Polygon","coordinates":[[[33.614873,-16.167302],[33.614873,-16.167573],[33.615154,-16.167572],[33.615153,-16.167301],[33.614873,-16.167302]]]}},{"type":"Feature","properties":{"ano":2025,"camada":"agua","area_km2":0.0207},"geometry":{"type":"Polygon","coordinates":[[[33.78155,-16.16567],[33.781556,-16.167026],[33.781836,-16.167025],[33.781837,-16.167296],[33.782679,-16.167293],[33.782673,-16.165666],[33.78155,-16.16567]]]}},{"type":"Feature","properties":{"ano":2025,"camada":"agua","area_km2":0.0009},"geometry":{"type":"Polygon","coordinates":[[[33.615154,-16.167572],[33.615155,-16.167843],[33.615436,-16.167843],[33.615435,-16.167571],[33.615154,-16.167572]]]}},{"type":"Feature","properties":{"ano":2025,"camada":"agua","area_km2":0.0171},"geometry":{"type":"Polygon","coordinates":[[[33.636759,-16.166695],[33.636761,-16.167509],[33.635358,-16.167513],[33.63536,-16.168055],[33.636202,-16.168053],[33.636201,-16.167781],[33.637885,-16.167776],[33.637881,-16.166692],[33.637601,-16.166693],[33.637603,-16.167506],[33.637323,-16.167507],[33.637322,-16.167236],[33.637041,-16.167237],[33.637039,-16.166694],[33.636759,-16.166695]]]}},{"type":"Feature","properties":{"ano":2025,"camada":"agua","area_km2":0.0009},"geometry":{"type":"Polygon","coordinates":[[[33.615436,-16.167843],[33.615436,-16.168114],[33.615717,-16.168113],[33.615716,-16.167842],[33.615436,-16.167843]]]}},{"type":"Feature","properties":{"ano":2025,"camada":"agua","area_km2":0.0009},"geometry":{"type":"Polygon","coordinates":[[[33.615717,-16.168113],[33.615718,-16.168384],[33.615998,-16.168383],[33.615998,-16.168112],[33.615717,-16.168113]]]}},{"type":"Feature","properties":{"ano":2025,"camada":"agua","area_km2":0.0009},"geometry":{"type":"Polygon","coordinates":[[[33.615998,-16.168383],[33.615999,-16.168654],[33.61628,-16.168654],[33.616279,-16.168382],[33.615998,-16.168383]]]}},{"type":"Feature","properties":{"ano":2025,"camada":"agua","area_km2":0.045},"geometry":{"type":"Polygon","coordinates":[[[33.679691,-16.166291],[33.679692,-16.166562],[33.679412,-16.166563],[33.679413,-16.167106],[33.679694,-16.167105],[33.679698,-16.168189],[33.680259,-16.168188],[33.68026,-16.168459],[33.681102,-16.168456],[33.681103,-16.168727],[33.681945,-16.168725],[33.681941,-16.16764],[33.68166,-16.167641],[33.681659,-16.16737],[33.681379,-16.16737],[33.681096,-16.166829],[33.680535,-16.166831],[33.680253,-16.166289],[33.679691,-16.166291]]]}},{"type":"Feature","properties":{"ano":2025,"camada":"agua","area_km2":0.0063},"geometry":{"type":"Polygon","coordinates":[[[33.61628,-16.168654],[33.616282,-16.169196],[33.616843,-16.169194],[33.616844,-16.169466],[33.617406,-16.169735],[33.617404,-16.169193],[33.61628,-16.168654]]]}},{"type":"Feature","properties":{"ano":2025,"camada":"agua","area_km2":0.0126},"geometry":{"type":"Polygon","coordinates":[[[33.634799,-16.168057],[33.63452,-16.1686],[33.633959,-16.168602],[33.633961,-16.169415],[33.633681,-16.169416],[33.633682,-16.169959],[33.633963,-16.169958],[33.633962,-16.169687],[33.634523,-16.169414],[33.634521,-16.168871],[33.634801,-16.16887],[33.634801,-16.168599],[33.635361,-16.168326],[33.63536,-16.168055],[33.634799,-16.168057]]]}},{"type":"Feature","properties":{"ano":2025,"camada":"agua","area_km2":0.0009},"geometry":{"type":"Polygon","coordinates":[[[33.617406,-16.169735],[33.617407,-16.170006],[33.617687,-16.170006],[33.617686,-16.169734],[33.617406,-16.169735]]]}},{"type":"Feature","properties":{"ano":2025,"camada":"agua","area_km2":0.0036},"geometry":{"type":"Polygon","coordinates":[[[33.621896,-16.169722],[33.621897,-16.170264],[33.622178,-16.170264],[33.622177,-16.169992],[33.622738,-16.169991],[33.622737,-16.16972],[33.621896,-16.169722]]]}},{"type":"Feature","properties":{"ano":2025,"camada":"agua","area_km2":0.0027},"geometry":{"type":"Polygon","coordinates":[[[33.631437,-16.169965],[33.631438,-16.170236],[33.631158,-16.170237],[33.631159,-16.170508],[33.63172,-16.170507],[33.631718,-16.169964],[33.631437,-16.169965]]]}},{"type":"Feature","properties":{"ano":2025,"camada":"agua","area_km2":0.009},"geometry":{"type":"Polygon","coordinates":[[[33.617687,-16.170006],[33.617689,-16.170548],[33.61797,-16.170547],[33.61797,-16.170818],[33.618532,-16.171088],[33.618534,-16.17163],[33.618815,-16.171629],[33.619094,-16.171086],[33.618813,-16.171087],[33.618812,-16.170816],[33.618532,-16.170817],[33.618531,-16.170545],[33.61825,-16.170546],[33.618249,-16.170275],[33.617687,-16.170006]]]}},{"type":"Feature","properties":{"ano":2025,"camada":"agua","area_km2":0.0009},"geometry":{"type":"Polygon","coordinates":[[[33.623024,-16.171617],[33.623025,-16.171888],[33.623306,-16.171888],[33.623305,-16.171616],[33.623024,-16.171617]]]}},{"type":"Feature","properties":{"ano":2025,"camada":"agua","area_km2":0.0009},"geometry":{"type":"Polygon","coordinates":[[[33.621622,-16.171892],[33.621623,-16.172164],[33.621903,-16.172163],[33.621902,-16.171892],[33.621622,-16.171892]]]}},{"type":"Feature","properties":{"ano":2025,"camada":"agua","area_km2":0.0009},"geometry":{"type":"Polygon","coordinates":[[[33.620782,-16.172708],[33.620783,-16.17298],[33.621064,-16.172979],[33.621063,-16.172708],[33.620782,-16.172708]]]}},{"type":"Feature","properties":{"ano":2025,"camada":"agua","area_km2":0.036},"geometry":{"type":"Polygon","coordinates":[[[33.63228,-16.170234],[33.632281,-16.170505],[33.63172,-16.170507],[33.631722,-16.171049],[33.63116,-16.171051],[33.630881,-16.171594],[33.63004,-16.171597],[33.630039,-16.171325],[33.629758,-16.171326],[33.629759,-16.171597],[33.629478,-16.171598],[33.629479,-16.171869],[33.629199,-16.17187],[33.629199,-16.172141],[33.628919,-16.172142],[33.62864,-16.172685],[33.628079,-16.172687],[33.62808,-16.173229],[33.6278,-16.17323],[33.627801,-16.173501],[33.628362,-16.1735],[33.628361,-16.173229],[33.628642,-16.173228],[33.62892,-16.172685],[33.629762,-16.172682],[33.630041,-16.172139],[33.631163,-16.171864],[33.631162,-16.171593],[33.631443,-16.171592],[33.631442,-16.171321],[33.632003,-16.171319],[33.632002,-16.171048],[33.632283,-16.171047],[33.632562,-16.170504],[33.633123,-16.170503],[33.633122,-16.170231],[33.63228,-16.170234]]]}},{"type":"Feature","properties":{"ano":2025,"camada":"agua","area_km2":0.0216},"geometry":{"type":"Polygon","coordinates":[[[33.797854,-16.172932],[33.797859,-16.174017],[33.799543,-16.17401],[33.799538,-16.172926],[33.797854,-16.172932]]]}},{"type":"Feature","properties":{"ano":2025,"camada":"agua","area_km2":0.027},"geometry":{"type":"Polygon","coordinates":[[[33.627238,-16.173232],[33.627239,-16.173503],[33.626959,-16.173504],[33.62668,-16.174047],[33.626119,-16.174049],[33.62584,-16.174592],[33.625278,-16.174594],[33.624999,-16.175137],[33.624438,-16.175139],[33.624159,-16.175682],[33.623317,-16.175684],[33.623318,-16.175955],[33.622757,-16.175957],[33.622758,-16.176228],[33.624441,-16.175952],[33.62444,-16.175681],[33.625001,-16.175679],[33.62528,-16.175136],[33.625841,-16.175134],[33.62584,-16.174863],[33.626121,-16.174862],[33.6264,-16.174319],[33.626961,-16.174318],[33.62724,-16.173774],[33.627801,-16.173773],[33.627801,-16.173501],[33.627238,-16.173232]]]}},{"type":"Feature","properties":{"ano":2025,"camada":"agua","area_km2":0.0018},"geometry":{"type":"Polygon","coordinates":[[[33.622197,-16.17623],[33.622197,-16.176501],[33.622759,-16.176499],[33.622758,-16.176228],[33.622197,-16.17623]]]}},{"type":"Feature","properties":{"ano":2025,"camada":"agua","area_km2":0.0009},"geometry":{"type":"Polygon","coordinates":[[[33.615487,-16.184385],[33.615488,-16.184656],[33.615768,-16.184656],[33.615767,-16.184384],[33.615487,-16.184385]]]}},{"type":"Feature","properties":{"ano":2025,"camada":"agua","area_km2":0.0018},"geometry":{"type":"Polygon","coordinates":[[[33.615488,-16.184928],[33.61549,-16.18547],[33.615771,-16.185469],[33.615769,-16.184927],[33.615488,-16.184928]]]}},{"type":"Feature","properties":{"ano":2025,"camada":"agua","area_km2":0.5823},"geometry":{"type":"Polygon","coordinates":[[[33.819176,-16.171766],[33.819178,-16.172037],[33.818897,-16.172038],[33.818898,-16.17231],[33.818617,-16.172311],[33.818339,-16.172854],[33.817778,-16.172856],[33.817779,-16.173128],[33.817498,-16.173129],[33.81722,-16.173672],[33.816378,-16.173675],[33.816379,-16.173946],[33.816099,-16.173948],[33.816386,-16.175574],[33.816105,-16.175575],[33.816108,-16.176117],[33.815827,-16.176118],[33.815828,-16.176389],[33.814706,-16.176394],[33.814709,-16.177207],[33.81499,-16.177206],[33.814991,-16.177477],[33.815553,-16.177746],[33.815555,-16.178289],[33.815836,-16.178287],[33.815837,-16.178559],[33.816118,-16.178558],[33.8164,-16.179099],[33.816962,-16.179097],[33.816963,-16.179368],[33.818366,-16.179362],[33.818368,-16.179905],[33.818649,-16.179904],[33.818651,-16.180446],[33.818932,-16.180445],[33.818933,-16.180716],[33.819494,-16.180714],[33.819495,-16.180985],[33.820619,-16.181252],[33.82062,-16.181523],[33.8209,-16.181522],[33.820902,-16.181793],[33.821182,-16.181792],[33.821465,-16.182334],[33.822026,-16.182331],[33.822309,-16.182873],[33.823151,-16.182869],[33.823152,-16.183141],[33.823714,-16.18341],[33.824,-16.184493],[33.824562,-16.184762],[33.824564,-16.185305],[33.825406,-16.185301],[33.8254,-16.183945],[33.824838,-16.183676],[33.824836,-16.183134],[33.824555,-16.183135],[33.824553,-16.182593],[33.824272,-16.182594],[33.823987,-16.18151],[33.823425,-16.181241],[33.82314,-16.180158],[33.822859,-16.180159],[33.822858,-16.179888],[33.822297,-16.17989],[33.822296,-16.179619],[33.821734,-16.179621],[33.821733,-16.17935],[33.821453,-16.179351],[33.821454,-16.179622],[33.820893,-16.179624],[33.820891,-16.179353],[33.820611,-16.179354],[33.82061,-16.179083],[33.820047,-16.178814],[33.820045,-16.178271],[33.819764,-16.178272],[33.819763,-16.178001],[33.818922,-16.178004],[33.818923,-16.178276],[33.81836,-16.178007],[33.818359,-16.177735],[33.819482,-16.177731],[33.819479,-16.177189],[33.81976,-16.177188],[33.819759,-16.176916],[33.82004,-16.176915],[33.820038,-16.176644],[33.820319,-16.176643],[33.820318,-16.176372],[33.820598,-16.176371],[33.820597,-16.1761],[33.820878,-16.176099],[33.820877,-16.175827],[33.821157,-16.175826],[33.821156,-16.175555],[33.821437,-16.175554],[33.821436,-16.175283],[33.821996,-16.17501],[33.821994,-16.174467],[33.822274,-16.174466],[33.822272,-16.173924],[33.822553,-16.173923],[33.822549,-16.173109],[33.822269,-16.17311],[33.821986,-16.172569],[33.821425,-16.172571],[33.821424,-16.1723],[33.821143,-16.172301],[33.82086,-16.17176],[33.819176,-16.171766]]]}},{"type":"Feature","properties":{"ano":2025,"camada":"agua","area_km2":0.126},"geometry":{"type":"Polygon","coordinates":[[[33.811091,-16.184543],[33.811093,-16.185085],[33.810533,-16.185359],[33.810538,-16.186714],[33.810819,-16.186713],[33.81082,-16.186985],[33.811662,-16.186981],[33.811663,-16.187253],[33.813066,-16.187247],[33.813065,-16.186976],[33.813907,-16.186973],[33.813908,-16.187244],[33.815031,-16.18724],[33.81503,-16.186968],[33.815871,-16.186965],[33.815868,-16.186152],[33.815588,-16.186153],[33.815305,-16.185611],[33.814743,-16.185614],[33.814742,-16.185342],[33.814181,-16.185345],[33.81418,-16.185073],[33.813338,-16.185077],[33.813337,-16.184805],[33.812495,-16.184809],[33.812494,-16.184538],[33.811091,-16.184543]]]}},{"type":"Feature","properties":{"ano":2025,"camada":"agua","area_km2":0.0009},"geometry":{"type":"Polygon","coordinates":[[[33.617182,-16.187906],[33.617182,-16.188177],[33.617463,-16.188176],[33.617462,-16.187905],[33.617182,-16.187906]]]}},{"type":"Feature","properties":{"ano":2025,"camada":"agua","area_km2":0.0027},"geometry":{"type":"Polygon","coordinates":[[[33.617464,-16.188447],[33.617466,-16.18899],[33.618027,-16.188988],[33.618026,-16.188717],[33.617464,-16.188447]]]}},{"type":"Feature","properties":{"ano":2025,"camada":"agua","area_km2":0.0009},"geometry":{"type":"Polygon","coordinates":[[[33.617748,-16.189531],[33.617749,-16.189803],[33.618029,-16.189802],[33.618029,-16.189531],[33.617748,-16.189531]]]}},{"type":"Feature","properties":{"ano":2025,"camada":"agua","area_km2":0.0009},"geometry":{"type":"Polygon","coordinates":[[[33.671072,-16.189912],[33.671073,-16.190183],[33.671354,-16.190182],[33.671353,-16.189911],[33.671072,-16.189912]]]}},{"type":"Feature","properties":{"ano":2025,"camada":"agua","area_km2":0.0009},"geometry":{"type":"Polygon","coordinates":[[[33.619156,-16.191154],[33.619157,-16.191426],[33.619438,-16.191425],[33.619437,-16.191154],[33.619156,-16.191154]]]}},{"type":"Feature","properties":{"ano":2025,"camada":"agua","area_km2":0.0009},"geometry":{"type":"Polygon","coordinates":[[[33.619718,-16.191424],[33.619719,-16.191695],[33.62,-16.191694],[33.619999,-16.191423],[33.619718,-16.191424]]]}},{"type":"Feature","properties":{"ano":2025,"camada":"agua","area_km2":0.0009},"geometry":{"type":"Polygon","coordinates":[[[33.621968,-16.192773],[33.621969,-16.193045],[33.622249,-16.193044],[33.622248,-16.192773],[33.621968,-16.192773]]]}},{"type":"Feature","properties":{"ano":2025,"camada":"agua","area_km2":0.0378},"geometry":{"type":"Polygon","coordinates":[[[33.84172,-16.194186],[33.841722,-16.194458],[33.842002,-16.194457],[33.842004,-16.194999],[33.842285,-16.194998],[33.842286,-16.195269],[33.842849,-16.195538],[33.842852,-16.196351],[33.842571,-16.196353],[33.842577,-16.197708],[33.842858,-16.197707],[33.84286,-16.19825],[33.843141,-16.198249],[33.843142,-16.19852],[33.843423,-16.198519],[33.843425,-16.199061],[33.843706,-16.19906],[33.843702,-16.198246],[33.843421,-16.198247],[33.843409,-16.195264],[33.842848,-16.195267],[33.842562,-16.194183],[33.84172,-16.194186]]]}},{"type":"Feature","properties":{"ano":2025,"camada":"agua","area_km2":0.0072},"geometry":{"type":"Polygon","coordinates":[[[33.67844,-16.21077],[33.678443,-16.211584],[33.678724,-16.211583],[33.678725,-16.211854],[33.679286,-16.211853],[33.679284,-16.21131],[33.679003,-16.211311],[33.679002,-16.21104],[33.67844,-16.21077]]]}},{"type":"Feature","properties":{"ano":2025,"camada":"agua","area_km2":0.0441},"geometry":{"type":"Polygon","coordinates":[[[33.824387,-16.210254],[33.824111,-16.21134],[33.824392,-16.211339],[33.824677,-16.212423],[33.824958,-16.212421],[33.824959,-16.212693],[33.825801,-16.212689],[33.825798,-16.212147],[33.826079,-16.212146],[33.826078,-16.211875],[33.826359,-16.211874],[33.826637,-16.21133],[33.826356,-16.211331],[33.826073,-16.21079],[33.825512,-16.210792],[33.825229,-16.210251],[33.824387,-16.210254]]]}},{"type":"Feature","properties":{"ano":2025,"camada":"agua","area_km2":0.0009},"geometry":{"type":"Polygon","coordinates":[[[33.638036,-16.214964],[33.638037,-16.215235],[33.638318,-16.215234],[33.638317,-16.214963],[33.638036,-16.214964]]]}},{"type":"Feature","properties":{"ano":2025,"camada":"agua","area_km2":0.0009},"geometry":{"type":"Polygon","coordinates":[[[33.638318,-16.215234],[33.638319,-16.215505],[33.638599,-16.215504],[33.638599,-16.215233],[33.638318,-16.215234]]]}},{"type":"Feature","properties":{"ano":2025,"camada":"agua","area_km2":0.0009},"geometry":{"type":"Polygon","coordinates":[[[33.638599,-16.215504],[33.6386,-16.215775],[33.638881,-16.215775],[33.63888,-16.215503],[33.638599,-16.215504]]]}},{"type":"Feature","properties":{"ano":2025,"camada":"agua","area_km2":0.0009},"geometry":{"type":"Polygon","coordinates":[[[33.639443,-16.216044],[33.639444,-16.216315],[33.639725,-16.216314],[33.639724,-16.216043],[33.639443,-16.216044]]]}},{"type":"Feature","properties":{"ano":2025,"camada":"agua","area_km2":0.0009},"geometry":{"type":"Polygon","coordinates":[[[33.640005,-16.216314],[33.640006,-16.216585],[33.640287,-16.216584],[33.640286,-16.216313],[33.640005,-16.216314]]]}},{"type":"Feature","properties":{"ano":2025,"camada":"agua","area_km2":0.0009},"geometry":{"type":"Polygon","coordinates":[[[33.640287,-16.216584],[33.640288,-16.216855],[33.640569,-16.216854],[33.640568,-16.216583],[33.640287,-16.216584]]]}},{"type":"Feature","properties":{"ano":2025,"camada":"agua","area_km2":0.0018},"geometry":{"type":"Polygon","coordinates":[[[33.640849,-16.216853],[33.64085,-16.217125],[33.641412,-16.217123],[33.641411,-16.216852],[33.640849,-16.216853]]]}},{"type":"Feature","properties":{"ano":2025,"camada":"agua","area_km2":0.0036},"geometry":{"type":"Polygon","coordinates":[[[33.626542,-16.219337],[33.626543,-16.219608],[33.627104,-16.219606],[33.627105,-16.219878],[33.627386,-16.219877],[33.627384,-16.219334],[33.626542,-16.219337]]]}},{"type":"Feature","properties":{"ano":2025,"camada":"agua","area_km2":0.0027},"geometry":{"type":"Polygon","coordinates":[[[33.671849,-16.25364],[33.67185,-16.253911],[33.672413,-16.25418],[33.672411,-16.253638],[33.671849,-16.25364]]]}},{"type":"Feature","properties":{"ano":2025,"camada":"agua","area_km2":0.0009},"geometry":{"type":"Polygon","coordinates":[[[33.69076,-16.282596],[33.690761,-16.282867],[33.691042,-16.282866],[33.691041,-16.282595],[33.69076,-16.282596]]]}},{"type":"Feature","properties":{"ano":2025,"camada":"agua","area_km2":0.0009},"geometry":{"type":"Polygon","coordinates":[[[33.711892,-16.303136],[33.711893,-16.303407],[33.712174,-16.303406],[33.712173,-16.303135],[33.711892,-16.303136]]]}},{"type":"Feature","properties":{"ano":2025,"camada":"agua","area_km2":0.0009},"geometry":{"type":"Polygon","coordinates":[[[33.731062,-16.32341],[33.731063,-16.323681],[33.731344,-16.32368],[33.731343,-16.323409],[33.731062,-16.32341]]]}},{"type":"Feature","properties":{"ano":2025,"camada":"agua","area_km2":0.0009},"geometry":{"type":"Polygon","coordinates":[[[33.747129,-16.339082],[33.74713,-16.339353],[33.747411,-16.339352],[33.74741,-16.339081],[33.747129,-16.339082]]]}},{"type":"Feature","properties":{"ano":2025,"camada":"agua","area_km2":0.0045},"geometry":{"type":"Polygon","coordinates":[[[33.750231,-16.342325],[33.750236,-16.343681],[33.750517,-16.34368],[33.750512,-16.342324],[33.750231,-16.342325]]]}},{"type":"Feature","properties":{"ano":2025,"camada":"agua","area_km2":38.3022},"geometry":{"type":"Polygon","coordinates":[[[33.499359,-16.096007],[33.499404,-16.113906],[33.499685,-16.113906],[33.499683,-16.113363],[33.499964,-16.113363],[33.499967,-16.114447],[33.499406,-16.11472],[33.499424,-16.121771],[33.499704,-16.12177],[33.499706,-16.122313],[33.500268,-16.122583],[33.500269,-16.123125],[33.50055,-16.123124],[33.50055,-16.123396],[33.500831,-16.123395],[33.500831,-16.123666],[33.501112,-16.123666],[33.501113,-16.123937],[33.501393,-16.123936],[33.501394,-16.124207],[33.501956,-16.124477],[33.501958,-16.125291],[33.502238,-16.12529],[33.50224,-16.126104],[33.502521,-16.126103],[33.502522,-16.126645],[33.502803,-16.126645],[33.503088,-16.128271],[33.503368,-16.128271],[33.503369,-16.128813],[33.50365,-16.128812],[33.503651,-16.129355],[33.503932,-16.129354],[33.503935,-16.130439],[33.504497,-16.130709],[33.504498,-16.131251],[33.504778,-16.13125],[33.50478,-16.131793],[33.50506,-16.131792],[33.505061,-16.132063],[33.505622,-16.132062],[33.505904,-16.132604],[33.506465,-16.132602],[33.506466,-16.132874],[33.507308,-16.132872],[33.507308,-16.133143],[33.50787,-16.133142],[33.50787,-16.133413],[33.509273,-16.133409],[33.509272,-16.133138],[33.509553,-16.133138],[33.509554,-16.133409],[33.510395,-16.133407],[33.510396,-16.133678],[33.510677,-16.133677],[33.510677,-16.133948],[33.511239,-16.134218],[33.511241,-16.134761],[33.511521,-16.13476],[33.511522,-16.135031],[33.512084,-16.135301],[33.512085,-16.135843],[33.512366,-16.135843],[33.512366,-16.136114],[33.512647,-16.136113],[33.512648,-16.136384],[33.512928,-16.136384],[33.512929,-16.136655],[33.51321,-16.136654],[33.513491,-16.137196],[33.515456,-16.137191],[33.515455,-16.13692],[33.518261,-16.136913],[33.518261,-16.137185],[33.518822,-16.137183],[33.519104,-16.137725],[33.519666,-16.137724],[33.519666,-16.137995],[33.519947,-16.137994],[33.519948,-16.138265],[33.520228,-16.138265],[33.520229,-16.138536],[33.520509,-16.138535],[33.520791,-16.139077],[33.521353,-16.139075],[33.521635,-16.139617],[33.522196,-16.139616],[33.522196,-16.139887],[33.522477,-16.139886],[33.522759,-16.140428],[33.52332,-16.140427],[33.523321,-16.140698],[33.526407,-16.14069],[33.526408,-16.140961],[33.52725,-16.140959],[33.527251,-16.14123],[33.528092,-16.141228],[33.528093,-16.1415],[33.529215,-16.141497],[33.529216,-16.141768],[33.5309,-16.141764],[33.530899,-16.141493],[33.53146,-16.141491],[33.531459,-16.14122],[33.53174,-16.141219],[33.532019,-16.140676],[33.533141,-16.140673],[33.533141,-16.140402],[33.535105,-16.140397],[33.535104,-16.140126],[33.536507,-16.140123],[33.536508,-16.140394],[33.537069,-16.140392],[33.537068,-16.140121],[33.53791,-16.140119],[33.537909,-16.139848],[33.539312,-16.139844],[33.539311,-16.139573],[33.541836,-16.139567],[33.541836,-16.139296],[33.5438,-16.139291],[33.5438,-16.139562],[33.544081,-16.139561],[33.54408,-16.13929],[33.544641,-16.139288],[33.544642,-16.13956],[33.545484,-16.139557],[33.545485,-16.139829],[33.546326,-16.139826],[33.546327,-16.140098],[33.547169,-16.140096],[33.54717,-16.140367],[33.548011,-16.140365],[33.548012,-16.140636],[33.548854,-16.140634],[33.548855,-16.140905],[33.549977,-16.140902],[33.549978,-16.141173],[33.550819,-16.141171],[33.550819,-16.1409],[33.553905,-16.140892],[33.553904,-16.140621],[33.554746,-16.140618],[33.554745,-16.140347],[33.555306,-16.140346],[33.555585,-16.139803],[33.55783,-16.139797],[33.557829,-16.139525],[33.564844,-16.139507],[33.564843,-16.139236],[33.565965,-16.138962],[33.566523,-16.137875],[33.571013,-16.138406],[33.571014,-16.138677],[33.572137,-16.138945],[33.572419,-16.139487],[33.57298,-16.139485],[33.572982,-16.140028],[33.573263,-16.140027],[33.573263,-16.140298],[33.573544,-16.140297],[33.573545,-16.140569],[33.573825,-16.140568],[33.573826,-16.140839],[33.574107,-16.140838],[33.574107,-16.141109],[33.574669,-16.141379],[33.574671,-16.141922],[33.574952,-16.141921],[33.574952,-16.142192],[33.575233,-16.142191],[33.575234,-16.142462],[33.575514,-16.142462],[33.575515,-16.142733],[33.575796,-16.142732],[33.575796,-16.143003],[33.576077,-16.143003],[33.576078,-16.143274],[33.576358,-16.143273],[33.576359,-16.143544],[33.57664,-16.143543],[33.576641,-16.143815],[33.576921,-16.143814],[33.577203,-16.144355],[33.577764,-16.144354],[33.577766,-16.144896],[33.578047,-16.144896],[33.578047,-16.145167],[33.578609,-16.145436],[33.578611,-16.145979],[33.578892,-16.145978],[33.578892,-16.146249],[33.579173,-16.146249],[33.579174,-16.14652],[33.579454,-16.146519],[33.579455,-16.14679],[33.580017,-16.14706],[33.580019,-16.147602],[33.580581,-16.147872],[33.580582,-16.148414],[33.580863,-16.148413],[33.580864,-16.148685],[33.581144,-16.148684],[33.581145,-16.148955],[33.581426,-16.148954],[33.581426,-16.149226],[33.581707,-16.149225],[33.581708,-16.149496],[33.581988,-16.149495],[33.581989,-16.149766],[33.58227,-16.149766],[33.58227,-16.150037],[33.582832,-16.150306],[33.582834,-16.150849],[33.583115,-16.150848],[33.583397,-16.15139],[33.583958,-16.151388],[33.58424,-16.15193],[33.585082,-16.151928],[33.585083,-16.152199],[33.585644,-16.152197],[33.585645,-16.152468],[33.586487,-16.152466],[33.586769,-16.153008],[33.587611,-16.153005],[33.587611,-16.153277],[33.588173,-16.153275],[33.588173,-16.153546],[33.588734,-16.153545],[33.588735,-16.153816],[33.589296,-16.153814],[33.589297,-16.154085],[33.590982,-16.154352],[33.590982,-16.154623],[33.591263,-16.154622],[33.591264,-16.154894],[33.591544,-16.154893],[33.591545,-16.155164],[33.592107,-16.155434],[33.592109,-16.155976],[33.592671,-16.156246],[33.592673,-16.157059],[33.592954,-16.157058],[33.592956,-16.157601],[33.593236,-16.1576],[33.593239,-16.158414],[33.593519,-16.158413],[33.59352,-16.158684],[33.593801,-16.158683],[33.593801,-16.158954],[33.594082,-16.158954],[33.594083,-16.159225],[33.594363,-16.159224],[33.594364,-16.159495],[33.594645,-16.159495],[33.594927,-16.160036],[33.595488,-16.160035],[33.595489,-16.160306],[33.59577,-16.160305],[33.595771,-16.160576],[33.596051,-16.160575],[33.596052,-16.160847],[33.596333,-16.160846],[33.596333,-16.161117],[33.596614,-16.161116],[33.596615,-16.161387],[33.596895,-16.161387],[33.596896,-16.161658],[33.597458,-16.161927],[33.59746,-16.16247],[33.598022,-16.162739],[33.598024,-16.163282],[33.598304,-16.163281],[33.598305,-16.163552],[33.598586,-16.163551],[33.598586,-16.163823],[33.598867,-16.163822],[33.598868,-16.164093],[33.599148,-16.164092],[33.599149,-16.164363],[33.599711,-16.164633],[33.599713,-16.165175],[33.599994,-16.165175],[33.599995,-16.165717],[33.600276,-16.165716],[33.60028,-16.167072],[33.60056,-16.167071],[33.600844,-16.168155],[33.601406,-16.168425],[33.601692,-16.170051],[33.601973,-16.170051],[33.602256,-16.171135],[33.602819,-16.171404],[33.60282,-16.171947],[33.603382,-16.172216],[33.603384,-16.172759],[33.603665,-16.172758],[33.603667,-16.173571],[33.604229,-16.173841],[33.604234,-16.175468],[33.604515,-16.175467],[33.60452,-16.177366],[33.604801,-16.177365],[33.604804,-16.17845],[33.605085,-16.178449],[33.605087,-16.179262],[33.605368,-16.179262],[33.605371,-16.180346],[33.605652,-16.180346],[33.605654,-16.181159],[33.605935,-16.181158],[33.605937,-16.181701],[33.606499,-16.18197],[33.606502,-16.183055],[33.606783,-16.183054],[33.606784,-16.183325],[33.607346,-16.183595],[33.607347,-16.184137],[33.607628,-16.184137],[33.607914,-16.185763],[33.608194,-16.185762],[33.608196,-16.186305],[33.608758,-16.186574],[33.609044,-16.1882],[33.609324,-16.1882],[33.609608,-16.189284],[33.61017,-16.189553],[33.610173,-16.190367],[33.610454,-16.190366],[33.610454,-16.190637],[33.610735,-16.190636],[33.610737,-16.191179],[33.611299,-16.191448],[33.611302,-16.192533],[33.611864,-16.192532],[33.611864,-16.192803],[33.612145,-16.192802],[33.612427,-16.193343],[33.613269,-16.193341],[33.61327,-16.193612],[33.615235,-16.193607],[33.615234,-16.193335],[33.615515,-16.193335],[33.615516,-16.193877],[33.616078,-16.194147],[33.61608,-16.194689],[33.616361,-16.194688],[33.616377,-16.199841],[33.616096,-16.199842],[33.616099,-16.200655],[33.616379,-16.200654],[33.616381,-16.201197],[33.61582,-16.201469],[33.615821,-16.201741],[33.616102,-16.20174],[33.616109,-16.203909],[33.616389,-16.203909],[33.616673,-16.204993],[33.616954,-16.204992],[33.616955,-16.205263],[33.617236,-16.205262],[33.617236,-16.205533],[33.617517,-16.205532],[33.617518,-16.205804],[33.617799,-16.205803],[33.617799,-16.206074],[33.61808,-16.206073],[33.618081,-16.206344],[33.618362,-16.206344],[33.618362,-16.206615],[33.618925,-16.206884],[33.618926,-16.207427],[33.619488,-16.207696],[33.61949,-16.208239],[33.619771,-16.208238],[33.620055,-16.209322],[33.620617,-16.209591],[33.620619,-16.210134],[33.620899,-16.210133],[33.620901,-16.210675],[33.621182,-16.210674],[33.621184,-16.211217],[33.621464,-16.211216],[33.621466,-16.211758],[33.621747,-16.211758],[33.622031,-16.212842],[33.622593,-16.213111],[33.622877,-16.214195],[33.623158,-16.214194],[33.623159,-16.214465],[33.623439,-16.214465],[33.62344,-16.214736],[33.624002,-16.215005],[33.624004,-16.215548],[33.624285,-16.215547],[33.624286,-16.215818],[33.624847,-16.215816],[33.625129,-16.216358],[33.626253,-16.216626],[33.626254,-16.216897],[33.626534,-16.216896],[33.626817,-16.217438],[33.627378,-16.217436],[33.627379,-16.217707],[33.62794,-16.217706],[33.627941,-16.217977],[33.629064,-16.217973],[33.629065,-16.218245],[33.629626,-16.218243],[33.629909,-16.218785],[33.63047,-16.218783],[33.630471,-16.219054],[33.630752,-16.219053],[33.630753,-16.219596],[33.631316,-16.219865],[33.631317,-16.220408],[33.631879,-16.220677],[33.631881,-16.221219],[33.632162,-16.221219],[33.632446,-16.222303],[33.633008,-16.222572],[33.633292,-16.223656],[33.633855,-16.223925],[33.633856,-16.224468],[33.634137,-16.224467],[33.634138,-16.224738],[33.6347,-16.225008],[33.634702,-16.22555],[33.634983,-16.225549],[33.634984,-16.22582],[33.635264,-16.22582],[33.635265,-16.226091],[33.635546,-16.22609],[33.635828,-16.226631],[33.63639,-16.22663],[33.636391,-16.226901],[33.636952,-16.226899],[33.636953,-16.227171],[33.638076,-16.227438],[33.638077,-16.22771],[33.638358,-16.227709],[33.638641,-16.22825],[33.639483,-16.228248],[33.639483,-16.228519],[33.640045,-16.228517],[33.640046,-16.228788],[33.640607,-16.228787],[33.640608,-16.229058],[33.64117,-16.229327],[33.641173,-16.230141],[33.641454,-16.23014],[33.641455,-16.230682],[33.641736,-16.230682],[33.641737,-16.230953],[33.642298,-16.230951],[33.642583,-16.232035],[33.642863,-16.232034],[33.642864,-16.232305],[33.643145,-16.232304],[33.643146,-16.232576],[33.643708,-16.232845],[33.64371,-16.233388],[33.643991,-16.233387],[33.644275,-16.234471],[33.644837,-16.23474],[33.644839,-16.235282],[33.64512,-16.235282],[33.645121,-16.235824],[33.645402,-16.235823],[33.645405,-16.236637],[33.645685,-16.236636],[33.645689,-16.237721],[33.64597,-16.23772],[33.645973,-16.238804],[33.646254,-16.238804],[33.646257,-16.239617],[33.646537,-16.239616],[33.646539,-16.240159],[33.64682,-16.240158],[33.647104,-16.241242],[33.647666,-16.241511],[33.647668,-16.242054],[33.647949,-16.242053],[33.64795,-16.242324],[33.648512,-16.242593],[33.648796,-16.243677],[33.649077,-16.243676],[33.649078,-16.243948],[33.649359,-16.243947],[33.649641,-16.244488],[33.650203,-16.244487],[33.650485,-16.245028],[33.651047,-16.245026],[33.651047,-16.245298],[33.651328,-16.245297],[33.651329,-16.245568],[33.65161,-16.245567],[33.651611,-16.245838],[33.651891,-16.245837],[33.651892,-16.246109],[33.652455,-16.246378],[33.652456,-16.24692],[33.653019,-16.24719],[33.653021,-16.247732],[33.655266,-16.247725],[33.655267,-16.247996],[33.655548,-16.247996],[33.655831,-16.248537],[33.656392,-16.248535],[33.656674,-16.249077],[33.657798,-16.249345],[33.657799,-16.249616],[33.65808,-16.249615],[33.658081,-16.249886],[33.658362,-16.249885],[33.658362,-16.250156],[33.658643,-16.250156],[33.658926,-16.250697],[33.659487,-16.250695],[33.659488,-16.250966],[33.659769,-16.250966],[33.65977,-16.251237],[33.66005,-16.251236],[33.660051,-16.251507],[33.660332,-16.251506],[33.660333,-16.251777],[33.660614,-16.251777],[33.660615,-16.252048],[33.660895,-16.252047],[33.660896,-16.252318],[33.661459,-16.252587],[33.66146,-16.25313],[33.661741,-16.253129],[33.661742,-16.2534],[33.662023,-16.253399],[33.662024,-16.25367],[33.662304,-16.25367],[33.662305,-16.253941],[33.662586,-16.25394],[33.662587,-16.254211],[33.663149,-16.254481],[33.663151,-16.255023],[33.663432,-16.255022],[33.663434,-16.255564],[33.663715,-16.255564],[33.663718,-16.256648],[33.663999,-16.256647],[33.664007,-16.259088],[33.664288,-16.259087],[33.664289,-16.259358],[33.664008,-16.259359],[33.66401,-16.259902],[33.664291,-16.259901],[33.664299,-16.262341],[33.66458,-16.262341],[33.664581,-16.262883],[33.664862,-16.262882],[33.664863,-16.263153],[33.665144,-16.263152],[33.665145,-16.263424],[33.665707,-16.263693],[33.665709,-16.264235],[33.66599,-16.264234],[33.665991,-16.264506],[33.666271,-16.264505],[33.666272,-16.264776],[33.666553,-16.264775],[33.666554,-16.265046],[33.666835,-16.265045],[33.666836,-16.265317],[33.667116,-16.265316],[33.667117,-16.265587],[33.66768,-16.265856],[33.667681,-16.266399],[33.668243,-16.266397],[33.668245,-16.266939],[33.668526,-16.266938],[33.668526,-16.26721],[33.668807,-16.267209],[33.668808,-16.26748],[33.669089,-16.267479],[33.66909,-16.26775],[33.669371,-16.267749],[33.669372,-16.26802],[33.669652,-16.26802],[33.669935,-16.268561],[33.671339,-16.268557],[33.671621,-16.269098],[33.672183,-16.269096],[33.672465,-16.269638],[33.673027,-16.269636],[33.673028,-16.269907],[33.673309,-16.269906],[33.673591,-16.270448],[33.674153,-16.270446],[33.674435,-16.270987],[33.675278,-16.270985],[33.675278,-16.271256],[33.676402,-16.271524],[33.676403,-16.271795],[33.676684,-16.271794],[33.676685,-16.272065],[33.676966,-16.272064],[33.676967,-16.272335],[33.677247,-16.272334],[33.677248,-16.272606],[33.677529,-16.272605],[33.67753,-16.272876],[33.677811,-16.272875],[33.678093,-16.273417],[33.678655,-16.273415],[33.678656,-16.273686],[33.678937,-16.273685],[33.678938,-16.273956],[33.679218,-16.273955],[33.679501,-16.274497],[33.680625,-16.274764],[33.680908,-16.275306],[33.681469,-16.275304],[33.68147,-16.275575],[33.682032,-16.275573],[33.682033,-16.275845],[33.682875,-16.275842],[33.682876,-16.276113],[33.684,-16.276381],[33.684001,-16.276652],[33.684282,-16.276651],[33.684282,-16.276922],[33.684844,-16.27692],[33.684845,-16.277191],[33.685126,-16.277191],[33.685408,-16.277732],[33.68597,-16.27773],[33.685971,-16.278001],[33.686533,-16.278271],[33.686535,-16.278813],[33.686816,-16.278812],[33.686817,-16.279083],[33.687379,-16.279353],[33.687664,-16.280437],[33.687945,-16.280436],[33.687946,-16.280707],[33.688508,-16.280976],[33.68851,-16.281519],[33.689073,-16.281788],[33.689074,-16.28233],[33.689637,-16.2826],[33.689639,-16.283142],[33.690201,-16.283411],[33.690203,-16.283954],[33.690484,-16.283953],[33.690485,-16.284224],[33.691046,-16.284222],[33.691047,-16.284493],[33.691328,-16.284492],[33.691611,-16.285034],[33.692453,-16.285031],[33.692454,-16.285302],[33.692735,-16.285301],[33.692736,-16.285573],[33.693017,-16.285572],[33.693018,-16.285843],[33.693298,-16.285842],[33.693299,-16.286113],[33.69358,-16.286112],[33.693581,-16.286383],[33.693862,-16.286382],[33.693863,-16.286654],[33.694144,-16.286653],[33.694145,-16.286924],[33.694425,-16.286923],[33.694708,-16.287464],[33.69527,-16.287463],[33.695271,-16.287734],[33.695551,-16.287733],[33.695552,-16.288004],[33.696115,-16.288273],[33.696399,-16.289357],[33.69668,-16.289356],[33.696681,-16.289627],[33.697244,-16.289897],[33.697246,-16.290439],[33.697526,-16.290438],[33.697527,-16.290709],[33.697808,-16.290708],[33.697809,-16.29098],[33.69809,-16.290979],[33.698091,-16.29125],[33.698653,-16.291519],[33.698655,-16.292062],[33.698936,-16.292061],[33.698938,-16.292603],[33.699219,-16.292602],[33.699221,-16.293145],[33.699501,-16.293144],[33.699503,-16.293686],[33.699784,-16.293685],[33.699787,-16.294499],[33.700068,-16.294498],[33.70007,-16.29504],[33.700351,-16.295039],[33.700352,-16.295581],[33.700633,-16.295581],[33.700636,-16.296394],[33.701199,-16.296663],[33.701201,-16.297206],[33.701763,-16.297475],[33.701765,-16.298017],[33.702046,-16.298017],[33.702047,-16.298288],[33.702328,-16.298287],[33.70233,-16.298829],[33.702892,-16.299098],[33.702895,-16.299912],[33.703176,-16.299911],[33.703462,-16.301537],[33.703743,-16.301536],[33.703745,-16.302079],[33.704026,-16.302078],[33.704029,-16.302891],[33.70431,-16.30289],[33.704312,-16.303433],[33.704592,-16.303432],[33.704597,-16.304788],[33.704878,-16.304787],[33.704882,-16.305872],[33.705163,-16.305871],[33.705166,-16.306684],[33.705447,-16.306683],[33.705448,-16.307226],[33.706011,-16.307495],[33.706013,-16.308037],[33.706294,-16.308036],[33.706295,-16.308307],[33.707137,-16.308305],[33.707138,-16.308576],[33.708262,-16.308843],[33.708263,-16.309114],[33.708544,-16.309114],[33.708545,-16.309385],[33.708826,-16.309384],[33.709109,-16.309925],[33.70967,-16.309923],[33.709672,-16.310466],[33.709953,-16.310465],[33.709954,-16.310736],[33.710235,-16.310735],[33.710236,-16.311006],[33.710517,-16.311005],[33.710518,-16.311276],[33.71108,-16.311546],[33.711365,-16.312629],[33.711646,-16.312629],[33.711647,-16.3129],[33.711928,-16.312899],[33.71193,-16.313441],[33.71221,-16.31344],[33.712211,-16.313711],[33.712492,-16.31371],[33.712493,-16.313982],[33.713056,-16.314251],[33.713058,-16.314793],[33.713619,-16.314791],[33.713621,-16.315334],[33.713902,-16.315333],[33.714185,-16.315874],[33.714747,-16.315872],[33.714748,-16.316143],[33.715309,-16.316142],[33.71531,-16.316413],[33.715591,-16.316412],[33.715598,-16.31831],[33.715879,-16.318309],[33.715882,-16.319123],[33.716163,-16.319122],[33.716164,-16.319664],[33.716445,-16.319663],[33.716448,-16.320477],[33.716729,-16.320476],[33.716734,-16.321832],[33.717015,-16.321831],[33.717018,-16.322644],[33.717299,-16.322643],[33.717304,-16.323999],[33.717584,-16.323998],[33.717586,-16.324541],[33.717867,-16.32454],[33.71787,-16.325353],[33.718433,-16.325622],[33.718435,-16.326165],[33.718716,-16.326164],[33.718717,-16.326435],[33.718997,-16.326434],[33.718998,-16.326705],[33.719279,-16.326704],[33.719562,-16.327246],[33.720124,-16.327244],[33.720125,-16.327515],[33.721248,-16.327511],[33.721249,-16.327782],[33.722092,-16.327779],[33.722093,-16.328051],[33.723217,-16.328318],[33.723218,-16.328589],[33.723499,-16.328588],[33.7235,-16.328859],[33.724062,-16.329129],[33.724064,-16.329671],[33.724627,-16.32994],[33.724629,-16.330483],[33.72491,-16.330482],[33.724911,-16.330753],[33.725474,-16.331022],[33.725476,-16.331564],[33.726038,-16.331834],[33.72604,-16.332376],[33.726321,-16.332375],[33.726322,-16.332646],[33.726884,-16.332644],[33.727167,-16.333186],[33.727728,-16.333184],[33.727729,-16.333455],[33.728291,-16.333453],[33.728292,-16.333724],[33.728854,-16.333722],[33.728855,-16.333993],[33.729978,-16.33399],[33.729979,-16.334261],[33.730822,-16.334258],[33.730823,-16.334529],[33.732509,-16.334794],[33.73251,-16.335066],[33.733633,-16.335062],[33.733634,-16.335333],[33.734759,-16.3356],[33.735041,-16.336142],[33.735603,-16.33614],[33.735605,-16.336682],[33.736168,-16.336951],[33.73617,-16.337493],[33.736451,-16.337493],[33.736734,-16.338034],[33.737576,-16.338031],[33.737577,-16.338302],[33.738139,-16.3383],[33.73814,-16.338571],[33.738421,-16.33857],[33.738422,-16.338842],[33.738985,-16.339111],[33.738988,-16.339924],[33.73955,-16.340194],[33.739554,-16.341278],[33.739835,-16.341277],[33.739842,-16.343176],[33.740123,-16.343175],[33.740128,-16.34453],[33.740409,-16.344529],[33.740412,-16.345343],[33.740693,-16.345342],[33.740692,-16.345071],[33.741254,-16.345069],[33.741255,-16.34534],[33.741536,-16.345339],[33.741537,-16.34561],[33.741818,-16.345609],[33.741819,-16.34588],[33.742381,-16.34615],[33.742383,-16.346692],[33.742664,-16.346691],[33.742666,-16.347233],[33.742385,-16.347234],[33.742387,-16.347506],[33.742948,-16.347504],[33.743231,-16.348045],[33.743793,-16.348043],[33.744076,-16.348584],[33.744638,-16.348582],[33.74492,-16.349124],[33.745482,-16.349122],[33.745483,-16.349393],[33.745764,-16.349392],[33.745767,-16.350205],[33.746048,-16.350204],[33.746052,-16.351289],[33.746333,-16.351288],[33.746334,-16.351559],[33.755041,-16.351528],[33.75504,-16.351257],[33.754477,-16.350988],[33.754475,-16.350446],[33.754194,-16.350447],[33.754191,-16.349633],[33.754472,-16.349632],[33.75447,-16.34909],[33.754751,-16.349089],[33.75475,-16.348818],[33.754469,-16.348819],[33.754468,-16.348547],[33.754187,-16.348548],[33.754186,-16.348277],[33.753905,-16.348278],[33.753904,-16.348007],[33.753623,-16.348008],[33.753622,-16.347737],[33.753341,-16.347738],[33.75334,-16.347467],[33.753059,-16.347468],[33.753058,-16.347196],[33.752777,-16.347197],[33.752776,-16.346926],[33.752495,-16.346927],[33.752494,-16.346656],[33.752214,-16.346657],[33.751931,-16.346116],[33.751369,-16.346118],[33.751367,-16.345575],[33.751086,-16.345576],[33.751085,-16.345305],[33.750804,-16.345306],[33.750803,-16.345035],[33.75024,-16.344766],[33.750237,-16.343952],[33.749677,-16.344226],[33.749394,-16.343684],[33.748269,-16.343417],[33.748268,-16.343146],[33.747705,-16.342877],[33.747703,-16.342334],[33.747141,-16.342065],[33.747137,-16.341252],[33.746857,-16.341253],[33.746856,-16.340981],[33.746575,-16.340982],[33.746573,-16.34044],[33.746292,-16.340441],[33.746288,-16.339356],[33.746848,-16.339083],[33.746842,-16.337456],[33.746561,-16.337457],[33.746562,-16.337728],[33.746002,-16.338001],[33.745995,-16.336103],[33.745714,-16.336104],[33.745713,-16.335833],[33.745432,-16.335834],[33.74543,-16.335291],[33.745149,-16.335292],[33.745145,-16.334208],[33.744864,-16.334209],[33.744858,-16.332582],[33.745419,-16.33258],[33.74542,-16.332851],[33.745701,-16.33285],[33.745702,-16.333121],[33.746264,-16.333119],[33.746265,-16.33339],[33.746546,-16.333389],[33.746547,-16.33366],[33.746828,-16.333659],[33.746829,-16.333931],[33.74711,-16.33393],[33.747111,-16.334201],[33.747392,-16.3342],[33.747674,-16.334741],[33.748236,-16.334739],[33.748239,-16.335553],[33.74852,-16.335552],[33.748805,-16.336635],[33.749368,-16.336905],[33.749381,-16.34043],[33.7491,-16.340431],[33.749102,-16.340973],[33.749383,-16.340972],[33.749666,-16.341514],[33.749947,-16.341513],[33.749945,-16.34097],[33.750226,-16.340969],[33.750224,-16.340427],[33.749943,-16.340428],[33.74994,-16.339614],[33.749659,-16.339615],[33.749653,-16.337988],[33.749934,-16.337987],[33.749928,-16.336631],[33.749366,-16.336362],[33.749364,-16.33582],[33.749083,-16.335821],[33.748798,-16.334737],[33.748517,-16.334738],[33.748516,-16.334467],[33.748235,-16.334468],[33.748234,-16.334197],[33.747953,-16.334198],[33.747952,-16.333927],[33.747671,-16.333928],[33.747388,-16.333386],[33.746827,-16.333388],[33.746826,-16.333117],[33.746545,-16.333118],[33.746544,-16.332847],[33.746263,-16.332848],[33.74598,-16.332307],[33.745418,-16.332309],[33.745417,-16.332037],[33.745137,-16.332038],[33.745136,-16.331767],[33.744855,-16.331768],[33.744854,-16.331497],[33.744573,-16.331498],[33.744572,-16.331227],[33.744291,-16.331228],[33.744008,-16.330686],[33.743446,-16.330688],[33.743445,-16.330417],[33.743165,-16.330418],[33.743164,-16.330147],[33.742883,-16.330148],[33.742882,-16.329877],[33.742601,-16.329878],[33.7426,-16.329607],[33.742037,-16.329337],[33.741752,-16.328254],[33.741189,-16.327984],[33.741187,-16.327442],[33.740907,-16.327443],[33.740906,-16.327172],[33.740625,-16.327173],[33.740623,-16.326631],[33.740342,-16.326631],[33.740338,-16.325547],[33.740057,-16.325548],[33.740054,-16.324734],[33.739773,-16.324735],[33.739771,-16.324193],[33.739208,-16.323924],[33.739205,-16.32311],[33.738924,-16.323111],[33.738923,-16.32284],[33.738643,-16.322841],[33.738642,-16.32257],[33.738361,-16.322571],[33.73836,-16.322299],[33.738079,-16.3223],[33.738078,-16.322029],[33.737515,-16.32176],[33.737513,-16.321218],[33.737232,-16.321219],[33.737231,-16.320948],[33.736951,-16.320948],[33.73695,-16.320677],[33.736669,-16.320678],[33.736386,-16.320137],[33.735824,-16.320139],[33.735541,-16.319597],[33.73498,-16.319599],[33.734979,-16.319328],[33.734698,-16.319329],[33.734697,-16.319058],[33.734416,-16.319059],[33.734415,-16.318788],[33.734134,-16.318789],[33.734133,-16.318518],[33.733571,-16.318248],[33.733569,-16.317706],[33.733288,-16.317707],[33.733287,-16.317436],[33.733006,-16.317437],[33.733005,-16.317166],[33.732724,-16.317167],[33.732441,-16.316625],[33.73188,-16.316627],[33.731879,-16.316356],[33.731598,-16.316357],[33.731597,-16.316086],[33.731035,-16.316088],[33.730752,-16.315546],[33.729628,-16.315279],[33.729627,-16.315008],[33.729064,-16.314739],[33.729062,-16.314196],[33.728782,-16.314197],[33.72878,-16.313655],[33.728499,-16.313656],[33.728498,-16.313385],[33.727936,-16.313387],[33.727653,-16.312845],[33.726811,-16.312848],[33.72681,-16.312577],[33.726248,-16.312579],[33.726247,-16.312308],[33.725405,-16.312311],[33.725404,-16.312039],[33.725123,-16.31204],[33.725122,-16.311769],[33.724559,-16.3115],[33.724557,-16.310957],[33.724276,-16.310958],[33.724272,-16.309874],[33.723992,-16.309875],[33.723989,-16.309061],[33.723708,-16.309062],[33.723706,-16.30852],[33.723425,-16.308521],[33.723423,-16.307978],[33.723142,-16.307979],[33.722859,-16.307438],[33.722298,-16.30744],[33.722297,-16.307169],[33.719489,-16.307178],[33.719488,-16.306907],[33.718645,-16.30691],[33.718644,-16.306639],[33.718083,-16.306641],[33.718082,-16.306369],[33.71752,-16.306371],[33.717519,-16.3061],[33.716395,-16.305833],[33.716394,-16.305562],[33.716113,-16.305563],[33.71583,-16.305021],[33.715269,-16.305023],[33.715268,-16.304752],[33.714987,-16.304753],[33.714985,-16.30421],[33.714704,-16.304211],[33.714702,-16.303669],[33.714422,-16.30367],[33.714419,-16.302856],[33.714138,-16.302857],[33.713849,-16.300689],[33.713568,-16.30069],[33.713567,-16.300419],[33.713287,-16.30042],[33.713286,-16.300148],[33.713005,-16.300149],[33.713004,-16.299878],[33.712723,-16.299879],[33.71244,-16.299338],[33.711879,-16.29934],[33.711878,-16.299068],[33.711597,-16.299069],[33.711596,-16.298798],[33.711033,-16.298529],[33.711031,-16.297986],[33.710751,-16.297987],[33.710749,-16.297445],[33.711029,-16.297444],[33.711028,-16.297173],[33.710748,-16.297174],[33.710747,-16.296903],[33.710466,-16.296904],[33.710465,-16.296632],[33.710184,-16.296633],[33.710183,-16.296362],[33.709902,-16.296363],[33.70962,-16.295822],[33.709058,-16.295824],[33.709057,-16.295552],[33.708494,-16.295283],[33.708493,-16.294741],[33.70793,-16.294471],[33.707645,-16.293388],[33.707083,-16.293118],[33.70708,-16.292305],[33.706799,-16.292306],[33.706794,-16.29095],[33.706513,-16.290951],[33.706511,-16.290408],[33.706231,-16.290409],[33.706227,-16.289325],[33.706508,-16.289324],[33.706503,-16.287968],[33.706783,-16.287967],[33.706781,-16.287153],[33.7065,-16.287154],[33.706498,-16.286612],[33.706217,-16.286613],[33.706215,-16.28607],[33.705934,-16.286071],[33.705932,-16.285529],[33.705652,-16.28553],[33.70565,-16.284988],[33.705369,-16.284988],[33.705367,-16.284446],[33.705086,-16.284447],[33.705082,-16.283362],[33.704802,-16.283363],[33.7048,-16.282821],[33.704519,-16.282822],[33.704515,-16.281737],[33.704234,-16.281738],[33.704232,-16.281196],[33.703951,-16.281197],[33.703949,-16.280383],[33.703668,-16.280384],[33.703666,-16.279842],[33.703385,-16.279842],[33.7031,-16.278759],[33.70282,-16.27876],[33.702819,-16.278488],[33.702538,-16.278489],[33.702536,-16.277947],[33.702255,-16.277948],[33.702254,-16.277677],[33.701974,-16.277678],[33.701973,-16.277406],[33.70141,-16.277137],[33.701408,-16.276595],[33.701127,-16.276596],[33.701126,-16.276325],[33.700846,-16.276325],[33.700563,-16.275784],[33.700001,-16.275786],[33.7,-16.275244],[33.699437,-16.274974],[33.699435,-16.274432],[33.698873,-16.274162],[33.698871,-16.27362],[33.69859,-16.273621],[33.698589,-16.27335],[33.698308,-16.273351],[33.698307,-16.27308],[33.698027,-16.273081],[33.697744,-16.272539],[33.697182,-16.272541],[33.6969,-16.271999],[33.696338,-16.272001],[33.696055,-16.27146],[33.695494,-16.271462],[33.695493,-16.271191],[33.695212,-16.271191],[33.695211,-16.27092],[33.694931,-16.270921],[33.694648,-16.27038],[33.694086,-16.270382],[33.694085,-16.27011],[33.693805,-16.270111],[33.693804,-16.26984],[33.693523,-16.269841],[33.693522,-16.26957],[33.693241,-16.269571],[33.692959,-16.269029],[33.692397,-16.269031],[33.692396,-16.26876],[33.692115,-16.268761],[33.691831,-16.267677],[33.692112,-16.267676],[33.692111,-16.267405],[33.692391,-16.267404],[33.692389,-16.266862],[33.69267,-16.266861],[33.692664,-16.264962],[33.692944,-16.264962],[33.692942,-16.264419],[33.692662,-16.26442],[33.692658,-16.263335],[33.692377,-16.263336],[33.692375,-16.262794],[33.692094,-16.262795],[33.69181,-16.261711],[33.691529,-16.261712],[33.691528,-16.261441],[33.690966,-16.261171],[33.690964,-16.260629],[33.690402,-16.260631],[33.690401,-16.26036],[33.690121,-16.260361],[33.689838,-16.259819],[33.689277,-16.259821],[33.689276,-16.25955],[33.688714,-16.259552],[33.688713,-16.25928],[33.688152,-16.259282],[33.688151,-16.259011],[33.687589,-16.259013],[33.687588,-16.258742],[33.687027,-16.258743],[33.687026,-16.258472],[33.686465,-16.258474],[33.686464,-16.258203],[33.685341,-16.258207],[33.68534,-16.257935],[33.684217,-16.257939],[33.684216,-16.257668],[33.683654,-16.25767],[33.683655,-16.257941],[33.682813,-16.257944],[33.682812,-16.257672],[33.681128,-16.257678],[33.681127,-16.257407],[33.679442,-16.257412],[33.679441,-16.257141],[33.678318,-16.257144],[33.678317,-16.256873],[33.678037,-16.256874],[33.678036,-16.256603],[33.677755,-16.256604],[33.677472,-16.256062],[33.676911,-16.256064],[33.67691,-16.255793],[33.676629,-16.255794],[33.676628,-16.255523],[33.676348,-16.255524],[33.676347,-16.255252],[33.676066,-16.255253],[33.676065,-16.254982],[33.675784,-16.254983],[33.675783,-16.254712],[33.675503,-16.254713],[33.675502,-16.254442],[33.674939,-16.254172],[33.674935,-16.252816],[33.674654,-16.252817],[33.674653,-16.252546],[33.674372,-16.252547],[33.674371,-16.252276],[33.674091,-16.252276],[33.67409,-16.252005],[33.673809,-16.252006],[33.673526,-16.251465],[33.672965,-16.251467],[33.672964,-16.251195],[33.672403,-16.251197],[33.67212,-16.250656],[33.670996,-16.250388],[33.670995,-16.250117],[33.670715,-16.250118],[33.670714,-16.249846],[33.670152,-16.249848],[33.670151,-16.249577],[33.669871,-16.249578],[33.669588,-16.249036],[33.669027,-16.249038],[33.669026,-16.248767],[33.668745,-16.248768],[33.668462,-16.248226],[33.667901,-16.248228],[33.6679,-16.247957],[33.667338,-16.247959],[33.667338,-16.247688],[33.666776,-16.247689],[33.666775,-16.247418],[33.666214,-16.24742],[33.666213,-16.247149],[33.665089,-16.246881],[33.665088,-16.24661],[33.664807,-16.246611],[33.664806,-16.24634],[33.664526,-16.246341],[33.664525,-16.246069],[33.664244,-16.24607],[33.664243,-16.245799],[33.663681,-16.24553],[33.663679,-16.244987],[33.663117,-16.244718],[33.663115,-16.244175],[33.662834,-16.244176],[33.662831,-16.243363],[33.662551,-16.243364],[33.662257,-16.239568],[33.662538,-16.239567],[33.662535,-16.238753],[33.662816,-16.238753],[33.662811,-16.237397],[33.662531,-16.237397],[33.662246,-16.236314],[33.661684,-16.236044],[33.661682,-16.235502],[33.66112,-16.235232],[33.661118,-16.23469],[33.660837,-16.234691],[33.660553,-16.233607],[33.660272,-16.233608],[33.660271,-16.233337],[33.659991,-16.233338],[33.659989,-16.232795],[33.659708,-16.232796],[33.659707,-16.232525],[33.659427,-16.232526],[33.659426,-16.232255],[33.658863,-16.231985],[33.658862,-16.231443],[33.658581,-16.231444],[33.65858,-16.231172],[33.658299,-16.231173],[33.658298,-16.230902],[33.658018,-16.230903],[33.658017,-16.230632],[33.657736,-16.230633],[33.657735,-16.230361],[33.657455,-16.230362],[33.657454,-16.230091],[33.657173,-16.230092],[33.657172,-16.229821],[33.656891,-16.229822],[33.65689,-16.22955],[33.65661,-16.229551],[33.656609,-16.22928],[33.656328,-16.229281],[33.656327,-16.22901],[33.656047,-16.229011],[33.656046,-16.228739],[33.655765,-16.22874],[33.655764,-16.228469],[33.655483,-16.22847],[33.655482,-16.228199],[33.655202,-16.2282],[33.655201,-16.227929],[33.65492,-16.227929],[33.654919,-16.227658],[33.654639,-16.227659],[33.654638,-16.227388],[33.654075,-16.227118],[33.654074,-16.226576],[33.653793,-16.226577],[33.653791,-16.226035],[33.65351,-16.226035],[33.653508,-16.225222],[33.653227,-16.225223],[33.653226,-16.224952],[33.652945,-16.224952],[33.652945,-16.224681],[33.652664,-16.224682],[33.652663,-16.224411],[33.652382,-16.224412],[33.652381,-16.224141],[33.652101,-16.224141],[33.6521,-16.22387],[33.651819,-16.223871],[33.651818,-16.2236],[33.651537,-16.223601],[33.651537,-16.22333],[33.650974,-16.22306],[33.650973,-16.222518],[33.650692,-16.222519],[33.650691,-16.222247],[33.65013,-16.222249],[33.649847,-16.221708],[33.649286,-16.221709],[33.649285,-16.221438],[33.648161,-16.22117],[33.64816,-16.220899],[33.64788,-16.2209],[33.647879,-16.220629],[33.647317,-16.220631],[33.647035,-16.220089],[33.646193,-16.220092],[33.646192,-16.21982],[33.645911,-16.219821],[33.64591,-16.21955],[33.64563,-16.219551],[33.645629,-16.21928],[33.645348,-16.219281],[33.645347,-16.219009],[33.644785,-16.21874],[33.644783,-16.218198],[33.644221,-16.217928],[33.644218,-16.217114],[33.643938,-16.217115],[33.643928,-16.214132],[33.643647,-16.214133],[33.643645,-16.21332],[33.643082,-16.21305],[33.643081,-16.212508],[33.6428,-16.212508],[33.642799,-16.212237],[33.642518,-16.212238],[33.642518,-16.211967],[33.642237,-16.211968],[33.641954,-16.211426],[33.641393,-16.211428],[33.641392,-16.211157],[33.641112,-16.211158],[33.641111,-16.210886],[33.64083,-16.210887],[33.640548,-16.210346],[33.639986,-16.210347],[33.639704,-16.209806],[33.638862,-16.209808],[33.638861,-16.209537],[33.638019,-16.20954],[33.638018,-16.209269],[33.637176,-16.209271],[33.637175,-16.209],[33.63521,-16.209006],[33.63521,-16.208735],[33.633525,-16.208468],[33.633524,-16.208197],[33.632962,-16.208199],[33.63268,-16.207657],[33.632119,-16.207659],[33.632118,-16.207388],[33.631556,-16.20739],[33.631274,-16.206848],[33.630713,-16.20685],[33.630712,-16.206578],[33.630431,-16.206579],[33.63043,-16.206308],[33.63015,-16.206309],[33.630149,-16.206038],[33.629868,-16.206039],[33.629867,-16.205767],[33.629587,-16.205768],[33.629586,-16.205497],[33.629305,-16.205498],[33.629304,-16.205227],[33.628742,-16.204957],[33.628739,-16.204144],[33.628459,-16.204144],[33.628457,-16.203602],[33.628176,-16.203603],[33.628174,-16.202789],[33.627893,-16.20279],[33.627892,-16.202519],[33.627612,-16.20252],[33.62761,-16.201977],[33.627048,-16.201708],[33.627045,-16.200894],[33.626765,-16.200895],[33.626764,-16.200624],[33.626201,-16.200354],[33.6262,-16.199812],[33.625919,-16.199813],[33.625918,-16.199542],[33.625356,-16.199272],[33.625354,-16.19873],[33.625074,-16.198731],[33.625071,-16.197917],[33.62479,-16.197918],[33.624789,-16.197375],[33.624508,-16.197376],[33.624506,-16.196834],[33.624226,-16.196835],[33.624223,-16.196021],[33.623943,-16.196022],[33.623941,-16.19548],[33.62366,-16.19548],[33.623658,-16.194938],[33.623378,-16.194939],[33.623375,-16.194125],[33.623095,-16.194126],[33.623093,-16.193584],[33.622812,-16.193584],[33.62253,-16.193043],[33.622249,-16.193044],[33.622252,-16.193857],[33.621971,-16.193858],[33.62197,-16.193587],[33.62169,-16.193588],[33.621689,-16.193317],[33.621128,-16.193318],[33.621127,-16.193047],[33.620565,-16.192777],[33.620564,-16.192506],[33.621406,-16.192504],[33.621405,-16.192233],[33.621124,-16.192233],[33.620842,-16.191692],[33.62028,-16.191694],[33.620281,-16.191965],[33.618597,-16.19197],[33.618597,-16.191698],[33.617473,-16.191431],[33.617191,-16.190889],[33.616349,-16.190891],[33.616348,-16.19062],[33.616067,-16.190621],[33.615499,-16.188453],[33.61578,-16.188452],[33.615778,-16.18791],[33.616059,-16.187909],[33.616058,-16.187638],[33.616339,-16.187637],[33.616618,-16.187094],[33.615776,-16.187096],[33.615775,-16.186825],[33.615494,-16.186826],[33.615493,-16.186284],[33.615212,-16.186284],[33.615211,-16.186013],[33.615492,-16.186012],[33.61549,-16.18547],[33.614928,-16.1852],[33.614925,-16.184387],[33.615487,-16.184385],[33.615481,-16.182487],[33.615762,-16.182486],[33.61576,-16.181944],[33.61604,-16.181943],[33.61604,-16.181672],[33.6166,-16.181399],[33.616598,-16.180856],[33.616879,-16.180856],[33.616878,-16.180584],[33.617159,-16.180584],[33.617158,-16.180312],[33.617439,-16.180312],[33.617438,-16.18004],[33.617718,-16.18004],[33.617718,-16.179768],[33.618278,-16.179496],[33.618276,-16.178953],[33.618557,-16.178952],[33.618836,-16.178409],[33.619397,-16.178408],[33.619676,-16.177864],[33.620799,-16.177861],[33.620798,-16.17759],[33.621078,-16.177589],[33.621077,-16.177318],[33.621639,-16.177316],[33.621638,-16.177045],[33.621919,-16.177044],[33.622197,-16.176501],[33.620794,-16.176505],[33.620795,-16.176776],[33.620515,-16.176777],[33.620515,-16.177048],[33.620235,-16.177049],[33.619956,-16.177592],[33.618834,-16.177867],[33.618835,-16.178138],[33.618554,-16.178139],[33.618555,-16.17841],[33.618275,-16.178411],[33.617996,-16.178954],[33.617434,-16.178956],[33.617435,-16.179227],[33.616314,-16.179501],[33.616314,-16.179773],[33.616034,-16.179773],[33.616035,-16.180316],[33.615755,-16.180317],[33.615476,-16.18086],[33.615195,-16.180861],[33.615194,-16.180318],[33.614913,-16.180319],[33.614912,-16.180048],[33.615193,-16.180047],[33.615189,-16.178962],[33.61547,-16.178961],[33.615747,-16.177876],[33.616028,-16.177875],[33.616027,-16.177604],[33.616588,-16.177602],[33.616587,-16.17706],[33.616867,-16.177059],[33.616866,-16.176788],[33.617147,-16.176787],[33.617426,-16.176244],[33.617987,-16.176242],[33.617986,-16.175971],[33.618267,-16.17597],[33.618546,-16.175427],[33.619107,-16.175425],[33.619106,-16.175154],[33.619387,-16.175153],[33.619386,-16.174882],[33.619667,-16.174881],[33.619666,-16.17461],[33.620226,-16.174337],[33.620225,-16.173795],[33.620505,-16.173794],[33.620504,-16.173252],[33.620784,-16.173251],[33.620783,-16.17298],[33.620222,-16.172981],[33.619943,-16.173525],[33.619101,-16.173527],[33.618824,-16.174613],[33.618543,-16.174613],[33.618544,-16.174885],[33.618264,-16.174885],[33.617985,-16.175429],[33.617423,-16.17543],[33.617424,-16.175701],[33.617144,-16.175702],[33.617144,-16.175973],[33.616864,-16.175974],[33.616585,-16.176517],[33.616024,-16.176519],[33.61574,-16.175435],[33.615178,-16.175166],[33.614894,-16.174082],[33.614332,-16.173812],[33.614328,-16.172727],[33.614048,-16.172728],[33.614045,-16.171914],[33.613764,-16.171915],[33.613482,-16.171374],[33.612359,-16.171106],[33.612358,-16.170835],[33.611516,-16.170837],[33.611515,-16.170566],[33.611235,-16.170567],[33.610952,-16.170025],[33.610391,-16.170027],[33.610109,-16.169485],[33.609548,-16.169487],[33.609265,-16.168945],[33.608704,-16.168947],[33.608703,-16.168675],[33.608423,-16.168676],[33.608422,-16.168405],[33.608141,-16.168406],[33.60814,-16.168135],[33.60786,-16.168135],[33.607859,-16.167864],[33.607578,-16.167865],[33.607577,-16.167594],[33.607297,-16.167595],[33.607296,-16.167323],[33.607015,-16.167324],[33.607015,-16.167053],[33.606453,-16.166784],[33.606451,-16.166241],[33.60589,-16.166243],[33.605888,-16.1657],[33.605607,-16.165701],[33.605325,-16.16516],[33.605886,-16.164887],[33.605884,-16.164344],[33.606164,-16.164344],[33.606442,-16.163258],[33.607003,-16.163256],[33.607285,-16.163798],[33.607846,-16.163796],[33.607847,-16.164068],[33.608409,-16.164066],[33.608409,-16.164337],[33.609251,-16.164335],[33.609252,-16.164606],[33.610094,-16.164604],[33.610095,-16.164875],[33.610937,-16.164872],[33.610937,-16.165144],[33.611499,-16.165142],[33.611499,-16.165413],[33.612623,-16.165681],[33.612624,-16.165952],[33.612904,-16.165951],[33.612905,-16.166223],[33.613186,-16.166222],[33.613468,-16.166763],[33.614591,-16.167031],[33.61459,-16.16676],[33.61431,-16.166761],[33.614309,-16.16649],[33.614028,-16.166491],[33.614027,-16.166219],[33.613747,-16.16622],[33.613465,-16.165679],[33.612903,-16.16568],[33.612902,-16.165409],[33.611779,-16.165141],[33.611497,-16.1646],[33.610936,-16.164601],[33.610935,-16.16433],[33.609812,-16.164333],[33.609812,-16.164062],[33.60925,-16.164064],[33.60925,-16.163792],[33.608408,-16.163795],[33.608407,-16.163524],[33.607284,-16.163256],[33.607283,-16.162984],[33.607002,-16.162985],[33.607001,-16.162714],[33.606439,-16.162444],[33.606438,-16.161902],[33.606157,-16.161903],[33.606156,-16.161632],[33.605876,-16.161632],[33.605875,-16.161361],[33.605313,-16.161092],[33.60531,-16.160278],[33.60503,-16.160279],[33.605029,-16.160008],[33.604748,-16.160008],[33.604747,-16.159737],[33.604467,-16.159738],[33.604466,-16.159467],[33.604185,-16.159468],[33.604185,-16.159196],[33.603904,-16.159197],[33.603903,-16.158926],[33.603341,-16.158656],[33.603339,-16.157843],[33.603058,-16.157844],[33.603057,-16.157572],[33.602777,-16.157573],[33.602494,-16.157032],[33.601933,-16.157033],[33.601651,-16.156492],[33.600528,-16.156224],[33.600245,-16.155682],[33.599404,-16.155684],[33.599403,-16.155413],[33.599122,-16.155414],[33.599121,-16.155143],[33.59856,-16.155144],[33.598559,-16.154873],[33.598279,-16.154874],[33.598278,-16.154603],[33.597997,-16.154604],[33.597715,-16.154062],[33.597154,-16.154064],[33.596872,-16.153522],[33.596311,-16.153524],[33.596028,-16.152982],[33.595467,-16.152984],[33.595466,-16.152441],[33.595185,-16.152442],[33.595184,-16.152171],[33.594904,-16.152172],[33.594903,-16.1519],[33.594622,-16.151901],[33.594621,-16.15163],[33.594341,-16.151631],[33.59434,-16.151359],[33.593778,-16.15109],[33.593776,-16.150547],[33.593496,-16.150548],[33.593494,-16.150006],[33.593214,-16.150007],[33.593212,-16.149464],[33.592931,-16.149465],[33.59293,-16.148923],[33.592649,-16.148923],[33.592365,-16.147839],[33.591804,-16.147841],[33.591799,-16.146214],[33.591238,-16.146215],[33.591237,-16.145673],[33.590675,-16.145675],[33.590673,-16.144861],[33.591515,-16.144859],[33.591515,-16.14513],[33.591796,-16.145129],[33.59179,-16.143231],[33.59151,-16.143231],[33.591507,-16.142418],[33.591227,-16.142419],[33.591225,-16.141876],[33.590945,-16.141877],[33.590942,-16.141063],[33.590662,-16.141064],[33.590661,-16.140793],[33.590099,-16.140523],[33.590097,-16.139981],[33.589817,-16.139982],[33.589816,-16.139711],[33.589535,-16.139711],[33.589253,-16.13917],[33.588692,-16.139171],[33.588691,-16.1389],[33.588411,-16.138901],[33.58841,-16.13863],[33.588129,-16.13863],[33.588128,-16.138359],[33.587848,-16.13836],[33.587847,-16.138089],[33.587566,-16.13809],[33.587566,-16.137818],[33.587285,-16.137819],[33.587284,-16.137548],[33.587004,-16.137549],[33.587003,-16.137278],[33.586722,-16.137278],[33.586722,-16.137007],[33.586441,-16.137008],[33.58644,-16.136737],[33.58616,-16.136738],[33.586159,-16.136466],[33.585597,-16.136197],[33.585595,-16.135654],[33.585033,-16.135385],[33.585032,-16.134842],[33.584471,-16.134844],[33.58447,-16.134573],[33.583347,-16.134304],[33.583063,-16.13322],[33.582502,-16.133222],[33.582501,-16.132951],[33.58194,-16.132952],[33.581939,-16.132681],[33.581378,-16.132683],[33.581377,-16.132411],[33.580816,-16.132413],[33.580815,-16.132142],[33.580254,-16.132143],[33.580253,-16.131872],[33.579692,-16.131874],[33.579691,-16.131602],[33.57885,-16.131605],[33.578849,-16.131334],[33.578007,-16.131336],[33.578007,-16.131065],[33.577445,-16.131066],[33.577445,-16.130795],[33.576603,-16.130797],[33.576602,-16.130526],[33.576041,-16.130528],[33.57604,-16.130256],[33.574076,-16.130262],[33.574075,-16.12999],[33.573234,-16.129993],[33.573233,-16.129722],[33.570147,-16.12973],[33.570146,-16.129459],[33.568182,-16.129464],[33.568181,-16.129193],[33.56734,-16.129195],[33.56734,-16.129466],[33.565096,-16.129472],[33.565095,-16.129201],[33.563412,-16.129205],[33.563412,-16.129476],[33.56229,-16.129479],[33.562291,-16.129751],[33.560046,-16.129757],[33.560047,-16.130028],[33.558925,-16.130031],[33.558923,-16.129488],[33.558643,-16.129489],[33.558644,-16.12976],[33.558363,-16.129761],[33.558084,-16.130304],[33.557523,-16.130306],[33.557524,-16.130577],[33.557243,-16.130577],[33.556964,-16.131121],[33.556403,-16.131122],[33.556124,-16.131665],[33.555563,-16.131667],[33.555564,-16.131938],[33.555002,-16.131939],[33.555003,-16.132211],[33.553881,-16.132213],[33.55388,-16.131942],[33.552758,-16.131945],[33.552759,-16.132216],[33.552197,-16.132218],[33.552197,-16.131947],[33.549952,-16.131952],[33.549953,-16.132224],[33.548831,-16.132226],[33.54883,-16.131955],[33.547988,-16.131957],[33.547987,-16.131686],[33.547426,-16.131416],[33.547424,-16.130874],[33.547143,-16.130875],[33.547143,-16.130604],[33.546581,-16.130334],[33.546579,-16.129791],[33.546299,-16.129792],[33.546298,-16.129521],[33.545736,-16.129251],[33.545735,-16.128709],[33.545454,-16.12871],[33.545453,-16.128438],[33.544892,-16.12844],[33.544893,-16.128711],[33.545174,-16.12871],[33.545175,-16.129253],[33.545456,-16.129252],[33.545456,-16.129523],[33.545737,-16.129522],[33.545738,-16.129794],[33.5463,-16.130063],[33.546301,-16.130606],[33.546582,-16.130605],[33.546585,-16.13169],[33.546865,-16.131689],[33.546866,-16.13196],[33.546305,-16.131962],[33.546306,-16.132233],[33.545464,-16.132235],[33.545465,-16.132506],[33.543781,-16.132511],[33.543782,-16.132782],[33.539293,-16.132793],[33.539292,-16.132522],[33.53845,-16.132524],[33.53845,-16.132253],[33.536765,-16.131986],[33.536765,-16.131715],[33.536484,-16.131715],[33.536762,-16.13063],[33.536481,-16.130631],[33.536202,-16.131174],[33.53536,-16.131176],[33.535361,-16.131447],[33.533678,-16.131451],[33.533676,-16.130909],[33.533396,-16.13091],[33.533395,-16.130638],[33.532833,-16.130369],[33.532832,-16.129826],[33.532551,-16.129827],[33.53255,-16.129556],[33.53227,-16.129556],[33.532269,-16.129285],[33.531989,-16.129286],[33.531707,-16.128744],[33.531145,-16.128746],[33.530863,-16.128204],[33.530302,-16.128205],[33.530301,-16.127663],[33.53002,-16.127664],[33.53002,-16.127392],[33.529739,-16.127393],[33.529738,-16.127122],[33.529458,-16.127123],[33.529176,-16.126581],[33.528615,-16.126582],[33.528333,-16.126041],[33.527771,-16.126042],[33.527771,-16.125771],[33.52721,-16.125772],[33.527209,-16.125501],[33.526367,-16.125503],[33.526367,-16.125232],[33.524403,-16.125237],[33.524402,-16.124966],[33.521316,-16.124973],[33.521315,-16.124702],[33.520473,-16.124704],[33.520473,-16.124433],[33.518228,-16.124438],[33.518227,-16.124167],[33.517386,-16.124169],[33.517385,-16.123898],[33.516824,-16.123899],[33.516823,-16.123628],[33.516262,-16.123629],[33.516261,-16.123358],[33.515139,-16.123361],[33.515139,-16.12309],[33.514858,-16.12309],[33.514857,-16.122819],[33.514296,-16.122821],[33.514295,-16.122549],[33.513454,-16.122551],[33.513453,-16.12228],[33.512611,-16.122282],[33.512611,-16.122011],[33.511208,-16.122014],[33.511207,-16.121743],[33.510085,-16.121746],[33.510084,-16.121475],[33.5084,-16.121207],[33.508118,-16.120666],[33.507557,-16.120667],[33.507557,-16.120396],[33.507276,-16.120397],[33.507275,-16.120125],[33.506995,-16.120126],[33.506994,-16.119855],[33.506714,-16.119855],[33.506713,-16.119584],[33.506151,-16.119314],[33.506149,-16.118501],[33.505868,-16.118501],[33.505865,-16.117145],[33.505584,-16.117146],[33.505582,-16.116333],[33.505302,-16.116333],[33.5053,-16.115791],[33.50502,-16.115791],[33.505017,-16.114707],[33.504737,-16.114707],[33.504731,-16.112538],[33.505012,-16.112537],[33.505011,-16.112266],[33.50473,-16.112267],[33.504728,-16.111182],[33.504447,-16.111182],[33.504446,-16.11064],[33.504165,-16.110641],[33.504164,-16.110098],[33.503883,-16.110099],[33.503882,-16.109557],[33.503601,-16.109557],[33.5036,-16.109015],[33.50332,-16.109015],[33.503318,-16.108473],[33.503038,-16.108474],[33.503035,-16.107389],[33.502754,-16.10739],[33.502751,-16.106034],[33.503311,-16.105761],[33.50331,-16.105219],[33.50359,-16.105218],[33.50387,-16.104675],[33.503309,-16.104676],[33.503309,-16.104947],[33.503029,-16.104948],[33.503027,-16.104406],[33.503308,-16.104405],[33.503587,-16.103862],[33.503307,-16.103863],[33.503306,-16.103591],[33.503025,-16.103592],[33.503026,-16.103863],[33.502465,-16.103865],[33.50246,-16.101966],[33.50218,-16.101967],[33.502178,-16.101153],[33.501897,-16.101154],[33.501896,-16.100612],[33.503018,-16.100609],[33.503017,-16.100338],[33.502176,-16.10034],[33.502175,-16.100069],[33.501894,-16.100069],[33.501893,-16.099527],[33.501612,-16.099527],[33.50161,-16.098714],[33.50133,-16.098715],[33.501329,-16.098443],[33.501049,-16.098444],[33.501048,-16.098173],[33.500767,-16.098173],[33.500767,-16.097902],[33.500205,-16.097632],[33.500204,-16.09709],[33.499923,-16.097091],[33.499922,-16.096548],[33.499641,-16.096549],[33.49964,-16.096006],[33.499359,-16.096007]],[[33.500249,-16.11526],[33.50053,-16.11526],[33.50053,-16.115531],[33.50025,-16.115532],[33.500249,-16.11526]],[[33.499969,-16.115532],[33.50025,-16.115532],[33.500251,-16.115803],[33.49997,-16.115803],[33.499969,-16.115532]],[[33.501096,-16.117157],[33.501376,-16.117156],[33.501377,-16.117427],[33.501096,-16.117428],[33.501096,-16.117157]],[[33.500536,-16.1177],[33.501378,-16.117698],[33.501379,-16.118241],[33.501659,-16.11824],[33.501661,-16.118783],[33.50138,-16.118783],[33.501101,-16.119326],[33.500259,-16.119328],[33.500257,-16.118244],[33.500537,-16.118243],[33.500536,-16.1177]],[[33.49998,-16.119871],[33.500822,-16.119869],[33.500823,-16.120141],[33.501384,-16.120139],[33.501384,-16.12041],[33.501665,-16.12041],[33.50167,-16.122579],[33.50139,-16.12258],[33.501108,-16.122038],[33.500547,-16.12204],[33.500546,-16.121768],[33.500266,-16.121769],[33.500264,-16.121227],[33.499984,-16.121227],[33.49998,-16.119871]],[[33.511772,-16.123098],[33.514016,-16.123092],[33.514017,-16.123364],[33.514578,-16.123362],[33.514579,-16.123633],[33.51514,-16.123632],[33.515141,-16.123903],[33.516825,-16.12417],[33.516825,-16.124442],[33.517386,-16.12444],[33.517387,-16.124711],[33.518229,-16.124709],[33.51823,-16.124981],[33.519071,-16.124979],[33.519072,-16.12525],[33.521036,-16.125245],[33.521037,-16.125516],[33.521878,-16.125514],[33.521879,-16.125785],[33.523562,-16.125781],[33.523563,-16.126052],[33.526088,-16.126046],[33.52637,-16.126588],[33.526931,-16.126587],[33.526932,-16.126858],[33.527212,-16.126857],[33.527213,-16.127128],[33.527775,-16.127398],[33.527776,-16.12794],[33.528338,-16.12821],[33.52834,-16.128753],[33.52862,-16.128752],[33.528621,-16.129023],[33.529744,-16.129292],[33.529745,-16.129563],[33.530025,-16.129562],[33.530026,-16.129833],[33.530588,-16.130103],[33.53059,-16.130917],[33.529748,-16.130919],[33.529749,-16.13119],[33.529188,-16.131191],[33.529189,-16.131463],[33.526944,-16.131468],[33.526945,-16.131739],[33.526384,-16.131741],[33.526384,-16.132012],[33.526104,-16.132013],[33.526103,-16.131741],[33.5247,-16.131745],[33.524701,-16.132016],[33.523579,-16.132019],[33.523578,-16.131748],[33.522455,-16.131479],[33.522173,-16.130937],[33.521612,-16.130939],[33.521611,-16.130668],[33.521331,-16.130668],[33.52133,-16.130397],[33.521049,-16.130398],[33.521049,-16.130127],[33.520768,-16.130127],[33.520767,-16.129856],[33.520487,-16.129857],[33.520486,-16.129586],[33.520206,-16.129586],[33.520205,-16.129315],[33.519924,-16.129316],[33.519642,-16.128774],[33.519081,-16.128775],[33.51908,-16.128504],[33.5188,-16.128505],[33.518518,-16.127963],[33.517957,-16.127964],[33.517956,-16.127693],[33.517675,-16.127694],[33.517675,-16.127423],[33.517114,-16.127424],[33.516832,-16.126882],[33.51599,-16.126884],[33.515989,-16.126613],[33.515709,-16.126614],[33.515708,-16.126343],[33.515147,-16.126344],[33.515146,-16.126073],[33.514866,-16.126074],[33.514865,-16.125802],[33.514584,-16.125803],[33.514584,-16.125532],[33.514303,-16.125533],[33.514302,-16.125261],[33.514022,-16.125262],[33.51374,-16.12472],[33.512617,-16.124452],[33.512616,-16.124181],[33.512336,-16.124181],[33.512335,-16.12391],[33.511773,-16.12364],[33.511772,-16.123098]],[[33.516283,-16.131765],[33.517405,-16.131763],[33.517406,-16.132034],[33.517967,-16.132032],[33.518249,-16.132574],[33.51881,-16.132573],[33.518812,-16.133115],[33.517409,-16.133119],[33.517408,-16.132847],[33.516285,-16.132579],[33.516283,-16.131765]],[[33.532,-16.133625],[33.533403,-16.133622],[33.533404,-16.133893],[33.533965,-16.133891],[33.533966,-16.134434],[33.533686,-16.134435],[33.533686,-16.134706],[33.532284,-16.134709],[33.532283,-16.134438],[33.532002,-16.134439],[33.532,-16.133625]],[[33.577733,-16.133506],[33.578855,-16.133503],[33.578856,-16.133774],[33.579137,-16.133774],[33.579138,-16.134316],[33.578297,-16.134318],[33.578296,-16.134047],[33.578015,-16.134048],[33.577733,-16.133506]],[[33.561462,-16.134363],[33.563146,-16.134359],[33.563146,-16.13463],[33.563427,-16.134629],[33.563429,-16.135172],[33.561465,-16.135177],[33.561462,-16.134363]],[[33.534809,-16.134974],[33.535651,-16.134972],[33.535933,-16.135514],[33.534811,-16.135516],[33.534809,-16.134974]],[[33.536497,-16.136597],[33.536778,-16.136596],[33.53706,-16.137138],[33.536499,-16.137139],[33.536497,-16.136597]],[[33.529771,-16.139326],[33.531174,-16.139322],[33.531174,-16.139594],[33.531735,-16.139592],[33.531736,-16.139863],[33.531175,-16.139865],[33.531176,-16.140136],[33.530053,-16.140139],[33.530053,-16.139868],[33.529772,-16.139868],[33.529771,-16.139326]],[[33.578315,-16.140556],[33.579718,-16.140552],[33.579718,-16.140823],[33.58056,-16.140821],[33.580561,-16.141092],[33.581403,-16.14109],[33.581403,-16.141361],[33.582245,-16.141359],[33.582246,-16.14163],[33.583929,-16.141625],[33.584212,-16.142167],[33.584773,-16.142165],[33.584773,-16.142436],[33.585335,-16.142706],[33.585619,-16.14379],[33.586181,-16.14406],[33.586183,-16.144602],[33.586745,-16.144872],[33.586746,-16.145414],[33.587027,-16.145413],[33.587029,-16.145956],[33.587309,-16.145955],[33.587312,-16.146769],[33.587592,-16.146768],[33.587594,-16.14731],[33.587874,-16.147309],[33.587877,-16.148123],[33.587035,-16.148125],[33.587034,-16.147854],[33.585912,-16.147857],[33.585911,-16.147586],[33.583386,-16.147593],[33.583385,-16.147322],[33.582824,-16.147323],[33.582542,-16.146782],[33.58198,-16.146783],[33.58198,-16.146512],[33.581699,-16.146513],[33.581698,-16.146242],[33.581136,-16.145972],[33.581135,-16.14543],[33.580573,-16.14516],[33.580571,-16.144618],[33.580291,-16.144618],[33.58029,-16.144347],[33.579728,-16.144077],[33.579726,-16.143535],[33.579446,-16.143536],[33.579162,-16.142452],[33.5786,-16.142182],[33.578598,-16.14164],[33.578318,-16.14164],[33.578315,-16.140556]],[[33.586756,-16.148669],[33.587037,-16.148668],[33.587037,-16.148939],[33.587599,-16.148937],[33.5876,-16.14948],[33.586758,-16.149482],[33.586758,-16.149211],[33.586477,-16.149212],[33.586756,-16.148669]],[[33.587321,-16.150023],[33.588443,-16.15002],[33.588444,-16.150291],[33.589286,-16.150289],[33.589287,-16.15056],[33.589567,-16.150559],[33.589568,-16.15083],[33.589849,-16.15083],[33.58985,-16.151101],[33.590412,-16.15137],[33.590414,-16.152184],[33.590976,-16.152454],[33.590978,-16.153267],[33.590417,-16.153269],[33.590416,-16.152998],[33.589575,-16.153],[33.589574,-16.152729],[33.588451,-16.152732],[33.588451,-16.152461],[33.587328,-16.152464],[33.587328,-16.152193],[33.586204,-16.151924],[33.586204,-16.151653],[33.585923,-16.151654],[33.585922,-16.151383],[33.58536,-16.151113],[33.585358,-16.1503],[33.587322,-16.150294],[33.587321,-16.150023]],[[33.601938,-16.15866],[33.602219,-16.15866],[33.60222,-16.158931],[33.602781,-16.158929],[33.602782,-16.1592],[33.603062,-16.1592],[33.603063,-16.159471],[33.603344,-16.15947],[33.603344,-16.159741],[33.603625,-16.15974],[33.603626,-16.160012],[33.603906,-16.160011],[33.603907,-16.160282],[33.604188,-16.160281],[33.604189,-16.160552],[33.604751,-16.160822],[33.604752,-16.161364],[33.605314,-16.161634],[33.605316,-16.162176],[33.605878,-16.162446],[33.605884,-16.164344],[33.605603,-16.164345],[33.605324,-16.164888],[33.605044,-16.164889],[33.605043,-16.164618],[33.604482,-16.16462],[33.60448,-16.164077],[33.603918,-16.163808],[33.603634,-16.162724],[33.603072,-16.162454],[33.60307,-16.161912],[33.60279,-16.161912],[33.602788,-16.16137],[33.602508,-16.161371],[33.602505,-16.160557],[33.602224,-16.160558],[33.602223,-16.160016],[33.601942,-16.160016],[33.601941,-16.159474],[33.60166,-16.159475],[33.601658,-16.158932],[33.601939,-16.158932],[33.601938,-16.15866]],[[33.607037,-16.174375],[33.607598,-16.174374],[33.607599,-16.174645],[33.608161,-16.174914],[33.608163,-16.175457],[33.608443,-16.175456],[33.608446,-16.17627],[33.608727,-16.176269],[33.608728,-16.176811],[33.608448,-16.176812],[33.60845,-16.177626],[33.608169,-16.177626],[33.60817,-16.177898],[33.60789,-16.177898],[33.607606,-16.176814],[33.607325,-16.176815],[33.607324,-16.176544],[33.606762,-16.176274],[33.606757,-16.174647],[33.607038,-16.174646],[33.607037,-16.174375]],[[33.610998,-16.184941],[33.611559,-16.184939],[33.61156,-16.18521],[33.611841,-16.185209],[33.611845,-16.186565],[33.611283,-16.186296],[33.611281,-16.185753],[33.611001,-16.185754],[33.610998,-16.184941]],[[33.620848,-16.19359],[33.62169,-16.193588],[33.621691,-16.19413],[33.621972,-16.194129],[33.621973,-16.194401],[33.622254,-16.1944],[33.622536,-16.194941],[33.623097,-16.19494],[33.623098,-16.195211],[33.623379,-16.19521],[33.62338,-16.195752],[33.622258,-16.195756],[33.622257,-16.195484],[33.621696,-16.195486],[33.621695,-16.195215],[33.621133,-16.194945],[33.621131,-16.194403],[33.62085,-16.194404],[33.620848,-16.19359]],[[33.617219,-16.199838],[33.617499,-16.199837],[33.617501,-16.20038],[33.617782,-16.200379],[33.617784,-16.201193],[33.617223,-16.201194],[33.617222,-16.200923],[33.616941,-16.200924],[33.616939,-16.20011],[33.617219,-16.200109],[33.617219,-16.199838]],[[33.616946,-16.202551],[33.617227,-16.20255],[33.617228,-16.202821],[33.617789,-16.20282],[33.617791,-16.203362],[33.618072,-16.203361],[33.618076,-16.204717],[33.617795,-16.204718],[33.617796,-16.204989],[33.617515,-16.20499],[33.617515,-16.204719],[33.616952,-16.204449],[33.616951,-16.203907],[33.61667,-16.203908],[33.616667,-16.202823],[33.616947,-16.202822],[33.616946,-16.202551]],[[33.623976,-16.206598],[33.624256,-16.206598],[33.624258,-16.20714],[33.624539,-16.207139],[33.624541,-16.207953],[33.625103,-16.207951],[33.625102,-16.20768],[33.625383,-16.207679],[33.625382,-16.207408],[33.625942,-16.207135],[33.625944,-16.207677],[33.626225,-16.207677],[33.626225,-16.207948],[33.626787,-16.207946],[33.626788,-16.208217],[33.627068,-16.208216],[33.627351,-16.208758],[33.627912,-16.208756],[33.627913,-16.209028],[33.628475,-16.209297],[33.628477,-16.209839],[33.628758,-16.209839],[33.628759,-16.210381],[33.62904,-16.21038],[33.629042,-16.210923],[33.629322,-16.210922],[33.629325,-16.211735],[33.629606,-16.211734],[33.629891,-16.213361],[33.629049,-16.213363],[33.628767,-16.212822],[33.627925,-16.212824],[33.627924,-16.212553],[33.627643,-16.212554],[33.627361,-16.212012],[33.626801,-16.212285],[33.627078,-16.2112],[33.626797,-16.2112],[33.626795,-16.210658],[33.626233,-16.210388],[33.626231,-16.209846],[33.625951,-16.209847],[33.625949,-16.209305],[33.625668,-16.209305],[33.625666,-16.208492],[33.625104,-16.208493],[33.625107,-16.209307],[33.625388,-16.209306],[33.625389,-16.209849],[33.62567,-16.209848],[33.625672,-16.21039],[33.625952,-16.210389],[33.625954,-16.210932],[33.626235,-16.210931],[33.626237,-16.211473],[33.625675,-16.211475],[33.625673,-16.210661],[33.625111,-16.210663],[33.62511,-16.210121],[33.624548,-16.210122],[33.624547,-16.209851],[33.624267,-16.209852],[33.624265,-16.209309],[33.624826,-16.209037],[33.624823,-16.208223],[33.624542,-16.208224],[33.624543,-16.208495],[33.624262,-16.208496],[33.623983,-16.209039],[33.623421,-16.20877],[33.62342,-16.208498],[33.623701,-16.208498],[33.623698,-16.207413],[33.623978,-16.207412],[33.623976,-16.206598]],[[33.624819,-16.206867],[33.625099,-16.206866],[33.625101,-16.207409],[33.62482,-16.207409],[33.624819,-16.206867]],[[33.634932,-16.20982],[33.637178,-16.209814],[33.637179,-16.210085],[33.63774,-16.210083],[33.637741,-16.210354],[33.638583,-16.210352],[33.638584,-16.210623],[33.639145,-16.210621],[33.639427,-16.211163],[33.640551,-16.211431],[33.640833,-16.211972],[33.641395,-16.21197],[33.641397,-16.212513],[33.641677,-16.212512],[33.641678,-16.212783],[33.64224,-16.213053],[33.642243,-16.213866],[33.642524,-16.213865],[33.642525,-16.214408],[33.642806,-16.214407],[33.64281,-16.215492],[33.64309,-16.215491],[33.643096,-16.217118],[33.642815,-16.217119],[33.642816,-16.21739],[33.643378,-16.217659],[33.64338,-16.218202],[33.64366,-16.218201],[33.643663,-16.219014],[33.643944,-16.219014],[33.643946,-16.219556],[33.644226,-16.219555],[33.644227,-16.219826],[33.644789,-16.220096],[33.644791,-16.220638],[33.645072,-16.220637],[33.645073,-16.220909],[33.645635,-16.221178],[33.645637,-16.22172],[33.646199,-16.22199],[33.646201,-16.222532],[33.646481,-16.222531],[33.646482,-16.222803],[33.647044,-16.222801],[33.647045,-16.223072],[33.647325,-16.223071],[33.647608,-16.223613],[33.648169,-16.223611],[33.64817,-16.223882],[33.648451,-16.223881],[33.648733,-16.224423],[33.649295,-16.224421],[33.649577,-16.224963],[33.650138,-16.224961],[33.650421,-16.225503],[33.650982,-16.225501],[33.650983,-16.225772],[33.652107,-16.22604],[33.652108,-16.226311],[33.652388,-16.22631],[33.652389,-16.226581],[33.65267,-16.22658],[33.652671,-16.226852],[33.653233,-16.227121],[33.653235,-16.227663],[33.653516,-16.227663],[33.653518,-16.228205],[33.653798,-16.228204],[33.6538,-16.228746],[33.654081,-16.228746],[33.654365,-16.229829],[33.654927,-16.230099],[33.654929,-16.230641],[33.65521,-16.23064],[33.655212,-16.231183],[33.655492,-16.231182],[33.655494,-16.231724],[33.655775,-16.231723],[33.655777,-16.232266],[33.656057,-16.232265],[33.656059,-16.232807],[33.65634,-16.232806],[33.656343,-16.23362],[33.656623,-16.233619],[33.656908,-16.234703],[33.657188,-16.234702],[33.657189,-16.234973],[33.657751,-16.235243],[33.657753,-16.235785],[33.658034,-16.235784],[33.658035,-16.236055],[33.658316,-16.236055],[33.658316,-16.236326],[33.658879,-16.236595],[33.658881,-16.237138],[33.659161,-16.237137],[33.659163,-16.237679],[33.659444,-16.237678],[33.659446,-16.238221],[33.659726,-16.23822],[33.659729,-16.239033],[33.66001,-16.239032],[33.660012,-16.239575],[33.660292,-16.239574],[33.660295,-16.240388],[33.660576,-16.240387],[33.660578,-16.240929],[33.660858,-16.240928],[33.660861,-16.241742],[33.661142,-16.241741],[33.661144,-16.242554],[33.661425,-16.242554],[33.661431,-16.244181],[33.661711,-16.24418],[33.661714,-16.244993],[33.661995,-16.244992],[33.662279,-16.246076],[33.66256,-16.246075],[33.662561,-16.246347],[33.663123,-16.246616],[33.663125,-16.247158],[33.663406,-16.247158],[33.663407,-16.247429],[33.663969,-16.247698],[33.663971,-16.248241],[33.664532,-16.248239],[33.664533,-16.24851],[33.664814,-16.248509],[33.665096,-16.249051],[33.665658,-16.249049],[33.66594,-16.24959],[33.666502,-16.249589],[33.666503,-16.24986],[33.667906,-16.249855],[33.667907,-16.250127],[33.668749,-16.250124],[33.66875,-16.250395],[33.669312,-16.250393],[33.669313,-16.250664],[33.669875,-16.250934],[33.669877,-16.251476],[33.670439,-16.251746],[33.670441,-16.252288],[33.670722,-16.252287],[33.670723,-16.252558],[33.671004,-16.252557],[33.671004,-16.252829],[33.671567,-16.253098],[33.671569,-16.25364],[33.671849,-16.25364],[33.671848,-16.253097],[33.672409,-16.253095],[33.67241,-16.253367],[33.672972,-16.253636],[33.672974,-16.254178],[33.672413,-16.25418],[33.672414,-16.254451],[33.672694,-16.25445],[33.672695,-16.254722],[33.672976,-16.254721],[33.672977,-16.254992],[33.673539,-16.255261],[33.673542,-16.256075],[33.6727,-16.256078],[33.672699,-16.255806],[33.670453,-16.255814],[33.670452,-16.255542],[33.669328,-16.255275],[33.669327,-16.255003],[33.669047,-16.255004],[33.669046,-16.254733],[33.668483,-16.254464],[33.668482,-16.253921],[33.668201,-16.253922],[33.668199,-16.25338],[33.667918,-16.253381],[33.667916,-16.252567],[33.667353,-16.252298],[33.667351,-16.251755],[33.667071,-16.251756],[33.666788,-16.251215],[33.666227,-16.251217],[33.666226,-16.250945],[33.665945,-16.250946],[33.665944,-16.250675],[33.665663,-16.250676],[33.665662,-16.250405],[33.665382,-16.250406],[33.665381,-16.250134],[33.6651,-16.250135],[33.665099,-16.249864],[33.664818,-16.249865],[33.664536,-16.249324],[33.663974,-16.249325],[33.663973,-16.249054],[33.663693,-16.249055],[33.663692,-16.248784],[33.663411,-16.248785],[33.66341,-16.248514],[33.663129,-16.248514],[33.663129,-16.248243],[33.662848,-16.248244],[33.662847,-16.247973],[33.662566,-16.247974],[33.662565,-16.247703],[33.662285,-16.247703],[33.662284,-16.247432],[33.662003,-16.247433],[33.662002,-16.247162],[33.661721,-16.247163],[33.66172,-16.246892],[33.66144,-16.246893],[33.661439,-16.246621],[33.661158,-16.246622],[33.661157,-16.246351],[33.660876,-16.246352],[33.660875,-16.246081],[33.660595,-16.246082],[33.660594,-16.24581],[33.660313,-16.245811],[33.660312,-16.24554],[33.660031,-16.245541],[33.660031,-16.24527],[33.65975,-16.245271],[33.659749,-16.244999],[33.659468,-16.245],[33.659467,-16.244729],[33.659187,-16.24473],[33.659186,-16.244459],[33.658905,-16.24446],[33.658904,-16.244189],[33.658342,-16.243919],[33.65834,-16.243377],[33.658059,-16.243378],[33.658058,-16.243106],[33.657778,-16.243107],[33.657776,-16.242565],[33.657213,-16.242295],[33.657211,-16.241482],[33.657491,-16.241481],[33.657486,-16.239854],[33.657205,-16.239855],[33.657203,-16.239041],[33.656922,-16.239042],[33.65692,-16.2385],[33.656358,-16.23823],[33.656356,-16.237688],[33.656075,-16.237689],[33.656073,-16.236875],[33.655792,-16.236876],[33.65579,-16.236334],[33.655509,-16.236335],[33.655508,-16.236063],[33.654947,-16.236065],[33.654945,-16.235523],[33.654665,-16.235524],[33.654664,-16.235252],[33.654102,-16.235254],[33.6541,-16.234712],[33.65382,-16.234713],[33.653819,-16.234441],[33.653538,-16.234442],[33.653536,-16.2339],[33.653256,-16.233901],[33.653248,-16.231731],[33.653529,-16.23173],[33.653524,-16.230103],[33.653805,-16.230102],[33.653804,-16.229831],[33.653523,-16.229832],[33.653521,-16.22929],[33.65324,-16.229291],[33.653239,-16.228748],[33.652958,-16.228749],[33.652957,-16.228478],[33.652395,-16.228208],[33.652393,-16.227666],[33.652112,-16.227667],[33.652111,-16.227396],[33.651831,-16.227397],[33.651548,-16.226855],[33.650987,-16.226857],[33.650986,-16.226586],[33.650705,-16.226586],[33.650704,-16.226315],[33.650143,-16.226317],[33.650142,-16.226046],[33.6493,-16.226048],[33.649299,-16.225777],[33.648738,-16.225779],[33.648737,-16.225508],[33.648456,-16.225509],[33.648174,-16.224967],[33.647612,-16.224969],[33.647611,-16.224698],[33.646769,-16.2247],[33.646768,-16.224429],[33.646488,-16.22443],[33.646487,-16.224159],[33.646206,-16.224159],[33.646205,-16.223888],[33.645925,-16.223889],[33.645924,-16.223618],[33.645643,-16.223619],[33.645642,-16.223348],[33.645361,-16.223348],[33.64536,-16.223077],[33.64508,-16.223078],[33.645079,-16.222807],[33.644798,-16.222808],[33.644797,-16.222537],[33.644517,-16.222537],[33.644516,-16.222266],[33.644235,-16.222267],[33.643953,-16.221726],[33.643111,-16.221728],[33.64311,-16.221457],[33.641986,-16.221189],[33.641985,-16.220918],[33.641704,-16.220919],[33.641422,-16.220377],[33.640861,-16.220379],[33.64086,-16.220108],[33.640579,-16.220109],[33.640297,-16.219567],[33.639735,-16.219569],[33.639734,-16.219298],[33.639454,-16.219298],[33.639453,-16.219027],[33.639172,-16.219028],[33.639171,-16.218757],[33.638891,-16.218758],[33.63889,-16.218487],[33.638327,-16.218217],[33.638326,-16.217675],[33.638045,-16.217675],[33.638039,-16.215777],[33.637758,-16.215778],[33.637756,-16.214964],[33.638036,-16.214964],[33.638035,-16.214692],[33.637755,-16.214693],[33.637754,-16.214422],[33.637473,-16.214423],[33.637472,-16.214152],[33.637192,-16.214153],[33.637191,-16.213881],[33.63691,-16.213882],[33.636909,-16.213611],[33.636629,-16.213612],[33.636628,-16.213341],[33.636347,-16.213342],[33.636346,-16.21307],[33.636065,-16.213071],[33.636065,-16.2128],[33.635502,-16.21253],[33.635501,-16.211988],[33.634938,-16.211719],[33.634936,-16.210905],[33.634655,-16.210906],[33.634653,-16.210092],[33.634933,-16.210091],[33.634932,-16.20982]],[[33.649568,-16.222251],[33.649849,-16.22225],[33.64985,-16.222521],[33.650411,-16.222519],[33.650412,-16.222791],[33.650974,-16.22306],[33.650976,-16.223602],[33.649852,-16.223335],[33.649852,-16.223064],[33.649571,-16.223064],[33.649568,-16.222251]],[[33.641162,-16.226615],[33.641723,-16.226614],[33.641724,-16.226885],[33.642285,-16.226883],[33.642286,-16.227154],[33.642847,-16.227153],[33.642848,-16.227424],[33.643972,-16.227692],[33.643973,-16.227963],[33.644254,-16.227962],[33.644254,-16.228233],[33.644817,-16.228503],[33.644819,-16.229316],[33.644539,-16.229317],[33.644538,-16.229046],[33.643696,-16.229049],[33.643695,-16.228777],[33.642853,-16.22878],[33.642852,-16.228509],[33.64201,-16.228511],[33.642009,-16.22824],[33.641728,-16.228241],[33.641727,-16.22797],[33.641447,-16.227971],[33.641446,-16.227699],[33.640883,-16.22743],[33.640882,-16.226887],[33.641162,-16.226887],[33.641162,-16.226615]],[[33.65746,-16.231989],[33.658021,-16.231988],[33.658022,-16.232259],[33.658303,-16.232258],[33.658305,-16.2328],[33.659428,-16.232797],[33.659429,-16.233339],[33.65971,-16.233338],[33.659711,-16.23361],[33.659992,-16.233609],[33.659993,-16.234151],[33.660556,-16.234421],[33.660559,-16.235234],[33.660839,-16.235233],[33.660846,-16.237132],[33.660284,-16.237133],[33.660283,-16.236862],[33.660003,-16.236863],[33.660001,-16.236321],[33.65972,-16.236321],[33.659719,-16.23605],[33.659157,-16.235781],[33.659155,-16.235238],[33.658874,-16.235239],[33.658873,-16.234968],[33.658311,-16.234699],[33.658308,-16.233885],[33.657746,-16.233616],[33.65746,-16.231989]],[[33.654387,-16.236609],[33.654668,-16.236608],[33.65467,-16.237151],[33.654389,-16.237152],[33.654387,-16.236609]],[[33.65467,-16.237151],[33.654951,-16.23715],[33.654952,-16.237421],[33.654671,-16.237422],[33.65467,-16.237151]],[[33.661688,-16.237129],[33.661968,-16.237128],[33.661969,-16.237399],[33.661689,-16.2374],[33.661688,-16.237129]],[[33.655233,-16.237691],[33.655514,-16.23769],[33.655515,-16.237962],[33.656076,-16.23796],[33.656078,-16.238502],[33.656359,-16.238501],[33.656082,-16.239587],[33.655801,-16.239588],[33.655798,-16.238774],[33.655236,-16.238505],[33.655233,-16.237691]],[[33.661973,-16.238484],[33.662254,-16.238483],[33.662256,-16.239297],[33.661976,-16.239298],[33.661973,-16.238484]],[[33.655238,-16.239047],[33.655518,-16.239046],[33.655519,-16.239318],[33.655239,-16.239318],[33.655238,-16.239047]],[[33.657502,-16.244735],[33.657783,-16.244734],[33.657784,-16.245006],[33.657503,-16.245006],[33.657502,-16.244735]],[[33.654978,-16.245285],[33.655258,-16.245285],[33.655259,-16.245556],[33.655821,-16.245554],[33.655822,-16.245825],[33.656102,-16.245824],[33.656103,-16.246096],[33.656384,-16.246095],[33.656385,-16.246366],[33.656665,-16.246365],[33.656948,-16.246907],[33.656387,-16.246908],[33.656104,-16.246367],[33.655543,-16.246368],[33.655542,-16.246097],[33.654979,-16.245828],[33.654978,-16.245285]],[[33.657793,-16.247717],[33.658354,-16.247716],[33.658355,-16.247987],[33.658636,-16.247986],[33.658919,-16.248528],[33.65948,-16.248526],[33.659481,-16.248797],[33.659762,-16.248796],[33.659763,-16.249067],[33.660043,-16.249066],[33.660044,-16.249338],[33.660325,-16.249337],[33.660607,-16.249878],[33.661169,-16.249876],[33.66117,-16.250148],[33.66145,-16.250147],[33.661451,-16.250418],[33.661732,-16.250417],[33.661733,-16.250688],[33.662014,-16.250687],[33.662015,-16.250959],[33.662577,-16.251228],[33.662579,-16.25177],[33.66286,-16.25177],[33.662861,-16.252041],[33.6623,-16.252314],[33.662299,-16.252042],[33.662018,-16.252043],[33.662017,-16.251772],[33.661737,-16.251773],[33.661736,-16.251502],[33.661455,-16.251503],[33.661172,-16.250961],[33.660611,-16.250963],[33.660609,-16.250421],[33.660048,-16.250422],[33.660047,-16.250151],[33.659766,-16.250152],[33.659765,-16.249881],[33.659203,-16.249611],[33.659201,-16.249069],[33.65892,-16.24907],[33.658919,-16.248799],[33.658639,-16.2488],[33.658638,-16.248528],[33.658357,-16.248529],[33.658356,-16.248258],[33.658075,-16.248259],[33.657793,-16.247717]],[[33.66822,-16.259617],[33.669343,-16.259614],[33.669344,-16.259885],[33.670186,-16.259882],[33.670187,-16.260153],[33.67131,-16.26015],[33.671311,-16.260421],[33.672996,-16.260687],[33.673279,-16.261228],[33.67384,-16.261227],[33.674123,-16.261768],[33.674685,-16.261766],[33.674685,-16.262037],[33.674966,-16.262037],[33.674967,-16.262308],[33.675248,-16.262307],[33.675249,-16.262578],[33.67553,-16.262577],[33.67553,-16.262848],[33.675811,-16.262847],[33.676094,-16.263389],[33.676655,-16.263387],[33.676656,-16.263658],[33.676937,-16.263657],[33.676938,-16.263929],[33.677219,-16.263928],[33.67722,-16.264199],[33.6775,-16.264198],[33.677501,-16.264469],[33.677782,-16.264468],[33.678065,-16.26501],[33.678626,-16.265008],[33.678909,-16.265549],[33.67947,-16.265548],[33.679753,-16.266089],[33.680314,-16.266087],[33.680597,-16.266629],[33.681158,-16.266627],[33.681441,-16.267168],[33.682003,-16.267167],[33.682004,-16.267709],[33.682285,-16.267708],[33.682286,-16.267979],[33.682849,-16.268249],[33.68285,-16.268791],[33.683131,-16.26879],[33.683132,-16.269061],[33.683694,-16.269059],[33.683695,-16.269331],[33.684256,-16.269329],[33.684539,-16.26987],[33.6851,-16.269868],[33.685101,-16.27014],[33.685663,-16.270138],[33.685945,-16.270679],[33.686507,-16.270678],[33.686508,-16.270949],[33.686789,-16.270948],[33.68679,-16.271219],[33.68707,-16.271218],[33.687071,-16.271489],[33.687352,-16.271488],[33.687635,-16.27203],[33.688759,-16.272297],[33.68876,-16.272569],[33.68904,-16.272568],[33.689042,-16.27311],[33.689323,-16.273109],[33.689322,-16.272838],[33.689884,-16.272836],[33.689885,-16.273107],[33.690446,-16.273105],[33.690447,-16.273377],[33.691289,-16.273374],[33.69129,-16.273645],[33.691571,-16.273644],[33.691572,-16.273915],[33.691853,-16.273914],[33.691854,-16.274186],[33.692416,-16.274455],[33.692419,-16.275268],[33.6927,-16.275268],[33.692702,-16.27581],[33.692982,-16.275809],[33.692983,-16.27608],[33.693264,-16.276079],[33.693265,-16.27635],[33.693546,-16.27635],[33.693547,-16.276621],[33.693828,-16.27662],[33.693828,-16.276891],[33.694391,-16.27716],[33.694393,-16.277703],[33.694674,-16.277702],[33.694676,-16.278244],[33.694956,-16.278243],[33.694679,-16.279329],[33.69496,-16.279328],[33.694963,-16.280142],[33.695244,-16.280141],[33.695245,-16.280412],[33.694402,-16.280415],[33.694401,-16.280143],[33.694121,-16.280144],[33.693838,-16.279603],[33.693276,-16.279605],[33.693276,-16.279333],[33.692995,-16.279334],[33.692993,-16.278792],[33.692712,-16.278793],[33.692711,-16.278522],[33.69215,-16.278524],[33.691867,-16.277982],[33.691586,-16.277983],[33.691587,-16.278254],[33.690464,-16.278258],[33.690463,-16.277987],[33.689621,-16.277989],[33.68962,-16.277718],[33.688496,-16.277451],[33.688495,-16.27718],[33.688214,-16.27718],[33.688213,-16.276909],[33.687932,-16.27691],[33.687931,-16.276639],[33.687651,-16.27664],[33.68765,-16.276369],[33.687369,-16.27637],[33.687086,-16.275828],[33.686525,-16.27583],[33.686242,-16.275289],[33.685681,-16.27529],[33.68568,-16.275019],[33.685399,-16.27502],[33.685116,-16.274479],[33.684274,-16.274481],[33.684273,-16.27421],[33.683431,-16.274213],[33.683148,-16.273671],[33.682306,-16.273674],[33.682305,-16.273403],[33.682024,-16.273404],[33.682023,-16.273133],[33.681742,-16.273134],[33.68146,-16.272592],[33.680898,-16.272594],[33.680616,-16.272052],[33.680054,-16.272054],[33.680053,-16.271783],[33.679772,-16.271784],[33.679772,-16.271513],[33.679491,-16.271514],[33.679208,-16.270972],[33.678647,-16.270974],[33.678646,-16.270703],[33.678084,-16.270705],[33.678083,-16.270433],[33.677522,-16.270435],[33.677521,-16.270164],[33.676959,-16.270166],[33.676958,-16.269895],[33.676397,-16.269896],[33.676396,-16.269625],[33.675834,-16.269627],[33.675833,-16.269356],[33.675272,-16.269358],[33.675271,-16.269087],[33.67471,-16.269088],[33.674709,-16.268817],[33.674147,-16.268819],[33.674146,-16.268548],[33.673585,-16.268549],[33.673584,-16.268278],[33.673022,-16.26828],[33.673021,-16.268009],[33.672179,-16.268012],[33.672178,-16.26774],[33.671336,-16.267743],[33.671335,-16.267472],[33.670773,-16.267474],[33.670773,-16.267202],[33.669649,-16.266935],[33.669648,-16.266664],[33.669367,-16.266665],[33.66936,-16.264495],[33.66964,-16.264494],[33.669639,-16.264223],[33.669359,-16.264224],[33.669355,-16.263139],[33.669074,-16.26314],[33.669072,-16.262598],[33.668792,-16.262599],[33.66879,-16.262056],[33.668509,-16.262057],[33.668507,-16.261515],[33.668226,-16.261516],[33.668225,-16.260973],[33.667944,-16.260974],[33.66794,-16.259889],[33.668221,-16.259888],[33.66822,-16.259617]],[[33.666257,-16.260166],[33.666818,-16.260164],[33.666819,-16.260435],[33.6671,-16.260434],[33.667101,-16.260706],[33.667663,-16.260975],[33.667666,-16.261788],[33.668228,-16.262058],[33.668231,-16.262871],[33.668512,-16.262871],[33.668515,-16.263684],[33.668795,-16.263683],[33.668802,-16.265582],[33.66824,-16.265583],[33.668239,-16.265312],[33.667959,-16.265313],[33.667958,-16.265042],[33.667677,-16.265043],[33.667676,-16.264772],[33.667395,-16.264772],[33.667394,-16.264501],[33.667114,-16.264502],[33.667113,-16.264231],[33.666832,-16.264232],[33.666831,-16.263961],[33.666269,-16.263691],[33.666267,-16.263149],[33.665704,-16.262879],[33.6657,-16.261523],[33.665981,-16.261523],[33.665978,-16.260709],[33.666259,-16.260708],[33.666257,-16.260166]],[[33.686751,-16.2601],[33.688435,-16.260095],[33.688436,-16.260366],[33.689279,-16.260363],[33.689279,-16.260635],[33.689842,-16.260904],[33.689844,-16.261446],[33.690125,-16.261445],[33.690125,-16.261717],[33.690688,-16.261986],[33.69069,-16.262528],[33.690971,-16.262527],[33.690972,-16.26307],[33.691253,-16.263069],[33.691259,-16.264696],[33.69154,-16.264695],[33.691543,-16.26578],[33.690701,-16.265782],[33.6907,-16.265511],[33.690419,-16.265512],[33.690419,-16.265241],[33.690138,-16.265242],[33.690137,-16.264971],[33.689574,-16.264701],[33.689573,-16.264159],[33.689292,-16.26416],[33.68929,-16.263618],[33.689009,-16.263618],[33.689008,-16.263347],[33.688446,-16.263078],[33.688444,-16.262536],[33.688163,-16.262536],[33.688162,-16.262265],[33.687601,-16.262267],[33.687599,-16.261725],[33.687037,-16.261727],[33.687035,-16.261184],[33.686473,-16.260915],[33.686471,-16.260372],[33.686752,-16.260372],[33.686751,-16.2601]],[[33.685083,-16.264987],[33.686487,-16.264983],[33.686488,-16.265254],[33.68705,-16.265523],[33.687052,-16.266066],[33.687333,-16.266065],[33.687337,-16.267149],[33.686495,-16.267152],[33.686212,-16.266611],[33.685651,-16.266612],[33.68565,-16.266341],[33.685087,-16.266072],[33.685083,-16.264987]],[[33.695525,-16.28014],[33.695805,-16.280139],[33.695806,-16.28041],[33.695525,-16.280411],[33.695525,-16.28014]],[[33.698615,-16.280672],[33.699457,-16.280669],[33.699459,-16.281211],[33.69974,-16.281211],[33.699742,-16.281753],[33.700023,-16.281752],[33.700026,-16.282566],[33.699464,-16.282567],[33.699465,-16.282839],[33.698902,-16.282569],[33.6989,-16.281756],[33.698337,-16.281486],[33.698335,-16.280944],[33.698616,-16.280943],[33.698615,-16.280672]],[[33.690196,-16.281784],[33.691038,-16.281781],[33.691039,-16.282053],[33.69132,-16.282052],[33.691323,-16.283137],[33.691604,-16.283136],[33.691605,-16.283407],[33.692168,-16.283676],[33.692171,-16.28449],[33.692451,-16.284489],[33.692452,-16.28476],[33.691891,-16.284762],[33.69189,-16.284491],[33.691609,-16.284492],[33.691607,-16.283949],[33.691046,-16.283951],[33.691045,-16.28368],[33.690482,-16.28341],[33.690477,-16.282055],[33.690197,-16.282055],[33.690196,-16.281784]],[[33.694127,-16.282043],[33.694689,-16.282041],[33.69469,-16.282312],[33.695251,-16.28231],[33.695252,-16.282581],[33.69441,-16.282584],[33.694127,-16.282043]],[[33.693568,-16.282587],[33.693848,-16.282586],[33.693849,-16.282857],[33.695253,-16.282852],[33.695256,-16.283666],[33.695537,-16.283665],[33.695538,-16.283936],[33.6961,-16.284206],[33.696102,-16.284748],[33.696383,-16.284747],[33.696668,-16.285831],[33.695545,-16.285835],[33.695544,-16.285563],[33.693859,-16.285569],[33.693858,-16.285298],[33.693577,-16.285299],[33.693576,-16.285027],[33.693014,-16.284758],[33.693012,-16.284216],[33.692731,-16.284217],[33.69273,-16.283945],[33.693291,-16.283672],[33.693288,-16.282859],[33.693569,-16.282858],[33.693568,-16.282587]],[[33.709915,-16.299889],[33.710757,-16.299886],[33.71076,-16.300699],[33.711322,-16.300697],[33.711325,-16.301511],[33.711886,-16.301509],[33.712173,-16.303135],[33.712454,-16.303134],[33.712737,-16.303676],[33.713579,-16.303673],[33.71358,-16.303944],[33.714143,-16.304213],[33.714145,-16.304756],[33.713864,-16.304757],[33.713863,-16.304485],[33.713302,-16.304759],[33.713301,-16.304487],[33.712178,-16.304491],[33.712177,-16.30422],[33.711335,-16.304223],[33.711334,-16.303952],[33.711053,-16.303953],[33.711052,-16.303681],[33.710771,-16.303682],[33.71077,-16.303411],[33.710489,-16.303412],[33.710488,-16.303141],[33.710208,-16.303142],[33.710207,-16.302871],[33.709644,-16.302601],[33.709636,-16.300432],[33.709917,-16.300431],[33.709915,-16.299889]],[[33.712726,-16.300693],[33.713568,-16.30069],[33.713576,-16.302859],[33.713014,-16.30259],[33.71301,-16.301505],[33.712729,-16.301506],[33.712726,-16.300693]],[[33.709381,-16.307484],[33.710504,-16.30748],[33.710505,-16.307751],[33.710786,-16.30775],[33.710788,-16.308292],[33.711069,-16.308291],[33.711351,-16.308833],[33.711913,-16.308831],[33.711915,-16.309373],[33.710792,-16.309377],[33.710791,-16.309106],[33.710229,-16.309108],[33.710228,-16.308837],[33.709947,-16.308838],[33.709945,-16.308295],[33.709383,-16.308026],[33.709381,-16.307484]],[[33.721457,-16.307985],[33.722019,-16.307983],[33.722302,-16.308525],[33.722863,-16.308523],[33.722865,-16.309065],[33.722023,-16.309068],[33.722022,-16.308797],[33.721459,-16.308527],[33.721457,-16.307985]],[[33.717817,-16.310709],[33.718378,-16.310707],[33.718379,-16.310979],[33.71866,-16.310978],[33.718661,-16.311249],[33.719224,-16.311518],[33.719226,-16.31206],[33.718945,-16.312061],[33.718662,-16.31152],[33.718101,-16.311522],[33.7181,-16.311251],[33.717819,-16.311252],[33.717817,-16.310709]],[[33.715013,-16.311804],[33.715574,-16.311802],[33.715575,-16.312073],[33.715856,-16.312072],[33.715857,-16.312343],[33.71642,-16.312612],[33.716422,-16.313155],[33.715297,-16.312887],[33.715296,-16.312616],[33.715016,-16.312617],[33.715013,-16.311804]],[[33.720632,-16.312598],[33.720913,-16.312597],[33.721195,-16.313138],[33.721757,-16.313137],[33.721756,-16.312865],[33.722037,-16.312864],[33.722038,-16.313136],[33.7226,-16.313134],[33.722601,-16.313405],[33.720916,-16.313411],[33.720915,-16.313139],[33.720634,-16.31314],[33.720632,-16.312598]],[[33.723726,-16.313943],[33.724849,-16.31394],[33.72485,-16.314211],[33.726535,-16.314205],[33.726536,-16.314476],[33.726817,-16.314475],[33.726818,-16.314746],[33.727099,-16.314745],[33.7271,-16.315017],[33.72738,-16.315016],[33.727381,-16.315287],[33.727662,-16.315286],[33.727663,-16.315557],[33.727944,-16.315556],[33.727945,-16.315827],[33.728226,-16.315826],[33.728227,-16.316097],[33.728508,-16.316096],[33.728509,-16.316368],[33.729071,-16.316637],[33.729073,-16.317179],[33.729636,-16.317448],[33.729921,-16.318532],[33.729359,-16.318534],[33.729358,-16.318263],[33.728797,-16.318265],[33.728796,-16.317994],[33.727953,-16.317997],[33.727952,-16.317725],[33.72739,-16.317727],[33.727389,-16.317456],[33.726547,-16.317459],[33.726546,-16.317188],[33.725422,-16.316921],[33.725139,-16.316379],[33.724577,-16.316381],[33.724575,-16.315839],[33.724294,-16.31584],[33.724292,-16.315297],[33.724012,-16.315298],[33.724008,-16.314214],[33.723727,-16.314215],[33.723726,-16.313943]],[[33.71756,-16.317219],[33.717841,-16.317218],[33.717842,-16.317489],[33.718965,-16.317485],[33.718966,-16.317756],[33.72009,-16.318024],[33.720091,-16.318295],[33.720372,-16.318294],[33.720373,-16.318565],[33.720654,-16.318564],[33.720655,-16.318835],[33.720936,-16.318834],[33.720937,-16.319105],[33.721499,-16.319375],[33.721501,-16.319917],[33.721782,-16.319916],[33.722067,-16.321],[33.722629,-16.321269],[33.722631,-16.321812],[33.722912,-16.321811],[33.722913,-16.322082],[33.723194,-16.322081],[33.723195,-16.322352],[33.723476,-16.322351],[33.723477,-16.322622],[33.72404,-16.322891],[33.724042,-16.323434],[33.724322,-16.323433],[33.724323,-16.323704],[33.724604,-16.323703],[33.724605,-16.323974],[33.724886,-16.323973],[33.724887,-16.324244],[33.725168,-16.324244],[33.725169,-16.324515],[33.72545,-16.324514],[33.725451,-16.324785],[33.725732,-16.324784],[33.725733,-16.325055],[33.726013,-16.325054],[33.726014,-16.325325],[33.726577,-16.325595],[33.726579,-16.326137],[33.72686,-16.326136],[33.726861,-16.326407],[33.727142,-16.326406],[33.727143,-16.326677],[33.727705,-16.326947],[33.72799,-16.32803],[33.728271,-16.328029],[33.728272,-16.328301],[33.728553,-16.3283],[33.728554,-16.328571],[33.729117,-16.32884],[33.729119,-16.329382],[33.729399,-16.329381],[33.7294,-16.329653],[33.729963,-16.329922],[33.729965,-16.330464],[33.730246,-16.330463],[33.730247,-16.330734],[33.730528,-16.330733],[33.730529,-16.331005],[33.73081,-16.331004],[33.731092,-16.331545],[33.732217,-16.331812],[33.732219,-16.332355],[33.7325,-16.332354],[33.732501,-16.332625],[33.732782,-16.332624],[33.732783,-16.332895],[33.733063,-16.332894],[33.733346,-16.333436],[33.733908,-16.333434],[33.733909,-16.333705],[33.73419,-16.333704],[33.734191,-16.333975],[33.734472,-16.333974],[33.734473,-16.334245],[33.734754,-16.334244],[33.734755,-16.334515],[33.735035,-16.334514],[33.735318,-16.335056],[33.734757,-16.335058],[33.734756,-16.334787],[33.733913,-16.33479],[33.733912,-16.334518],[33.732789,-16.334522],[33.732788,-16.334251],[33.731383,-16.334256],[33.731382,-16.333985],[33.730821,-16.333987],[33.73082,-16.333716],[33.729977,-16.333718],[33.729976,-16.333447],[33.729134,-16.33345],[33.729133,-16.333179],[33.728008,-16.332912],[33.728007,-16.33264],[33.727726,-16.332641],[33.727444,-16.3321],[33.726882,-16.332102],[33.726881,-16.331831],[33.7266,-16.331832],[33.726599,-16.331561],[33.726318,-16.331562],[33.726317,-16.33129],[33.725755,-16.331021],[33.725751,-16.329936],[33.72547,-16.329937],[33.725468,-16.329395],[33.725187,-16.329396],[33.725186,-16.329125],[33.724905,-16.329126],[33.724904,-16.328855],[33.724623,-16.328856],[33.724622,-16.328584],[33.724341,-16.328585],[33.724058,-16.328044],[33.723497,-16.328046],[33.723496,-16.327775],[33.722934,-16.327777],[33.722933,-16.327505],[33.721809,-16.327238],[33.721808,-16.326967],[33.721527,-16.326968],[33.721244,-16.326426],[33.720683,-16.326428],[33.720681,-16.325886],[33.720119,-16.325888],[33.720118,-16.325617],[33.719837,-16.325618],[33.719836,-16.325347],[33.719555,-16.325347],[33.719554,-16.325076],[33.719273,-16.325077],[33.719272,-16.324806],[33.71871,-16.324537],[33.718708,-16.323994],[33.718146,-16.323996],[33.718144,-16.323454],[33.717863,-16.323455],[33.717853,-16.320743],[33.717573,-16.320744],[33.717571,-16.320202],[33.717851,-16.320201],[33.71785,-16.31993],[33.71757,-16.31993],[33.717564,-16.318303],[33.717283,-16.318304],[33.71728,-16.317491],[33.717561,-16.31749],[33.71756,-16.317219]],[[33.731889,-16.319068],[33.733012,-16.319064],[33.733295,-16.319605],[33.733856,-16.319603],[33.733857,-16.319875],[33.734982,-16.320142],[33.734983,-16.320413],[33.735264,-16.320412],[33.735265,-16.320683],[33.735545,-16.320682],[33.735546,-16.320953],[33.735827,-16.320952],[33.735828,-16.321224],[33.736109,-16.321223],[33.73611,-16.321494],[33.736673,-16.321763],[33.736675,-16.322305],[33.736956,-16.322304],[33.736958,-16.322847],[33.737238,-16.322846],[33.737241,-16.323388],[33.737521,-16.323387],[33.737524,-16.324201],[33.738087,-16.32447],[33.738372,-16.325554],[33.738653,-16.325553],[33.738654,-16.325824],[33.739216,-16.326093],[33.739219,-16.326635],[33.739499,-16.326634],[33.739501,-16.327177],[33.739782,-16.327176],[33.739784,-16.327718],[33.740065,-16.327717],[33.740068,-16.328531],[33.738944,-16.328264],[33.738943,-16.327992],[33.738662,-16.327993],[33.738661,-16.327722],[33.73838,-16.327723],[33.738379,-16.327452],[33.738098,-16.327453],[33.738097,-16.327182],[33.737535,-16.326913],[33.737533,-16.32637],[33.737252,-16.326371],[33.737251,-16.3261],[33.736688,-16.325831],[33.736686,-16.325288],[33.736405,-16.325289],[33.736404,-16.325018],[33.736123,-16.325019],[33.736121,-16.324477],[33.73584,-16.324478],[33.735839,-16.324207],[33.735277,-16.323937],[33.735275,-16.323395],[33.734994,-16.323396],[33.734993,-16.323125],[33.734712,-16.323126],[33.734711,-16.322855],[33.73443,-16.322856],[33.734429,-16.322584],[33.734148,-16.322585],[33.734147,-16.322314],[33.733867,-16.322315],[33.733866,-16.322044],[33.733585,-16.322045],[33.733584,-16.321774],[33.733303,-16.321775],[33.733302,-16.321504],[33.733021,-16.321505],[33.73302,-16.321233],[33.732739,-16.321234],[33.732738,-16.320963],[33.732176,-16.320694],[33.732173,-16.320152],[33.731893,-16.320153],[33.731889,-16.319068]],[[33.729938,-16.323142],[33.731623,-16.323136],[33.731625,-16.323679],[33.731344,-16.32368],[33.731345,-16.323951],[33.730783,-16.323953],[33.730782,-16.323682],[33.72994,-16.323685],[33.729938,-16.323142]],[[33.729941,-16.323956],[33.730222,-16.323955],[33.730223,-16.324226],[33.729942,-16.324227],[33.729941,-16.323956]],[[33.729112,-16.327484],[33.729392,-16.327483],[33.729393,-16.327754],[33.730236,-16.327751],[33.730237,-16.328023],[33.730518,-16.328022],[33.730801,-16.328563],[33.729958,-16.328566],[33.729957,-16.328295],[33.729395,-16.328297],[33.729394,-16.328026],[33.729114,-16.328027],[33.729112,-16.327484]],[[33.731362,-16.328561],[33.731643,-16.32856],[33.731644,-16.328831],[33.731363,-16.328832],[33.731362,-16.328561]],[[33.740644,-16.332325],[33.741487,-16.332322],[33.741488,-16.332594],[33.741769,-16.332593],[33.741771,-16.333135],[33.742051,-16.333134],[33.742054,-16.333947],[33.742335,-16.333946],[33.742339,-16.335031],[33.741778,-16.335033],[33.741777,-16.334762],[33.741496,-16.334763],[33.741494,-16.334221],[33.741213,-16.334222],[33.741212,-16.33395],[33.740649,-16.333681],[33.740647,-16.333139],[33.740366,-16.33314],[33.740364,-16.332597],[33.740645,-16.332597],[33.740644,-16.332325]],[[33.746004,-16.338544],[33.746285,-16.338543],[33.746286,-16.338814],[33.746005,-16.338815],[33.746004,-16.338544]],[[33.7463,-16.34261],[33.746862,-16.342608],[33.746864,-16.343151],[33.746583,-16.343152],[33.7463,-16.34261]],[[33.749118,-16.345041],[33.74996,-16.345038],[33.749962,-16.345309],[33.750242,-16.345308],[33.750244,-16.345851],[33.749402,-16.345854],[33.749401,-16.345582],[33.74912,-16.345583],[33.749118,-16.345041]]]}}]}