{"type":"FeatureCollection","features":[{"type":"Feature","properties":{"ano":2025,"camada":"industrial","area_km2":0.0063},"geometry":{"type":"Polygon","coordinates":[[[33.616853,-16.081869],[33.616854,-16.082141],[33.616574,-16.082141],[33.616576,-16.082955],[33.617137,-16.082953],[33.617134,-16.081869],[33.616853,-16.081869]]]}},{"type":"Feature","properties":{"ano":2025,"camada":"industrial","area_km2":0.0009},"geometry":{"type":"Polygon","coordinates":[[[33.615174,-16.08323],[33.615175,-16.083501],[33.615456,-16.083501],[33.615455,-16.083229],[33.615174,-16.08323]]]}},{"type":"Feature","properties":{"ano":2025,"camada":"industrial","area_km2":0.0009},"geometry":{"type":"Polygon","coordinates":[[[33.616861,-16.08431],[33.616862,-16.084581],[33.617142,-16.08458],[33.617141,-16.084309],[33.616861,-16.08431]]]}},{"type":"Feature","properties":{"ano":2025,"camada":"industrial","area_km2":0.0072},"geometry":{"type":"Polygon","coordinates":[[[33.615179,-16.084857],[33.61518,-16.085129],[33.6149,-16.085129],[33.614902,-16.085943],[33.615744,-16.08594],[33.615743,-16.085669],[33.615462,-16.08567],[33.61546,-16.084857],[33.615179,-16.084857]]]}},{"type":"Feature","properties":{"ano":2025,"camada":"industrial","area_km2":0.0045},"geometry":{"type":"Polygon","coordinates":[[[33.62079,-16.085112],[33.620793,-16.085926],[33.621354,-16.085924],[33.621352,-16.085382],[33.62079,-16.085112]]]}},{"type":"Feature","properties":{"ano":2025,"camada":"industrial","area_km2":0.063},"geometry":{"type":"Polygon","coordinates":[[[33.618538,-16.082407],[33.61854,-16.082949],[33.61882,-16.082948],[33.618823,-16.084033],[33.617982,-16.084036],[33.617981,-16.083764],[33.617701,-16.083765],[33.617699,-16.083223],[33.617418,-16.083224],[33.617422,-16.084308],[33.618544,-16.084305],[33.618546,-16.085119],[33.618266,-16.08512],[33.617987,-16.085663],[33.617426,-16.085664],[33.617428,-16.086478],[33.617709,-16.086477],[33.617707,-16.085935],[33.618549,-16.085932],[33.618548,-16.085661],[33.61995,-16.085657],[33.619949,-16.085115],[33.62051,-16.085113],[33.620508,-16.084571],[33.619946,-16.084301],[33.619944,-16.083488],[33.619663,-16.083488],[33.619662,-16.082946],[33.618538,-16.082407]]]}},{"type":"Feature","properties":{"ano":2025,"camada":"industrial","area_km2":0.0045},"geometry":{"type":"Polygon","coordinates":[[[33.619674,-16.087014],[33.619395,-16.087557],[33.619957,-16.087827],[33.620236,-16.087283],[33.619674,-16.087014]]]}},{"type":"Feature","properties":{"ano":2025,"camada":"industrial","area_km2":0.0009},"geometry":{"type":"Polygon","coordinates":[[[33.621081,-16.088366],[33.621082,-16.088637],[33.621362,-16.088636],[33.621361,-16.088365],[33.621081,-16.088366]]]}},{"type":"Feature","properties":{"ano":2025,"camada":"industrial","area_km2":0.0414},"geometry":{"type":"Polygon","coordinates":[[[33.614623,-16.086215],[33.614623,-16.086486],[33.614343,-16.086487],[33.614347,-16.087843],[33.614908,-16.087841],[33.614907,-16.08757],[33.616029,-16.087567],[33.61603,-16.087838],[33.616311,-16.087837],[33.616315,-16.089193],[33.616034,-16.089194],[33.616036,-16.089736],[33.616598,-16.090006],[33.616877,-16.089463],[33.617438,-16.089461],[33.617437,-16.08919],[33.616876,-16.089192],[33.616871,-16.087564],[33.617151,-16.087564],[33.61715,-16.087292],[33.61687,-16.087293],[33.616869,-16.087022],[33.616589,-16.087023],[33.616589,-16.087294],[33.615467,-16.087297],[33.615466,-16.086755],[33.614905,-16.086756],[33.614903,-16.086214],[33.614623,-16.086215]]]}},{"type":"Feature","properties":{"ano":2025,"camada":"industrial","area_km2":0.0027},"geometry":{"type":"Polygon","coordinates":[[[33.617162,-16.091089],[33.617164,-16.091632],[33.617444,-16.091631],[33.617723,-16.091088],[33.617162,-16.091089]]]}},{"type":"Feature","properties":{"ano":2025,"camada":"industrial","area_km2":0.0099},"geometry":{"type":"Polygon","coordinates":[[[33.618563,-16.090543],[33.618567,-16.091899],[33.619129,-16.092168],[33.619126,-16.091083],[33.619406,-16.091083],[33.619405,-16.090811],[33.618844,-16.090813],[33.618844,-16.090542],[33.618563,-16.090543]]]}},{"type":"Feature","properties":{"ano":2025,"camada":"industrial","area_km2":0.0009},"geometry":{"type":"Polygon","coordinates":[[[33.67022,-16.103404],[33.67022,-16.103676],[33.670501,-16.103675],[33.6705,-16.103403],[33.67022,-16.103404]]]}},{"type":"Feature","properties":{"ano":2025,"camada":"industrial","area_km2":0.0009},"geometry":{"type":"Polygon","coordinates":[[[33.664891,-16.103692],[33.664891,-16.103963],[33.665172,-16.103962],[33.665171,-16.103691],[33.664891,-16.103692]]]}},{"type":"Feature","properties":{"ano":2025,"camada":"industrial","area_km2":0.0324},"geometry":{"type":"Polygon","coordinates":[[[33.671903,-16.103399],[33.671904,-16.10367],[33.672184,-16.103669],[33.672185,-16.103941],[33.672746,-16.103939],[33.672747,-16.10421],[33.676955,-16.104197],[33.676954,-16.103925],[33.675551,-16.10393],[33.67555,-16.103659],[33.674428,-16.103662],[33.674427,-16.103391],[33.671903,-16.103399]]]}},{"type":"Feature","properties":{"ano":2025,"camada":"industrial","area_km2":0.0009},"geometry":{"type":"Polygon","coordinates":[[[33.666855,-16.103957],[33.666856,-16.104228],[33.667137,-16.104228],[33.667136,-16.103956],[33.666855,-16.103957]]]}},{"type":"Feature","properties":{"ano":2025,"camada":"industrial","area_km2":0.0009},"geometry":{"type":"Polygon","coordinates":[[[33.666296,-16.104501],[33.666297,-16.104773],[33.666577,-16.104772],[33.666576,-16.1045],[33.666296,-16.104501]]]}},{"type":"Feature","properties":{"ano":2025,"camada":"industrial","area_km2":0.0018},"geometry":{"type":"Polygon","coordinates":[[[33.660414,-16.107232],[33.660415,-16.107503],[33.660976,-16.107501],[33.660975,-16.10723],[33.660414,-16.107232]]]}},{"type":"Feature","properties":{"ano":2025,"camada":"industrial","area_km2":0.0009},"geometry":{"type":"Polygon","coordinates":[[[33.655375,-16.110501],[33.655376,-16.110773],[33.655656,-16.110772],[33.655656,-16.110501],[33.655375,-16.110501]]]}},{"type":"Feature","properties":{"ano":2025,"camada":"industrial","area_km2":0.0009},"geometry":{"type":"Polygon","coordinates":[[[33.668849,-16.1129],[33.66885,-16.113172],[33.66913,-16.113171],[33.669129,-16.1129],[33.668849,-16.1129]]]}},{"type":"Feature","properties":{"ano":2025,"camada":"industrial","area_km2":0.0018},"geometry":{"type":"Polygon","coordinates":[[[33.670254,-16.11371],[33.670255,-16.113981],[33.670816,-16.113979],[33.670815,-16.113708],[33.670254,-16.11371]]]}},{"type":"Feature","properties":{"ano":2025,"camada":"industrial","area_km2":0.0045},"geometry":{"type":"Polygon","coordinates":[[[33.661277,-16.113738],[33.661279,-16.11428],[33.66184,-16.114278],[33.661839,-16.114007],[33.66212,-16.114006],[33.662119,-16.113735],[33.661277,-16.113738]]]}},{"type":"Feature","properties":{"ano":2025,"camada":"industrial","area_km2":0.0009},"geometry":{"type":"Polygon","coordinates":[[[33.667455,-16.115617],[33.667456,-16.115888],[33.667737,-16.115887],[33.667736,-16.115616],[33.667455,-16.115617]]]}},{"type":"Feature","properties":{"ano":2025,"camada":"industrial","area_km2":0.2268},"geometry":{"type":"Polygon","coordinates":[[[33.664363,-16.113728],[33.664366,-16.114542],[33.663243,-16.114545],[33.663242,-16.114003],[33.662961,-16.114004],[33.662962,-16.114275],[33.662682,-16.114276],[33.662683,-16.114818],[33.661842,-16.114821],[33.661845,-16.115905],[33.660723,-16.115909],[33.66072,-16.115095],[33.66044,-16.115096],[33.660439,-16.114825],[33.659597,-16.114828],[33.6596,-16.115641],[33.658758,-16.115644],[33.65876,-16.116186],[33.659321,-16.116184],[33.659324,-16.116998],[33.659043,-16.116999],[33.659045,-16.117541],[33.659606,-16.117539],[33.659607,-16.117811],[33.660449,-16.117808],[33.660448,-16.117537],[33.66129,-16.117534],[33.661291,-16.117805],[33.663535,-16.117798],[33.663534,-16.117527],[33.664937,-16.117523],[33.664936,-16.117252],[33.665497,-16.11725],[33.665496,-16.116979],[33.666617,-16.116704],[33.666612,-16.115077],[33.666331,-16.115078],[33.66633,-16.114807],[33.664928,-16.114811],[33.664924,-16.113726],[33.664363,-16.113728]],[[33.663529,-16.116171],[33.664371,-16.116169],[33.664374,-16.116982],[33.663532,-16.116985],[33.663529,-16.116171]]]}},{"type":"Feature","properties":{"ano":2025,"camada":"industrial","area_km2":0.0009},"geometry":{"type":"Polygon","coordinates":[[[33.655122,-16.118909],[33.655123,-16.11918],[33.655404,-16.11918],[33.655403,-16.118908],[33.655122,-16.118909]]]}},{"type":"Feature","properties":{"ano":2025,"camada":"industrial","area_km2":0.0009},"geometry":{"type":"Polygon","coordinates":[[[33.662136,-16.118888],[33.662137,-16.119159],[33.662417,-16.119158],[33.662416,-16.118887],[33.662136,-16.118888]]]}},{"type":"Feature","properties":{"ano":2025,"camada":"industrial","area_km2":0.0144},"geometry":{"type":"Polygon","coordinates":[[[33.665504,-16.11942],[33.665507,-16.120233],[33.664946,-16.120235],[33.664947,-16.120506],[33.665227,-16.120505],[33.665228,-16.120776],[33.66607,-16.120774],[33.666071,-16.121316],[33.666352,-16.121315],[33.666351,-16.121044],[33.666632,-16.121043],[33.66663,-16.120501],[33.666349,-16.120502],[33.666348,-16.12023],[33.665787,-16.120232],[33.665785,-16.119419],[33.665504,-16.11942]]]}},{"type":"Feature","properties":{"ano":2025,"camada":"industrial","area_km2":0.0045},"geometry":{"type":"Polygon","coordinates":[[[33.662983,-16.120512],[33.662985,-16.121326],[33.663266,-16.121325],[33.663265,-16.121054],[33.663546,-16.121053],[33.663544,-16.12051],[33.662983,-16.120512]]]}},{"type":"Feature","properties":{"ano":2025,"camada":"industrial","area_km2":0.0117},"geometry":{"type":"Polygon","coordinates":[[[33.660452,-16.118893],[33.660456,-16.119978],[33.660176,-16.119978],[33.66018,-16.121334],[33.659899,-16.121335],[33.659901,-16.121878],[33.660461,-16.121605],[33.660457,-16.120249],[33.660738,-16.120248],[33.660733,-16.118892],[33.660452,-16.118893]]]}},{"type":"Feature","properties":{"ano":2025,"camada":"industrial","area_km2":0.0009},"geometry":{"type":"Polygon","coordinates":[[[33.664389,-16.121593],[33.66439,-16.121864],[33.664671,-16.121863],[33.66467,-16.121592],[33.664389,-16.121593]]]}},{"type":"Feature","properties":{"ano":2025,"camada":"industrial","area_km2":0.0009},"geometry":{"type":"Polygon","coordinates":[[[33.667757,-16.121853],[33.667757,-16.122124],[33.668038,-16.122124],[33.668037,-16.121852],[33.667757,-16.121853]]]}},{"type":"Feature","properties":{"ano":2025,"camada":"industrial","area_km2":0.0018},"geometry":{"type":"Polygon","coordinates":[[[33.668881,-16.122392],[33.668882,-16.122663],[33.669443,-16.122662],[33.669442,-16.12239],[33.668881,-16.122392]]]}},{"type":"Feature","properties":{"ano":2025,"camada":"industrial","area_km2":0.0009},"geometry":{"type":"Polygon","coordinates":[[[33.722747,-16.122759],[33.722748,-16.12303],[33.723029,-16.123029],[33.723028,-16.122758],[33.722747,-16.122759]]]}},{"type":"Feature","properties":{"ano":2025,"camada":"industrial","area_km2":0.0027},"geometry":{"type":"Polygon","coordinates":[[[33.687412,-16.126672],[33.687413,-16.126943],[33.687975,-16.127213],[33.687973,-16.12667],[33.687412,-16.126672]]]}},{"type":"Feature","properties":{"ano":2025,"camada":"industrial","area_km2":5.8059},"geometry":{"type":"Polygon","coordinates":[[[33.66405,-16.103966],[33.664051,-16.104237],[33.662648,-16.104242],[33.662649,-16.104513],[33.662088,-16.104514],[33.662089,-16.104786],[33.661528,-16.104787],[33.661249,-16.105331],[33.660688,-16.105332],[33.660689,-16.105604],[33.660408,-16.105604],[33.660411,-16.106418],[33.661533,-16.106415],[33.661536,-16.107228],[33.661817,-16.107227],[33.661819,-16.108041],[33.661539,-16.108042],[33.66154,-16.108313],[33.661259,-16.108314],[33.66126,-16.108585],[33.660979,-16.108586],[33.66098,-16.108857],[33.66042,-16.10913],[33.660423,-16.109943],[33.659301,-16.109947],[33.659302,-16.110218],[33.657899,-16.110222],[33.6579,-16.110494],[33.65818,-16.110493],[33.658183,-16.111306],[33.657622,-16.111308],[33.657623,-16.111579],[33.657342,-16.11158],[33.657064,-16.112123],[33.655661,-16.112128],[33.65566,-16.111857],[33.65538,-16.111857],[33.655381,-16.1124],[33.655101,-16.112401],[33.655102,-16.112672],[33.655382,-16.112671],[33.655384,-16.113213],[33.655665,-16.113212],[33.655667,-16.114026],[33.655387,-16.114027],[33.655388,-16.114298],[33.655668,-16.114297],[33.655677,-16.117009],[33.655117,-16.117282],[33.655118,-16.117553],[33.655398,-16.117552],[33.655402,-16.118637],[33.655682,-16.118636],[33.655681,-16.118094],[33.655961,-16.118093],[33.655958,-16.117279],[33.6568,-16.117277],[33.656799,-16.117006],[33.65736,-16.117004],[33.657359,-16.116733],[33.65764,-16.116732],[33.657637,-16.115918],[33.657918,-16.115917],[33.657917,-16.115646],[33.658758,-16.115644],[33.658756,-16.11483],[33.659036,-16.114829],[33.659035,-16.114558],[33.658474,-16.11456],[33.658471,-16.113475],[33.659032,-16.113473],[33.659031,-16.113202],[33.659311,-16.113201],[33.65931,-16.112659],[33.65959,-16.112658],[33.659588,-16.112116],[33.659869,-16.112115],[33.659868,-16.111844],[33.661552,-16.11211],[33.661555,-16.112923],[33.661835,-16.112922],[33.661834,-16.11238],[33.662956,-16.112376],[33.662952,-16.111292],[33.663513,-16.11129],[33.66351,-16.110476],[33.664352,-16.110474],[33.664354,-16.111016],[33.664634,-16.111015],[33.664635,-16.111286],[33.666319,-16.111281],[33.666319,-16.111552],[33.6666,-16.111551],[33.666602,-16.112094],[33.666882,-16.112093],[33.666881,-16.111822],[33.668004,-16.111818],[33.668003,-16.111547],[33.668564,-16.111545],[33.668563,-16.111274],[33.668282,-16.111275],[33.668278,-16.109919],[33.668839,-16.109917],[33.668838,-16.109646],[33.66996,-16.109643],[33.669963,-16.110456],[33.670243,-16.110455],[33.670244,-16.110726],[33.670525,-16.110726],[33.670807,-16.111267],[33.671368,-16.111265],[33.671369,-16.111537],[33.67193,-16.111535],[33.671931,-16.111806],[33.673334,-16.111802],[33.673616,-16.112343],[33.675019,-16.112339],[33.675018,-16.112067],[33.675859,-16.112065],[33.675863,-16.11315],[33.676424,-16.113148],[33.676428,-16.114232],[33.674184,-16.11424],[33.67418,-16.113155],[33.672216,-16.113161],[33.672214,-16.112619],[33.671373,-16.112621],[33.671372,-16.11235],[33.67025,-16.112354],[33.670251,-16.112625],[33.671374,-16.112892],[33.671375,-16.113435],[33.672498,-16.113431],[33.6725,-16.114245],[33.67222,-16.114246],[33.672223,-16.115331],[33.672784,-16.115329],[33.673067,-16.11587],[33.673908,-16.115868],[33.673909,-16.116139],[33.674471,-16.116408],[33.674473,-16.116951],[33.675035,-16.11722],[33.67504,-16.118576],[33.674198,-16.118579],[33.674199,-16.11885],[33.673919,-16.118851],[33.673919,-16.119122],[33.6742,-16.119121],[33.674205,-16.120477],[33.673924,-16.120478],[33.673926,-16.12102],[33.673645,-16.121021],[33.673646,-16.121292],[33.672805,-16.121295],[33.672806,-16.121566],[33.672244,-16.121568],[33.672245,-16.121839],[33.671684,-16.121841],[33.671685,-16.122112],[33.671124,-16.122114],[33.670845,-16.122657],[33.671687,-16.122654],[33.671688,-16.122926],[33.672249,-16.122924],[33.67225,-16.123195],[33.673373,-16.123463],[33.673369,-16.122378],[33.67393,-16.122376],[33.67393,-16.122105],[33.675613,-16.1221],[33.675615,-16.122642],[33.675895,-16.122641],[33.675894,-16.12237],[33.677016,-16.122366],[33.677016,-16.122095],[33.677857,-16.122093],[33.677858,-16.122364],[33.678139,-16.122363],[33.678141,-16.123176],[33.678422,-16.123176],[33.678424,-16.123718],[33.678704,-16.123717],[33.678703,-16.123446],[33.679826,-16.123442],[33.679827,-16.123713],[33.680107,-16.123713],[33.68011,-16.124526],[33.680671,-16.124524],[33.68067,-16.124253],[33.68039,-16.124254],[33.680386,-16.123169],[33.681789,-16.123165],[33.681791,-16.123978],[33.684597,-16.123969],[33.684596,-16.123698],[33.685157,-16.123696],[33.685153,-16.122612],[33.685714,-16.12261],[33.685709,-16.120983],[33.685148,-16.120985],[33.685147,-16.120713],[33.684866,-16.120714],[33.684863,-16.119901],[33.685705,-16.119898],[33.685706,-16.120169],[33.685987,-16.120168],[33.685988,-16.120711],[33.68683,-16.120708],[33.686831,-16.120979],[33.688514,-16.120974],[33.688515,-16.121245],[33.688796,-16.121244],[33.688799,-16.122058],[33.689921,-16.122054],[33.68992,-16.121783],[33.689639,-16.121784],[33.689635,-16.120428],[33.690476,-16.120425],[33.690477,-16.120696],[33.690758,-16.120695],[33.69076,-16.121509],[33.691883,-16.121505],[33.691884,-16.121776],[33.692164,-16.121775],[33.692166,-16.122318],[33.692728,-16.122587],[33.692731,-16.123401],[33.69245,-16.123402],[33.692452,-16.123944],[33.691611,-16.123947],[33.691606,-16.122591],[33.691325,-16.122592],[33.691326,-16.122863],[33.690765,-16.122865],[33.690766,-16.123136],[33.689924,-16.123139],[33.689924,-16.122867],[33.689362,-16.122869],[33.689364,-16.123412],[33.688523,-16.123414],[33.688521,-16.122872],[33.68824,-16.122873],[33.688237,-16.122059],[33.687675,-16.12179],[33.68768,-16.123146],[33.687961,-16.123145],[33.687964,-16.12423],[33.688806,-16.124227],[33.688808,-16.124769],[33.689369,-16.124768],[33.689367,-16.124225],[33.690489,-16.124222],[33.69049,-16.124493],[33.691612,-16.124489],[33.691613,-16.12476],[33.691894,-16.124759],[33.691898,-16.125844],[33.690214,-16.12585],[33.689932,-16.125308],[33.689371,-16.12531],[33.689374,-16.126124],[33.689093,-16.126124],[33.689094,-16.126396],[33.688252,-16.126398],[33.688253,-16.12667],[33.689095,-16.126667],[33.689098,-16.12748],[33.689378,-16.12748],[33.689377,-16.127208],[33.690219,-16.127206],[33.690217,-16.126663],[33.691059,-16.126661],[33.69106,-16.126932],[33.69134,-16.126931],[33.691344,-16.128016],[33.690222,-16.128019],[33.690224,-16.128562],[33.690504,-16.128561],[33.690507,-16.129374],[33.689946,-16.129376],[33.689947,-16.129647],[33.690509,-16.129917],[33.690511,-16.130459],[33.698367,-16.130433],[33.698365,-16.129891],[33.697523,-16.129894],[33.697522,-16.129623],[33.697241,-16.129624],[33.697242,-16.129895],[33.696401,-16.129897],[33.696395,-16.12827],[33.696676,-16.128269],[33.696671,-16.126913],[33.696951,-16.126913],[33.69723,-16.126369],[33.698072,-16.126366],[33.698073,-16.126638],[33.698353,-16.126637],[33.698354,-16.126908],[33.698915,-16.126906],[33.698917,-16.127448],[33.699198,-16.127448],[33.699199,-16.127719],[33.69976,-16.127717],[33.699761,-16.127988],[33.700041,-16.127987],[33.700038,-16.127174],[33.701161,-16.12717],[33.701164,-16.127983],[33.700322,-16.127986],[33.700323,-16.128257],[33.700603,-16.128257],[33.700607,-16.129341],[33.700888,-16.12934],[33.70089,-16.129883],[33.701451,-16.129881],[33.70145,-16.12961],[33.70173,-16.129609],[33.701727,-16.128524],[33.702288,-16.128522],[33.702287,-16.128251],[33.701445,-16.128254],[33.701441,-16.127169],[33.702563,-16.127165],[33.702562,-16.126623],[33.704525,-16.126616],[33.704529,-16.127701],[33.70481,-16.1277],[33.704809,-16.127429],[33.705931,-16.127425],[33.70593,-16.127154],[33.706491,-16.127152],[33.70649,-16.126881],[33.706771,-16.12688],[33.70677,-16.126609],[33.706489,-16.12661],[33.706487,-16.126068],[33.706207,-16.126069],[33.706208,-16.12634],[33.705366,-16.126342],[33.705362,-16.125258],[33.705643,-16.125257],[33.705921,-16.124714],[33.706763,-16.124711],[33.706753,-16.121999],[33.705351,-16.122003],[33.705348,-16.12119],[33.706751,-16.121185],[33.706737,-16.117389],[33.706457,-16.11739],[33.706456,-16.117118],[33.705894,-16.116849],[33.705892,-16.116307],[33.70505,-16.116309],[33.705049,-16.116038],[33.704488,-16.11604],[33.704487,-16.115769],[33.694949,-16.1158],[33.69495,-16.116071],[33.694389,-16.116073],[33.69439,-16.116344],[33.693829,-16.116346],[33.693829,-16.116617],[33.689341,-16.116632],[33.689342,-16.116903],[33.6885,-16.116906],[33.688222,-16.117449],[33.68738,-16.117452],[33.687377,-16.116638],[33.687658,-16.116637],[33.687627,-16.107688],[33.687346,-16.107689],[33.687344,-16.107147],[33.687064,-16.107148],[33.686781,-16.106606],[33.685659,-16.10661],[33.685658,-16.106338],[33.684536,-16.106342],[33.684535,-16.106071],[33.683413,-16.106074],[33.683412,-16.105803],[33.68201,-16.105808],[33.682009,-16.105537],[33.681448,-16.105538],[33.681449,-16.10581],[33.680607,-16.105812],[33.680606,-16.105541],[33.679484,-16.105545],[33.679483,-16.105273],[33.679203,-16.105274],[33.679201,-16.104732],[33.677518,-16.104737],[33.677519,-16.105008],[33.673872,-16.10502],[33.673873,-16.105291],[33.674434,-16.105289],[33.674437,-16.106103],[33.673595,-16.106106],[33.673592,-16.105292],[33.672751,-16.105295],[33.67275,-16.105024],[33.671347,-16.105028],[33.671346,-16.104757],[33.670785,-16.104759],[33.670784,-16.104487],[33.66854,-16.104494],[33.668541,-16.104766],[33.666859,-16.105042],[33.666861,-16.105584],[33.66658,-16.105585],[33.666301,-16.106129],[33.66574,-16.10613],[33.665462,-16.106674],[33.664339,-16.106677],[33.664061,-16.10722],[33.662939,-16.107224],[33.662937,-16.106681],[33.662656,-16.106682],[33.662654,-16.105869],[33.662934,-16.105868],[33.662933,-16.105597],[33.663494,-16.105595],[33.663773,-16.105052],[33.664895,-16.105048],[33.664894,-16.104777],[33.664333,-16.104779],[33.66433,-16.103965],[33.66405,-16.103966]],[[33.67808,-16.105007],[33.678921,-16.105004],[33.678927,-16.106631],[33.678085,-16.106634],[33.67808,-16.105007]],[[33.675556,-16.105286],[33.676678,-16.105282],[33.676681,-16.106096],[33.675559,-16.106099],[33.675556,-16.105286]],[[33.669387,-16.106119],[33.670229,-16.106116],[33.670231,-16.10693],[33.66967,-16.106932],[33.669673,-16.107745],[33.667709,-16.107751],[33.667707,-16.106938],[33.668829,-16.106934],[33.668828,-16.106663],[33.669389,-16.106661],[33.669387,-16.106119]],[[33.674437,-16.106103],[33.675559,-16.106099],[33.675561,-16.106913],[33.675281,-16.106914],[33.675282,-16.107185],[33.67444,-16.107188],[33.674437,-16.106103]],[[33.666584,-16.10667],[33.667425,-16.106667],[33.667429,-16.107752],[33.666587,-16.107755],[33.666584,-16.10667]],[[33.682578,-16.107975],[33.68342,-16.107973],[33.683423,-16.108786],[33.682581,-16.108789],[33.682578,-16.107975]],[[33.66154,-16.108584],[33.662382,-16.108581],[33.662388,-16.11048],[33.661827,-16.110482],[33.661831,-16.111566],[33.659026,-16.111575],[33.659023,-16.110761],[33.659584,-16.11076],[33.659583,-16.110488],[33.660425,-16.110486],[33.660423,-16.109943],[33.660703,-16.109943],[33.660702,-16.109671],[33.661264,-16.10967],[33.661261,-16.108856],[33.661541,-16.108855],[33.66154,-16.108584]],[[33.674726,-16.108814],[33.676409,-16.108809],[33.67641,-16.10908],[33.676691,-16.109079],[33.676694,-16.109893],[33.675852,-16.109895],[33.675851,-16.109624],[33.674729,-16.109628],[33.674726,-16.108814]],[[33.684003,-16.11448],[33.684845,-16.114477],[33.684848,-16.11529],[33.684006,-16.115293],[33.684003,-16.11448]],[[33.7,-16.116326],[33.701123,-16.116322],[33.701123,-16.116594],[33.701685,-16.116592],[33.701687,-16.117405],[33.70281,-16.117402],[33.702809,-16.11713],[33.702248,-16.117132],[33.702245,-16.116319],[33.703086,-16.116316],[33.703087,-16.116587],[33.703648,-16.116585],[33.703647,-16.116314],[33.704489,-16.116311],[33.704492,-16.117125],[33.703931,-16.117127],[33.703652,-16.11767],[33.703091,-16.117672],[33.703094,-16.118485],[33.701972,-16.118489],[33.701973,-16.11876],[33.701412,-16.118762],[33.701415,-16.119847],[33.701977,-16.119845],[33.701978,-16.120116],[33.7031,-16.120113],[33.703103,-16.120926],[33.702541,-16.120928],[33.702542,-16.121199],[33.70142,-16.121203],[33.701418,-16.12066],[33.700296,-16.120664],[33.700294,-16.120122],[33.699733,-16.120124],[33.699734,-16.120395],[33.698612,-16.120398],[33.698611,-16.120127],[33.697208,-16.120132],[33.69721,-16.120674],[33.696369,-16.120677],[33.696366,-16.119863],[33.697207,-16.119861],[33.697206,-16.11959],[33.695804,-16.119594],[33.695805,-16.119865],[33.696085,-16.119864],[33.696088,-16.120678],[33.695246,-16.120681],[33.695245,-16.120409],[33.693282,-16.120416],[33.693283,-16.120687],[33.691599,-16.120693],[33.691594,-16.119065],[33.692435,-16.119063],[33.692436,-16.119334],[33.692717,-16.119333],[33.692716,-16.119062],[33.693276,-16.118789],[33.693273,-16.117975],[33.693834,-16.117973],[33.693833,-16.117702],[33.694114,-16.117701],[33.694392,-16.117158],[33.695234,-16.117155],[33.695236,-16.117698],[33.695798,-16.117967],[33.6958,-16.118509],[33.696642,-16.118507],[33.69664,-16.117964],[33.697201,-16.117962],[33.6972,-16.117691],[33.698883,-16.117686],[33.698885,-16.118228],[33.699447,-16.118497],[33.699446,-16.118226],[33.700006,-16.117953],[33.7,-16.116326]],[[33.691869,-16.117709],[33.692711,-16.117706],[33.692715,-16.118791],[33.691873,-16.118793],[33.691869,-16.117709]],[[33.683175,-16.118279],[33.684577,-16.118274],[33.684582,-16.11963],[33.68374,-16.119633],[33.683739,-16.119362],[33.683177,-16.119092],[33.683175,-16.118279]],[[33.703663,-16.120653],[33.704504,-16.12065],[33.704508,-16.121735],[33.703667,-16.121738],[33.703663,-16.120653]],[[33.677292,-16.12101],[33.678134,-16.121007],[33.678137,-16.12182],[33.677295,-16.121823],[33.677292,-16.12101]],[[33.67926,-16.122088],[33.680102,-16.122085],[33.680104,-16.122899],[33.679824,-16.1229],[33.679825,-16.123171],[33.678983,-16.123174],[33.67898,-16.12236],[33.679261,-16.122359],[33.67926,-16.122088]],[[33.700864,-16.122561],[33.701706,-16.122558],[33.701708,-16.123371],[33.700867,-16.123374],[33.700864,-16.122561]],[[33.699745,-16.123378],[33.700867,-16.123374],[33.700871,-16.124459],[33.700309,-16.124461],[33.700031,-16.125004],[33.698909,-16.125008],[33.698904,-16.123652],[33.699746,-16.123649],[33.699745,-16.123378]],[[33.693868,-16.127736],[33.69471,-16.127733],[33.694713,-16.128547],[33.693871,-16.12855],[33.693868,-16.127736]]]}},{"type":"Feature","properties":{"ano":2025,"camada":"industrial","area_km2":0.0009},"geometry":{"type":"Polygon","coordinates":[[[33.670055,-16.137846],[33.670056,-16.138118],[33.670336,-16.138117],[33.670335,-16.137846],[33.670055,-16.137846]]]}},{"type":"Feature","properties":{"ano":2025,"camada":"industrial","area_km2":0.009},"geometry":{"type":"Polygon","coordinates":[[[33.744122,-16.136787],[33.744123,-16.137058],[33.743561,-16.13706],[33.743562,-16.137332],[33.744125,-16.137601],[33.744128,-16.138414],[33.744408,-16.138413],[33.744404,-16.137329],[33.744685,-16.137328],[33.744684,-16.137056],[33.744122,-16.136787]]]}},{"type":"Feature","properties":{"ano":2025,"camada":"industrial","area_km2":0.0009},"geometry":{"type":"Polygon","coordinates":[[[33.783126,-16.138275],[33.783127,-16.138546],[33.783408,-16.138545],[33.783407,-16.138274],[33.783126,-16.138275]]]}},{"type":"Feature","properties":{"ano":2025,"camada":"industrial","area_km2":0.0135},"geometry":{"type":"Polygon","coordinates":[[[33.66669,-16.138399],[33.666691,-16.138671],[33.665849,-16.138673],[33.665851,-16.139216],[33.668094,-16.138937],[33.668093,-16.138666],[33.667532,-16.138668],[33.667531,-16.138397],[33.66669,-16.138399]]]}},{"type":"Feature","properties":{"ano":2025,"camada":"industrial","area_km2":0.0009},"geometry":{"type":"Polygon","coordinates":[[[33.789581,-16.138793],[33.789582,-16.139064],[33.789863,-16.139063],[33.789862,-16.138792],[33.789581,-16.138793]]]}},{"type":"Feature","properties":{"ano":2025,"camada":"industrial","area_km2":0.0009},"geometry":{"type":"Polygon","coordinates":[[[33.791548,-16.1396],[33.791549,-16.139871],[33.79183,-16.13987],[33.791829,-16.139599],[33.791548,-16.1396]]]}},{"type":"Feature","properties":{"ano":2025,"camada":"industrial","area_km2":0.0009},"geometry":{"type":"Polygon","coordinates":[[[33.658561,-16.140865],[33.658562,-16.141137],[33.658843,-16.141136],[33.658842,-16.140864],[33.658561,-16.140865]]]}},{"type":"Feature","properties":{"ano":2025,"camada":"industrial","area_km2":0.0009},"geometry":{"type":"Polygon","coordinates":[[[33.777244,-16.140737],[33.777245,-16.141008],[33.777525,-16.141007],[33.777524,-16.140736],[33.777244,-16.140737]]]}},{"type":"Feature","properties":{"ano":2025,"camada":"industrial","area_km2":0.0009},"geometry":{"type":"Polygon","coordinates":[[[33.777808,-16.141548],[33.777809,-16.14182],[33.77809,-16.141819],[33.778089,-16.141547],[33.777808,-16.141548]]]}},{"type":"Feature","properties":{"ano":2025,"camada":"industrial","area_km2":0.0018},"geometry":{"type":"Polygon","coordinates":[[[33.671471,-16.14191],[33.671473,-16.142452],[33.671754,-16.142451],[33.671752,-16.141909],[33.671471,-16.14191]]]}},{"type":"Feature","properties":{"ano":2025,"camada":"industrial","area_km2":0.0009},"geometry":{"type":"Polygon","coordinates":[[[33.655761,-16.142501],[33.655762,-16.142772],[33.656042,-16.142771],[33.656041,-16.1425],[33.655761,-16.142501]]]}},{"type":"Feature","properties":{"ano":2025,"camada":"industrial","area_km2":0.0009},"geometry":{"type":"Polygon","coordinates":[[[33.656042,-16.142771],[33.656043,-16.143043],[33.656324,-16.143042],[33.656323,-16.142771],[33.656042,-16.142771]]]}},{"type":"Feature","properties":{"ano":2025,"camada":"industrial","area_km2":0.0162},"geometry":{"type":"Polygon","coordinates":[[[33.657441,-16.141411],[33.657442,-16.141682],[33.657161,-16.141683],[33.657166,-16.14331],[33.656325,-16.143313],[33.656326,-16.143855],[33.656888,-16.143854],[33.656889,-16.144125],[33.65745,-16.144123],[33.657443,-16.141954],[33.657723,-16.141953],[33.657721,-16.14141],[33.657441,-16.141411]]]}},{"type":"Feature","properties":{"ano":2025,"camada":"industrial","area_km2":0.0009},"geometry":{"type":"Polygon","coordinates":[[[33.6726,-16.143805],[33.672601,-16.144076],[33.672882,-16.144075],[33.672881,-16.143804],[33.6726,-16.143805]]]}},{"type":"Feature","properties":{"ano":2025,"camada":"industrial","area_km2":0.0018},"geometry":{"type":"Polygon","coordinates":[[[33.670917,-16.14381],[33.670918,-16.144352],[33.671199,-16.144351],[33.671197,-16.143809],[33.670917,-16.14381]]]}},{"type":"Feature","properties":{"ano":2025,"camada":"industrial","area_km2":0.0018},"geometry":{"type":"Polygon","coordinates":[[[33.657451,-16.144394],[33.657451,-16.144665],[33.658013,-16.144664],[33.658012,-16.144393],[33.657451,-16.144394]]]}},{"type":"Feature","properties":{"ano":2025,"camada":"industrial","area_km2":0.0018},"geometry":{"type":"Polygon","coordinates":[[[33.656049,-16.144941],[33.656051,-16.145483],[33.656332,-16.145483],[33.65633,-16.14494],[33.656049,-16.144941]]]}},{"type":"Feature","properties":{"ano":2025,"camada":"industrial","area_km2":0.0009},"geometry":{"type":"Polygon","coordinates":[[[33.652122,-16.145224],[33.652123,-16.145495],[33.652404,-16.145495],[33.652403,-16.145223],[33.652122,-16.145224]]]}},{"type":"Feature","properties":{"ano":2025,"camada":"industrial","area_km2":0.0018},"geometry":{"type":"Polygon","coordinates":[[[33.76744,-16.14484],[33.767441,-16.145111],[33.768002,-16.145109],[33.768001,-16.144838],[33.76744,-16.14484]]]}},{"type":"Feature","properties":{"ano":2025,"camada":"industrial","area_km2":0.0009},"geometry":{"type":"Polygon","coordinates":[[[33.673728,-16.145428],[33.673729,-16.145699],[33.674009,-16.145699],[33.674008,-16.145427],[33.673728,-16.145428]]]}},{"type":"Feature","properties":{"ano":2025,"camada":"industrial","area_km2":0.0009},"geometry":{"type":"Polygon","coordinates":[[[33.674009,-16.145699],[33.67401,-16.14597],[33.674291,-16.145969],[33.67429,-16.145698],[33.674009,-16.145699]]]}},{"type":"Feature","properties":{"ano":2025,"camada":"industrial","area_km2":0.0009},"geometry":{"type":"Polygon","coordinates":[[[33.652126,-16.146309],[33.652127,-16.14658],[33.652407,-16.146579],[33.652406,-16.146308],[33.652126,-16.146309]]]}},{"type":"Feature","properties":{"ano":2025,"camada":"industrial","area_km2":0.0009},"geometry":{"type":"Polygon","coordinates":[[[33.674292,-16.14624],[33.674293,-16.146511],[33.674573,-16.14651],[33.674572,-16.146239],[33.674292,-16.14624]]]}},{"type":"Feature","properties":{"ano":2025,"camada":"industrial","area_km2":0.0009},"geometry":{"type":"Polygon","coordinates":[[[33.674573,-16.14651],[33.674574,-16.146782],[33.674855,-16.146781],[33.674854,-16.146509],[33.674573,-16.14651]]]}},{"type":"Feature","properties":{"ano":2025,"camada":"industrial","area_km2":0.0027},"geometry":{"type":"Polygon","coordinates":[[[33.671489,-16.147062],[33.67149,-16.147334],[33.672331,-16.147331],[33.67233,-16.14706],[33.671489,-16.147062]]]}},{"type":"Feature","properties":{"ano":2025,"camada":"industrial","area_km2":0.0018},"geometry":{"type":"Polygon","coordinates":[[[33.652133,-16.148479],[33.652135,-16.149021],[33.652415,-16.14902],[33.652413,-16.148478],[33.652133,-16.148479]]]}},{"type":"Feature","properties":{"ano":2025,"camada":"industrial","area_km2":0.0198},"geometry":{"type":"Polygon","coordinates":[[[33.654093,-16.147388],[33.654097,-16.148473],[33.653536,-16.148474],[33.653537,-16.148745],[33.65466,-16.149013],[33.654659,-16.148742],[33.65494,-16.148741],[33.655218,-16.148198],[33.65578,-16.148196],[33.655779,-16.147925],[33.655218,-16.147927],[33.655217,-16.147655],[33.654375,-16.147658],[33.654374,-16.147387],[33.654093,-16.147388]]]}},{"type":"Feature","properties":{"ano":2025,"camada":"industrial","area_km2":0.0009},"geometry":{"type":"Polygon","coordinates":[[[33.665602,-16.148708],[33.665603,-16.148979],[33.665883,-16.148978],[33.665882,-16.148707],[33.665602,-16.148708]]]}},{"type":"Feature","properties":{"ano":2025,"camada":"industrial","area_km2":0.0009},"geometry":{"type":"Polygon","coordinates":[[[33.667847,-16.148701],[33.667847,-16.148972],[33.668128,-16.148971],[33.668127,-16.1487],[33.667847,-16.148701]]]}},{"type":"Feature","properties":{"ano":2025,"camada":"industrial","area_km2":0.0018},"geometry":{"type":"Polygon","coordinates":[[[33.792147,-16.149089],[33.792149,-16.149631],[33.79243,-16.14963],[33.792428,-16.149088],[33.792147,-16.149089]]]}},{"type":"Feature","properties":{"ano":2025,"camada":"industrial","area_km2":0.009},"geometry":{"type":"Polygon","coordinates":[[[33.666445,-16.149248],[33.666447,-16.14979],[33.666167,-16.149791],[33.666169,-16.150605],[33.66645,-16.150604],[33.666448,-16.150061],[33.66729,-16.150059],[33.667289,-16.149788],[33.667008,-16.149788],[33.667007,-16.149246],[33.666445,-16.149248]]]}},{"type":"Feature","properties":{"ano":2025,"camada":"industrial","area_km2":0.0018},"geometry":{"type":"Polygon","coordinates":[[[33.668694,-16.150326],[33.668695,-16.150597],[33.669256,-16.150595],[33.669255,-16.150324],[33.668694,-16.150326]]]}},{"type":"Feature","properties":{"ano":2025,"camada":"industrial","area_km2":0.0009},"geometry":{"type":"Polygon","coordinates":[[[33.667292,-16.150601],[33.667293,-16.150872],[33.667573,-16.150871],[33.667572,-16.1506],[33.667292,-16.150601]]]}},{"type":"Feature","properties":{"ano":2025,"camada":"industrial","area_km2":0.0036},"geometry":{"type":"Polygon","coordinates":[[[33.792432,-16.150173],[33.792436,-16.151257],[33.792717,-16.151256],[33.792713,-16.150172],[33.792432,-16.150173]]]}},{"type":"Feature","properties":{"ano":2025,"camada":"industrial","area_km2":0.0009},"geometry":{"type":"Polygon","coordinates":[[[33.65074,-16.151466],[33.650741,-16.151737],[33.651021,-16.151736],[33.65102,-16.151465],[33.65074,-16.151466]]]}},{"type":"Feature","properties":{"ano":2025,"camada":"industrial","area_km2":0.009},"geometry":{"type":"Polygon","coordinates":[[[33.79047,-16.150722],[33.790194,-16.151808],[33.790475,-16.151807],[33.790477,-16.152349],[33.790757,-16.152348],[33.790756,-16.152077],[33.791037,-16.152076],[33.791035,-16.151534],[33.790754,-16.151535],[33.790751,-16.150721],[33.79047,-16.150722]]]}},{"type":"Feature","properties":{"ano":2025,"camada":"industrial","area_km2":0.0009},"geometry":{"type":"Polygon","coordinates":[[[33.649343,-16.153369],[33.649344,-16.15364],[33.649624,-16.153639],[33.649624,-16.153368],[33.649343,-16.153369]]]}},{"type":"Feature","properties":{"ano":2025,"camada":"industrial","area_km2":0.0009},"geometry":{"type":"Polygon","coordinates":[[[33.764948,-16.153527],[33.764949,-16.153798],[33.765229,-16.153797],[33.765228,-16.153526],[33.764948,-16.153527]]]}},{"type":"Feature","properties":{"ano":2025,"camada":"industrial","area_km2":0.0063},"geometry":{"type":"Polygon","coordinates":[[[33.647658,-16.153102],[33.647659,-16.153374],[33.647379,-16.153375],[33.647382,-16.154459],[33.647663,-16.154458],[33.647661,-16.153916],[33.647942,-16.153915],[33.647939,-16.153102],[33.647658,-16.153102]]]}},{"type":"Feature","properties":{"ano":2025,"camada":"industrial","area_km2":0.0018},"geometry":{"type":"Polygon","coordinates":[[[33.649906,-16.153909],[33.649908,-16.154452],[33.650188,-16.154451],[33.650186,-16.153908],[33.649906,-16.153909]]]}},{"type":"Feature","properties":{"ano":2025,"camada":"industrial","area_km2":0.0045},"geometry":{"type":"Polygon","coordinates":[[[33.647664,-16.15473],[33.647667,-16.155814],[33.647948,-16.155814],[33.648227,-16.15527],[33.647946,-16.155271],[33.647944,-16.154729],[33.647664,-16.15473]]]}},{"type":"Feature","properties":{"ano":2025,"camada":"industrial","area_km2":0.0018},"geometry":{"type":"Polygon","coordinates":[[[33.740823,-16.15524],[33.740824,-16.155511],[33.741386,-16.155509],[33.741385,-16.155238],[33.740823,-16.15524]]]}},{"type":"Feature","properties":{"ano":2025,"camada":"industrial","area_km2":0.0063},"geometry":{"type":"Polygon","coordinates":[[[33.813775,-16.154702],[33.813497,-16.155246],[33.8149,-16.15524],[33.814898,-16.154969],[33.813775,-16.154702]]]}},{"type":"Feature","properties":{"ano":2025,"camada":"industrial","area_km2":0.0018},"geometry":{"type":"Polygon","coordinates":[[[33.647387,-16.155815],[33.647388,-16.156358],[33.647669,-16.156357],[33.647667,-16.155814],[33.647387,-16.155815]]]}},{"type":"Feature","properties":{"ano":2025,"camada":"industrial","area_km2":0.0009},"geometry":{"type":"Polygon","coordinates":[[[33.810132,-16.155801],[33.810133,-16.156072],[33.810413,-16.156071],[33.810412,-16.1558],[33.810132,-16.155801]]]}},{"type":"Feature","properties":{"ano":2025,"camada":"industrial","area_km2":0.0018},"geometry":{"type":"Polygon","coordinates":[[[33.810413,-16.156071],[33.810415,-16.156342],[33.810976,-16.15634],[33.810975,-16.156069],[33.810413,-16.156071]]]}},{"type":"Feature","properties":{"ano":2025,"camada":"industrial","area_km2":0.0009},"geometry":{"type":"Polygon","coordinates":[[[33.683587,-16.156787],[33.683588,-16.157058],[33.683869,-16.157057],[33.683868,-16.156786],[33.683587,-16.156787]]]}},{"type":"Feature","properties":{"ano":2025,"camada":"industrial","area_km2":0.0099},"geometry":{"type":"Polygon","coordinates":[[[33.649353,-16.156352],[33.64936,-16.158521],[33.649079,-16.158522],[33.649081,-16.159064],[33.649641,-16.158791],[33.649633,-16.156351],[33.649353,-16.156352]]]}},{"type":"Feature","properties":{"ano":2025,"camada":"industrial","area_km2":0.0009},"geometry":{"type":"Polygon","coordinates":[[[33.796393,-16.158293],[33.796394,-16.158565],[33.796674,-16.158564],[33.796673,-16.158292],[33.796393,-16.158293]]]}},{"type":"Feature","properties":{"ano":2025,"camada":"industrial","area_km2":0.0009},"geometry":{"type":"Polygon","coordinates":[[[33.762724,-16.158959],[33.762725,-16.15923],[33.763005,-16.159229],[33.763004,-16.158958],[33.762724,-16.158959]]]}},{"type":"Feature","properties":{"ano":2025,"camada":"industrial","area_km2":0.0009},"geometry":{"type":"Polygon","coordinates":[[[33.651047,-16.159601],[33.651048,-16.159872],[33.651328,-16.159871],[33.651327,-16.1596],[33.651047,-16.159601]]]}},{"type":"Feature","properties":{"ano":2025,"camada":"industrial","area_km2":0.0009},"geometry":{"type":"Polygon","coordinates":[[[33.763005,-16.159229],[33.763007,-16.1595],[33.763287,-16.159499],[33.763286,-16.159228],[33.763005,-16.159229]]]}},{"type":"Feature","properties":{"ano":2025,"camada":"industrial","area_km2":0.0081},"geometry":{"type":"Polygon","coordinates":[[[33.661431,-16.160111],[33.661432,-16.160382],[33.660871,-16.160384],[33.660872,-16.160926],[33.661995,-16.160923],[33.661993,-16.160381],[33.661431,-16.160111]]]}},{"type":"Feature","properties":{"ano":2025,"camada":"industrial","area_km2":0.0009},"geometry":{"type":"Polygon","coordinates":[[[33.659469,-16.16066],[33.659469,-16.160931],[33.65975,-16.16093],[33.659749,-16.160659],[33.659469,-16.16066]]]}},{"type":"Feature","properties":{"ano":2025,"camada":"industrial","area_km2":0.0009},"geometry":{"type":"Polygon","coordinates":[[[33.780129,-16.161065],[33.78013,-16.161337],[33.780411,-16.161336],[33.78041,-16.161064],[33.780129,-16.161065]]]}},{"type":"Feature","properties":{"ano":2025,"camada":"industrial","area_km2":0.0009},"geometry":{"type":"Polygon","coordinates":[[[33.663963,-16.162002],[33.663964,-16.162273],[33.664244,-16.162272],[33.664243,-16.162001],[33.663963,-16.162002]]]}},{"type":"Feature","properties":{"ano":2025,"camada":"industrial","area_km2":0.0027},"geometry":{"type":"Polygon","coordinates":[[[33.777045,-16.161619],[33.777046,-16.16189],[33.777888,-16.161887],[33.777886,-16.161616],[33.777045,-16.161619]]]}},{"type":"Feature","properties":{"ano":2025,"camada":"industrial","area_km2":0.0009},"geometry":{"type":"Polygon","coordinates":[[[33.759089,-16.162226],[33.75909,-16.162497],[33.75937,-16.162496],[33.759369,-16.162225],[33.759089,-16.162226]]]}},{"type":"Feature","properties":{"ano":2025,"camada":"industrial","area_km2":0.0018},"geometry":{"type":"Polygon","coordinates":[[[33.75937,-16.162496],[33.759371,-16.162768],[33.759932,-16.162766],[33.759931,-16.162494],[33.75937,-16.162496]]]}},{"type":"Feature","properties":{"ano":2025,"camada":"industrial","area_km2":0.0027},"geometry":{"type":"Polygon","coordinates":[[[33.659477,-16.1631],[33.659479,-16.163914],[33.65976,-16.163913],[33.659757,-16.163099],[33.659477,-16.1631]]]}},{"type":"Feature","properties":{"ano":2025,"camada":"industrial","area_km2":0.0036},"geometry":{"type":"Polygon","coordinates":[[[33.760495,-16.163035],[33.760777,-16.163576],[33.761339,-16.163574],[33.761056,-16.163033],[33.760495,-16.163035]]]}},{"type":"Feature","properties":{"ano":2025,"camada":"industrial","area_km2":0.0009},"geometry":{"type":"Polygon","coordinates":[[[33.761619,-16.163573],[33.76162,-16.163844],[33.761901,-16.163843],[33.7619,-16.163572],[33.761619,-16.163573]]]}},{"type":"Feature","properties":{"ano":2025,"camada":"industrial","area_km2":0.0036},"geometry":{"type":"Polygon","coordinates":[[[33.748436,-16.164976],[33.748439,-16.165789],[33.74872,-16.165788],[33.748718,-16.165246],[33.748998,-16.165245],[33.748997,-16.164974],[33.748436,-16.164976]]]}},{"type":"Feature","properties":{"ano":2025,"camada":"industrial","area_km2":0.0009},"geometry":{"type":"Polygon","coordinates":[[[33.763591,-16.165464],[33.763592,-16.165736],[33.763872,-16.165735],[33.763871,-16.165463],[33.763591,-16.165464]]]}},{"type":"Feature","properties":{"ano":2025,"camada":"industrial","area_km2":0.0009},"geometry":{"type":"Polygon","coordinates":[[[33.767238,-16.165451],[33.767239,-16.165722],[33.76752,-16.165721],[33.767519,-16.16545],[33.767238,-16.165451]]]}},{"type":"Feature","properties":{"ano":2025,"camada":"industrial","area_km2":2.0619},"geometry":{"type":"Polygon","coordinates":[[[33.669502,-16.140289],[33.669503,-16.14056],[33.66838,-16.140564],[33.668381,-16.140835],[33.66754,-16.140837],[33.667261,-16.141381],[33.666419,-16.141383],[33.66642,-16.141655],[33.666139,-16.141655],[33.665861,-16.142199],[33.6653,-16.1422],[33.665021,-16.142744],[33.664179,-16.142746],[33.66418,-16.143017],[33.662497,-16.143294],[33.662219,-16.143837],[33.661657,-16.143839],[33.661658,-16.14411],[33.661378,-16.144111],[33.661099,-16.144654],[33.659978,-16.144929],[33.659978,-16.1452],[33.659698,-16.145201],[33.659699,-16.145472],[33.659138,-16.145474],[33.659139,-16.145745],[33.657455,-16.14575],[33.657458,-16.146564],[33.657177,-16.146565],[33.657178,-16.146836],[33.656336,-16.146838],[33.656337,-16.14711],[33.656057,-16.147111],[33.656057,-16.147382],[33.656619,-16.14738],[33.656621,-16.148194],[33.656341,-16.148194],[33.656343,-16.149008],[33.656063,-16.149009],[33.656066,-16.150094],[33.655786,-16.150094],[33.655787,-16.150366],[33.655226,-16.150639],[33.655228,-16.151181],[33.654948,-16.151182],[33.654949,-16.151724],[33.654669,-16.151725],[33.654672,-16.152539],[33.654111,-16.152812],[33.654114,-16.153625],[33.653833,-16.153626],[33.653554,-16.154169],[33.652433,-16.154444],[33.652437,-16.155529],[33.652156,-16.155529],[33.652162,-16.157428],[33.652443,-16.157427],[33.652456,-16.161495],[33.652737,-16.161494],[33.65274,-16.162579],[33.65246,-16.16258],[33.652464,-16.163936],[33.652745,-16.163935],[33.652746,-16.164206],[33.653026,-16.164205],[33.653027,-16.164476],[33.653308,-16.164475],[33.653309,-16.164747],[33.653589,-16.164746],[33.65359,-16.165017],[33.654152,-16.165286],[33.654154,-16.165829],[33.654716,-16.166098],[33.654718,-16.166641],[33.654999,-16.16664],[33.654999,-16.166911],[33.655841,-16.166908],[33.655842,-16.167179],[33.657245,-16.167175],[33.657244,-16.166904],[33.657525,-16.166903],[33.657523,-16.166361],[33.657804,-16.16636],[33.657802,-16.165817],[33.658083,-16.165817],[33.65808,-16.165003],[33.657799,-16.165004],[33.657795,-16.163648],[33.658075,-16.163647],[33.658073,-16.162834],[33.658353,-16.162833],[33.658351,-16.162019],[33.658631,-16.162018],[33.658627,-16.160662],[33.659469,-16.16066],[33.659468,-16.160388],[33.658906,-16.16039],[33.658904,-16.159577],[33.658623,-16.159577],[33.658621,-16.159035],[33.658341,-16.159036],[33.658337,-16.157951],[33.658898,-16.157949],[33.658897,-16.157407],[33.658334,-16.157138],[33.658331,-16.156053],[33.658611,-16.156052],[33.658611,-16.155781],[33.659452,-16.155778],[33.659453,-16.156049],[33.660014,-16.156048],[33.660017,-16.156861],[33.661139,-16.156587],[33.661137,-16.156044],[33.661979,-16.156042],[33.661973,-16.154414],[33.662254,-16.154414],[33.662253,-16.154142],[33.662813,-16.153869],[33.662811,-16.153327],[33.663092,-16.153326],[33.663091,-16.153055],[33.663652,-16.153053],[33.663929,-16.151968],[33.664489,-16.151695],[33.664489,-16.151423],[33.664208,-16.151424],[33.664203,-16.149797],[33.664483,-16.149796],[33.664481,-16.149254],[33.664762,-16.149253],[33.664758,-16.148168],[33.665039,-16.148167],[33.665038,-16.147896],[33.665319,-16.147895],[33.665318,-16.147624],[33.665598,-16.147623],[33.665597,-16.147352],[33.665878,-16.147351],[33.666157,-16.146808],[33.666718,-16.146806],[33.666715,-16.145993],[33.667276,-16.145991],[33.667273,-16.144906],[33.667553,-16.144905],[33.667552,-16.144634],[33.668113,-16.144632],[33.668113,-16.144361],[33.669235,-16.144358],[33.669232,-16.143544],[33.669513,-16.143543],[33.669791,-16.143],[33.670353,-16.142998],[33.670351,-16.142456],[33.670631,-16.142455],[33.670625,-16.140557],[33.669783,-16.140559],[33.669782,-16.140288],[33.669502,-16.140289]],[[33.659145,-16.147643],[33.659987,-16.147641],[33.659989,-16.148454],[33.659709,-16.148455],[33.659713,-16.149811],[33.658871,-16.149814],[33.658865,-16.147915],[33.659146,-16.147915],[33.659145,-16.147643]],[[33.655789,-16.150908],[33.656911,-16.150905],[33.65692,-16.153617],[33.656639,-16.153617],[33.65636,-16.154161],[33.655519,-16.154163],[33.655518,-16.153892],[33.654957,-16.153894],[33.654951,-16.152267],[33.655232,-16.152266],[33.655229,-16.151452],[33.65551,-16.151451],[33.655789,-16.150908]],[[33.6572,-16.153344],[33.658322,-16.153341],[33.658323,-16.153612],[33.658885,-16.153882],[33.658888,-16.154695],[33.658607,-16.154696],[33.658608,-16.154967],[33.656924,-16.154972],[33.6572,-16.153344]]]}},{"type":"Feature","properties":{"ano":2025,"camada":"industrial","area_km2":0.0009},"geometry":{"type":"Polygon","coordinates":[[[33.761911,-16.166555],[33.761912,-16.166826],[33.762193,-16.166825],[33.762192,-16.166554],[33.761911,-16.166555]]]}},{"type":"Feature","properties":{"ano":2025,"camada":"industrial","area_km2":0.0387},"geometry":{"type":"Polygon","coordinates":[[[33.755735,-16.165764],[33.755739,-16.166848],[33.757703,-16.166841],[33.757704,-16.167113],[33.758265,-16.167111],[33.758266,-16.167382],[33.758827,-16.167109],[33.758823,-16.166295],[33.758543,-16.166296],[33.758542,-16.166025],[33.757419,-16.166029],[33.757418,-16.165758],[33.755735,-16.165764]]]}},{"type":"Feature","properties":{"ano":2025,"camada":"industrial","area_km2":0.0009},"geometry":{"type":"Polygon","coordinates":[[[33.761633,-16.167099],[33.761634,-16.16737],[33.761914,-16.167369],[33.761913,-16.167098],[33.761633,-16.167099]]]}},{"type":"Feature","properties":{"ano":2025,"camada":"industrial","area_km2":0.0009},"geometry":{"type":"Polygon","coordinates":[[[33.654444,-16.168811],[33.654445,-16.169082],[33.654726,-16.169081],[33.654725,-16.16881],[33.654444,-16.168811]]]}},{"type":"Feature","properties":{"ano":2025,"camada":"industrial","area_km2":0.0009},"geometry":{"type":"Polygon","coordinates":[[[33.655289,-16.169622],[33.65529,-16.169893],[33.65557,-16.169892],[33.65557,-16.169621],[33.655289,-16.169622]]]}},{"type":"Feature","properties":{"ano":2025,"camada":"industrial","area_km2":0.0009},"geometry":{"type":"Polygon","coordinates":[[[33.762203,-16.169537],[33.762204,-16.169808],[33.762485,-16.169807],[33.762484,-16.169536],[33.762203,-16.169537]]]}},{"type":"Feature","properties":{"ano":2025,"camada":"industrial","area_km2":0.0009},"geometry":{"type":"Polygon","coordinates":[[[33.822819,-16.170396],[33.82282,-16.170667],[33.8231,-16.170666],[33.823099,-16.170395],[33.822819,-16.170396]]]}},{"type":"Feature","properties":{"ano":2025,"camada":"industrial","area_km2":0.0009},"geometry":{"type":"Polygon","coordinates":[[[33.685324,-16.172239],[33.685325,-16.17251],[33.685606,-16.17251],[33.685605,-16.172238],[33.685324,-16.172239]]]}},{"type":"Feature","properties":{"ano":2025,"camada":"industrial","area_km2":0.0009},"geometry":{"type":"Polygon","coordinates":[[[33.685044,-16.172511],[33.685045,-16.172783],[33.685326,-16.172782],[33.685325,-16.17251],[33.685044,-16.172511]]]}},{"type":"Feature","properties":{"ano":2025,"camada":"industrial","area_km2":0.0009},"geometry":{"type":"Polygon","coordinates":[[[33.758567,-16.172533],[33.758568,-16.172804],[33.758848,-16.172803],[33.758847,-16.172532],[33.758567,-16.172533]]]}},{"type":"Feature","properties":{"ano":2025,"camada":"industrial","area_km2":0.0018},"geometry":{"type":"Polygon","coordinates":[[[33.660914,-16.173401],[33.660916,-16.173944],[33.661196,-16.173943],[33.661195,-16.1734],[33.660914,-16.173401]]]}},{"type":"Feature","properties":{"ano":2025,"camada":"industrial","area_km2":0.0009},"geometry":{"type":"Polygon","coordinates":[[[33.758289,-16.173348],[33.75829,-16.173619],[33.758571,-16.173618],[33.75857,-16.173347],[33.758289,-16.173348]]]}},{"type":"Feature","properties":{"ano":2025,"camada":"industrial","area_km2":0.0018},"geometry":{"type":"Polygon","coordinates":[[[33.758011,-16.173891],[33.758013,-16.174434],[33.758293,-16.174433],[33.758291,-16.17389],[33.758011,-16.173891]]]}},{"type":"Feature","properties":{"ano":2025,"camada":"industrial","area_km2":0.0009},"geometry":{"type":"Polygon","coordinates":[[[33.757732,-16.174435],[33.757733,-16.174706],[33.758014,-16.174705],[33.758013,-16.174434],[33.757732,-16.174435]]]}},{"type":"Feature","properties":{"ano":2025,"camada":"industrial","area_km2":0.0018},"geometry":{"type":"Polygon","coordinates":[[[33.79113,-16.175398],[33.791131,-16.175669],[33.791692,-16.175667],[33.791691,-16.175396],[33.79113,-16.175398]]]}},{"type":"Feature","properties":{"ano":2025,"camada":"industrial","area_km2":0.0009},"geometry":{"type":"Polygon","coordinates":[[[33.7959,-16.17538],[33.795901,-16.175651],[33.796182,-16.17565],[33.796181,-16.175379],[33.7959,-16.17538]]]}},{"type":"Feature","properties":{"ano":2025,"camada":"industrial","area_km2":0.0009},"geometry":{"type":"Polygon","coordinates":[[[33.79562,-16.175652],[33.795622,-16.175923],[33.795902,-16.175922],[33.795901,-16.175651],[33.79562,-16.175652]]]}},{"type":"Feature","properties":{"ano":2025,"camada":"industrial","area_km2":0.0018},"geometry":{"type":"Polygon","coordinates":[[[33.79506,-16.175925],[33.795061,-16.176197],[33.795623,-16.176195],[33.795622,-16.175923],[33.79506,-16.175925]]]}},{"type":"Feature","properties":{"ano":2025,"camada":"industrial","area_km2":0.0009},"geometry":{"type":"Polygon","coordinates":[[[33.7945,-16.176199],[33.794501,-16.17647],[33.794782,-16.176469],[33.794781,-16.176198],[33.7945,-16.176199]]]}},{"type":"Feature","properties":{"ano":2025,"camada":"industrial","area_km2":0.0009},"geometry":{"type":"Polygon","coordinates":[[[33.79394,-16.176472],[33.793941,-16.176743],[33.794222,-16.176742],[33.794221,-16.176471],[33.79394,-16.176472]]]}},{"type":"Feature","properties":{"ano":2025,"camada":"industrial","area_km2":0.0009},"geometry":{"type":"Polygon","coordinates":[[[33.65812,-16.177207],[33.658121,-16.177478],[33.658402,-16.177477],[33.658401,-16.177206],[33.65812,-16.177207]]]}},{"type":"Feature","properties":{"ano":2025,"camada":"industrial","area_km2":0.0009},"geometry":{"type":"Polygon","coordinates":[[[33.773459,-16.177632],[33.77346,-16.177903],[33.773741,-16.177902],[33.77374,-16.177631],[33.773459,-16.177632]]]}},{"type":"Feature","properties":{"ano":2025,"camada":"industrial","area_km2":0.0216},"geometry":{"type":"Polygon","coordinates":[[[33.761388,-16.176591],[33.761391,-16.177405],[33.76027,-16.17768],[33.760272,-16.178222],[33.761395,-16.178218],[33.761673,-16.177675],[33.762234,-16.177673],[33.762233,-16.177401],[33.762514,-16.1774],[33.762512,-16.176858],[33.761388,-16.176591]]]}},{"type":"Feature","properties":{"ano":2025,"camada":"industrial","area_km2":0.0009},"geometry":{"type":"Polygon","coordinates":[[[33.774024,-16.178444],[33.774025,-16.178715],[33.774305,-16.178714],[33.774304,-16.178443],[33.774024,-16.178444]]]}},{"type":"Feature","properties":{"ano":2025,"camada":"industrial","area_km2":0.0009},"geometry":{"type":"Polygon","coordinates":[[[33.78609,-16.178399],[33.786091,-16.178671],[33.786372,-16.17867],[33.786371,-16.178398],[33.78609,-16.178399]]]}},{"type":"Feature","properties":{"ano":2025,"camada":"industrial","area_km2":0.0009},"geometry":{"type":"Polygon","coordinates":[[[33.770658,-16.178998],[33.770659,-16.179269],[33.77094,-16.179268],[33.770939,-16.178997],[33.770658,-16.178998]]]}},{"type":"Feature","properties":{"ano":2025,"camada":"industrial","area_km2":0.0018},"geometry":{"type":"Polygon","coordinates":[[[33.791985,-16.17892],[33.791988,-16.179462],[33.792268,-16.179461],[33.792266,-16.178919],[33.791985,-16.17892]]]}},{"type":"Feature","properties":{"ano":2025,"camada":"industrial","area_km2":0.0009},"geometry":{"type":"Polygon","coordinates":[[[33.754664,-16.179327],[33.754665,-16.179598],[33.754945,-16.179597],[33.754944,-16.179326],[33.754664,-16.179327]]]}},{"type":"Feature","properties":{"ano":2025,"camada":"industrial","area_km2":0.0009},"geometry":{"type":"Polygon","coordinates":[[[33.7889,-16.179203],[33.788901,-16.179474],[33.789181,-16.179473],[33.78918,-16.179202],[33.7889,-16.179203]]]}},{"type":"Feature","properties":{"ano":2025,"camada":"industrial","area_km2":0.0018},"geometry":{"type":"Polygon","coordinates":[[[33.662899,-16.179632],[33.662901,-16.180175],[33.663181,-16.180174],[33.66318,-16.179632],[33.662899,-16.179632]]]}},{"type":"Feature","properties":{"ano":2025,"camada":"industrial","area_km2":0.0027},"geometry":{"type":"Polygon","coordinates":[[[33.79311,-16.179458],[33.793111,-16.179729],[33.792831,-16.17973],[33.792832,-16.180002],[33.793393,-16.179999],[33.793391,-16.179457],[33.79311,-16.179458]]]}},{"type":"Feature","properties":{"ano":2025,"camada":"industrial","area_km2":0.0306},"geometry":{"type":"Polygon","coordinates":[[[33.766726,-16.178199],[33.766728,-16.178741],[33.767009,-16.17874],[33.76701,-16.179011],[33.767571,-16.179009],[33.767575,-16.179823],[33.767013,-16.179825],[33.767296,-16.180366],[33.769539,-16.179816],[33.769256,-16.179275],[33.768695,-16.179277],[33.768694,-16.179005],[33.767852,-16.179008],[33.76785,-16.178466],[33.767008,-16.178469],[33.767007,-16.178198],[33.766726,-16.178199]]]}},{"type":"Feature","properties":{"ano":2025,"camada":"industrial","area_km2":0.0009},"geometry":{"type":"Polygon","coordinates":[[[33.685072,-16.180647],[33.685073,-16.180918],[33.685354,-16.180917],[33.685353,-16.180646],[33.685072,-16.180647]]]}},{"type":"Feature","properties":{"ano":2025,"camada":"industrial","area_km2":0.0036},"geometry":{"type":"Polygon","coordinates":[[[33.793673,-16.179998],[33.793677,-16.180812],[33.793957,-16.180811],[33.794236,-16.180267],[33.793673,-16.179998]]]}},{"type":"Feature","properties":{"ano":2025,"camada":"industrial","area_km2":0.0009},"geometry":{"type":"Polygon","coordinates":[[[33.664029,-16.181799],[33.66403,-16.18207],[33.66431,-16.182069],[33.664309,-16.181798],[33.664029,-16.181799]]]}},{"type":"Feature","properties":{"ano":2025,"camada":"industrial","area_km2":0.0009},"geometry":{"type":"Polygon","coordinates":[[[33.784699,-16.181388],[33.7847,-16.181659],[33.784981,-16.181658],[33.78498,-16.181387],[33.784699,-16.181388]]]}},{"type":"Feature","properties":{"ano":2025,"camada":"industrial","area_km2":0.0009},"geometry":{"type":"Polygon","coordinates":[[[33.833527,-16.181202],[33.833528,-16.181473],[33.833809,-16.181472],[33.833808,-16.181201],[33.833527,-16.181202]]]}},{"type":"Feature","properties":{"ano":2025,"camada":"industrial","area_km2":0.0009},"geometry":{"type":"Polygon","coordinates":[[[33.794242,-16.181895],[33.794243,-16.182166],[33.794524,-16.182165],[33.794523,-16.181894],[33.794242,-16.181895]]]}},{"type":"Feature","properties":{"ano":2025,"camada":"industrial","area_km2":0.0675},"geometry":{"type":"Polygon","coordinates":[[[33.771785,-16.180079],[33.771787,-16.180621],[33.772068,-16.18062],[33.772071,-16.181434],[33.770668,-16.181439],[33.770669,-16.18171],[33.770949,-16.181709],[33.770951,-16.182251],[33.771232,-16.18225],[33.771233,-16.182522],[33.772356,-16.182518],[33.772358,-16.18306],[33.77348,-16.183056],[33.773478,-16.182513],[33.774038,-16.18224],[33.774033,-16.180884],[33.773752,-16.180885],[33.773751,-16.180614],[33.772629,-16.180618],[33.772628,-16.180347],[33.772067,-16.180349],[33.772066,-16.180078],[33.771785,-16.180079]]]}},{"type":"Feature","properties":{"ano":2025,"camada":"industrial","area_km2":0.0045},"geometry":{"type":"Polygon","coordinates":[[[33.67582,-16.183117],[33.675821,-16.183389],[33.67554,-16.183389],[33.675542,-16.183932],[33.675823,-16.183931],[33.675822,-16.18366],[33.676382,-16.183387],[33.676381,-16.183116],[33.67582,-16.183117]]]}},{"type":"Feature","properties":{"ano":2025,"camada":"industrial","area_km2":0.036},"geometry":{"type":"Polygon","coordinates":[[[33.789186,-16.180557],[33.789189,-16.181371],[33.788908,-16.181372],[33.788909,-16.181643],[33.788348,-16.181645],[33.788356,-16.183544],[33.788636,-16.183543],[33.788637,-16.183814],[33.788918,-16.183813],[33.788917,-16.183542],[33.789198,-16.18354],[33.789196,-16.183269],[33.789477,-16.183268],[33.789476,-16.182997],[33.790036,-16.182724],[33.790034,-16.182181],[33.789753,-16.182182],[33.789751,-16.18164],[33.789471,-16.181641],[33.789466,-16.180556],[33.789186,-16.180557]]]}},{"type":"Feature","properties":{"ano":2025,"camada":"industrial","area_km2":0.0009},"geometry":{"type":"Polygon","coordinates":[[[33.674985,-16.18529],[33.674986,-16.185561],[33.675267,-16.18556],[33.675266,-16.185289],[33.674985,-16.18529]]]}},{"type":"Feature","properties":{"ano":2025,"camada":"industrial","area_km2":0.0117},"geometry":{"type":"Polygon","coordinates":[[[33.665439,-16.183964],[33.665441,-16.184506],[33.665722,-16.184505],[33.666006,-16.185589],[33.666287,-16.185588],[33.666288,-16.185859],[33.66685,-16.186129],[33.666565,-16.185045],[33.666285,-16.185046],[33.666284,-16.184775],[33.666003,-16.184775],[33.666001,-16.184233],[33.665439,-16.183964]]]}},{"type":"Feature","properties":{"ano":2025,"camada":"industrial","area_km2":0.0009},"geometry":{"type":"Polygon","coordinates":[[[33.785561,-16.186537],[33.785562,-16.186808],[33.785843,-16.186807],[33.785842,-16.186536],[33.785561,-16.186537]]]}},{"type":"Feature","properties":{"ano":2025,"camada":"industrial","area_km2":0.0009},"geometry":{"type":"Polygon","coordinates":[[[33.785282,-16.186809],[33.785283,-16.18708],[33.785563,-16.187079],[33.785562,-16.186808],[33.785282,-16.186809]]]}},{"type":"Feature","properties":{"ano":2025,"camada":"industrial","area_km2":0.0009},"geometry":{"type":"Polygon","coordinates":[[[33.784442,-16.187355],[33.784443,-16.187626],[33.784724,-16.187625],[33.784723,-16.187354],[33.784442,-16.187355]]]}},{"type":"Feature","properties":{"ano":2025,"camada":"industrial","area_km2":0.0009},"geometry":{"type":"Polygon","coordinates":[[[33.673312,-16.188278],[33.673313,-16.188549],[33.673593,-16.188548],[33.673592,-16.188277],[33.673312,-16.188278]]]}},{"type":"Feature","properties":{"ano":2025,"camada":"industrial","area_km2":0.0252},"geometry":{"type":"Polygon","coordinates":[[[33.781631,-16.18628],[33.781637,-16.187636],[33.780514,-16.18764],[33.780518,-16.188725],[33.782201,-16.188448],[33.7822,-16.188176],[33.781919,-16.188178],[33.781914,-16.186822],[33.782475,-16.18682],[33.782473,-16.186277],[33.781631,-16.18628]]]}},{"type":"Feature","properties":{"ano":2025,"camada":"industrial","area_km2":0.0612},"geometry":{"type":"Polygon","coordinates":[[[33.778265,-16.186564],[33.778266,-16.186835],[33.777424,-16.186838],[33.777425,-16.187109],[33.776864,-16.187111],[33.776866,-16.187654],[33.776585,-16.187655],[33.776586,-16.187926],[33.777428,-16.187923],[33.777431,-16.188736],[33.777151,-16.188737],[33.777153,-16.18928],[33.778556,-16.189275],[33.778557,-16.189546],[33.778838,-16.189545],[33.778837,-16.189274],[33.780519,-16.188996],[33.780518,-16.188725],[33.778835,-16.188731],[33.778833,-16.18846],[33.778272,-16.188462],[33.778269,-16.187649],[33.779392,-16.187644],[33.77939,-16.187373],[33.779952,-16.187371],[33.779669,-16.18683],[33.778546,-16.186834],[33.778545,-16.186563],[33.778265,-16.186564]]]}},{"type":"Feature","properties":{"ano":2025,"camada":"industrial","area_km2":0.0009},"geometry":{"type":"Polygon","coordinates":[[[33.800447,-16.189465],[33.800448,-16.189736],[33.800728,-16.189735],[33.800727,-16.189463],[33.800447,-16.189465]]]}},{"type":"Feature","properties":{"ano":2025,"camada":"industrial","area_km2":0.018},"geometry":{"type":"Polygon","coordinates":[[[33.671346,-16.188013],[33.671347,-16.188284],[33.671628,-16.188283],[33.671632,-16.189639],[33.671352,-16.18964],[33.671354,-16.190182],[33.670792,-16.190184],[33.670793,-16.190455],[33.672197,-16.190451],[33.672192,-16.189095],[33.671911,-16.189096],[33.671908,-16.188011],[33.671346,-16.188013]]]}},{"type":"Feature","properties":{"ano":2025,"camada":"industrial","area_km2":0.0009},"geometry":{"type":"Polygon","coordinates":[[[33.678932,-16.19043],[33.678933,-16.190701],[33.679214,-16.1907],[33.679213,-16.190429],[33.678932,-16.19043]]]}},{"type":"Feature","properties":{"ano":2025,"camada":"industrial","area_km2":0.0036},"geometry":{"type":"Polygon","coordinates":[[[33.800728,-16.189735],[33.800731,-16.190277],[33.801293,-16.190546],[33.801291,-16.190004],[33.800728,-16.189735]]]}},{"type":"Feature","properties":{"ano":2025,"camada":"industrial","area_km2":0.0009},"geometry":{"type":"Polygon","coordinates":[[[33.678652,-16.190702],[33.678653,-16.190973],[33.678934,-16.190972],[33.678933,-16.190701],[33.678652,-16.190702]]]}},{"type":"Feature","properties":{"ano":2025,"camada":"industrial","area_km2":0.2232},"geometry":{"type":"Polygon","coordinates":[[[33.798475,-16.187574],[33.798476,-16.187845],[33.794266,-16.187861],[33.794277,-16.190572],[33.794558,-16.190571],[33.794562,-16.191656],[33.794843,-16.191655],[33.794845,-16.192197],[33.795125,-16.192196],[33.795129,-16.19301],[33.795409,-16.193009],[33.795413,-16.193822],[33.795693,-16.193821],[33.795695,-16.194364],[33.796818,-16.194359],[33.796805,-16.191105],[33.797086,-16.191104],[33.797082,-16.190291],[33.798766,-16.190284],[33.798765,-16.190013],[33.799046,-16.190012],[33.799041,-16.188927],[33.798761,-16.188928],[33.798755,-16.187573],[33.798475,-16.187574]]]}},{"type":"Feature","properties":{"ano":2025,"camada":"industrial","area_km2":0.0009},"geometry":{"type":"Polygon","coordinates":[[[33.802159,-16.196509],[33.80216,-16.19678],[33.802441,-16.196779],[33.80244,-16.196508],[33.802159,-16.196509]]]}},{"type":"Feature","properties":{"ano":2025,"camada":"industrial","area_km2":0.0009},"geometry":{"type":"Polygon","coordinates":[[[33.802441,-16.196779],[33.802442,-16.19705],[33.802722,-16.197049],[33.802721,-16.196778],[33.802441,-16.196779]]]}},{"type":"Feature","properties":{"ano":2025,"camada":"industrial","area_km2":0.0045},"geometry":{"type":"Polygon","coordinates":[[[33.803003,-16.197048],[33.803286,-16.197589],[33.804128,-16.197586],[33.804127,-16.197315],[33.803003,-16.197048]]]}},{"type":"Feature","properties":{"ano":2025,"camada":"industrial","area_km2":0.0009},"geometry":{"type":"Polygon","coordinates":[[[33.680081,-16.198019],[33.680081,-16.19829],[33.680362,-16.19829],[33.680361,-16.198018],[33.680081,-16.198019]]]}},{"type":"Feature","properties":{"ano":2025,"camada":"industrial","area_km2":0.0018},"geometry":{"type":"Polygon","coordinates":[[[33.672787,-16.199127],[33.672788,-16.199398],[33.673349,-16.199397],[33.673349,-16.199125],[33.672787,-16.199127]]]}},{"type":"Feature","properties":{"ano":2025,"camada":"industrial","area_km2":0.0009},"geometry":{"type":"Polygon","coordinates":[[[33.671385,-16.199403],[33.671386,-16.199674],[33.671666,-16.199673],[33.671666,-16.199402],[33.671385,-16.199403]]]}},{"type":"Feature","properties":{"ano":2025,"camada":"industrial","area_km2":0.0018},"geometry":{"type":"Polygon","coordinates":[[[33.66044,-16.199708],[33.660442,-16.200251],[33.660723,-16.20025],[33.660721,-16.199707],[33.66044,-16.199708]]]}},{"type":"Feature","properties":{"ano":2025,"camada":"industrial","area_km2":0.0009},"geometry":{"type":"Polygon","coordinates":[[[33.664651,-16.199966],[33.664652,-16.200238],[33.664932,-16.200237],[33.664932,-16.199966],[33.664651,-16.199966]]]}},{"type":"Feature","properties":{"ano":2025,"camada":"industrial","area_km2":0.0036},"geometry":{"type":"Polygon","coordinates":[[[33.801328,-16.199224],[33.801331,-16.200037],[33.801612,-16.200036],[33.80161,-16.199494],[33.80189,-16.199493],[33.801889,-16.199222],[33.801328,-16.199224]]]}},{"type":"Feature","properties":{"ano":2025,"camada":"industrial","area_km2":0.0009},"geometry":{"type":"Polygon","coordinates":[[[33.802174,-16.200305],[33.802175,-16.200577],[33.802456,-16.200576],[33.802455,-16.200304],[33.802174,-16.200305]]]}},{"type":"Feature","properties":{"ano":2025,"camada":"industrial","area_km2":0.0009},"geometry":{"type":"Polygon","coordinates":[[[33.802456,-16.200576],[33.802457,-16.200847],[33.802738,-16.200846],[33.802737,-16.200574],[33.802456,-16.200576]]]}},{"type":"Feature","properties":{"ano":2025,"camada":"industrial","area_km2":0.0009},"geometry":{"type":"Polygon","coordinates":[[[33.80527,-16.202463],[33.805271,-16.202734],[33.805552,-16.202733],[33.805551,-16.202462],[33.80527,-16.202463]]]}},{"type":"Feature","properties":{"ano":2025,"camada":"industrial","area_km2":0.0351},"geometry":{"type":"Polygon","coordinates":[[[33.683447,-16.197466],[33.683449,-16.19828],[33.683169,-16.198281],[33.683182,-16.202077],[33.682901,-16.202078],[33.682903,-16.20262],[33.682343,-16.202893],[33.682346,-16.203978],[33.682907,-16.203705],[33.682905,-16.203163],[33.683185,-16.203162],[33.683183,-16.202348],[33.683463,-16.202347],[33.683457,-16.200449],[33.683737,-16.200448],[33.683728,-16.197736],[33.684009,-16.197735],[33.684008,-16.197464],[33.683447,-16.197466]]]}},{"type":"Feature","properties":{"ano":2025,"camada":"industrial","area_km2":0.0018},"geometry":{"type":"Polygon","coordinates":[[[33.822115,-16.203755],[33.822116,-16.204026],[33.822677,-16.204024],[33.822676,-16.203752],[33.822115,-16.203755]]]}},{"type":"Feature","properties":{"ano":2025,"camada":"industrial","area_km2":0.0009},"geometry":{"type":"Polygon","coordinates":[[[33.676454,-16.204539],[33.676455,-16.204811],[33.676736,-16.20481],[33.676735,-16.204539],[33.676454,-16.204539]]]}},{"type":"Feature","properties":{"ano":2025,"camada":"industrial","area_km2":0.0045},"geometry":{"type":"Polygon","coordinates":[[[33.822958,-16.204023],[33.822959,-16.204294],[33.82352,-16.204292],[33.823523,-16.204834],[33.823803,-16.204833],[33.8238,-16.204019],[33.822958,-16.204023]]]}},{"type":"Feature","properties":{"ano":2025,"camada":"industrial","area_km2":0.0009},"geometry":{"type":"Polygon","coordinates":[[[33.824086,-16.205374],[33.824087,-16.205645],[33.824368,-16.205644],[33.824367,-16.205373],[33.824086,-16.205374]]]}},{"type":"Feature","properties":{"ano":2025,"camada":"industrial","area_km2":0.0153},"geometry":{"type":"Polygon","coordinates":[[[33.660462,-16.206217],[33.660463,-16.206488],[33.660743,-16.206487],[33.661026,-16.207029],[33.661587,-16.207027],[33.661586,-16.206756],[33.663832,-16.206749],[33.663831,-16.206478],[33.662708,-16.206481],[33.662707,-16.20621],[33.662426,-16.206211],[33.662427,-16.206482],[33.661305,-16.206485],[33.661304,-16.206214],[33.660462,-16.206217]]]}},{"type":"Feature","properties":{"ano":2025,"camada":"industrial","area_km2":0.0009},"geometry":{"type":"Polygon","coordinates":[[[33.664112,-16.206748],[33.664113,-16.207019],[33.664394,-16.207018],[33.664393,-16.206747],[33.664112,-16.206748]]]}},{"type":"Feature","properties":{"ano":2025,"camada":"industrial","area_km2":0.0009},"geometry":{"type":"Polygon","coordinates":[[[33.820722,-16.206201],[33.820723,-16.206472],[33.821004,-16.206471],[33.821002,-16.2062],[33.820722,-16.206201]]]}},{"type":"Feature","properties":{"ano":2025,"camada":"industrial","area_km2":0.0027},"geometry":{"type":"Polygon","coordinates":[[[33.821005,-16.206742],[33.821007,-16.207284],[33.821568,-16.207282],[33.821567,-16.207011],[33.821005,-16.206742]]]}},{"type":"Feature","properties":{"ano":2025,"camada":"industrial","area_km2":0.0009},"geometry":{"type":"Polygon","coordinates":[[[33.824935,-16.206998],[33.824936,-16.207269],[33.825217,-16.207268],[33.825216,-16.206997],[33.824935,-16.206998]]]}},{"type":"Feature","properties":{"ano":2025,"camada":"industrial","area_km2":0.0009},"geometry":{"type":"Polygon","coordinates":[[[33.828023,-16.207257],[33.828025,-16.207528],[33.828305,-16.207527],[33.828304,-16.207256],[33.828023,-16.207257]]]}},{"type":"Feature","properties":{"ano":2025,"camada":"industrial","area_km2":0.0036},"geometry":{"type":"Polygon","coordinates":[[[33.821568,-16.207282],[33.821573,-16.208367],[33.821853,-16.208366],[33.821849,-16.207281],[33.821568,-16.207282]]]}},{"type":"Feature","properties":{"ano":2025,"camada":"industrial","area_km2":38.2086},"geometry":{"type":"Polygon","coordinates":[[[33.723308,-16.122486],[33.723309,-16.122757],[33.72387,-16.122755],[33.723873,-16.123569],[33.723592,-16.12357],[33.723593,-16.123841],[33.722751,-16.123844],[33.72275,-16.123572],[33.721628,-16.123576],[33.721627,-16.123305],[33.721347,-16.123306],[33.721349,-16.123848],[33.720226,-16.123852],[33.720227,-16.124123],[33.719666,-16.124125],[33.719667,-16.124396],[33.719106,-16.124398],[33.719107,-16.124669],[33.718546,-16.124671],[33.718547,-16.124943],[33.717986,-16.124944],[33.717987,-16.125216],[33.717426,-16.125218],[33.717427,-16.125489],[33.716866,-16.125491],[33.716867,-16.125762],[33.715746,-16.126037],[33.715467,-16.12658],[33.714346,-16.126855],[33.714347,-16.127126],[33.714066,-16.127127],[33.713787,-16.12767],[33.712946,-16.127673],[33.712947,-16.127944],[33.711826,-16.128219],[33.711547,-16.128763],[33.710986,-16.128765],[33.710987,-16.129036],[33.709866,-16.129311],[33.709866,-16.129582],[33.709586,-16.129583],[33.709587,-16.129854],[33.709026,-16.129856],[33.709027,-16.130127],[33.708746,-16.130128],[33.708468,-16.130671],[33.707906,-16.130673],[33.707628,-16.131216],[33.707067,-16.131218],[33.706788,-16.131762],[33.706227,-16.131763],[33.705948,-16.132307],[33.705387,-16.132309],[33.705388,-16.13258],[33.704828,-16.132853],[33.704857,-16.140989],[33.705137,-16.140988],[33.705139,-16.14153],[33.70542,-16.141529],[33.705424,-16.142614],[33.705704,-16.142613],[33.705705,-16.142884],[33.705986,-16.142883],[33.706268,-16.143425],[33.706829,-16.143423],[33.70683,-16.143694],[33.707111,-16.143693],[33.707393,-16.144234],[33.707955,-16.144233],[33.707956,-16.144504],[33.708236,-16.144503],[33.708237,-16.144774],[33.708518,-16.144773],[33.708519,-16.145044],[33.708799,-16.145043],[33.7088,-16.145315],[33.709081,-16.145314],[33.709082,-16.145585],[33.709362,-16.145584],[33.709363,-16.145855],[33.709644,-16.145854],[33.709645,-16.146125],[33.709925,-16.146124],[33.709926,-16.146396],[33.710207,-16.146395],[33.710208,-16.146666],[33.71077,-16.146935],[33.710772,-16.147477],[33.711053,-16.147477],[33.711054,-16.147748],[33.711334,-16.147747],[33.711335,-16.148018],[33.711616,-16.148017],[33.711617,-16.148288],[33.711897,-16.148287],[33.71218,-16.148829],[33.713863,-16.148823],[33.713862,-16.148552],[33.714422,-16.148279],[33.714417,-16.146652],[33.714136,-16.146653],[33.714133,-16.145839],[33.714975,-16.145836],[33.714977,-16.146379],[33.715257,-16.146378],[33.715262,-16.147734],[33.715543,-16.147733],[33.715825,-16.148274],[33.716667,-16.148271],[33.716666,-16.148],[33.717508,-16.147997],[33.717509,-16.148268],[33.717789,-16.148268],[33.717788,-16.147725],[33.718629,-16.147722],[33.718632,-16.148536],[33.719193,-16.148534],[33.7192,-16.150432],[33.719481,-16.150431],[33.719483,-16.150974],[33.720044,-16.150972],[33.720045,-16.151243],[33.720887,-16.15124],[33.72089,-16.152054],[33.72117,-16.152053],[33.721171,-16.152324],[33.722294,-16.15232],[33.722295,-16.152591],[33.723136,-16.152588],[33.723135,-16.152317],[33.724258,-16.152313],[33.724257,-16.152042],[33.725379,-16.152038],[33.725378,-16.151767],[33.727623,-16.15176],[33.727624,-16.152031],[33.728747,-16.152298],[33.728749,-16.152841],[33.72903,-16.15284],[33.729031,-16.153111],[33.729592,-16.153109],[33.729593,-16.15338],[33.730996,-16.153375],[33.730995,-16.153104],[33.731275,-16.153103],[33.731273,-16.152561],[33.731554,-16.15256],[33.731552,-16.152017],[33.732394,-16.152014],[33.732395,-16.152286],[33.732675,-16.152285],[33.732958,-16.152826],[33.733519,-16.152824],[33.73352,-16.153095],[33.734642,-16.153092],[33.734925,-16.153633],[33.736047,-16.153629],[33.736051,-16.154714],[33.735771,-16.154715],[33.735772,-16.154986],[33.736052,-16.154985],[33.736056,-16.15607],[33.735776,-16.156071],[33.735777,-16.156342],[33.736057,-16.156341],[33.736059,-16.156883],[33.736621,-16.156881],[33.736622,-16.157153],[33.737184,-16.157422],[33.737183,-16.157151],[33.737744,-16.157149],[33.737743,-16.156877],[33.738303,-16.156604],[33.738298,-16.155248],[33.738579,-16.155247],[33.738578,-16.154976],[33.739139,-16.154974],[33.739138,-16.154703],[33.738577,-16.154705],[33.738576,-16.154434],[33.737734,-16.154437],[33.737731,-16.153623],[33.738011,-16.153622],[33.737723,-16.151454],[33.738845,-16.15145],[33.73913,-16.152534],[33.73941,-16.152533],[33.739411,-16.152804],[33.739692,-16.152803],[33.739693,-16.153074],[33.739974,-16.153073],[33.739975,-16.153344],[33.740255,-16.153343],[33.740256,-16.153614],[33.740537,-16.153613],[33.740538,-16.153885],[33.740818,-16.153884],[33.740819,-16.154155],[33.741381,-16.154424],[33.741384,-16.154966],[33.742225,-16.154964],[33.742508,-16.155505],[33.743911,-16.1555],[33.743912,-16.155771],[33.744192,-16.15577],[33.744195,-16.156584],[33.744476,-16.156583],[33.744477,-16.156854],[33.745039,-16.157123],[33.745041,-16.157666],[33.745322,-16.157665],[33.745323,-16.157936],[33.745604,-16.157935],[33.745886,-16.158476],[33.747008,-16.158201],[33.747006,-16.15793],[33.747287,-16.157929],[33.747566,-16.157386],[33.748688,-16.157382],[33.748691,-16.158195],[33.749252,-16.158193],[33.749253,-16.158464],[33.750095,-16.158461],[33.750096,-16.158733],[33.750657,-16.158731],[33.750664,-16.160629],[33.750384,-16.16063],[33.750387,-16.161443],[33.750106,-16.161444],[33.750107,-16.161716],[33.749547,-16.161989],[33.749549,-16.162531],[33.748988,-16.162533],[33.748989,-16.162804],[33.748708,-16.162805],[33.74871,-16.163348],[33.748991,-16.163347],[33.74899,-16.163076],[33.749832,-16.163073],[33.749838,-16.1647],[33.749557,-16.164701],[33.749558,-16.164972],[33.7504,-16.164969],[33.750403,-16.165782],[33.750684,-16.165781],[33.750688,-16.166866],[33.750969,-16.166865],[33.750971,-16.167408],[33.751251,-16.167407],[33.751253,-16.167949],[33.751534,-16.167948],[33.751819,-16.169032],[33.752381,-16.169301],[33.752383,-16.169843],[33.752944,-16.169841],[33.752945,-16.170112],[33.753226,-16.170111],[33.75351,-16.171195],[33.754073,-16.171464],[33.754075,-16.172007],[33.754637,-16.172276],[33.754639,-16.172818],[33.755201,-16.173088],[33.755203,-16.17363],[33.755484,-16.173629],[33.755485,-16.1739],[33.755766,-16.173899],[33.755768,-16.174441],[33.75633,-16.174711],[33.756332,-16.175253],[33.756613,-16.175252],[33.756617,-16.176337],[33.757459,-16.176334],[33.75746,-16.176605],[33.75774,-16.176604],[33.757742,-16.177146],[33.758305,-16.177416],[33.758589,-16.178499],[33.759152,-16.178768],[33.759154,-16.179311],[33.759434,-16.17931],[33.759435,-16.179581],[33.759716,-16.17958],[33.759718,-16.180122],[33.76028,-16.180392],[33.760282,-16.180934],[33.760563,-16.180933],[33.760848,-16.182017],[33.761129,-16.182016],[33.76113,-16.182287],[33.76141,-16.182286],[33.761411,-16.182557],[33.761692,-16.182556],[33.761693,-16.182827],[33.761974,-16.182826],[33.762256,-16.183368],[33.762817,-16.183366],[33.762819,-16.183637],[33.76338,-16.183635],[33.763381,-16.183906],[33.763942,-16.183904],[33.763943,-16.184175],[33.764785,-16.184172],[33.764786,-16.184443],[33.765347,-16.184441],[33.765348,-16.184712],[33.76619,-16.184709],[33.766473,-16.185251],[33.767034,-16.185249],[33.767035,-16.18552],[33.767597,-16.185518],[33.767598,-16.185789],[33.768159,-16.185787],[33.76816,-16.186058],[33.768721,-16.186056],[33.768722,-16.186327],[33.770687,-16.18632],[33.770688,-16.186591],[33.77153,-16.186588],[33.771529,-16.186317],[33.773211,-16.18604],[33.77321,-16.185769],[33.773771,-16.185767],[33.77377,-16.185495],[33.774332,-16.185493],[33.774331,-16.185222],[33.774892,-16.18522],[33.774891,-16.184949],[33.775452,-16.184947],[33.775451,-16.184676],[33.776574,-16.184672],[33.776572,-16.184401],[33.777414,-16.184397],[33.777413,-16.184126],[33.778255,-16.184123],[33.778257,-16.184666],[33.778538,-16.184665],[33.778539,-16.184936],[33.7791,-16.184934],[33.779102,-16.185476],[33.779664,-16.185474],[33.779663,-16.185203],[33.779943,-16.185202],[33.77994,-16.184388],[33.779378,-16.184119],[33.779373,-16.183034],[33.779654,-16.183033],[33.779933,-16.18249],[33.780494,-16.182488],[33.780772,-16.181944],[33.781895,-16.18194],[33.781897,-16.182483],[33.782178,-16.182482],[33.782179,-16.182753],[33.782459,-16.182752],[33.782458,-16.182481],[33.7833,-16.182478],[33.783297,-16.181664],[33.782173,-16.181397],[33.782169,-16.180312],[33.78245,-16.180311],[33.782449,-16.18004],[33.782729,-16.180039],[33.782728,-16.179768],[33.783009,-16.179767],[33.783008,-16.179496],[33.783568,-16.179222],[33.783566,-16.17868],[33.783846,-16.178679],[33.783845,-16.178408],[33.784687,-16.178405],[33.784686,-16.178133],[33.784967,-16.178132],[33.784966,-16.177861],[33.784685,-16.177862],[33.784682,-16.177049],[33.784962,-16.177048],[33.784961,-16.176776],[33.785242,-16.176775],[33.785241,-16.176504],[33.785522,-16.176503],[33.78552,-16.176232],[33.785801,-16.176231],[33.78608,-16.175688],[33.786641,-16.175686],[33.78664,-16.175414],[33.78692,-16.175413],[33.787199,-16.17487],[33.78832,-16.174595],[33.788599,-16.174051],[33.789721,-16.174047],[33.78972,-16.173776],[33.792526,-16.173765],[33.792525,-16.173494],[33.793928,-16.173489],[33.793929,-16.17376],[33.79449,-16.173758],[33.794491,-16.174029],[33.795333,-16.174026],[33.795334,-16.174297],[33.795896,-16.174295],[33.795897,-16.174566],[33.796177,-16.174565],[33.796181,-16.175379],[33.796461,-16.175378],[33.79646,-16.175107],[33.797863,-16.175101],[33.797864,-16.175373],[33.798426,-16.17537],[33.798427,-16.175642],[33.799268,-16.175638],[33.799273,-16.176723],[33.798713,-16.176997],[33.798715,-16.177539],[33.798995,-16.177538],[33.798999,-16.178351],[33.798718,-16.178352],[33.798721,-16.179166],[33.798441,-16.179167],[33.798444,-16.179981],[33.798163,-16.179982],[33.798168,-16.181066],[33.797887,-16.181067],[33.79789,-16.181881],[33.79733,-16.182154],[33.797334,-16.182968],[33.797053,-16.182969],[33.797057,-16.184054],[33.797338,-16.184052],[33.797335,-16.183239],[33.798177,-16.183236],[33.798179,-16.183778],[33.798459,-16.183777],[33.798465,-16.185133],[33.799307,-16.18513],[33.799304,-16.184587],[33.800146,-16.184584],[33.80015,-16.185398],[33.80043,-16.185397],[33.800715,-16.18648],[33.800996,-16.186479],[33.800997,-16.186751],[33.801558,-16.186748],[33.801559,-16.18702],[33.802962,-16.187014],[33.802964,-16.187286],[33.803805,-16.187282],[33.803807,-16.187554],[33.80549,-16.187547],[33.805769,-16.187004],[33.806891,-16.186999],[33.806892,-16.187271],[33.807454,-16.187269],[33.807455,-16.18754],[33.807735,-16.187539],[33.807739,-16.188352],[33.807458,-16.188353],[33.807459,-16.188624],[33.807179,-16.188626],[33.80718,-16.188897],[33.806899,-16.188898],[33.8069,-16.189169],[33.80634,-16.189442],[33.806345,-16.190798],[33.805785,-16.191071],[33.805791,-16.192427],[33.80551,-16.192428],[33.805518,-16.194327],[33.805799,-16.194326],[33.805802,-16.195139],[33.805521,-16.19514],[33.805523,-16.195683],[33.806085,-16.19568],[33.806088,-16.196494],[33.805807,-16.196495],[33.80581,-16.197037],[33.804687,-16.197042],[33.804688,-16.197313],[33.806653,-16.197305],[33.806654,-16.197577],[33.806934,-16.197576],[33.806935,-16.197847],[33.807216,-16.197846],[33.807217,-16.198117],[33.807498,-16.198116],[33.807781,-16.198657],[33.808342,-16.198655],[33.808341,-16.198384],[33.809183,-16.198381],[33.809466,-16.198922],[33.810027,-16.19892],[33.81031,-16.199461],[33.810871,-16.199459],[33.810872,-16.19973],[33.811153,-16.199729],[33.811436,-16.20027],[33.811997,-16.200268],[33.811998,-16.200539],[33.813121,-16.200535],[33.813122,-16.200806],[33.813683,-16.200804],[33.813684,-16.201075],[33.813965,-16.201074],[33.813966,-16.201345],[33.814247,-16.201344],[33.81453,-16.201886],[33.815652,-16.201881],[33.815653,-16.202152],[33.815934,-16.202151],[33.816217,-16.202693],[33.81762,-16.202687],[33.817621,-16.202958],[33.818745,-16.203225],[33.819028,-16.203767],[33.819308,-16.203765],[33.819307,-16.203494],[33.820149,-16.203491],[33.82015,-16.203762],[33.822115,-16.203755],[33.82211,-16.20267],[33.822672,-16.202668],[33.822671,-16.202397],[33.823513,-16.202393],[33.823515,-16.202936],[33.823796,-16.202935],[33.8238,-16.204019],[33.824081,-16.204018],[33.82408,-16.203747],[33.824921,-16.203744],[33.824923,-16.204015],[33.825484,-16.204013],[33.825483,-16.203742],[33.826325,-16.203738],[33.826326,-16.204009],[33.826887,-16.204007],[33.826888,-16.204278],[33.829414,-16.204269],[33.829419,-16.205353],[33.829138,-16.205354],[33.82914,-16.205897],[33.82886,-16.205898],[33.828865,-16.207254],[33.829146,-16.207253],[33.829148,-16.207795],[33.82971,-16.207793],[33.829713,-16.208606],[33.830274,-16.208604],[33.830273,-16.208333],[33.832238,-16.208325],[33.832237,-16.208054],[33.833359,-16.20805],[33.833358,-16.207779],[33.833639,-16.207777],[33.833618,-16.202896],[33.833899,-16.202895],[33.833877,-16.197743],[33.834158,-16.197742],[33.834137,-16.19286],[33.834418,-16.192859],[33.834386,-16.185266],[33.833825,-16.185269],[33.833826,-16.18554],[33.832984,-16.185543],[33.832701,-16.185002],[33.832421,-16.185003],[33.832422,-16.185274],[33.83158,-16.185277],[33.831584,-16.186362],[33.831304,-16.186363],[33.831306,-16.186905],[33.829622,-16.186912],[33.829626,-16.187726],[33.828503,-16.18773],[33.828499,-16.186645],[33.829341,-16.186642],[33.829337,-16.185828],[33.828495,-16.185832],[33.828491,-16.184747],[33.82821,-16.184748],[33.828208,-16.184206],[33.827927,-16.184207],[33.827924,-16.183393],[33.827363,-16.183395],[33.82736,-16.182853],[33.826237,-16.182586],[33.826233,-16.181773],[33.825671,-16.181504],[33.825669,-16.180961],[33.825107,-16.180964],[33.825104,-16.18015],[33.824543,-16.180152],[33.824539,-16.179339],[33.824259,-16.17934],[33.824258,-16.179069],[33.823696,-16.179071],[33.823693,-16.178257],[33.823974,-16.178256],[33.823973,-16.177985],[33.824253,-16.177984],[33.824252,-16.177713],[33.824812,-16.177439],[33.82481,-16.176897],[33.825091,-16.176896],[33.825369,-16.176352],[33.82593,-16.17635],[33.825928,-16.175808],[33.826209,-16.175807],[33.825923,-16.174723],[33.825361,-16.174454],[33.825354,-16.172827],[33.824232,-16.172831],[33.824231,-16.17256],[33.82395,-16.172561],[33.823667,-16.17202],[33.823106,-16.172022],[33.822821,-16.170939],[33.821979,-16.170942],[33.821974,-16.169586],[33.822815,-16.169583],[33.822814,-16.169312],[33.822534,-16.169313],[33.822532,-16.169041],[33.822252,-16.169043],[33.822251,-16.168771],[33.82197,-16.168772],[33.821969,-16.168501],[33.821688,-16.168502],[33.821687,-16.168231],[33.821407,-16.168232],[33.821406,-16.167961],[33.821125,-16.167962],[33.821124,-16.167691],[33.820843,-16.167692],[33.820842,-16.167421],[33.820562,-16.167422],[33.820279,-16.166881],[33.819718,-16.166883],[33.819716,-16.166612],[33.818875,-16.166615],[33.818871,-16.165801],[33.819152,-16.1658],[33.81915,-16.165258],[33.818869,-16.165259],[33.818868,-16.164988],[33.818587,-16.164989],[33.818586,-16.164718],[33.818024,-16.164449],[33.818022,-16.163906],[33.81746,-16.163908],[33.817455,-16.162553],[33.818016,-16.16255],[33.818014,-16.162008],[33.818294,-16.162007],[33.818293,-16.161736],[33.818853,-16.161462],[33.81885,-16.160649],[33.818569,-16.16065],[33.818287,-16.160109],[33.817164,-16.160113],[33.817168,-16.160927],[33.815484,-16.160933],[33.815483,-16.160662],[33.814922,-16.160664],[33.814921,-16.160393],[33.81464,-16.160394],[33.814639,-16.160123],[33.814078,-16.160125],[33.814077,-16.159854],[33.812954,-16.159858],[33.812952,-16.159316],[33.811268,-16.159322],[33.811267,-16.159051],[33.810706,-16.159053],[33.810705,-16.158782],[33.810143,-16.158513],[33.810141,-16.15797],[33.809579,-16.157972],[33.809577,-16.15743],[33.809297,-16.157431],[33.809296,-16.15716],[33.808734,-16.157162],[33.808733,-16.156891],[33.808172,-16.156893],[33.808171,-16.156622],[33.807048,-16.156355],[33.807046,-16.156084],[33.806766,-16.156085],[33.806765,-16.155814],[33.806484,-16.155815],[33.806483,-16.155544],[33.806202,-16.155545],[33.806201,-16.155273],[33.805921,-16.155275],[33.80592,-16.155003],[33.805639,-16.155004],[33.805638,-16.154733],[33.805076,-16.154464],[33.805074,-16.153922],[33.804793,-16.153923],[33.804792,-16.153652],[33.804231,-16.153654],[33.80423,-16.153383],[33.803668,-16.153385],[33.803386,-16.152843],[33.799177,-16.152859],[33.799178,-16.15313],[33.798617,-16.153133],[33.798618,-16.153404],[33.798337,-16.153405],[33.798341,-16.154218],[33.79806,-16.154219],[33.798061,-16.154491],[33.797781,-16.154492],[33.797783,-16.155034],[33.797502,-16.155035],[33.797503,-16.155306],[33.797784,-16.155305],[33.797787,-16.156119],[33.797506,-16.15612],[33.797512,-16.157476],[33.797792,-16.157475],[33.797795,-16.158017],[33.798075,-16.158016],[33.798076,-16.158287],[33.798638,-16.158285],[33.798639,-16.158556],[33.798919,-16.158555],[33.798921,-16.159097],[33.799202,-16.159096],[33.799207,-16.160452],[33.798366,-16.160455],[33.798367,-16.160727],[33.798086,-16.160728],[33.798088,-16.16127],[33.798649,-16.161268],[33.798934,-16.162352],[33.799496,-16.16235],[33.799499,-16.163163],[33.798657,-16.163166],[33.79866,-16.16398],[33.798099,-16.163982],[33.7981,-16.164253],[33.796697,-16.164258],[33.796696,-16.163987],[33.796416,-16.163988],[33.796413,-16.163446],[33.796133,-16.163447],[33.796131,-16.162905],[33.79585,-16.162906],[33.795848,-16.162363],[33.795286,-16.162094],[33.795279,-16.160467],[33.794999,-16.160468],[33.794993,-16.159112],[33.794713,-16.159113],[33.794709,-16.1583],[33.794429,-16.158301],[33.794424,-16.157216],[33.794144,-16.157217],[33.79414,-16.156403],[33.79386,-16.156405],[33.793854,-16.155049],[33.793574,-16.15505],[33.79357,-16.153965],[33.793289,-16.153966],[33.793284,-16.15261],[33.793003,-16.152611],[33.792999,-16.151526],[33.792718,-16.151527],[33.792726,-16.153426],[33.791603,-16.15343],[33.791604,-16.153701],[33.790201,-16.153706],[33.7902,-16.153435],[33.789639,-16.153437],[33.789635,-16.152352],[33.789074,-16.152355],[33.789071,-16.151541],[33.78879,-16.151542],[33.788789,-16.151271],[33.788508,-16.151272],[33.788506,-16.15073],[33.787944,-16.15046],[33.78794,-16.149376],[33.789062,-16.149372],[33.789063,-16.149643],[33.789344,-16.149642],[33.789345,-16.149913],[33.789907,-16.150182],[33.789906,-16.149911],[33.791028,-16.149907],[33.791025,-16.149093],[33.792147,-16.149089],[33.792141,-16.147462],[33.79186,-16.147463],[33.791852,-16.145293],[33.791571,-16.145294],[33.791568,-16.144481],[33.791287,-16.144482],[33.791282,-16.143126],[33.791562,-16.143125],[33.791561,-16.142854],[33.791281,-16.142855],[33.791275,-16.141499],[33.791556,-16.141498],[33.791549,-16.139871],[33.791269,-16.139872],[33.791271,-16.140414],[33.79099,-16.140415],[33.790997,-16.142042],[33.789594,-16.142047],[33.789592,-16.141505],[33.789311,-16.141506],[33.789306,-16.14015],[33.789025,-16.140151],[33.788741,-16.139068],[33.78846,-16.139069],[33.788459,-16.138797],[33.787898,-16.1388],[33.787896,-16.138257],[33.787615,-16.138258],[33.787614,-16.137987],[33.787333,-16.137988],[33.787051,-16.137447],[33.78649,-16.137449],[33.786489,-16.137178],[33.786208,-16.137179],[33.786205,-16.136365],[33.785924,-16.136366],[33.785925,-16.136637],[33.785084,-16.13664],[33.785085,-16.136912],[33.784524,-16.136914],[33.784525,-16.137185],[33.784244,-16.137186],[33.784245,-16.137457],[33.783685,-16.13773],[33.783686,-16.138001],[33.784247,-16.137999],[33.784255,-16.139898],[33.783974,-16.139899],[33.783975,-16.14017],[33.783695,-16.140171],[33.783416,-16.140714],[33.782855,-16.140716],[33.782856,-16.140988],[33.782014,-16.140991],[33.782011,-16.140177],[33.781731,-16.140178],[33.781732,-16.140449],[33.781451,-16.14045],[33.781453,-16.140993],[33.781173,-16.140994],[33.781175,-16.141536],[33.780614,-16.141538],[33.780615,-16.141809],[33.779773,-16.141812],[33.779772,-16.141541],[33.77809,-16.141819],[33.778094,-16.142903],[33.777252,-16.142906],[33.777251,-16.142635],[33.776971,-16.142636],[33.776964,-16.141009],[33.776123,-16.141012],[33.776121,-16.140741],[33.77556,-16.140743],[33.775556,-16.139658],[33.775837,-16.139657],[33.775836,-16.139386],[33.776397,-16.139384],[33.776396,-16.139113],[33.777237,-16.13911],[33.777238,-16.139381],[33.777519,-16.13938],[33.777517,-16.138838],[33.778078,-16.138836],[33.778077,-16.138564],[33.778919,-16.138561],[33.778918,-16.13829],[33.779759,-16.138287],[33.779758,-16.138016],[33.780881,-16.138012],[33.781159,-16.137468],[33.782001,-16.137465],[33.781997,-16.136652],[33.782278,-16.136651],[33.782277,-16.13638],[33.781716,-16.136382],[33.781717,-16.136653],[33.780875,-16.136656],[33.780874,-16.136385],[33.780313,-16.136387],[33.780317,-16.137471],[33.780037,-16.137472],[33.780038,-16.137744],[33.779196,-16.137747],[33.779197,-16.138018],[33.778355,-16.138021],[33.778356,-16.138292],[33.777515,-16.138295],[33.777512,-16.137482],[33.777231,-16.137483],[33.77723,-16.137212],[33.776388,-16.137215],[33.776389,-16.137486],[33.775828,-16.137488],[33.77555,-16.138031],[33.774989,-16.138033],[33.77499,-16.138304],[33.774429,-16.138306],[33.77415,-16.13885],[33.773589,-16.138852],[33.77359,-16.139123],[33.773029,-16.139125],[33.77275,-16.139669],[33.772189,-16.139671],[33.771911,-16.140214],[33.767422,-16.14023],[33.767424,-16.140773],[33.767704,-16.140772],[33.767706,-16.141043],[33.767986,-16.141042],[33.768269,-16.141583],[33.76883,-16.141581],[33.769113,-16.142122],[33.769954,-16.142119],[33.769957,-16.142933],[33.770238,-16.142932],[33.770237,-16.142661],[33.771359,-16.142657],[33.771357,-16.142114],[33.771638,-16.142113],[33.771637,-16.141842],[33.771917,-16.141841],[33.772196,-16.141298],[33.772757,-16.141296],[33.772756,-16.141024],[33.773317,-16.141022],[33.773316,-16.140751],[33.774438,-16.140747],[33.774443,-16.142103],[33.773883,-16.142376],[33.773885,-16.142919],[33.772483,-16.142924],[33.772204,-16.143467],[33.771643,-16.143469],[33.771645,-16.144012],[33.771926,-16.144011],[33.771929,-16.144824],[33.771369,-16.145097],[33.771371,-16.14564],[33.770529,-16.145643],[33.770528,-16.145372],[33.769686,-16.145375],[33.769685,-16.145103],[33.768282,-16.145108],[33.768285,-16.145922],[33.767444,-16.145925],[33.767442,-16.145383],[33.7666,-16.145386],[33.766599,-16.145114],[33.765196,-16.14512],[33.765189,-16.143221],[33.764347,-16.143224],[33.764348,-16.143495],[33.763226,-16.143499],[33.763224,-16.142957],[33.762101,-16.142961],[33.762102,-16.143232],[33.759857,-16.142969],[33.759858,-16.14324],[33.760419,-16.143238],[33.760422,-16.144052],[33.75958,-16.144055],[33.759578,-16.143512],[33.759017,-16.143514],[33.759013,-16.14243],[33.75761,-16.142435],[33.757608,-16.141892],[33.756205,-16.141897],[33.756206,-16.142169],[33.756767,-16.142167],[33.756771,-16.14298],[33.755929,-16.142983],[33.755927,-16.142441],[33.754804,-16.142445],[33.754801,-16.141631],[33.755363,-16.141629],[33.755362,-16.141358],[33.755642,-16.141357],[33.755641,-16.141086],[33.755922,-16.141085],[33.7562,-16.140541],[33.757042,-16.140538],[33.757041,-16.140267],[33.756479,-16.139998],[33.756475,-16.138913],[33.755072,-16.138918],[33.755071,-16.138647],[33.751984,-16.138658],[33.751985,-16.138929],[33.751424,-16.138931],[33.751425,-16.139202],[33.750023,-16.139207],[33.750024,-16.139478],[33.749182,-16.139481],[33.749181,-16.13921],[33.747217,-16.139217],[33.747218,-16.139488],[33.746376,-16.139491],[33.746377,-16.139762],[33.745816,-16.139764],[33.745817,-16.140036],[33.745536,-16.140037],[33.745538,-16.140308],[33.744977,-16.140581],[33.744979,-16.141123],[33.744699,-16.141124],[33.744705,-16.142751],[33.744424,-16.142752],[33.744434,-16.145464],[33.744997,-16.145733],[33.745,-16.146547],[33.744719,-16.146548],[33.74472,-16.146819],[33.745001,-16.146818],[33.745005,-16.147903],[33.744724,-16.147904],[33.744725,-16.148175],[33.745567,-16.148172],[33.745568,-16.148443],[33.74613,-16.148713],[33.746133,-16.149526],[33.745853,-16.149527],[33.745854,-16.149798],[33.746415,-16.149796],[33.746416,-16.150068],[33.746696,-16.150067],[33.746699,-16.15088],[33.748664,-16.150873],[33.748665,-16.151144],[33.749226,-16.151142],[33.749228,-16.151685],[33.749508,-16.151684],[33.749511,-16.152497],[33.748389,-16.152501],[33.748388,-16.15223],[33.747546,-16.152233],[33.747545,-16.151962],[33.746423,-16.151966],[33.746424,-16.152237],[33.745582,-16.15224],[33.745581,-16.151969],[33.745301,-16.15197],[33.745299,-16.151427],[33.744736,-16.151158],[33.744734,-16.150616],[33.744173,-16.150618],[33.744167,-16.148991],[33.743606,-16.148993],[33.743602,-16.147908],[33.743882,-16.147907],[33.743881,-16.147636],[33.743601,-16.147637],[33.743314,-16.146011],[33.742753,-16.146012],[33.74275,-16.145199],[33.742189,-16.145201],[33.742182,-16.143303],[33.741621,-16.143305],[33.741619,-16.142762],[33.741057,-16.142764],[33.741055,-16.142222],[33.740494,-16.142224],[33.740491,-16.14141],[33.740211,-16.141411],[33.740209,-16.140869],[33.739647,-16.140599],[33.739645,-16.140057],[33.739083,-16.140059],[33.739082,-16.139788],[33.738802,-16.139789],[33.7388,-16.139246],[33.738519,-16.139247],[33.738518,-16.138976],[33.738238,-16.138977],[33.738237,-16.138706],[33.737675,-16.138437],[33.737673,-16.137894],[33.737111,-16.137896],[33.737109,-16.137354],[33.736548,-16.137356],[33.736546,-16.136814],[33.736266,-16.136815],[33.736262,-16.13573],[33.735981,-16.135731],[33.735973,-16.133561],[33.736254,-16.13356],[33.736253,-16.133289],[33.735972,-16.13329],[33.735971,-16.133019],[33.735691,-16.13302],[33.735689,-16.132477],[33.735408,-16.132478],[33.735404,-16.131394],[33.733721,-16.1314],[33.73372,-16.131128],[33.732597,-16.131132],[33.732596,-16.130861],[33.732316,-16.130862],[33.732314,-16.13032],[33.732033,-16.130321],[33.732031,-16.129778],[33.73147,-16.12978],[33.731188,-16.129239],[33.730064,-16.128971],[33.729782,-16.12843],[33.729221,-16.128432],[33.72922,-16.128161],[33.728659,-16.128163],[33.728658,-16.127891],[33.726974,-16.127897],[33.726975,-16.128168],[33.726414,-16.12817],[33.726136,-16.128714],[33.725294,-16.128716],[33.725295,-16.128988],[33.723331,-16.128994],[33.723328,-16.128181],[33.72417,-16.128178],[33.724166,-16.127093],[33.725008,-16.12709],[33.725009,-16.127361],[33.726131,-16.127358],[33.72613,-16.127086],[33.72641,-16.127085],[33.726409,-16.126814],[33.726969,-16.126541],[33.726968,-16.12627],[33.726688,-16.126271],[33.726686,-16.125729],[33.726405,-16.12573],[33.726402,-16.124916],[33.727244,-16.124913],[33.727246,-16.125455],[33.728088,-16.125453],[33.728089,-16.125724],[33.728369,-16.125723],[33.728371,-16.126265],[33.728932,-16.126263],[33.728933,-16.126534],[33.729494,-16.126533],[33.729495,-16.126804],[33.729776,-16.126803],[33.729775,-16.126532],[33.730056,-16.126531],[33.730053,-16.125717],[33.730333,-16.125716],[33.730332,-16.125445],[33.730893,-16.125443],[33.73089,-16.124629],[33.732573,-16.124353],[33.732851,-16.123809],[33.733973,-16.123805],[33.733975,-16.124348],[33.734536,-16.124346],[33.734539,-16.125159],[33.734259,-16.12516],[33.73426,-16.125431],[33.733418,-16.125434],[33.73342,-16.125977],[33.732298,-16.125981],[33.732015,-16.125439],[33.731454,-16.125441],[33.731458,-16.126526],[33.730897,-16.126528],[33.7309,-16.127341],[33.73062,-16.127342],[33.730341,-16.127886],[33.731463,-16.127882],[33.731466,-16.128695],[33.732308,-16.128692],[33.732309,-16.128964],[33.73287,-16.128962],[33.732869,-16.128691],[33.733711,-16.128688],[33.733714,-16.129501],[33.733153,-16.129503],[33.733154,-16.129774],[33.734556,-16.129769],[33.734558,-16.130312],[33.736522,-16.130305],[33.736801,-16.129762],[33.739045,-16.129754],[33.739048,-16.130568],[33.739329,-16.130567],[33.739333,-16.131651],[33.740174,-16.131648],[33.740175,-16.13192],[33.740738,-16.132189],[33.74074,-16.132731],[33.741581,-16.132728],[33.741587,-16.134355],[33.742148,-16.134353],[33.742153,-16.135438],[33.742433,-16.135437],[33.742716,-16.135979],[33.742996,-16.135978],[33.742995,-16.135706],[33.743837,-16.135704],[33.744115,-16.13516],[33.745238,-16.135156],[33.745239,-16.135427],[33.745519,-16.135426],[33.745516,-16.134613],[33.745236,-16.134614],[33.745234,-16.134071],[33.744953,-16.134072],[33.744951,-16.13353],[33.74467,-16.133531],[33.744386,-16.132447],[33.743824,-16.132178],[33.743821,-16.131365],[33.74354,-16.131366],[33.743537,-16.130552],[33.743257,-16.130553],[33.743255,-16.130011],[33.742693,-16.130013],[33.742691,-16.12947],[33.740728,-16.129477],[33.740726,-16.128935],[33.739603,-16.128938],[33.7396,-16.128125],[33.740722,-16.128121],[33.740719,-16.127307],[33.741561,-16.127305],[33.741566,-16.12866],[33.742127,-16.128659],[33.742126,-16.128387],[33.741846,-16.128388],[33.741841,-16.127032],[33.74156,-16.127033],[33.741276,-16.12595],[33.740434,-16.125953],[33.740433,-16.125681],[33.73875,-16.125687],[33.738467,-16.125146],[33.737345,-16.12515],[33.737343,-16.124607],[33.736782,-16.124609],[33.736499,-16.124068],[33.735938,-16.12407],[33.735656,-16.123528],[33.735094,-16.12353],[33.735093,-16.123259],[33.734813,-16.12326],[33.734812,-16.122989],[33.734251,-16.122991],[33.733968,-16.122449],[33.731163,-16.122459],[33.731164,-16.12273],[33.730322,-16.122733],[33.730321,-16.122462],[33.723308,-16.122486]],[[33.726957,-16.123016],[33.727798,-16.123013],[33.727803,-16.124369],[33.726962,-16.124372],[33.726957,-16.123016]],[[33.723315,-16.124655],[33.724438,-16.124651],[33.724441,-16.125465],[33.723318,-16.125469],[33.723315,-16.124655]],[[33.734262,-16.125974],[33.735103,-16.125971],[33.735386,-16.126512],[33.735947,-16.12651],[33.735951,-16.127595],[33.735671,-16.127596],[33.735672,-16.127867],[33.73483,-16.12787],[33.734827,-16.127057],[33.734546,-16.127058],[33.734545,-16.126786],[33.734265,-16.126787],[33.734269,-16.127872],[33.732866,-16.127877],[33.732862,-16.126792],[33.733143,-16.126791],[33.733142,-16.12652],[33.734264,-16.126516],[33.734262,-16.125974]],[[33.740154,-16.126225],[33.740996,-16.126222],[33.740999,-16.127035],[33.740157,-16.127038],[33.740154,-16.126225]],[[33.73623,-16.127052],[33.737352,-16.127048],[33.737354,-16.12759],[33.737915,-16.127588],[33.737916,-16.12786],[33.738758,-16.127857],[33.73876,-16.128399],[33.73904,-16.128398],[33.739044,-16.129483],[33.737361,-16.129489],[33.73736,-16.129217],[33.736799,-16.129219],[33.736796,-16.128406],[33.737076,-16.128405],[33.737075,-16.128134],[33.736234,-16.128137],[33.73623,-16.127052]],[[33.742417,-16.131098],[33.743259,-16.131095],[33.743263,-16.13218],[33.742421,-16.132183],[33.742417,-16.131098]],[[33.733728,-16.133298],[33.734569,-16.133295],[33.734573,-16.13438],[33.733732,-16.134383],[33.733728,-16.133298]],[[33.743268,-16.133536],[33.744109,-16.133533],[33.744112,-16.134347],[33.743271,-16.13435],[33.743268,-16.133536]],[[33.732059,-16.137371],[33.732901,-16.137369],[33.732904,-16.138182],[33.732062,-16.138185],[33.732059,-16.137371]],[[33.735434,-16.139529],[33.736837,-16.139524],[33.736838,-16.139796],[33.737118,-16.139795],[33.737119,-16.140066],[33.737682,-16.140335],[33.737684,-16.140877],[33.738246,-16.141147],[33.73825,-16.142231],[33.73853,-16.14223],[33.738532,-16.142773],[33.738813,-16.142772],[33.738814,-16.143043],[33.739094,-16.143042],[33.739097,-16.143584],[33.739377,-16.143584],[33.73938,-16.144397],[33.738538,-16.1444],[33.738537,-16.144129],[33.738257,-16.14413],[33.738256,-16.143859],[33.737975,-16.14386],[33.737974,-16.143588],[33.737694,-16.143589],[33.737693,-16.143318],[33.737412,-16.143319],[33.737411,-16.143048],[33.73713,-16.143049],[33.737129,-16.142778],[33.736849,-16.142779],[33.736848,-16.142508],[33.736567,-16.142508],[33.736566,-16.142237],[33.736286,-16.142238],[33.736003,-16.141697],[33.735442,-16.141699],[33.73544,-16.141156],[33.735159,-16.141157],[33.735154,-16.139801],[33.735435,-16.1398],[33.735434,-16.139529]],[[33.775009,-16.143186],[33.77585,-16.143183],[33.775851,-16.143454],[33.776132,-16.143453],[33.776134,-16.143995],[33.776415,-16.143994],[33.776419,-16.145079],[33.775297,-16.145083],[33.775018,-16.145626],[33.773896,-16.14563],[33.773887,-16.143461],[33.77501,-16.143457],[33.775009,-16.143186]],[[33.790171,-16.146113],[33.791574,-16.146108],[33.791581,-16.147735],[33.790178,-16.14774],[33.790177,-16.147469],[33.789896,-16.14747],[33.789892,-16.146385],[33.790172,-16.146384],[33.790171,-16.146113]],[[33.735466,-16.148207],[33.736308,-16.148204],[33.73631,-16.148747],[33.737152,-16.148744],[33.737153,-16.149015],[33.737433,-16.149014],[33.737436,-16.149828],[33.736314,-16.149831],[33.736313,-16.14956],[33.735752,-16.149562],[33.73575,-16.14902],[33.735469,-16.149021],[33.735466,-16.148207]],[[33.787374,-16.148293],[33.788216,-16.14829],[33.788219,-16.149103],[33.787658,-16.149106],[33.78766,-16.149648],[33.786538,-16.149652],[33.786535,-16.148838],[33.786815,-16.148837],[33.786814,-16.148566],[33.787375,-16.148564],[33.787374,-16.148293]],[[33.776154,-16.149148],[33.776996,-16.149145],[33.776999,-16.149958],[33.776157,-16.149961],[33.776154,-16.149148]],[[33.737719,-16.150369],[33.738561,-16.150366],[33.738564,-16.15118],[33.737722,-16.151183],[33.737719,-16.150369]],[[33.76438,-16.151902],[33.765222,-16.151899],[33.765228,-16.153526],[33.765509,-16.153525],[33.765508,-16.153254],[33.766069,-16.153252],[33.766066,-16.152438],[33.766347,-16.152437],[33.766344,-16.151895],[33.767747,-16.15189],[33.767748,-16.152161],[33.768029,-16.15216],[33.768031,-16.152703],[33.768312,-16.152702],[33.768313,-16.152973],[33.768593,-16.152972],[33.768595,-16.153514],[33.768876,-16.153513],[33.768879,-16.154327],[33.767757,-16.154331],[33.767758,-16.154602],[33.767477,-16.154603],[33.767479,-16.155145],[33.766918,-16.155147],[33.76664,-16.155691],[33.765798,-16.155694],[33.765513,-16.15461],[33.764952,-16.154612],[33.764951,-16.154341],[33.76467,-16.154342],[33.764672,-16.154884],[33.764392,-16.154885],[33.764393,-16.155156],[33.764673,-16.155155],[33.764677,-16.155969],[33.764396,-16.15597],[33.7644,-16.157055],[33.764681,-16.157054],[33.764682,-16.157325],[33.765524,-16.157322],[33.765802,-16.156778],[33.766644,-16.156775],[33.766643,-16.156504],[33.766923,-16.156503],[33.767202,-16.15596],[33.768605,-16.155955],[33.768606,-16.156226],[33.769448,-16.156223],[33.76945,-16.156765],[33.76973,-16.156764],[33.770013,-16.157306],[33.770574,-16.157304],[33.770575,-16.157575],[33.770856,-16.157574],[33.770861,-16.15893],[33.77058,-16.158931],[33.770582,-16.159202],[33.771423,-16.159199],[33.771422,-16.158928],[33.771983,-16.158926],[33.771979,-16.157841],[33.773382,-16.157836],[33.773384,-16.158378],[33.773665,-16.158377],[33.773668,-16.159191],[33.773949,-16.15919],[33.773951,-16.159732],[33.776757,-16.159722],[33.776756,-16.159451],[33.777878,-16.159447],[33.77787,-16.157277],[33.778431,-16.157275],[33.778429,-16.156733],[33.77927,-16.15673],[33.779271,-16.157001],[33.779834,-16.15727],[33.779837,-16.158083],[33.780117,-16.158082],[33.78012,-16.158625],[33.7804,-16.158624],[33.780404,-16.159708],[33.780685,-16.159707],[33.78069,-16.161063],[33.781532,-16.16106],[33.781534,-16.161603],[33.781815,-16.161602],[33.781818,-16.162415],[33.780134,-16.162421],[33.780136,-16.162693],[33.778733,-16.162698],[33.778731,-16.162426],[33.778451,-16.162428],[33.778453,-16.16297],[33.776208,-16.162978],[33.776205,-16.162165],[33.776766,-16.162162],[33.776765,-16.161891],[33.775362,-16.161896],[33.775365,-16.16271],[33.774524,-16.162713],[33.774525,-16.162984],[33.773683,-16.162987],[33.773681,-16.162445],[33.771997,-16.162451],[33.771998,-16.162722],[33.770595,-16.162727],[33.770596,-16.162998],[33.770035,-16.163],[33.770036,-16.163272],[33.76723,-16.163282],[33.766952,-16.163825],[33.764987,-16.163832],[33.764988,-16.164103],[33.762744,-16.164111],[33.762743,-16.16384],[33.761901,-16.163843],[33.761902,-16.164114],[33.762182,-16.164113],[33.762183,-16.164385],[33.762464,-16.164384],[33.762747,-16.164925],[33.763589,-16.164922],[33.763587,-16.164651],[33.76471,-16.164647],[33.764711,-16.164918],[33.765272,-16.164916],[33.765271,-16.164645],[33.765832,-16.164643],[33.765831,-16.164372],[33.766673,-16.164369],[33.766676,-16.165182],[33.766957,-16.165181],[33.766955,-16.164639],[33.767235,-16.164638],[33.767514,-16.164094],[33.768356,-16.164091],[33.768355,-16.16382],[33.771161,-16.16381],[33.771164,-16.164624],[33.770883,-16.164625],[33.770884,-16.164896],[33.770323,-16.164898],[33.770324,-16.165169],[33.769763,-16.165171],[33.769764,-16.165442],[33.769203,-16.165444],[33.769204,-16.165715],[33.768643,-16.165717],[33.768644,-16.165989],[33.767802,-16.165992],[33.767804,-16.166534],[33.766681,-16.166538],[33.76668,-16.166267],[33.7664,-16.166268],[33.766403,-16.167081],[33.765842,-16.167083],[33.765563,-16.167627],[33.764721,-16.16763],[33.764722,-16.167901],[33.764161,-16.167903],[33.763883,-16.168446],[33.763321,-16.168448],[33.763323,-16.16872],[33.763603,-16.168719],[33.763607,-16.169803],[33.763327,-16.169804],[33.763328,-16.170076],[33.763889,-16.170073],[33.763892,-16.170887],[33.76277,-16.170891],[33.762771,-16.171162],[33.761929,-16.171165],[33.761926,-16.170352],[33.762206,-16.170351],[33.762204,-16.169808],[33.760801,-16.169813],[33.760523,-16.170357],[33.759681,-16.17036],[33.75968,-16.170089],[33.758838,-16.170092],[33.758839,-16.170363],[33.758558,-16.170364],[33.75856,-16.170906],[33.758841,-16.170905],[33.758842,-16.171176],[33.759403,-16.171174],[33.759682,-16.170631],[33.760804,-16.170627],[33.760807,-16.17144],[33.760527,-16.171441],[33.760529,-16.171984],[33.760809,-16.171983],[33.760811,-16.172254],[33.761091,-16.172253],[33.76109,-16.171982],[33.761932,-16.171979],[33.762215,-16.17252],[33.763056,-16.172517],[33.763054,-16.171975],[33.763616,-16.171973],[33.763615,-16.171702],[33.764456,-16.171699],[33.764457,-16.17197],[33.764738,-16.171969],[33.76474,-16.172511],[33.765021,-16.17251],[33.765024,-16.173324],[33.765305,-16.173323],[33.765307,-16.173865],[33.766429,-16.173861],[33.766433,-16.174946],[33.765591,-16.174949],[33.765592,-16.17522],[33.765312,-16.175221],[33.765317,-16.176577],[33.765036,-16.176578],[33.764758,-16.177121],[33.763916,-16.177124],[33.763917,-16.177395],[33.763356,-16.177397],[33.763357,-16.177669],[33.76448,-16.177936],[33.764763,-16.178477],[33.765605,-16.178474],[33.765604,-16.178203],[33.766726,-16.178199],[33.766723,-16.177385],[33.767565,-16.177382],[33.767566,-16.177654],[33.767847,-16.177653],[33.767849,-16.178195],[33.76841,-16.178193],[33.768407,-16.177379],[33.768688,-16.177378],[33.768683,-16.176294],[33.769806,-16.176289],[33.769807,-16.176561],[33.770368,-16.176559],[33.770371,-16.177372],[33.770652,-16.177371],[33.770651,-16.1771],[33.772896,-16.177092],[33.773174,-16.176548],[33.774577,-16.176543],[33.774578,-16.176815],[33.774859,-16.176814],[33.774861,-16.177356],[33.775142,-16.177355],[33.775144,-16.177897],[33.775425,-16.177896],[33.775422,-16.177354],[33.776545,-16.17735],[33.776544,-16.177079],[33.776824,-16.177078],[33.776822,-16.176535],[33.777384,-16.176533],[33.777383,-16.176262],[33.777943,-16.175989],[33.777938,-16.174904],[33.778499,-16.174631],[33.778495,-16.173817],[33.779337,-16.173814],[33.779336,-16.173543],[33.779617,-16.173542],[33.779613,-16.172457],[33.781577,-16.17245],[33.781578,-16.172721],[33.782981,-16.172716],[33.782983,-16.173258],[33.783264,-16.173257],[33.783265,-16.173529],[33.784107,-16.173525],[33.784109,-16.174068],[33.785231,-16.174064],[33.78523,-16.173792],[33.786072,-16.173789],[33.786077,-16.175145],[33.785797,-16.175146],[33.785798,-16.175417],[33.785238,-16.175691],[33.78524,-16.176233],[33.784959,-16.176234],[33.78496,-16.176505],[33.784399,-16.176507],[33.7844,-16.176779],[33.78384,-16.177052],[33.783843,-16.177865],[33.783563,-16.177866],[33.783564,-16.178138],[33.783283,-16.178139],[33.783284,-16.17841],[33.783003,-16.178411],[33.783005,-16.178682],[33.782444,-16.178955],[33.782446,-16.179498],[33.782166,-16.179499],[33.782167,-16.17977],[33.781886,-16.179771],[33.781887,-16.180042],[33.781607,-16.180043],[33.781608,-16.180314],[33.781327,-16.180315],[33.781049,-16.180859],[33.779646,-16.180864],[33.779647,-16.181135],[33.779366,-16.181136],[33.779371,-16.182492],[33.779091,-16.182493],[33.779092,-16.182764],[33.777689,-16.182769],[33.77769,-16.18304],[33.776568,-16.183316],[33.77657,-16.183858],[33.775728,-16.183861],[33.77573,-16.184132],[33.775168,-16.184134],[33.775169,-16.184406],[33.774608,-16.184408],[33.774609,-16.184679],[33.774048,-16.184681],[33.774049,-16.184952],[33.773207,-16.184955],[33.773206,-16.184684],[33.772645,-16.184686],[33.772648,-16.1855],[33.772087,-16.185502],[33.772088,-16.185773],[33.770965,-16.185777],[33.770964,-16.185506],[33.769,-16.185513],[33.768999,-16.185242],[33.768157,-16.185245],[33.768156,-16.184973],[33.767594,-16.184975],[33.767593,-16.184704],[33.766752,-16.184707],[33.76675,-16.184436],[33.766189,-16.184438],[33.766188,-16.184167],[33.765627,-16.184169],[33.765626,-16.183898],[33.764784,-16.183901],[33.764783,-16.18363],[33.764222,-16.183632],[33.764221,-16.18336],[33.763379,-16.183364],[33.763378,-16.183092],[33.763097,-16.183093],[33.763096,-16.182822],[33.762815,-16.182823],[33.762814,-16.182552],[33.762534,-16.182553],[33.762533,-16.182282],[33.762252,-16.182283],[33.762251,-16.182012],[33.76197,-16.182013],[33.761969,-16.181741],[33.761689,-16.181742],[33.761688,-16.181471],[33.761125,-16.181202],[33.761123,-16.18066],[33.760843,-16.180661],[33.760842,-16.18039],[33.760561,-16.180391],[33.760559,-16.179848],[33.759997,-16.179579],[33.759712,-16.178495],[33.759431,-16.178496],[33.75943,-16.178225],[33.75915,-16.178226],[33.759148,-16.177684],[33.758867,-16.177685],[33.758866,-16.177414],[33.758304,-16.177144],[33.758302,-16.176602],[33.758021,-16.176603],[33.758019,-16.176061],[33.757738,-16.176062],[33.757733,-16.174706],[33.756891,-16.174709],[33.75689,-16.174438],[33.75661,-16.174439],[33.756608,-16.173896],[33.756045,-16.173627],[33.756043,-16.173085],[33.755481,-16.172815],[33.755479,-16.172273],[33.755198,-16.172274],[33.755197,-16.172003],[33.754917,-16.172004],[33.754915,-16.171461],[33.754352,-16.171192],[33.754068,-16.170109],[33.753505,-16.169839],[33.753501,-16.168755],[33.753782,-16.168754],[33.753781,-16.168482],[33.7535,-16.168483],[33.753499,-16.168212],[33.752377,-16.168216],[33.752375,-16.167674],[33.752094,-16.167675],[33.752092,-16.167132],[33.751811,-16.167133],[33.751808,-16.16632],[33.751528,-16.166321],[33.751526,-16.165778],[33.751245,-16.165779],[33.75124,-16.164424],[33.750959,-16.164425],[33.75095,-16.161984],[33.752073,-16.16198],[33.752074,-16.162251],[33.752635,-16.162249],[33.752637,-16.162791],[33.752917,-16.162791],[33.752913,-16.161706],[33.753194,-16.161705],[33.753191,-16.160891],[33.754033,-16.160888],[33.754315,-16.16143],[33.756279,-16.161423],[33.75628,-16.161694],[33.756843,-16.161963],[33.756845,-16.162505],[33.757125,-16.162504],[33.757121,-16.16142],[33.757402,-16.161419],[33.757678,-16.160333],[33.758238,-16.16006],[33.758232,-16.158433],[33.759074,-16.15843],[33.759353,-16.157886],[33.759914,-16.157884],[33.760188,-16.156256],[33.76103,-16.156253],[33.761029,-16.155982],[33.761589,-16.155709],[33.761587,-16.155166],[33.761868,-16.155165],[33.761866,-16.154894],[33.762147,-16.154893],[33.762146,-16.154622],[33.762427,-16.154621],[33.762426,-16.15435],[33.762986,-16.154077],[33.762984,-16.153534],[33.763264,-16.153533],[33.763261,-16.15272],[33.763542,-16.152719],[33.76354,-16.152176],[33.764381,-16.152173],[33.76438,-16.151902]],[[33.770284,-16.154864],[33.771126,-16.154861],[33.771127,-16.155132],[33.771408,-16.155131],[33.771409,-16.155402],[33.771689,-16.155401],[33.77169,-16.155672],[33.772252,-16.155942],[33.772257,-16.157026],[33.771134,-16.15703],[33.771133,-16.156759],[33.770572,-16.156761],[33.770571,-16.15649],[33.77029,-16.156491],[33.770284,-16.154864]],[[33.776458,-16.155113],[33.7773,-16.15511],[33.777303,-16.155923],[33.777022,-16.155924],[33.777024,-16.156195],[33.776182,-16.156198],[33.776179,-16.155385],[33.776459,-16.155384],[33.776458,-16.155113]],[[33.791891,-16.155327],[33.793014,-16.155323],[33.793015,-16.155594],[33.793295,-16.155593],[33.793299,-16.156407],[33.792457,-16.15641],[33.792456,-16.156139],[33.791895,-16.156141],[33.791891,-16.155327]],[[33.784333,-16.159694],[33.785175,-16.159691],[33.785178,-16.160505],[33.784336,-16.160508],[33.784333,-16.159694]],[[33.771439,-16.163267],[33.772281,-16.163264],[33.772284,-16.164077],[33.771442,-16.16408],[33.771439,-16.163267]],[[33.796138,-16.164803],[33.797822,-16.164797],[33.797823,-16.165068],[33.798104,-16.165067],[33.798109,-16.166423],[33.796706,-16.166428],[33.796705,-16.166157],[33.796143,-16.165888],[33.796138,-16.164803]],[[33.78155,-16.16567],[33.782673,-16.165666],[33.782679,-16.167293],[33.781837,-16.167296],[33.781836,-16.167025],[33.781556,-16.167026],[33.78155,-16.16567]],[[33.796991,-16.167511],[33.797833,-16.167508],[33.797834,-16.167779],[33.798114,-16.167778],[33.798116,-16.16805],[33.798678,-16.168319],[33.798963,-16.169402],[33.799525,-16.169671],[33.799528,-16.170485],[33.798406,-16.170489],[33.798403,-16.169676],[33.798122,-16.169677],[33.798121,-16.169406],[33.79784,-16.169407],[33.797839,-16.169135],[33.797277,-16.168866],[33.797275,-16.168324],[33.796994,-16.168325],[33.796991,-16.167511]],[[33.784648,-16.168371],[33.785489,-16.168368],[33.785493,-16.169181],[33.784651,-16.169184],[33.784648,-16.168371]],[[33.776512,-16.168943],[33.777354,-16.16894],[33.777357,-16.169754],[33.776515,-16.169757],[33.776512,-16.168943]],[[33.79419,-16.168878],[33.795313,-16.168874],[33.795316,-16.169687],[33.794194,-16.169691],[33.79419,-16.168878]],[[33.781285,-16.169468],[33.782407,-16.169464],[33.782408,-16.169735],[33.782689,-16.169734],[33.782692,-16.170548],[33.782972,-16.170547],[33.782974,-16.170818],[33.783254,-16.170817],[33.783251,-16.170003],[33.784093,-16.17],[33.783819,-16.171628],[33.781854,-16.171635],[33.781853,-16.171364],[33.781291,-16.171095],[33.781285,-16.169468]],[[33.792229,-16.169699],[33.793913,-16.169692],[33.793914,-16.169964],[33.795036,-16.169959],[33.795038,-16.170231],[33.795599,-16.170229],[33.795882,-16.17077],[33.796723,-16.170767],[33.796724,-16.171038],[33.797005,-16.171037],[33.797008,-16.17185],[33.795605,-16.171856],[33.795322,-16.171314],[33.794481,-16.171317],[33.794484,-16.172131],[33.793642,-16.172134],[33.793639,-16.171321],[33.793358,-16.171322],[33.793356,-16.170779],[33.793075,-16.17078],[33.793074,-16.170509],[33.792233,-16.170512],[33.792229,-16.169699]],[[33.764171,-16.170344],[33.765293,-16.17034],[33.765296,-16.171153],[33.764174,-16.171157],[33.764171,-16.170344]],[[33.818896,-16.171767],[33.82086,-16.17176],[33.821143,-16.172301],[33.821704,-16.172299],[33.821705,-16.17257],[33.821986,-16.172569],[33.821987,-16.17284],[33.822549,-16.173109],[33.822553,-16.173923],[33.822272,-16.173924],[33.821996,-16.17501],[33.821715,-16.175011],[33.821716,-16.175282],[33.821436,-16.175283],[33.821437,-16.175554],[33.821156,-16.175555],[33.821157,-16.175826],[33.820877,-16.175827],[33.820878,-16.176099],[33.820597,-16.1761],[33.820598,-16.176371],[33.820318,-16.176372],[33.820319,-16.176643],[33.820038,-16.176644],[33.82004,-16.176915],[33.819479,-16.177189],[33.819482,-16.177731],[33.818359,-16.177735],[33.81836,-16.178007],[33.818641,-16.178006],[33.818642,-16.178277],[33.818923,-16.178276],[33.818922,-16.178004],[33.819763,-16.178001],[33.819764,-16.178272],[33.820045,-16.178271],[33.820047,-16.178814],[33.820328,-16.178813],[33.820329,-16.179084],[33.82061,-16.179083],[33.820893,-16.179624],[33.821173,-16.179623],[33.821172,-16.179352],[33.822014,-16.179348],[33.822015,-16.17962],[33.822576,-16.179617],[33.822577,-16.179889],[33.82314,-16.180158],[33.823142,-16.1807],[33.823423,-16.180699],[33.823425,-16.181241],[33.823987,-16.18151],[33.823989,-16.182053],[33.82427,-16.182052],[33.824272,-16.182594],[33.824553,-16.182593],[33.824838,-16.183676],[33.8254,-16.183945],[33.825406,-16.185301],[33.824564,-16.185305],[33.824562,-16.184762],[33.824,-16.184493],[33.823997,-16.183951],[33.823717,-16.183952],[33.823714,-16.18341],[33.823434,-16.183411],[33.823151,-16.182869],[33.822309,-16.182873],[33.822308,-16.182602],[33.822027,-16.182603],[33.822026,-16.182331],[33.821465,-16.182334],[33.821464,-16.182062],[33.821183,-16.182063],[33.821182,-16.181792],[33.820902,-16.181793],[33.820619,-16.181252],[33.820057,-16.181254],[33.820056,-16.180983],[33.818933,-16.180716],[33.818932,-16.180445],[33.818651,-16.180446],[33.818649,-16.179904],[33.818368,-16.179905],[33.818366,-16.179362],[33.816963,-16.179368],[33.816962,-16.179097],[33.8164,-16.179099],[33.816399,-16.178828],[33.816119,-16.178829],[33.816118,-16.178558],[33.815555,-16.178289],[33.815553,-16.177746],[33.815272,-16.177747],[33.815271,-16.177476],[33.814709,-16.177207],[33.814706,-16.176394],[33.815547,-16.17639],[33.815546,-16.176119],[33.816106,-16.175846],[33.816104,-16.175303],[33.816385,-16.175302],[33.816383,-16.17476],[33.816102,-16.174761],[33.816099,-16.173948],[33.816379,-16.173946],[33.816378,-16.173675],[33.816939,-16.173673],[33.816938,-16.173402],[33.817499,-16.1734],[33.817498,-16.173129],[33.817779,-16.173128],[33.818057,-16.172584],[33.818619,-16.172582],[33.818616,-16.17204],[33.818897,-16.172038],[33.818896,-16.171767]],[[33.775686,-16.173014],[33.776809,-16.17301],[33.77681,-16.173281],[33.77709,-16.17328],[33.777096,-16.174636],[33.775692,-16.174641],[33.77569,-16.174099],[33.77541,-16.1741],[33.775407,-16.173286],[33.775687,-16.173285],[33.775686,-16.173014]],[[33.797854,-16.172932],[33.799538,-16.172926],[33.799543,-16.17401],[33.797859,-16.174017],[33.797854,-16.172932]],[[33.775415,-16.175456],[33.776818,-16.17545],[33.776821,-16.176264],[33.775418,-16.176269],[33.775415,-16.175456]],[[33.809941,-16.177768],[33.810783,-16.177764],[33.810784,-16.178036],[33.811064,-16.178035],[33.811065,-16.178306],[33.811628,-16.178575],[33.811631,-16.179388],[33.810509,-16.179393],[33.810507,-16.179121],[33.810227,-16.179122],[33.810225,-16.17858],[33.809944,-16.178581],[33.809941,-16.177768]],[[33.809669,-16.179938],[33.810791,-16.179934],[33.810794,-16.180476],[33.811355,-16.180474],[33.811358,-16.181288],[33.810516,-16.181291],[33.810514,-16.180748],[33.809672,-16.180752],[33.809669,-16.179938]],[[33.811091,-16.184543],[33.812494,-16.184538],[33.812495,-16.184809],[33.813337,-16.184805],[33.813338,-16.185077],[33.81418,-16.185073],[33.814181,-16.185345],[33.815305,-16.185611],[33.815306,-16.185883],[33.815868,-16.186152],[33.815871,-16.186965],[33.81503,-16.186968],[33.815031,-16.18724],[33.813908,-16.187244],[33.813907,-16.186973],[33.813065,-16.186976],[33.813066,-16.187247],[33.811663,-16.187253],[33.811662,-16.186981],[33.81082,-16.186985],[33.810819,-16.186713],[33.810538,-16.186714],[33.810533,-16.185359],[33.811093,-16.185085],[33.811091,-16.184543]],[[33.81391,-16.187786],[33.814752,-16.187783],[33.814757,-16.188868],[33.813634,-16.188872],[33.813631,-16.188059],[33.813912,-16.188057],[33.81391,-16.187786]],[[33.814758,-16.189139],[33.8156,-16.189136],[33.815603,-16.189949],[33.814761,-16.189953],[33.814758,-16.189139]],[[33.831039,-16.190161],[33.832723,-16.190154],[33.832724,-16.190425],[33.833285,-16.190423],[33.833292,-16.19205],[33.833011,-16.192051],[33.833014,-16.192594],[33.832172,-16.192597],[33.832168,-16.191783],[33.831327,-16.191787],[33.831325,-16.191516],[33.830764,-16.191518],[33.83076,-16.190433],[33.83104,-16.190432],[33.831039,-16.190161]],[[33.827703,-16.197767],[33.828826,-16.197762],[33.828827,-16.198034],[33.829388,-16.198031],[33.829392,-16.198845],[33.828269,-16.198849],[33.82827,-16.199121],[33.827428,-16.199124],[33.827425,-16.19831],[33.827705,-16.198309],[33.827703,-16.197767]],[[33.812552,-16.198639],[33.813394,-16.198636],[33.813395,-16.198907],[33.813956,-16.198905],[33.813957,-16.199176],[33.814238,-16.199175],[33.814241,-16.199988],[33.814802,-16.199986],[33.814806,-16.2008],[33.813964,-16.200803],[33.81396,-16.199989],[33.813399,-16.199992],[33.813116,-16.19945],[33.812555,-16.199452],[33.812552,-16.198639]],[[33.82659,-16.199941],[33.827432,-16.199937],[33.827436,-16.201022],[33.827155,-16.201023],[33.827158,-16.201566],[33.826316,-16.201569],[33.82659,-16.199941]],[[33.817613,-16.20106],[33.818455,-16.201057],[33.81846,-16.202142],[33.820145,-16.202406],[33.820148,-16.20322],[33.819306,-16.203223],[33.819305,-16.202952],[33.818463,-16.202955],[33.818461,-16.202413],[33.817619,-16.202416],[33.817613,-16.20106]]]}},{"type":"Feature","properties":{"ano":2025,"camada":"industrial","area_km2":0.0009},"geometry":{"type":"Polygon","coordinates":[[[33.821292,-16.208368],[33.821293,-16.208639],[33.821574,-16.208638],[33.821573,-16.208367],[33.821292,-16.208368]]]}},{"type":"Feature","properties":{"ano":2025,"camada":"industrial","area_km2":0.0045},"geometry":{"type":"Polygon","coordinates":[[[33.822975,-16.20809],[33.822981,-16.209446],[33.823261,-16.209445],[33.823256,-16.208089],[33.822975,-16.20809]]]}},{"type":"Feature","properties":{"ano":2025,"camada":"industrial","area_km2":0.0009},"geometry":{"type":"Polygon","coordinates":[[[33.824383,-16.209169],[33.824384,-16.209441],[33.824665,-16.20944],[33.824663,-16.209168],[33.824383,-16.209169]]]}},{"type":"Feature","properties":{"ano":2025,"camada":"industrial","area_km2":0.0027},"geometry":{"type":"Polygon","coordinates":[[[33.671984,-16.21052],[33.671985,-16.210791],[33.671704,-16.210792],[33.671705,-16.211063],[33.672266,-16.211061],[33.672264,-16.210519],[33.671984,-16.21052]]]}},{"type":"Feature","properties":{"ano":2025,"camada":"industrial","area_km2":0.0009},"geometry":{"type":"Polygon","coordinates":[[[33.681542,-16.214828],[33.681543,-16.2151],[33.681823,-16.215099],[33.681822,-16.214828],[33.681542,-16.214828]]]}},{"type":"Feature","properties":{"ano":2025,"camada":"industrial","area_km2":0.0009},"geometry":{"type":"Polygon","coordinates":[[[33.681823,-16.215099],[33.681824,-16.21537],[33.682105,-16.215369],[33.682104,-16.215098],[33.681823,-16.215099]]]}},{"type":"Feature","properties":{"ano":2025,"camada":"industrial","area_km2":0.009},"geometry":{"type":"Polygon","coordinates":[[[33.671721,-16.215673],[33.671722,-16.215944],[33.671441,-16.215945],[33.671444,-16.216759],[33.670882,-16.216761],[33.670883,-16.217032],[33.671725,-16.217029],[33.671724,-16.216758],[33.672005,-16.216757],[33.672001,-16.215672],[33.671721,-16.215673]]]}},{"type":"Feature","properties":{"ano":2025,"camada":"industrial","area_km2":0.0009},"geometry":{"type":"Polygon","coordinates":[[[33.668642,-16.218395],[33.668643,-16.218666],[33.668924,-16.218665],[33.668923,-16.218394],[33.668642,-16.218395]]]}},{"type":"Feature","properties":{"ano":2025,"camada":"industrial","area_km2":0.0027},"geometry":{"type":"Polygon","coordinates":[[[33.668924,-16.218665],[33.668925,-16.218936],[33.669487,-16.219206],[33.669485,-16.218663],[33.668924,-16.218665]]]}},{"type":"Feature","properties":{"ano":2025,"camada":"industrial","area_km2":0.0036},"geometry":{"type":"Polygon","coordinates":[[[33.681,-16.220525],[33.681002,-16.221068],[33.681563,-16.221066],[33.681561,-16.220523],[33.681,-16.220525]]]}},{"type":"Feature","properties":{"ano":2025,"camada":"industrial","area_km2":0.0081},"geometry":{"type":"Polygon","coordinates":[[[33.668373,-16.221921],[33.668374,-16.222192],[33.668094,-16.222193],[33.668096,-16.222736],[33.668938,-16.222733],[33.668936,-16.222191],[33.669216,-16.22219],[33.669216,-16.221919],[33.668373,-16.221921]]]}},{"type":"Feature","properties":{"ano":2025,"camada":"industrial","area_km2":8.3205},"geometry":{"type":"Polygon","coordinates":[[[33.671217,-16.149775],[33.671219,-16.150318],[33.670377,-16.15032],[33.670379,-16.150863],[33.670099,-16.150864],[33.670099,-16.151135],[33.669258,-16.151137],[33.669259,-16.151409],[33.668136,-16.151412],[33.668137,-16.151683],[33.667576,-16.151685],[33.667579,-16.152499],[33.665894,-16.152233],[33.665895,-16.152504],[33.666456,-16.152502],[33.666461,-16.153858],[33.66618,-16.153859],[33.666181,-16.15413],[33.665339,-16.154133],[33.665342,-16.154946],[33.663939,-16.154951],[33.66394,-16.155222],[33.663659,-16.155223],[33.66366,-16.155494],[33.664783,-16.15549],[33.664788,-16.157118],[33.664508,-16.157118],[33.664509,-16.157661],[33.664229,-16.157662],[33.664232,-16.158475],[33.663951,-16.158476],[33.663952,-16.158747],[33.664513,-16.158746],[33.664518,-16.160102],[33.663676,-16.160104],[33.663675,-16.159833],[33.663113,-16.159564],[33.66311,-16.15875],[33.662829,-16.158751],[33.662828,-16.158208],[33.662547,-16.158209],[33.662543,-16.156853],[33.662262,-16.156854],[33.662259,-16.156041],[33.661979,-16.156042],[33.661983,-16.157398],[33.662264,-16.157397],[33.662267,-16.158481],[33.662548,-16.158481],[33.662551,-16.159294],[33.662831,-16.159293],[33.662833,-16.159836],[33.663395,-16.160105],[33.663397,-16.160647],[33.663678,-16.160647],[33.663678,-16.160918],[33.664241,-16.161187],[33.664243,-16.162001],[33.665085,-16.161998],[33.665086,-16.162269],[33.665367,-16.162268],[33.665369,-16.163082],[33.664808,-16.163084],[33.664809,-16.163355],[33.664528,-16.163356],[33.664531,-16.164169],[33.66397,-16.164171],[33.663971,-16.164442],[33.66341,-16.164444],[33.663411,-16.164715],[33.662569,-16.164718],[33.66257,-16.164989],[33.662289,-16.16499],[33.662571,-16.165531],[33.663133,-16.16553],[33.663134,-16.165801],[33.663696,-16.16607],[33.663698,-16.166884],[33.663418,-16.166885],[33.663419,-16.167156],[33.661174,-16.167163],[33.661171,-16.166349],[33.661452,-16.166349],[33.661451,-16.166077],[33.660327,-16.16581],[33.660328,-16.166081],[33.659768,-16.166354],[33.659769,-16.166625],[33.66005,-16.166624],[33.660052,-16.167438],[33.659772,-16.167439],[33.659493,-16.167982],[33.659773,-16.167981],[33.659774,-16.168252],[33.660336,-16.16825],[33.660336,-16.168522],[33.660899,-16.168791],[33.660902,-16.169876],[33.660341,-16.169878],[33.660344,-16.170691],[33.660905,-16.170689],[33.660904,-16.170418],[33.662868,-16.170412],[33.662869,-16.170683],[33.66343,-16.170681],[33.663427,-16.169597],[33.664549,-16.169593],[33.664548,-16.169322],[33.66567,-16.169047],[33.665669,-16.168776],[33.66595,-16.168775],[33.665948,-16.168233],[33.666228,-16.168232],[33.666226,-16.167418],[33.667068,-16.167416],[33.667345,-16.16633],[33.668186,-16.166328],[33.668189,-16.167141],[33.667908,-16.167142],[33.667916,-16.169311],[33.667635,-16.169312],[33.667639,-16.170397],[33.667358,-16.170398],[33.66736,-16.17094],[33.666238,-16.170944],[33.666234,-16.169859],[33.665953,-16.16986],[33.665954,-16.170131],[33.665674,-16.170132],[33.665678,-16.171488],[33.665397,-16.171489],[33.665401,-16.172574],[33.66512,-16.172575],[33.665122,-16.173117],[33.665964,-16.173114],[33.665965,-16.173385],[33.666526,-16.173384],[33.666529,-16.174197],[33.666248,-16.174198],[33.666252,-16.175283],[33.66541,-16.175286],[33.665412,-16.175828],[33.66457,-16.175831],[33.664567,-16.174746],[33.664286,-16.174747],[33.664013,-16.176917],[33.663452,-16.17719],[33.663457,-16.178546],[33.663737,-16.178545],[33.663735,-16.177732],[33.664576,-16.177729],[33.66458,-16.178814],[33.664861,-16.178813],[33.66487,-16.181525],[33.66515,-16.181524],[33.665153,-16.182337],[33.664311,-16.18234],[33.664313,-16.182882],[33.664875,-16.183152],[33.664873,-16.182609],[33.665715,-16.182607],[33.665998,-16.183148],[33.666559,-16.183147],[33.66656,-16.183418],[33.666841,-16.183417],[33.666842,-16.183688],[33.667404,-16.183957],[33.667406,-16.1845],[33.667686,-16.184499],[33.66797,-16.185583],[33.668251,-16.185582],[33.668252,-16.185853],[33.668814,-16.186123],[33.668817,-16.186936],[33.667414,-16.186941],[33.667412,-16.186398],[33.66685,-16.186129],[33.667134,-16.187213],[33.667415,-16.187212],[33.667416,-16.187483],[33.667978,-16.187752],[33.66798,-16.188295],[33.66826,-16.188294],[33.668262,-16.188836],[33.668543,-16.188835],[33.668546,-16.18992],[33.667985,-16.189922],[33.667986,-16.190193],[33.668548,-16.190462],[33.668832,-16.191546],[33.669674,-16.191544],[33.669676,-16.192086],[33.669957,-16.192085],[33.669958,-16.192356],[33.6708,-16.192354],[33.670801,-16.192625],[33.671081,-16.192624],[33.671083,-16.193166],[33.671364,-16.193166],[33.671366,-16.193708],[33.671646,-16.193707],[33.671647,-16.193978],[33.672209,-16.194248],[33.672212,-16.195061],[33.672774,-16.195331],[33.672776,-16.195873],[33.673338,-16.196142],[33.673623,-16.197226],[33.674185,-16.197496],[33.674187,-16.198038],[33.674467,-16.198037],[33.674468,-16.198308],[33.674749,-16.198307],[33.674751,-16.19885],[33.675313,-16.199119],[33.675597,-16.200203],[33.67616,-16.200473],[33.676444,-16.201556],[33.676725,-16.201555],[33.676726,-16.201827],[33.677288,-16.202096],[33.67729,-16.202638],[33.677852,-16.202908],[33.677854,-16.20345],[33.678135,-16.203449],[33.678419,-16.204533],[33.678981,-16.204803],[33.678984,-16.205616],[33.679265,-16.205615],[33.679269,-16.206971],[33.677305,-16.206977],[33.677301,-16.205893],[33.675898,-16.205897],[33.675898,-16.206168],[33.673092,-16.206177],[33.673095,-16.207262],[33.672253,-16.207265],[33.67225,-16.20618],[33.671127,-16.206183],[33.671123,-16.205099],[33.670001,-16.205102],[33.67,-16.204831],[33.668597,-16.204835],[33.668594,-16.204022],[33.667471,-16.204025],[33.66747,-16.203754],[33.66719,-16.203755],[33.667187,-16.202942],[33.667468,-16.202941],[33.667466,-16.202398],[33.667746,-16.202397],[33.667745,-16.202126],[33.668587,-16.202124],[33.668586,-16.201581],[33.668024,-16.201583],[33.668298,-16.199413],[33.668578,-16.199412],[33.668577,-16.199141],[33.669139,-16.199139],[33.669137,-16.198596],[33.669418,-16.198596],[33.669416,-16.198053],[33.668853,-16.197784],[33.668576,-16.198869],[33.666331,-16.198876],[33.666332,-16.199148],[33.665772,-16.199421],[33.665783,-16.202675],[33.665502,-16.202676],[33.66551,-16.205116],[33.665229,-16.205117],[33.66523,-16.205388],[33.665511,-16.205388],[33.665517,-16.207015],[33.665236,-16.207016],[33.665237,-16.207287],[33.665517,-16.207286],[33.665518,-16.207557],[33.66636,-16.207554],[33.666361,-16.207826],[33.666923,-16.207824],[33.666922,-16.207553],[33.667764,-16.20755],[33.66777,-16.209448],[33.668331,-16.209447],[33.668332,-16.209718],[33.6717,-16.209707],[33.671699,-16.209165],[33.672541,-16.209162],[33.672541,-16.209433],[33.672822,-16.209432],[33.672825,-16.210246],[33.673106,-16.210245],[33.673384,-16.209702],[33.674226,-16.209699],[33.67423,-16.210784],[33.673949,-16.210785],[33.67395,-16.211056],[33.672828,-16.21106],[33.67283,-16.211873],[33.673392,-16.211871],[33.673394,-16.212414],[33.673674,-16.212413],[33.673673,-16.212142],[33.674515,-16.212139],[33.674514,-16.211868],[33.674234,-16.211869],[33.674231,-16.211055],[33.674512,-16.211054],[33.67451,-16.210512],[33.674791,-16.210511],[33.67479,-16.21024],[33.675632,-16.210237],[33.675633,-16.210779],[33.675914,-16.210779],[33.675916,-16.211321],[33.676197,-16.21132],[33.676199,-16.212134],[33.675357,-16.212136],[33.675363,-16.213763],[33.674521,-16.213766],[33.674522,-16.214037],[33.674803,-16.214036],[33.674805,-16.21485],[33.674525,-16.214851],[33.674526,-16.215122],[33.675087,-16.21512],[33.675088,-16.215391],[33.675369,-16.215391],[33.67537,-16.215933],[33.675933,-16.216202],[33.675936,-16.217287],[33.675656,-16.217288],[33.675663,-16.219457],[33.675382,-16.219458],[33.675386,-16.220543],[33.675667,-16.220542],[33.67567,-16.221356],[33.675389,-16.221357],[33.675114,-16.222985],[33.674833,-16.222986],[33.674554,-16.223529],[33.674835,-16.223528],[33.674836,-16.223799],[33.675116,-16.223798],[33.675118,-16.224341],[33.675399,-16.22434],[33.675393,-16.222713],[33.676797,-16.222708],[33.676798,-16.222979],[33.67736,-16.223249],[33.677363,-16.224062],[33.677644,-16.224061],[33.677645,-16.224333],[33.677925,-16.224332],[33.677924,-16.22406],[33.679608,-16.224055],[33.679606,-16.223242],[33.680448,-16.223239],[33.680451,-16.224052],[33.680731,-16.224052],[33.680728,-16.222967],[33.681008,-16.222966],[33.681007,-16.222695],[33.68213,-16.222691],[33.682128,-16.222149],[33.681847,-16.22215],[33.681847,-16.221878],[33.680443,-16.221883],[33.680442,-16.221612],[33.680161,-16.221613],[33.680158,-16.220528],[33.680719,-16.220526],[33.680712,-16.218357],[33.680431,-16.218357],[33.680427,-16.217273],[33.680708,-16.217272],[33.6807,-16.214831],[33.681542,-16.214828],[33.681536,-16.213201],[33.682097,-16.213199],[33.682094,-16.212115],[33.682374,-16.212114],[33.682373,-16.211843],[33.682093,-16.211844],[33.682089,-16.210759],[33.681528,-16.210761],[33.681527,-16.210489],[33.681246,-16.21049],[33.681243,-16.209677],[33.681805,-16.209675],[33.6818,-16.208319],[33.682081,-16.208318],[33.682077,-16.207233],[33.681796,-16.207234],[33.68179,-16.205336],[33.68207,-16.205335],[33.682068,-16.204521],[33.681787,-16.204522],[33.681788,-16.204794],[33.679542,-16.204801],[33.679542,-16.20453],[33.678979,-16.20426],[33.678977,-16.203718],[33.678415,-16.203448],[33.678131,-16.202365],[33.677569,-16.202095],[33.677567,-16.201553],[33.677004,-16.201283],[33.677003,-16.200741],[33.676722,-16.200742],[33.676721,-16.200471],[33.676159,-16.200201],[33.676157,-16.199659],[33.675876,-16.19966],[33.675874,-16.199117],[33.675312,-16.198848],[33.675028,-16.197764],[33.674747,-16.197765],[33.674746,-16.197494],[33.674184,-16.197224],[33.6739,-16.196141],[33.673337,-16.195871],[33.673053,-16.194787],[33.672491,-16.194518],[33.672488,-16.193704],[33.671927,-16.193706],[33.671925,-16.193164],[33.671363,-16.192894],[33.671079,-16.19181],[33.670516,-16.191541],[33.670514,-16.190727],[33.670794,-16.190727],[33.670793,-16.190455],[33.669951,-16.190458],[33.66995,-16.190187],[33.66967,-16.190188],[33.669668,-16.189645],[33.669106,-16.189376],[33.669104,-16.188834],[33.668823,-16.188834],[33.668821,-16.188021],[33.669101,-16.18802],[33.6691,-16.187749],[33.671065,-16.187743],[33.671063,-16.1872],[33.671623,-16.186927],[33.67162,-16.185843],[33.672181,-16.185841],[33.672178,-16.185027],[33.672459,-16.185026],[33.672738,-16.184483],[33.673299,-16.184481],[33.673298,-16.18421],[33.673859,-16.184208],[33.673858,-16.183937],[33.674419,-16.183664],[33.674416,-16.182851],[33.674697,-16.18285],[33.674696,-16.182579],[33.675256,-16.182306],[33.675252,-16.181221],[33.678339,-16.181211],[33.678337,-16.180669],[33.678899,-16.180667],[33.678897,-16.180124],[33.679177,-16.180124],[33.679176,-16.179852],[33.679457,-16.179851],[33.679736,-16.179308],[33.681139,-16.179304],[33.681138,-16.179032],[33.681699,-16.179031],[33.681695,-16.177675],[33.681975,-16.177674],[33.681973,-16.177131],[33.682254,-16.177131],[33.682248,-16.175503],[33.682529,-16.175503],[33.682528,-16.175231],[33.683088,-16.174958],[33.683083,-16.173331],[33.683363,-16.17333],[33.683363,-16.173059],[33.684485,-16.173056],[33.684484,-16.172784],[33.6828,-16.17279],[33.682799,-16.172519],[33.682519,-16.172519],[33.682512,-16.170621],[33.682793,-16.17062],[33.682789,-16.169535],[33.683631,-16.169533],[33.683914,-16.170074],[33.685036,-16.170071],[33.685037,-16.170342],[33.685598,-16.17034],[33.685599,-16.170611],[33.68588,-16.17061],[33.685884,-16.171966],[33.685604,-16.171967],[33.685605,-16.172238],[33.686166,-16.172237],[33.686165,-16.171965],[33.686446,-16.171964],[33.686445,-16.171693],[33.687005,-16.17142],[33.687003,-16.170878],[33.687284,-16.170877],[33.687562,-16.170334],[33.688404,-16.170331],[33.688397,-16.168161],[33.684749,-16.168173],[33.684748,-16.167902],[33.684187,-16.167904],[33.684188,-16.168175],[33.683626,-16.168177],[33.683627,-16.168448],[33.682785,-16.168451],[33.682781,-16.167095],[33.6825,-16.167096],[33.68248,-16.16113],[33.682199,-16.16113],[33.682195,-16.160046],[33.682476,-16.160045],[33.682466,-16.157062],[33.682185,-16.157063],[33.682182,-16.156249],[33.682463,-16.156248],[33.68246,-16.155435],[33.68218,-16.155435],[33.682179,-16.155164],[33.681337,-16.155167],[33.681336,-16.154896],[33.679372,-16.154902],[33.679371,-16.154631],[33.676284,-16.154641],[33.676283,-16.15437],[33.675722,-16.154371],[33.675721,-16.1541],[33.675441,-16.154101],[33.675439,-16.153559],[33.675158,-16.153559],[33.675156,-16.152746],[33.674875,-16.152747],[33.674869,-16.150848],[33.674588,-16.150849],[33.674306,-16.150308],[33.672061,-16.150315],[33.671778,-16.149773],[33.671217,-16.149775]],[[33.668995,-16.156562],[33.670398,-16.156558],[33.670401,-16.157371],[33.668998,-16.157376],[33.668995,-16.156562]],[[33.66508,-16.160371],[33.665921,-16.160368],[33.665924,-16.161182],[33.665082,-16.161185],[33.66508,-16.160371]],[[33.672109,-16.164688],[33.672951,-16.164685],[33.672954,-16.165499],[33.673796,-16.165496],[33.673799,-16.166581],[33.672958,-16.166584],[33.672957,-16.166312],[33.672676,-16.166313],[33.672673,-16.1655],[33.672112,-16.165502],[33.672109,-16.164688]],[[33.671834,-16.166316],[33.672676,-16.166313],[33.672679,-16.167127],[33.671837,-16.16713],[33.671834,-16.166316]],[[33.679411,-16.166292],[33.680253,-16.166289],[33.680535,-16.166831],[33.681096,-16.166829],[33.681097,-16.1671],[33.681378,-16.167099],[33.681379,-16.16737],[33.681941,-16.16764],[33.681945,-16.168725],[33.681103,-16.168727],[33.681102,-16.168456],[33.68026,-16.168459],[33.680259,-16.168188],[33.679698,-16.168189],[33.679694,-16.167105],[33.679413,-16.167106],[33.679411,-16.166292]],[[33.672959,-16.167126],[33.673801,-16.167123],[33.673804,-16.167937],[33.672962,-16.16794],[33.672959,-16.167126]],[[33.674366,-16.168206],[33.675208,-16.168204],[33.67521,-16.168746],[33.676052,-16.168743],[33.676054,-16.169557],[33.675213,-16.16956],[33.675211,-16.169017],[33.674369,-16.16902],[33.674366,-16.168206]],[[33.676334,-16.169285],[33.677176,-16.169282],[33.677179,-16.170096],[33.676337,-16.170098],[33.676334,-16.169285]],[[33.678862,-16.17009],[33.679985,-16.170087],[33.679988,-16.1709],[33.678865,-16.170904],[33.678862,-16.17009]],[[33.679709,-16.171444],[33.680831,-16.17144],[33.680832,-16.171711],[33.682235,-16.171707],[33.68224,-16.173063],[33.682802,-16.173332],[33.682808,-16.174959],[33.681966,-16.174962],[33.681964,-16.17442],[33.681403,-16.174421],[33.681402,-16.17415],[33.681121,-16.174151],[33.681119,-16.173609],[33.680839,-16.17361],[33.680556,-16.173068],[33.679995,-16.17307],[33.679713,-16.172528],[33.679151,-16.17253],[33.679149,-16.171717],[33.67971,-16.171715],[33.679709,-16.171444]],[[33.667087,-16.173111],[33.667928,-16.173108],[33.667933,-16.174464],[33.667091,-16.174467],[33.66709,-16.174196],[33.66681,-16.174196],[33.666807,-16.173383],[33.667088,-16.173382],[33.667087,-16.173111]],[[33.673289,-16.181498],[33.674692,-16.181494],[33.674695,-16.182307],[33.674414,-16.182308],[33.674415,-16.182579],[33.673292,-16.182583],[33.673289,-16.181498]],[[33.679828,-16.206156],[33.68067,-16.206153],[33.680673,-16.206967],[33.679831,-16.206969],[33.679828,-16.206156]],[[33.678719,-16.210227],[33.679842,-16.210224],[33.679845,-16.211308],[33.679284,-16.21131],[33.679286,-16.211853],[33.678444,-16.211855],[33.678447,-16.212669],[33.676762,-16.212403],[33.676759,-16.211589],[33.677319,-16.211316],[33.677318,-16.210774],[33.67816,-16.210771],[33.678162,-16.211585],[33.678443,-16.211584],[33.678439,-16.210499],[33.67872,-16.210498],[33.678719,-16.210227]],[[33.680411,-16.212663],[33.681253,-16.21266],[33.681256,-16.213473],[33.680414,-16.213476],[33.680411,-16.212663]],[[33.677326,-16.213215],[33.678449,-16.213211],[33.678449,-16.213482],[33.679572,-16.213479],[33.679573,-16.21375],[33.680134,-16.213748],[33.680139,-16.215104],[33.679297,-16.215107],[33.679295,-16.214564],[33.679015,-16.214565],[33.679014,-16.214294],[33.677329,-16.214028],[33.677326,-16.213215]]]}},{"type":"Feature","properties":{"ano":2025,"camada":"industrial","area_km2":0.0117},"geometry":{"type":"Polygon","coordinates":[[[33.681852,-16.223506],[33.681854,-16.224048],[33.681573,-16.224049],[33.681574,-16.22432],[33.681855,-16.224319],[33.681856,-16.22459],[33.682417,-16.224588],[33.682975,-16.223502],[33.681852,-16.223506]]]}},{"type":"Feature","properties":{"ano":2025,"camada":"industrial","area_km2":0.0009},"geometry":{"type":"Polygon","coordinates":[[[33.680172,-16.224596],[33.680173,-16.224867],[33.680453,-16.224866],[33.680452,-16.224595],[33.680172,-16.224596]]]}},{"type":"Feature","properties":{"ano":2025,"camada":"industrial","area_km2":0.0018},"geometry":{"type":"Polygon","coordinates":[[[33.678492,-16.225957],[33.678494,-16.226499],[33.678775,-16.226498],[33.678773,-16.225956],[33.678492,-16.225957]]]}},{"type":"Feature","properties":{"ano":2025,"camada":"industrial","area_km2":0.1818},"geometry":{"type":"Polygon","coordinates":[[[33.670058,-16.221916],[33.67006,-16.22273],[33.66978,-16.22273],[33.669781,-16.223002],[33.669219,-16.223003],[33.669221,-16.223546],[33.66894,-16.223547],[33.668941,-16.223818],[33.669222,-16.223817],[33.669223,-16.224088],[33.669504,-16.224087],[33.669505,-16.22463],[33.669786,-16.224629],[33.669787,-16.2249],[33.670349,-16.225169],[33.670351,-16.225712],[33.670913,-16.22571],[33.670914,-16.226252],[33.671756,-16.22625],[33.671758,-16.226792],[33.672881,-16.226788],[33.67288,-16.226517],[33.673722,-16.226515],[33.673723,-16.226786],[33.674846,-16.226782],[33.674844,-16.22624],[33.674283,-16.226242],[33.674277,-16.224614],[33.673996,-16.224615],[33.673996,-16.224344],[33.673434,-16.224346],[33.673433,-16.224075],[33.673153,-16.224076],[33.673152,-16.223804],[33.672871,-16.223805],[33.672588,-16.223264],[33.671746,-16.223267],[33.671745,-16.222995],[33.671465,-16.222996],[33.671461,-16.221912],[33.670058,-16.221916]]]}},{"type":"Feature","properties":{"ano":2025,"camada":"industrial","area_km2":0.0045},"geometry":{"type":"Polygon","coordinates":[[[33.680177,-16.226223],[33.68046,-16.226764],[33.681302,-16.226762],[33.681301,-16.22649],[33.680177,-16.226223]]]}},{"type":"Feature","properties":{"ano":2025,"camada":"industrial","area_km2":0.0009},"geometry":{"type":"Polygon","coordinates":[[[33.679336,-16.226497],[33.679337,-16.226768],[33.679618,-16.226767],[33.679617,-16.226496],[33.679336,-16.226497]]]}},{"type":"Feature","properties":{"ano":2025,"camada":"industrial","area_km2":0.0162},"geometry":{"type":"Polygon","coordinates":[[[33.57971,-16.234114],[33.579711,-16.234386],[33.57943,-16.234386],[33.579432,-16.234929],[33.579993,-16.234927],[33.579991,-16.234385],[33.581676,-16.23438],[33.581958,-16.234922],[33.582519,-16.23492],[33.582519,-16.234649],[33.582799,-16.234648],[33.582799,-16.234377],[33.581956,-16.23438],[33.581956,-16.234108],[33.57971,-16.234114]]]}},{"type":"Feature","properties":{"ano":2025,"camada":"industrial","area_km2":0.0243},"geometry":{"type":"Polygon","coordinates":[[[33.572411,-16.234134],[33.572697,-16.235761],[33.573258,-16.235759],[33.573258,-16.235488],[33.573819,-16.235486],[33.573818,-16.235215],[33.574379,-16.234943],[33.574377,-16.2344],[33.572974,-16.234404],[33.572973,-16.234133],[33.572411,-16.234134]]]}},{"type":"Feature","properties":{"ano":2025,"camada":"industrial","area_km2":0.0027},"geometry":{"type":"Polygon","coordinates":[[[33.571862,-16.238204],[33.571863,-16.238746],[33.572425,-16.238745],[33.572424,-16.238473],[33.571862,-16.238204]]]}},{"type":"Feature","properties":{"ano":2025,"camada":"industrial","area_km2":0.0009},"geometry":{"type":"Polygon","coordinates":[[[33.570749,-16.241732],[33.57075,-16.242003],[33.571031,-16.242003],[33.57103,-16.241731],[33.570749,-16.241732]]]}},{"type":"Feature","properties":{"ano":2025,"camada":"industrial","area_km2":0.0009},"geometry":{"type":"Polygon","coordinates":[[[33.58282,-16.241699],[33.582821,-16.241971],[33.583102,-16.24197],[33.583101,-16.241699],[33.58282,-16.241699]]]}},{"type":"Feature","properties":{"ano":2025,"camada":"industrial","area_km2":0.1782},"geometry":{"type":"Polygon","coordinates":[[[33.574387,-16.237654],[33.574388,-16.238197],[33.573827,-16.238198],[33.57383,-16.239283],[33.573549,-16.239284],[33.57355,-16.239555],[33.572989,-16.239557],[33.572989,-16.239828],[33.572428,-16.239829],[33.57243,-16.240643],[33.571869,-16.240644],[33.57187,-16.241187],[33.572432,-16.241185],[33.572434,-16.241999],[33.572996,-16.242269],[33.572998,-16.242811],[33.573279,-16.24281],[33.573278,-16.242539],[33.574682,-16.242535],[33.574679,-16.241722],[33.57496,-16.241721],[33.574958,-16.241178],[33.575801,-16.241176],[33.575801,-16.241447],[33.576082,-16.241447],[33.57608,-16.240904],[33.576923,-16.240902],[33.576923,-16.241173],[33.577485,-16.241172],[33.577482,-16.240358],[33.578044,-16.240356],[33.578042,-16.239814],[33.577762,-16.239815],[33.577759,-16.239001],[33.577479,-16.239002],[33.577478,-16.238731],[33.576916,-16.238732],[33.576637,-16.239276],[33.575795,-16.239278],[33.575794,-16.239007],[33.575514,-16.239007],[33.575512,-16.238465],[33.57467,-16.238467],[33.574667,-16.237654],[33.574387,-16.237654]]]}},{"type":"Feature","properties":{"ano":2025,"camada":"industrial","area_km2":0.0027},"geometry":{"type":"Polygon","coordinates":[[[33.568786,-16.24228],[33.568786,-16.242551],[33.569349,-16.242821],[33.569347,-16.242278],[33.568786,-16.24228]]]}},{"type":"Feature","properties":{"ano":2025,"camada":"industrial","area_km2":0.0054},"geometry":{"type":"Polygon","coordinates":[[[33.585631,-16.242776],[33.585632,-16.243319],[33.585913,-16.243318],[33.585912,-16.243047],[33.587035,-16.243044],[33.587034,-16.242773],[33.585631,-16.242776]]]}},{"type":"Feature","properties":{"ano":2025,"camada":"industrial","area_km2":0.0009},"geometry":{"type":"Polygon","coordinates":[[[33.587316,-16.243043],[33.587317,-16.243314],[33.587597,-16.243313],[33.587596,-16.243042],[33.587316,-16.243043]]]}},{"type":"Feature","properties":{"ano":2025,"camada":"industrial","area_km2":0.0009},"geometry":{"type":"Polygon","coordinates":[[[33.574123,-16.243621],[33.574124,-16.243893],[33.574405,-16.243892],[33.574404,-16.243621],[33.574123,-16.243621]]]}},{"type":"Feature","properties":{"ano":2025,"camada":"industrial","area_km2":0.0009},"geometry":{"type":"Polygon","coordinates":[[[33.567667,-16.24391],[33.567668,-16.244181],[33.567949,-16.24418],[33.567948,-16.243909],[33.567667,-16.24391]]]}},{"type":"Feature","properties":{"ano":2025,"camada":"industrial","area_km2":0.0009},"geometry":{"type":"Polygon","coordinates":[[[33.567107,-16.244183],[33.567108,-16.244454],[33.567388,-16.244453],[33.567387,-16.244182],[33.567107,-16.244183]]]}},{"type":"Feature","properties":{"ano":2025,"camada":"industrial","area_km2":0.0018},"geometry":{"type":"Polygon","coordinates":[[[33.564303,-16.245546],[33.564304,-16.245817],[33.564866,-16.245816],[33.564865,-16.245545],[33.564303,-16.245546]]]}},{"type":"Feature","properties":{"ano":2025,"camada":"industrial","area_km2":0.0009},"geometry":{"type":"Polygon","coordinates":[[[33.564023,-16.245818],[33.564024,-16.246089],[33.564305,-16.246089],[33.564304,-16.245817],[33.564023,-16.245818]]]}},{"type":"Feature","properties":{"ano":2025,"camada":"industrial","area_km2":0.0009},"geometry":{"type":"Polygon","coordinates":[[[33.561498,-16.246096],[33.561498,-16.246367],[33.561779,-16.246366],[33.561778,-16.246095],[33.561498,-16.246096]]]}},{"type":"Feature","properties":{"ano":2025,"camada":"industrial","area_km2":0.3033},"geometry":{"type":"Polygon","coordinates":[[[33.579447,-16.240081],[33.579449,-16.240895],[33.579168,-16.240896],[33.579169,-16.241167],[33.578608,-16.241169],[33.578609,-16.24144],[33.578328,-16.24144],[33.578329,-16.241983],[33.577768,-16.241984],[33.577489,-16.242528],[33.576647,-16.24253],[33.576647,-16.242801],[33.576086,-16.242803],[33.576087,-16.243074],[33.575806,-16.243075],[33.575527,-16.243618],[33.575808,-16.243617],[33.575808,-16.243888],[33.577773,-16.243883],[33.577775,-16.244425],[33.57974,-16.24442],[33.579742,-16.244962],[33.580022,-16.244961],[33.580305,-16.245503],[33.581428,-16.2455],[33.581428,-16.245771],[33.582552,-16.246039],[33.582555,-16.246853],[33.583116,-16.246851],[33.583115,-16.24658],[33.583396,-16.246579],[33.583394,-16.246037],[33.583956,-16.246035],[33.583952,-16.244679],[33.584233,-16.244679],[33.58395,-16.244137],[33.583389,-16.244139],[33.583385,-16.242783],[33.582823,-16.242784],[33.582821,-16.241971],[33.58254,-16.241971],[33.582541,-16.242243],[33.581699,-16.242245],[33.581697,-16.241702],[33.581417,-16.241703],[33.581413,-16.240618],[33.580852,-16.24062],[33.580853,-16.240891],[33.580011,-16.240894],[33.580008,-16.24008],[33.579447,-16.240081]]]}},{"type":"Feature","properties":{"ano":2025,"camada":"industrial","area_km2":0.0009},"geometry":{"type":"Polygon","coordinates":[[[33.564869,-16.247172],[33.56487,-16.247443],[33.565151,-16.247442],[33.56515,-16.247171],[33.564869,-16.247172]]]}},{"type":"Feature","properties":{"ano":2025,"camada":"industrial","area_km2":0.0081},"geometry":{"type":"Polygon","coordinates":[[[33.563184,-16.246905],[33.563185,-16.247176],[33.562624,-16.247449],[33.562626,-16.247991],[33.563468,-16.247989],[33.563465,-16.246904],[33.563184,-16.246905]]]}},{"type":"Feature","properties":{"ano":2025,"camada":"industrial","area_km2":0.0063},"geometry":{"type":"Polygon","coordinates":[[[33.568524,-16.248789],[33.568528,-16.250145],[33.568247,-16.250146],[33.568248,-16.250417],[33.568809,-16.250416],[33.568804,-16.248789],[33.568524,-16.248789]]]}},{"type":"Feature","properties":{"ano":2025,"camada":"industrial","area_km2":0.0441},"geometry":{"type":"Polygon","coordinates":[[[33.563749,-16.247988],[33.56375,-16.24826],[33.56403,-16.248259],[33.564033,-16.249344],[33.564595,-16.249342],[33.564597,-16.250156],[33.564316,-16.250156],[33.564317,-16.250428],[33.56488,-16.250697],[33.564877,-16.249884],[33.566,-16.249881],[33.566002,-16.250423],[33.566282,-16.250422],[33.566279,-16.249066],[33.565716,-16.248797],[33.565715,-16.248254],[33.564873,-16.248257],[33.564872,-16.247985],[33.563749,-16.247988]]]}},{"type":"Feature","properties":{"ano":2025,"camada":"industrial","area_km2":0.009},"geometry":{"type":"Polygon","coordinates":[[[33.58565,-16.249285],[33.585651,-16.249556],[33.585089,-16.249558],[33.58509,-16.249829],[33.585651,-16.249827],[33.585655,-16.250912],[33.585935,-16.250911],[33.585933,-16.250098],[33.586214,-16.250097],[33.586212,-16.249555],[33.58565,-16.249285]]]}},{"type":"Feature","properties":{"ano":2025,"camada":"industrial","area_km2":0.0009},"geometry":{"type":"Polygon","coordinates":[[[33.56488,-16.250697],[33.56488,-16.250969],[33.565161,-16.250968],[33.56516,-16.250697],[33.56488,-16.250697]]]}},{"type":"Feature","properties":{"ano":2025,"camada":"industrial","area_km2":0.0009},"geometry":{"type":"Polygon","coordinates":[[[33.569654,-16.251498],[33.569655,-16.251769],[33.569936,-16.251769],[33.569935,-16.251497],[33.569654,-16.251498]]]}},{"type":"Feature","properties":{"ano":2025,"camada":"industrial","area_km2":0.072},"geometry":{"type":"Polygon","coordinates":[[[33.562345,-16.247992],[33.562346,-16.248263],[33.562065,-16.248264],[33.562067,-16.248806],[33.560944,-16.248809],[33.560942,-16.248267],[33.560662,-16.248268],[33.560664,-16.249081],[33.560945,-16.249081],[33.560946,-16.249623],[33.561508,-16.249622],[33.561507,-16.24935],[33.562349,-16.249348],[33.562353,-16.250704],[33.561792,-16.250977],[33.561795,-16.252062],[33.562076,-16.252061],[33.562077,-16.252332],[33.562919,-16.25233],[33.56292,-16.252601],[33.563481,-16.252599],[33.56348,-16.252328],[33.563761,-16.252328],[33.56404,-16.251784],[33.56376,-16.251785],[33.563757,-16.2507],[33.563476,-16.250701],[33.563475,-16.25043],[33.562914,-16.250431],[33.56291,-16.249075],[33.56319,-16.249075],[33.56319,-16.248804],[33.562628,-16.248805],[33.562626,-16.247991],[33.562345,-16.247992]]]}},{"type":"Feature","properties":{"ano":2025,"camada":"industrial","area_km2":0.0009},"geometry":{"type":"Polygon","coordinates":[[[33.557307,-16.253429],[33.557308,-16.253701],[33.557589,-16.2537],[33.557588,-16.253429],[33.557307,-16.253429]]]}},{"type":"Feature","properties":{"ano":2025,"camada":"industrial","area_km2":0.0009},"geometry":{"type":"Polygon","coordinates":[[[33.55787,-16.25397],[33.557871,-16.254241],[33.558152,-16.254241],[33.558151,-16.25397],[33.55787,-16.25397]]]}},{"type":"Feature","properties":{"ano":2025,"camada":"industrial","area_km2":0.0045},"geometry":{"type":"Polygon","coordinates":[[[33.559559,-16.255322],[33.559561,-16.256135],[33.560122,-16.256134],[33.560121,-16.255592],[33.559559,-16.255322]]]}},{"type":"Feature","properties":{"ano":2025,"camada":"industrial","area_km2":0.0009},"geometry":{"type":"Polygon","coordinates":[[[33.561807,-16.256129],[33.561808,-16.256401],[33.562088,-16.2564],[33.562088,-16.256129],[33.561807,-16.256129]]]}},{"type":"Feature","properties":{"ano":2025,"camada":"industrial","area_km2":0.0315},"geometry":{"type":"Polygon","coordinates":[[[33.556748,-16.254244],[33.55675,-16.254787],[33.557311,-16.254785],[33.557313,-16.255599],[33.557033,-16.2556],[33.557033,-16.255871],[33.557876,-16.255869],[33.557878,-16.256682],[33.559002,-16.25695],[33.559001,-16.256679],[33.559282,-16.256679],[33.55928,-16.256136],[33.558719,-16.256138],[33.558716,-16.255324],[33.557874,-16.255326],[33.557872,-16.254513],[33.55703,-16.254515],[33.557029,-16.254244],[33.556748,-16.254244]]]}},{"type":"Feature","properties":{"ano":2025,"camada":"industrial","area_km2":0.0009},"geometry":{"type":"Polygon","coordinates":[[[33.565739,-16.256661],[33.56574,-16.256933],[33.56602,-16.256932],[33.56602,-16.256661],[33.565739,-16.256661]]]}}]}