{"type":"FeatureCollection","features":[{"type":"Feature","properties":{"ano":2010,"camada":"industrial","area_km2":0.0162},"geometry":{"type":"Polygon","coordinates":[[[33.615451,-16.081873],[33.615452,-16.082145],[33.615171,-16.082145],[33.615172,-16.082417],[33.615452,-16.082416],[33.615455,-16.083229],[33.616296,-16.083227],[33.616294,-16.082413],[33.616855,-16.082412],[33.616854,-16.082141],[33.616293,-16.082142],[33.616292,-16.081871],[33.615451,-16.081873]]]}},{"type":"Feature","properties":{"ano":2010,"camada":"industrial","area_km2":0.0063},"geometry":{"type":"Polygon","coordinates":[[[33.619101,-16.082948],[33.619102,-16.08349],[33.619383,-16.083489],[33.619385,-16.084303],[33.619666,-16.084302],[33.619664,-16.08376],[33.619945,-16.083759],[33.619944,-16.083488],[33.619663,-16.083488],[33.619662,-16.083217],[33.619101,-16.082948]]]}},{"type":"Feature","properties":{"ano":2010,"camada":"industrial","area_km2":0.0279},"geometry":{"type":"Polygon","coordinates":[[[33.617695,-16.081867],[33.617699,-16.083223],[33.616578,-16.083497],[33.616579,-16.083768],[33.616859,-16.083768],[33.616862,-16.084581],[33.617142,-16.08458],[33.617141,-16.084309],[33.617983,-16.084307],[33.617982,-16.084036],[33.618262,-16.084035],[33.618257,-16.082408],[33.618818,-16.082406],[33.618818,-16.082135],[33.617976,-16.082137],[33.617975,-16.081866],[33.617695,-16.081867]]]}},{"type":"Feature","properties":{"ano":2010,"camada":"industrial","area_km2":0.0036},"geometry":{"type":"Polygon","coordinates":[[[33.617425,-16.085393],[33.617427,-16.085936],[33.617988,-16.085934],[33.617986,-16.085392],[33.617425,-16.085393]]]}},{"type":"Feature","properties":{"ano":2010,"camada":"industrial","area_km2":0.0135},"geometry":{"type":"Polygon","coordinates":[[[33.619389,-16.085659],[33.619394,-16.087286],[33.619956,-16.087555],[33.619952,-16.0862],[33.620233,-16.086199],[33.620231,-16.085656],[33.619389,-16.085659]]]}},{"type":"Feature","properties":{"ano":2010,"camada":"industrial","area_km2":0.0009},"geometry":{"type":"Polygon","coordinates":[[[33.614914,-16.08974],[33.614915,-16.090011],[33.615195,-16.09001],[33.615194,-16.089739],[33.614914,-16.08974]]]}},{"type":"Feature","properties":{"ano":2010,"camada":"industrial","area_km2":0.0018},"geometry":{"type":"Polygon","coordinates":[[[33.615195,-16.09001],[33.615196,-16.090281],[33.615757,-16.09028],[33.615756,-16.090008],[33.615195,-16.09001]]]}},{"type":"Feature","properties":{"ano":2010,"camada":"industrial","area_km2":0.0648},"geometry":{"type":"Polygon","coordinates":[[[33.614067,-16.088115],[33.614068,-16.088386],[33.614349,-16.088385],[33.614351,-16.089199],[33.614912,-16.089197],[33.614911,-16.088926],[33.616033,-16.088923],[33.616036,-16.089736],[33.616597,-16.089735],[33.616598,-16.090006],[33.616878,-16.090005],[33.616881,-16.090819],[33.6166,-16.09082],[33.616601,-16.091091],[33.617723,-16.091088],[33.617722,-16.090545],[33.618002,-16.090544],[33.618,-16.089731],[33.618561,-16.089729],[33.61856,-16.089458],[33.61884,-16.089457],[33.618839,-16.089186],[33.618278,-16.089188],[33.618278,-16.088916],[33.617716,-16.088647],[33.617714,-16.088104],[33.617433,-16.088105],[33.617434,-16.088376],[33.616593,-16.088379],[33.616594,-16.08865],[33.614911,-16.088655],[33.614909,-16.088112],[33.614067,-16.088115]]]}},{"type":"Feature","properties":{"ano":2010,"camada":"industrial","area_km2":0.0009},"geometry":{"type":"Polygon","coordinates":[[[33.617445,-16.091902],[33.617446,-16.092173],[33.617727,-16.092172],[33.617726,-16.091901],[33.617445,-16.091902]]]}},{"type":"Feature","properties":{"ano":2010,"camada":"industrial","area_km2":0.0099},"geometry":{"type":"Polygon","coordinates":[[[33.683132,-16.105804],[33.683134,-16.106347],[33.683414,-16.106346],[33.683415,-16.106617],[33.684818,-16.106612],[33.684535,-16.106071],[33.683413,-16.106074],[33.683412,-16.105803],[33.683132,-16.105804]]]}},{"type":"Feature","properties":{"ano":2010,"camada":"industrial","area_km2":0.0036},"geometry":{"type":"Polygon","coordinates":[[[33.664625,-16.108303],[33.664627,-16.108846],[33.665188,-16.108844],[33.665186,-16.108302],[33.664625,-16.108303]]]}},{"type":"Feature","properties":{"ano":2010,"camada":"industrial","area_km2":0.0018},"geometry":{"type":"Polygon","coordinates":[[[33.676972,-16.109349],[33.676973,-16.10962],[33.677534,-16.109619],[33.677533,-16.109348],[33.676972,-16.109349]]]}},{"type":"Feature","properties":{"ano":2010,"camada":"industrial","area_km2":0.0018},"geometry":{"type":"Polygon","coordinates":[[[33.678656,-16.109615],[33.678657,-16.109886],[33.679218,-16.109885],[33.679217,-16.109613],[33.678656,-16.109615]]]}},{"type":"Feature","properties":{"ano":2010,"camada":"industrial","area_km2":0.0009},"geometry":{"type":"Polygon","coordinates":[[[33.669965,-16.11127],[33.669966,-16.111541],[33.670247,-16.11154],[33.670246,-16.111269],[33.669965,-16.11127]]]}},{"type":"Feature","properties":{"ano":2010,"camada":"industrial","area_km2":0.0063},"geometry":{"type":"Polygon","coordinates":[[[33.671091,-16.112351],[33.671094,-16.113165],[33.672497,-16.11316],[33.672496,-16.112889],[33.671374,-16.112892],[33.671372,-16.11235],[33.671091,-16.112351]]]}},{"type":"Feature","properties":{"ano":2010,"camada":"industrial","area_km2":0.0018},"geometry":{"type":"Polygon","coordinates":[[[33.672497,-16.11316],[33.672498,-16.113431],[33.673059,-16.11343],[33.673058,-16.113158],[33.672497,-16.11316]]]}},{"type":"Feature","properties":{"ano":2010,"camada":"industrial","area_km2":0.0009},"geometry":{"type":"Polygon","coordinates":[[[33.675863,-16.11315],[33.675864,-16.113421],[33.676145,-16.11342],[33.676144,-16.113149],[33.675863,-16.11315]]]}},{"type":"Feature","properties":{"ano":2010,"camada":"industrial","area_km2":0.8712},"geometry":{"type":"Polygon","coordinates":[[[33.66489,-16.103421],[33.664891,-16.103963],[33.66405,-16.103966],[33.664051,-16.104237],[33.662648,-16.104242],[33.662369,-16.104785],[33.661808,-16.104787],[33.661809,-16.105058],[33.661529,-16.105059],[33.661531,-16.105872],[33.66097,-16.105874],[33.660971,-16.106145],[33.662093,-16.106142],[33.662096,-16.106955],[33.664901,-16.106946],[33.664901,-16.106675],[33.665181,-16.106674],[33.665179,-16.106132],[33.666021,-16.106129],[33.666024,-16.106943],[33.666304,-16.106942],[33.666307,-16.107756],[33.666869,-16.108025],[33.666871,-16.108839],[33.665469,-16.108843],[33.665751,-16.109385],[33.666312,-16.109383],[33.666315,-16.110196],[33.665473,-16.110199],[33.665475,-16.110741],[33.664353,-16.110745],[33.664354,-16.111016],[33.664634,-16.111015],[33.664635,-16.111286],[33.665196,-16.111285],[33.665197,-16.111556],[33.665758,-16.111554],[33.665757,-16.111283],[33.666599,-16.11128],[33.666601,-16.111823],[33.667163,-16.112092],[33.667162,-16.111821],[33.667723,-16.111819],[33.667722,-16.111548],[33.668003,-16.111547],[33.667998,-16.110191],[33.668279,-16.11019],[33.668278,-16.109919],[33.668839,-16.109917],[33.668838,-16.109646],[33.670241,-16.109642],[33.670241,-16.109913],[33.670522,-16.109912],[33.670524,-16.110454],[33.670804,-16.110454],[33.670806,-16.110996],[33.671087,-16.110995],[33.671088,-16.111266],[33.671649,-16.111264],[33.671931,-16.111806],[33.673334,-16.111802],[33.673333,-16.11153],[33.674174,-16.111528],[33.67418,-16.113155],[33.673899,-16.113156],[33.6739,-16.113427],[33.674181,-16.113426],[33.674184,-16.11424],[33.675306,-16.114236],[33.675307,-16.114507],[33.675868,-16.114505],[33.675867,-16.114234],[33.675586,-16.114235],[33.675584,-16.113693],[33.674461,-16.113425],[33.674459,-16.112612],[33.6753,-16.112609],[33.675295,-16.110982],[33.675575,-16.110981],[33.675573,-16.110438],[33.676415,-16.110436],[33.676417,-16.110978],[33.676697,-16.110977],[33.676695,-16.110164],[33.675292,-16.110168],[33.675291,-16.109897],[33.674169,-16.109901],[33.674168,-16.109629],[33.673607,-16.109631],[33.673603,-16.108546],[33.674445,-16.108544],[33.674446,-16.108815],[33.674726,-16.108814],[33.674724,-16.108272],[33.675005,-16.108271],[33.675003,-16.107728],[33.675284,-16.107727],[33.675283,-16.107456],[33.676405,-16.107453],[33.676408,-16.108266],[33.676127,-16.108267],[33.676128,-16.108538],[33.676689,-16.108537],[33.676688,-16.108265],[33.67753,-16.108263],[33.677532,-16.109076],[33.678655,-16.109073],[33.678654,-16.108802],[33.678092,-16.108532],[33.678089,-16.107719],[33.678369,-16.107718],[33.678369,-16.107447],[33.678088,-16.107447],[33.678085,-16.106634],[33.677805,-16.106635],[33.677799,-16.105008],[33.678921,-16.105004],[33.67892,-16.104733],[33.677237,-16.104738],[33.677238,-16.105009],[33.677519,-16.105008],[33.677521,-16.105822],[33.676399,-16.105826],[33.6764,-16.106097],[33.67612,-16.106098],[33.676122,-16.10664],[33.67556,-16.106642],[33.675561,-16.106913],[33.674439,-16.106917],[33.674437,-16.106103],[33.675278,-16.1061],[33.675277,-16.105829],[33.673875,-16.105834],[33.673876,-16.106105],[33.673314,-16.106107],[33.673317,-16.10692],[33.671915,-16.106925],[33.671913,-16.106382],[33.671071,-16.106385],[33.671068,-16.105571],[33.671349,-16.10557],[33.671348,-16.105299],[33.671909,-16.105297],[33.671906,-16.104484],[33.673028,-16.10448],[33.673029,-16.104751],[33.674712,-16.104746],[33.674713,-16.105017],[33.675836,-16.105285],[33.675835,-16.104743],[33.676115,-16.104742],[33.676114,-16.104471],[33.676956,-16.104468],[33.676954,-16.103925],[33.675551,-16.10393],[33.67555,-16.103659],[33.674428,-16.103662],[33.674427,-16.103391],[33.672183,-16.103398],[33.672186,-16.104212],[33.671064,-16.104215],[33.671066,-16.104758],[33.669383,-16.104763],[33.66938,-16.103949],[33.670221,-16.103947],[33.67022,-16.103404],[33.667134,-16.103414],[33.667137,-16.104499],[33.665454,-16.104504],[33.665452,-16.10369],[33.666013,-16.103689],[33.666012,-16.103417],[33.66489,-16.103421]],[[33.667415,-16.103684],[33.668818,-16.10368],[33.668821,-16.104493],[33.667418,-16.104498],[33.667415,-16.103684]],[[33.664054,-16.105051],[33.664895,-16.105048],[33.664899,-16.106133],[33.664618,-16.106134],[33.66462,-16.106676],[33.662937,-16.106681],[33.662934,-16.105868],[33.663776,-16.105865],[33.663775,-16.105594],[33.664055,-16.105593],[33.664054,-16.105051]],[[33.669948,-16.106117],[33.67079,-16.106114],[33.670792,-16.106928],[33.670512,-16.106929],[33.670514,-16.107471],[33.669672,-16.107474],[33.669673,-16.107745],[33.66799,-16.10775],[33.667987,-16.106937],[33.668268,-16.106936],[33.668267,-16.106665],[33.669389,-16.106661],[33.669388,-16.10639],[33.669949,-16.106388],[33.669948,-16.106117]]]}},{"type":"Feature","properties":{"ano":2010,"camada":"industrial","area_km2":0.0036},"geometry":{"type":"Polygon","coordinates":[[[33.702804,-16.115774],[33.703086,-16.116316],[33.703646,-16.116043],[33.703645,-16.115772],[33.702804,-16.115774]]]}},{"type":"Feature","properties":{"ano":2010,"camada":"industrial","area_km2":0.0387},"geometry":{"type":"Polygon","coordinates":[[[33.664367,-16.114813],[33.664372,-16.11644],[33.664652,-16.116439],[33.664653,-16.11671],[33.665776,-16.116707],[33.665775,-16.116436],[33.666335,-16.116163],[33.666332,-16.115349],[33.666052,-16.11535],[33.66605,-16.114808],[33.664367,-16.114813]]]}},{"type":"Feature","properties":{"ano":2010,"camada":"industrial","area_km2":0.1017},"geometry":{"type":"Polygon","coordinates":[[[33.695229,-16.115799],[33.695231,-16.116342],[33.694951,-16.116343],[33.694954,-16.117427],[33.695235,-16.117426],[33.695236,-16.117698],[33.696358,-16.117694],[33.696359,-16.117965],[33.69664,-16.117964],[33.696635,-16.116608],[33.697757,-16.116605],[33.697758,-16.116876],[33.69888,-16.116872],[33.698879,-16.116601],[33.699721,-16.116598],[33.699723,-16.117141],[33.700003,-16.11714],[33.7,-16.116326],[33.701123,-16.116322],[33.701123,-16.116594],[33.701685,-16.116592],[33.701688,-16.117676],[33.702811,-16.117673],[33.702808,-16.116859],[33.702247,-16.116861],[33.702246,-16.11659],[33.701965,-16.116591],[33.701962,-16.115777],[33.695229,-16.115799]]]}},{"type":"Feature","properties":{"ano":2010,"camada":"industrial","area_km2":0.0018},"geometry":{"type":"Polygon","coordinates":[[[33.675598,-16.117761],[33.675599,-16.118032],[33.67616,-16.11803],[33.676159,-16.117759],[33.675598,-16.117761]]]}},{"type":"Feature","properties":{"ano":2010,"camada":"industrial","area_km2":0.0009},"geometry":{"type":"Polygon","coordinates":[[[33.656804,-16.118362],[33.656805,-16.118633],[33.657085,-16.118632],[33.657084,-16.118361],[33.656804,-16.118362]]]}},{"type":"Feature","properties":{"ano":2010,"camada":"industrial","area_km2":0.0009},"geometry":{"type":"Polygon","coordinates":[[[33.704216,-16.118482],[33.704217,-16.118753],[33.704498,-16.118752],[33.704497,-16.118481],[33.704216,-16.118482]]]}},{"type":"Feature","properties":{"ano":2010,"camada":"industrial","area_km2":0.0432},"geometry":{"type":"Polygon","coordinates":[[[33.705331,-16.116309],[33.705333,-16.117122],[33.704772,-16.117124],[33.704775,-16.117938],[33.704495,-16.117938],[33.704497,-16.118481],[33.705338,-16.118478],[33.705621,-16.119019],[33.706182,-16.119018],[33.706181,-16.118746],[33.706461,-16.118746],[33.706459,-16.118203],[33.70674,-16.118202],[33.706737,-16.117389],[33.706457,-16.11739],[33.706456,-16.117118],[33.705894,-16.116849],[33.705892,-16.116307],[33.705331,-16.116309]]]}},{"type":"Feature","properties":{"ano":2010,"camada":"industrial","area_km2":0.0009},"geometry":{"type":"Polygon","coordinates":[[[33.682897,-16.119093],[33.682898,-16.119365],[33.683178,-16.119364],[33.683177,-16.119092],[33.682897,-16.119093]]]}},{"type":"Feature","properties":{"ano":2010,"camada":"industrial","area_km2":0.0459},"geometry":{"type":"Polygon","coordinates":[[[33.689341,-16.116632],[33.689342,-16.116903],[33.689622,-16.116902],[33.689347,-16.11853],[33.688506,-16.118533],[33.688507,-16.118804],[33.688226,-16.118805],[33.688228,-16.119347],[33.68935,-16.119344],[33.689351,-16.119615],[33.689632,-16.119614],[33.689631,-16.119343],[33.690472,-16.11934],[33.690471,-16.119069],[33.690752,-16.119068],[33.691031,-16.118525],[33.69075,-16.118526],[33.690748,-16.117983],[33.690186,-16.117714],[33.690183,-16.1169],[33.690464,-16.116899],[33.690463,-16.116628],[33.689341,-16.116632]]]}},{"type":"Feature","properties":{"ano":2010,"camada":"industrial","area_km2":0.0009},"geometry":{"type":"Polygon","coordinates":[[[33.682617,-16.119365],[33.682618,-16.119637],[33.682899,-16.119636],[33.682898,-16.119365],[33.682617,-16.119365]]]}},{"type":"Feature","properties":{"ano":2010,"camada":"industrial","area_km2":0.6399},"geometry":{"type":"Polygon","coordinates":[[[33.661535,-16.106957],[33.661536,-16.107228],[33.660414,-16.107232],[33.660416,-16.107774],[33.660977,-16.107772],[33.66098,-16.108857],[33.66042,-16.10913],[33.660423,-16.109943],[33.657057,-16.110225],[33.657058,-16.110496],[33.656497,-16.110498],[33.656783,-16.112124],[33.656503,-16.112125],[33.656503,-16.112396],[33.655662,-16.112399],[33.655661,-16.112128],[33.655101,-16.112401],[33.655103,-16.112943],[33.655383,-16.112942],[33.655388,-16.114298],[33.655107,-16.114299],[33.655109,-16.114841],[33.655389,-16.11484],[33.655393,-16.115925],[33.655112,-16.115926],[33.655118,-16.117553],[33.655398,-16.117552],[33.655404,-16.119451],[33.655685,-16.11945],[33.655683,-16.118908],[33.655964,-16.118907],[33.65596,-16.117822],[33.656241,-16.117821],[33.65624,-16.11755],[33.65652,-16.117549],[33.656799,-16.117006],[33.65736,-16.117004],[33.657639,-16.116461],[33.6582,-16.116459],[33.658199,-16.116188],[33.659041,-16.116185],[33.659045,-16.117541],[33.659326,-16.11754],[33.659327,-16.117812],[33.660168,-16.117809],[33.660169,-16.11808],[33.66045,-16.118079],[33.660456,-16.119978],[33.660737,-16.119977],[33.660729,-16.117536],[33.662131,-16.117532],[33.66213,-16.11726],[33.662411,-16.11726],[33.662408,-16.116446],[33.662128,-16.116447],[33.662127,-16.116176],[33.661566,-16.116177],[33.661564,-16.115635],[33.660722,-16.115638],[33.660718,-16.114282],[33.661839,-16.114007],[33.661836,-16.113193],[33.662397,-16.113192],[33.662396,-16.112649],[33.662957,-16.112648],[33.662951,-16.11102],[33.663512,-16.111019],[33.66351,-16.110476],[33.664072,-16.110475],[33.66407,-16.109932],[33.663789,-16.109933],[33.663787,-16.109391],[33.663226,-16.109392],[33.663225,-16.10885],[33.662944,-16.108851],[33.662662,-16.108309],[33.662101,-16.108311],[33.662096,-16.106955],[33.661535,-16.106957]],[[33.660703,-16.109943],[33.661545,-16.10994],[33.661548,-16.110754],[33.660706,-16.110756],[33.660703,-16.109943]]]}},{"type":"Feature","properties":{"ano":2010,"camada":"industrial","area_km2":0.0018},"geometry":{"type":"Polygon","coordinates":[[[33.655687,-16.119992],[33.655688,-16.120263],[33.656249,-16.120262],[33.656248,-16.119991],[33.655687,-16.119992]]]}},{"type":"Feature","properties":{"ano":2010,"camada":"industrial","area_km2":0.0009},"geometry":{"type":"Polygon","coordinates":[[[33.684023,-16.120175],[33.684024,-16.120446],[33.684304,-16.120445],[33.684303,-16.120174],[33.684023,-16.120175]]]}},{"type":"Feature","properties":{"ano":2010,"camada":"industrial","area_km2":0.0009},"geometry":{"type":"Polygon","coordinates":[[[33.700014,-16.120123],[33.700015,-16.120394],[33.700295,-16.120393],[33.700294,-16.120122],[33.700014,-16.120123]]]}},{"type":"Feature","properties":{"ano":2010,"camada":"industrial","area_km2":0.9657},"geometry":{"type":"Polygon","coordinates":[[[33.678922,-16.105275],[33.678925,-16.106089],[33.679767,-16.106086],[33.679767,-16.106357],[33.680048,-16.106356],[33.680052,-16.107441],[33.680614,-16.107711],[33.68062,-16.109609],[33.681181,-16.109607],[33.681185,-16.110692],[33.680904,-16.110693],[33.680905,-16.110964],[33.680064,-16.110967],[33.680066,-16.111509],[33.680346,-16.111508],[33.680348,-16.11205],[33.680628,-16.11205],[33.680631,-16.112863],[33.680351,-16.112864],[33.680352,-16.113135],[33.67951,-16.113138],[33.679508,-16.112596],[33.678667,-16.112598],[33.678384,-16.112057],[33.677823,-16.112059],[33.67782,-16.111245],[33.678101,-16.111244],[33.6781,-16.110973],[33.67866,-16.1107],[33.678658,-16.110158],[33.677817,-16.11016],[33.677818,-16.110431],[33.677537,-16.110432],[33.677539,-16.110975],[33.676697,-16.110977],[33.676705,-16.113147],[33.677267,-16.113416],[33.677269,-16.11423],[33.676989,-16.114231],[33.676993,-16.115315],[33.676151,-16.115318],[33.67615,-16.115047],[33.675869,-16.115048],[33.675871,-16.11559],[33.676432,-16.115588],[33.676438,-16.117216],[33.676999,-16.117214],[33.676998,-16.116943],[33.67784,-16.11694],[33.677842,-16.117482],[33.678122,-16.117481],[33.678124,-16.118024],[33.678404,-16.118023],[33.678407,-16.118837],[33.679249,-16.118834],[33.679251,-16.119376],[33.679531,-16.119375],[33.679533,-16.119918],[33.679814,-16.119917],[33.679816,-16.12073],[33.680658,-16.120728],[33.680657,-16.120456],[33.681218,-16.120455],[33.681217,-16.120184],[33.680376,-16.120186],[33.680372,-16.119101],[33.681214,-16.119099],[33.681215,-16.11937],[33.681495,-16.119369],[33.681491,-16.118284],[33.681772,-16.118283],[33.681766,-16.116656],[33.682608,-16.116654],[33.682611,-16.117467],[33.683173,-16.117737],[33.683175,-16.118279],[33.683455,-16.118278],[33.683456,-16.118549],[33.684298,-16.118547],[33.684296,-16.118004],[33.683734,-16.117735],[33.683732,-16.117192],[33.683451,-16.117193],[33.68345,-16.116651],[33.683169,-16.116652],[33.683162,-16.114482],[33.682881,-16.114483],[33.68288,-16.114212],[33.682319,-16.114214],[33.682318,-16.113943],[33.681756,-16.113673],[33.681761,-16.115029],[33.6812,-16.115031],[33.681201,-16.115302],[33.680359,-16.115305],[33.680358,-16.115034],[33.679797,-16.115035],[33.679796,-16.114764],[33.679516,-16.114765],[33.679512,-16.11368],[33.681755,-16.113402],[33.681752,-16.112588],[33.682033,-16.112588],[33.682031,-16.112045],[33.683153,-16.112042],[33.683152,-16.11177],[33.683994,-16.111768],[33.683995,-16.112039],[33.684275,-16.112038],[33.684276,-16.112309],[33.684838,-16.112579],[33.684843,-16.113934],[33.684283,-16.114207],[33.684286,-16.115021],[33.685409,-16.115289],[33.685411,-16.116102],[33.685692,-16.116101],[33.685974,-16.116643],[33.686535,-16.116641],[33.686538,-16.117455],[33.685978,-16.117728],[33.685982,-16.118812],[33.686262,-16.118811],[33.686264,-16.119354],[33.686545,-16.119353],[33.686544,-16.119082],[33.687105,-16.11908],[33.6871,-16.117724],[33.68766,-16.117451],[33.687628,-16.107959],[33.687066,-16.10769],[33.687064,-16.107148],[33.686783,-16.107148],[33.686782,-16.106877],[33.686221,-16.106879],[33.68622,-16.106608],[33.68594,-16.106609],[33.685941,-16.10688],[33.685099,-16.106883],[33.685098,-16.106611],[33.684818,-16.106612],[33.684821,-16.107426],[33.68454,-16.107427],[33.684541,-16.107698],[33.683699,-16.107701],[33.6837,-16.107972],[33.68342,-16.107973],[33.683423,-16.108786],[33.682581,-16.108789],[33.682584,-16.109603],[33.681462,-16.109606],[33.681459,-16.108793],[33.681178,-16.108794],[33.681177,-16.108251],[33.680896,-16.108252],[33.680893,-16.107438],[33.681174,-16.107438],[33.681169,-16.106082],[33.680608,-16.106083],[33.680607,-16.105812],[33.680046,-16.105814],[33.680045,-16.105543],[33.678922,-16.105275]],[[33.685942,-16.107151],[33.686783,-16.107148],[33.686786,-16.107962],[33.685945,-16.107965],[33.685942,-16.107151]]]}},{"type":"Feature","properties":{"ano":2010,"camada":"industrial","area_km2":0.0009},"geometry":{"type":"Polygon","coordinates":[[[33.69777,-16.120401],[33.697771,-16.120672],[33.698052,-16.120672],[33.698051,-16.1204],[33.69777,-16.120401]]]}},{"type":"Feature","properties":{"ano":2010,"camada":"industrial","area_km2":0.0036},"geometry":{"type":"Polygon","coordinates":[[[33.660176,-16.12025],[33.66018,-16.121334],[33.660461,-16.121334],[33.660457,-16.120249],[33.660176,-16.12025]]]}},{"type":"Feature","properties":{"ano":2010,"camada":"industrial","area_km2":0.0018},"geometry":{"type":"Polygon","coordinates":[[[33.65513,-16.12135],[33.655132,-16.121892],[33.655412,-16.121891],[33.655411,-16.121349],[33.65513,-16.12135]]]}},{"type":"Feature","properties":{"ano":2010,"camada":"industrial","area_km2":0.0207},"geometry":{"type":"Polygon","coordinates":[[[33.706187,-16.120374],[33.70619,-16.121458],[33.70591,-16.121459],[33.705911,-16.12173],[33.705069,-16.121733],[33.705067,-16.121191],[33.704787,-16.121192],[33.704792,-16.122548],[33.705633,-16.122545],[33.705632,-16.122274],[33.706193,-16.122272],[33.706191,-16.12173],[33.706472,-16.121729],[33.706469,-16.120915],[33.70675,-16.120914],[33.706748,-16.120372],[33.706187,-16.120374]]]}},{"type":"Feature","properties":{"ano":2010,"camada":"industrial","area_km2":0.0153},"geometry":{"type":"Polygon","coordinates":[[[33.683185,-16.121262],[33.683186,-16.121533],[33.682905,-16.121534],[33.682906,-16.121805],[33.683187,-16.121804],[33.683189,-16.122347],[33.683469,-16.122346],[33.68347,-16.122617],[33.684592,-16.122613],[33.68459,-16.122071],[33.68431,-16.122072],[33.684309,-16.121801],[33.683748,-16.121803],[33.683747,-16.121531],[33.683185,-16.121262]]]}},{"type":"Feature","properties":{"ano":2010,"camada":"industrial","area_km2":0.0018},"geometry":{"type":"Polygon","coordinates":[[[33.700021,-16.122292],[33.700022,-16.122563],[33.700583,-16.122562],[33.700582,-16.12229],[33.700021,-16.122292]]]}},{"type":"Feature","properties":{"ano":2010,"camada":"industrial","area_km2":0.0018},"geometry":{"type":"Polygon","coordinates":[[[33.684592,-16.122613],[33.684593,-16.122885],[33.685154,-16.122883],[33.685153,-16.122612],[33.684592,-16.122613]]]}},{"type":"Feature","properties":{"ano":2010,"camada":"industrial","area_km2":0.0072},"geometry":{"type":"Polygon","coordinates":[[[33.733407,-16.122451],[33.733408,-16.122722],[33.733689,-16.122722],[33.733692,-16.123535],[33.734253,-16.123533],[33.73425,-16.12272],[33.733969,-16.122721],[33.733968,-16.122449],[33.733407,-16.122451]]]}},{"type":"Feature","properties":{"ano":2010,"camada":"industrial","area_km2":0.0045},"geometry":{"type":"Polygon","coordinates":[[[33.704794,-16.123361],[33.704796,-16.123904],[33.705077,-16.123903],[33.705076,-16.123632],[33.705918,-16.123629],[33.705917,-16.123358],[33.704794,-16.123361]]]}},{"type":"Feature","properties":{"ano":2010,"camada":"industrial","area_km2":0.0009},"geometry":{"type":"Polygon","coordinates":[[[33.735375,-16.123529],[33.735376,-16.1238],[33.735657,-16.1238],[33.735656,-16.123528],[33.735375,-16.123529]]]}},{"type":"Feature","properties":{"ano":2010,"camada":"industrial","area_km2":0.0009},"geometry":{"type":"Polygon","coordinates":[[[33.703395,-16.124179],[33.703396,-16.124451],[33.703676,-16.12445],[33.703675,-16.124179],[33.703395,-16.124179]]]}},{"type":"Feature","properties":{"ano":2010,"camada":"industrial","area_km2":0.0108},"geometry":{"type":"Polygon","coordinates":[[[33.731727,-16.123271],[33.731728,-16.123542],[33.731447,-16.123543],[33.731451,-16.124628],[33.731732,-16.124627],[33.731731,-16.124355],[33.732292,-16.124353],[33.732288,-16.123269],[33.731727,-16.123271]]]}},{"type":"Feature","properties":{"ano":2010,"camada":"industrial","area_km2":0.0036},"geometry":{"type":"Polygon","coordinates":[[[33.719666,-16.124125],[33.719667,-16.124396],[33.719106,-16.124398],[33.719107,-16.124669],[33.719949,-16.124667],[33.719947,-16.124124],[33.719666,-16.124125]]]}},{"type":"Feature","properties":{"ano":2010,"camada":"industrial","area_km2":0.0009},"geometry":{"type":"Polygon","coordinates":[[[33.697224,-16.124742],[33.697225,-16.125013],[33.697506,-16.125012],[33.697505,-16.124741],[33.697224,-16.124742]]]}},{"type":"Feature","properties":{"ano":2010,"camada":"industrial","area_km2":0.0009},"geometry":{"type":"Polygon","coordinates":[[[33.701152,-16.124729],[33.701153,-16.125],[33.701434,-16.125],[33.701433,-16.124728],[33.701152,-16.124729]]]}},{"type":"Feature","properties":{"ano":2010,"camada":"industrial","area_km2":0.0018},"geometry":{"type":"Polygon","coordinates":[[[33.701714,-16.124999],[33.701715,-16.12527],[33.702276,-16.125268],[33.702275,-16.124997],[33.701714,-16.124999]]]}},{"type":"Feature","properties":{"ano":2010,"camada":"industrial","area_km2":0.0504},"geometry":{"type":"Polygon","coordinates":[[[33.726113,-16.122476],[33.726115,-16.123019],[33.724151,-16.123025],[33.724152,-16.123296],[33.723591,-16.123298],[33.723592,-16.12357],[33.72275,-16.123572],[33.722749,-16.123301],[33.722469,-16.123302],[33.722471,-16.123845],[33.722751,-16.123844],[33.722752,-16.124115],[33.723594,-16.124112],[33.723595,-16.124383],[33.724156,-16.124381],[33.724155,-16.12411],[33.724436,-16.124109],[33.724433,-16.123296],[33.725274,-16.123293],[33.725276,-16.123835],[33.725557,-16.123834],[33.725561,-16.124919],[33.72528,-16.12492],[33.725002,-16.125463],[33.725563,-16.125461],[33.725562,-16.12519],[33.725842,-16.125189],[33.72584,-16.124647],[33.726401,-16.124645],[33.726398,-16.12356],[33.726958,-16.123287],[33.726957,-16.123016],[33.726676,-16.123017],[33.726674,-16.122474],[33.726113,-16.122476]]]}},{"type":"Feature","properties":{"ano":2010,"camada":"industrial","area_km2":0.0108},"geometry":{"type":"Polygon","coordinates":[[[33.718546,-16.124671],[33.718547,-16.124943],[33.717986,-16.124944],[33.717987,-16.125216],[33.717706,-16.125217],[33.717989,-16.125758],[33.718269,-16.125757],[33.718269,-16.125486],[33.71911,-16.125483],[33.719107,-16.124669],[33.718546,-16.124671]]]}},{"type":"Feature","properties":{"ano":2010,"camada":"industrial","area_km2":0.0009},"geometry":{"type":"Polygon","coordinates":[[[33.704241,-16.125533],[33.704242,-16.125804],[33.704523,-16.125803],[33.704522,-16.125532],[33.704241,-16.125533]]]}},{"type":"Feature","properties":{"ano":2010,"camada":"industrial","area_km2":0.0009},"geometry":{"type":"Polygon","coordinates":[[[33.733699,-16.125433],[33.7337,-16.125705],[33.73398,-16.125704],[33.733979,-16.125432],[33.733699,-16.125433]]]}},{"type":"Feature","properties":{"ano":2010,"camada":"industrial","area_km2":0.0009},"geometry":{"type":"Polygon","coordinates":[[[33.716867,-16.125762],[33.716868,-16.126033],[33.717148,-16.126032],[33.717147,-16.125761],[33.716867,-16.125762]]]}},{"type":"Feature","properties":{"ano":2010,"camada":"industrial","area_km2":0.0099},"geometry":{"type":"Polygon","coordinates":[[[33.723599,-16.125468],[33.723601,-16.12601],[33.723881,-16.126009],[33.723882,-16.12628],[33.724724,-16.126278],[33.724721,-16.125464],[33.723599,-16.125468]]]}},{"type":"Feature","properties":{"ano":2010,"camada":"industrial","area_km2":0.1116},"geometry":{"type":"Polygon","coordinates":[[[33.727796,-16.122471],[33.727805,-16.124911],[33.728086,-16.12491],[33.728091,-16.126266],[33.729775,-16.126532],[33.729774,-16.12626],[33.730055,-16.126259],[33.730052,-16.125446],[33.730332,-16.125445],[33.730329,-16.124631],[33.73061,-16.12463],[33.730605,-16.123274],[33.730043,-16.123005],[33.730041,-16.122463],[33.727796,-16.122471]]]}},{"type":"Feature","properties":{"ano":2010,"camada":"industrial","area_km2":0.0279},"geometry":{"type":"Polygon","coordinates":[[[33.734538,-16.124888],[33.734539,-16.125159],[33.73482,-16.125158],[33.734823,-16.125972],[33.733981,-16.125975],[33.733982,-16.126246],[33.735104,-16.126242],[33.735103,-16.125971],[33.735384,-16.12597],[33.735382,-16.125428],[33.736224,-16.125425],[33.736227,-16.126238],[33.736507,-16.126237],[33.736508,-16.126508],[33.736789,-16.126508],[33.737067,-16.125964],[33.737628,-16.125962],[33.737627,-16.125691],[33.737066,-16.125693],[33.736784,-16.125152],[33.734538,-16.124888]]]}},{"type":"Feature","properties":{"ano":2010,"camada":"industrial","area_km2":0.0009},"geometry":{"type":"Polygon","coordinates":[[[33.732299,-16.126252],[33.7323,-16.126523],[33.73258,-16.126522],[33.732579,-16.126251],[33.732299,-16.126252]]]}},{"type":"Feature","properties":{"ano":2010,"camada":"industrial","area_km2":0.0018},"geometry":{"type":"Polygon","coordinates":[[[33.720518,-16.126834],[33.720519,-16.127105],[33.72108,-16.127104],[33.721079,-16.126832],[33.720518,-16.126834]]]}},{"type":"Feature","properties":{"ano":2010,"camada":"industrial","area_km2":0.0009},"geometry":{"type":"Polygon","coordinates":[[[33.735108,-16.127327],[33.735109,-16.127598],[33.73539,-16.127597],[33.735389,-16.127326],[33.735108,-16.127327]]]}},{"type":"Feature","properties":{"ano":2010,"camada":"industrial","area_km2":0.0036},"geometry":{"type":"Polygon","coordinates":[[[33.739038,-16.127856],[33.73904,-16.128398],[33.739601,-16.128396],[33.739599,-16.127854],[33.739038,-16.127856]]]}},{"type":"Feature","properties":{"ano":2010,"camada":"industrial","area_km2":0.0504},"geometry":{"type":"Polygon","coordinates":[[[33.72135,-16.12412],[33.721351,-16.124391],[33.72107,-16.124392],[33.721072,-16.124934],[33.71995,-16.124938],[33.719952,-16.12548],[33.719671,-16.125481],[33.719672,-16.125752],[33.720514,-16.12575],[33.720515,-16.126021],[33.721076,-16.126019],[33.721078,-16.126561],[33.721358,-16.12656],[33.721357,-16.126018],[33.722479,-16.126014],[33.722486,-16.127912],[33.721924,-16.127914],[33.721927,-16.128728],[33.722489,-16.128726],[33.722487,-16.128184],[33.723328,-16.128181],[33.723327,-16.12791],[33.722766,-16.127911],[33.722758,-16.125742],[33.722478,-16.125743],[33.722476,-16.1252],[33.721634,-16.125203],[33.72163,-16.124119],[33.72135,-16.12412]]]}},{"type":"Feature","properties":{"ano":2010,"camada":"industrial","area_km2":0.0009},"geometry":{"type":"Polygon","coordinates":[[[33.736515,-16.128407],[33.736516,-16.128678],[33.736797,-16.128677],[33.736796,-16.128406],[33.736515,-16.128407]]]}},{"type":"Feature","properties":{"ano":2010,"camada":"industrial","area_km2":0.0441},"geometry":{"type":"Polygon","coordinates":[[[33.728094,-16.12708],[33.728095,-16.127351],[33.728375,-16.12735],[33.728379,-16.128435],[33.726134,-16.128171],[33.726136,-16.128714],[33.725294,-16.128716],[33.725296,-16.129259],[33.726979,-16.129253],[33.72698,-16.129524],[33.727541,-16.129522],[33.72754,-16.129251],[33.728382,-16.129248],[33.728383,-16.129519],[33.728945,-16.129789],[33.728942,-16.128975],[33.728662,-16.128976],[33.728655,-16.127078],[33.728094,-16.12708]]]}},{"type":"Feature","properties":{"ano":2010,"camada":"industrial","area_km2":0.0531},"geometry":{"type":"Polygon","coordinates":[[[33.733707,-16.127603],[33.733434,-16.129773],[33.733715,-16.129772],[33.733718,-16.130586],[33.733998,-16.130585],[33.734,-16.131127],[33.734561,-16.131125],[33.73484,-16.130582],[33.735682,-16.130579],[33.735679,-16.129766],[33.73652,-16.129763],[33.736518,-16.12922],[33.734836,-16.129497],[33.734834,-16.128955],[33.733992,-16.128958],[33.733989,-16.128144],[33.73427,-16.128143],[33.734548,-16.1276],[33.733707,-16.127603]]]}},{"type":"Feature","properties":{"ano":2010,"camada":"industrial","area_km2":0.0018},"geometry":{"type":"Polygon","coordinates":[[[33.714921,-16.130921],[33.714922,-16.131192],[33.715483,-16.13119],[33.715482,-16.130919],[33.714921,-16.130921]]]}},{"type":"Feature","properties":{"ano":2010,"camada":"industrial","area_km2":0.0036},"geometry":{"type":"Polygon","coordinates":[[[33.715483,-16.13119],[33.715485,-16.131733],[33.716047,-16.131731],[33.716045,-16.131188],[33.715483,-16.13119]]]}},{"type":"Feature","properties":{"ano":2010,"camada":"industrial","area_km2":0.0009},"geometry":{"type":"Polygon","coordinates":[[[33.719694,-16.131718],[33.719695,-16.13199],[33.719975,-16.131989],[33.719974,-16.131718],[33.719694,-16.131718]]]}},{"type":"Feature","properties":{"ano":2010,"camada":"industrial","area_km2":0.0009},"geometry":{"type":"Polygon","coordinates":[[[33.734844,-16.131667],[33.734845,-16.131938],[33.735125,-16.131937],[33.735124,-16.131666],[33.734844,-16.131667]]]}},{"type":"Feature","properties":{"ano":2010,"camada":"industrial","area_km2":0.0009},"geometry":{"type":"Polygon","coordinates":[[[33.72222,-16.131981],[33.722221,-16.132252],[33.722501,-16.132251],[33.7225,-16.13198],[33.72222,-16.131981]]]}},{"type":"Feature","properties":{"ano":2010,"camada":"industrial","area_km2":0.0009},"geometry":{"type":"Polygon","coordinates":[[[33.726711,-16.132508],[33.726712,-16.132779],[33.726992,-16.132778],[33.726991,-16.132507],[33.726711,-16.132508]]]}},{"type":"Feature","properties":{"ano":2010,"camada":"industrial","area_km2":0.0063},"geometry":{"type":"Polygon","coordinates":[[[33.718853,-16.131993],[33.718857,-16.133077],[33.719138,-16.133076],[33.719136,-16.132534],[33.719416,-16.132533],[33.719695,-16.13199],[33.718853,-16.131993]]]}},{"type":"Feature","properties":{"ano":2010,"camada":"industrial","area_km2":0.0009},"geometry":{"type":"Polygon","coordinates":[[[33.721942,-16.132796],[33.721943,-16.133067],[33.722224,-16.133066],[33.722223,-16.132795],[33.721942,-16.132796]]]}},{"type":"Feature","properties":{"ano":2010,"camada":"industrial","area_km2":0.0171},"geometry":{"type":"Polygon","coordinates":[[[33.734003,-16.131941],[33.734004,-16.132212],[33.734285,-16.132211],[33.734288,-16.133025],[33.734849,-16.133023],[33.734851,-16.133565],[33.735131,-16.133564],[33.735133,-16.134107],[33.735414,-16.134106],[33.735411,-16.133292],[33.735692,-16.133291],[33.73569,-16.132749],[33.734848,-16.132752],[33.734845,-16.131938],[33.734003,-16.131941]]]}},{"type":"Feature","properties":{"ano":2010,"camada":"industrial","area_km2":0.0207},"geometry":{"type":"Polygon","coordinates":[[[33.73204,-16.132219],[33.732044,-16.133304],[33.732325,-16.133303],[33.732327,-16.133845],[33.732607,-16.133844],[33.732608,-16.134115],[33.732889,-16.134114],[33.73289,-16.134385],[33.733452,-16.134655],[33.733448,-16.13357],[33.732886,-16.133301],[33.732883,-16.132487],[33.732322,-16.132489],[33.732321,-16.132218],[33.73204,-16.132219]]]}},{"type":"Feature","properties":{"ano":2010,"camada":"industrial","area_km2":0.0072},"geometry":{"type":"Polygon","coordinates":[[[33.726155,-16.133866],[33.726155,-16.134137],[33.725875,-16.134138],[33.725596,-16.134682],[33.726719,-16.134678],[33.726717,-16.134135],[33.726155,-16.133866]]]}},{"type":"Feature","properties":{"ano":2010,"camada":"industrial","area_km2":0.0018},"geometry":{"type":"Polygon","coordinates":[[[33.726719,-16.134678],[33.72672,-16.134949],[33.727281,-16.134947],[33.72728,-16.134676],[33.726719,-16.134678]]]}},{"type":"Feature","properties":{"ano":2010,"camada":"industrial","area_km2":0.0009},"geometry":{"type":"Polygon","coordinates":[[[33.66725,-16.138126],[33.667251,-16.138398],[33.667531,-16.138397],[33.667531,-16.138126],[33.66725,-16.138126]]]}},{"type":"Feature","properties":{"ano":2010,"camada":"industrial","area_km2":0.0126},"geometry":{"type":"Polygon","coordinates":[[[33.669773,-16.137576],[33.669774,-16.137847],[33.670336,-16.138117],[33.67034,-16.139201],[33.67062,-16.139201],[33.670621,-16.139472],[33.671183,-16.13947],[33.671182,-16.139199],[33.670901,-16.1392],[33.670897,-16.138115],[33.670617,-16.138116],[33.670334,-16.137574],[33.669773,-16.137576]]]}},{"type":"Feature","properties":{"ano":2010,"camada":"industrial","area_km2":0.0018},"geometry":{"type":"Polygon","coordinates":[[[33.668656,-16.138936],[33.668657,-16.139478],[33.668938,-16.139477],[33.668936,-16.138935],[33.668656,-16.138936]]]}},{"type":"Feature","properties":{"ano":2010,"camada":"industrial","area_km2":0.0018},"geometry":{"type":"Polygon","coordinates":[[[33.732346,-16.138998],[33.732347,-16.139269],[33.732908,-16.139267],[33.732907,-16.138996],[33.732346,-16.138998]]]}},{"type":"Feature","properties":{"ano":2010,"camada":"industrial","area_km2":0.0018},"geometry":{"type":"Polygon","coordinates":[[[33.736554,-16.138983],[33.736555,-16.139254],[33.737116,-16.139252],[33.737115,-16.138981],[33.736554,-16.138983]]]}},{"type":"Feature","properties":{"ano":2010,"camada":"industrial","area_km2":0.0009},"geometry":{"type":"Polygon","coordinates":[[[33.737681,-16.140064],[33.737682,-16.140335],[33.737962,-16.140334],[33.737961,-16.140063],[33.737681,-16.140064]]]}},{"type":"Feature","properties":{"ano":2010,"camada":"industrial","area_km2":0.0009},"geometry":{"type":"Polygon","coordinates":[[[33.737962,-16.140334],[33.737963,-16.140605],[33.738244,-16.140604],[33.738243,-16.140333],[33.737962,-16.140334]]]}},{"type":"Feature","properties":{"ano":2010,"camada":"industrial","area_km2":0.0009},"geometry":{"type":"Polygon","coordinates":[[[33.670906,-16.140827],[33.670907,-16.141098],[33.671188,-16.141097],[33.671187,-16.140826],[33.670906,-16.140827]]]}},{"type":"Feature","properties":{"ano":2010,"camada":"industrial","area_km2":0.0009},"geometry":{"type":"Polygon","coordinates":[[[33.768827,-16.140767],[33.768828,-16.141039],[33.769108,-16.141038],[33.769107,-16.140766],[33.768827,-16.140767]]]}},{"type":"Feature","properties":{"ano":2010,"camada":"industrial","area_km2":0.0018},"geometry":{"type":"Polygon","coordinates":[[[33.77921,-16.141272],[33.779211,-16.141543],[33.779772,-16.141541],[33.779771,-16.14127],[33.77921,-16.141272]]]}},{"type":"Feature","properties":{"ano":2010,"camada":"industrial","area_km2":0.0009},"geometry":{"type":"Polygon","coordinates":[[[33.767988,-16.141584],[33.767989,-16.141855],[33.76827,-16.141854],[33.768269,-16.141583],[33.767988,-16.141584]]]}},{"type":"Feature","properties":{"ano":2010,"camada":"industrial","area_km2":0.0009},"geometry":{"type":"Polygon","coordinates":[[[33.76911,-16.14158],[33.769111,-16.141851],[33.769392,-16.14185],[33.769391,-16.141579],[33.76911,-16.14158]]]}},{"type":"Feature","properties":{"ano":2010,"camada":"industrial","area_km2":0.0018},"geometry":{"type":"Polygon","coordinates":[[[33.779772,-16.141541],[33.779773,-16.141812],[33.780334,-16.14181],[33.780333,-16.141539],[33.779772,-16.141541]]]}},{"type":"Feature","properties":{"ano":2010,"camada":"industrial","area_km2":0.0099},"geometry":{"type":"Polygon","coordinates":[[[33.671189,-16.141368],[33.671191,-16.141911],[33.669788,-16.141915],[33.66979,-16.142458],[33.670351,-16.142456],[33.67035,-16.142185],[33.671753,-16.14218],[33.671752,-16.141909],[33.671471,-16.14191],[33.671469,-16.141367],[33.671189,-16.141368]]]}},{"type":"Feature","properties":{"ano":2010,"camada":"industrial","area_km2":0.0009},"geometry":{"type":"Polygon","coordinates":[[[33.738811,-16.14223],[33.738812,-16.142501],[33.739092,-16.1425],[33.739091,-16.142229],[33.738811,-16.14223]]]}},{"type":"Feature","properties":{"ano":2010,"camada":"industrial","area_km2":0.0099},"geometry":{"type":"Polygon","coordinates":[[[33.770232,-16.141305],[33.770235,-16.142118],[33.769954,-16.142119],[33.769955,-16.142391],[33.771079,-16.142658],[33.770794,-16.141574],[33.770232,-16.141305]]]}},{"type":"Feature","properties":{"ano":2010,"camada":"industrial","area_km2":0.0063},"geometry":{"type":"Polygon","coordinates":[[[33.666985,-16.142738],[33.666987,-16.14328],[33.667828,-16.143277],[33.667827,-16.143006],[33.668108,-16.143005],[33.668107,-16.142734],[33.666985,-16.142738]]]}},{"type":"Feature","properties":{"ano":2010,"camada":"industrial","area_km2":0.0009},"geometry":{"type":"Polygon","coordinates":[[[33.768834,-16.142666],[33.768835,-16.142937],[33.769116,-16.142936],[33.769115,-16.142665],[33.768834,-16.142666]]]}},{"type":"Feature","properties":{"ano":2010,"camada":"industrial","area_km2":0.0009},"geometry":{"type":"Polygon","coordinates":[[[33.768556,-16.143209],[33.768557,-16.14348],[33.768837,-16.143479],[33.768836,-16.143208],[33.768556,-16.143209]]]}},{"type":"Feature","properties":{"ano":2010,"camada":"industrial","area_km2":0.0009},"geometry":{"type":"Polygon","coordinates":[[[33.671198,-16.14408],[33.671199,-16.144351],[33.67148,-16.144351],[33.671479,-16.144079],[33.671198,-16.14408]]]}},{"type":"Feature","properties":{"ano":2010,"camada":"industrial","area_km2":0.0009},"geometry":{"type":"Polygon","coordinates":[[[33.668395,-16.144903],[33.668396,-16.145174],[33.668676,-16.145173],[33.668676,-16.144902],[33.668395,-16.144903]]]}},{"type":"Feature","properties":{"ano":2010,"camada":"industrial","area_km2":0.0009},"geometry":{"type":"Polygon","coordinates":[[[33.737979,-16.144944],[33.73798,-16.145215],[33.738261,-16.145215],[33.73826,-16.144943],[33.737979,-16.144944]]]}},{"type":"Feature","properties":{"ano":2010,"camada":"industrial","area_km2":0.009},"geometry":{"type":"Polygon","coordinates":[[[33.771644,-16.14374],[33.771645,-16.144012],[33.771926,-16.144011],[33.771929,-16.144824],[33.771648,-16.144825],[33.77165,-16.145367],[33.771931,-16.145366],[33.77193,-16.145095],[33.772491,-16.145093],[33.77249,-16.144822],[33.772209,-16.144823],[33.772206,-16.144009],[33.772487,-16.144008],[33.772486,-16.143737],[33.771644,-16.14374]]]}},{"type":"Feature","properties":{"ano":2010,"camada":"industrial","area_km2":0.0009},"geometry":{"type":"Polygon","coordinates":[[[33.669519,-16.145442],[33.66952,-16.145713],[33.669801,-16.145712],[33.6698,-16.145441],[33.669519,-16.145442]]]}},{"type":"Feature","properties":{"ano":2010,"camada":"industrial","area_km2":0.0009},"geometry":{"type":"Polygon","coordinates":[[[33.775298,-16.145354],[33.775299,-16.145625],[33.775579,-16.145624],[33.775578,-16.145353],[33.775298,-16.145354]]]}},{"type":"Feature","properties":{"ano":2010,"camada":"industrial","area_km2":0.0054},"geometry":{"type":"Polygon","coordinates":[[[33.668399,-16.145987],[33.6684,-16.14653],[33.669242,-16.146527],[33.66924,-16.145985],[33.668399,-16.145987]]]}},{"type":"Feature","properties":{"ano":2010,"camada":"industrial","area_km2":0.0009},"geometry":{"type":"Polygon","coordinates":[[[33.775861,-16.145895],[33.775862,-16.146166],[33.776143,-16.146165],[33.776142,-16.145894],[33.775861,-16.145895]]]}},{"type":"Feature","properties":{"ano":2010,"camada":"industrial","area_km2":0.1287},"geometry":{"type":"Polygon","coordinates":[[[33.656877,-16.140599],[33.656879,-16.141142],[33.656318,-16.141143],[33.656319,-16.141686],[33.65688,-16.141684],[33.656884,-16.142769],[33.656042,-16.142771],[33.65604,-16.141958],[33.655478,-16.14196],[33.655481,-16.142773],[33.654639,-16.142776],[33.654641,-16.143318],[33.65408,-16.14332],[33.654082,-16.143862],[33.653801,-16.143863],[33.653804,-16.144677],[33.653243,-16.144678],[33.653245,-16.145221],[33.653806,-16.145219],[33.653809,-16.146304],[33.653529,-16.146305],[33.653811,-16.146846],[33.654092,-16.146845],[33.65409,-16.146303],[33.65437,-16.146302],[33.654368,-16.145489],[33.654648,-16.145488],[33.654647,-16.145216],[33.65605,-16.145212],[33.656051,-16.145483],[33.656612,-16.145482],[33.656611,-16.144939],[33.657733,-16.144936],[33.657732,-16.144665],[33.658013,-16.144664],[33.658012,-16.144393],[33.657731,-16.144393],[33.657728,-16.143309],[33.657447,-16.14331],[33.657444,-16.142496],[33.658567,-16.142492],[33.658566,-16.142221],[33.658005,-16.142223],[33.658001,-16.141138],[33.65772,-16.141139],[33.657719,-16.140597],[33.656877,-16.140599]],[[33.654923,-16.143588],[33.656045,-16.143585],[33.656046,-16.143856],[33.656607,-16.143855],[33.656611,-16.144939],[33.654927,-16.144944],[33.654923,-16.143588]]]}},{"type":"Feature","properties":{"ano":2010,"camada":"industrial","area_km2":0.0018},"geometry":{"type":"Polygon","coordinates":[[[33.669243,-16.146798],[33.669244,-16.14707],[33.669805,-16.147068],[33.669804,-16.146797],[33.669243,-16.146798]]]}},{"type":"Feature","properties":{"ano":2010,"camada":"industrial","area_km2":0.0072},"geometry":{"type":"Polygon","coordinates":[[[33.666156,-16.146537],[33.665877,-16.14708],[33.666719,-16.147077],[33.66672,-16.147349],[33.66728,-16.147076],[33.667279,-16.146804],[33.666156,-16.146537]]]}},{"type":"Feature","properties":{"ano":2010,"camada":"industrial","area_km2":0.0009},"geometry":{"type":"Polygon","coordinates":[[[33.674856,-16.147052],[33.674857,-16.147323],[33.675137,-16.147322],[33.675136,-16.147051],[33.674856,-16.147052]]]}},{"type":"Feature","properties":{"ano":2010,"camada":"industrial","area_km2":0.0441},"geometry":{"type":"Polygon","coordinates":[[[33.672035,-16.142722],[33.672039,-16.143806],[33.671478,-16.143808],[33.671479,-16.144079],[33.67232,-16.144077],[33.672321,-16.144348],[33.672602,-16.144347],[33.672603,-16.144618],[33.673165,-16.144888],[33.673167,-16.14543],[33.673447,-16.145429],[33.673448,-16.1457],[33.67401,-16.14597],[33.674013,-16.146783],[33.673171,-16.146786],[33.673173,-16.147328],[33.673454,-16.147327],[33.673456,-16.14787],[33.673736,-16.147869],[33.673735,-16.147598],[33.674016,-16.147597],[33.674014,-16.147054],[33.674856,-16.147052],[33.674853,-16.146238],[33.674572,-16.146239],[33.674571,-16.145968],[33.674291,-16.145969],[33.674289,-16.145426],[33.674008,-16.145427],[33.674007,-16.145156],[33.673445,-16.144887],[33.673444,-16.144344],[33.672882,-16.144075],[33.67288,-16.143533],[33.672319,-16.143534],[33.672316,-16.142721],[33.672035,-16.142722]]]}},{"type":"Feature","properties":{"ano":2010,"camada":"industrial","area_km2":0.0054},"geometry":{"type":"Polygon","coordinates":[[[33.670086,-16.147067],[33.670088,-16.147609],[33.670368,-16.147608],[33.670369,-16.14788],[33.671211,-16.147877],[33.67121,-16.147606],[33.670649,-16.147607],[33.670648,-16.147336],[33.670086,-16.147067]]]}},{"type":"Feature","properties":{"ano":2010,"camada":"industrial","area_km2":0.0036},"geometry":{"type":"Polygon","coordinates":[[[33.664477,-16.147898],[33.664479,-16.14844],[33.664759,-16.14844],[33.664758,-16.148168],[33.665319,-16.148167],[33.665319,-16.147895],[33.664477,-16.147898]]]}},{"type":"Feature","properties":{"ano":2010,"camada":"industrial","area_km2":0.0036},"geometry":{"type":"Polygon","coordinates":[[[33.668686,-16.147885],[33.668689,-16.14897],[33.66897,-16.148969],[33.668966,-16.147884],[33.668686,-16.147885]]]}},{"type":"Feature","properties":{"ano":2010,"camada":"industrial","area_km2":0.0144},"geometry":{"type":"Polygon","coordinates":[[[33.675137,-16.147322],[33.675142,-16.148678],[33.675984,-16.148675],[33.675984,-16.148947],[33.676265,-16.148946],[33.676267,-16.149488],[33.676547,-16.149487],[33.676545,-16.148674],[33.676264,-16.148675],[33.676263,-16.148403],[33.675701,-16.148134],[33.675699,-16.147592],[33.675137,-16.147322]]]}},{"type":"Feature","properties":{"ano":2010,"camada":"industrial","area_km2":0.0009},"geometry":{"type":"Polygon","coordinates":[[[33.671499,-16.150046],[33.6715,-16.150317],[33.67178,-16.150316],[33.671779,-16.150045],[33.671499,-16.150046]]]}},{"type":"Feature","properties":{"ano":2010,"camada":"industrial","area_km2":0.0045},"geometry":{"type":"Polygon","coordinates":[[[33.661398,-16.150077],[33.661119,-16.15062],[33.662241,-16.150617],[33.66224,-16.150346],[33.661679,-16.150347],[33.661678,-16.150076],[33.661398,-16.150077]]]}},{"type":"Feature","properties":{"ano":2010,"camada":"industrial","area_km2":0.0009},"geometry":{"type":"Polygon","coordinates":[[[33.677392,-16.150298],[33.677393,-16.150569],[33.677673,-16.150568],[33.677673,-16.150297],[33.677392,-16.150298]]]}},{"type":"Feature","properties":{"ano":2010,"camada":"industrial","area_km2":0.0009},"geometry":{"type":"Polygon","coordinates":[[[33.775036,-16.150237],[33.775037,-16.150508],[33.775318,-16.150507],[33.775317,-16.150236],[33.775036,-16.150237]]]}},{"type":"Feature","properties":{"ano":2010,"camada":"industrial","area_km2":0.0063},"geometry":{"type":"Polygon","coordinates":[[[33.672902,-16.150041],[33.672904,-16.150855],[33.673467,-16.151124],[33.673745,-16.150581],[33.673465,-16.150582],[33.673464,-16.150311],[33.672902,-16.150041]]]}},{"type":"Feature","properties":{"ano":2010,"camada":"industrial","area_km2":0.0045},"geometry":{"type":"Polygon","coordinates":[[[33.668696,-16.150868],[33.668697,-16.151139],[33.66982,-16.151407],[33.669537,-16.150865],[33.668696,-16.150868]]]}},{"type":"Feature","properties":{"ano":2010,"camada":"industrial","area_km2":0.0009},"geometry":{"type":"Polygon","coordinates":[[[33.678517,-16.151108],[33.678518,-16.151379],[33.678799,-16.151378],[33.678798,-16.151107],[33.678517,-16.151108]]]}},{"type":"Feature","properties":{"ano":2010,"camada":"industrial","area_km2":0.0009},"geometry":{"type":"Polygon","coordinates":[[[33.678799,-16.151378],[33.6788,-16.15165],[33.67908,-16.151649],[33.679079,-16.151377],[33.678799,-16.151378]]]}},{"type":"Feature","properties":{"ano":2010,"camada":"industrial","area_km2":0.0504},"geometry":{"type":"Polygon","coordinates":[[[33.657188,-16.149819],[33.657194,-16.151717],[33.657475,-16.151716],[33.657476,-16.151988],[33.65944,-16.151982],[33.659434,-16.150354],[33.659154,-16.150355],[33.659153,-16.150084],[33.65775,-16.150088],[33.657749,-16.149817],[33.657188,-16.149819]]]}},{"type":"Feature","properties":{"ano":2010,"camada":"industrial","area_km2":0.1305},"geometry":{"type":"Polygon","coordinates":[[[33.653533,-16.147661],[33.653534,-16.147932],[33.652692,-16.147934],[33.652694,-16.148477],[33.652413,-16.148478],[33.652415,-16.14902],[33.652135,-16.149021],[33.652137,-16.149834],[33.651857,-16.149835],[33.651858,-16.150107],[33.651297,-16.150379],[33.651299,-16.150922],[33.651019,-16.150923],[33.651021,-16.151736],[33.650741,-16.151737],[33.650741,-16.152008],[33.651303,-16.152007],[33.6513,-16.151193],[33.651581,-16.151192],[33.65158,-16.150921],[33.652421,-16.150918],[33.652422,-16.15119],[33.652984,-16.151188],[33.652984,-16.151459],[33.653826,-16.151456],[33.654105,-16.150913],[33.655226,-16.150639],[33.655225,-16.150096],[33.655786,-16.150094],[33.655784,-16.149552],[33.654942,-16.149555],[33.65494,-16.148741],[33.65522,-16.14874],[33.655218,-16.148198],[33.65578,-16.148196],[33.655779,-16.147925],[33.654937,-16.147928],[33.654936,-16.147656],[33.653533,-16.147661]]]}},{"type":"Feature","properties":{"ano":2010,"camada":"industrial","area_km2":0.0009},"geometry":{"type":"Polygon","coordinates":[[[33.677118,-16.152197],[33.677119,-16.152469],[33.677399,-16.152468],[33.677398,-16.152196],[33.677118,-16.152197]]]}},{"type":"Feature","properties":{"ano":2010,"camada":"industrial","area_km2":0.0009},"geometry":{"type":"Polygon","coordinates":[[[33.680205,-16.152459],[33.680206,-16.15273],[33.680487,-16.152729],[33.680486,-16.152458],[33.680205,-16.152459]]]}},{"type":"Feature","properties":{"ano":2010,"camada":"industrial","area_km2":0.0009},"geometry":{"type":"Polygon","coordinates":[[[33.680487,-16.152729],[33.680488,-16.153],[33.680768,-16.152999],[33.680767,-16.152728],[33.680487,-16.152729]]]}},{"type":"Feature","properties":{"ano":2010,"camada":"industrial","area_km2":0.0027},"geometry":{"type":"Polygon","coordinates":[[[33.666457,-16.152773],[33.666459,-16.153316],[33.66674,-16.153315],[33.667018,-16.152772],[33.666457,-16.152773]]]}},{"type":"Feature","properties":{"ano":2010,"camada":"industrial","area_km2":0.0018},"geometry":{"type":"Polygon","coordinates":[[[33.664775,-16.15305],[33.664776,-16.153321],[33.665337,-16.153319],[33.665336,-16.153048],[33.664775,-16.15305]]]}},{"type":"Feature","properties":{"ano":2010,"camada":"industrial","area_km2":0.0009},"geometry":{"type":"Polygon","coordinates":[[[33.681895,-16.154352],[33.681896,-16.154623],[33.682177,-16.154622],[33.682176,-16.154351],[33.681895,-16.154352]]]}},{"type":"Feature","properties":{"ano":2010,"camada":"industrial","area_km2":0.0009},"geometry":{"type":"Polygon","coordinates":[[[33.682457,-16.154621],[33.682458,-16.154892],[33.682739,-16.154891],[33.682738,-16.15462],[33.682457,-16.154621]]]}},{"type":"Feature","properties":{"ano":2010,"camada":"industrial","area_km2":0.0009},"geometry":{"type":"Polygon","coordinates":[[[33.66927,-16.154934],[33.669271,-16.155205],[33.669552,-16.155204],[33.669551,-16.154933],[33.66927,-16.154934]]]}},{"type":"Feature","properties":{"ano":2010,"camada":"industrial","area_km2":0.0009},"geometry":{"type":"Polygon","coordinates":[[[33.682739,-16.154891],[33.68274,-16.155162],[33.68302,-16.155162],[33.68302,-16.15489],[33.682739,-16.154891]]]}},{"type":"Feature","properties":{"ano":2010,"camada":"industrial","area_km2":0.0117},"geometry":{"type":"Polygon","coordinates":[[[33.663095,-16.15414],[33.662816,-16.154683],[33.663377,-16.154681],[33.663378,-16.154952],[33.663659,-16.154952],[33.66366,-16.155494],[33.664502,-16.155491],[33.6645,-16.154949],[33.663939,-16.154951],[33.663938,-16.15468],[33.663658,-16.15468],[33.663656,-16.154138],[33.663095,-16.15414]]]}},{"type":"Feature","properties":{"ano":2010,"camada":"industrial","area_km2":0.0009},"geometry":{"type":"Polygon","coordinates":[[[33.678812,-16.155175],[33.678812,-16.155446],[33.679093,-16.155445],[33.679092,-16.155174],[33.678812,-16.155175]]]}},{"type":"Feature","properties":{"ano":2010,"camada":"industrial","area_km2":0.0027},"geometry":{"type":"Polygon","coordinates":[[[33.658048,-16.155511],[33.658049,-16.155783],[33.658891,-16.15578],[33.65889,-16.155509],[33.658048,-16.155511]]]}},{"type":"Feature","properties":{"ano":2010,"camada":"industrial","area_km2":0.0747},"geometry":{"type":"Polygon","coordinates":[[[33.647928,-16.149847],[33.64793,-16.15039],[33.64737,-16.150663],[33.647371,-16.150934],[33.647932,-16.150932],[33.647936,-16.152288],[33.647375,-16.15229],[33.647388,-16.156086],[33.647668,-16.156086],[33.647666,-16.155543],[33.647947,-16.155542],[33.647946,-16.155271],[33.648506,-16.154998],[33.648505,-16.154456],[33.649065,-16.154183],[33.649061,-16.152827],[33.64878,-16.152828],[33.648774,-16.15093],[33.648212,-16.15066],[33.648209,-16.149846],[33.647928,-16.149847]]]}},{"type":"Feature","properties":{"ano":2010,"camada":"industrial","area_km2":0.0036},"geometry":{"type":"Polygon","coordinates":[[[33.659733,-16.155777],[33.659734,-16.156049],[33.660295,-16.156047],[33.660296,-16.156318],[33.660577,-16.156317],[33.660575,-16.155775],[33.659733,-16.155777]]]}},{"type":"Feature","properties":{"ano":2010,"camada":"industrial","area_km2":0.0018},"geometry":{"type":"Polygon","coordinates":[[[33.662259,-16.156041],[33.66226,-16.156312],[33.662821,-16.15631],[33.66282,-16.156039],[33.662259,-16.156041]]]}},{"type":"Feature","properties":{"ano":2010,"camada":"industrial","area_km2":0.0054},"geometry":{"type":"Polygon","coordinates":[[[33.649629,-16.154995],[33.649634,-16.156622],[33.649915,-16.156621],[33.649909,-16.154994],[33.649629,-16.154995]]]}},{"type":"Feature","properties":{"ano":2010,"camada":"industrial","area_km2":0.0018},"geometry":{"type":"Polygon","coordinates":[[[33.675449,-16.156542],[33.67545,-16.156813],[33.676011,-16.156811],[33.67601,-16.15654],[33.675449,-16.156542]]]}},{"type":"Feature","properties":{"ano":2010,"camada":"industrial","area_km2":0.0891},"geometry":{"type":"Polygon","coordinates":[[[33.668141,-16.152768],[33.668423,-16.15331],[33.668984,-16.153308],[33.668986,-16.15385],[33.669828,-16.153848],[33.669831,-16.154661],[33.670392,-16.154659],[33.670395,-16.155473],[33.670675,-16.155472],[33.670676,-16.155743],[33.671237,-16.155741],[33.671238,-16.156013],[33.67208,-16.15601],[33.672081,-16.156281],[33.672362,-16.15628],[33.672364,-16.157094],[33.672925,-16.156821],[33.672924,-16.15655],[33.672643,-16.156551],[33.672639,-16.155466],[33.672078,-16.155468],[33.672075,-16.154654],[33.673198,-16.15465],[33.673477,-16.154107],[33.673196,-16.154108],[33.673195,-16.153837],[33.672353,-16.15384],[33.672351,-16.153026],[33.67207,-16.153027],[33.672069,-16.152756],[33.670666,-16.15276],[33.670667,-16.153031],[33.670386,-16.153032],[33.670388,-16.153575],[33.669266,-16.153578],[33.669264,-16.153036],[33.668983,-16.153037],[33.668983,-16.152765],[33.668141,-16.152768]],[[33.670949,-16.153302],[33.672071,-16.153298],[33.672074,-16.154112],[33.670951,-16.154115],[33.670949,-16.153302]]]}},{"type":"Feature","properties":{"ano":2010,"camada":"industrial","area_km2":0.0369},"geometry":{"type":"Polygon","coordinates":[[[33.667867,-16.154938],[33.667868,-16.15521],[33.666465,-16.155214],[33.666466,-16.155485],[33.666186,-16.155486],[33.666187,-16.155757],[33.666467,-16.155756],[33.666471,-16.156841],[33.666751,-16.15684],[33.666752,-16.157111],[33.667314,-16.15711],[33.667312,-16.156567],[33.667592,-16.156566],[33.667871,-16.156023],[33.668713,-16.156021],[33.66871,-16.155207],[33.66843,-16.155208],[33.668429,-16.154937],[33.667867,-16.154938]]]}},{"type":"Feature","properties":{"ano":2010,"camada":"industrial","area_km2":0.0036},"geometry":{"type":"Polygon","coordinates":[[[33.649354,-16.156623],[33.649354,-16.156894],[33.648793,-16.156896],[33.648794,-16.157167],[33.649636,-16.157164],[33.649634,-16.156622],[33.649354,-16.156623]]]}},{"type":"Feature","properties":{"ano":2010,"camada":"industrial","area_km2":0.0018},"geometry":{"type":"Polygon","coordinates":[[[33.670399,-16.156829],[33.6704,-16.1571],[33.670961,-16.157098],[33.67096,-16.156827],[33.670399,-16.156829]]]}},{"type":"Feature","properties":{"ano":2010,"camada":"industrial","area_km2":0.0009},"geometry":{"type":"Polygon","coordinates":[[[33.791897,-16.156683],[33.791898,-16.156954],[33.792179,-16.156953],[33.792177,-16.156682],[33.791897,-16.156683]]]}},{"type":"Feature","properties":{"ano":2010,"camada":"industrial","area_km2":0.0009},"geometry":{"type":"Polygon","coordinates":[[[33.68387,-16.157328],[33.683871,-16.1576],[33.684151,-16.157599],[33.68415,-16.157327],[33.68387,-16.157328]]]}},{"type":"Feature","properties":{"ano":2010,"camada":"industrial","area_km2":0.0054},"geometry":{"type":"Polygon","coordinates":[[[33.664788,-16.157118],[33.664789,-16.157389],[33.664509,-16.15739],[33.66423,-16.157933],[33.665072,-16.15793],[33.665069,-16.157117],[33.664788,-16.157118]]]}},{"type":"Feature","properties":{"ano":2010,"camada":"industrial","area_km2":0.0036},"geometry":{"type":"Polygon","coordinates":[[[33.674612,-16.1579],[33.674614,-16.158443],[33.675175,-16.158441],[33.675173,-16.157899],[33.674612,-16.1579]]]}},{"type":"Feature","properties":{"ano":2010,"camada":"industrial","area_km2":0.0009},"geometry":{"type":"Polygon","coordinates":[[[33.677138,-16.158163],[33.677139,-16.158435],[33.67742,-16.158434],[33.677419,-16.158163],[33.677138,-16.158163]]]}},{"type":"Feature","properties":{"ano":2010,"camada":"industrial","area_km2":0.0009},"geometry":{"type":"Polygon","coordinates":[[[33.6777,-16.158433],[33.677701,-16.158704],[33.677982,-16.158703],[33.677981,-16.158432],[33.6777,-16.158433]]]}},{"type":"Feature","properties":{"ano":2010,"camada":"industrial","area_km2":0.0054},"geometry":{"type":"Polygon","coordinates":[[[33.684151,-16.157599],[33.684154,-16.158412],[33.684435,-16.158411],[33.684436,-16.158954],[33.684717,-16.158953],[33.684714,-16.158139],[33.684434,-16.15814],[33.684432,-16.157598],[33.684151,-16.157599]]]}},{"type":"Feature","properties":{"ano":2010,"camada":"industrial","area_km2":0.0009},"geometry":{"type":"Polygon","coordinates":[[[33.664514,-16.159017],[33.664515,-16.159288],[33.664795,-16.159287],[33.664795,-16.159016],[33.664514,-16.159017]]]}},{"type":"Feature","properties":{"ano":2010,"camada":"industrial","area_km2":0.0009},"geometry":{"type":"Polygon","coordinates":[[[33.684717,-16.158953],[33.684718,-16.159224],[33.684999,-16.159223],[33.684998,-16.158952],[33.684717,-16.158953]]]}},{"type":"Feature","properties":{"ano":2010,"camada":"industrial","area_km2":0.0009},"geometry":{"type":"Polygon","coordinates":[[[33.66676,-16.159281],[33.666761,-16.159552],[33.667041,-16.159551],[33.66704,-16.15928],[33.66676,-16.159281]]]}},{"type":"Feature","properties":{"ano":2010,"camada":"industrial","area_km2":0.0072},"geometry":{"type":"Polygon","coordinates":[[[33.675457,-16.158982],[33.675458,-16.159254],[33.675739,-16.159253],[33.676021,-16.159794],[33.677144,-16.159791],[33.677143,-16.159519],[33.676301,-16.159522],[33.676019,-16.158981],[33.675457,-16.158982]]]}},{"type":"Feature","properties":{"ano":2010,"camada":"industrial","area_km2":0.0018},"geometry":{"type":"Polygon","coordinates":[[[33.685281,-16.159765],[33.685283,-16.160307],[33.685564,-16.160306],[33.685562,-16.159764],[33.685281,-16.159765]]]}},{"type":"Feature","properties":{"ano":2010,"camada":"industrial","area_km2":0.0198},"geometry":{"type":"Polygon","coordinates":[[[33.798351,-16.15693],[33.798359,-16.158828],[33.79864,-16.158827],[33.798643,-16.159641],[33.798362,-16.159642],[33.798363,-16.159913],[33.798925,-16.159911],[33.798917,-16.158013],[33.799198,-16.158012],[33.799194,-16.157198],[33.798914,-16.157199],[33.798913,-16.156928],[33.798351,-16.15693]]]}},{"type":"Feature","properties":{"ano":2010,"camada":"industrial","area_km2":0.0666},"geometry":{"type":"Polygon","coordinates":[[[33.665633,-16.157929],[33.665635,-16.158471],[33.666196,-16.158469],[33.666198,-16.159283],[33.66676,-16.159281],[33.666757,-16.158467],[33.667879,-16.158464],[33.667883,-16.159549],[33.667322,-16.15955],[33.667323,-16.159822],[33.668446,-16.160089],[33.668448,-16.160632],[33.66929,-16.160629],[33.669286,-16.159544],[33.669846,-16.159271],[33.669845,-16.159],[33.669283,-16.158731],[33.66928,-16.157917],[33.665633,-16.157929]]]}},{"type":"Feature","properties":{"ano":2010,"camada":"industrial","area_km2":0.0009},"geometry":{"type":"Polygon","coordinates":[[[33.685564,-16.160306],[33.685564,-16.160577],[33.685845,-16.160576],[33.685844,-16.160305],[33.685564,-16.160306]]]}},{"type":"Feature","properties":{"ano":2010,"camada":"industrial","area_km2":0.0027},"geometry":{"type":"Polygon","coordinates":[[[33.666483,-16.160367],[33.666484,-16.160909],[33.666765,-16.160908],[33.667044,-16.160365],[33.666483,-16.160367]]]}},{"type":"Feature","properties":{"ano":2010,"camada":"industrial","area_km2":0.0009},"geometry":{"type":"Polygon","coordinates":[[[33.685845,-16.160576],[33.685846,-16.160848],[33.686127,-16.160847],[33.686126,-16.160575],[33.685845,-16.160576]]]}},{"type":"Feature","properties":{"ano":2010,"camada":"industrial","area_km2":0.0027},"geometry":{"type":"Polygon","coordinates":[[[33.676025,-16.160879],[33.676026,-16.16115],[33.676868,-16.161147],[33.676867,-16.160876],[33.676025,-16.160879]]]}},{"type":"Feature","properties":{"ano":2010,"camada":"industrial","area_km2":0.0027},"geometry":{"type":"Polygon","coordinates":[[[33.681918,-16.16086],[33.681919,-16.161131],[33.68276,-16.161129],[33.682759,-16.160857],[33.681918,-16.16086]]]}},{"type":"Feature","properties":{"ano":2010,"camada":"industrial","area_km2":0.0009},"geometry":{"type":"Polygon","coordinates":[[[33.816044,-16.16066],[33.816045,-16.160931],[33.816326,-16.16093],[33.816325,-16.160659],[33.816044,-16.16066]]]}},{"type":"Feature","properties":{"ano":2010,"camada":"industrial","area_km2":0.0027},"geometry":{"type":"Polygon","coordinates":[[[33.683041,-16.161128],[33.683044,-16.161941],[33.683324,-16.16194],[33.683322,-16.161127],[33.683041,-16.161128]]]}},{"type":"Feature","properties":{"ano":2010,"camada":"industrial","area_km2":0.0009},"geometry":{"type":"Polygon","coordinates":[[[33.686692,-16.16193],[33.686693,-16.162201],[33.686973,-16.1622],[33.686972,-16.161929],[33.686692,-16.16193]]]}},{"type":"Feature","properties":{"ano":2010,"camada":"industrial","area_km2":0.0045},"geometry":{"type":"Polygon","coordinates":[[[33.64993,-16.161231],[33.649934,-16.162587],[33.650215,-16.162586],[33.65021,-16.161231],[33.64993,-16.161231]]]}},{"type":"Feature","properties":{"ano":2010,"camada":"industrial","area_km2":0.0009},"geometry":{"type":"Polygon","coordinates":[[[33.686973,-16.1622],[33.686974,-16.162471],[33.687255,-16.16247],[33.687254,-16.162199],[33.686973,-16.1622]]]}},{"type":"Feature","properties":{"ano":2010,"camada":"industrial","area_km2":0.0135},"geometry":{"type":"Polygon","coordinates":[[[33.813239,-16.160942],[33.81324,-16.161213],[33.81296,-16.161214],[33.812681,-16.161757],[33.81212,-16.161759],[33.812121,-16.162031],[33.812963,-16.162027],[33.812962,-16.161756],[33.814084,-16.161752],[33.814081,-16.160938],[33.813239,-16.160942]]]}},{"type":"Feature","properties":{"ano":2010,"camada":"industrial","area_km2":0.0153},"geometry":{"type":"Polygon","coordinates":[[[33.669574,-16.161713],[33.669578,-16.162798],[33.669858,-16.162797],[33.669856,-16.162254],[33.670979,-16.162251],[33.67098,-16.162522],[33.671821,-16.162519],[33.671821,-16.162248],[33.671259,-16.16225],[33.671257,-16.161708],[33.669574,-16.161713]]]}},{"type":"Feature","properties":{"ano":2010,"camada":"industrial","area_km2":0.0126},"geometry":{"type":"Polygon","coordinates":[[[33.816326,-16.16093],[33.816329,-16.161743],[33.816049,-16.161744],[33.81605,-16.162016],[33.816612,-16.162285],[33.816611,-16.162013],[33.817172,-16.162011],[33.817168,-16.160927],[33.816326,-16.16093]]]}},{"type":"Feature","properties":{"ano":2010,"camada":"industrial","area_km2":0.0009},"geometry":{"type":"Polygon","coordinates":[[[33.687255,-16.16247],[33.687256,-16.162741],[33.687536,-16.16274],[33.687535,-16.162469],[33.687255,-16.16247]]]}},{"type":"Feature","properties":{"ano":2010,"camada":"industrial","area_km2":0.0009},"geometry":{"type":"Polygon","coordinates":[[[33.675752,-16.163049],[33.675753,-16.163321],[33.676033,-16.16332],[33.676032,-16.163048],[33.675752,-16.163049]]]}},{"type":"Feature","properties":{"ano":2010,"camada":"industrial","area_km2":0.0657},"geometry":{"type":"Polygon","coordinates":[[[33.678264,-16.159245],[33.678266,-16.159787],[33.678547,-16.159786],[33.67855,-16.160871],[33.678831,-16.16087],[33.678834,-16.161684],[33.677992,-16.161686],[33.677995,-16.1625],[33.677714,-16.162501],[33.677715,-16.162772],[33.677996,-16.162771],[33.677998,-16.163585],[33.678279,-16.163584],[33.678277,-16.163041],[33.679119,-16.163039],[33.679117,-16.162496],[33.679678,-16.162494],[33.679677,-16.162223],[33.6808,-16.16222],[33.680799,-16.161948],[33.68108,-16.161948],[33.681079,-16.161676],[33.680517,-16.161678],[33.680516,-16.161407],[33.680236,-16.161408],[33.680234,-16.160866],[33.679953,-16.160866],[33.679954,-16.161138],[33.679113,-16.16114],[33.679109,-16.160056],[33.680231,-16.160052],[33.68051,-16.159509],[33.678826,-16.159514],[33.678825,-16.159243],[33.678264,-16.159245]]]}},{"type":"Feature","properties":{"ano":2010,"camada":"industrial","area_km2":0.0072},"geometry":{"type":"Polygon","coordinates":[[[33.674349,-16.163054],[33.67435,-16.163325],[33.674069,-16.163326],[33.67379,-16.163869],[33.674632,-16.163866],[33.674631,-16.163595],[33.674912,-16.163594],[33.67491,-16.163052],[33.674349,-16.163054]]]}},{"type":"Feature","properties":{"ano":2010,"camada":"industrial","area_km2":0.0009},"geometry":{"type":"Polygon","coordinates":[[[33.6881,-16.163552],[33.688101,-16.163823],[33.688382,-16.163822],[33.688381,-16.163551],[33.6881,-16.163552]]]}},{"type":"Feature","properties":{"ano":2010,"camada":"industrial","area_km2":0.0009},"geometry":{"type":"Polygon","coordinates":[[[33.795851,-16.163177],[33.795852,-16.163448],[33.796133,-16.163447],[33.796132,-16.163176],[33.795851,-16.163177]]]}},{"type":"Feature","properties":{"ano":2010,"camada":"industrial","area_km2":0.0009},"geometry":{"type":"Polygon","coordinates":[[[33.780139,-16.163506],[33.78014,-16.163777],[33.78042,-16.163776],[33.780419,-16.163505],[33.780139,-16.163506]]]}},{"type":"Feature","properties":{"ano":2010,"camada":"industrial","area_km2":0.0216},"geometry":{"type":"Polygon","coordinates":[[[33.662284,-16.163363],[33.662284,-16.163634],[33.660881,-16.163638],[33.660882,-16.16391],[33.663688,-16.163901],[33.66369,-16.164443],[33.664251,-16.164441],[33.664249,-16.163628],[33.664529,-16.163627],[33.664528,-16.163356],[33.662284,-16.163363]]]}},{"type":"Feature","properties":{"ano":2010,"camada":"industrial","area_km2":0.018},"geometry":{"type":"Polygon","coordinates":[[[33.671823,-16.163062],[33.671825,-16.163604],[33.670422,-16.163609],[33.670423,-16.16388],[33.670704,-16.163879],[33.670986,-16.16442],[33.672108,-16.164417],[33.672108,-16.164146],[33.672388,-16.164145],[33.672385,-16.163331],[33.671823,-16.163062]]]}},{"type":"Feature","properties":{"ano":2010,"camada":"industrial","area_km2":0.0009},"geometry":{"type":"Polygon","coordinates":[[[33.651062,-16.164211],[33.651063,-16.164482],[33.651343,-16.164481],[33.651343,-16.16421],[33.651062,-16.164211]]]}},{"type":"Feature","properties":{"ano":2010,"camada":"industrial","area_km2":0.0045},"geometry":{"type":"Polygon","coordinates":[[[33.796133,-16.163447],[33.796135,-16.163989],[33.796697,-16.164258],[33.796694,-16.163445],[33.796133,-16.163447]]]}},{"type":"Feature","properties":{"ano":2010,"camada":"industrial","area_km2":0.0018},"geometry":{"type":"Polygon","coordinates":[[[33.651343,-16.164481],[33.651345,-16.165024],[33.651626,-16.165023],[33.651624,-16.164481],[33.651343,-16.164481]]]}},{"type":"Feature","properties":{"ano":2010,"camada":"industrial","area_km2":0.0081},"geometry":{"type":"Polygon","coordinates":[[[33.772566,-16.164347],[33.772287,-16.164891],[33.77369,-16.164886],[33.773688,-16.164343],[33.772566,-16.164347]]]}},{"type":"Feature","properties":{"ano":2010,"camada":"industrial","area_km2":0.0009},"geometry":{"type":"Polygon","coordinates":[[[33.803713,-16.164503],[33.803714,-16.164774],[33.803995,-16.164773],[33.803994,-16.164502],[33.803713,-16.164503]]]}},{"type":"Feature","properties":{"ano":2010,"camada":"industrial","area_km2":0.0018},"geometry":{"type":"Polygon","coordinates":[[[33.651626,-16.165023],[33.651628,-16.165565],[33.651908,-16.165564],[33.651906,-16.165022],[33.651626,-16.165023]]]}},{"type":"Feature","properties":{"ano":2010,"camada":"industrial","area_km2":0.0009},"geometry":{"type":"Polygon","coordinates":[[[33.652189,-16.165564],[33.65219,-16.165835],[33.65247,-16.165834],[33.652469,-16.165563],[33.652189,-16.165564]]]}},{"type":"Feature","properties":{"ano":2010,"camada":"industrial","area_km2":0.0018},"geometry":{"type":"Polygon","coordinates":[[[33.802313,-16.165051],[33.802314,-16.165322],[33.802875,-16.16532],[33.802874,-16.165049],[33.802313,-16.165051]]]}},{"type":"Feature","properties":{"ano":2010,"camada":"industrial","area_km2":0.0036},"geometry":{"type":"Polygon","coordinates":[[[33.672954,-16.165499],[33.672956,-16.166041],[33.673517,-16.16604],[33.673515,-16.165497],[33.672954,-16.165499]]]}},{"type":"Feature","properties":{"ano":2010,"camada":"industrial","area_km2":0.0009},"geometry":{"type":"Polygon","coordinates":[[[33.770044,-16.165441],[33.770046,-16.165712],[33.770326,-16.165711],[33.770325,-16.16544],[33.770044,-16.165441]]]}},{"type":"Feature","properties":{"ano":2010,"camada":"industrial","area_km2":0.0009},"geometry":{"type":"Polygon","coordinates":[[[33.78211,-16.165397],[33.782111,-16.165668],[33.782392,-16.165667],[33.782391,-16.165396],[33.78211,-16.165397]]]}},{"type":"Feature","properties":{"ano":2010,"camada":"industrial","area_km2":0.0018},"geometry":{"type":"Polygon","coordinates":[[[33.800349,-16.165329],[33.800351,-16.165601],[33.800912,-16.165598],[33.800911,-16.165327],[33.800349,-16.165329]]]}},{"type":"Feature","properties":{"ano":2010,"camada":"industrial","area_km2":0.0054},"geometry":{"type":"Polygon","coordinates":[[[33.674638,-16.165494],[33.67464,-16.166307],[33.674079,-16.166309],[33.67408,-16.16658],[33.674922,-16.166577],[33.674918,-16.165493],[33.674638,-16.165494]]]}},{"type":"Feature","properties":{"ano":2010,"camada":"industrial","area_km2":0.0009},"geometry":{"type":"Polygon","coordinates":[[[33.654718,-16.166641],[33.654719,-16.166912],[33.654999,-16.166911],[33.654999,-16.16664],[33.654718,-16.166641]]]}},{"type":"Feature","properties":{"ano":2010,"camada":"industrial","area_km2":0.0009},"geometry":{"type":"Polygon","coordinates":[[[33.661453,-16.16662],[33.661453,-16.166891],[33.661734,-16.16689],[33.661733,-16.166619],[33.661453,-16.16662]]]}},{"type":"Feature","properties":{"ano":2010,"camada":"industrial","area_km2":0.0009},"geometry":{"type":"Polygon","coordinates":[[[33.681937,-16.166555],[33.681938,-16.166826],[33.682219,-16.166825],[33.682218,-16.166554],[33.681937,-16.166555]]]}},{"type":"Feature","properties":{"ano":2010,"camada":"industrial","area_km2":0.0027},"geometry":{"type":"Polygon","coordinates":[[[33.66005,-16.166624],[33.660051,-16.167166],[33.660613,-16.167165],[33.660612,-16.166894],[33.66005,-16.166624]]]}},{"type":"Feature","properties":{"ano":2010,"camada":"industrial","area_km2":0.0027},"geometry":{"type":"Polygon","coordinates":[[[33.660613,-16.167165],[33.660614,-16.167707],[33.660895,-16.167706],[33.661174,-16.167163],[33.660613,-16.167165]]]}},{"type":"Feature","properties":{"ano":2010,"camada":"industrial","area_km2":0.0036},"geometry":{"type":"Polygon","coordinates":[[[33.80737,-16.166659],[33.807653,-16.1672],[33.808213,-16.166927],[33.808212,-16.166656],[33.80737,-16.166659]]]}},{"type":"Feature","properties":{"ano":2010,"camada":"industrial","area_km2":0.0018},"geometry":{"type":"Polygon","coordinates":[[[33.663139,-16.167428],[33.66314,-16.167699],[33.663701,-16.167698],[33.6637,-16.167426],[33.663139,-16.167428]]]}},{"type":"Feature","properties":{"ano":2010,"camada":"industrial","area_km2":0.0054},"geometry":{"type":"Polygon","coordinates":[[[33.809617,-16.167193],[33.80962,-16.168006],[33.810181,-16.168004],[33.810178,-16.167191],[33.809617,-16.167193]]]}},{"type":"Feature","properties":{"ano":2010,"camada":"industrial","area_km2":0.0009},"geometry":{"type":"Polygon","coordinates":[[[33.654162,-16.168269],[33.654163,-16.168541],[33.654444,-16.16854],[33.654443,-16.168269],[33.654162,-16.168269]]]}},{"type":"Feature","properties":{"ano":2010,"camada":"industrial","area_km2":0.0027},"geometry":{"type":"Polygon","coordinates":[[[33.782681,-16.167836],[33.782684,-16.168649],[33.782965,-16.168648],[33.782962,-16.167835],[33.782681,-16.167836]]]}},{"type":"Feature","properties":{"ano":2010,"camada":"industrial","area_km2":0.0279},"geometry":{"type":"Polygon","coordinates":[[[33.675203,-16.166848],[33.675205,-16.16739],[33.674925,-16.167391],[33.674648,-16.168477],[33.674928,-16.168476],[33.674931,-16.169289],[33.676054,-16.169286],[33.67605,-16.168201],[33.675769,-16.168202],[33.675765,-16.166846],[33.675203,-16.166848]]]}},{"type":"Feature","properties":{"ano":2010,"camada":"industrial","area_km2":0.0009},"geometry":{"type":"Polygon","coordinates":[[[33.671282,-16.16903],[33.671283,-16.169301],[33.671564,-16.1693],[33.671563,-16.169029],[33.671282,-16.16903]]]}},{"type":"Feature","properties":{"ano":2010,"camada":"industrial","area_km2":0.0063},"geometry":{"type":"Polygon","coordinates":[[[33.654444,-16.16854],[33.654728,-16.169624],[33.65557,-16.169621],[33.655569,-16.16935],[33.655007,-16.169352],[33.655006,-16.168809],[33.654444,-16.16854]]]}},{"type":"Feature","properties":{"ano":2010,"camada":"industrial","area_km2":0.0045},"geometry":{"type":"Polygon","coordinates":[[[33.658655,-16.169069],[33.658656,-16.169612],[33.659498,-16.169609],[33.659216,-16.169067],[33.658655,-16.169069]]]}},{"type":"Feature","properties":{"ano":2010,"camada":"industrial","area_km2":0.0009},"geometry":{"type":"Polygon","coordinates":[[[33.660061,-16.17015],[33.660062,-16.170421],[33.660343,-16.17042],[33.660342,-16.170149],[33.660061,-16.17015]]]}},{"type":"Feature","properties":{"ano":2010,"camada":"industrial","area_km2":0.0288},"geometry":{"type":"Polygon","coordinates":[[[33.80934,-16.168007],[33.809341,-16.168278],[33.808781,-16.168552],[33.808786,-16.169908],[33.80991,-16.170175],[33.809909,-16.169903],[33.81047,-16.169901],[33.810465,-16.168817],[33.809624,-16.16882],[33.80962,-16.168006],[33.80934,-16.168007]]]}},{"type":"Feature","properties":{"ano":2010,"camada":"industrial","area_km2":0.0009},"geometry":{"type":"Polygon","coordinates":[[[33.656134,-16.170433],[33.656134,-16.170704],[33.656415,-16.170703],[33.656414,-16.170432],[33.656134,-16.170433]]]}},{"type":"Feature","properties":{"ano":2010,"camada":"industrial","area_km2":0.0045},"geometry":{"type":"Polygon","coordinates":[[[33.680827,-16.170084],[33.680828,-16.170355],[33.680266,-16.170357],[33.680267,-16.170628],[33.68139,-16.170625],[33.681389,-16.170354],[33.680827,-16.170084]]]}},{"type":"Feature","properties":{"ano":2010,"camada":"industrial","area_km2":0.0009},"geometry":{"type":"Polygon","coordinates":[[[33.767537,-16.17006],[33.767538,-16.170332],[33.767819,-16.170331],[33.767817,-16.170059],[33.767537,-16.17006]]]}},{"type":"Feature","properties":{"ano":2010,"camada":"industrial","area_km2":0.0009},"geometry":{"type":"Polygon","coordinates":[[[33.679987,-16.170629],[33.679988,-16.1709],[33.680268,-16.1709],[33.680267,-16.170628],[33.679987,-16.170629]]]}},{"type":"Feature","properties":{"ano":2010,"camada":"industrial","area_km2":0.0045},"geometry":{"type":"Polygon","coordinates":[[[33.758558,-16.170364],[33.75856,-16.170906],[33.759402,-16.170903],[33.75912,-16.170362],[33.758558,-16.170364]]]}},{"type":"Feature","properties":{"ano":2010,"camada":"industrial","area_km2":0.0027},"geometry":{"type":"Polygon","coordinates":[[[33.80065,-16.17021],[33.800651,-16.170481],[33.80037,-16.170482],[33.800371,-16.170753],[33.800932,-16.170751],[33.80093,-16.170209],[33.80065,-16.17021]]]}},{"type":"Feature","properties":{"ano":2010,"camada":"industrial","area_km2":0.0018},"geometry":{"type":"Polygon","coordinates":[[[33.800094,-16.171568],[33.800095,-16.171839],[33.800656,-16.171837],[33.800655,-16.171566],[33.800094,-16.171568]]]}},{"type":"Feature","properties":{"ano":2010,"camada":"industrial","area_km2":0.0738},"geometry":{"type":"Polygon","coordinates":[[[33.76052,-16.169543],[33.760522,-16.170086],[33.760802,-16.170085],[33.76053,-16.172255],[33.762775,-16.172247],[33.762774,-16.171976],[33.763616,-16.171973],[33.763615,-16.171702],[33.764176,-16.1717],[33.764168,-16.169801],[33.763607,-16.169803],[33.763608,-16.170075],[33.763328,-16.170076],[33.763331,-16.170889],[33.76277,-16.170891],[33.762771,-16.171162],[33.761929,-16.171165],[33.761926,-16.170352],[33.761363,-16.170083],[33.761361,-16.16954],[33.76052,-16.169543]]]}},{"type":"Feature","properties":{"ano":2010,"camada":"industrial","area_km2":0.0009},"geometry":{"type":"Polygon","coordinates":[[[33.773999,-16.172206],[33.774,-16.172478],[33.774281,-16.172477],[33.77428,-16.172205],[33.773999,-16.172206]]]}},{"type":"Feature","properties":{"ano":2010,"camada":"industrial","area_km2":0.0018},"geometry":{"type":"Polygon","coordinates":[[[33.664281,-16.173391],[33.664282,-16.173662],[33.664843,-16.17366],[33.664843,-16.173389],[33.664281,-16.173391]]]}},{"type":"Feature","properties":{"ano":2010,"camada":"industrial","area_km2":0.0018},"geometry":{"type":"Polygon","coordinates":[[[33.667929,-16.173379],[33.66793,-16.173651],[33.668492,-16.173649],[33.668491,-16.173378],[33.667929,-16.173379]]]}},{"type":"Feature","properties":{"ano":2010,"camada":"industrial","area_km2":0.0009},"geometry":{"type":"Polygon","coordinates":[[[33.669333,-16.173646],[33.669334,-16.173917],[33.669615,-16.173916],[33.669614,-16.173645],[33.669333,-16.173646]]]}},{"type":"Feature","properties":{"ano":2010,"camada":"industrial","area_km2":1.5678},"geometry":{"type":"Polygon","coordinates":[[[33.789927,-16.155334],[33.78993,-16.155877],[33.789368,-16.155879],[33.789369,-16.15615],[33.788247,-16.156154],[33.788246,-16.155883],[33.787404,-16.155886],[33.787403,-16.155615],[33.787123,-16.155616],[33.787126,-16.15643],[33.786845,-16.156431],[33.786854,-16.1586],[33.786573,-16.158601],[33.786574,-16.158872],[33.787135,-16.15887],[33.787137,-16.159141],[33.787417,-16.15914],[33.787424,-16.160767],[33.787143,-16.160768],[33.787145,-16.161311],[33.786865,-16.161312],[33.786866,-16.161583],[33.786304,-16.161585],[33.786308,-16.162399],[33.786588,-16.162398],[33.78659,-16.16294],[33.786871,-16.162939],[33.786874,-16.163752],[33.786314,-16.164026],[33.786317,-16.164839],[33.784914,-16.164844],[33.784632,-16.164303],[33.78407,-16.164305],[33.784071,-16.164576],[33.783791,-16.164577],[33.783793,-16.16512],[33.784354,-16.165118],[33.784356,-16.16566],[33.784637,-16.165659],[33.78464,-16.166473],[33.784359,-16.166474],[33.784368,-16.168643],[33.78521,-16.16864],[33.785211,-16.168911],[33.785492,-16.16891],[33.785489,-16.168368],[33.788295,-16.168357],[33.7883,-16.169442],[33.787177,-16.169446],[33.787178,-16.169717],[33.786337,-16.169721],[33.786058,-16.170264],[33.784655,-16.170269],[33.784654,-16.169998],[33.784093,-16.17],[33.784098,-16.171356],[33.782695,-16.171361],[33.782696,-16.171632],[33.782135,-16.171634],[33.782136,-16.171906],[33.782417,-16.171905],[33.782419,-16.172447],[33.782699,-16.172446],[33.782703,-16.173259],[33.782983,-16.173258],[33.782984,-16.17353],[33.784107,-16.173525],[33.784109,-16.174068],[33.78467,-16.174066],[33.784669,-16.173795],[33.786914,-16.173786],[33.786913,-16.173515],[33.78635,-16.173246],[33.786343,-16.171348],[33.786062,-16.171349],[33.786059,-16.170535],[33.78634,-16.170534],[33.786618,-16.169991],[33.78746,-16.169988],[33.787461,-16.170259],[33.787742,-16.170258],[33.787745,-16.171071],[33.786903,-16.171074],[33.787186,-16.171616],[33.787747,-16.171614],[33.78775,-16.172427],[33.78747,-16.172428],[33.787473,-16.173242],[33.787754,-16.173241],[33.787755,-16.173512],[33.788596,-16.173509],[33.788595,-16.173238],[33.789437,-16.173235],[33.789436,-16.172963],[33.790559,-16.172959],[33.79056,-16.17323],[33.79084,-16.173229],[33.790842,-16.173772],[33.792246,-16.173766],[33.792244,-16.173495],[33.794489,-16.173487],[33.794207,-16.172946],[33.792803,-16.172951],[33.792798,-16.171595],[33.792517,-16.171596],[33.79251,-16.169698],[33.793913,-16.169692],[33.793914,-16.169964],[33.794756,-16.16996],[33.795321,-16.171043],[33.795602,-16.171042],[33.795601,-16.170771],[33.797565,-16.170764],[33.797566,-16.171035],[33.798408,-16.171032],[33.79841,-16.171574],[33.799813,-16.171569],[33.799811,-16.171026],[33.798689,-16.171031],[33.798688,-16.170759],[33.797846,-16.170762],[33.797845,-16.170491],[33.796722,-16.170496],[33.796718,-16.169411],[33.79756,-16.169408],[33.797275,-16.168324],[33.796994,-16.168325],[33.796993,-16.168054],[33.796151,-16.168057],[33.796148,-16.167243],[33.795587,-16.167246],[33.795588,-16.167517],[33.794746,-16.16752],[33.794743,-16.166706],[33.794462,-16.166707],[33.794458,-16.165623],[33.794177,-16.165624],[33.794174,-16.16481],[33.793893,-16.164811],[33.793888,-16.163455],[33.793607,-16.163456],[33.793601,-16.161829],[33.793039,-16.16156],[33.793034,-16.160475],[33.794157,-16.160471],[33.79416,-16.161285],[33.794441,-16.161284],[33.794445,-16.162368],[33.794726,-16.162367],[33.794728,-16.16291],[33.79529,-16.163179],[33.795281,-16.161009],[33.795001,-16.16101],[33.795,-16.160739],[33.794719,-16.16074],[33.794717,-16.160198],[33.794436,-16.160199],[33.794433,-16.159385],[33.794714,-16.159384],[33.79471,-16.158571],[33.79443,-16.158572],[33.794424,-16.157216],[33.793863,-16.157218],[33.79387,-16.158845],[33.793589,-16.158846],[33.79359,-16.159117],[33.792748,-16.159121],[33.792747,-16.158849],[33.792185,-16.15858],[33.792183,-16.158038],[33.791902,-16.158039],[33.791898,-16.156954],[33.790776,-16.156958],[33.790775,-16.156687],[33.790494,-16.156688],[33.790492,-16.156146],[33.790211,-16.156147],[33.790208,-16.155333],[33.789927,-16.155334]],[[33.788819,-16.158864],[33.790503,-16.158858],[33.790509,-16.160485],[33.79079,-16.160484],[33.790795,-16.16184],[33.791076,-16.161839],[33.791078,-16.162381],[33.791358,-16.16238],[33.791362,-16.163193],[33.791081,-16.163195],[33.791083,-16.163737],[33.790241,-16.16374],[33.790242,-16.164011],[33.78912,-16.164015],[33.789116,-16.162931],[33.789396,-16.16293],[33.789387,-16.160489],[33.789106,-16.16049],[33.789105,-16.160219],[33.788544,-16.160221],[33.788539,-16.159136],[33.78882,-16.159135],[33.788819,-16.158864]],[[33.785757,-16.165113],[33.786599,-16.165109],[33.7866,-16.165381],[33.787161,-16.165379],[33.787164,-16.166192],[33.786323,-16.166195],[33.786044,-16.166739],[33.784922,-16.166743],[33.784919,-16.165929],[33.78548,-16.165927],[33.785478,-16.165385],[33.785758,-16.165384],[33.785757,-16.165113]]]}},{"type":"Feature","properties":{"ano":2010,"camada":"industrial","area_km2":0.0009},"geometry":{"type":"Polygon","coordinates":[[[33.686454,-16.174405],[33.686455,-16.174676],[33.686736,-16.174675],[33.686735,-16.174404],[33.686454,-16.174405]]]}},{"type":"Feature","properties":{"ano":2010,"camada":"industrial","area_km2":0.0018},"geometry":{"type":"Polygon","coordinates":[[[33.680564,-16.175238],[33.680565,-16.175509],[33.681126,-16.175507],[33.681125,-16.175236],[33.680564,-16.175238]]]}},{"type":"Feature","properties":{"ano":2010,"camada":"industrial","area_km2":0.0009},"geometry":{"type":"Polygon","coordinates":[[[33.79113,-16.175398],[33.791131,-16.175669],[33.791411,-16.175668],[33.79141,-16.175397],[33.79113,-16.175398]]]}},{"type":"Feature","properties":{"ano":2010,"camada":"industrial","area_km2":0.0027},"geometry":{"type":"Polygon","coordinates":[[[33.678321,-16.175787],[33.678322,-16.176058],[33.678884,-16.176328],[33.678882,-16.175785],[33.678321,-16.175787]]]}},{"type":"Feature","properties":{"ano":2010,"camada":"industrial","area_km2":0.0639},"geometry":{"type":"Polygon","coordinates":[[[33.656978,-16.171244],[33.656983,-16.172871],[33.656703,-16.172872],[33.656705,-16.173414],[33.656424,-16.173415],[33.656426,-16.173958],[33.656706,-16.173957],[33.656709,-16.17477],[33.656428,-16.174771],[33.656429,-16.175042],[33.656149,-16.175043],[33.656151,-16.175586],[33.655589,-16.175587],[33.65559,-16.175858],[33.656151,-16.175857],[33.656434,-16.176398],[33.657556,-16.176395],[33.657558,-16.176937],[33.657839,-16.176936],[33.657835,-16.175852],[33.657274,-16.175853],[33.657272,-16.175311],[33.656991,-16.175312],[33.656987,-16.173956],[33.657829,-16.173953],[33.65783,-16.174224],[33.65811,-16.174223],[33.658108,-16.17341],[33.658669,-16.173408],[33.658668,-16.173137],[33.658387,-16.173138],[33.658386,-16.172595],[33.657824,-16.172597],[33.657823,-16.172326],[33.657543,-16.172327],[33.657541,-16.171785],[33.65726,-16.171785],[33.657259,-16.171243],[33.656978,-16.171244]]]}},{"type":"Feature","properties":{"ano":2010,"camada":"industrial","area_km2":0.0027},"geometry":{"type":"Polygon","coordinates":[[[33.784399,-16.176507],[33.784402,-16.177321],[33.784683,-16.17732],[33.78468,-16.176506],[33.784399,-16.176507]]]}},{"type":"Feature","properties":{"ano":2010,"camada":"industrial","area_km2":0.0054},"geometry":{"type":"Polygon","coordinates":[[[33.682817,-16.177671],[33.682818,-16.177942],[33.682257,-16.177944],[33.682259,-16.178487],[33.68282,-16.178485],[33.682819,-16.178214],[33.6831,-16.178213],[33.683098,-16.17767],[33.682817,-16.177671]]]}},{"type":"Feature","properties":{"ano":2010,"camada":"industrial","area_km2":0.3438},"geometry":{"type":"Polygon","coordinates":[[[33.802053,-16.170204],[33.802055,-16.170747],[33.801774,-16.170748],[33.801781,-16.172375],[33.800939,-16.172378],[33.800937,-16.171836],[33.800656,-16.171837],[33.800663,-16.173464],[33.79954,-16.173468],[33.799538,-16.172926],[33.798696,-16.172929],[33.798699,-16.173471],[33.798979,-16.17347],[33.79898,-16.173741],[33.799822,-16.173738],[33.799826,-16.174823],[33.798423,-16.174828],[33.798422,-16.174557],[33.797861,-16.174559],[33.79786,-16.174288],[33.796737,-16.174292],[33.796736,-16.174021],[33.796175,-16.174023],[33.796174,-16.173752],[33.795613,-16.173754],[33.795612,-16.173483],[33.79477,-16.173486],[33.794772,-16.174028],[33.795614,-16.174025],[33.795615,-16.174296],[33.796176,-16.174294],[33.796177,-16.174565],[33.796739,-16.174563],[33.79674,-16.174834],[33.797582,-16.174831],[33.797583,-16.175102],[33.799267,-16.175367],[33.799268,-16.175638],[33.79983,-16.175636],[33.799831,-16.175908],[33.800673,-16.175904],[33.800674,-16.176176],[33.801516,-16.176172],[33.801517,-16.176444],[33.802078,-16.176441],[33.802079,-16.176713],[33.802921,-16.176709],[33.802922,-16.176981],[33.803203,-16.17698],[33.803204,-16.177251],[33.803765,-16.177249],[33.803766,-16.17752],[33.804608,-16.177517],[33.804609,-16.177788],[33.805451,-16.177785],[33.805452,-16.178056],[33.806575,-16.178323],[33.806573,-16.17778],[33.806854,-16.177779],[33.806852,-16.177237],[33.806571,-16.177238],[33.80657,-16.176967],[33.805447,-16.176971],[33.805449,-16.177242],[33.804607,-16.177245],[33.804606,-16.176974],[33.804044,-16.176976],[33.804043,-16.176705],[33.803482,-16.176707],[33.803481,-16.176436],[33.8032,-16.176437],[33.803196,-16.175353],[33.803757,-16.17535],[33.803756,-16.175079],[33.804879,-16.175075],[33.80488,-16.175346],[33.80516,-16.175345],[33.805717,-16.174258],[33.806559,-16.174255],[33.806558,-16.173984],[33.807119,-16.173982],[33.807118,-16.173711],[33.807399,-16.17371],[33.807393,-16.172354],[33.807674,-16.172353],[33.807671,-16.17181],[33.80683,-16.171813],[33.806827,-16.171271],[33.806266,-16.171273],[33.806272,-16.172629],[33.80543,-16.172632],[33.805429,-16.172361],[33.804026,-16.172366],[33.804019,-16.170739],[33.803739,-16.17074],[33.803737,-16.170469],[33.802896,-16.170472],[33.802895,-16.170201],[33.802053,-16.170204]],[[33.800104,-16.174008],[33.802068,-16.174001],[33.802069,-16.174272],[33.80263,-16.17427],[33.802631,-16.174541],[33.802912,-16.17454],[33.802919,-16.176167],[33.801516,-16.176172],[33.801514,-16.175901],[33.800391,-16.175634],[33.80039,-16.175363],[33.800109,-16.175364],[33.800104,-16.174008]]]}},{"type":"Feature","properties":{"ano":2010,"camada":"industrial","area_km2":0.0207},"geometry":{"type":"Polygon","coordinates":[[[33.657839,-16.176936],[33.657842,-16.178021],[33.658404,-16.178019],[33.658404,-16.17829],[33.658685,-16.17829],[33.658688,-16.179103],[33.659249,-16.179101],[33.659245,-16.178017],[33.658965,-16.178018],[33.658962,-16.177204],[33.657839,-16.176936]]]}},{"type":"Feature","properties":{"ano":2010,"camada":"industrial","area_km2":0.0045},"geometry":{"type":"Polygon","coordinates":[[[33.673559,-16.178514],[33.673561,-16.179057],[33.674122,-16.179055],[33.674121,-16.178784],[33.674402,-16.178783],[33.674401,-16.178512],[33.673559,-16.178514]]]}},{"type":"Feature","properties":{"ano":2010,"camada":"industrial","area_km2":0.0009},"geometry":{"type":"Polygon","coordinates":[[[33.784407,-16.178406],[33.784408,-16.178677],[33.784688,-16.178676],[33.784687,-16.178405],[33.784407,-16.178406]]]}},{"type":"Feature","properties":{"ano":2010,"camada":"industrial","area_km2":0.0252},"geometry":{"type":"Polygon","coordinates":[[[33.781036,-16.177605],[33.78104,-16.178689],[33.78076,-16.17869],[33.780481,-16.179234],[33.780762,-16.179233],[33.780763,-16.179504],[33.781605,-16.179501],[33.781604,-16.17923],[33.781884,-16.179229],[33.781883,-16.178957],[33.782164,-16.178956],[33.782442,-16.178413],[33.78188,-16.178144],[33.781878,-16.177601],[33.781036,-16.177605]]]}},{"type":"Feature","properties":{"ano":2010,"camada":"industrial","area_km2":0.0063},"geometry":{"type":"Polygon","coordinates":[[[33.686194,-16.180372],[33.686198,-16.181457],[33.686478,-16.181456],[33.686477,-16.181185],[33.686758,-16.181184],[33.686755,-16.18037],[33.686194,-16.180372]]]}},{"type":"Feature","properties":{"ano":2010,"camada":"industrial","area_km2":0.0036},"geometry":{"type":"Polygon","coordinates":[[[33.684792,-16.180648],[33.684793,-16.180919],[33.684512,-16.18092],[33.684514,-16.181462],[33.685074,-16.181189],[33.685072,-16.180647],[33.684792,-16.180648]]]}},{"type":"Feature","properties":{"ano":2010,"camada":"industrial","area_km2":0.0027},"geometry":{"type":"Polygon","coordinates":[[[33.657855,-16.181818],[33.657858,-16.182631],[33.658138,-16.18263],[33.658136,-16.181817],[33.657855,-16.181818]]]}},{"type":"Feature","properties":{"ano":2010,"camada":"industrial","area_km2":0.0009},"geometry":{"type":"Polygon","coordinates":[[[33.811081,-16.182102],[33.811082,-16.182373],[33.811363,-16.182372],[33.811361,-16.182101],[33.811081,-16.182102]]]}},{"type":"Feature","properties":{"ano":2010,"camada":"industrial","area_km2":0.0018},"geometry":{"type":"Polygon","coordinates":[[[33.657577,-16.182632],[33.657579,-16.183174],[33.657859,-16.183174],[33.657858,-16.182631],[33.657577,-16.182632]]]}},{"type":"Feature","properties":{"ano":2010,"camada":"industrial","area_km2":0.0018},"geometry":{"type":"Polygon","coordinates":[[[33.811363,-16.182372],[33.811364,-16.182644],[33.811925,-16.182641],[33.811924,-16.18237],[33.811363,-16.182372]]]}},{"type":"Feature","properties":{"ano":2010,"camada":"industrial","area_km2":0.0009},"geometry":{"type":"Polygon","coordinates":[[[33.80407,-16.183214],[33.804071,-16.183485],[33.804351,-16.183484],[33.80435,-16.183213],[33.80407,-16.183214]]]}},{"type":"Feature","properties":{"ano":2010,"camada":"industrial","area_km2":0.0882},"geometry":{"type":"Polygon","coordinates":[[[33.815843,-16.179915],[33.815844,-16.180186],[33.815563,-16.180187],[33.815564,-16.180458],[33.815284,-16.180459],[33.815285,-16.18073],[33.814724,-16.181004],[33.814727,-16.181546],[33.814446,-16.181547],[33.814447,-16.181818],[33.814167,-16.181819],[33.814168,-16.18209],[33.813887,-16.182092],[33.813888,-16.182363],[33.813608,-16.182364],[33.813609,-16.182635],[33.813328,-16.182636],[33.81305,-16.183179],[33.813892,-16.183176],[33.813889,-16.182634],[33.814451,-16.182632],[33.814449,-16.182361],[33.815291,-16.182357],[33.815292,-16.182629],[33.815573,-16.182627],[33.815571,-16.182085],[33.815851,-16.182084],[33.81585,-16.181813],[33.817253,-16.181807],[33.817257,-16.182621],[33.816696,-16.182623],[33.8167,-16.183708],[33.816419,-16.183709],[33.81642,-16.18398],[33.816982,-16.183978],[33.816981,-16.183707],[33.817822,-16.183704],[33.817824,-16.183975],[33.818104,-16.183974],[33.818102,-16.183431],[33.817541,-16.183433],[33.817535,-16.182078],[33.817816,-16.182076],[33.817814,-16.181534],[33.817533,-16.181535],[33.81753,-16.180722],[33.817249,-16.180723],[33.817248,-16.180452],[33.816967,-16.180453],[33.816684,-16.179911],[33.815843,-16.179915]]]}},{"type":"Feature","properties":{"ano":2010,"camada":"industrial","area_km2":0.0009},"geometry":{"type":"Polygon","coordinates":[[[33.678351,-16.184736],[33.678352,-16.185008],[33.678633,-16.185007],[33.678632,-16.184736],[33.678351,-16.184736]]]}},{"type":"Feature","properties":{"ano":2010,"camada":"industrial","area_km2":0.0045},"geometry":{"type":"Polygon","coordinates":[[[33.679755,-16.185003],[33.680038,-16.185545],[33.680599,-16.185543],[33.680597,-16.185],[33.679755,-16.185003]]]}},{"type":"Feature","properties":{"ano":2010,"camada":"industrial","area_km2":0.0045},"geometry":{"type":"Polygon","coordinates":[[[33.815028,-16.186697],[33.815034,-16.188053],[33.815315,-16.188052],[33.815309,-16.186696],[33.815028,-16.186697]]]}},{"type":"Feature","properties":{"ano":2010,"camada":"industrial","area_km2":0.0009},"geometry":{"type":"Polygon","coordinates":[[[33.679224,-16.193683],[33.679225,-16.193954],[33.679505,-16.193953],[33.679504,-16.193682],[33.679224,-16.193683]]]}},{"type":"Feature","properties":{"ano":2010,"camada":"industrial","area_km2":0.0009},"geometry":{"type":"Polygon","coordinates":[[[33.680922,-16.197745],[33.680923,-16.198017],[33.681203,-16.198016],[33.681202,-16.197744],[33.680922,-16.197745]]]}},{"type":"Feature","properties":{"ano":2010,"camada":"industrial","area_km2":0.0018},"geometry":{"type":"Polygon","coordinates":[[[33.666051,-16.199148],[33.666053,-16.199691],[33.666334,-16.19969],[33.666332,-16.199148],[33.666051,-16.199148]]]}},{"type":"Feature","properties":{"ano":2010,"camada":"industrial","area_km2":0.0027},"geometry":{"type":"Polygon","coordinates":[[[33.666334,-16.19969],[33.666337,-16.200504],[33.666617,-16.200503],[33.666615,-16.199689],[33.666334,-16.19969]]]}},{"type":"Feature","properties":{"ano":2010,"camada":"industrial","area_km2":0.0045},"geometry":{"type":"Polygon","coordinates":[[[33.66437,-16.199967],[33.664372,-16.20051],[33.664933,-16.200508],[33.664932,-16.200237],[33.665213,-16.200236],[33.665212,-16.199965],[33.66437,-16.199967]]]}},{"type":"Feature","properties":{"ano":2010,"camada":"industrial","area_km2":0.0009},"geometry":{"type":"Polygon","coordinates":[[[33.6568,-16.20216],[33.656801,-16.202432],[33.657081,-16.202431],[33.65708,-16.20216],[33.6568,-16.20216]]]}},{"type":"Feature","properties":{"ano":2010,"camada":"industrial","area_km2":0.0054},"geometry":{"type":"Polygon","coordinates":[[[33.664939,-16.202135],[33.664943,-16.203491],[33.665505,-16.203489],[33.665504,-16.203218],[33.665223,-16.203219],[33.665219,-16.202134],[33.664939,-16.202135]]]}},{"type":"Feature","properties":{"ano":2010,"camada":"industrial","area_km2":0.0072},"geometry":{"type":"Polygon","coordinates":[[[33.666071,-16.204843],[33.666074,-16.205928],[33.666636,-16.205926],[33.666632,-16.204842],[33.666071,-16.204843]]]}},{"type":"Feature","properties":{"ano":2010,"camada":"industrial","area_km2":0.0009},"geometry":{"type":"Polygon","coordinates":[[[33.678984,-16.205616],[33.678985,-16.205887],[33.679266,-16.205886],[33.679265,-16.205615],[33.678984,-16.205616]]]}},{"type":"Feature","properties":{"ano":2010,"camada":"industrial","area_km2":0.0009},"geometry":{"type":"Polygon","coordinates":[[[33.666636,-16.206198],[33.666637,-16.206469],[33.666918,-16.206468],[33.666917,-16.206197],[33.666636,-16.206198]]]}},{"type":"Feature","properties":{"ano":2010,"camada":"industrial","area_km2":0.0009},"geometry":{"type":"Polygon","coordinates":[[[33.666918,-16.206468],[33.666919,-16.206739],[33.6672,-16.206738],[33.667199,-16.206467],[33.666918,-16.206468]]]}},{"type":"Feature","properties":{"ano":2010,"camada":"industrial","area_km2":0.3789},"geometry":{"type":"Polygon","coordinates":[[[33.6773,-16.205622],[33.677302,-16.206164],[33.676179,-16.206167],[33.67618,-16.206439],[33.675899,-16.20644],[33.675621,-16.206983],[33.674498,-16.206986],[33.674496,-16.206444],[33.673935,-16.206446],[33.673934,-16.206175],[33.67253,-16.206179],[33.672533,-16.206993],[33.671972,-16.206994],[33.671974,-16.207537],[33.672254,-16.207536],[33.672255,-16.207807],[33.672818,-16.208076],[33.67282,-16.20889],[33.673382,-16.208888],[33.673389,-16.211058],[33.672828,-16.21106],[33.67283,-16.211602],[33.673672,-16.211599],[33.673672,-16.21187],[33.674234,-16.211869],[33.674235,-16.21214],[33.674796,-16.212138],[33.674795,-16.211867],[33.676199,-16.211862],[33.676201,-16.212676],[33.677043,-16.212673],[33.677041,-16.21186],[33.677883,-16.211857],[33.677882,-16.211586],[33.678443,-16.211584],[33.678441,-16.211042],[33.67816,-16.211043],[33.67816,-16.210771],[33.677318,-16.210774],[33.677314,-16.209689],[33.678437,-16.209686],[33.678438,-16.210228],[33.67928,-16.210225],[33.679283,-16.211039],[33.679564,-16.211038],[33.679846,-16.21158],[33.680688,-16.211577],[33.680687,-16.211034],[33.680406,-16.211035],[33.680403,-16.210222],[33.680684,-16.210221],[33.680683,-16.20995],[33.67956,-16.209953],[33.679556,-16.208869],[33.679837,-16.208868],[33.679836,-16.208597],[33.680397,-16.208324],[33.680393,-16.207239],[33.679831,-16.207241],[33.679549,-16.206699],[33.678146,-16.206704],[33.678145,-16.206432],[33.677583,-16.206434],[33.677581,-16.205621],[33.6773,-16.205622]],[[33.674505,-16.209156],[33.675347,-16.209153],[33.675348,-16.209424],[33.675629,-16.209423],[33.675633,-16.210508],[33.676194,-16.210506],[33.676195,-16.210778],[33.676476,-16.210777],[33.676478,-16.21159],[33.674514,-16.211597],[33.674513,-16.211325],[33.673951,-16.211327],[33.673947,-16.209971],[33.674508,-16.209969],[33.674505,-16.209156]]]}},{"type":"Feature","properties":{"ano":2010,"camada":"industrial","area_km2":0.0018},"geometry":{"type":"Polygon","coordinates":[[[33.672834,-16.212958],[33.672836,-16.2135],[33.673117,-16.213499],[33.673115,-16.212957],[33.672834,-16.212958]]]}},{"type":"Feature","properties":{"ano":2010,"camada":"industrial","area_km2":0.0333},"geometry":{"type":"Polygon","coordinates":[[[33.677324,-16.212672],[33.677329,-16.214028],[33.678171,-16.214026],[33.678172,-16.214297],[33.678452,-16.214296],[33.678454,-16.214838],[33.679015,-16.214837],[33.679013,-16.214023],[33.680135,-16.214019],[33.680134,-16.213748],[33.679573,-16.21375],[33.679291,-16.213208],[33.678449,-16.213211],[33.678448,-16.21294],[33.677606,-16.212943],[33.677605,-16.212671],[33.677324,-16.212672]]]}},{"type":"Feature","properties":{"ano":2010,"camada":"industrial","area_km2":0.0009},"geometry":{"type":"Polygon","coordinates":[[[33.675646,-16.214576],[33.675647,-16.214847],[33.675928,-16.214846],[33.675927,-16.214575],[33.675646,-16.214576]]]}},{"type":"Feature","properties":{"ano":2010,"camada":"industrial","area_km2":0.0054},"geometry":{"type":"Polygon","coordinates":[[[33.675928,-16.214846],[33.676211,-16.215388],[33.677053,-16.215385],[33.67677,-16.214844],[33.675928,-16.214846]]]}},{"type":"Feature","properties":{"ano":2010,"camada":"industrial","area_km2":0.0009},"geometry":{"type":"Polygon","coordinates":[[[33.668924,-16.218665],[33.668925,-16.218936],[33.669205,-16.218936],[33.669205,-16.218664],[33.668924,-16.218665]]]}},{"type":"Feature","properties":{"ano":2010,"camada":"industrial","area_km2":0.0009},"geometry":{"type":"Polygon","coordinates":[[[33.670059,-16.222187],[33.670059,-16.222458],[33.67034,-16.222457],[33.670339,-16.222186],[33.670059,-16.222187]]]}},{"type":"Feature","properties":{"ano":2010,"camada":"industrial","area_km2":0.0081},"geometry":{"type":"Polygon","coordinates":[[[33.672589,-16.223535],[33.67231,-16.224078],[33.671749,-16.22408],[33.672032,-16.224622],[33.672593,-16.22462],[33.672592,-16.224349],[33.672873,-16.224348],[33.67287,-16.223534],[33.672589,-16.223535]]]}},{"type":"Feature","properties":{"ano":2010,"camada":"industrial","area_km2":0.0288},"geometry":{"type":"Polygon","coordinates":[[[33.670341,-16.222729],[33.670343,-16.223271],[33.669782,-16.223273],[33.669782,-16.223544],[33.669502,-16.223545],[33.669503,-16.223816],[33.670064,-16.223814],[33.670067,-16.224628],[33.669786,-16.224629],[33.670069,-16.22517],[33.670349,-16.225169],[33.670347,-16.224627],[33.670909,-16.224625],[33.670906,-16.223812],[33.671467,-16.22381],[33.671465,-16.222996],[33.671184,-16.222997],[33.671183,-16.222726],[33.670341,-16.222729]]]}},{"type":"Feature","properties":{"ano":2010,"camada":"industrial","area_km2":0.0135},"geometry":{"type":"Polygon","coordinates":[[[33.679614,-16.225682],[33.679616,-16.226225],[33.678493,-16.226228],[33.678494,-16.226499],[33.678775,-16.226498],[33.678776,-16.22677],[33.679337,-16.226768],[33.679336,-16.226497],[33.681021,-16.226762],[33.68102,-16.226491],[33.680459,-16.226493],[33.680458,-16.226222],[33.680177,-16.226223],[33.680176,-16.225952],[33.679614,-16.225682]]]}},{"type":"Feature","properties":{"ano":2010,"camada":"industrial","area_km2":0.0063},"geometry":{"type":"Polygon","coordinates":[[[33.672318,-16.226248],[33.672039,-16.226791],[33.672881,-16.226788],[33.67288,-16.226517],[33.673442,-16.226515],[33.673441,-16.226244],[33.672318,-16.226248]]]}},{"type":"Feature","properties":{"ano":2010,"camada":"industrial","area_km2":0.0009},"geometry":{"type":"Polygon","coordinates":[[[33.677371,-16.226503],[33.677372,-16.226774],[33.677653,-16.226773],[33.677652,-16.226502],[33.677371,-16.226503]]]}},{"type":"Feature","properties":{"ano":2010,"camada":"industrial","area_km2":0.0153},"geometry":{"type":"Polygon","coordinates":[[[33.57157,-16.234408],[33.571571,-16.234679],[33.572694,-16.234676],[33.572696,-16.235489],[33.572977,-16.235489],[33.572978,-16.23576],[33.573258,-16.235759],[33.573258,-16.235488],[33.573538,-16.235487],[33.573537,-16.234945],[33.573817,-16.234944],[33.573817,-16.234673],[33.573255,-16.234674],[33.573254,-16.234403],[33.57157,-16.234408]]]}},{"type":"Feature","properties":{"ano":2010,"camada":"industrial","area_km2":0.0099},"geometry":{"type":"Polygon","coordinates":[[[33.573262,-16.237115],[33.573264,-16.237658],[33.573545,-16.237657],[33.573545,-16.237928],[33.574387,-16.237926],[33.574385,-16.237112],[33.573262,-16.237115]]]}},{"type":"Feature","properties":{"ano":2010,"camada":"industrial","area_km2":0.0189},"geometry":{"type":"Polygon","coordinates":[[[33.57861,-16.241982],[33.578611,-16.242253],[33.578892,-16.242253],[33.578894,-16.243066],[33.579175,-16.243065],[33.579176,-16.243608],[33.579457,-16.243607],[33.579456,-16.243336],[33.579737,-16.243335],[33.580016,-16.242792],[33.580578,-16.24279],[33.580295,-16.242249],[33.57861,-16.241982]]]}},{"type":"Feature","properties":{"ano":2010,"camada":"industrial","area_km2":0.0009},"geometry":{"type":"Polygon","coordinates":[[[33.564303,-16.245546],[33.564304,-16.245817],[33.564585,-16.245817],[33.564584,-16.245545],[33.564303,-16.245546]]]}},{"type":"Feature","properties":{"ano":2010,"camada":"industrial","area_km2":0.0054},"geometry":{"type":"Polygon","coordinates":[[[33.585358,-16.245489],[33.585359,-16.246032],[33.585079,-16.246032],[33.58508,-16.246303],[33.585641,-16.246302],[33.585639,-16.24576],[33.586201,-16.245758],[33.5862,-16.245487],[33.585358,-16.245489]]]}},{"type":"Feature","properties":{"ano":2010,"camada":"industrial","area_km2":0.0099},"geometry":{"type":"Polygon","coordinates":[[[33.581707,-16.244957],[33.581708,-16.245228],[33.582269,-16.245226],[33.582271,-16.245769],[33.582551,-16.245768],[33.582554,-16.246582],[33.583115,-16.24658],[33.583114,-16.246309],[33.582834,-16.24631],[33.582831,-16.245225],[33.58255,-16.245226],[33.582549,-16.244954],[33.581707,-16.244957]]]}},{"type":"Feature","properties":{"ano":2010,"camada":"industrial","area_km2":0.0009},"geometry":{"type":"Polygon","coordinates":[[[33.58452,-16.246847],[33.58452,-16.247119],[33.584801,-16.247118],[33.5848,-16.246847],[33.58452,-16.246847]]]}},{"type":"Feature","properties":{"ano":2010,"camada":"industrial","area_km2":0.0036},"geometry":{"type":"Polygon","coordinates":[[[33.563184,-16.246905],[33.563186,-16.247448],[33.562905,-16.247448],[33.562906,-16.247719],[33.563467,-16.247718],[33.563465,-16.246904],[33.563184,-16.246905]]]}},{"type":"Feature","properties":{"ano":2010,"camada":"industrial","area_km2":0.0063},"geometry":{"type":"Polygon","coordinates":[[[33.583959,-16.24712],[33.583961,-16.247663],[33.58368,-16.247663],[33.583681,-16.247934],[33.584523,-16.247932],[33.58452,-16.247119],[33.583959,-16.24712]]]}},{"type":"Feature","properties":{"ano":2010,"camada":"industrial","area_km2":0.0108},"geometry":{"type":"Polygon","coordinates":[[[33.563748,-16.247717],[33.56375,-16.24826],[33.564311,-16.248258],[33.564312,-16.248529],[33.564874,-16.248799],[33.564876,-16.249341],[33.565156,-16.249341],[33.565155,-16.248798],[33.565436,-16.248798],[33.565435,-16.248526],[33.564873,-16.248528],[33.564873,-16.248257],[33.564592,-16.248257],[33.56431,-16.247716],[33.563748,-16.247717]]]}},{"type":"Feature","properties":{"ano":2010,"camada":"industrial","area_km2":0.0108},"geometry":{"type":"Polygon","coordinates":[[[33.562345,-16.247992],[33.562347,-16.248535],[33.562066,-16.248535],[33.562067,-16.248806],[33.562347,-16.248806],[33.562348,-16.249077],[33.562629,-16.249076],[33.562631,-16.249619],[33.562911,-16.249618],[33.562911,-16.249347],[33.563191,-16.249346],[33.563189,-16.248532],[33.562627,-16.248534],[33.562626,-16.247991],[33.562345,-16.247992]]]}},{"type":"Feature","properties":{"ano":2010,"camada":"industrial","area_km2":0.0009},"geometry":{"type":"Polygon","coordinates":[[[33.582563,-16.249565],[33.582563,-16.249836],[33.582844,-16.249835],[33.582843,-16.249564],[33.582563,-16.249565]]]}},{"type":"Feature","properties":{"ano":2010,"camada":"industrial","area_km2":0.009},"geometry":{"type":"Polygon","coordinates":[[[33.580876,-16.248756],[33.580877,-16.249298],[33.581158,-16.249297],[33.581161,-16.250382],[33.581442,-16.250381],[33.581439,-16.249297],[33.58172,-16.249296],[33.581718,-16.248753],[33.580876,-16.248756]]]}},{"type":"Feature","properties":{"ano":2010,"camada":"industrial","area_km2":0.0027},"geometry":{"type":"Polygon","coordinates":[[[33.583686,-16.249833],[33.583687,-16.250104],[33.583406,-16.250105],[33.583407,-16.250376],[33.583969,-16.250374],[33.583967,-16.249832],[33.583686,-16.249833]]]}},{"type":"Feature","properties":{"ano":2010,"camada":"industrial","area_km2":0.0009},"geometry":{"type":"Polygon","coordinates":[[[33.578636,-16.25066],[33.578636,-16.250931],[33.578917,-16.250931],[33.578916,-16.25066],[33.578636,-16.25066]]]}},{"type":"Feature","properties":{"ano":2010,"camada":"industrial","area_km2":0.0045},"geometry":{"type":"Polygon","coordinates":[[[33.56123,-16.250707],[33.561231,-16.251249],[33.561793,-16.251248],[33.561792,-16.250977],[33.562073,-16.250976],[33.562072,-16.250705],[33.56123,-16.250707]]]}},{"type":"Feature","properties":{"ano":2010,"camada":"industrial","area_km2":0.0189},"geometry":{"type":"Polygon","coordinates":[[[33.557308,-16.253701],[33.557309,-16.253972],[33.557028,-16.253972],[33.55703,-16.254515],[33.556749,-16.254516],[33.556752,-16.2556],[33.557313,-16.255599],[33.557314,-16.25587],[33.557595,-16.255869],[33.557594,-16.255598],[33.557875,-16.255597],[33.557874,-16.255326],[33.557593,-16.255327],[33.55759,-16.254242],[33.557871,-16.254241],[33.55787,-16.253699],[33.557308,-16.253701]]]}}]}