{"type":"FeatureCollection","features":[{"type":"Feature","properties":{"ano":2015,"camada":"industrial","area_km2":0.0009},"geometry":{"type":"Polygon","coordinates":[[[33.616017,-16.083499],[33.616018,-16.08377],[33.616298,-16.083769],[33.616297,-16.083498],[33.616017,-16.083499]]]}},{"type":"Feature","properties":{"ano":2015,"camada":"industrial","area_km2":0.036},"geometry":{"type":"Polygon","coordinates":[[[33.619106,-16.084575],[33.619106,-16.084846],[33.618826,-16.084847],[33.618829,-16.085932],[33.61939,-16.08593],[33.619395,-16.087557],[33.619956,-16.087555],[33.619957,-16.087827],[33.620238,-16.087826],[33.620234,-16.086741],[33.621076,-16.086739],[33.621074,-16.086196],[33.620794,-16.086197],[33.620794,-16.086468],[33.619953,-16.086471],[33.619947,-16.084572],[33.619106,-16.084575]]]}},{"type":"Feature","properties":{"ano":2015,"camada":"industrial","area_km2":0.1602},"geometry":{"type":"Polygon","coordinates":[[[33.617696,-16.082138],[33.617699,-16.083223],[33.617418,-16.083224],[33.617421,-16.084037],[33.61714,-16.084038],[33.617141,-16.084309],[33.616861,-16.08431],[33.616582,-16.084853],[33.616021,-16.084855],[33.616022,-16.085126],[33.61518,-16.085129],[33.615181,-16.0854],[33.61462,-16.085401],[33.614621,-16.085673],[33.61434,-16.085673],[33.614347,-16.087843],[33.616311,-16.087837],[33.616314,-16.088922],[33.615753,-16.088924],[33.615755,-16.089737],[33.616036,-16.089736],[33.616037,-16.090008],[33.617159,-16.090004],[33.617163,-16.09136],[33.617444,-16.09136],[33.617435,-16.088648],[33.616874,-16.088649],[33.616872,-16.087836],[33.617432,-16.087563],[33.617429,-16.086749],[33.617989,-16.086476],[33.617987,-16.085663],[33.617706,-16.085664],[33.617702,-16.084308],[33.617983,-16.084307],[33.617976,-16.082137],[33.617696,-16.082138]]]}},{"type":"Feature","properties":{"ano":2015,"camada":"industrial","area_km2":0.0072},"geometry":{"type":"Polygon","coordinates":[[[33.612113,-16.091104],[33.611834,-16.091647],[33.612957,-16.091915],[33.612955,-16.091372],[33.612675,-16.091373],[33.612674,-16.091102],[33.612113,-16.091104]]]}},{"type":"Feature","properties":{"ano":2015,"camada":"industrial","area_km2":0.0045},"geometry":{"type":"Polygon","coordinates":[[[33.618845,-16.091084],[33.618846,-16.091355],[33.618566,-16.091356],[33.618287,-16.091899],[33.618848,-16.091898],[33.618847,-16.091627],[33.619127,-16.091626],[33.619126,-16.091083],[33.618845,-16.091084]]]}},{"type":"Feature","properties":{"ano":2015,"camada":"industrial","area_km2":0.0099},"geometry":{"type":"Polygon","coordinates":[[[33.613799,-16.091912],[33.613799,-16.092184],[33.613238,-16.092185],[33.613239,-16.092456],[33.615203,-16.092451],[33.614921,-16.091909],[33.613799,-16.091912]]]}},{"type":"Feature","properties":{"ano":2015,"camada":"industrial","area_km2":0.0288},"geometry":{"type":"Polygon","coordinates":[[[33.6792,-16.104461],[33.679201,-16.104732],[33.677518,-16.104737],[33.677519,-16.105008],[33.678921,-16.105004],[33.678925,-16.106089],[33.680047,-16.106085],[33.680329,-16.106627],[33.68089,-16.106625],[33.680893,-16.107438],[33.681174,-16.107438],[33.681169,-16.106082],[33.680608,-16.106083],[33.680607,-16.105812],[33.679484,-16.105545],[33.67948,-16.10446],[33.6792,-16.104461]]]}},{"type":"Feature","properties":{"ano":2015,"camada":"industrial","area_km2":0.0027},"geometry":{"type":"Polygon","coordinates":[[[33.679493,-16.108257],[33.679494,-16.108528],[33.679214,-16.108529],[33.679215,-16.1088],[33.679776,-16.108798],[33.679774,-16.108256],[33.679493,-16.108257]]]}},{"type":"Feature","properties":{"ano":2015,"camada":"industrial","area_km2":0.8919},"geometry":{"type":"Polygon","coordinates":[[[33.665451,-16.103419],[33.665452,-16.10369],[33.66433,-16.103694],[33.664051,-16.104237],[33.662648,-16.104242],[33.662369,-16.104785],[33.661808,-16.104787],[33.66153,-16.10533],[33.662091,-16.105328],[33.662093,-16.106142],[33.66041,-16.106147],[33.660411,-16.106418],[33.661533,-16.106415],[33.661536,-16.107228],[33.660414,-16.107232],[33.660415,-16.107503],[33.661256,-16.1075],[33.66126,-16.108585],[33.660979,-16.108586],[33.66098,-16.108857],[33.66042,-16.10913],[33.660423,-16.109943],[33.660703,-16.109943],[33.660702,-16.109671],[33.661264,-16.10967],[33.661261,-16.108856],[33.661541,-16.108855],[33.66154,-16.108584],[33.662382,-16.108581],[33.662379,-16.107768],[33.66266,-16.107767],[33.662658,-16.107225],[33.662097,-16.107226],[33.662094,-16.106413],[33.662936,-16.10641],[33.662938,-16.106953],[33.66406,-16.106949],[33.664059,-16.106678],[33.663498,-16.10668],[33.663495,-16.105866],[33.664337,-16.105863],[33.664339,-16.106677],[33.66462,-16.106676],[33.664618,-16.106134],[33.666021,-16.106129],[33.66602,-16.105858],[33.668545,-16.10585],[33.668546,-16.106122],[33.669107,-16.10612],[33.669106,-16.105849],[33.670789,-16.105843],[33.670792,-16.106657],[33.67023,-16.106659],[33.669673,-16.107745],[33.66743,-16.108023],[33.667429,-16.107752],[33.666587,-16.107755],[33.666586,-16.107484],[33.666025,-16.107485],[33.665747,-16.108029],[33.666869,-16.108025],[33.666871,-16.108839],[33.665469,-16.108843],[33.66547,-16.109114],[33.66575,-16.109113],[33.665753,-16.109927],[33.665192,-16.109929],[33.665195,-16.111013],[33.665476,-16.111013],[33.665477,-16.111284],[33.666599,-16.11128],[33.666602,-16.112094],[33.667724,-16.11209],[33.667723,-16.111819],[33.668283,-16.111546],[33.668282,-16.111275],[33.668002,-16.111276],[33.667998,-16.110191],[33.668279,-16.11019],[33.668278,-16.109919],[33.668839,-16.109917],[33.668838,-16.109646],[33.670241,-16.109642],[33.670244,-16.110726],[33.670525,-16.110726],[33.670807,-16.111267],[33.671649,-16.111264],[33.67165,-16.111536],[33.672772,-16.111532],[33.672773,-16.111803],[33.674175,-16.111799],[33.674176,-16.11207],[33.674457,-16.112069],[33.674448,-16.109357],[33.674728,-16.109356],[33.674726,-16.108814],[33.675007,-16.108813],[33.675003,-16.107728],[33.676686,-16.107723],[33.676688,-16.108265],[33.67725,-16.108535],[33.677254,-16.10962],[33.676693,-16.109621],[33.676695,-16.110164],[33.677818,-16.110431],[33.677817,-16.11016],[33.677536,-16.110161],[33.677532,-16.109076],[33.678374,-16.109074],[33.678373,-16.108802],[33.678093,-16.108803],[33.67809,-16.10799],[33.67837,-16.107989],[33.678086,-16.106905],[33.677245,-16.106908],[33.677244,-16.106636],[33.676683,-16.106638],[33.676681,-16.106096],[33.67612,-16.106098],[33.676122,-16.10664],[33.67556,-16.106642],[33.675561,-16.106913],[33.674439,-16.106917],[33.674437,-16.106103],[33.674717,-16.106102],[33.674715,-16.10556],[33.674154,-16.105561],[33.674156,-16.106104],[33.673876,-16.106105],[33.673876,-16.106376],[33.672754,-16.106379],[33.672753,-16.106108],[33.671351,-16.106113],[33.671348,-16.105299],[33.671909,-16.105297],[33.671906,-16.104484],[33.673309,-16.104479],[33.67331,-16.104751],[33.67359,-16.10475],[33.673592,-16.105292],[33.673873,-16.105291],[33.673871,-16.104749],[33.674712,-16.104746],[33.674714,-16.105289],[33.676678,-16.105282],[33.676675,-16.104469],[33.677236,-16.104467],[33.676954,-16.103925],[33.675551,-16.10393],[33.67555,-16.103659],[33.674428,-16.103662],[33.674427,-16.103391],[33.672464,-16.103397],[33.672466,-16.10394],[33.669941,-16.103948],[33.669659,-16.103406],[33.667414,-16.103413],[33.667415,-16.103684],[33.666574,-16.103687],[33.666573,-16.103416],[33.665451,-16.103419]]]}},{"type":"Feature","properties":{"ano":2015,"camada":"industrial","area_km2":0.0009},"geometry":{"type":"Polygon","coordinates":[[[33.671372,-16.11235],[33.671373,-16.112621],[33.671653,-16.11262],[33.671652,-16.112349],[33.671372,-16.11235]]]}},{"type":"Feature","properties":{"ano":2015,"camada":"industrial","area_km2":0.0045},"geometry":{"type":"Polygon","coordinates":[[[33.672497,-16.11316],[33.672498,-16.113431],[33.672778,-16.11343],[33.672779,-16.113702],[33.673341,-16.113971],[33.673339,-16.113429],[33.673059,-16.11343],[33.673058,-16.113158],[33.672497,-16.11316]]]}},{"type":"Feature","properties":{"ano":2015,"camada":"industrial","area_km2":0.0009},"geometry":{"type":"Polygon","coordinates":[[[33.703926,-16.115771],[33.703927,-16.116042],[33.704207,-16.116041],[33.704207,-16.11577],[33.703926,-16.115771]]]}},{"type":"Feature","properties":{"ano":2015,"camada":"industrial","area_km2":0.045},"geometry":{"type":"Polygon","coordinates":[[[33.663525,-16.114815],[33.663526,-16.115087],[33.664088,-16.115356],[33.664372,-16.11644],[33.664652,-16.116439],[33.664655,-16.117253],[33.664936,-16.117252],[33.664933,-16.116438],[33.666055,-16.116435],[33.666054,-16.116163],[33.666335,-16.116163],[33.666331,-16.115078],[33.666051,-16.115079],[33.66605,-16.114808],[33.663525,-16.114815]]]}},{"type":"Feature","properties":{"ano":2015,"camada":"industrial","area_km2":0.0009},"geometry":{"type":"Polygon","coordinates":[[[33.688781,-16.116905],[33.688782,-16.117176],[33.689062,-16.117175],[33.689061,-16.116904],[33.688781,-16.116905]]]}},{"type":"Feature","properties":{"ano":2015,"camada":"industrial","area_km2":0.0648},"geometry":{"type":"Polygon","coordinates":[[[33.674181,-16.113426],[33.674183,-16.113968],[33.674463,-16.113968],[33.674466,-16.114781],[33.674185,-16.114782],[33.67419,-16.116138],[33.674752,-16.116407],[33.675036,-16.117491],[33.675597,-16.117489],[33.675596,-16.117218],[33.676438,-16.117216],[33.676439,-16.117487],[33.677,-16.117485],[33.676998,-16.116943],[33.676718,-16.116944],[33.676713,-16.115588],[33.676432,-16.115588],[33.676431,-16.115317],[33.67559,-16.11532],[33.675589,-16.115049],[33.674747,-16.115051],[33.674743,-16.113695],[33.674181,-16.113426]]]}},{"type":"Feature","properties":{"ano":2015,"camada":"industrial","area_km2":0.0036},"geometry":{"type":"Polygon","coordinates":[[[33.701966,-16.116862],[33.701968,-16.117404],[33.70281,-16.117402],[33.702809,-16.11713],[33.702248,-16.117132],[33.702247,-16.116861],[33.701966,-16.116862]]]}},{"type":"Feature","properties":{"ano":2015,"camada":"industrial","area_km2":0.0342},"geometry":{"type":"Polygon","coordinates":[[[33.694389,-16.116073],[33.69439,-16.116344],[33.693829,-16.116346],[33.69383,-16.116889],[33.69355,-16.116889],[33.693832,-16.117431],[33.694113,-16.11743],[33.694111,-16.116888],[33.695233,-16.116884],[33.695516,-16.117425],[33.696639,-16.117693],[33.696634,-16.116337],[33.694389,-16.116073]]]}},{"type":"Feature","properties":{"ano":2015,"camada":"industrial","area_km2":0.0603},"geometry":{"type":"Polygon","coordinates":[[[33.696632,-16.115795],[33.696634,-16.116337],[33.697476,-16.116334],[33.697479,-16.117419],[33.69776,-16.117418],[33.697761,-16.117689],[33.698041,-16.117688],[33.69804,-16.117417],[33.698882,-16.117414],[33.698885,-16.118228],[33.699165,-16.118227],[33.699166,-16.118498],[33.699727,-16.118496],[33.699723,-16.117141],[33.699162,-16.117142],[33.699159,-16.116329],[33.699439,-16.116328],[33.699438,-16.116057],[33.700561,-16.116053],[33.700561,-16.116324],[33.701123,-16.116322],[33.701123,-16.116594],[33.701965,-16.116591],[33.701964,-16.11632],[33.701403,-16.116321],[33.701401,-16.115779],[33.698876,-16.115787],[33.698877,-16.116059],[33.696632,-16.115795]]]}},{"type":"Feature","properties":{"ano":2015,"camada":"industrial","area_km2":0.0009},"geometry":{"type":"Polygon","coordinates":[[[33.688226,-16.118805],[33.688227,-16.119076],[33.688508,-16.119075],[33.688507,-16.118804],[33.688226,-16.118805]]]}},{"type":"Feature","properties":{"ano":2015,"camada":"industrial","area_km2":0.3015},"geometry":{"type":"Polygon","coordinates":[[[33.659301,-16.109947],[33.659302,-16.110218],[33.657899,-16.110222],[33.6579,-16.110494],[33.65818,-16.110493],[33.658183,-16.111306],[33.657903,-16.111307],[33.657903,-16.111578],[33.657342,-16.11158],[33.657064,-16.112123],[33.65538,-16.112129],[33.655381,-16.1124],[33.655101,-16.112401],[33.655102,-16.112672],[33.655382,-16.112671],[33.655384,-16.113213],[33.655665,-16.113212],[33.655667,-16.114026],[33.655387,-16.114027],[33.655388,-16.114298],[33.655668,-16.114297],[33.655673,-16.115924],[33.655954,-16.115924],[33.655952,-16.115381],[33.656794,-16.115379],[33.656796,-16.116192],[33.656235,-16.116194],[33.656238,-16.117007],[33.655116,-16.117011],[33.655118,-16.117553],[33.655398,-16.117552],[33.655402,-16.118637],[33.655121,-16.118638],[33.655122,-16.118909],[33.655403,-16.118908],[33.655404,-16.119451],[33.655966,-16.119449],[33.655963,-16.118635],[33.655682,-16.118636],[33.65568,-16.117823],[33.65596,-16.117822],[33.655958,-16.117279],[33.657641,-16.117003],[33.657918,-16.115917],[33.65904,-16.115914],[33.659041,-16.116185],[33.659321,-16.116184],[33.659324,-16.116998],[33.659043,-16.116999],[33.659044,-16.11727],[33.657922,-16.117273],[33.657923,-16.117545],[33.659606,-16.117539],[33.659607,-16.117811],[33.660449,-16.117808],[33.660448,-16.117537],[33.662973,-16.117529],[33.662972,-16.117258],[33.663533,-16.117256],[33.66353,-16.116443],[33.66325,-16.116443],[33.663249,-16.116172],[33.661285,-16.116178],[33.661284,-16.115907],[33.661004,-16.115908],[33.661003,-16.115637],[33.660441,-16.115367],[33.660439,-16.114825],[33.659879,-16.115098],[33.659881,-16.11564],[33.658758,-16.115644],[33.658756,-16.11483],[33.659036,-16.114829],[33.659035,-16.114558],[33.658755,-16.114559],[33.658754,-16.114288],[33.657912,-16.11429],[33.65791,-16.113477],[33.658471,-16.113475],[33.65847,-16.113204],[33.659031,-16.113202],[33.65903,-16.112931],[33.659311,-16.11293],[33.659307,-16.111845],[33.659867,-16.111572],[33.659866,-16.111301],[33.659586,-16.111302],[33.659582,-16.110217],[33.660424,-16.110215],[33.660423,-16.109943],[33.659301,-16.109947]],[[33.656788,-16.113751],[33.65763,-16.113749],[33.657633,-16.114562],[33.656791,-16.114565],[33.656788,-16.113751]]]}},{"type":"Feature","properties":{"ano":2015,"camada":"industrial","area_km2":0.0459},"geometry":{"type":"Polygon","coordinates":[[[33.689621,-16.116631],[33.689622,-16.116902],[33.689903,-16.116901],[33.689628,-16.118529],[33.690189,-16.118528],[33.690192,-16.119341],[33.690472,-16.11934],[33.690473,-16.119611],[33.691035,-16.119881],[33.691034,-16.11961],[33.691315,-16.119609],[33.691308,-16.11771],[33.691028,-16.117711],[33.691024,-16.116626],[33.689621,-16.116631]]]}},{"type":"Feature","properties":{"ano":2015,"camada":"industrial","area_km2":0.0225},"geometry":{"type":"Polygon","coordinates":[[[33.680932,-16.118828],[33.680936,-16.119913],[33.6829,-16.119907],[33.682896,-16.118822],[33.682615,-16.118823],[33.682616,-16.119094],[33.680932,-16.118828]]]}},{"type":"Feature","properties":{"ano":2015,"camada":"industrial","area_km2":0.0027},"geometry":{"type":"Polygon","coordinates":[[[33.678972,-16.119919],[33.678973,-16.120191],[33.679815,-16.120188],[33.679814,-16.119917],[33.678972,-16.119919]]]}},{"type":"Feature","properties":{"ano":2015,"camada":"industrial","area_km2":0.0927},"geometry":{"type":"Polygon","coordinates":[[[33.704489,-16.116311],[33.704493,-16.117396],[33.703651,-16.117399],[33.703652,-16.11767],[33.703372,-16.117671],[33.703374,-16.118485],[33.703094,-16.118485],[33.703095,-16.118757],[33.703657,-16.119026],[33.703659,-16.119568],[33.704221,-16.119838],[33.704223,-16.12038],[33.705064,-16.120377],[33.705063,-16.120106],[33.705625,-16.120104],[33.705623,-16.119562],[33.705342,-16.119563],[33.705339,-16.118749],[33.7059,-16.118747],[33.705898,-16.118205],[33.70674,-16.118202],[33.706737,-16.117389],[33.706457,-16.11739],[33.706456,-16.117118],[33.705895,-16.11712],[33.705894,-16.116849],[33.705052,-16.116852],[33.70505,-16.116309],[33.704489,-16.116311]]]}},{"type":"Feature","properties":{"ano":2015,"camada":"industrial","area_km2":0.0009},"geometry":{"type":"Polygon","coordinates":[[[33.660179,-16.121063],[33.66018,-16.121334],[33.660461,-16.121334],[33.66046,-16.121062],[33.660179,-16.121063]]]}},{"type":"Feature","properties":{"ano":2015,"camada":"industrial","area_km2":0.9855},"geometry":{"type":"Polygon","coordinates":[[[33.682851,-16.105805],[33.682852,-16.106076],[33.682572,-16.106077],[33.682574,-16.10662],[33.682013,-16.106621],[33.682013,-16.106893],[33.682294,-16.106892],[33.682295,-16.107163],[33.682575,-16.107162],[33.682576,-16.107433],[33.682857,-16.107432],[33.683139,-16.107974],[33.6837,-16.107972],[33.683703,-16.108785],[33.683423,-16.108786],[33.683424,-16.109058],[33.682582,-16.10906],[33.682583,-16.109331],[33.681741,-16.109334],[33.68174,-16.109063],[33.68146,-16.109064],[33.681457,-16.10825],[33.680615,-16.108253],[33.680617,-16.108795],[33.680898,-16.108794],[33.680902,-16.11015],[33.67978,-16.110154],[33.679779,-16.109612],[33.679217,-16.109613],[33.679218,-16.109885],[33.678938,-16.109885],[33.678941,-16.110699],[33.677819,-16.110703],[33.67782,-16.111245],[33.678382,-16.111514],[33.678385,-16.112328],[33.677543,-16.112331],[33.677544,-16.112602],[33.677264,-16.112603],[33.677265,-16.112874],[33.676704,-16.112876],[33.676705,-16.113147],[33.676985,-16.113146],[33.676986,-16.113417],[33.678108,-16.113414],[33.678109,-16.113685],[33.678951,-16.113682],[33.678952,-16.113953],[33.679232,-16.113952],[33.679236,-16.115037],[33.678114,-16.115041],[33.678112,-16.114498],[33.677831,-16.114499],[33.67783,-16.114228],[33.677269,-16.11423],[33.67727,-16.114501],[33.677551,-16.1145],[33.677557,-16.116398],[33.677838,-16.116398],[33.677842,-16.117754],[33.677001,-16.117756],[33.677005,-16.118841],[33.675321,-16.118846],[33.67532,-16.118575],[33.674479,-16.118578],[33.67448,-16.118849],[33.674199,-16.11885],[33.674206,-16.121019],[33.673085,-16.121294],[33.673087,-16.121836],[33.673368,-16.121836],[33.673368,-16.122107],[33.67393,-16.122105],[33.673929,-16.121834],[33.67449,-16.121832],[33.674489,-16.121561],[33.675892,-16.121556],[33.67589,-16.121014],[33.67645,-16.120741],[33.676445,-16.119385],[33.677006,-16.119383],[33.677005,-16.119112],[33.677286,-16.119111],[33.677285,-16.11884],[33.677566,-16.118839],[33.677565,-16.118568],[33.678125,-16.118295],[33.678123,-16.117753],[33.678965,-16.11775],[33.678964,-16.117479],[33.679525,-16.117477],[33.679524,-16.117206],[33.680927,-16.117201],[33.681205,-16.116658],[33.681766,-16.116656],[33.681765,-16.116385],[33.682046,-16.116384],[33.682043,-16.115571],[33.681763,-16.115571],[33.681758,-16.114216],[33.6826,-16.114213],[33.682603,-16.115298],[33.683163,-16.115025],[33.683162,-16.114482],[33.682881,-16.114483],[33.682875,-16.112856],[33.683717,-16.112853],[33.683718,-16.113125],[33.683999,-16.113124],[33.683998,-16.112852],[33.684839,-16.11285],[33.684842,-16.113663],[33.684561,-16.113664],[33.684285,-16.11475],[33.685408,-16.115017],[33.685411,-16.116102],[33.685973,-16.1161],[33.685974,-16.116643],[33.686255,-16.116642],[33.686261,-16.118269],[33.686541,-16.118268],[33.686539,-16.117726],[33.687099,-16.117453],[33.687097,-16.116639],[33.687377,-16.116638],[33.687376,-16.116367],[33.687096,-16.116368],[33.687091,-16.115012],[33.687652,-16.11501],[33.687628,-16.107959],[33.687347,-16.10796],[33.687345,-16.107418],[33.687065,-16.107419],[33.687063,-16.106876],[33.686782,-16.106877],[33.686781,-16.106606],[33.685659,-16.10661],[33.685658,-16.106338],[33.684536,-16.106342],[33.684535,-16.106071],[33.683413,-16.106074],[33.683412,-16.105803],[33.682851,-16.105805]]]}},{"type":"Feature","properties":{"ano":2015,"camada":"industrial","area_km2":0.0063},"geometry":{"type":"Polygon","coordinates":[[[33.735094,-16.12353],[33.734816,-16.124074],[33.735658,-16.124071],[33.735659,-16.124342],[33.735939,-16.124341],[33.735937,-16.123799],[33.735657,-16.1238],[33.735656,-16.123528],[33.735094,-16.12353]]]}},{"type":"Feature","properties":{"ano":2015,"camada":"industrial","area_km2":0.2223},"geometry":{"type":"Polygon","coordinates":[[[33.699734,-16.120395],[33.699738,-16.12148],[33.698616,-16.121483],[33.698615,-16.121212],[33.698334,-16.121213],[33.698056,-16.121756],[33.696933,-16.12176],[33.696934,-16.122031],[33.695532,-16.122036],[33.695533,-16.122307],[33.69441,-16.122311],[33.694409,-16.122039],[33.694129,-16.12204],[33.694128,-16.121769],[33.693567,-16.121771],[33.693284,-16.121229],[33.692723,-16.121231],[33.692445,-16.121775],[33.693286,-16.121772],[33.69329,-16.122857],[33.693571,-16.122856],[33.693573,-16.123669],[33.694136,-16.123939],[33.694137,-16.124481],[33.694979,-16.124478],[33.694982,-16.125292],[33.695544,-16.125561],[33.695542,-16.125019],[33.695261,-16.12502],[33.695259,-16.124206],[33.6961,-16.124203],[33.696102,-16.124746],[33.696663,-16.124744],[33.696662,-16.124473],[33.697785,-16.124469],[33.697785,-16.12474],[33.698348,-16.12501],[33.698346,-16.124467],[33.698626,-16.124466],[33.698623,-16.123653],[33.699465,-16.12365],[33.699464,-16.123379],[33.700585,-16.123104],[33.700583,-16.122562],[33.702267,-16.122556],[33.702265,-16.122014],[33.701984,-16.122015],[33.701983,-16.121743],[33.701703,-16.121744],[33.70142,-16.121203],[33.700579,-16.121206],[33.700578,-16.120934],[33.700297,-16.120935],[33.700295,-16.120393],[33.699734,-16.120395]],[[33.694132,-16.122854],[33.695254,-16.12285],[33.695255,-16.123121],[33.695535,-16.12312],[33.695538,-16.123934],[33.694416,-16.123938],[33.694415,-16.123666],[33.694135,-16.123667],[33.694132,-16.122854]]]}},{"type":"Feature","properties":{"ano":2015,"camada":"industrial","area_km2":0.0018},"geometry":{"type":"Polygon","coordinates":[[[33.695545,-16.125832],[33.695547,-16.126375],[33.695827,-16.126374],[33.695825,-16.125831],[33.695545,-16.125832]]]}},{"type":"Feature","properties":{"ano":2015,"camada":"industrial","area_km2":0.0036},"geometry":{"type":"Polygon","coordinates":[[[33.726696,-16.12844],[33.726698,-16.128983],[33.727259,-16.128981],[33.727257,-16.128439],[33.726696,-16.12844]]]}},{"type":"Feature","properties":{"ano":2015,"camada":"industrial","area_km2":0.0036},"geometry":{"type":"Polygon","coordinates":[[[33.694715,-16.129089],[33.694716,-16.129361],[33.694435,-16.129361],[33.694437,-16.129904],[33.694997,-16.129631],[33.694995,-16.129088],[33.694715,-16.129089]]]}},{"type":"Feature","properties":{"ano":2015,"camada":"industrial","area_km2":0.0072},"geometry":{"type":"Polygon","coordinates":[[[33.729226,-16.129788],[33.729227,-16.130059],[33.729507,-16.130058],[33.729511,-16.131143],[33.729231,-16.131144],[33.729232,-16.131415],[33.729793,-16.131413],[33.729787,-16.129786],[33.729226,-16.129788]]]}},{"type":"Feature","properties":{"ano":2015,"camada":"industrial","area_km2":0.0009},"geometry":{"type":"Polygon","coordinates":[[[33.740739,-16.13246],[33.74074,-16.132731],[33.74102,-16.13273],[33.741019,-16.132459],[33.740739,-16.13246]]]}},{"type":"Feature","properties":{"ano":2015,"camada":"industrial","area_km2":0.0009},"geometry":{"type":"Polygon","coordinates":[[[33.718856,-16.132806],[33.718857,-16.133077],[33.719138,-16.133076],[33.719137,-16.132805],[33.718856,-16.132806]]]}},{"type":"Feature","properties":{"ano":2015,"camada":"industrial","area_km2":0.0324},"geometry":{"type":"Polygon","coordinates":[[[33.74354,-16.131366],[33.743541,-16.131637],[33.74298,-16.131639],[33.742984,-16.132723],[33.742142,-16.132726],[33.742143,-16.132998],[33.741302,-16.133],[33.741301,-16.132729],[33.74102,-16.13273],[33.741022,-16.133273],[33.741303,-16.133272],[33.741306,-16.134085],[33.741586,-16.134084],[33.741587,-16.134355],[33.741868,-16.134354],[33.741866,-16.133812],[33.742427,-16.13381],[33.742424,-16.132997],[33.743827,-16.132992],[33.743821,-16.131365],[33.74354,-16.131366]]]}},{"type":"Feature","properties":{"ano":2015,"camada":"industrial","area_km2":1.2231},"geometry":{"type":"Polygon","coordinates":[[[33.724991,-16.12248],[33.724992,-16.122751],[33.724431,-16.122753],[33.724152,-16.123296],[33.72303,-16.1233],[33.723028,-16.122758],[33.722747,-16.122759],[33.72275,-16.123572],[33.72247,-16.123573],[33.722471,-16.123845],[33.720226,-16.123852],[33.720227,-16.124123],[33.719666,-16.124125],[33.719667,-16.124396],[33.719106,-16.124398],[33.719107,-16.124669],[33.718546,-16.124671],[33.718547,-16.124943],[33.717986,-16.124944],[33.717987,-16.125216],[33.717426,-16.125218],[33.717427,-16.125489],[33.716306,-16.125764],[33.716308,-16.126306],[33.718552,-16.126299],[33.718555,-16.127112],[33.718274,-16.127113],[33.718276,-16.127655],[33.719679,-16.127651],[33.719962,-16.128192],[33.720523,-16.12819],[33.720521,-16.127648],[33.721643,-16.127644],[33.721647,-16.128729],[33.721927,-16.128728],[33.721928,-16.128999],[33.72277,-16.128996],[33.722768,-16.128454],[33.723329,-16.128452],[33.723328,-16.128181],[33.723609,-16.12818],[33.723608,-16.127909],[33.724169,-16.127907],[33.724168,-16.127635],[33.72529,-16.127632],[33.725289,-16.12736],[33.72585,-16.127359],[33.725847,-16.126545],[33.726689,-16.126542],[33.72669,-16.126813],[33.72697,-16.126812],[33.726969,-16.126541],[33.728092,-16.126537],[33.728093,-16.126809],[33.728373,-16.126808],[33.728376,-16.127621],[33.728096,-16.127622],[33.728097,-16.127893],[33.728377,-16.127892],[33.728379,-16.128435],[33.72894,-16.128433],[33.728943,-16.129246],[33.728663,-16.129247],[33.728665,-16.12979],[33.729226,-16.129788],[33.729221,-16.128432],[33.730062,-16.128429],[33.730063,-16.1287],[33.730344,-16.128699],[33.730627,-16.129241],[33.731468,-16.129238],[33.731469,-16.129509],[33.732031,-16.129778],[33.732034,-16.130592],[33.731193,-16.130595],[33.731194,-16.130866],[33.731474,-16.130865],[33.731476,-16.131407],[33.732037,-16.131405],[33.732038,-16.131676],[33.733161,-16.131673],[33.733164,-16.132486],[33.732322,-16.132489],[33.732325,-16.133303],[33.732605,-16.133302],[33.732607,-16.133844],[33.73317,-16.134113],[33.733174,-16.135198],[33.733454,-16.135197],[33.733449,-16.133841],[33.73373,-16.13384],[33.733723,-16.131942],[33.734003,-16.131941],[33.734001,-16.131399],[33.73344,-16.1314],[33.733438,-16.130858],[33.733158,-16.130859],[33.733154,-16.129774],[33.734837,-16.129769],[33.734838,-16.13004],[33.736241,-16.130035],[33.736243,-16.130577],[33.737645,-16.130572],[33.737646,-16.130844],[33.738769,-16.13084],[33.73877,-16.131111],[33.73905,-16.13111],[33.739333,-16.131651],[33.740455,-16.131647],[33.740453,-16.131105],[33.740172,-16.131106],[33.740168,-16.130021],[33.741571,-16.130016],[33.74157,-16.129745],[33.742692,-16.129741],[33.74269,-16.129199],[33.74241,-16.1292],[33.742409,-16.128929],[33.742128,-16.12893],[33.742126,-16.128387],[33.741846,-16.128388],[33.741841,-16.127032],[33.74156,-16.127033],[33.741276,-16.12595],[33.740434,-16.125953],[33.740433,-16.125681],[33.739591,-16.125684],[33.73959,-16.125413],[33.738749,-16.125416],[33.738748,-16.125145],[33.737345,-16.12515],[33.737343,-16.124607],[33.736782,-16.124609],[33.736784,-16.125152],[33.736223,-16.125154],[33.736225,-16.125696],[33.735944,-16.125697],[33.735948,-16.126782],[33.735106,-16.126784],[33.735101,-16.125429],[33.735382,-16.125428],[33.735099,-16.124886],[33.733977,-16.12489],[33.733976,-16.124619],[33.733415,-16.124621],[33.733416,-16.124892],[33.733697,-16.124891],[33.733703,-16.126518],[33.733983,-16.126517],[33.733981,-16.125975],[33.734823,-16.125972],[33.734827,-16.127057],[33.734546,-16.127058],[33.734547,-16.127329],[33.733986,-16.127331],[33.733987,-16.127602],[33.732303,-16.127337],[33.732298,-16.125981],[33.732017,-16.125982],[33.73202,-16.126795],[33.731459,-16.126797],[33.731461,-16.127339],[33.730339,-16.127343],[33.730338,-16.127072],[33.730058,-16.127073],[33.730053,-16.125717],[33.730333,-16.125716],[33.730332,-16.125445],[33.730893,-16.125443],[33.73089,-16.124629],[33.731732,-16.124627],[33.731731,-16.124355],[33.732292,-16.124353],[33.732287,-16.122998],[33.733409,-16.122994],[33.733411,-16.123536],[33.733972,-16.123534],[33.733971,-16.123263],[33.734252,-16.123262],[33.73425,-16.12272],[33.733969,-16.122721],[33.733968,-16.122449],[33.732285,-16.122455],[33.732006,-16.122998],[33.730323,-16.123004],[33.730321,-16.122462],[33.727516,-16.122471],[33.727517,-16.122743],[33.727797,-16.122742],[33.727807,-16.125454],[33.726685,-16.125457],[33.726677,-16.123288],[33.726958,-16.123287],[33.726956,-16.122745],[33.726675,-16.122746],[33.726674,-16.122474],[33.724991,-16.12248]],[[33.724152,-16.123296],[33.724994,-16.123294],[33.724998,-16.124378],[33.724156,-16.124381],[33.724152,-16.123296]],[[33.723031,-16.123571],[33.723873,-16.123569],[33.723876,-16.124382],[33.723034,-16.124385],[33.723031,-16.123571]],[[33.718829,-16.125213],[33.720513,-16.125478],[33.720518,-16.126834],[33.719676,-16.126837],[33.719673,-16.126024],[33.718832,-16.126026],[33.718829,-16.125213]],[[33.735669,-16.127054],[33.73651,-16.127051],[33.736511,-16.127322],[33.736792,-16.127321],[33.736794,-16.127863],[33.737635,-16.127861],[33.737636,-16.128132],[33.738199,-16.128401],[33.738202,-16.129215],[33.73736,-16.129217],[33.737361,-16.129489],[33.736239,-16.129492],[33.736236,-16.128679],[33.736797,-16.128677],[33.736796,-16.128406],[33.735393,-16.128411],[33.73539,-16.127597],[33.735671,-16.127596],[33.735669,-16.127054]],[[33.733147,-16.127876],[33.734549,-16.127871],[33.734553,-16.128956],[33.733431,-16.12896],[33.73343,-16.128689],[33.73315,-16.12869],[33.733147,-16.127876]]]}},{"type":"Feature","properties":{"ano":2015,"camada":"industrial","area_km2":0.0009},"geometry":{"type":"Polygon","coordinates":[[[33.74215,-16.134896],[33.742151,-16.135167],[33.742432,-16.135166],[33.742431,-16.134895],[33.74215,-16.134896]]]}},{"type":"Feature","properties":{"ano":2015,"camada":"industrial","area_km2":0.0171},"geometry":{"type":"Polygon","coordinates":[[[33.744108,-16.133262],[33.74411,-16.133804],[33.744391,-16.133803],[33.744394,-16.134617],[33.744675,-16.134616],[33.744676,-16.134887],[33.744956,-16.134886],[33.744957,-16.135157],[33.745519,-16.135426],[33.745516,-16.134613],[33.745236,-16.134614],[33.744951,-16.13353],[33.74467,-16.133531],[33.744669,-16.13326],[33.744108,-16.133262]]]}},{"type":"Feature","properties":{"ano":2015,"camada":"industrial","area_km2":0.0009},"geometry":{"type":"Polygon","coordinates":[[[33.783965,-16.137458],[33.783966,-16.137729],[33.784246,-16.137728],[33.784245,-16.137457],[33.783965,-16.137458]]]}},{"type":"Feature","properties":{"ano":2015,"camada":"industrial","area_km2":0.0018},"geometry":{"type":"Polygon","coordinates":[[[33.777238,-16.139381],[33.77724,-16.139652],[33.777801,-16.13965],[33.7778,-16.139379],[33.777238,-16.139381]]]}},{"type":"Feature","properties":{"ano":2015,"camada":"industrial","area_km2":0.0009},"geometry":{"type":"Polygon","coordinates":[[[33.75676,-16.140268],[33.756761,-16.140539],[33.757042,-16.140538],[33.757041,-16.140267],[33.75676,-16.140268]]]}},{"type":"Feature","properties":{"ano":2015,"camada":"industrial","area_km2":0.0009},"geometry":{"type":"Polygon","coordinates":[[[33.771914,-16.141027],[33.771915,-16.141299],[33.772196,-16.141298],[33.772195,-16.141026],[33.771914,-16.141027]]]}},{"type":"Feature","properties":{"ano":2015,"camada":"industrial","area_km2":0.0009},"geometry":{"type":"Polygon","coordinates":[[[33.771635,-16.1413],[33.771636,-16.141571],[33.771916,-16.14157],[33.771915,-16.141299],[33.771635,-16.1413]]]}},{"type":"Feature","properties":{"ano":2015,"camada":"industrial","area_km2":0.0009},"geometry":{"type":"Polygon","coordinates":[[[33.737687,-16.141691],[33.737688,-16.141962],[33.737968,-16.141961],[33.737967,-16.14169],[33.737687,-16.141691]]]}},{"type":"Feature","properties":{"ano":2015,"camada":"industrial","area_km2":0.0009},"geometry":{"type":"Polygon","coordinates":[[[33.655761,-16.142501],[33.655762,-16.142772],[33.656042,-16.142771],[33.656041,-16.1425],[33.655761,-16.142501]]]}},{"type":"Feature","properties":{"ano":2015,"camada":"industrial","area_km2":0.0063},"geometry":{"type":"Polygon","coordinates":[[[33.77949,-16.141271],[33.779495,-16.142356],[33.780057,-16.142625],[33.780335,-16.142082],[33.779774,-16.142084],[33.779771,-16.14127],[33.77949,-16.141271]]]}},{"type":"Feature","properties":{"ano":2015,"camada":"industrial","area_km2":0.0009},"geometry":{"type":"Polygon","coordinates":[[[33.770237,-16.142661],[33.770238,-16.142932],[33.770519,-16.142931],[33.770517,-16.14266],[33.770237,-16.142661]]]}},{"type":"Feature","properties":{"ano":2015,"camada":"industrial","area_km2":0.0009},"geometry":{"type":"Polygon","coordinates":[[[33.727313,-16.143896],[33.727314,-16.144167],[33.727595,-16.144166],[33.727594,-16.143895],[33.727313,-16.143896]]]}},{"type":"Feature","properties":{"ano":2015,"camada":"industrial","area_km2":0.0009},"geometry":{"type":"Polygon","coordinates":[[[33.729839,-16.143888],[33.72984,-16.144159],[33.73012,-16.144158],[33.730119,-16.143887],[33.729839,-16.143888]]]}},{"type":"Feature","properties":{"ano":2015,"camada":"industrial","area_km2":0.0009},"geometry":{"type":"Polygon","coordinates":[[[33.771925,-16.143739],[33.771926,-16.144011],[33.772206,-16.144009],[33.772205,-16.143738],[33.771925,-16.143739]]]}},{"type":"Feature","properties":{"ano":2015,"camada":"industrial","area_km2":0.0009},"geometry":{"type":"Polygon","coordinates":[[[33.779219,-16.143713],[33.77922,-16.143984],[33.779501,-16.143983],[33.7795,-16.143712],[33.779219,-16.143713]]]}},{"type":"Feature","properties":{"ano":2015,"camada":"industrial","area_km2":0.0009},"geometry":{"type":"Polygon","coordinates":[[[33.659416,-16.144659],[33.659416,-16.144931],[33.659697,-16.14493],[33.659696,-16.144659],[33.659416,-16.144659]]]}},{"type":"Feature","properties":{"ano":2015,"camada":"industrial","area_km2":0.0009},"geometry":{"type":"Polygon","coordinates":[[[33.659136,-16.144931],[33.659137,-16.145203],[33.659417,-16.145202],[33.659416,-16.144931],[33.659136,-16.144931]]]}},{"type":"Feature","properties":{"ano":2015,"camada":"industrial","area_km2":0.0009},"geometry":{"type":"Polygon","coordinates":[[[33.778942,-16.144527],[33.778943,-16.144799],[33.779224,-16.144798],[33.779223,-16.144526],[33.778942,-16.144527]]]}},{"type":"Feature","properties":{"ano":2015,"camada":"industrial","area_km2":0.0297},"geometry":{"type":"Polygon","coordinates":[[[33.657441,-16.141411],[33.657442,-16.141682],[33.657161,-16.141683],[33.657166,-16.14331],[33.656325,-16.143313],[33.656323,-16.142771],[33.656042,-16.142771],[33.656046,-16.143856],[33.656888,-16.143854],[33.65689,-16.144667],[33.65661,-16.144668],[33.656611,-16.144939],[33.655769,-16.144942],[33.656051,-16.145483],[33.657172,-16.144938],[33.657169,-16.144124],[33.65745,-16.144123],[33.657444,-16.142496],[33.657725,-16.142495],[33.657721,-16.14141],[33.657441,-16.141411]]]}},{"type":"Feature","properties":{"ano":2015,"camada":"industrial","area_km2":0.0009},"geometry":{"type":"Polygon","coordinates":[[[33.778663,-16.1448],[33.778664,-16.145071],[33.778944,-16.14507],[33.778943,-16.144799],[33.778663,-16.1448]]]}},{"type":"Feature","properties":{"ano":2015,"camada":"industrial","area_km2":0.0036},"geometry":{"type":"Polygon","coordinates":[[[33.771648,-16.144825],[33.77165,-16.145367],[33.771931,-16.145366],[33.77193,-16.145095],[33.772491,-16.145093],[33.77249,-16.144822],[33.771648,-16.144825]]]}},{"type":"Feature","properties":{"ano":2015,"camada":"industrial","area_km2":0.0018},"geometry":{"type":"Polygon","coordinates":[[[33.734613,-16.145227],[33.734615,-16.145769],[33.734896,-16.145769],[33.734894,-16.145226],[33.734613,-16.145227]]]}},{"type":"Feature","properties":{"ano":2015,"camada":"industrial","area_km2":0.1791},"geometry":{"type":"Polygon","coordinates":[[[33.734877,-16.140616],[33.734598,-16.141159],[33.733757,-16.141162],[33.733756,-16.140891],[33.733475,-16.140892],[33.733479,-16.141977],[33.733198,-16.141978],[33.733199,-16.142249],[33.732638,-16.142251],[33.732641,-16.143064],[33.73208,-16.143066],[33.732082,-16.143609],[33.731802,-16.14361],[33.731803,-16.143881],[33.732083,-16.14388],[33.732366,-16.144421],[33.73517,-16.14414],[33.735172,-16.144683],[33.736856,-16.144677],[33.736857,-16.144948],[33.737979,-16.144944],[33.737983,-16.146029],[33.738545,-16.146298],[33.738822,-16.145213],[33.738261,-16.145215],[33.738258,-16.144401],[33.737977,-16.144402],[33.737975,-16.14386],[33.737695,-16.143861],[33.737694,-16.143589],[33.737132,-16.143591],[33.73713,-16.143049],[33.73685,-16.14305],[33.736847,-16.142236],[33.736566,-16.142237],[33.736282,-16.141154],[33.735159,-16.141157],[33.735157,-16.140615],[33.734877,-16.140616]],[[33.735447,-16.143055],[33.736569,-16.143051],[33.736572,-16.143864],[33.73545,-16.143868],[33.735447,-16.143055]]]}},{"type":"Feature","properties":{"ano":2015,"camada":"industrial","area_km2":0.0162},"geometry":{"type":"Polygon","coordinates":[[[33.654081,-16.143591],[33.654084,-16.144676],[33.653804,-16.144677],[33.65381,-16.146575],[33.654091,-16.146574],[33.654089,-16.146032],[33.654649,-16.145759],[33.654647,-16.145216],[33.654367,-16.145217],[33.654362,-16.14359],[33.654081,-16.143591]]]}},{"type":"Feature","properties":{"ano":2015,"camada":"industrial","area_km2":0.0036},"geometry":{"type":"Polygon","coordinates":[[[33.652124,-16.145767],[33.652128,-16.146851],[33.652408,-16.146851],[33.652405,-16.145766],[33.652124,-16.145767]]]}},{"type":"Feature","properties":{"ano":2015,"camada":"industrial","area_km2":0.0045},"geometry":{"type":"Polygon","coordinates":[[[33.670083,-16.146253],[33.670084,-16.146524],[33.669523,-16.146526],[33.669524,-16.146797],[33.670085,-16.146796],[33.670086,-16.147067],[33.670366,-16.147066],[33.670364,-16.146252],[33.670083,-16.146253]]]}},{"type":"Feature","properties":{"ano":2015,"camada":"industrial","area_km2":0.0009},"geometry":{"type":"Polygon","coordinates":[[[33.735179,-16.146581],[33.73518,-16.146852],[33.735461,-16.146851],[33.73546,-16.14658],[33.735179,-16.146581]]]}},{"type":"Feature","properties":{"ano":2015,"camada":"industrial","area_km2":0.0009},"geometry":{"type":"Polygon","coordinates":[[[33.790454,-16.146654],[33.790455,-16.146926],[33.790736,-16.146925],[33.790735,-16.146653],[33.790454,-16.146654]]]}},{"type":"Feature","properties":{"ano":2015,"camada":"industrial","area_km2":0.0063},"geometry":{"type":"Polygon","coordinates":[[[33.733498,-16.147129],[33.733499,-16.1474],[33.732657,-16.147403],[33.732658,-16.147675],[33.7335,-16.147672],[33.733501,-16.147943],[33.733782,-16.147942],[33.73406,-16.147399],[33.733498,-16.147129]]]}},{"type":"Feature","properties":{"ano":2015,"camada":"industrial","area_km2":0.0351},"geometry":{"type":"Polygon","coordinates":[[[33.726473,-16.14417],[33.726474,-16.144441],[33.726193,-16.144442],[33.726196,-16.145256],[33.725915,-16.145257],[33.725928,-16.148782],[33.725648,-16.148783],[33.725649,-16.149054],[33.72649,-16.149052],[33.726486,-16.147967],[33.726767,-16.147966],[33.726762,-16.14661],[33.726482,-16.146611],[33.726475,-16.144713],[33.726755,-16.144712],[33.726753,-16.144169],[33.726473,-16.14417]]]}},{"type":"Feature","properties":{"ano":2015,"camada":"industrial","area_km2":0.0027},"geometry":{"type":"Polygon","coordinates":[[[33.666445,-16.149248],[33.666447,-16.14979],[33.667008,-16.149788],[33.667008,-16.149517],[33.666445,-16.149248]]]}},{"type":"Feature","properties":{"ano":2015,"camada":"industrial","area_km2":0.0009},"geometry":{"type":"Polygon","coordinates":[[[33.651856,-16.149564],[33.651857,-16.149835],[33.652137,-16.149834],[33.652136,-16.149563],[33.651856,-16.149564]]]}},{"type":"Feature","properties":{"ano":2015,"camada":"industrial","area_km2":0.0009},"geometry":{"type":"Polygon","coordinates":[[[33.654942,-16.149555],[33.654943,-16.149826],[33.655224,-16.149825],[33.655223,-16.149554],[33.654942,-16.149555]]]}},{"type":"Feature","properties":{"ano":2015,"camada":"industrial","area_km2":0.0018},"geometry":{"type":"Polygon","coordinates":[[[33.733787,-16.149298],[33.733788,-16.149569],[33.734349,-16.149567],[33.734348,-16.149296],[33.733787,-16.149298]]]}},{"type":"Feature","properties":{"ano":2015,"camada":"industrial","area_km2":0.0009},"geometry":{"type":"Polygon","coordinates":[[[33.775593,-16.14915],[33.775594,-16.149421],[33.775875,-16.14942],[33.775874,-16.149149],[33.775593,-16.14915]]]}},{"type":"Feature","properties":{"ano":2015,"camada":"industrial","area_km2":0.0009},"geometry":{"type":"Polygon","coordinates":[[[33.667008,-16.149788],[33.667009,-16.15006],[33.66729,-16.150059],[33.667289,-16.149788],[33.667008,-16.149788]]]}},{"type":"Feature","properties":{"ano":2015,"camada":"industrial","area_km2":0.0009},"geometry":{"type":"Polygon","coordinates":[[[33.671217,-16.149775],[33.671218,-16.150046],[33.671499,-16.150046],[33.671498,-16.149774],[33.671217,-16.149775]]]}},{"type":"Feature","properties":{"ano":2015,"camada":"industrial","area_km2":0.0009},"geometry":{"type":"Polygon","coordinates":[[[33.771947,-16.149434],[33.771948,-16.149705],[33.772228,-16.149704],[33.772227,-16.149433],[33.771947,-16.149434]]]}},{"type":"Feature","properties":{"ano":2015,"camada":"industrial","area_km2":0.0027},"geometry":{"type":"Polygon","coordinates":[[[33.671499,-16.150046],[33.671501,-16.150588],[33.672062,-16.150586],[33.672061,-16.150315],[33.671499,-16.150046]]]}},{"type":"Feature","properties":{"ano":2015,"camada":"industrial","area_km2":0.0009},"geometry":{"type":"Polygon","coordinates":[[[33.656068,-16.150636],[33.656069,-16.150907],[33.65635,-16.150906],[33.656349,-16.150635],[33.656068,-16.150636]]]}},{"type":"Feature","properties":{"ano":2015,"camada":"industrial","area_km2":0.0018},"geometry":{"type":"Polygon","coordinates":[[[33.769705,-16.150256],[33.769706,-16.150527],[33.770267,-16.150525],[33.770266,-16.150254],[33.769705,-16.150256]]]}},{"type":"Feature","properties":{"ano":2015,"camada":"industrial","area_km2":0.0828},"geometry":{"type":"Polygon","coordinates":[[[33.652408,-16.146851],[33.652411,-16.147664],[33.65213,-16.147665],[33.652136,-16.149292],[33.652977,-16.14929],[33.65298,-16.150103],[33.653541,-16.150101],[33.653543,-16.150644],[33.653824,-16.150643],[33.653825,-16.151185],[33.654106,-16.151184],[33.654105,-16.150913],[33.654666,-16.150912],[33.654665,-16.15064],[33.654104,-16.150642],[33.6541,-16.149286],[33.654941,-16.149283],[33.654939,-16.14847],[33.655219,-16.148469],[33.655218,-16.148198],[33.65606,-16.148195],[33.656059,-16.147924],[33.655218,-16.147927],[33.655217,-16.147655],[33.654655,-16.147657],[33.654655,-16.147386],[33.653813,-16.147389],[33.653814,-16.14766],[33.652691,-16.147663],[33.652689,-16.14685],[33.652408,-16.146851]]]}},{"type":"Feature","properties":{"ano":2015,"camada":"industrial","area_km2":0.0396},"geometry":{"type":"Polygon","coordinates":[[[33.75651,-16.148134],[33.756513,-16.148947],[33.756232,-16.148948],[33.756234,-16.149491],[33.757356,-16.149487],[33.75736,-16.1503],[33.757921,-16.150298],[33.757923,-16.15084],[33.758203,-16.150839],[33.758202,-16.150568],[33.759325,-16.150564],[33.759323,-16.150022],[33.7582,-16.150026],[33.757913,-16.1484],[33.757072,-16.148403],[33.757071,-16.148132],[33.75651,-16.148134]]]}},{"type":"Feature","properties":{"ano":2015,"camada":"industrial","area_km2":0.0009},"geometry":{"type":"Polygon","coordinates":[[[33.671221,-16.15086],[33.671222,-16.151131],[33.671502,-16.15113],[33.671501,-16.150859],[33.671221,-16.15086]]]}},{"type":"Feature","properties":{"ano":2015,"camada":"industrial","area_km2":0.0018},"geometry":{"type":"Polygon","coordinates":[[[33.65074,-16.151466],[33.650741,-16.152008],[33.651022,-16.152007],[33.65102,-16.151465],[33.65074,-16.151466]]]}},{"type":"Feature","properties":{"ano":2015,"camada":"industrial","area_km2":0.0009},"geometry":{"type":"Polygon","coordinates":[[[33.768587,-16.151345],[33.768588,-16.151616],[33.768869,-16.151615],[33.768868,-16.151344],[33.768587,-16.151345]]]}},{"type":"Feature","properties":{"ano":2015,"camada":"industrial","area_km2":0.0009},"geometry":{"type":"Polygon","coordinates":[[[33.665893,-16.151961],[33.665894,-16.152233],[33.666175,-16.152232],[33.666174,-16.151961],[33.665893,-16.151961]]]}},{"type":"Feature","properties":{"ano":2015,"camada":"industrial","area_km2":0.0009},"geometry":{"type":"Polygon","coordinates":[[[33.670383,-16.151947],[33.670384,-16.152219],[33.670664,-16.152218],[33.670663,-16.151947],[33.670383,-16.151947]]]}},{"type":"Feature","properties":{"ano":2015,"camada":"industrial","area_km2":0.0009},"geometry":{"type":"Polygon","coordinates":[[[33.803661,-16.151486],[33.803662,-16.151758],[33.803942,-16.151757],[33.803941,-16.151485],[33.803661,-16.151486]]]}},{"type":"Feature","properties":{"ano":2015,"camada":"industrial","area_km2":0.018},"geometry":{"type":"Polygon","coordinates":[[[33.770548,-16.150524],[33.770835,-16.15215],[33.771115,-16.152149],[33.771113,-16.151607],[33.772236,-16.151603],[33.772234,-16.15106],[33.771953,-16.151061],[33.771952,-16.15079],[33.77111,-16.150793],[33.771109,-16.150522],[33.770548,-16.150524]]]}},{"type":"Feature","properties":{"ano":2015,"camada":"industrial","area_km2":0.0081},"geometry":{"type":"Polygon","coordinates":[[[33.758486,-16.151381],[33.758487,-16.151652],[33.758206,-16.151653],[33.758209,-16.152195],[33.75933,-16.15192],[33.759328,-16.151378],[33.758486,-16.151381]]]}},{"type":"Feature","properties":{"ano":2015,"camada":"industrial","area_km2":0.0009},"geometry":{"type":"Polygon","coordinates":[[[33.650462,-16.15228],[33.650463,-16.152552],[33.650743,-16.152551],[33.650742,-16.152279],[33.650462,-16.15228]]]}},{"type":"Feature","properties":{"ano":2015,"camada":"industrial","area_km2":0.0054},"geometry":{"type":"Polygon","coordinates":[[[33.763258,-16.151906],[33.763259,-16.152177],[33.764943,-16.152171],[33.764941,-16.1519],[33.763258,-16.151906]]]}},{"type":"Feature","properties":{"ano":2015,"camada":"industrial","area_km2":0.0036},"geometry":{"type":"Polygon","coordinates":[[[33.735761,-16.152003],[33.735764,-16.152816],[33.736325,-16.152815],[33.736324,-16.152543],[33.736043,-16.152544],[33.736041,-16.152002],[33.735761,-16.152003]]]}},{"type":"Feature","properties":{"ano":2015,"camada":"industrial","area_km2":0.0423},"geometry":{"type":"Polygon","coordinates":[[[33.734631,-16.150108],[33.734633,-16.150651],[33.73323,-16.150656],[33.733231,-16.150927],[33.733512,-16.150926],[33.733517,-16.152282],[33.733236,-16.152283],[33.733238,-16.152825],[33.733519,-16.152824],[33.73352,-16.153095],[33.734081,-16.153093],[33.734078,-16.15228],[33.734359,-16.152279],[33.734357,-16.151737],[33.735479,-16.151733],[33.73548,-16.152004],[33.735761,-16.152003],[33.735758,-16.151189],[33.735477,-16.15119],[33.735476,-16.150919],[33.734914,-16.15065],[33.734912,-16.150107],[33.734631,-16.150108]]]}},{"type":"Feature","properties":{"ano":2015,"camada":"industrial","area_km2":0.0099},"geometry":{"type":"Polygon","coordinates":[[[33.666175,-16.152232],[33.666178,-16.153045],[33.665616,-16.153047],[33.665617,-16.153318],[33.66674,-16.153315],[33.666739,-16.153044],[33.667019,-16.153043],[33.667018,-16.152772],[33.666738,-16.152772],[33.666736,-16.15223],[33.666175,-16.152232]]]}},{"type":"Feature","properties":{"ano":2015,"camada":"industrial","area_km2":0.0009},"geometry":{"type":"Polygon","coordinates":[[[33.736325,-16.152815],[33.736326,-16.153086],[33.736606,-16.153085],[33.736605,-16.152814],[33.736325,-16.152815]]]}},{"type":"Feature","properties":{"ano":2015,"camada":"industrial","area_km2":0.1449},"geometry":{"type":"Polygon","coordinates":[[[33.782885,-16.14831],[33.782888,-16.149123],[33.782608,-16.149124],[33.782611,-16.149938],[33.78233,-16.149939],[33.782331,-16.15021],[33.781209,-16.150214],[33.780926,-16.149673],[33.780646,-16.149674],[33.780647,-16.149945],[33.779805,-16.149948],[33.779807,-16.15049],[33.780088,-16.150489],[33.780093,-16.151845],[33.780374,-16.151844],[33.780375,-16.152115],[33.781216,-16.152112],[33.781219,-16.152655],[33.78178,-16.152653],[33.781782,-16.153195],[33.783185,-16.15319],[33.783184,-16.152919],[33.783464,-16.152918],[33.783463,-16.152646],[33.783744,-16.152645],[33.783743,-16.152374],[33.784303,-16.152101],[33.784301,-16.151559],[33.78402,-16.15156],[33.784018,-16.151017],[33.783737,-16.151018],[33.78373,-16.14912],[33.78401,-16.149119],[33.784008,-16.148577],[33.783728,-16.148578],[33.783727,-16.148306],[33.782885,-16.14831]]]}},{"type":"Feature","properties":{"ano":2015,"camada":"industrial","area_km2":0.0018},"geometry":{"type":"Polygon","coordinates":[[[33.734081,-16.153093],[33.734083,-16.153636],[33.734364,-16.153635],[33.734362,-16.153092],[33.734081,-16.153093]]]}},{"type":"Feature","properties":{"ano":2015,"camada":"industrial","area_km2":0.0045},"geometry":{"type":"Polygon","coordinates":[[[33.761017,-16.152999],[33.76102,-16.153541],[33.761581,-16.153539],[33.76158,-16.153268],[33.76186,-16.153267],[33.761859,-16.152996],[33.761017,-16.152999]]]}},{"type":"Feature","properties":{"ano":2015,"camada":"industrial","area_km2":0.0036},"geometry":{"type":"Polygon","coordinates":[[[33.774485,-16.152679],[33.774486,-16.15295],[33.774205,-16.152951],[33.774207,-16.153494],[33.774767,-16.153221],[33.774765,-16.152678],[33.774485,-16.152679]]]}},{"type":"Feature","properties":{"ano":2015,"camada":"industrial","area_km2":0.0009},"geometry":{"type":"Polygon","coordinates":[[[33.665057,-16.153591],[33.665058,-16.153862],[33.665339,-16.153862],[33.665338,-16.15359],[33.665057,-16.153591]]]}},{"type":"Feature","properties":{"ano":2015,"camada":"industrial","area_km2":0.0018},"geometry":{"type":"Polygon","coordinates":[[[33.675439,-16.153559],[33.675441,-16.154101],[33.675721,-16.1541],[33.67572,-16.153558],[33.675439,-16.153559]]]}},{"type":"Feature","properties":{"ano":2015,"camada":"industrial","area_km2":0.0063},"geometry":{"type":"Polygon","coordinates":[[[33.73773,-16.153352],[33.737731,-16.153623],[33.73717,-16.153625],[33.737172,-16.154168],[33.738013,-16.154165],[33.73801,-16.153351],[33.73773,-16.153352]]]}},{"type":"Feature","properties":{"ano":2015,"camada":"industrial","area_km2":0.0018},"geometry":{"type":"Polygon","coordinates":[[[33.665339,-16.154133],[33.66534,-16.154404],[33.665902,-16.154402],[33.665901,-16.154131],[33.665339,-16.154133]]]}},{"type":"Feature","properties":{"ano":2015,"camada":"industrial","area_km2":0.0081},"geometry":{"type":"Polygon","coordinates":[[[33.744744,-16.153328],[33.744747,-16.15387],[33.744466,-16.153871],[33.744467,-16.154142],[33.745589,-16.154138],[33.745587,-16.153596],[33.745307,-16.153597],[33.745306,-16.153326],[33.744744,-16.153328]]]}},{"type":"Feature","properties":{"ano":2015,"camada":"industrial","area_km2":0.0144},"geometry":{"type":"Polygon","coordinates":[[[33.663376,-16.15441],[33.663379,-16.155224],[33.663659,-16.155223],[33.66366,-16.155494],[33.664783,-16.15549],[33.664781,-16.154948],[33.6645,-16.154949],[33.664218,-16.154407],[33.663376,-16.15441]]]}},{"type":"Feature","properties":{"ano":2015,"camada":"industrial","area_km2":0.0009},"geometry":{"type":"Polygon","coordinates":[[[33.737736,-16.154979],[33.737737,-16.15525],[33.738017,-16.155249],[33.738016,-16.154978],[33.737736,-16.154979]]]}},{"type":"Feature","properties":{"ano":2015,"camada":"industrial","area_km2":0.0864},"geometry":{"type":"Polygon","coordinates":[[[33.648488,-16.149303],[33.648491,-16.150388],[33.64765,-16.150391],[33.647651,-16.150662],[33.64737,-16.150663],[33.647387,-16.155815],[33.647667,-16.155814],[33.647665,-16.155001],[33.648225,-16.154728],[33.648223,-16.154186],[33.648504,-16.154185],[33.648503,-16.153913],[33.648784,-16.153913],[33.648782,-16.15337],[33.649062,-16.153369],[33.649061,-16.152827],[33.64878,-16.152828],[33.648777,-16.152014],[33.649339,-16.152013],[33.649335,-16.150928],[33.649054,-16.150929],[33.649052,-16.150115],[33.648771,-16.150116],[33.648768,-16.149302],[33.648488,-16.149303]]]}},{"type":"Feature","properties":{"ano":2015,"camada":"industrial","area_km2":0.0081},"geometry":{"type":"Polygon","coordinates":[[[33.649905,-16.153638],[33.649907,-16.15418],[33.649626,-16.154181],[33.649631,-16.155808],[33.649912,-16.155808],[33.649908,-16.154452],[33.650188,-16.154451],[33.650186,-16.153637],[33.649905,-16.153638]]]}},{"type":"Feature","properties":{"ano":2015,"camada":"industrial","area_km2":0.0018},"geometry":{"type":"Polygon","coordinates":[[[33.736054,-16.155527],[33.736055,-16.155799],[33.736616,-16.155797],[33.736615,-16.155525],[33.736054,-16.155527]]]}},{"type":"Feature","properties":{"ano":2015,"camada":"industrial","area_km2":0.1683},"geometry":{"type":"Polygon","coordinates":[[[33.766341,-16.151082],[33.766342,-16.151353],[33.766623,-16.151352],[33.766626,-16.152165],[33.766066,-16.152438],[33.766069,-16.153252],[33.765788,-16.153253],[33.76551,-16.153796],[33.764949,-16.153798],[33.76467,-16.154342],[33.764109,-16.154344],[33.764111,-16.154886],[33.764392,-16.154885],[33.764674,-16.155427],[33.765236,-16.155425],[33.765237,-16.155696],[33.765517,-16.155695],[33.765802,-16.156778],[33.766644,-16.156775],[33.766643,-16.156504],[33.766923,-16.156503],[33.766921,-16.155961],[33.768605,-16.155955],[33.768606,-16.156226],[33.769167,-16.156224],[33.769446,-16.155681],[33.770287,-16.155678],[33.770286,-16.155406],[33.769725,-16.155408],[33.769716,-16.152968],[33.769435,-16.152969],[33.769152,-16.152427],[33.768872,-16.152428],[33.768874,-16.152971],[33.768593,-16.152972],[33.768317,-16.154058],[33.767756,-16.15406],[33.767757,-16.154331],[33.766915,-16.154334],[33.766914,-16.154063],[33.766633,-16.154064],[33.766627,-16.152436],[33.766908,-16.152435],[33.766903,-16.151351],[33.767465,-16.151349],[33.767464,-16.151078],[33.766341,-16.151082]]]}},{"type":"Feature","properties":{"ano":2015,"camada":"industrial","area_km2":0.0756},"geometry":{"type":"Polygon","coordinates":[[[33.771958,-16.152417],[33.771959,-16.152688],[33.771679,-16.152689],[33.771681,-16.153232],[33.77112,-16.153234],[33.771121,-16.153505],[33.771401,-16.153504],[33.771402,-16.153775],[33.771965,-16.154044],[33.771973,-16.156214],[33.772254,-16.156213],[33.772257,-16.157026],[33.772537,-16.157025],[33.772536,-16.156754],[33.772817,-16.156753],[33.772815,-16.156211],[33.773376,-16.156209],[33.773375,-16.155938],[33.773935,-16.155664],[33.774211,-16.154579],[33.773931,-16.15458],[33.77393,-16.154308],[33.773367,-16.154039],[33.773365,-16.153497],[33.773085,-16.153498],[33.773084,-16.153227],[33.772242,-16.15323],[33.772239,-16.152416],[33.771958,-16.152417]]]}},{"type":"Feature","properties":{"ano":2015,"camada":"industrial","area_km2":0.0288},"geometry":{"type":"Polygon","coordinates":[[[33.810409,-16.154986],[33.810411,-16.155529],[33.80957,-16.155532],[33.809572,-16.156074],[33.810134,-16.156343],[33.810136,-16.156886],[33.810978,-16.156882],[33.810976,-16.15634],[33.811256,-16.156339],[33.811254,-16.155797],[33.811535,-16.155796],[33.811531,-16.154982],[33.810409,-16.154986]]]}},{"type":"Feature","properties":{"ano":2015,"camada":"industrial","area_km2":0.0072},"geometry":{"type":"Polygon","coordinates":[[[33.649353,-16.156352],[33.64936,-16.158521],[33.64964,-16.15852],[33.649633,-16.156351],[33.649353,-16.156352]]]}},{"type":"Feature","properties":{"ano":2015,"camada":"industrial","area_km2":0.0009},"geometry":{"type":"Polygon","coordinates":[[[33.65918,-16.15822],[33.659181,-16.158491],[33.659461,-16.15849],[33.65946,-16.158219],[33.65918,-16.15822]]]}},{"type":"Feature","properties":{"ano":2015,"camada":"industrial","area_km2":0.0009},"geometry":{"type":"Polygon","coordinates":[[[33.659461,-16.15849],[33.659462,-16.158761],[33.659743,-16.15876],[33.659742,-16.158489],[33.659461,-16.15849]]]}},{"type":"Feature","properties":{"ano":2015,"camada":"industrial","area_km2":0.0009},"geometry":{"type":"Polygon","coordinates":[[[33.814349,-16.157954],[33.814351,-16.158225],[33.814631,-16.158224],[33.81463,-16.157953],[33.814349,-16.157954]]]}},{"type":"Feature","properties":{"ano":2015,"camada":"industrial","area_km2":0.0999},"geometry":{"type":"Polygon","coordinates":[[[33.759058,-16.154091],[33.759059,-16.154362],[33.757375,-16.154368],[33.75738,-16.155724],[33.7571,-16.155725],[33.757102,-16.156267],[33.758224,-16.156263],[33.758232,-16.158433],[33.758793,-16.158431],[33.758791,-16.157888],[33.759633,-16.157885],[33.759636,-16.158699],[33.760478,-16.158696],[33.760477,-16.158425],[33.760758,-16.158424],[33.760757,-16.158152],[33.761037,-16.158151],[33.761316,-16.157608],[33.761035,-16.157609],[33.761032,-16.156796],[33.75991,-16.1568],[33.759627,-16.156258],[33.759066,-16.15626],[33.759064,-16.155718],[33.758783,-16.155719],[33.75878,-16.154905],[33.75934,-16.154632],[33.759338,-16.15409],[33.759058,-16.154091]]]}},{"type":"Feature","properties":{"ano":2015,"camada":"industrial","area_km2":0.0018},"geometry":{"type":"Polygon","coordinates":[[[33.649079,-16.158522],[33.649081,-16.159064],[33.649362,-16.159064],[33.64936,-16.158521],[33.649079,-16.158522]]]}},{"type":"Feature","properties":{"ano":2015,"camada":"industrial","area_km2":0.0009},"geometry":{"type":"Polygon","coordinates":[[[33.657498,-16.158767],[33.657499,-16.159039],[33.65778,-16.159038],[33.657779,-16.158767],[33.657498,-16.158767]]]}},{"type":"Feature","properties":{"ano":2015,"camada":"industrial","area_km2":0.0099},"geometry":{"type":"Polygon","coordinates":[[[33.771137,-16.157844],[33.771142,-16.158929],[33.771703,-16.158927],[33.771702,-16.158655],[33.771982,-16.158654],[33.771979,-16.157841],[33.771137,-16.157844]]]}},{"type":"Feature","properties":{"ano":2015,"camada":"industrial","area_km2":0.0054},"geometry":{"type":"Polygon","coordinates":[[[33.796111,-16.158023],[33.796113,-16.158566],[33.796676,-16.158835],[33.796954,-16.158291],[33.796673,-16.158292],[33.796672,-16.158021],[33.796111,-16.158023]]]}},{"type":"Feature","properties":{"ano":2015,"camada":"industrial","area_km2":0.0018},"geometry":{"type":"Polygon","coordinates":[[[33.782924,-16.158343],[33.782927,-16.158886],[33.783207,-16.158885],[33.783205,-16.158342],[33.782924,-16.158343]]]}},{"type":"Feature","properties":{"ano":2015,"camada":"industrial","area_km2":0.0009},"geometry":{"type":"Polygon","coordinates":[[[33.648801,-16.159336],[33.648802,-16.159608],[33.649083,-16.159607],[33.649082,-16.159336],[33.648801,-16.159336]]]}},{"type":"Feature","properties":{"ano":2015,"camada":"industrial","area_km2":0.0009},"geometry":{"type":"Polygon","coordinates":[[[33.782366,-16.159159],[33.782368,-16.15943],[33.782648,-16.159429],[33.782647,-16.159158],[33.782366,-16.159159]]]}},{"type":"Feature","properties":{"ano":2015,"camada":"industrial","area_km2":0.0216},"geometry":{"type":"Polygon","coordinates":[[[33.815472,-16.15795],[33.815474,-16.158492],[33.815193,-16.158493],[33.815195,-16.158765],[33.815475,-16.158764],[33.81548,-16.159848],[33.816041,-16.159846],[33.816042,-16.160117],[33.816884,-16.160114],[33.816881,-16.159572],[33.816319,-16.159303],[33.816034,-16.158219],[33.815472,-16.15795]]]}},{"type":"Feature","properties":{"ano":2015,"camada":"industrial","area_km2":0.0009},"geometry":{"type":"Polygon","coordinates":[[[33.647963,-16.160424],[33.647964,-16.160695],[33.648244,-16.160694],[33.648244,-16.160423],[33.647963,-16.160424]]]}},{"type":"Feature","properties":{"ano":2015,"camada":"industrial","area_km2":0.0036},"geometry":{"type":"Polygon","coordinates":[[[33.778166,-16.161344],[33.778167,-16.161615],[33.779289,-16.161611],[33.779288,-16.16134],[33.778166,-16.161344]]]}},{"type":"Feature","properties":{"ano":2015,"camada":"industrial","area_km2":0.1449},"geometry":{"type":"Polygon","coordinates":[[[33.813493,-16.154432],[33.813495,-16.154975],[33.812654,-16.154978],[33.812658,-16.156062],[33.812098,-16.156336],[33.8121,-16.156878],[33.81182,-16.156879],[33.811821,-16.15715],[33.81126,-16.157153],[33.811262,-16.157695],[33.812104,-16.157692],[33.812107,-16.158505],[33.811826,-16.158506],[33.811832,-16.159862],[33.812112,-16.159861],[33.812114,-16.160132],[33.812676,-16.160401],[33.812678,-16.160944],[33.812959,-16.160943],[33.812962,-16.161756],[33.813804,-16.161753],[33.813797,-16.160126],[33.814357,-16.159853],[33.814356,-16.159581],[33.814076,-16.159582],[33.814071,-16.158498],[33.814352,-16.158497],[33.814351,-16.158225],[33.813228,-16.15823],[33.813225,-16.157416],[33.813505,-16.157415],[33.813504,-16.157144],[33.812943,-16.157146],[33.81294,-16.156333],[33.813501,-16.15633],[33.813499,-16.155788],[33.814621,-16.155784],[33.81462,-16.155513],[33.815462,-16.155509],[33.815464,-16.156052],[33.815745,-16.156051],[33.815748,-16.156864],[33.816308,-16.156591],[33.816307,-16.15632],[33.816026,-16.156321],[33.816022,-16.155236],[33.8149,-16.15524],[33.814897,-16.154698],[33.814336,-16.1547],[33.814335,-16.154429],[33.813493,-16.154432]]]}},{"type":"Feature","properties":{"ano":2015,"camada":"industrial","area_km2":0.0036},"geometry":{"type":"Polygon","coordinates":[[[33.650211,-16.161502],[33.650213,-16.162044],[33.649932,-16.162045],[33.649933,-16.162316],[33.650495,-16.162314],[33.650492,-16.161501],[33.650211,-16.161502]]]}},{"type":"Feature","properties":{"ano":2015,"camada":"industrial","area_km2":0.0045},"geometry":{"type":"Polygon","coordinates":[[[33.775643,-16.161895],[33.775644,-16.162167],[33.777047,-16.162161],[33.777046,-16.16189],[33.775643,-16.161895]]]}},{"type":"Feature","properties":{"ano":2015,"camada":"industrial","area_km2":0.0081},"geometry":{"type":"Polygon","coordinates":[[[33.656948,-16.162023],[33.656948,-16.162295],[33.656387,-16.162296],[33.656388,-16.162568],[33.656669,-16.162567],[33.65667,-16.162838],[33.657511,-16.162835],[33.657509,-16.162022],[33.656948,-16.162023]]]}},{"type":"Feature","properties":{"ano":2015,"camada":"industrial","area_km2":0.0009},"geometry":{"type":"Polygon","coordinates":[[[33.75937,-16.162496],[33.759371,-16.162768],[33.759652,-16.162767],[33.759651,-16.162495],[33.75937,-16.162496]]]}},{"type":"Feature","properties":{"ano":2015,"camada":"industrial","area_km2":0.0072},"geometry":{"type":"Polygon","coordinates":[[[33.659196,-16.163101],[33.659198,-16.163644],[33.659478,-16.163643],[33.659479,-16.163914],[33.660041,-16.163912],[33.660038,-16.163099],[33.659196,-16.163101]]]}},{"type":"Feature","properties":{"ano":2015,"camada":"industrial","area_km2":0.0018},"geometry":{"type":"Polygon","coordinates":[[[33.79894,-16.163708],[33.798942,-16.16425],[33.799223,-16.164249],[33.79922,-16.163707],[33.79894,-16.163708]]]}},{"type":"Feature","properties":{"ano":2015,"camada":"industrial","area_km2":0.4428},"geometry":{"type":"Polygon","coordinates":[[[33.748957,-16.154398],[33.748958,-16.154669],[33.748678,-16.15467],[33.748399,-16.155213],[33.747277,-16.155217],[33.747278,-16.155488],[33.746717,-16.15549],[33.746718,-16.155761],[33.746437,-16.155762],[33.746441,-16.156847],[33.747283,-16.156844],[33.747282,-16.156573],[33.748404,-16.156569],[33.748409,-16.157925],[33.74869,-16.157924],[33.748691,-16.158195],[33.749252,-16.158193],[33.749535,-16.158735],[33.750377,-16.158732],[33.750376,-16.15846],[33.750656,-16.158459],[33.750654,-16.157917],[33.751496,-16.157914],[33.751498,-16.158457],[33.751779,-16.158456],[33.751791,-16.16171],[33.750949,-16.161713],[33.750948,-16.161442],[33.750668,-16.161443],[33.750669,-16.161714],[33.750108,-16.161987],[33.750113,-16.163343],[33.750394,-16.163342],[33.750681,-16.164968],[33.750961,-16.164967],[33.75095,-16.161984],[33.751792,-16.161981],[33.751796,-16.163066],[33.752077,-16.163065],[33.752073,-16.16198],[33.752914,-16.161977],[33.752913,-16.161706],[33.753194,-16.161705],[33.753191,-16.160891],[33.754033,-16.160888],[33.754035,-16.161431],[33.755438,-16.161426],[33.755439,-16.161697],[33.756561,-16.161693],[33.756562,-16.161964],[33.756843,-16.161963],[33.756847,-16.163048],[33.757409,-16.163317],[33.757407,-16.162775],[33.757126,-16.162776],[33.757123,-16.161962],[33.757965,-16.161959],[33.757964,-16.161688],[33.757683,-16.161689],[33.757679,-16.160604],[33.75824,-16.160331],[33.758516,-16.159245],[33.757113,-16.15925],[33.757109,-16.158165],[33.756828,-16.158166],[33.756827,-16.157895],[33.756547,-16.157896],[33.756549,-16.158439],[33.756268,-16.15844],[33.75627,-16.158982],[33.75599,-16.158983],[33.755991,-16.159254],[33.755149,-16.159257],[33.755423,-16.157629],[33.754862,-16.157631],[33.754859,-16.156817],[33.754017,-16.15682],[33.754018,-16.157092],[33.753738,-16.157093],[33.753739,-16.157364],[33.75458,-16.157361],[33.754584,-16.158174],[33.754303,-16.158175],[33.754304,-16.158447],[33.754023,-16.158448],[33.753745,-16.158991],[33.753184,-16.158993],[33.753185,-16.159264],[33.752062,-16.159268],[33.752058,-16.158183],[33.752619,-16.158181],[33.752618,-16.15791],[33.752899,-16.157909],[33.752895,-16.156824],[33.752614,-16.156825],[33.752613,-16.156554],[33.752052,-16.156556],[33.75205,-16.156014],[33.751769,-16.156015],[33.751768,-16.155744],[33.751207,-16.155746],[33.751206,-16.155474],[33.750926,-16.155475],[33.750643,-16.154934],[33.750082,-16.154936],[33.749799,-16.154395],[33.748957,-16.154398]]]}},{"type":"Feature","properties":{"ano":2015,"camada":"industrial","area_km2":0.045},"geometry":{"type":"Polygon","coordinates":[[[33.76723,-16.163282],[33.767231,-16.163553],[33.76667,-16.163555],[33.766671,-16.163826],[33.764707,-16.163833],[33.764708,-16.164104],[33.763866,-16.164107],[33.763867,-16.164379],[33.762745,-16.164383],[33.762744,-16.164111],[33.762463,-16.164112],[33.762466,-16.164926],[33.763308,-16.164923],[33.763307,-16.164652],[33.765271,-16.164645],[33.76527,-16.164374],[33.765831,-16.164372],[33.76583,-16.1641],[33.767794,-16.164093],[33.767793,-16.163822],[33.770037,-16.163543],[33.770036,-16.163272],[33.76723,-16.163282]]]}},{"type":"Feature","properties":{"ano":2015,"camada":"industrial","area_km2":0.0009},"geometry":{"type":"Polygon","coordinates":[[[33.798383,-16.164794],[33.798384,-16.165066],[33.798665,-16.165065],[33.798664,-16.164793],[33.798383,-16.164794]]]}},{"type":"Feature","properties":{"ano":2015,"camada":"industrial","area_km2":0.0009},"geometry":{"type":"Polygon","coordinates":[[[33.652189,-16.165564],[33.65219,-16.165835],[33.65247,-16.165834],[33.652469,-16.165563],[33.652189,-16.165564]]]}},{"type":"Feature","properties":{"ano":2015,"camada":"industrial","area_km2":0.0045},"geometry":{"type":"Polygon","coordinates":[[[33.65247,-16.165834],[33.652471,-16.166105],[33.652752,-16.166104],[33.652753,-16.166375],[33.653315,-16.166645],[33.653313,-16.166102],[33.653032,-16.166103],[33.653032,-16.165832],[33.65247,-16.165834]]]}},{"type":"Feature","properties":{"ano":2015,"camada":"industrial","area_km2":0.0009},"geometry":{"type":"Polygon","coordinates":[[[33.653315,-16.166645],[33.653316,-16.166916],[33.653596,-16.166915],[33.653595,-16.166644],[33.653315,-16.166645]]]}},{"type":"Feature","properties":{"ano":2015,"camada":"industrial","area_km2":0.0009},"geometry":{"type":"Polygon","coordinates":[[[33.761911,-16.166555],[33.761912,-16.166826],[33.762193,-16.166825],[33.762192,-16.166554],[33.761911,-16.166555]]]}},{"type":"Feature","properties":{"ano":2015,"camada":"industrial","area_km2":0.063},"geometry":{"type":"Polygon","coordinates":[[[33.756575,-16.165218],[33.756576,-16.165489],[33.756014,-16.165491],[33.756015,-16.165763],[33.755735,-16.165764],[33.755739,-16.166848],[33.756861,-16.166844],[33.756862,-16.167116],[33.758265,-16.167111],[33.758266,-16.167382],[33.758827,-16.167109],[33.75882,-16.165481],[33.759662,-16.165478],[33.759661,-16.165207],[33.757697,-16.165214],[33.757698,-16.165485],[33.756856,-16.165488],[33.756855,-16.165217],[33.756575,-16.165218]]]}},{"type":"Feature","properties":{"ano":2015,"camada":"industrial","area_km2":0.0045},"geometry":{"type":"Polygon","coordinates":[[[33.798392,-16.166964],[33.798393,-16.167235],[33.798673,-16.167234],[33.798675,-16.167505],[33.799237,-16.167774],[33.799235,-16.167232],[33.798954,-16.167233],[33.798953,-16.166962],[33.798392,-16.166964]]]}},{"type":"Feature","properties":{"ano":2015,"camada":"industrial","area_km2":0.0018},"geometry":{"type":"Polygon","coordinates":[[[33.65388,-16.167728],[33.653881,-16.16827],[33.654162,-16.168269],[33.65416,-16.167727],[33.65388,-16.167728]]]}},{"type":"Feature","properties":{"ano":2015,"camada":"industrial","area_km2":0.0171},"geometry":{"type":"Polygon","coordinates":[[[33.750963,-16.165509],[33.750968,-16.166594],[33.751248,-16.166593],[33.751533,-16.167677],[33.751813,-16.167676],[33.751815,-16.167947],[33.752377,-16.168216],[33.752375,-16.167674],[33.752094,-16.167675],[33.752092,-16.167132],[33.751811,-16.167133],[33.751808,-16.16632],[33.751528,-16.166321],[33.751526,-16.165778],[33.750963,-16.165509]]]}},{"type":"Feature","properties":{"ano":2015,"camada":"industrial","area_km2":0.0018},"geometry":{"type":"Polygon","coordinates":[[[33.654162,-16.168269],[33.654164,-16.168812],[33.654444,-16.168811],[33.654443,-16.168269],[33.654162,-16.168269]]]}},{"type":"Feature","properties":{"ano":2015,"camada":"industrial","area_km2":0.0009},"geometry":{"type":"Polygon","coordinates":[[[33.654444,-16.168811],[33.654445,-16.169082],[33.654726,-16.169081],[33.654725,-16.16881],[33.654444,-16.168811]]]}},{"type":"Feature","properties":{"ano":2015,"camada":"industrial","area_km2":0.0009},"geometry":{"type":"Polygon","coordinates":[[[33.654726,-16.169081],[33.654727,-16.169352],[33.655007,-16.169352],[33.655007,-16.16908],[33.654726,-16.169081]]]}},{"type":"Feature","properties":{"ano":2015,"camada":"industrial","area_km2":0.0018},"geometry":{"type":"Polygon","coordinates":[[[33.779317,-16.168662],[33.779318,-16.168933],[33.779879,-16.168931],[33.779878,-16.16866],[33.779317,-16.168662]]]}},{"type":"Feature","properties":{"ano":2015,"camada":"industrial","area_km2":0.0009},"geometry":{"type":"Polygon","coordinates":[[[33.655007,-16.169352],[33.655008,-16.169623],[33.655289,-16.169622],[33.655288,-16.169351],[33.655007,-16.169352]]]}},{"type":"Feature","properties":{"ano":2015,"camada":"industrial","area_km2":0.0063},"geometry":{"type":"Polygon","coordinates":[[[33.752377,-16.168216],[33.75238,-16.16903],[33.75266,-16.169029],[33.752661,-16.1693],[33.753224,-16.169569],[33.753222,-16.169027],[33.752941,-16.169028],[33.75294,-16.168757],[33.752659,-16.168758],[33.752657,-16.168215],[33.752377,-16.168216]]]}},{"type":"Feature","properties":{"ano":2015,"camada":"industrial","area_km2":0.0009},"geometry":{"type":"Polygon","coordinates":[[[33.655289,-16.169622],[33.65529,-16.169893],[33.65557,-16.169892],[33.65557,-16.169621],[33.655289,-16.169622]]]}},{"type":"Feature","properties":{"ano":2015,"camada":"industrial","area_km2":0.0018},"geometry":{"type":"Polygon","coordinates":[[[33.753224,-16.169569],[33.753226,-16.170111],[33.753506,-16.170111],[33.753504,-16.169568],[33.753224,-16.169569]]]}},{"type":"Feature","properties":{"ano":2015,"camada":"industrial","area_km2":0.0009},"geometry":{"type":"Polygon","coordinates":[[[33.763607,-16.169803],[33.763608,-16.170075],[33.763889,-16.170073],[33.763888,-16.169802],[33.763607,-16.169803]]]}},{"type":"Feature","properties":{"ano":2015,"camada":"industrial","area_km2":0.0036},"geometry":{"type":"Polygon","coordinates":[[[33.753506,-16.170111],[33.753508,-16.170653],[33.754071,-16.170922],[33.754069,-16.17038],[33.753506,-16.170111]]]}},{"type":"Feature","properties":{"ano":2015,"camada":"industrial","area_km2":0.0018},"geometry":{"type":"Polygon","coordinates":[[[33.6581,-16.170969],[33.658101,-16.17124],[33.658662,-16.171239],[33.658661,-16.170967],[33.6581,-16.170969]]]}},{"type":"Feature","properties":{"ano":2015,"camada":"industrial","area_km2":0.009},"geometry":{"type":"Polygon","coordinates":[[[33.758558,-16.170364],[33.75856,-16.170906],[33.759122,-16.170904],[33.759123,-16.171175],[33.759403,-16.171174],[33.759402,-16.170903],[33.759962,-16.17063],[33.759961,-16.170359],[33.758558,-16.170364]]]}},{"type":"Feature","properties":{"ano":2015,"camada":"industrial","area_km2":0.0027},"geometry":{"type":"Polygon","coordinates":[[[33.820854,-16.170404],[33.820856,-16.170675],[33.821418,-16.170944],[33.821416,-16.170402],[33.820854,-16.170404]]]}},{"type":"Feature","properties":{"ano":2015,"camada":"industrial","area_km2":0.0009},"geometry":{"type":"Polygon","coordinates":[[[33.754071,-16.170922],[33.754072,-16.171193],[33.754352,-16.171192],[33.754351,-16.170921],[33.754071,-16.170922]]]}},{"type":"Feature","properties":{"ano":2015,"camada":"industrial","area_km2":0.0009},"geometry":{"type":"Polygon","coordinates":[[[33.660067,-16.171777],[33.660068,-16.172048],[33.660348,-16.172047],[33.660347,-16.171776],[33.660067,-16.171777]]]}},{"type":"Feature","properties":{"ano":2015,"camada":"industrial","area_km2":0.0639},"geometry":{"type":"Polygon","coordinates":[[[33.760239,-16.169544],[33.760241,-16.170087],[33.75996,-16.170088],[33.759961,-16.170359],[33.760803,-16.170356],[33.760807,-16.17144],[33.760527,-16.171441],[33.76053,-16.172255],[33.761091,-16.172253],[33.76109,-16.171982],[33.761932,-16.171979],[33.761933,-16.17225],[33.763055,-16.172246],[33.763054,-16.171975],[33.763616,-16.171973],[33.763615,-16.171702],[33.764175,-16.171428],[33.763892,-16.170887],[33.76277,-16.170891],[33.762771,-16.171162],[33.761929,-16.171165],[33.761924,-16.169809],[33.760521,-16.169814],[33.76052,-16.169543],[33.760239,-16.169544]]]}},{"type":"Feature","properties":{"ano":2015,"camada":"industrial","area_km2":0.0477},"geometry":{"type":"Polygon","coordinates":[[[33.777915,-16.168938],[33.777916,-16.169209],[33.777636,-16.16921],[33.777638,-16.169753],[33.777918,-16.169752],[33.77792,-16.170294],[33.778201,-16.170293],[33.778204,-16.171106],[33.777362,-16.171109],[33.77736,-16.170567],[33.77708,-16.170568],[33.777084,-16.171653],[33.777365,-16.171652],[33.777367,-16.172194],[33.777647,-16.172193],[33.777648,-16.172464],[33.77821,-16.172462],[33.778207,-16.17192],[33.779049,-16.171917],[33.778762,-16.170291],[33.779322,-16.170018],[33.77932,-16.169475],[33.778478,-16.169478],[33.778476,-16.168936],[33.777915,-16.168938]]]}},{"type":"Feature","properties":{"ano":2015,"camada":"industrial","area_km2":0.0018},"geometry":{"type":"Polygon","coordinates":[[[33.779049,-16.171917],[33.779051,-16.172459],[33.779332,-16.172458],[33.77933,-16.171916],[33.779049,-16.171917]]]}},{"type":"Feature","properties":{"ano":2015,"camada":"industrial","area_km2":0.0072},"geometry":{"type":"Polygon","coordinates":[[[33.754635,-16.171734],[33.754638,-16.172547],[33.754919,-16.172546],[33.75492,-16.172817],[33.755482,-16.173087],[33.755197,-16.172003],[33.754635,-16.171734]]]}},{"type":"Feature","properties":{"ano":2015,"camada":"industrial","area_km2":0.0009},"geometry":{"type":"Polygon","coordinates":[[[33.755482,-16.173087],[33.755483,-16.173358],[33.755764,-16.173357],[33.755763,-16.173086],[33.755482,-16.173087]]]}},{"type":"Feature","properties":{"ano":2015,"camada":"industrial","area_km2":0.0009},"geometry":{"type":"Polygon","coordinates":[[[33.662318,-16.173668],[33.662319,-16.173939],[33.662599,-16.173938],[33.662599,-16.173667],[33.662318,-16.173668]]]}},{"type":"Feature","properties":{"ano":2015,"camada":"industrial","area_km2":0.0009},"geometry":{"type":"Polygon","coordinates":[[[33.755765,-16.173628],[33.755766,-16.173899],[33.756046,-16.173898],[33.756045,-16.173627],[33.755765,-16.173628]]]}},{"type":"Feature","properties":{"ano":2015,"camada":"industrial","area_km2":0.0027},"geometry":{"type":"Polygon","coordinates":[[[33.778775,-16.173545],[33.778776,-16.173816],[33.779338,-16.174085],[33.779336,-16.173543],[33.778775,-16.173545]]]}},{"type":"Feature","properties":{"ano":2015,"camada":"industrial","area_km2":0.0018},"geometry":{"type":"Polygon","coordinates":[[[33.777935,-16.17409],[33.777937,-16.174633],[33.778218,-16.174632],[33.778216,-16.174089],[33.777935,-16.17409]]]}},{"type":"Feature","properties":{"ano":2015,"camada":"industrial","area_km2":0.0027},"geometry":{"type":"Polygon","coordinates":[[[33.775691,-16.17437],[33.775692,-16.174641],[33.776534,-16.174638],[33.776533,-16.174367],[33.775691,-16.17437]]]}},{"type":"Feature","properties":{"ano":2015,"camada":"industrial","area_km2":0.0009},"geometry":{"type":"Polygon","coordinates":[[[33.656711,-16.175313],[33.656712,-16.175584],[33.656992,-16.175583],[33.656991,-16.175312],[33.656711,-16.175313]]]}},{"type":"Feature","properties":{"ano":2015,"camada":"industrial","area_km2":0.0027},"geometry":{"type":"Polygon","coordinates":[[[33.656992,-16.175583],[33.656995,-16.176396],[33.657276,-16.176396],[33.657273,-16.175582],[33.656992,-16.175583]]]}},{"type":"Feature","properties":{"ano":2015,"camada":"industrial","area_km2":0.0261},"geometry":{"type":"Polygon","coordinates":[[[33.756046,-16.173898],[33.756048,-16.17444],[33.756329,-16.17444],[33.756332,-16.175253],[33.756613,-16.175252],[33.756618,-16.176608],[33.756898,-16.176607],[33.756897,-16.176336],[33.75802,-16.176332],[33.758019,-16.176061],[33.757738,-16.176062],[33.757736,-16.175519],[33.757456,-16.17552],[33.757454,-16.174978],[33.757173,-16.174979],[33.757172,-16.174708],[33.756891,-16.174709],[33.75689,-16.174438],[33.75661,-16.174439],[33.756609,-16.174167],[33.756046,-16.173898]]]}},{"type":"Feature","properties":{"ano":2015,"camada":"industrial","area_km2":0.0117},"geometry":{"type":"Polygon","coordinates":[[[33.790568,-16.1754],[33.790853,-16.176483],[33.791134,-16.176482],[33.791135,-16.176754],[33.791696,-16.176752],[33.791695,-16.17648],[33.791414,-16.176481],[33.791411,-16.175668],[33.791692,-16.175667],[33.791691,-16.175396],[33.790568,-16.1754]]]}},{"type":"Feature","properties":{"ano":2015,"camada":"industrial","area_km2":0.0009},"geometry":{"type":"Polygon","coordinates":[[[33.793659,-16.176473],[33.79366,-16.176744],[33.793941,-16.176743],[33.79394,-16.176472],[33.793659,-16.176473]]]}},{"type":"Feature","properties":{"ano":2015,"camada":"industrial","area_km2":0.0027},"geometry":{"type":"Polygon","coordinates":[[[33.75802,-16.176332],[33.758023,-16.177145],[33.758304,-16.177144],[33.758301,-16.176331],[33.75802,-16.176332]]]}},{"type":"Feature","properties":{"ano":2015,"camada":"industrial","area_km2":0.009},"geometry":{"type":"Polygon","coordinates":[[[33.77626,-16.176266],[33.775982,-16.176809],[33.776262,-16.176808],[33.776263,-16.17708],[33.777105,-16.177077],[33.777102,-16.176263],[33.77626,-16.176266]]]}},{"type":"Feature","properties":{"ano":2015,"camada":"industrial","area_km2":0.0045},"geometry":{"type":"Polygon","coordinates":[[[33.658119,-16.176935],[33.658123,-16.17802],[33.658404,-16.178019],[33.658682,-16.177476],[33.658402,-16.177477],[33.6584,-16.176935],[33.658119,-16.176935]]]}},{"type":"Feature","properties":{"ano":2015,"camada":"industrial","area_km2":0.0297},"geometry":{"type":"Polygon","coordinates":[[[33.766999,-16.176028],[33.767002,-16.176842],[33.767282,-16.176841],[33.767283,-16.177112],[33.768125,-16.177109],[33.768128,-16.177923],[33.76869,-16.177921],[33.768689,-16.177649],[33.768969,-16.177648],[33.768968,-16.177377],[33.769528,-16.177104],[33.769246,-16.176563],[33.768123,-16.176567],[33.768121,-16.176024],[33.766999,-16.176028]]]}},{"type":"Feature","properties":{"ano":2015,"camada":"industrial","area_km2":0.0009},"geometry":{"type":"Polygon","coordinates":[[[33.785809,-16.178129],[33.78581,-16.1784],[33.78609,-16.178399],[33.786089,-16.178128],[33.785809,-16.178129]]]}},{"type":"Feature","properties":{"ano":2015,"camada":"industrial","area_km2":0.0018},"geometry":{"type":"Polygon","coordinates":[[[33.768972,-16.178462],[33.768973,-16.178733],[33.769535,-16.178731],[33.769534,-16.17846],[33.768972,-16.178462]]]}},{"type":"Feature","properties":{"ano":2015,"camada":"industrial","area_km2":0.0081},"geometry":{"type":"Polygon","coordinates":[[[33.758867,-16.177685],[33.758868,-16.177956],[33.758587,-16.177957],[33.758589,-16.178499],[33.75887,-16.178498],[33.758871,-16.178769],[33.759433,-16.179039],[33.75943,-16.178225],[33.75915,-16.178226],[33.759148,-16.177684],[33.758867,-16.177685]]]}},{"type":"Feature","properties":{"ano":2015,"camada":"industrial","area_km2":0.0009},"geometry":{"type":"Polygon","coordinates":[[[33.790021,-16.178927],[33.790022,-16.179198],[33.790303,-16.179197],[33.790302,-16.178926],[33.790021,-16.178927]]]}},{"type":"Feature","properties":{"ano":2015,"camada":"industrial","area_km2":0.0072},"geometry":{"type":"Polygon","coordinates":[[[33.76757,-16.178738],[33.767853,-16.17928],[33.768977,-16.179547],[33.768975,-16.179004],[33.768133,-16.179007],[33.768132,-16.178736],[33.76757,-16.178738]]]}},{"type":"Feature","properties":{"ano":2015,"camada":"industrial","area_km2":0.0189},"geometry":{"type":"Polygon","coordinates":[[[33.791985,-16.17892],[33.791988,-16.179462],[33.792268,-16.179461],[33.792551,-16.180003],[33.793112,-16.180001],[33.793113,-16.180272],[33.793394,-16.180271],[33.793677,-16.180812],[33.794238,-16.18081],[33.794235,-16.179996],[33.793954,-16.179997],[33.793953,-16.179726],[33.793392,-16.179728],[33.793391,-16.179457],[33.792549,-16.17946],[33.792548,-16.179189],[33.791985,-16.17892]]]}},{"type":"Feature","properties":{"ano":2015,"camada":"industrial","area_km2":0.0027},"geometry":{"type":"Polygon","coordinates":[[[33.772631,-16.181161],[33.772632,-16.181432],[33.773474,-16.181429],[33.773473,-16.181158],[33.772631,-16.181161]]]}},{"type":"Feature","properties":{"ano":2015,"camada":"industrial","area_km2":0.0027},"geometry":{"type":"Polygon","coordinates":[[[33.760846,-16.181474],[33.760847,-16.181745],[33.761409,-16.182015],[33.761407,-16.181472],[33.760846,-16.181474]]]}},{"type":"Feature","properties":{"ano":2015,"camada":"industrial","area_km2":0.0009},"geometry":{"type":"Polygon","coordinates":[[[33.777404,-16.181686],[33.777405,-16.181957],[33.777685,-16.181956],[33.777684,-16.181685],[33.777404,-16.181686]]]}},{"type":"Feature","properties":{"ano":2015,"camada":"industrial","area_km2":0.0009},"geometry":{"type":"Polygon","coordinates":[[[33.794241,-16.181623],[33.794242,-16.181895],[33.794523,-16.181894],[33.794522,-16.181622],[33.794241,-16.181623]]]}},{"type":"Feature","properties":{"ano":2015,"camada":"industrial","area_km2":0.0009},"geometry":{"type":"Polygon","coordinates":[[[33.800978,-16.182141],[33.800979,-16.182412],[33.80126,-16.182411],[33.801259,-16.182139],[33.800978,-16.182141]]]}},{"type":"Feature","properties":{"ano":2015,"camada":"industrial","area_km2":0.0009},"geometry":{"type":"Polygon","coordinates":[[[33.80126,-16.182411],[33.801261,-16.182682],[33.801542,-16.182681],[33.801541,-16.18241],[33.80126,-16.182411]]]}},{"type":"Feature","properties":{"ano":2015,"camada":"industrial","area_km2":0.0081},"geometry":{"type":"Polygon","coordinates":[[[33.761409,-16.182015],[33.76141,-16.182286],[33.761691,-16.182285],[33.761693,-16.182827],[33.761974,-16.182826],[33.761975,-16.183097],[33.762536,-16.183095],[33.762534,-16.182553],[33.762253,-16.182554],[33.76197,-16.182013],[33.761409,-16.182015]]]}},{"type":"Feature","properties":{"ano":2015,"camada":"industrial","area_km2":0.0018},"geometry":{"type":"Polygon","coordinates":[[[33.805189,-16.182396],[33.805191,-16.182938],[33.805472,-16.182937],[33.805469,-16.182395],[33.805189,-16.182396]]]}},{"type":"Feature","properties":{"ano":2015,"camada":"industrial","area_km2":0.0189},"geometry":{"type":"Polygon","coordinates":[[[33.770668,-16.181439],[33.770671,-16.182252],[33.771232,-16.18225],[33.771515,-16.182792],[33.772076,-16.18279],[33.772077,-16.183061],[33.772639,-16.18333],[33.772355,-16.182246],[33.772074,-16.182247],[33.772073,-16.181976],[33.771512,-16.181978],[33.77151,-16.181436],[33.770668,-16.181439]]]}},{"type":"Feature","properties":{"ano":2015,"camada":"industrial","area_km2":0.0297},"geometry":{"type":"Polygon","coordinates":[[[33.803782,-16.181588],[33.803504,-16.182131],[33.802662,-16.182134],[33.802664,-16.182677],[33.801822,-16.18268],[33.801825,-16.183222],[33.802947,-16.183218],[33.802948,-16.183489],[33.803229,-16.183488],[33.803228,-16.183217],[33.803789,-16.183215],[33.803787,-16.182672],[33.804067,-16.182671],[33.804066,-16.1824],[33.805189,-16.182396],[33.805188,-16.182125],[33.804346,-16.182128],[33.804345,-16.181857],[33.803782,-16.181588]]]}},{"type":"Feature","properties":{"ano":2015,"camada":"industrial","area_km2":0.0297},"geometry":{"type":"Polygon","coordinates":[[[33.788908,-16.181372],[33.78891,-16.181914],[33.78835,-16.182188],[33.788357,-16.183815],[33.788637,-16.183814],[33.788636,-16.183543],[33.789198,-16.18354],[33.789196,-16.183269],[33.789477,-16.183268],[33.789476,-16.182997],[33.790036,-16.182724],[33.790034,-16.182181],[33.789472,-16.181912],[33.78947,-16.18137],[33.788908,-16.181372]]]}},{"type":"Feature","properties":{"ano":2015,"camada":"industrial","area_km2":0.0009},"geometry":{"type":"Polygon","coordinates":[[[33.763941,-16.183633],[33.763942,-16.183904],[33.764223,-16.183903],[33.764222,-16.183632],[33.763941,-16.183633]]]}},{"type":"Feature","properties":{"ano":2015,"camada":"industrial","area_km2":0.0027},"geometry":{"type":"Polygon","coordinates":[[[33.772639,-16.18333],[33.772643,-16.184144],[33.772923,-16.184143],[33.77292,-16.183329],[33.772639,-16.18333]]]}},{"type":"Feature","properties":{"ano":2015,"camada":"industrial","area_km2":0.0009},"geometry":{"type":"Polygon","coordinates":[[[33.832981,-16.184729],[33.832982,-16.185001],[33.833263,-16.185],[33.833261,-16.184728],[33.832981,-16.184729]]]}},{"type":"Feature","properties":{"ano":2015,"camada":"industrial","area_km2":0.0018},"geometry":{"type":"Polygon","coordinates":[[[33.813344,-16.186433],[33.813346,-16.186975],[33.813626,-16.186974],[33.813624,-16.186431],[33.813344,-16.186433]]]}},{"type":"Feature","properties":{"ano":2015,"camada":"industrial","area_km2":0.0009},"geometry":{"type":"Polygon","coordinates":[[[33.785282,-16.186809],[33.785283,-16.18708],[33.785563,-16.187079],[33.785562,-16.186808],[33.785282,-16.186809]]]}},{"type":"Feature","properties":{"ano":2015,"camada":"industrial","area_km2":0.0009},"geometry":{"type":"Polygon","coordinates":[[[33.80269,-16.188914],[33.802691,-16.189185],[33.802971,-16.189184],[33.80297,-16.188913],[33.80269,-16.188914]]]}},{"type":"Feature","properties":{"ano":2015,"camada":"industrial","area_km2":0.0126},"geometry":{"type":"Polygon","coordinates":[[[33.778554,-16.188732],[33.778555,-16.189003],[33.778274,-16.189004],[33.778276,-16.189547],[33.778838,-16.189545],[33.778837,-16.189274],[33.779679,-16.18927],[33.779678,-16.188999],[33.780519,-16.188996],[33.780518,-16.188725],[33.778554,-16.188732]]]}},{"type":"Feature","properties":{"ano":2015,"camada":"industrial","area_km2":0.0018},"geometry":{"type":"Polygon","coordinates":[[[33.805496,-16.188903],[33.805498,-16.189445],[33.805779,-16.189444],[33.805776,-16.188902],[33.805496,-16.188903]]]}},{"type":"Feature","properties":{"ano":2015,"camada":"industrial","area_km2":0.0036},"geometry":{"type":"Polygon","coordinates":[[[33.805217,-16.189447],[33.805219,-16.189718],[33.804938,-16.189719],[33.80494,-16.190261],[33.8055,-16.189988],[33.805498,-16.189445],[33.805217,-16.189447]]]}},{"type":"Feature","properties":{"ano":2015,"camada":"industrial","area_km2":0.0009},"geometry":{"type":"Polygon","coordinates":[[[33.671355,-16.190454],[33.671355,-16.190725],[33.671636,-16.190724],[33.671635,-16.190453],[33.671355,-16.190454]]]}},{"type":"Feature","properties":{"ano":2015,"camada":"industrial","area_km2":0.0009},"geometry":{"type":"Polygon","coordinates":[[[33.672477,-16.19045],[33.672478,-16.190721],[33.672759,-16.19072],[33.672758,-16.190449],[33.672477,-16.19045]]]}},{"type":"Feature","properties":{"ano":2015,"camada":"industrial","area_km2":0.0018},"geometry":{"type":"Polygon","coordinates":[[[33.803825,-16.192164],[33.803826,-16.192435],[33.804388,-16.192433],[33.804387,-16.192161],[33.803825,-16.192164]]]}},{"type":"Feature","properties":{"ano":2015,"camada":"industrial","area_km2":0.0009},"geometry":{"type":"Polygon","coordinates":[[[33.671941,-16.197774],[33.671942,-16.198045],[33.672222,-16.198044],[33.672221,-16.197773],[33.671941,-16.197774]]]}},{"type":"Feature","properties":{"ano":2015,"camada":"industrial","area_km2":0.009},"geometry":{"type":"Polygon","coordinates":[[[33.800766,-16.198955],[33.80077,-16.20004],[33.801051,-16.200038],[33.801049,-16.199767],[33.801891,-16.199764],[33.801889,-16.199222],[33.801047,-16.199225],[33.801046,-16.198954],[33.800766,-16.198955]]]}},{"type":"Feature","properties":{"ano":2015,"camada":"industrial","area_km2":0.0009},"geometry":{"type":"Polygon","coordinates":[[[33.683177,-16.200721],[33.683178,-16.200992],[33.683459,-16.200992],[33.683458,-16.20072],[33.683177,-16.200721]]]}},{"type":"Feature","properties":{"ano":2015,"camada":"industrial","area_km2":0.0009},"geometry":{"type":"Polygon","coordinates":[[[33.675043,-16.202103],[33.675044,-16.202374],[33.675324,-16.202373],[33.675323,-16.202102],[33.675043,-16.202103]]]}},{"type":"Feature","properties":{"ano":2015,"camada":"industrial","area_km2":0.0018},"geometry":{"type":"Polygon","coordinates":[[[33.682622,-16.202621],[33.682624,-16.203164],[33.682905,-16.203163],[33.682903,-16.20262],[33.682622,-16.202621]]]}},{"type":"Feature","properties":{"ano":2015,"camada":"industrial","area_km2":0.0009},"geometry":{"type":"Polygon","coordinates":[[[33.671117,-16.2032],[33.671118,-16.203472],[33.671399,-16.203471],[33.671398,-16.2032],[33.671117,-16.2032]]]}},{"type":"Feature","properties":{"ano":2015,"camada":"industrial","area_km2":0.0009},"geometry":{"type":"Polygon","coordinates":[[[33.66158,-16.204857],[33.661581,-16.205129],[33.661862,-16.205128],[33.661861,-16.204857],[33.66158,-16.204857]]]}},{"type":"Feature","properties":{"ano":2015,"camada":"industrial","area_km2":14.7069},"geometry":{"type":"Polygon","coordinates":[[[33.791818,-16.136887],[33.791821,-16.1377],[33.791541,-16.137701],[33.791547,-16.139328],[33.791267,-16.139329],[33.791269,-16.139872],[33.790147,-16.139876],[33.790143,-16.139062],[33.790424,-16.139061],[33.790422,-16.138519],[33.78958,-16.138522],[33.789581,-16.138793],[33.789021,-16.139067],[33.789024,-16.13988],[33.788183,-16.139883],[33.788187,-16.140968],[33.787906,-16.140969],[33.787909,-16.141511],[33.788189,-16.14151],[33.78819,-16.141782],[33.789874,-16.141775],[33.789877,-16.142589],[33.789317,-16.142862],[33.789319,-16.143404],[33.789599,-16.143403],[33.789601,-16.143675],[33.790162,-16.143673],[33.790163,-16.143944],[33.790725,-16.144213],[33.790731,-16.14584],[33.791012,-16.145839],[33.791014,-16.146381],[33.791575,-16.146379],[33.791581,-16.147735],[33.790739,-16.147738],[33.790741,-16.148281],[33.789899,-16.148284],[33.789905,-16.14964],[33.791027,-16.149635],[33.79103,-16.150449],[33.791311,-16.150448],[33.791323,-16.153431],[33.78992,-16.153436],[33.789917,-16.152623],[33.790478,-16.152621],[33.790476,-16.152078],[33.790195,-16.152079],[33.789912,-16.151538],[33.78879,-16.151542],[33.788787,-16.150728],[33.788506,-16.15073],[33.788228,-16.151273],[33.787386,-16.151276],[33.787103,-16.150735],[33.785981,-16.150739],[33.785698,-16.150197],[33.784575,-16.14993],[33.784576,-16.150202],[33.784856,-16.150201],[33.785139,-16.150742],[33.7857,-16.15074],[33.785704,-16.151553],[33.785142,-16.151555],[33.785145,-16.152098],[33.785425,-16.152097],[33.785426,-16.152368],[33.786268,-16.152365],[33.786273,-16.153721],[33.78487,-16.153726],[33.784873,-16.154268],[33.784592,-16.154269],[33.784596,-16.155354],[33.784877,-16.155353],[33.784882,-16.156709],[33.785163,-16.156708],[33.785176,-16.159962],[33.784615,-16.160235],[33.784619,-16.161049],[33.783496,-16.161053],[33.783214,-16.160512],[33.782372,-16.160515],[33.782368,-16.15943],[33.782087,-16.159431],[33.782088,-16.159702],[33.780966,-16.159706],[33.780971,-16.161062],[33.779287,-16.161069],[33.779288,-16.16134],[33.781814,-16.16133],[33.781817,-16.162144],[33.780133,-16.16215],[33.780134,-16.162421],[33.779854,-16.162422],[33.779857,-16.163236],[33.779015,-16.163239],[33.779012,-16.162425],[33.778731,-16.162426],[33.778736,-16.163511],[33.777894,-16.163514],[33.777893,-16.163243],[33.777612,-16.163244],[33.777613,-16.163515],[33.776491,-16.163519],[33.776489,-16.162977],[33.775928,-16.162979],[33.775929,-16.16325],[33.775367,-16.163252],[33.775369,-16.163524],[33.773404,-16.163531],[33.773405,-16.163802],[33.772564,-16.163805],[33.772285,-16.164348],[33.771443,-16.164351],[33.771438,-16.162995],[33.770035,-16.163],[33.770036,-16.163272],[33.770878,-16.163269],[33.77088,-16.163811],[33.771161,-16.16381],[33.771164,-16.164624],[33.770883,-16.164625],[33.770884,-16.164896],[33.769762,-16.1649],[33.769763,-16.165171],[33.769203,-16.165444],[33.769205,-16.165987],[33.768644,-16.165989],[33.768645,-16.16626],[33.768083,-16.166262],[33.768084,-16.166533],[33.767523,-16.166535],[33.767524,-16.166806],[33.766682,-16.166809],[33.766681,-16.166538],[33.766401,-16.166539],[33.766403,-16.167081],[33.766122,-16.167082],[33.766123,-16.167354],[33.765562,-16.167356],[33.765563,-16.167627],[33.764721,-16.16763],[33.765004,-16.168171],[33.765285,-16.16817],[33.765284,-16.167899],[33.766687,-16.167894],[33.766691,-16.168979],[33.76613,-16.168981],[33.766132,-16.169523],[33.765851,-16.169524],[33.765853,-16.170066],[33.765573,-16.170067],[33.765575,-16.17061],[33.765855,-16.170609],[33.765856,-16.17088],[33.766417,-16.170607],[33.766414,-16.170064],[33.766695,-16.170063],[33.766692,-16.16925],[33.768095,-16.169245],[33.768098,-16.170058],[33.767817,-16.170059],[33.767824,-16.171686],[33.768104,-16.171685],[33.768106,-16.172228],[33.768387,-16.172227],[33.768392,-16.173583],[33.768673,-16.173582],[33.768672,-16.173311],[33.769514,-16.173307],[33.769523,-16.175748],[33.770084,-16.175746],[33.770083,-16.175475],[33.771206,-16.175471],[33.77121,-16.176556],[33.771491,-16.176555],[33.771492,-16.176826],[33.772053,-16.176824],[33.772056,-16.177637],[33.772337,-16.177636],[33.772619,-16.178178],[33.773461,-16.178175],[33.77346,-16.177903],[33.77318,-16.177904],[33.773172,-16.176006],[33.773732,-16.175733],[33.77373,-16.175191],[33.774572,-16.175187],[33.774571,-16.174916],[33.77429,-16.174917],[33.774285,-16.173561],[33.775127,-16.173558],[33.775126,-16.173287],[33.775687,-16.173285],[33.775682,-16.171929],[33.775963,-16.171928],[33.77596,-16.171386],[33.776241,-16.171385],[33.77624,-16.171114],[33.775679,-16.171116],[33.775671,-16.169217],[33.775391,-16.169218],[33.775384,-16.167591],[33.776226,-16.167588],[33.776227,-16.167859],[33.77735,-16.167855],[33.777352,-16.168398],[33.777632,-16.168397],[33.777631,-16.168125],[33.777912,-16.168124],[33.77791,-16.167582],[33.779032,-16.167578],[33.779311,-16.167035],[33.779872,-16.167032],[33.779871,-16.166761],[33.780713,-16.166758],[33.780718,-16.168114],[33.780437,-16.168115],[33.780438,-16.168386],[33.780719,-16.168385],[33.780725,-16.170012],[33.780165,-16.170286],[33.780167,-16.170828],[33.780448,-16.170827],[33.78045,-16.171369],[33.780731,-16.171368],[33.780734,-16.172182],[33.781296,-16.172451],[33.781575,-16.171908],[33.782417,-16.171905],[33.782419,-16.172447],[33.782981,-16.172716],[33.782983,-16.173258],[33.783264,-16.173257],[33.783265,-16.173529],[33.784107,-16.173525],[33.784109,-16.174068],[33.784951,-16.174065],[33.785229,-16.173521],[33.786913,-16.173515],[33.786916,-16.174329],[33.786635,-16.17433],[33.786636,-16.174601],[33.786356,-16.174602],[33.786357,-16.174873],[33.786076,-16.174874],[33.786077,-16.175145],[33.785797,-16.175146],[33.785798,-16.175417],[33.785238,-16.175691],[33.78524,-16.176233],[33.784959,-16.176234],[33.78496,-16.176505],[33.784399,-16.176507],[33.7844,-16.176779],[33.78412,-16.17678],[33.784123,-16.177593],[33.783842,-16.177594],[33.783843,-16.177865],[33.783282,-16.177867],[33.783283,-16.178139],[33.782723,-16.178412],[33.782725,-16.178954],[33.782444,-16.178955],[33.782445,-16.179226],[33.782165,-16.179227],[33.782166,-16.179499],[33.781885,-16.1795],[33.781886,-16.179771],[33.781326,-16.180044],[33.78133,-16.181129],[33.780769,-16.181131],[33.780491,-16.181674],[33.779649,-16.181677],[33.77965,-16.181949],[33.779369,-16.18195],[33.779371,-16.182492],[33.777688,-16.182498],[33.777689,-16.182769],[33.776567,-16.183045],[33.776568,-16.183316],[33.776288,-16.183317],[33.77629,-16.183859],[33.775728,-16.183861],[33.77545,-16.184405],[33.774889,-16.184407],[33.77489,-16.184678],[33.774048,-16.184681],[33.774049,-16.184952],[33.773488,-16.184954],[33.773209,-16.185498],[33.772367,-16.185501],[33.772368,-16.185772],[33.771526,-16.185775],[33.771527,-16.186046],[33.770686,-16.186049],[33.770685,-16.185778],[33.769843,-16.185781],[33.769842,-16.18551],[33.768157,-16.185245],[33.768156,-16.184973],[33.767594,-16.184975],[33.767593,-16.184704],[33.766752,-16.184707],[33.76675,-16.184436],[33.766189,-16.184438],[33.76619,-16.184709],[33.766471,-16.184708],[33.766754,-16.18525],[33.768438,-16.185515],[33.768439,-16.185786],[33.76872,-16.185785],[33.769003,-16.186326],[33.77209,-16.186315],[33.772089,-16.186044],[33.77265,-16.186042],[33.772649,-16.185771],[33.773491,-16.185768],[33.77349,-16.185496],[33.774051,-16.185494],[33.77405,-16.185223],[33.774892,-16.18522],[33.77517,-16.184677],[33.776293,-16.184673],[33.776292,-16.184402],[33.777134,-16.184398],[33.777133,-16.184127],[33.777694,-16.184125],[33.777693,-16.183854],[33.778254,-16.183852],[33.778253,-16.183581],[33.779375,-16.183306],[33.779372,-16.182763],[33.779934,-16.182761],[33.779933,-16.18249],[33.780494,-16.182488],[33.780493,-16.182217],[33.781335,-16.182214],[33.781336,-16.182485],[33.781897,-16.182483],[33.781898,-16.182754],[33.782459,-16.182752],[33.78246,-16.183023],[33.783302,-16.18302],[33.783301,-16.182749],[33.783582,-16.182748],[33.783581,-16.182476],[33.783861,-16.182475],[33.78414,-16.181932],[33.783579,-16.181934],[33.783578,-16.181663],[33.783016,-16.181665],[33.782734,-16.181124],[33.782172,-16.181126],[33.782169,-16.180312],[33.78245,-16.180311],[33.782449,-16.18004],[33.78301,-16.180038],[33.783008,-16.179496],[33.783288,-16.179495],[33.783287,-16.179223],[33.783847,-16.17895],[33.783845,-16.178408],[33.784687,-16.178405],[33.784686,-16.178133],[33.784967,-16.178132],[33.784966,-16.177861],[33.784685,-16.177862],[33.784682,-16.177049],[33.784962,-16.177048],[33.784961,-16.176776],[33.785242,-16.176775],[33.785241,-16.176504],[33.785522,-16.176503],[33.78552,-16.176232],[33.785801,-16.176231],[33.7858,-16.17596],[33.786081,-16.175959],[33.78608,-16.175688],[33.78636,-16.175687],[33.786639,-16.175143],[33.7872,-16.175141],[33.787478,-16.174598],[33.788601,-16.174594],[33.788879,-16.17405],[33.791124,-16.174042],[33.791125,-16.174313],[33.791967,-16.17431],[33.791965,-16.173768],[33.792807,-16.173764],[33.792806,-16.173493],[33.793928,-16.173489],[33.794211,-16.17403],[33.795614,-16.174025],[33.795616,-16.174567],[33.796177,-16.174565],[33.796181,-16.175379],[33.796461,-16.175378],[33.79646,-16.175107],[33.797583,-16.175102],[33.797584,-16.175374],[33.798426,-16.17537],[33.798427,-16.175642],[33.798988,-16.17564],[33.798989,-16.175911],[33.800111,-16.175907],[33.800394,-16.176448],[33.802079,-16.176713],[33.802362,-16.177254],[33.802923,-16.177252],[33.802924,-16.177523],[33.803205,-16.177522],[33.803209,-16.178607],[33.804612,-16.178601],[33.804613,-16.178873],[33.804894,-16.178872],[33.804895,-16.179143],[33.805176,-16.179142],[33.805177,-16.179413],[33.805457,-16.179412],[33.805458,-16.179683],[33.805739,-16.179682],[33.806022,-16.180223],[33.806864,-16.18022],[33.806867,-16.181034],[33.807709,-16.18103],[33.807711,-16.181573],[33.807992,-16.181572],[33.807993,-16.181843],[33.809116,-16.18211],[33.80912,-16.182923],[33.808839,-16.182924],[33.80884,-16.183196],[33.811086,-16.183458],[33.811092,-16.184814],[33.811373,-16.184813],[33.811381,-16.186982],[33.81082,-16.186985],[33.810821,-16.187256],[33.809979,-16.187259],[33.809984,-16.188344],[33.809703,-16.188345],[33.809704,-16.188616],[33.808862,-16.188619],[33.808863,-16.18889],[33.808302,-16.188892],[33.808303,-16.189164],[33.807742,-16.189166],[33.807743,-16.189437],[33.807462,-16.189438],[33.807466,-16.190252],[33.806905,-16.190254],[33.806906,-16.190525],[33.806625,-16.190526],[33.806626,-16.190797],[33.806345,-16.190798],[33.806347,-16.191069],[33.806066,-16.19107],[33.806067,-16.191342],[33.805507,-16.191615],[33.805508,-16.191886],[33.805789,-16.191885],[33.805794,-16.193241],[33.806075,-16.19324],[33.806082,-16.195138],[33.806363,-16.195137],[33.806366,-16.195951],[33.806647,-16.19595],[33.806648,-16.196221],[33.806929,-16.19622],[33.807212,-16.196761],[33.807773,-16.196759],[33.807775,-16.197301],[33.808056,-16.1973],[33.808057,-16.197571],[33.808338,-16.19757],[33.80862,-16.198111],[33.809182,-16.198109],[33.809467,-16.199193],[33.810028,-16.199191],[33.810029,-16.199462],[33.811152,-16.199458],[33.811153,-16.199729],[33.811433,-16.199728],[33.811716,-16.200269],[33.812278,-16.200267],[33.812279,-16.200538],[33.812559,-16.200537],[33.812562,-16.201079],[33.813684,-16.201075],[33.813685,-16.201346],[33.814247,-16.201344],[33.814248,-16.201615],[33.81481,-16.201884],[33.814812,-16.202427],[33.815374,-16.202425],[33.815375,-16.202696],[33.816499,-16.202963],[33.8165,-16.203234],[33.81678,-16.203233],[33.816781,-16.203504],[33.817343,-16.203502],[33.817626,-16.204043],[33.820432,-16.204032],[33.820431,-16.203761],[33.821273,-16.203758],[33.821274,-16.204029],[33.822397,-16.204025],[33.822398,-16.204296],[33.82324,-16.204293],[33.823241,-16.204564],[33.823522,-16.204563],[33.823524,-16.205105],[33.823805,-16.205104],[33.823806,-16.205375],[33.824086,-16.205374],[33.824089,-16.205916],[33.824369,-16.205915],[33.824082,-16.204289],[33.824362,-16.204288],[33.824639,-16.203202],[33.8252,-16.2032],[33.825189,-16.200488],[33.825749,-16.200215],[33.825747,-16.199673],[33.826027,-16.199672],[33.826026,-16.1994],[33.826307,-16.199399],[33.826306,-16.199128],[33.826866,-16.198855],[33.826863,-16.198312],[33.827144,-16.198311],[33.827142,-16.197769],[33.827422,-16.197768],[33.82741,-16.194785],[33.826848,-16.194516],[33.826844,-16.193702],[33.828809,-16.193695],[33.828808,-16.193424],[33.829088,-16.193423],[33.829086,-16.19288],[33.829367,-16.192879],[33.829354,-16.189896],[33.828792,-16.189627],[33.829063,-16.187457],[33.828783,-16.187458],[33.82878,-16.186915],[33.8285,-16.186916],[33.828498,-16.186374],[33.828217,-16.186375],[33.828215,-16.185833],[33.827934,-16.185834],[33.827931,-16.18502],[33.827368,-16.184751],[33.827366,-16.184209],[33.827085,-16.18421],[33.827083,-16.183668],[33.826802,-16.183669],[33.8268,-16.183126],[33.82652,-16.183128],[33.826515,-16.182043],[33.826234,-16.182044],[33.826231,-16.18123],[33.82595,-16.181231],[33.825949,-16.18096],[33.825387,-16.180691],[33.825384,-16.179878],[33.825103,-16.179879],[33.825102,-16.179608],[33.824541,-16.17961],[33.824258,-16.179069],[33.823135,-16.179073],[33.823134,-16.178802],[33.822573,-16.178804],[33.822572,-16.178533],[33.822009,-16.178264],[33.822006,-16.17745],[33.821445,-16.177452],[33.821444,-16.177181],[33.821163,-16.177182],[33.821162,-16.176911],[33.820881,-16.176912],[33.82088,-16.176641],[33.8206,-16.176642],[33.820598,-16.176371],[33.820036,-16.176102],[33.820034,-16.175559],[33.819753,-16.175561],[33.819751,-16.175018],[33.81947,-16.175019],[33.819468,-16.174477],[33.819188,-16.174478],[33.819184,-16.173664],[33.818623,-16.173667],[33.81862,-16.172853],[33.81918,-16.17258],[33.81917,-16.170139],[33.818889,-16.17014],[33.818884,-16.168784],[33.819725,-16.168781],[33.819724,-16.16851],[33.819444,-16.168511],[33.819442,-16.16824],[33.819162,-16.168241],[33.819163,-16.168512],[33.818321,-16.168515],[33.81832,-16.168244],[33.818039,-16.168245],[33.818037,-16.167703],[33.817757,-16.167704],[33.817754,-16.167162],[33.817193,-16.167164],[33.81691,-16.166622],[33.816349,-16.166625],[33.816347,-16.166082],[33.816066,-16.166083],[33.816065,-16.165812],[33.815503,-16.165543],[33.815501,-16.165001],[33.81522,-16.165002],[33.815219,-16.164731],[33.814938,-16.164732],[33.814937,-16.164461],[33.814657,-16.164462],[33.814656,-16.16419],[33.814375,-16.164191],[33.814374,-16.16392],[33.814093,-16.163921],[33.814092,-16.16365],[33.813812,-16.163651],[33.81381,-16.16338],[33.81353,-16.163381],[33.813529,-16.16311],[33.813248,-16.163111],[33.813247,-16.16284],[33.812685,-16.162571],[33.812681,-16.161757],[33.812401,-16.161758],[33.812402,-16.16203],[33.81156,-16.162033],[33.811559,-16.161762],[33.811278,-16.161763],[33.811276,-16.16122],[33.810715,-16.161222],[33.810714,-16.160951],[33.810152,-16.160682],[33.810149,-16.16014],[33.809587,-16.159871],[33.809584,-16.159057],[33.810145,-16.159055],[33.810144,-16.158784],[33.809863,-16.158785],[33.809862,-16.158514],[33.809301,-16.158516],[33.8093,-16.158245],[33.808739,-16.158247],[33.808456,-16.157706],[33.807895,-16.157708],[33.807894,-16.157437],[33.807613,-16.157438],[33.80761,-16.156624],[33.807329,-16.156625],[33.807328,-16.156354],[33.807048,-16.156355],[33.807046,-16.156084],[33.806766,-16.156085],[33.806483,-16.155544],[33.805641,-16.155547],[33.805638,-16.154733],[33.805076,-16.154464],[33.805071,-16.153379],[33.80451,-16.153382],[33.804227,-16.15284],[33.803105,-16.152844],[33.803104,-16.152573],[33.802262,-16.152576],[33.802263,-16.152848],[33.801703,-16.153121],[33.801705,-16.153663],[33.800864,-16.153666],[33.800298,-16.152584],[33.799456,-16.152587],[33.799458,-16.152858],[33.798616,-16.152861],[33.798617,-16.153133],[33.798336,-16.153134],[33.798338,-16.153676],[33.798058,-16.153677],[33.798059,-16.153948],[33.797499,-16.154221],[33.797508,-16.156391],[33.797788,-16.15639],[33.797789,-16.156661],[33.79835,-16.156659],[33.798354,-16.157472],[33.798916,-16.157742],[33.798919,-16.158555],[33.7992,-16.158554],[33.799204,-16.159639],[33.799485,-16.159638],[33.799488,-16.160451],[33.798085,-16.160457],[33.798086,-16.160728],[33.797806,-16.160729],[33.797808,-16.161271],[33.798369,-16.161269],[33.798371,-16.161811],[33.798652,-16.16181],[33.798653,-16.162082],[33.798933,-16.16208],[33.798934,-16.162352],[33.799497,-16.162621],[33.799501,-16.163705],[33.800062,-16.163703],[33.800067,-16.164788],[33.799505,-16.16479],[33.799508,-16.165333],[33.800349,-16.165329],[33.800632,-16.165871],[33.801193,-16.165869],[33.801195,-16.16614],[33.801475,-16.166139],[33.801477,-16.166681],[33.801758,-16.16668],[33.80176,-16.167222],[33.802041,-16.167221],[33.802044,-16.168035],[33.801763,-16.168036],[33.801768,-16.169121],[33.801208,-16.169394],[33.80121,-16.169936],[33.800929,-16.169937],[33.80093,-16.170209],[33.799808,-16.170213],[33.799809,-16.170484],[33.798406,-16.170489],[33.798123,-16.169948],[33.797281,-16.169951],[33.79728,-16.16968],[33.796718,-16.169411],[33.796716,-16.168868],[33.796435,-16.168869],[33.796429,-16.167242],[33.796709,-16.167241],[33.796708,-16.16697],[33.796428,-16.166971],[33.796425,-16.166429],[33.796145,-16.16643],[33.796142,-16.165616],[33.795861,-16.165617],[33.795857,-16.164533],[33.79726,-16.164527],[33.797261,-16.164799],[33.798102,-16.164795],[33.798101,-16.164524],[33.797821,-16.164525],[33.79782,-16.164254],[33.796697,-16.164258],[33.796694,-16.163445],[33.796413,-16.163446],[33.796411,-16.162903],[33.796131,-16.162905],[33.79613,-16.162633],[33.795849,-16.162634],[33.795847,-16.162092],[33.795566,-16.162093],[33.795563,-16.16128],[33.795282,-16.161281],[33.795278,-16.160196],[33.794997,-16.160197],[33.794991,-16.15857],[33.79471,-16.158571],[33.794707,-16.157757],[33.794426,-16.157758],[33.794422,-16.156674],[33.794703,-16.156673],[33.7947,-16.155859],[33.794138,-16.155861],[33.794136,-16.155319],[33.793856,-16.15532],[33.793851,-16.154235],[33.793571,-16.154236],[33.793565,-16.15288],[33.793285,-16.152881],[33.79328,-16.151797],[33.793,-16.151798],[33.792993,-16.15017],[33.792713,-16.150172],[33.792708,-16.149087],[33.792428,-16.149088],[33.792422,-16.147732],[33.792984,-16.14773],[33.792979,-16.146645],[33.792699,-16.146646],[33.792694,-16.145561],[33.791853,-16.145565],[33.79185,-16.145022],[33.79157,-16.145023],[33.791567,-16.14421],[33.791286,-16.144211],[33.791281,-16.142855],[33.792122,-16.142852],[33.792124,-16.143123],[33.793807,-16.143117],[33.793805,-16.142574],[33.793524,-16.142575],[33.79352,-16.141491],[33.7938,-16.14149],[33.793798,-16.140947],[33.791834,-16.140954],[33.79183,-16.13987],[33.792111,-16.139869],[33.792109,-16.139597],[33.791829,-16.139599],[33.791825,-16.138514],[33.792105,-16.138513],[33.792099,-16.136886],[33.791818,-16.136887]],[[33.787676,-16.153716],[33.788518,-16.153713],[33.788807,-16.155881],[33.787965,-16.155884],[33.787964,-16.155613],[33.787403,-16.155615],[33.787402,-16.155344],[33.787121,-16.155345],[33.787117,-16.15426],[33.787398,-16.154259],[33.787676,-16.153716]],[[33.79133,-16.155329],[33.792733,-16.155324],[33.792738,-16.156409],[33.791615,-16.156413],[33.791614,-16.156142],[33.791334,-16.156143],[33.79133,-16.155329]],[[33.785737,-16.15996],[33.786579,-16.159957],[33.786581,-16.160499],[33.786861,-16.160498],[33.786865,-16.161312],[33.785742,-16.161316],[33.785737,-16.15996]],[[33.782375,-16.161328],[33.783217,-16.161325],[33.78322,-16.162139],[33.782378,-16.162142],[33.782375,-16.161328]],[[33.784339,-16.161321],[33.785181,-16.161318],[33.785182,-16.161589],[33.786304,-16.161585],[33.78631,-16.162941],[33.785187,-16.162945],[33.784905,-16.162404],[33.784343,-16.162406],[33.784339,-16.161321]],[[33.783221,-16.16241],[33.784063,-16.162407],[33.784066,-16.16322],[33.783224,-16.163224],[33.783221,-16.16241]],[[33.77986,-16.164049],[33.780702,-16.164046],[33.780705,-16.16486],[33.780144,-16.164862],[33.780145,-16.165133],[33.779303,-16.165136],[33.7793,-16.164323],[33.779861,-16.164321],[33.77986,-16.164049]],[[33.782947,-16.164038],[33.784069,-16.164034],[33.784071,-16.164576],[33.784352,-16.164575],[33.784355,-16.165389],[33.784636,-16.165388],[33.784639,-16.166201],[33.783236,-16.166207],[33.783233,-16.165393],[33.782952,-16.165394],[33.782947,-16.164038]],[[33.781549,-16.165399],[33.782391,-16.165396],[33.782392,-16.165667],[33.782673,-16.165666],[33.782679,-16.167293],[33.781557,-16.167298],[33.781549,-16.165399]],[[33.785197,-16.165386],[33.786039,-16.165383],[33.78604,-16.165654],[33.78632,-16.165653],[33.786325,-16.166738],[33.784922,-16.166743],[33.784917,-16.165658],[33.785198,-16.165657],[33.785197,-16.165386]],[[33.784645,-16.167829],[33.785487,-16.167825],[33.785492,-16.16891],[33.78465,-16.168913],[33.784645,-16.167829]],[[33.793628,-16.168609],[33.79447,-16.168606],[33.794471,-16.168877],[33.795032,-16.168875],[33.795035,-16.169688],[33.794474,-16.16969],[33.794475,-16.169962],[33.795036,-16.169959],[33.795038,-16.170231],[33.795318,-16.17023],[33.795319,-16.170501],[33.79588,-16.170499],[33.795882,-16.17077],[33.797004,-16.170766],[33.797005,-16.171037],[33.797567,-16.171306],[33.797571,-16.172119],[33.796729,-16.172123],[33.79673,-16.172394],[33.79701,-16.172393],[33.797016,-16.173749],[33.795893,-16.173753],[33.795892,-16.173482],[33.79477,-16.173486],[33.794769,-16.173215],[33.794208,-16.173217],[33.794207,-16.172946],[33.793365,-16.172949],[33.793359,-16.171593],[33.79364,-16.171592],[33.793639,-16.171321],[33.793077,-16.171052],[33.793074,-16.170509],[33.792794,-16.17051],[33.792791,-16.169697],[33.793632,-16.169694],[33.793628,-16.168609]],[[33.782968,-16.169462],[33.784091,-16.169458],[33.784094,-16.170271],[33.784374,-16.17027],[33.784379,-16.171355],[33.783537,-16.171358],[33.783533,-16.170273],[33.782971,-16.170275],[33.782977,-16.171631],[33.781854,-16.171635],[33.78185,-16.170551],[33.781569,-16.170552],[33.781566,-16.169738],[33.782969,-16.169733],[33.782968,-16.169462]],[[33.797851,-16.172118],[33.799535,-16.172112],[33.799538,-16.172926],[33.798696,-16.172929],[33.798697,-16.1732],[33.799539,-16.173197],[33.799543,-16.17401],[33.798981,-16.174012],[33.798983,-16.174555],[33.798142,-16.174558],[33.798138,-16.173744],[33.798419,-16.173743],[33.798417,-16.173201],[33.797856,-16.173203],[33.797851,-16.172118]],[[33.800948,-16.174547],[33.802631,-16.174541],[33.802635,-16.175355],[33.802354,-16.175356],[33.802076,-16.175899],[33.800391,-16.175634],[33.800388,-16.174821],[33.800949,-16.174819],[33.800948,-16.174547]],[[33.814451,-16.182632],[33.815292,-16.182629],[33.815297,-16.183713],[33.815858,-16.183711],[33.815863,-16.184796],[33.814459,-16.184801],[33.814457,-16.184259],[33.813896,-16.184261],[33.813895,-16.18399],[33.813614,-16.183991],[33.813611,-16.183177],[33.813892,-16.183176],[33.81389,-16.182905],[33.814452,-16.182903],[33.814451,-16.182632]],[[33.813057,-16.185078],[33.813899,-16.185075],[33.813902,-16.185617],[33.814182,-16.185616],[33.814183,-16.185887],[33.814464,-16.185886],[33.814465,-16.186157],[33.815027,-16.186426],[33.815031,-16.18724],[33.815592,-16.187237],[33.815593,-16.187509],[33.815874,-16.187508],[33.815877,-16.188321],[33.816158,-16.18832],[33.816159,-16.188591],[33.816439,-16.18859],[33.816442,-16.189133],[33.817004,-16.189402],[33.817007,-16.190215],[33.815322,-16.18995],[33.81532,-16.189408],[33.814759,-16.18941],[33.814476,-16.188869],[33.813915,-16.188871],[33.813912,-16.188057],[33.813349,-16.187788],[33.813346,-16.186975],[33.812504,-16.186978],[33.812497,-16.185351],[33.813059,-16.185349],[33.813057,-16.185078]],[[33.819853,-16.199696],[33.820695,-16.199692],[33.820978,-16.200234],[33.821539,-16.200231],[33.821542,-16.201045],[33.821262,-16.201046],[33.821264,-16.201588],[33.819861,-16.201594],[33.819853,-16.199696]]]}},{"type":"Feature","properties":{"ano":2015,"camada":"industrial","area_km2":0.0009},"geometry":{"type":"Polygon","coordinates":[[[33.824369,-16.205915],[33.82437,-16.206186],[33.824651,-16.206185],[33.82465,-16.205914],[33.824369,-16.205915]]]}},{"type":"Feature","properties":{"ano":2015,"camada":"industrial","area_km2":0.0036},"geometry":{"type":"Polygon","coordinates":[[[33.663269,-16.206479],[33.66327,-16.206751],[33.663832,-16.206749],[33.663833,-16.20702],[33.664113,-16.207019],[33.664111,-16.206477],[33.663269,-16.206479]]]}},{"type":"Feature","properties":{"ano":2015,"camada":"industrial","area_km2":0.0189},"geometry":{"type":"Polygon","coordinates":[[[33.659898,-16.205405],[33.659901,-16.20649],[33.660464,-16.206759],[33.660465,-16.207302],[33.661027,-16.2073],[33.661023,-16.206215],[33.661304,-16.206214],[33.661303,-16.205943],[33.661022,-16.205944],[33.661021,-16.205673],[33.660179,-16.205675],[33.660178,-16.205404],[33.659898,-16.205405]]]}},{"type":"Feature","properties":{"ano":2015,"camada":"industrial","area_km2":0.0207},"geometry":{"type":"Polygon","coordinates":[[[33.682368,-16.210216],[33.682369,-16.210487],[33.681808,-16.21076],[33.681811,-16.211573],[33.68153,-16.211574],[33.681531,-16.211845],[33.681812,-16.211844],[33.682095,-16.212386],[33.682656,-16.212384],[33.682651,-16.211028],[33.682932,-16.211027],[33.68293,-16.210485],[33.682368,-16.210216]]]}},{"type":"Feature","properties":{"ano":2015,"camada":"industrial","area_km2":0.0171},"geometry":{"type":"Polygon","coordinates":[[[33.67172,-16.215402],[33.671723,-16.216487],[33.671162,-16.216489],[33.670604,-16.217575],[33.671166,-16.217573],[33.671165,-16.217302],[33.671726,-16.2173],[33.671725,-16.217029],[33.672567,-16.217027],[33.672566,-16.216755],[33.672004,-16.216486],[33.672,-16.215401],[33.67172,-16.215402]]]}},{"type":"Feature","properties":{"ano":2015,"camada":"industrial","area_km2":0.0009},"geometry":{"type":"Polygon","coordinates":[[[33.668642,-16.218395],[33.668643,-16.218666],[33.668924,-16.218665],[33.668923,-16.218394],[33.668642,-16.218395]]]}},{"type":"Feature","properties":{"ano":2015,"camada":"industrial","area_km2":0.0018},"geometry":{"type":"Polygon","coordinates":[[[33.668924,-16.218665],[33.668925,-16.218936],[33.669486,-16.218935],[33.669485,-16.218663],[33.668924,-16.218665]]]}},{"type":"Feature","properties":{"ano":2015,"camada":"industrial","area_km2":9.558},"geometry":{"type":"Polygon","coordinates":[[[33.663069,-16.146546],[33.66307,-16.146818],[33.662509,-16.146819],[33.662511,-16.147362],[33.66223,-16.147363],[33.662231,-16.147634],[33.661109,-16.147637],[33.661107,-16.147095],[33.659985,-16.147098],[33.659986,-16.14737],[33.659425,-16.147371],[33.659426,-16.147914],[33.660829,-16.147909],[33.660833,-16.148994],[33.660273,-16.149267],[33.660274,-16.149809],[33.659713,-16.149811],[33.659714,-16.150082],[33.658872,-16.150085],[33.658874,-16.150627],[33.658032,-16.15063],[33.657468,-16.149547],[33.656906,-16.149549],[33.656906,-16.149277],[33.656344,-16.149279],[33.656343,-16.149008],[33.656063,-16.149009],[33.656065,-16.149551],[33.656345,-16.14955],[33.656349,-16.150635],[33.656629,-16.150634],[33.656628,-16.150363],[33.65747,-16.15036],[33.657471,-16.150632],[33.657752,-16.150631],[33.657753,-16.150902],[33.658315,-16.151171],[33.658318,-16.152256],[33.657758,-16.152529],[33.65776,-16.153072],[33.655515,-16.153078],[33.655514,-16.152807],[33.655234,-16.152808],[33.655233,-16.152537],[33.654952,-16.152538],[33.65467,-16.151996],[33.654389,-16.151997],[33.65439,-16.152268],[33.653548,-16.152271],[33.653552,-16.153356],[33.652991,-16.153357],[33.652992,-16.153629],[33.652431,-16.153901],[33.652433,-16.154444],[33.652152,-16.154445],[33.652153,-16.154716],[33.651873,-16.154717],[33.651594,-16.15526],[33.651874,-16.155259],[33.651877,-16.156073],[33.652158,-16.156072],[33.65216,-16.156614],[33.653001,-16.156612],[33.653006,-16.157968],[33.653568,-16.158237],[33.65357,-16.158779],[33.65385,-16.158779],[33.653851,-16.15905],[33.654412,-16.159048],[33.654411,-16.158777],[33.654973,-16.158775],[33.654972,-16.158504],[33.656094,-16.158501],[33.656093,-16.158229],[33.655251,-16.158232],[33.65525,-16.15769],[33.654408,-16.157692],[33.654405,-16.156879],[33.654686,-16.156878],[33.654965,-16.156334],[33.655806,-16.156332],[33.656091,-16.157416],[33.658616,-16.157408],[33.658611,-16.156052],[33.660296,-16.156318],[33.660578,-16.15686],[33.661701,-16.156856],[33.661707,-16.158754],[33.662269,-16.159024],[33.662272,-16.159837],[33.660869,-16.159842],[33.66087,-16.160113],[33.660589,-16.160114],[33.660593,-16.161199],[33.660312,-16.161199],[33.660313,-16.161471],[33.660594,-16.16147],[33.660595,-16.162012],[33.660876,-16.162011],[33.660877,-16.162282],[33.661439,-16.162552],[33.661442,-16.163365],[33.662845,-16.163361],[33.662848,-16.164446],[33.662287,-16.164448],[33.662008,-16.164991],[33.661447,-16.164993],[33.661168,-16.165536],[33.660607,-16.165538],[33.660608,-16.165809],[33.660047,-16.165811],[33.660048,-16.166082],[33.659487,-16.166355],[33.659494,-16.168253],[33.660336,-16.16825],[33.660336,-16.168522],[33.660617,-16.168521],[33.660621,-16.169605],[33.66006,-16.169878],[33.659783,-16.170964],[33.660345,-16.170962],[33.660344,-16.170691],[33.661466,-16.170688],[33.661465,-16.170416],[33.662307,-16.170414],[33.66231,-16.171227],[33.661749,-16.171229],[33.661749,-16.1715],[33.661469,-16.171501],[33.661472,-16.172586],[33.660911,-16.172588],[33.660913,-16.17313],[33.660632,-16.173131],[33.660637,-16.174487],[33.660918,-16.174486],[33.660916,-16.173944],[33.661477,-16.173942],[33.661476,-16.173671],[33.661757,-16.17367],[33.661751,-16.172043],[33.662032,-16.172042],[33.66203,-16.171499],[33.662591,-16.171498],[33.662588,-16.170413],[33.663149,-16.170411],[33.663426,-16.169326],[33.664268,-16.169323],[33.664269,-16.169594],[33.665391,-16.169591],[33.665397,-16.171489],[33.665117,-16.17149],[33.665121,-16.172846],[33.664841,-16.172847],[33.664844,-16.173931],[33.664284,-16.174204],[33.664288,-16.175289],[33.664007,-16.17529],[33.66401,-16.176104],[33.663449,-16.176376],[33.663455,-16.178004],[33.663174,-16.178004],[33.663176,-16.178547],[33.662895,-16.178548],[33.662899,-16.179632],[33.662618,-16.179633],[33.662619,-16.179905],[33.6629,-16.179904],[33.662904,-16.18126],[33.663185,-16.181259],[33.663186,-16.18153],[33.663747,-16.181528],[33.663749,-16.182071],[33.66403,-16.18207],[33.664032,-16.182883],[33.664313,-16.182882],[33.664315,-16.183425],[33.664596,-16.183424],[33.664596,-16.183695],[33.665159,-16.183965],[33.66516,-16.184507],[33.665723,-16.184776],[33.665724,-16.185319],[33.666005,-16.185318],[33.666007,-16.18586],[33.666288,-16.185859],[33.666291,-16.186944],[33.666572,-16.186943],[33.666573,-16.187214],[33.667134,-16.187213],[33.667135,-16.187484],[33.667416,-16.187483],[33.667417,-16.188025],[33.667698,-16.188024],[33.6677,-16.188567],[33.668262,-16.188836],[33.668266,-16.189921],[33.667985,-16.189922],[33.667986,-16.190193],[33.668267,-16.190192],[33.668268,-16.190735],[33.668549,-16.190734],[33.66855,-16.191005],[33.668831,-16.191004],[33.669113,-16.191545],[33.669674,-16.191544],[33.669677,-16.192357],[33.669958,-16.192356],[33.669959,-16.192628],[33.671082,-16.192895],[33.671367,-16.193979],[33.671647,-16.193978],[33.671648,-16.194249],[33.67221,-16.194519],[33.672212,-16.195061],[33.672493,-16.19506],[33.672777,-16.196144],[33.673058,-16.196143],[33.673059,-16.196414],[33.673621,-16.196684],[33.673623,-16.197226],[33.673903,-16.197225],[33.673905,-16.197768],[33.674467,-16.198037],[33.674752,-16.199121],[33.675032,-16.19912],[33.675033,-16.199391],[33.675596,-16.199661],[33.675597,-16.200203],[33.675878,-16.200202],[33.676162,-16.201286],[33.676725,-16.201555],[33.676727,-16.202369],[33.676166,-16.202371],[33.676167,-16.202642],[33.677009,-16.202639],[33.677012,-16.203453],[33.677854,-16.20345],[33.677857,-16.204264],[33.678137,-16.204263],[33.678138,-16.204534],[33.678419,-16.204533],[33.678421,-16.205076],[33.678701,-16.205075],[33.678706,-16.206431],[33.677864,-16.206433],[33.677863,-16.206162],[33.677582,-16.206163],[33.6773,-16.205622],[33.676458,-16.205624],[33.676455,-16.204811],[33.677016,-16.204809],[33.676734,-16.204267],[33.676173,-16.204269],[33.676176,-16.205354],[33.675896,-16.205355],[33.675897,-16.205626],[33.675616,-16.205627],[33.675337,-16.20617],[33.673653,-16.206175],[33.673649,-16.205091],[33.673369,-16.205092],[33.673367,-16.204549],[33.672525,-16.204552],[33.672524,-16.204281],[33.672243,-16.204282],[33.672245,-16.204824],[33.671123,-16.204828],[33.67112,-16.204014],[33.670278,-16.204017],[33.670276,-16.203474],[33.669995,-16.203475],[33.669997,-16.204018],[33.668313,-16.204023],[33.668312,-16.203752],[33.66719,-16.203755],[33.667189,-16.203484],[33.666347,-16.203487],[33.666346,-16.203215],[33.665223,-16.203219],[33.665224,-16.20349],[33.665785,-16.203488],[33.665788,-16.204302],[33.665507,-16.204303],[33.665508,-16.204574],[33.665789,-16.204573],[33.665793,-16.205658],[33.665512,-16.205659],[33.665516,-16.206744],[33.664955,-16.207016],[33.664957,-16.207559],[33.665518,-16.207557],[33.665519,-16.207828],[33.666081,-16.207827],[33.666082,-16.208098],[33.666643,-16.208096],[33.666644,-16.208367],[33.667204,-16.208094],[33.667202,-16.207552],[33.668325,-16.207548],[33.668328,-16.208362],[33.667766,-16.208364],[33.667767,-16.208635],[33.668048,-16.208634],[33.668052,-16.209719],[33.667771,-16.20972],[33.668053,-16.210261],[33.669737,-16.209985],[33.670019,-16.210526],[33.671422,-16.210522],[33.671423,-16.210793],[33.671704,-16.210792],[33.671705,-16.211063],[33.672267,-16.211333],[33.672269,-16.211875],[33.67283,-16.211873],[33.672831,-16.212144],[33.675077,-16.212137],[33.675078,-16.212408],[33.675358,-16.212407],[33.675361,-16.213221],[33.676203,-16.213218],[33.676206,-16.214032],[33.675645,-16.214034],[33.675646,-16.214305],[33.675926,-16.214304],[33.675929,-16.215118],[33.675648,-16.215118],[33.675651,-16.215932],[33.675932,-16.215931],[33.675936,-16.217287],[33.675656,-16.217288],[33.675658,-16.218102],[33.675939,-16.218101],[33.675943,-16.219185],[33.676224,-16.219184],[33.676226,-16.219998],[33.676507,-16.219997],[33.676504,-16.219184],[33.677346,-16.219181],[33.677349,-16.219994],[33.67763,-16.219994],[33.677629,-16.219722],[33.678471,-16.21972],[33.678472,-16.219991],[33.679314,-16.219988],[33.679315,-16.220259],[33.682121,-16.219979],[33.68212,-16.219708],[33.6824,-16.219707],[33.682398,-16.218894],[33.682117,-16.218894],[33.682116,-16.218623],[33.680993,-16.218627],[33.680989,-16.217271],[33.681269,-16.21727],[33.681268,-16.216999],[33.680988,-16.217],[33.680976,-16.213474],[33.680695,-16.213475],[33.680687,-16.211034],[33.680967,-16.211034],[33.680963,-16.209949],[33.681524,-16.209676],[33.68152,-16.208591],[33.681801,-16.20859],[33.681799,-16.208048],[33.68208,-16.208047],[33.682079,-16.207776],[33.682921,-16.207773],[33.682922,-16.208044],[33.683202,-16.208043],[33.683199,-16.20723],[33.682919,-16.207231],[33.682918,-16.206959],[33.681515,-16.206964],[33.681788,-16.204794],[33.679542,-16.204801],[33.679542,-16.20453],[33.678979,-16.20426],[33.678977,-16.203718],[33.678697,-16.203719],[33.678696,-16.203448],[33.678415,-16.203448],[33.678413,-16.202906],[33.677851,-16.202637],[33.677567,-16.201553],[33.677286,-16.201554],[33.677285,-16.201282],[33.677004,-16.201283],[33.677003,-16.200741],[33.67644,-16.200472],[33.676156,-16.199388],[33.675875,-16.199389],[33.675874,-16.199117],[33.675312,-16.198848],[33.67531,-16.198306],[33.674748,-16.198036],[33.674464,-16.196952],[33.673902,-16.196683],[33.6739,-16.196141],[33.673619,-16.196142],[33.673618,-16.19587],[33.673337,-16.195871],[33.673336,-16.195329],[33.672773,-16.195059],[33.672772,-16.194517],[33.672491,-16.194518],[33.672489,-16.193976],[33.672208,-16.193976],[33.672205,-16.192892],[33.671924,-16.192893],[33.671921,-16.192079],[33.671641,-16.19208],[33.671639,-16.191538],[33.670797,-16.19154],[33.670796,-16.191269],[33.670515,-16.19127],[33.670512,-16.190185],[33.670792,-16.190184],[33.670791,-16.189913],[33.670511,-16.189914],[33.670228,-16.189372],[33.669386,-16.189375],[33.669384,-16.188562],[33.668822,-16.188563],[33.66882,-16.18775],[33.6691,-16.187749],[33.669099,-16.187478],[33.670503,-16.187473],[33.670502,-16.187202],[33.671063,-16.1872],[33.671062,-16.186929],[33.671343,-16.186928],[33.671341,-16.186386],[33.671621,-16.186385],[33.67162,-16.185843],[33.6719,-16.185842],[33.671899,-16.18557],[33.672741,-16.185568],[33.673018,-16.184482],[33.673579,-16.18448],[33.673578,-16.183938],[33.673858,-16.183937],[33.673857,-16.183666],[33.674419,-16.183664],[33.674416,-16.182851],[33.675258,-16.182848],[33.675261,-16.183933],[33.674981,-16.183934],[33.674984,-16.184747],[33.674703,-16.184748],[33.674705,-16.18529],[33.673863,-16.185293],[33.673864,-16.185564],[33.674706,-16.185562],[33.674707,-16.185833],[33.674987,-16.185832],[33.675264,-16.184746],[33.675545,-16.184745],[33.675544,-16.184474],[33.676104,-16.184201],[33.676379,-16.182573],[33.67666,-16.182572],[33.676659,-16.182301],[33.67722,-16.182299],[33.677219,-16.182028],[33.6775,-16.182027],[33.677499,-16.181756],[33.67778,-16.181755],[33.678059,-16.181212],[33.67862,-16.18121],[33.678618,-16.180668],[33.678899,-16.180667],[33.678898,-16.180396],[33.679178,-16.180395],[33.679177,-16.180124],[33.679458,-16.180123],[33.679457,-16.179851],[33.679738,-16.179851],[33.679737,-16.179579],[33.680017,-16.179578],[33.680016,-16.179307],[33.680297,-16.179306],[33.680576,-16.178763],[33.681418,-16.17876],[33.681419,-16.179032],[33.681699,-16.179031],[33.681697,-16.178488],[33.681417,-16.178489],[33.681413,-16.177404],[33.681694,-16.177404],[33.681693,-16.177132],[33.681973,-16.177131],[33.681972,-16.17686],[33.682533,-16.176587],[33.682531,-16.176045],[33.682812,-16.176044],[33.68281,-16.175502],[33.68309,-16.175501],[33.683086,-16.174145],[33.683366,-16.174144],[33.683363,-16.17333],[33.683083,-16.173331],[33.683074,-16.170619],[33.682793,-16.17062],[33.682786,-16.168722],[33.683067,-16.168721],[33.683063,-16.167636],[33.682501,-16.167367],[33.682482,-16.161672],[33.682762,-16.161671],[33.682761,-16.1614],[33.682481,-16.161401],[33.682478,-16.160587],[33.682758,-16.160586],[33.682758,-16.160315],[33.682477,-16.160316],[33.682475,-16.159774],[33.682194,-16.159774],[33.682192,-16.158961],[33.682472,-16.15896],[33.682466,-16.157062],[33.682185,-16.157063],[33.682181,-16.155707],[33.680216,-16.155713],[33.680215,-16.155442],[33.679935,-16.155443],[33.679936,-16.155714],[33.677691,-16.155721],[33.677689,-16.155179],[33.677409,-16.15518],[33.677408,-16.154908],[33.674882,-16.154916],[33.67488,-16.154103],[33.674599,-16.154104],[33.674593,-16.152205],[33.674312,-16.152206],[33.674313,-16.152477],[33.674032,-16.152478],[33.673754,-16.153022],[33.670947,-16.152759],[33.67095,-16.153844],[33.670109,-16.153847],[33.670105,-16.152762],[33.668702,-16.152766],[33.668701,-16.152495],[33.66814,-16.152497],[33.668142,-16.153039],[33.668422,-16.153038],[33.668425,-16.153852],[33.667583,-16.153855],[33.667584,-16.154126],[33.667023,-16.154128],[33.667027,-16.155212],[33.666746,-16.155213],[33.666747,-16.155484],[33.664783,-16.15549],[33.664785,-16.156304],[33.664224,-16.156306],[33.664225,-16.156577],[33.663383,-16.15658],[33.663382,-16.156308],[33.663102,-16.156309],[33.663101,-16.156038],[33.66282,-16.156039],[33.662819,-16.155768],[33.662257,-16.155498],[33.662254,-16.154414],[33.662534,-16.154413],[33.662532,-16.153599],[33.663093,-16.153597],[33.663092,-16.153326],[33.662531,-16.153328],[33.662528,-16.152514],[33.66365,-16.152511],[33.66365,-16.15224],[33.663369,-16.152241],[33.663366,-16.151427],[33.663647,-16.151426],[33.663924,-16.15034],[33.664485,-16.150339],[33.664481,-16.149254],[33.665323,-16.149251],[33.665322,-16.14898],[33.665883,-16.148978],[33.66588,-16.147894],[33.66616,-16.147893],[33.666158,-16.147079],[33.665877,-16.14708],[33.665878,-16.147351],[33.663914,-16.147357],[33.663911,-16.146544],[33.663069,-16.146546]],[[33.671229,-16.153301],[33.672071,-16.153298],[33.672074,-16.154112],[33.671232,-16.154114],[33.671229,-16.153301]],[[33.660006,-16.153607],[33.661129,-16.153603],[33.661131,-16.154417],[33.660851,-16.154418],[33.660852,-16.154689],[33.66001,-16.154692],[33.660006,-16.153607]],[[33.662543,-16.156853],[33.664226,-16.156848],[33.664229,-16.157662],[33.663948,-16.157663],[33.66395,-16.158205],[33.662828,-16.158208],[33.662826,-16.157666],[33.662545,-16.157667],[33.662543,-16.156853]],[[33.662838,-16.161463],[33.66368,-16.16146],[33.663683,-16.162274],[33.663402,-16.162275],[33.663403,-16.162546],[33.662561,-16.162548],[33.662559,-16.161735],[33.662839,-16.161734],[33.662838,-16.161463]],[[33.665369,-16.163082],[33.666211,-16.163079],[33.666214,-16.163893],[33.665933,-16.163894],[33.665934,-16.164165],[33.665092,-16.164168],[33.66509,-16.163354],[33.66537,-16.163353],[33.665369,-16.163082]],[[33.670989,-16.165234],[33.671831,-16.165231],[33.671833,-16.166045],[33.670992,-16.166048],[33.670989,-16.165234]],[[33.661449,-16.165535],[33.662571,-16.165531],[33.662572,-16.165803],[33.662853,-16.165802],[33.662856,-16.166615],[33.662014,-16.166618],[33.662013,-16.166347],[33.661452,-16.166349],[33.661449,-16.165535]],[[33.66374,-16.179359],[33.664582,-16.179356],[33.664587,-16.180983],[33.663745,-16.180986],[33.66374,-16.179359]],[[33.666845,-16.184773],[33.667687,-16.18477],[33.667971,-16.185854],[33.668533,-16.185852],[33.668819,-16.187479],[33.667977,-16.187481],[33.667976,-16.18721],[33.667695,-16.187211],[33.667692,-16.186126],[33.66713,-16.186128],[33.667129,-16.185857],[33.666849,-16.185858],[33.666845,-16.184773]],[[33.680388,-16.205883],[33.68123,-16.20588],[33.681236,-16.207507],[33.680394,-16.20751],[33.680393,-16.207239],[33.679831,-16.206969],[33.679828,-16.206156],[33.680389,-16.206154],[33.680388,-16.205883]],[[33.674791,-16.210511],[33.675913,-16.210507],[33.675916,-16.211321],[33.675355,-16.211323],[33.675356,-16.211594],[33.674514,-16.211597],[33.674511,-16.210783],[33.674791,-16.210782],[33.674791,-16.210511]],[[33.678159,-16.2105],[33.679281,-16.210497],[33.679287,-16.212124],[33.678445,-16.212126],[33.678159,-16.2105]],[[33.67732,-16.211588],[33.678162,-16.211585],[33.678165,-16.212399],[33.677323,-16.212401],[33.67732,-16.211588]]]}},{"type":"Feature","properties":{"ano":2015,"camada":"industrial","area_km2":0.0036},"geometry":{"type":"Polygon","coordinates":[[[33.674834,-16.223257],[33.674836,-16.223799],[33.675397,-16.223797],[33.675395,-16.223255],[33.674834,-16.223257]]]}},{"type":"Feature","properties":{"ano":2015,"camada":"industrial","area_km2":0.0045},"geometry":{"type":"Polygon","coordinates":[[[33.671748,-16.223809],[33.67175,-16.224351],[33.672311,-16.22435],[33.67231,-16.224078],[33.672591,-16.224077],[33.67259,-16.223806],[33.671748,-16.223809]]]}},{"type":"Feature","properties":{"ano":2015,"camada":"industrial","area_km2":0.0207},"geometry":{"type":"Polygon","coordinates":[[[33.670621,-16.222457],[33.670623,-16.222999],[33.670062,-16.223272],[33.670063,-16.223543],[33.670344,-16.223542],[33.670347,-16.224356],[33.670066,-16.224357],[33.669787,-16.2249],[33.670348,-16.224898],[33.670347,-16.224627],[33.670908,-16.224354],[33.670906,-16.223812],[33.671467,-16.22381],[33.671183,-16.222726],[33.670621,-16.222457]]]}},{"type":"Feature","properties":{"ano":2015,"camada":"industrial","area_km2":0.0126},"geometry":{"type":"Polygon","coordinates":[[[33.672035,-16.225706],[33.672038,-16.22652],[33.671477,-16.226522],[33.671478,-16.226793],[33.672881,-16.226788],[33.67288,-16.226517],[33.673442,-16.226515],[33.673441,-16.226244],[33.672599,-16.226247],[33.672597,-16.225705],[33.672035,-16.225706]]]}},{"type":"Feature","properties":{"ano":2015,"camada":"industrial","area_km2":0.0072},"geometry":{"type":"Polygon","coordinates":[[[33.678494,-16.226499],[33.678495,-16.226771],[33.680741,-16.226763],[33.68074,-16.226492],[33.678494,-16.226499]]]}},{"type":"Feature","properties":{"ano":2015,"camada":"industrial","area_km2":0.0009},"geometry":{"type":"Polygon","coordinates":[[[33.572974,-16.234404],[33.572974,-16.234675],[33.573255,-16.234674],[33.573254,-16.234403],[33.572974,-16.234404]]]}},{"type":"Feature","properties":{"ano":2015,"camada":"industrial","area_km2":0.0009},"geometry":{"type":"Polygon","coordinates":[[[33.572977,-16.235489],[33.572978,-16.23576],[33.573258,-16.235759],[33.573258,-16.235488],[33.572977,-16.235489]]]}},{"type":"Feature","properties":{"ano":2015,"camada":"industrial","area_km2":0.0009},"geometry":{"type":"Polygon","coordinates":[[[33.57215,-16.240644],[33.57215,-16.240915],[33.572431,-16.240914],[33.57243,-16.240643],[33.57215,-16.240644]]]}},{"type":"Feature","properties":{"ano":2015,"camada":"industrial","area_km2":0.1215},"geometry":{"type":"Polygon","coordinates":[[[33.573829,-16.239012],[33.57383,-16.239283],[33.573549,-16.239284],[33.573552,-16.240369],[33.573272,-16.240369],[33.573273,-16.240912],[33.572993,-16.240913],[33.572996,-16.242269],[33.573558,-16.242267],[33.573559,-16.242538],[33.574682,-16.242535],[33.57468,-16.241993],[33.574961,-16.241992],[33.57524,-16.241449],[33.576082,-16.241447],[33.576081,-16.241175],[33.576923,-16.241173],[33.576923,-16.240902],[33.578046,-16.240899],[33.578042,-16.239543],[33.578322,-16.239542],[33.578321,-16.239271],[33.576637,-16.239276],[33.576638,-16.239547],[33.576357,-16.239548],[33.576359,-16.24009],[33.575236,-16.240093],[33.575235,-16.239822],[33.574674,-16.239823],[33.574671,-16.23901],[33.573829,-16.239012]]]}},{"type":"Feature","properties":{"ano":2015,"camada":"industrial","area_km2":0.0009},"geometry":{"type":"Polygon","coordinates":[[[33.569068,-16.242822],[33.569069,-16.243093],[33.569349,-16.243092],[33.569349,-16.242821],[33.569068,-16.242822]]]}},{"type":"Feature","properties":{"ano":2015,"camada":"industrial","area_km2":0.0009},"geometry":{"type":"Polygon","coordinates":[[[33.566825,-16.243912],[33.566826,-16.244184],[33.567107,-16.244183],[33.567106,-16.243912],[33.566825,-16.243912]]]}},{"type":"Feature","properties":{"ano":2015,"camada":"industrial","area_km2":0.0009},"geometry":{"type":"Polygon","coordinates":[[[33.564303,-16.245546],[33.564304,-16.245817],[33.564585,-16.245817],[33.564584,-16.245545],[33.564303,-16.245546]]]}},{"type":"Feature","properties":{"ano":2015,"camada":"industrial","area_km2":0.1746},"geometry":{"type":"Polygon","coordinates":[[[33.579447,-16.240081],[33.579448,-16.240624],[33.579168,-16.240625],[33.579168,-16.240896],[33.578046,-16.240899],[33.578051,-16.242797],[33.578612,-16.242796],[33.578616,-16.244152],[33.579739,-16.244149],[33.579741,-16.244691],[33.580583,-16.244689],[33.580585,-16.245231],[33.580865,-16.24523],[33.580866,-16.245501],[33.581708,-16.245499],[33.581709,-16.24577],[33.582271,-16.245769],[33.582271,-16.24604],[33.582552,-16.246039],[33.582554,-16.246582],[33.583115,-16.24658],[33.583114,-16.246038],[33.583956,-16.246035],[33.583954,-16.245493],[33.583112,-16.245495],[33.58311,-16.244953],[33.582549,-16.244954],[33.582548,-16.244683],[33.582267,-16.244684],[33.582264,-16.243599],[33.581422,-16.243602],[33.581417,-16.241703],[33.581136,-16.241704],[33.581135,-16.241433],[33.580012,-16.241436],[33.58001,-16.240622],[33.579729,-16.240623],[33.579727,-16.240081],[33.579447,-16.240081]]]}},{"type":"Feature","properties":{"ano":2015,"camada":"industrial","area_km2":0.0027},"geometry":{"type":"Polygon","coordinates":[[[33.563184,-16.246905],[33.563185,-16.247176],[33.562904,-16.247177],[33.562905,-16.247448],[33.563467,-16.247447],[33.563465,-16.246904],[33.563184,-16.246905]]]}},{"type":"Feature","properties":{"ano":2015,"camada":"industrial","area_km2":0.0009},"geometry":{"type":"Polygon","coordinates":[[[33.562624,-16.247449],[33.562625,-16.24772],[33.562906,-16.247719],[33.562905,-16.247448],[33.562624,-16.247449]]]}},{"type":"Feature","properties":{"ano":2015,"camada":"industrial","area_km2":0.0369},"geometry":{"type":"Polygon","coordinates":[[[33.563748,-16.247717],[33.56375,-16.24826],[33.56403,-16.248259],[33.564033,-16.249344],[33.564876,-16.249341],[33.564876,-16.249613],[33.565438,-16.249611],[33.565439,-16.249882],[33.565719,-16.249882],[33.565719,-16.24961],[33.566279,-16.249338],[33.566279,-16.249066],[33.565716,-16.248797],[33.565715,-16.248254],[33.565434,-16.248255],[33.565433,-16.247984],[33.563748,-16.247717]]]}},{"type":"Feature","properties":{"ano":2015,"camada":"industrial","area_km2":0.0018},"geometry":{"type":"Polygon","coordinates":[[[33.583686,-16.249562],[33.583687,-16.250104],[33.583968,-16.250103],[33.583966,-16.249561],[33.583686,-16.249562]]]}},{"type":"Feature","properties":{"ano":2015,"camada":"industrial","area_km2":0.0009},"geometry":{"type":"Polygon","coordinates":[[[33.564316,-16.250156],[33.564317,-16.250428],[33.564598,-16.250427],[33.564597,-16.250156],[33.564316,-16.250156]]]}},{"type":"Feature","properties":{"ano":2015,"camada":"industrial","area_km2":0.0009},"geometry":{"type":"Polygon","coordinates":[[[33.585375,-16.251184],[33.585376,-16.251455],[33.585656,-16.251455],[33.585655,-16.251183],[33.585375,-16.251184]]]}},{"type":"Feature","properties":{"ano":2015,"camada":"industrial","area_km2":0.0378},"geometry":{"type":"Polygon","coordinates":[[[33.562628,-16.248805],[33.56263,-16.249347],[33.562349,-16.249348],[33.562353,-16.250704],[33.561792,-16.250977],[33.561796,-16.252333],[33.562918,-16.252059],[33.562917,-16.251516],[33.563477,-16.251243],[33.563475,-16.25043],[33.562913,-16.25016],[33.56291,-16.249075],[33.56319,-16.249075],[33.56319,-16.248804],[33.562628,-16.248805]]]}},{"type":"Feature","properties":{"ano":2015,"camada":"industrial","area_km2":0.0009},"geometry":{"type":"Polygon","coordinates":[[[33.564043,-16.252598],[33.564043,-16.252869],[33.564324,-16.252868],[33.564323,-16.252597],[33.564043,-16.252598]]]}},{"type":"Feature","properties":{"ano":2015,"camada":"industrial","area_km2":0.0153},"geometry":{"type":"Polygon","coordinates":[[[33.556747,-16.253973],[33.557033,-16.2556],[33.557313,-16.255599],[33.557314,-16.25587],[33.557876,-16.255869],[33.557876,-16.25614],[33.558438,-16.256138],[33.558437,-16.255867],[33.558156,-16.255868],[33.558156,-16.255597],[33.557593,-16.255327],[33.557591,-16.254513],[33.55703,-16.254515],[33.557028,-16.253972],[33.556747,-16.253973]]]}}]}