{"type":"FeatureCollection","features":[{"type":"Feature","properties":{"ano":2020,"camada":"urbano","area_km2":0.0018},"geometry":{"type":"Polygon","coordinates":[[[33.599864,-16.028492],[33.599865,-16.029034],[33.600146,-16.029033],[33.600144,-16.028491],[33.599864,-16.028492]]]}},{"type":"Feature","properties":{"ano":2020,"camada":"urbano","area_km2":0.0018},"geometry":{"type":"Polygon","coordinates":[[[33.752411,-16.028282],[33.752413,-16.028824],[33.752693,-16.028823],[33.752691,-16.028281],[33.752411,-16.028282]]]}},{"type":"Feature","properties":{"ano":2020,"camada":"urbano","area_km2":0.0027},"geometry":{"type":"Polygon","coordinates":[[[33.592871,-16.034477],[33.592871,-16.034749],[33.593713,-16.034746],[33.593712,-16.034475],[33.592871,-16.034477]]]}},{"type":"Feature","properties":{"ano":2020,"camada":"urbano","area_km2":0.0036},"geometry":{"type":"Polygon","coordinates":[[[33.720821,-16.055239],[33.721103,-16.05578],[33.721663,-16.055507],[33.721662,-16.055236],[33.720821,-16.055239]]]}},{"type":"Feature","properties":{"ano":2020,"camada":"urbano","area_km2":0.0009},"geometry":{"type":"Polygon","coordinates":[[[33.721383,-16.055779],[33.721384,-16.05605],[33.721665,-16.056049],[33.721664,-16.055778],[33.721383,-16.055779]]]}},{"type":"Feature","properties":{"ano":2020,"camada":"urbano","area_km2":0.0027},"geometry":{"type":"Polygon","coordinates":[[[33.722506,-16.056047],[33.722508,-16.056589],[33.722789,-16.056588],[33.723067,-16.056045],[33.722506,-16.056047]]]}},{"type":"Feature","properties":{"ano":2020,"camada":"urbano","area_km2":0.0018},"geometry":{"type":"Polygon","coordinates":[[[33.61874,-16.057185],[33.618742,-16.057727],[33.619023,-16.057727],[33.619021,-16.057184],[33.61874,-16.057185]]]}},{"type":"Feature","properties":{"ano":2020,"camada":"urbano","area_km2":0.0054},"geometry":{"type":"Polygon","coordinates":[[[33.718301,-16.056603],[33.718302,-16.056874],[33.718022,-16.056875],[33.718024,-16.057418],[33.718304,-16.057417],[33.718303,-16.057145],[33.718864,-16.057144],[33.718862,-16.056601],[33.718301,-16.056603]]]}},{"type":"Feature","properties":{"ano":2020,"camada":"urbano","area_km2":0.0045},"geometry":{"type":"Polygon","coordinates":[[[33.616497,-16.057191],[33.616498,-16.057734],[33.61706,-16.058003],[33.617058,-16.05719],[33.616497,-16.057191]]]}},{"type":"Feature","properties":{"ano":2020,"camada":"urbano","area_km2":0.0018},"geometry":{"type":"Polygon","coordinates":[[[33.717743,-16.057418],[33.717745,-16.057961],[33.718026,-16.05796],[33.718024,-16.057418],[33.717743,-16.057418]]]}},{"type":"Feature","properties":{"ano":2020,"camada":"urbano","area_km2":0.0009},"geometry":{"type":"Polygon","coordinates":[[[33.61706,-16.058003],[33.617061,-16.058275],[33.617341,-16.058274],[33.617341,-16.058003],[33.61706,-16.058003]]]}},{"type":"Feature","properties":{"ano":2020,"camada":"urbano","area_km2":0.0036},"geometry":{"type":"Polygon","coordinates":[[[33.717184,-16.057963],[33.717187,-16.058776],[33.717468,-16.058775],[33.717466,-16.058233],[33.717746,-16.058232],[33.717745,-16.057961],[33.717184,-16.057963]]]}},{"type":"Feature","properties":{"ano":2020,"camada":"urbano","area_km2":0.0009},"geometry":{"type":"Polygon","coordinates":[[[33.720271,-16.058495],[33.720272,-16.058766],[33.720553,-16.058765],[33.720552,-16.058494],[33.720271,-16.058495]]]}},{"type":"Feature","properties":{"ano":2020,"camada":"urbano","area_km2":0.0018},"geometry":{"type":"Polygon","coordinates":[[[33.622398,-16.060971],[33.622399,-16.061242],[33.62296,-16.061241],[33.622959,-16.060969],[33.622398,-16.060971]]]}},{"type":"Feature","properties":{"ano":2020,"camada":"urbano","area_km2":0.0027},"geometry":{"type":"Polygon","coordinates":[[[33.714416,-16.068006],[33.714419,-16.06882],[33.714699,-16.068819],[33.714696,-16.068005],[33.714416,-16.068006]]]}},{"type":"Feature","properties":{"ano":2020,"camada":"urbano","area_km2":0.0198},"geometry":{"type":"Polygon","coordinates":[[[33.978079,-16.073472],[33.978086,-16.074828],[33.978366,-16.074827],[33.978368,-16.075098],[33.979209,-16.075094],[33.979208,-16.074823],[33.979488,-16.074822],[33.979486,-16.074279],[33.979205,-16.074281],[33.979204,-16.074009],[33.978923,-16.074011],[33.97864,-16.07347],[33.978079,-16.073472]]]}},{"type":"Feature","properties":{"ano":2020,"camada":"urbano","area_km2":0.0018},"geometry":{"type":"Polygon","coordinates":[[[33.713886,-16.076686],[33.713887,-16.076957],[33.714448,-16.076955],[33.714447,-16.076684],[33.713886,-16.076686]]]}},{"type":"Feature","properties":{"ano":2020,"camada":"urbano","area_km2":0.0072},"geometry":{"type":"Polygon","coordinates":[[[33.616002,-16.078617],[33.616003,-16.078889],[33.616283,-16.078888],[33.616286,-16.079701],[33.616847,-16.0797],[33.616844,-16.078886],[33.616564,-16.078887],[33.616563,-16.078616],[33.616002,-16.078617]]]}},{"type":"Feature","properties":{"ano":2020,"camada":"urbano","area_km2":0.0018},"geometry":{"type":"Polygon","coordinates":[[[33.971654,-16.078654],[33.971655,-16.078925],[33.972216,-16.078922],[33.972215,-16.078651],[33.971654,-16.078654]]]}},{"type":"Feature","properties":{"ano":2020,"camada":"urbano","area_km2":0.0009},"geometry":{"type":"Polygon","coordinates":[[[33.965767,-16.079223],[33.965768,-16.079494],[33.966048,-16.079493],[33.966047,-16.079222],[33.965767,-16.079223]]]}},{"type":"Feature","properties":{"ano":2020,"camada":"urbano","area_km2":0.0036},"geometry":{"type":"Polygon","coordinates":[[[33.969981,-16.080831],[33.969984,-16.081373],[33.970545,-16.081371],[33.970542,-16.080828],[33.969981,-16.080831]]]}},{"type":"Feature","properties":{"ano":2020,"camada":"urbano","area_km2":0.0144},"geometry":{"type":"Polygon","coordinates":[[[33.968856,-16.080022],[33.968857,-16.080294],[33.968577,-16.080295],[33.968578,-16.080566],[33.968017,-16.080569],[33.968018,-16.08084],[33.968299,-16.080838],[33.9683,-16.08111],[33.96858,-16.081108],[33.968582,-16.081379],[33.969144,-16.081648],[33.969141,-16.081106],[33.968861,-16.081107],[33.96886,-16.080836],[33.969421,-16.080833],[33.969698,-16.08029],[33.969418,-16.080291],[33.969417,-16.08002],[33.968856,-16.080022]]]}},{"type":"Feature","properties":{"ano":2020,"camada":"urbano","area_km2":0.0018},"geometry":{"type":"Polygon","coordinates":[[[33.987093,-16.081295],[33.987095,-16.081837],[33.987376,-16.081836],[33.987373,-16.081294],[33.987093,-16.081295]]]}},{"type":"Feature","properties":{"ano":2020,"camada":"urbano","area_km2":0.009},"geometry":{"type":"Polygon","coordinates":[[[33.964658,-16.08194],[33.96438,-16.082483],[33.96466,-16.082482],[33.964663,-16.083024],[33.965224,-16.083022],[33.965502,-16.082478],[33.965221,-16.082479],[33.965219,-16.081937],[33.964658,-16.08194]]]}},{"type":"Feature","properties":{"ano":2020,"camada":"urbano","area_km2":0.0063},"geometry":{"type":"Polygon","coordinates":[[[33.965501,-16.082207],[33.965502,-16.082478],[33.965782,-16.082477],[33.965785,-16.083019],[33.966347,-16.083288],[33.966343,-16.082474],[33.966063,-16.082476],[33.966061,-16.082204],[33.965501,-16.082207]]]}},{"type":"Feature","properties":{"ano":2020,"camada":"urbano","area_km2":0.0018},"geometry":{"type":"Polygon","coordinates":[[[33.965227,-16.083564],[33.965229,-16.084106],[33.96551,-16.084105],[33.965507,-16.083563],[33.965227,-16.083564]]]}},{"type":"Feature","properties":{"ano":2020,"camada":"urbano","area_km2":0.0027},"geometry":{"type":"Polygon","coordinates":[[[33.916156,-16.086492],[33.916157,-16.086763],[33.916719,-16.087032],[33.916717,-16.086489],[33.916156,-16.086492]]]}},{"type":"Feature","properties":{"ano":2020,"camada":"urbano","area_km2":0.0009},"geometry":{"type":"Polygon","coordinates":[[[33.962717,-16.086558],[33.962718,-16.086829],[33.962999,-16.086828],[33.962997,-16.086557],[33.962717,-16.086558]]]}},{"type":"Feature","properties":{"ano":2020,"camada":"urbano","area_km2":0.0081},"geometry":{"type":"Polygon","coordinates":[[[33.640451,-16.09319],[33.640454,-16.094004],[33.641016,-16.094273],[33.641015,-16.094002],[33.641295,-16.094001],[33.641294,-16.093459],[33.641013,-16.09346],[33.641012,-16.093189],[33.640451,-16.09319]]]}},{"type":"Feature","properties":{"ano":2020,"camada":"urbano","area_km2":0.0027},"geometry":{"type":"Polygon","coordinates":[[[33.704411,-16.094345],[33.704413,-16.094887],[33.704694,-16.094886],[33.704972,-16.094343],[33.704411,-16.094345]]]}},{"type":"Feature","properties":{"ano":2020,"camada":"urbano","area_km2":0.0099},"geometry":{"type":"Polygon","coordinates":[[[33.96387,-16.093061],[33.963871,-16.093333],[33.963591,-16.093334],[33.963313,-16.093877],[33.963593,-16.093876],[33.963595,-16.094147],[33.963875,-16.094146],[33.963874,-16.093875],[33.964715,-16.093871],[33.964714,-16.0936],[33.964434,-16.093601],[33.964431,-16.093059],[33.96387,-16.093061]]]}},{"type":"Feature","properties":{"ano":2020,"camada":"urbano","area_km2":0.0009},"geometry":{"type":"Polygon","coordinates":[[[33.686464,-16.095759],[33.686465,-16.096031],[33.686745,-16.09603],[33.686744,-16.095758],[33.686464,-16.095759]]]}},{"type":"Feature","properties":{"ano":2020,"camada":"urbano","area_km2":0.0117},"geometry":{"type":"Polygon","coordinates":[[[33.963032,-16.093879],[33.963034,-16.09415],[33.962473,-16.094152],[33.962474,-16.094424],[33.961633,-16.094427],[33.961355,-16.094971],[33.962477,-16.094966],[33.962475,-16.094695],[33.963036,-16.094692],[33.963035,-16.094421],[33.963316,-16.09442],[33.963313,-16.093877],[33.963032,-16.093879]]]}},{"type":"Feature","properties":{"ano":2020,"camada":"urbano","area_km2":0.0009},"geometry":{"type":"Polygon","coordinates":[[[33.697124,-16.095996],[33.697125,-16.096267],[33.697405,-16.096266],[33.697404,-16.095995],[33.697124,-16.095996]]]}},{"type":"Feature","properties":{"ano":2020,"camada":"urbano","area_km2":0.0009},"geometry":{"type":"Polygon","coordinates":[[[33.964451,-16.097126],[33.964452,-16.097398],[33.964732,-16.097396],[33.964731,-16.097125],[33.964451,-16.097126]]]}},{"type":"Feature","properties":{"ano":2020,"camada":"urbano","area_km2":0.0036},"geometry":{"type":"Polygon","coordinates":[[[33.963049,-16.097404],[33.963052,-16.097946],[33.963613,-16.097944],[33.96361,-16.097401],[33.963049,-16.097404]]]}},{"type":"Feature","properties":{"ano":2020,"camada":"urbano","area_km2":0.0009},"geometry":{"type":"Polygon","coordinates":[[[33.779323,-16.098424],[33.779324,-16.098695],[33.779605,-16.098694],[33.779604,-16.098423],[33.779323,-16.098424]]]}},{"type":"Feature","properties":{"ano":2020,"camada":"urbano","area_km2":0.0045},"geometry":{"type":"Polygon","coordinates":[[[33.719013,-16.098635],[33.719015,-16.099178],[33.719577,-16.099447],[33.719574,-16.098634],[33.719013,-16.098635]]]}},{"type":"Feature","properties":{"ano":2020,"camada":"urbano","area_km2":0.0036},"geometry":{"type":"Polygon","coordinates":[[[33.697136,-16.099521],[33.697138,-16.100064],[33.697699,-16.100062],[33.697697,-16.09952],[33.697136,-16.099521]]]}},{"type":"Feature","properties":{"ano":2020,"camada":"urbano","area_km2":0.0027},"geometry":{"type":"Polygon","coordinates":[[[33.719577,-16.099447],[33.719578,-16.099718],[33.719298,-16.099719],[33.719299,-16.09999],[33.71986,-16.099989],[33.719858,-16.099446],[33.719577,-16.099447]]]}},{"type":"Feature","properties":{"ano":2020,"camada":"urbano","area_km2":0.0081},"geometry":{"type":"Polygon","coordinates":[[[33.701905,-16.099506],[33.701907,-16.100048],[33.702187,-16.100047],[33.70247,-16.100589],[33.703031,-16.100587],[33.70303,-16.100316],[33.702749,-16.100317],[33.702748,-16.099774],[33.702467,-16.099775],[33.702466,-16.099504],[33.701905,-16.099506]]]}},{"type":"Feature","properties":{"ano":2020,"camada":"urbano","area_km2":0.0036},"geometry":{"type":"Polygon","coordinates":[[[33.718177,-16.099994],[33.718459,-16.100536],[33.71902,-16.100534],[33.718738,-16.099992],[33.718177,-16.099994]]]}},{"type":"Feature","properties":{"ano":2020,"camada":"urbano","area_km2":0.0009},"geometry":{"type":"Polygon","coordinates":[[[33.966987,-16.099556],[33.966988,-16.099827],[33.967269,-16.099825],[33.967267,-16.099554],[33.966987,-16.099556]]]}},{"type":"Feature","properties":{"ano":2020,"camada":"urbano","area_km2":0.0009},"geometry":{"type":"Polygon","coordinates":[[[33.694337,-16.101158],[33.694338,-16.101429],[33.694618,-16.101428],[33.694617,-16.101157],[33.694337,-16.101158]]]}},{"type":"Feature","properties":{"ano":2020,"camada":"urbano","area_km2":0.0009},"geometry":{"type":"Polygon","coordinates":[[[33.696861,-16.10115],[33.696862,-16.101421],[33.697143,-16.10142],[33.697142,-16.101149],[33.696861,-16.10115]]]}},{"type":"Feature","properties":{"ano":2020,"camada":"urbano","area_km2":0.0009},"geometry":{"type":"Polygon","coordinates":[[[33.694618,-16.101428],[33.694619,-16.101699],[33.6949,-16.101698],[33.694899,-16.101427],[33.694618,-16.101428]]]}},{"type":"Feature","properties":{"ano":2020,"camada":"urbano","area_km2":0.0009},"geometry":{"type":"Polygon","coordinates":[[[33.719584,-16.101345],[33.719585,-16.101617],[33.719866,-16.101616],[33.719865,-16.101344],[33.719584,-16.101345]]]}},{"type":"Feature","properties":{"ano":2020,"camada":"urbano","area_km2":0.0027},"geometry":{"type":"Polygon","coordinates":[[[33.719023,-16.101347],[33.719025,-16.10189],[33.719586,-16.101888],[33.719585,-16.101617],[33.719023,-16.101347]]]}},{"type":"Feature","properties":{"ano":2020,"camada":"urbano","area_km2":0.0009},"geometry":{"type":"Polygon","coordinates":[[[33.6733,-16.101767],[33.673301,-16.102039],[33.673581,-16.102038],[33.67358,-16.101767],[33.6733,-16.101767]]]}},{"type":"Feature","properties":{"ano":2020,"camada":"urbano","area_km2":0.0009},"geometry":{"type":"Polygon","coordinates":[[[33.697144,-16.101691],[33.697145,-16.101962],[33.697425,-16.101961],[33.697424,-16.10169],[33.697144,-16.101691]]]}},{"type":"Feature","properties":{"ano":2020,"camada":"urbano","area_km2":0.0036},"geometry":{"type":"Polygon","coordinates":[[[33.701352,-16.101677],[33.701354,-16.10222],[33.701915,-16.102218],[33.701913,-16.101675],[33.701352,-16.101677]]]}},{"type":"Feature","properties":{"ano":2020,"camada":"urbano","area_km2":0.0009},"geometry":{"type":"Polygon","coordinates":[[[33.696864,-16.101963],[33.696865,-16.102234],[33.697146,-16.102233],[33.697145,-16.101962],[33.696864,-16.101963]]]}},{"type":"Feature","properties":{"ano":2020,"camada":"urbano","area_km2":0.0018},"geometry":{"type":"Polygon","coordinates":[[[33.618319,-16.102476],[33.61832,-16.102747],[33.618881,-16.102746],[33.618881,-16.102474],[33.618319,-16.102476]]]}},{"type":"Feature","properties":{"ano":2020,"camada":"urbano","area_km2":0.0018},"geometry":{"type":"Polygon","coordinates":[[[33.706683,-16.102202],[33.706684,-16.102473],[33.707245,-16.102471],[33.707244,-16.1022],[33.706683,-16.102202]]]}},{"type":"Feature","properties":{"ano":2020,"camada":"urbano","area_km2":0.0081},"geometry":{"type":"Polygon","coordinates":[[[33.714256,-16.101906],[33.714258,-16.102448],[33.714819,-16.102446],[33.71482,-16.102717],[33.715101,-16.102716],[33.7151,-16.102445],[33.71566,-16.102172],[33.715659,-16.101901],[33.714817,-16.101904],[33.714818,-16.102175],[33.714256,-16.101906]]]}},{"type":"Feature","properties":{"ano":2020,"camada":"urbano","area_km2":0.0009},"geometry":{"type":"Polygon","coordinates":[[[33.672461,-16.102584],[33.672462,-16.102855],[33.672742,-16.102854],[33.672742,-16.102583],[33.672461,-16.102584]]]}},{"type":"Feature","properties":{"ano":2020,"camada":"urbano","area_km2":0.0063},"geometry":{"type":"Polygon","coordinates":[[[33.715939,-16.1019],[33.71594,-16.102171],[33.71566,-16.102172],[33.715663,-16.102986],[33.716224,-16.102984],[33.71622,-16.101899],[33.715939,-16.1019]]]}},{"type":"Feature","properties":{"ano":2020,"camada":"urbano","area_km2":0.0225},"geometry":{"type":"Polygon","coordinates":[[[33.71762,-16.101081],[33.717621,-16.101352],[33.717901,-16.101351],[33.717904,-16.102165],[33.717344,-16.102438],[33.717346,-16.10298],[33.717907,-16.102978],[33.717906,-16.102707],[33.719028,-16.102703],[33.719026,-16.102161],[33.718746,-16.102162],[33.718743,-16.101348],[33.718462,-16.101349],[33.718461,-16.101078],[33.71762,-16.101081]]]}},{"type":"Feature","properties":{"ano":2020,"camada":"urbano","area_km2":0.0009},"geometry":{"type":"Polygon","coordinates":[[[33.662926,-16.103427],[33.662927,-16.103698],[33.663207,-16.103697],[33.663207,-16.103426],[33.662926,-16.103427]]]}},{"type":"Feature","properties":{"ano":2020,"camada":"urbano","area_km2":0.0018},"geometry":{"type":"Polygon","coordinates":[[[33.663207,-16.103697],[33.663208,-16.103969],[33.663769,-16.103967],[33.663768,-16.103696],[33.663207,-16.103697]]]}},{"type":"Feature","properties":{"ano":2020,"camada":"urbano","area_km2":0.0036},"geometry":{"type":"Polygon","coordinates":[[[33.772051,-16.103874],[33.772053,-16.104417],[33.772614,-16.104415],[33.772612,-16.103872],[33.772051,-16.103874]]]}},{"type":"Feature","properties":{"ano":2020,"camada":"urbano","area_km2":0.0018},"geometry":{"type":"Polygon","coordinates":[[[33.651709,-16.104546],[33.65171,-16.104818],[33.652271,-16.104816],[33.65227,-16.104545],[33.651709,-16.104546]]]}},{"type":"Feature","properties":{"ano":2020,"camada":"urbano","area_km2":0.0009},"geometry":{"type":"Polygon","coordinates":[[[33.770932,-16.104692],[33.770933,-16.104963],[33.771213,-16.104962],[33.771212,-16.104691],[33.770932,-16.104692]]]}},{"type":"Feature","properties":{"ano":2020,"camada":"urbano","area_km2":0.0009},"geometry":{"type":"Polygon","coordinates":[[[33.771213,-16.104962],[33.771214,-16.105233],[33.771495,-16.105232],[33.771494,-16.104961],[33.771213,-16.104962]]]}},{"type":"Feature","properties":{"ano":2020,"camada":"urbano","area_km2":0.018},"geometry":{"type":"Polygon","coordinates":[[[33.702483,-16.104385],[33.702484,-16.104657],[33.701924,-16.10493],[33.701926,-16.105472],[33.702207,-16.105471],[33.702207,-16.105742],[33.703049,-16.10574],[33.703047,-16.105197],[33.703607,-16.104924],[33.703605,-16.104382],[33.703044,-16.104384],[33.703045,-16.104655],[33.702483,-16.104385]]]}},{"type":"Feature","properties":{"ano":2020,"camada":"urbano","area_km2":0.0054},"geometry":{"type":"Polygon","coordinates":[[[33.704451,-16.105464],[33.704172,-16.106007],[33.704453,-16.106006],[33.704454,-16.106277],[33.705015,-16.106275],[33.705013,-16.105733],[33.704451,-16.105464]]]}},{"type":"Feature","properties":{"ano":2020,"camada":"urbano","area_km2":0.0009},"geometry":{"type":"Polygon","coordinates":[[[33.618892,-16.106271],[33.618893,-16.106542],[33.619174,-16.106542],[33.619173,-16.10627],[33.618892,-16.106271]]]}},{"type":"Feature","properties":{"ano":2020,"camada":"urbano","area_km2":0.0009},"geometry":{"type":"Polygon","coordinates":[[[33.689024,-16.106056],[33.689025,-16.106328],[33.689305,-16.106327],[33.689304,-16.106056],[33.689024,-16.106056]]]}},{"type":"Feature","properties":{"ano":2020,"camada":"urbano","area_km2":0.0234},"geometry":{"type":"Polygon","coordinates":[[[33.696593,-16.104676],[33.696594,-16.104947],[33.696314,-16.104948],[33.696315,-16.105219],[33.696595,-16.105218],[33.696597,-16.105761],[33.696878,-16.10576],[33.696878,-16.106031],[33.69744,-16.106029],[33.697722,-16.106571],[33.698283,-16.106569],[33.698282,-16.106298],[33.698563,-16.106297],[33.69856,-16.105483],[33.698279,-16.105484],[33.69828,-16.105755],[33.697719,-16.105757],[33.697717,-16.105215],[33.697437,-16.105216],[33.697154,-16.104674],[33.696593,-16.104676]],[[33.698001,-16.106027],[33.698281,-16.106026],[33.698282,-16.106298],[33.698002,-16.106298],[33.698001,-16.106027]]]}},{"type":"Feature","properties":{"ano":2020,"camada":"urbano","area_km2":0.045},"geometry":{"type":"Polygon","coordinates":[[[33.715101,-16.102716],[33.714822,-16.10326],[33.714261,-16.103262],[33.714264,-16.104075],[33.714826,-16.104345],[33.71483,-16.105429],[33.715111,-16.105428],[33.715112,-16.1057],[33.714551,-16.105973],[33.714834,-16.106514],[33.715394,-16.106241],[33.715392,-16.105699],[33.716795,-16.105694],[33.716793,-16.105151],[33.716232,-16.105153],[33.71623,-16.104611],[33.716791,-16.104609],[33.716789,-16.104067],[33.716508,-16.104068],[33.716507,-16.103796],[33.715946,-16.103798],[33.715949,-16.104612],[33.715669,-16.104613],[33.715671,-16.105155],[33.71511,-16.105157],[33.715105,-16.103801],[33.715385,-16.1038],[33.715383,-16.103258],[33.715664,-16.103257],[33.715663,-16.102986],[33.715101,-16.102716]],[[33.714822,-16.10326],[33.715103,-16.103259],[33.715104,-16.10353],[33.714823,-16.103531],[33.714822,-16.10326]]]}},{"type":"Feature","properties":{"ano":2020,"camada":"urbano","area_km2":0.0054},"geometry":{"type":"Polygon","coordinates":[[[33.651994,-16.105901],[33.651996,-16.106715],[33.652558,-16.106985],[33.652556,-16.106171],[33.651994,-16.105901]]]}},{"type":"Feature","properties":{"ano":2020,"camada":"urbano","area_km2":0.0144},"geometry":{"type":"Polygon","coordinates":[[[33.615245,-16.10601],[33.615245,-16.106282],[33.614965,-16.106282],[33.614968,-16.107367],[33.615249,-16.107366],[33.615528,-16.106823],[33.615808,-16.106822],[33.615809,-16.107094],[33.61637,-16.107092],[33.616368,-16.10655],[33.616649,-16.106549],[33.616648,-16.106278],[33.615806,-16.10628],[33.615806,-16.106009],[33.615245,-16.10601]],[[33.615246,-16.106553],[33.615527,-16.106552],[33.615528,-16.106823],[33.615247,-16.106824],[33.615246,-16.106553]],[[33.615807,-16.106551],[33.616088,-16.10655],[33.616089,-16.106822],[33.615808,-16.106822],[33.615807,-16.106551]]]}},{"type":"Feature","properties":{"ano":2020,"camada":"urbano","area_km2":0.0009},"geometry":{"type":"Polygon","coordinates":[[[33.697442,-16.106843],[33.697443,-16.107114],[33.697724,-16.107113],[33.697723,-16.106842],[33.697442,-16.106843]]]}},{"type":"Feature","properties":{"ano":2020,"camada":"urbano","area_km2":0.0117},"geometry":{"type":"Polygon","coordinates":[[[33.614127,-16.10737],[33.614127,-16.107641],[33.613847,-16.107642],[33.614129,-16.108183],[33.615813,-16.10845],[33.615812,-16.108178],[33.615251,-16.10818],[33.61525,-16.107638],[33.614408,-16.10764],[33.614407,-16.107369],[33.614127,-16.10737]]]}},{"type":"Feature","properties":{"ano":2020,"camada":"urbano","area_km2":0.081},"geometry":{"type":"Polygon","coordinates":[[[33.633753,-16.103787],[33.633753,-16.104058],[33.633473,-16.104059],[33.633194,-16.104602],[33.632633,-16.104604],[33.632634,-16.104875],[33.632353,-16.104876],[33.632355,-16.105418],[33.633478,-16.105686],[33.63348,-16.106228],[33.633199,-16.106229],[33.6332,-16.1065],[33.633481,-16.1065],[33.633481,-16.106771],[33.634043,-16.106769],[33.634044,-16.107311],[33.633764,-16.107312],[33.633765,-16.107855],[33.634046,-16.107854],[33.634047,-16.108125],[33.633766,-16.108126],[33.633767,-16.108397],[33.634609,-16.108395],[33.634608,-16.108123],[33.635168,-16.107851],[33.635165,-16.107037],[33.634885,-16.107038],[33.634884,-16.106767],[33.636007,-16.107034],[33.636004,-16.10595],[33.635723,-16.105951],[33.635722,-16.105679],[33.635442,-16.10568],[33.635159,-16.105139],[33.634879,-16.105139],[33.634881,-16.105682],[33.63432,-16.105683],[33.634319,-16.105412],[33.634038,-16.105413],[33.634037,-16.105142],[33.634318,-16.105141],[33.634314,-16.104056],[33.633753,-16.103787]],[[33.633477,-16.105415],[33.633758,-16.105414],[33.633759,-16.105685],[33.633478,-16.105686],[33.633477,-16.105415]],[[33.634882,-16.105953],[33.635443,-16.105951],[33.635443,-16.106223],[33.635163,-16.106223],[33.635164,-16.106495],[33.634603,-16.106496],[33.634882,-16.105953]],[[33.634326,-16.107582],[33.634606,-16.107581],[33.634607,-16.107852],[33.634326,-16.107853],[33.634326,-16.107582]]]}},{"type":"Feature","properties":{"ano":2020,"camada":"urbano","area_km2":0.0072},"geometry":{"type":"Polygon","coordinates":[[[33.695204,-16.108477],[33.695205,-16.108748],[33.694924,-16.108749],[33.694925,-16.10902],[33.694364,-16.109022],[33.694365,-16.109293],[33.694926,-16.109292],[33.694927,-16.109563],[33.695208,-16.109562],[33.695207,-16.109291],[33.695487,-16.10929],[33.695484,-16.108476],[33.695204,-16.108477]]]}},{"type":"Feature","properties":{"ano":2020,"camada":"urbano","area_km2":0.0873},"geometry":{"type":"Polygon","coordinates":[[[33.619453,-16.106269],[33.619737,-16.107353],[33.619457,-16.107354],[33.619458,-16.107625],[33.618897,-16.107898],[33.618896,-16.107627],[33.618616,-16.107628],[33.618614,-16.107086],[33.618334,-16.107086],[33.618335,-16.107358],[33.618054,-16.107358],[33.618057,-16.108172],[33.617776,-16.108173],[33.617779,-16.109258],[33.618902,-16.109254],[33.618902,-16.109525],[33.620305,-16.109521],[33.620587,-16.110063],[33.621148,-16.110061],[33.621144,-16.108705],[33.620864,-16.108706],[33.620861,-16.107893],[33.620581,-16.107893],[33.620576,-16.106537],[33.620296,-16.106538],[33.620295,-16.106267],[33.619453,-16.106269]]]}},{"type":"Feature","properties":{"ano":2020,"camada":"urbano","area_km2":0.0072},"geometry":{"type":"Polygon","coordinates":[[[33.659859,-16.109132],[33.65986,-16.109403],[33.659579,-16.109404],[33.659581,-16.109946],[33.660423,-16.109943],[33.66042,-16.10913],[33.659859,-16.109132]]]}},{"type":"Feature","properties":{"ano":2020,"camada":"urbano","area_km2":0.0027},"geometry":{"type":"Polygon","coordinates":[[[33.657898,-16.109951],[33.657899,-16.110222],[33.658741,-16.11022],[33.65874,-16.109949],[33.657898,-16.109951]]]}},{"type":"Feature","properties":{"ano":2020,"camada":"urbano","area_km2":0.0072},"geometry":{"type":"Polygon","coordinates":[[[33.70166,-16.109541],[33.701663,-16.110354],[33.701943,-16.110353],[33.701944,-16.110625],[33.702505,-16.110623],[33.702503,-16.11008],[33.702223,-16.110081],[33.702222,-16.10981],[33.70166,-16.109541]]]}},{"type":"Feature","properties":{"ano":2020,"camada":"urbano","area_km2":0.0045},"geometry":{"type":"Polygon","coordinates":[[[33.644996,-16.110804],[33.645279,-16.111346],[33.64584,-16.111344],[33.645838,-16.110802],[33.644996,-16.110804]]]}},{"type":"Feature","properties":{"ano":2020,"camada":"urbano","area_km2":0.0054},"geometry":{"type":"Polygon","coordinates":[[[33.702505,-16.110623],[33.702507,-16.111165],[33.703069,-16.111435],[33.703348,-16.110891],[33.703067,-16.110892],[33.703066,-16.110621],[33.702505,-16.110623]]]}},{"type":"Feature","properties":{"ano":2020,"camada":"urbano","area_km2":0.0009},"geometry":{"type":"Polygon","coordinates":[[[33.654256,-16.111318],[33.654256,-16.11159],[33.654537,-16.111589],[33.654536,-16.111318],[33.654256,-16.111318]]]}},{"type":"Feature","properties":{"ano":2020,"camada":"urbano","area_km2":0.0027},"geometry":{"type":"Polygon","coordinates":[[[33.580475,-16.111532],[33.580476,-16.112074],[33.581037,-16.112073],[33.581037,-16.111801],[33.580475,-16.111532]]]}},{"type":"Feature","properties":{"ano":2020,"camada":"urbano","area_km2":0.0027},"geometry":{"type":"Polygon","coordinates":[[[33.653695,-16.11132],[33.653696,-16.111863],[33.654257,-16.111861],[33.654256,-16.11159],[33.653695,-16.11132]]]}},{"type":"Feature","properties":{"ano":2020,"camada":"urbano","area_km2":0.0225},"geometry":{"type":"Polygon","coordinates":[[[33.618626,-16.110882],[33.618628,-16.111425],[33.618908,-16.111424],[33.618909,-16.111695],[33.618629,-16.111696],[33.61863,-16.112238],[33.619472,-16.112236],[33.61947,-16.111693],[33.620031,-16.111692],[33.620032,-16.111963],[33.620592,-16.11169],[33.620591,-16.111148],[33.62031,-16.111149],[33.620309,-16.110877],[33.619187,-16.110881],[33.619188,-16.111152],[33.618626,-16.110882]]]}},{"type":"Feature","properties":{"ano":2020,"camada":"urbano","area_km2":0.0027},"geometry":{"type":"Polygon","coordinates":[[[33.619752,-16.111964],[33.619752,-16.112235],[33.619472,-16.112236],[33.619473,-16.112507],[33.620034,-16.112505],[33.620032,-16.111963],[33.619752,-16.111964]]]}},{"type":"Feature","properties":{"ano":2020,"camada":"urbano","area_km2":0.0018},"geometry":{"type":"Polygon","coordinates":[[[33.691569,-16.112014],[33.691571,-16.112557],[33.691852,-16.112556],[33.69185,-16.112014],[33.691569,-16.112014]]]}},{"type":"Feature","properties":{"ano":2020,"camada":"urbano","area_km2":0.0018},"geometry":{"type":"Polygon","coordinates":[[[33.703072,-16.112248],[33.703074,-16.11279],[33.703354,-16.11279],[33.703353,-16.112247],[33.703072,-16.112248]]]}},{"type":"Feature","properties":{"ano":2020,"camada":"urbano","area_km2":0.045},"geometry":{"type":"Polygon","coordinates":[[[33.687632,-16.109315],[33.687646,-16.113383],[33.687927,-16.113382],[33.687926,-16.113111],[33.688768,-16.113108],[33.688761,-16.11121],[33.688481,-16.111211],[33.688479,-16.110668],[33.688759,-16.110668],[33.688756,-16.109854],[33.687632,-16.109315]],[[33.688196,-16.110127],[33.688477,-16.110126],[33.688478,-16.110397],[33.688197,-16.110398],[33.688196,-16.110127]]]}},{"type":"Feature","properties":{"ano":2020,"camada":"urbano","area_km2":0.0036},"geometry":{"type":"Polygon","coordinates":[[[33.744591,-16.112379],[33.744595,-16.113192],[33.744875,-16.113191],[33.745154,-16.112648],[33.744591,-16.112379]]]}},{"type":"Feature","properties":{"ano":2020,"camada":"urbano","area_km2":0.0009},"geometry":{"type":"Polygon","coordinates":[[[33.60124,-16.113373],[33.601241,-16.113644],[33.601522,-16.113643],[33.601521,-16.113372],[33.60124,-16.113373]]]}},{"type":"Feature","properties":{"ano":2020,"camada":"urbano","area_km2":0.0018},"geometry":{"type":"Polygon","coordinates":[[[33.692415,-16.113096],[33.692416,-16.113368],[33.692977,-16.113366],[33.692976,-16.113095],[33.692415,-16.113096]]]}},{"type":"Feature","properties":{"ano":2020,"camada":"urbano","area_km2":0.0009},"geometry":{"type":"Polygon","coordinates":[[[33.698867,-16.113075],[33.698868,-16.113347],[33.699148,-16.113346],[33.699147,-16.113075],[33.698867,-16.113075]]]}},{"type":"Feature","properties":{"ano":2020,"camada":"urbano","area_km2":0.0018},"geometry":{"type":"Polygon","coordinates":[[[33.694659,-16.113089],[33.694661,-16.113632],[33.694941,-16.113631],[33.694939,-16.113088],[33.694659,-16.113089]]]}},{"type":"Feature","properties":{"ano":2020,"camada":"urbano","area_km2":0.0009},"geometry":{"type":"Polygon","coordinates":[[[33.60096,-16.113645],[33.600961,-16.113916],[33.601242,-16.113915],[33.601241,-16.113644],[33.60096,-16.113645]]]}},{"type":"Feature","properties":{"ano":2020,"camada":"urbano","area_km2":0.0009},"geometry":{"type":"Polygon","coordinates":[[[33.71065,-16.113308],[33.710651,-16.113579],[33.710932,-16.113578],[33.710931,-16.113307],[33.71065,-16.113308]]]}},{"type":"Feature","properties":{"ano":2020,"camada":"urbano","area_km2":0.0027},"geometry":{"type":"Polygon","coordinates":[[[33.649775,-16.113773],[33.649776,-16.114044],[33.650338,-16.114314],[33.650336,-16.113771],[33.649775,-16.113773]]]}},{"type":"Feature","properties":{"ano":2020,"camada":"urbano","area_km2":0.0018},"geometry":{"type":"Polygon","coordinates":[[[33.710372,-16.113851],[33.710373,-16.114122],[33.710934,-16.11412],[33.710933,-16.113849],[33.710372,-16.113851]]]}},{"type":"Feature","properties":{"ano":2020,"camada":"urbano","area_km2":0.0009},"geometry":{"type":"Polygon","coordinates":[[[33.569262,-16.114545],[33.569263,-16.114816],[33.569543,-16.114816],[33.569542,-16.114544],[33.569262,-16.114545]]]}},{"type":"Feature","properties":{"ano":2020,"camada":"urbano","area_km2":0.0009},"geometry":{"type":"Polygon","coordinates":[[[33.700273,-16.114156],[33.700274,-16.114427],[33.700555,-16.114426],[33.700554,-16.114155],[33.700273,-16.114156]]]}},{"type":"Feature","properties":{"ano":2020,"camada":"urbano","area_km2":0.0162},"geometry":{"type":"Polygon","coordinates":[[[33.689329,-16.113106],[33.68933,-16.113378],[33.688769,-16.113379],[33.68877,-16.113922],[33.68849,-16.113923],[33.688491,-16.114194],[33.688771,-16.114193],[33.688773,-16.114735],[33.689334,-16.114734],[33.689333,-16.114462],[33.689614,-16.114462],[33.689611,-16.113648],[33.689892,-16.113647],[33.68989,-16.113105],[33.689329,-16.113106]]]}},{"type":"Feature","properties":{"ano":2020,"camada":"urbano","area_km2":0.6867},"geometry":{"type":"Polygon","coordinates":[[[33.699964,-16.106021],[33.699965,-16.106292],[33.699685,-16.106293],[33.699687,-16.106835],[33.699406,-16.106836],[33.699408,-16.107379],[33.69997,-16.107648],[33.699971,-16.107919],[33.69969,-16.10792],[33.699694,-16.109005],[33.699414,-16.109006],[33.699413,-16.108735],[33.698571,-16.108737],[33.69857,-16.108466],[33.69829,-16.108467],[33.698291,-16.108738],[33.69801,-16.108739],[33.698012,-16.109282],[33.697731,-16.109282],[33.697734,-16.110096],[33.697454,-16.110097],[33.697455,-16.110368],[33.697735,-16.110367],[33.698018,-16.110909],[33.69914,-16.110905],[33.699141,-16.111176],[33.700824,-16.111171],[33.700823,-16.1109],[33.700542,-16.1109],[33.700541,-16.110358],[33.700821,-16.110357],[33.70082,-16.110086],[33.70054,-16.110087],[33.700539,-16.109816],[33.699978,-16.109818],[33.699974,-16.108733],[33.700254,-16.108732],[33.700255,-16.109003],[33.700816,-16.109001],[33.700815,-16.10873],[33.701657,-16.108727],[33.701655,-16.108185],[33.701374,-16.108186],[33.701653,-16.107642],[33.701934,-16.107642],[33.702216,-16.108183],[33.703058,-16.10818],[33.703059,-16.108451],[33.70362,-16.10845],[33.703623,-16.109263],[33.703903,-16.109262],[33.703626,-16.110348],[33.703907,-16.110347],[33.704189,-16.110888],[33.70475,-16.110887],[33.704749,-16.110615],[33.705311,-16.110885],[33.705312,-16.111156],[33.705032,-16.111157],[33.705034,-16.111699],[33.704753,-16.1117],[33.704755,-16.112243],[33.704475,-16.112243],[33.704476,-16.112515],[33.703915,-16.112517],[33.703636,-16.11306],[33.703075,-16.113062],[33.703074,-16.11279],[33.702512,-16.112521],[33.702511,-16.11225],[33.703072,-16.112248],[33.70307,-16.111706],[33.702509,-16.111708],[33.70251,-16.111979],[33.702229,-16.11198],[33.701951,-16.112523],[33.70139,-16.112525],[33.701393,-16.113338],[33.701112,-16.113339],[33.70111,-16.112797],[33.70083,-16.112798],[33.700831,-16.113069],[33.70055,-16.11307],[33.700554,-16.114155],[33.701115,-16.114153],[33.701397,-16.114694],[33.701678,-16.114693],[33.701676,-16.114151],[33.701957,-16.11415],[33.701956,-16.113879],[33.702236,-16.113878],[33.702519,-16.114419],[33.70336,-16.114417],[33.703359,-16.114145],[33.70364,-16.114145],[33.703638,-16.113602],[33.704199,-16.1136],[33.704481,-16.114142],[33.705042,-16.11414],[33.705045,-16.114954],[33.705606,-16.114952],[33.705605,-16.11468],[33.705886,-16.11468],[33.705882,-16.113595],[33.707566,-16.11386],[33.707564,-16.113318],[33.707845,-16.113317],[33.707842,-16.112504],[33.708403,-16.112502],[33.708401,-16.111959],[33.708121,-16.11196],[33.70812,-16.111689],[33.709522,-16.111684],[33.709521,-16.111413],[33.709802,-16.111412],[33.709801,-16.111141],[33.70952,-16.111142],[33.709518,-16.1106],[33.71008,-16.110869],[33.710077,-16.109784],[33.710357,-16.109783],[33.710356,-16.109512],[33.710637,-16.109511],[33.710636,-16.10924],[33.711196,-16.108967],[33.711194,-16.108425],[33.710633,-16.108426],[33.710634,-16.108698],[33.710353,-16.108698],[33.710351,-16.108156],[33.710912,-16.108154],[33.710911,-16.107883],[33.710631,-16.107884],[33.710348,-16.107343],[33.710068,-16.107343],[33.710069,-16.107615],[33.709788,-16.107616],[33.70979,-16.108158],[33.70951,-16.108159],[33.709508,-16.107617],[33.708946,-16.107347],[33.708944,-16.106805],[33.707822,-16.106809],[33.707539,-16.106267],[33.707259,-16.106268],[33.70726,-16.106539],[33.706418,-16.106542],[33.706136,-16.106001],[33.705294,-16.106003],[33.705016,-16.106547],[33.704174,-16.106549],[33.704175,-16.106821],[33.703614,-16.106822],[33.703331,-16.106281],[33.701929,-16.106286],[33.70193,-16.106557],[33.701649,-16.106558],[33.701648,-16.106287],[33.699964,-16.106021]],[[33.702491,-16.106555],[33.702771,-16.106554],[33.702773,-16.107096],[33.702493,-16.107097],[33.702491,-16.106555]],[[33.705296,-16.106546],[33.705857,-16.106544],[33.705859,-16.107086],[33.705579,-16.107087],[33.705296,-16.106546]],[[33.703053,-16.106824],[33.703333,-16.106823],[33.703334,-16.107095],[33.703054,-16.107095],[33.703053,-16.106824]],[[33.703615,-16.107094],[33.703895,-16.107093],[33.703896,-16.107364],[33.703616,-16.107365],[33.703615,-16.107094]],[[33.703897,-16.107635],[33.704458,-16.107633],[33.70446,-16.108176],[33.703899,-16.108177],[33.703897,-16.107635]],[[33.705027,-16.109801],[33.705308,-16.1098],[33.705309,-16.110071],[33.705028,-16.110072],[33.705027,-16.109801]],[[33.705872,-16.110612],[33.706152,-16.110611],[33.706153,-16.110882],[33.705872,-16.110883],[33.705872,-16.110612]],[[33.707555,-16.110606],[33.708116,-16.110604],[33.708117,-16.110875],[33.707556,-16.110877],[33.707555,-16.110606]],[[33.707275,-16.110878],[33.707556,-16.110877],[33.707557,-16.111149],[33.707276,-16.111149],[33.707275,-16.110878]],[[33.708958,-16.110873],[33.709239,-16.110872],[33.70924,-16.111143],[33.708959,-16.111144],[33.708958,-16.110873]],[[33.706155,-16.111424],[33.706435,-16.111423],[33.706436,-16.111695],[33.706156,-16.111696],[33.706155,-16.111424]],[[33.705596,-16.111969],[33.705876,-16.111968],[33.705877,-16.112239],[33.705597,-16.11224],[33.705596,-16.111969]],[[33.706437,-16.111966],[33.706718,-16.111965],[33.706719,-16.112236],[33.706438,-16.112237],[33.706437,-16.111966]],[[33.701672,-16.113066],[33.702794,-16.113063],[33.702796,-16.113605],[33.701955,-16.113608],[33.701672,-16.113066]],[[33.7056,-16.113053],[33.70588,-16.113052],[33.705881,-16.113324],[33.705601,-16.113325],[33.7056,-16.113053]],[[33.704479,-16.113599],[33.70476,-16.113598],[33.704761,-16.11387],[33.70448,-16.113871],[33.704479,-16.113599]]]}},{"type":"Feature","properties":{"ano":2020,"camada":"urbano","area_km2":0.009},"geometry":{"type":"Polygon","coordinates":[[[33.691016,-16.114186],[33.691018,-16.114728],[33.691298,-16.114727],[33.691299,-16.114998],[33.69186,-16.114997],[33.691859,-16.114725],[33.69214,-16.114725],[33.692138,-16.114182],[33.691016,-16.114186]]]}},{"type":"Feature","properties":{"ano":2020,"camada":"urbano","area_km2":0.0009},"geometry":{"type":"Polygon","coordinates":[[[33.69214,-16.114725],[33.692141,-16.114996],[33.692421,-16.114995],[33.69242,-16.114724],[33.69214,-16.114725]]]}},{"type":"Feature","properties":{"ano":2020,"camada":"urbano","area_km2":0.0009},"geometry":{"type":"Polygon","coordinates":[[[33.701117,-16.114695],[33.701118,-16.114966],[33.701398,-16.114966],[33.701397,-16.114694],[33.701117,-16.114695]]]}},{"type":"Feature","properties":{"ano":2020,"camada":"urbano","area_km2":0.0054},"geometry":{"type":"Polygon","coordinates":[[[33.648936,-16.114589],[33.648937,-16.11486],[33.648656,-16.114861],[33.648378,-16.115404],[33.649219,-16.115402],[33.649217,-16.114588],[33.648936,-16.114589]]]}},{"type":"Feature","properties":{"ano":2020,"camada":"urbano","area_km2":0.0009},"geometry":{"type":"Polygon","coordinates":[[[33.649499,-16.11513],[33.6495,-16.115401],[33.64978,-16.1154],[33.649779,-16.115129],[33.649499,-16.11513]]]}},{"type":"Feature","properties":{"ano":2020,"camada":"urbano","area_km2":0.0009},"geometry":{"type":"Polygon","coordinates":[[[33.69186,-16.114997],[33.691861,-16.115268],[33.692142,-16.115267],[33.692141,-16.114996],[33.69186,-16.114997]]]}},{"type":"Feature","properties":{"ano":2020,"camada":"urbano","area_km2":0.0054},"geometry":{"type":"Polygon","coordinates":[[[33.610503,-16.114974],[33.610504,-16.115245],[33.610784,-16.115244],[33.611067,-16.115786],[33.611628,-16.115784],[33.611627,-16.115513],[33.611346,-16.115514],[33.611064,-16.114972],[33.610503,-16.114974]]]}},{"type":"Feature","properties":{"ano":2020,"camada":"urbano","area_km2":0.0063},"geometry":{"type":"Polygon","coordinates":[[[33.569263,-16.115087],[33.569264,-16.115359],[33.568984,-16.115359],[33.568985,-16.115902],[33.569546,-16.1159],[33.569545,-16.115629],[33.569826,-16.115628],[33.569824,-16.115086],[33.569263,-16.115087]]]}},{"type":"Feature","properties":{"ano":2020,"camada":"urbano","area_km2":0.0009},"geometry":{"type":"Polygon","coordinates":[[[33.648097,-16.115405],[33.648098,-16.115676],[33.648378,-16.115675],[33.648378,-16.115404],[33.648097,-16.115405]]]}},{"type":"Feature","properties":{"ano":2020,"camada":"urbano","area_km2":0.0009},"geometry":{"type":"Polygon","coordinates":[[[33.649219,-16.115402],[33.64922,-16.115673],[33.649501,-16.115672],[33.6495,-16.115401],[33.649219,-16.115402]]]}},{"type":"Feature","properties":{"ano":2020,"camada":"urbano","area_km2":0.0774},"geometry":{"type":"Polygon","coordinates":[[[33.695218,-16.112545],[33.695502,-16.113629],[33.695222,-16.11363],[33.695223,-16.113901],[33.694663,-16.114174],[33.694665,-16.114716],[33.695227,-16.114986],[33.695229,-16.115799],[33.69579,-16.115797],[33.696069,-16.115254],[33.69663,-16.115252],[33.696632,-16.115795],[33.698035,-16.11579],[33.698032,-16.114977],[33.698312,-16.114976],[33.698311,-16.114704],[33.698872,-16.114431],[33.69887,-16.113889],[33.698028,-16.113892],[33.698029,-16.114163],[33.697187,-16.114166],[33.697186,-16.113895],[33.696906,-16.113895],[33.696907,-16.114167],[33.696626,-16.114168],[33.696624,-16.113625],[33.696344,-16.113626],[33.696341,-16.112813],[33.696061,-16.112813],[33.69606,-16.112542],[33.695218,-16.112545]],[[33.695223,-16.113901],[33.696064,-16.113898],[33.696066,-16.114441],[33.695505,-16.114442],[33.695223,-16.113901]],[[33.695225,-16.114443],[33.695505,-16.114442],[33.695506,-16.114714],[33.695226,-16.114715],[33.695225,-16.114443]],[[33.696347,-16.11444],[33.696627,-16.114439],[33.696629,-16.114981],[33.696349,-16.114982],[33.696347,-16.11444]]]}},{"type":"Feature","properties":{"ano":2020,"camada":"urbano","area_km2":0.0018},"geometry":{"type":"Polygon","coordinates":[[[33.639682,-16.115702],[33.639683,-16.115973],[33.640244,-16.115971],[33.640243,-16.1157],[33.639682,-16.115702]]]}},{"type":"Feature","properties":{"ano":2020,"camada":"urbano","area_km2":0.0009},"geometry":{"type":"Polygon","coordinates":[[[33.69074,-16.115543],[33.690741,-16.115814],[33.691021,-16.115813],[33.69102,-16.115542],[33.69074,-16.115543]]]}},{"type":"Feature","properties":{"ano":2020,"camada":"urbano","area_km2":0.018},"geometry":{"type":"Polygon","coordinates":[[[33.699994,-16.114428],[33.699995,-16.114699],[33.699434,-16.114701],[33.699435,-16.114972],[33.699154,-16.114973],[33.699156,-16.115515],[33.699718,-16.115785],[33.699715,-16.114971],[33.699996,-16.11497],[33.699997,-16.115241],[33.700277,-16.11524],[33.699998,-16.115784],[33.701121,-16.11578],[33.701119,-16.115238],[33.700838,-16.115239],[33.700837,-16.114967],[33.700557,-16.114968],[33.700556,-16.114697],[33.699994,-16.114428]]]}},{"type":"Feature","properties":{"ano":2020,"camada":"urbano","area_km2":0.0144},"geometry":{"type":"Polygon","coordinates":[[[33.601525,-16.114728],[33.60153,-16.116355],[33.602091,-16.116353],[33.60209,-16.116082],[33.602371,-16.116081],[33.602367,-16.114997],[33.602087,-16.114997],[33.602086,-16.114726],[33.601525,-16.114728]]]}},{"type":"Feature","properties":{"ano":2020,"camada":"urbano","area_km2":0.6327},"geometry":{"type":"Polygon","coordinates":[[[33.645801,-16.099412],[33.645803,-16.099954],[33.645522,-16.099955],[33.645523,-16.100226],[33.644963,-16.100499],[33.644965,-16.101041],[33.644684,-16.101042],[33.644689,-16.102398],[33.64525,-16.102668],[33.645251,-16.102939],[33.644971,-16.10294],[33.644972,-16.103211],[33.645252,-16.10321],[33.645253,-16.103481],[33.644973,-16.103482],[33.644974,-16.104024],[33.645255,-16.104024],[33.645256,-16.104295],[33.646097,-16.104292],[33.646098,-16.104563],[33.645818,-16.104564],[33.645819,-16.104835],[33.645257,-16.104837],[33.645261,-16.105922],[33.645542,-16.105921],[33.645542,-16.106192],[33.645262,-16.106193],[33.645264,-16.107007],[33.644703,-16.107008],[33.644704,-16.10728],[33.644424,-16.10728],[33.644425,-16.107552],[33.643864,-16.107824],[33.643867,-16.108638],[33.643587,-16.108639],[33.643591,-16.109995],[33.644713,-16.109991],[33.644714,-16.110263],[33.645276,-16.110532],[33.645275,-16.110261],[33.645556,-16.11026],[33.645553,-16.109447],[33.645272,-16.109447],[33.645272,-16.109176],[33.646393,-16.108902],[33.646394,-16.109173],[33.646674,-16.109172],[33.646675,-16.109443],[33.646956,-16.109442],[33.646956,-16.109714],[33.647518,-16.109983],[33.647521,-16.110797],[33.647241,-16.110797],[33.647242,-16.11134],[33.646682,-16.111613],[33.646685,-16.112426],[33.646404,-16.112427],[33.646406,-16.11297],[33.646125,-16.11297],[33.646126,-16.113242],[33.645846,-16.113242],[33.645847,-16.113514],[33.645566,-16.113514],[33.645567,-16.113786],[33.645007,-16.114059],[33.645009,-16.114601],[33.644448,-16.114874],[33.644732,-16.115958],[33.645293,-16.115956],[33.645294,-16.116227],[33.645855,-16.116226],[33.646134,-16.115682],[33.647256,-16.115679],[33.647255,-16.115408],[33.647536,-16.115407],[33.647535,-16.115136],[33.647255,-16.115137],[33.647253,-16.114594],[33.648375,-16.114591],[33.648374,-16.11432],[33.648655,-16.114319],[33.648654,-16.114047],[33.648934,-16.114047],[33.648933,-16.113775],[33.649214,-16.113775],[33.649213,-16.113503],[33.649494,-16.113503],[33.649493,-16.113231],[33.649773,-16.11323],[33.649772,-16.112959],[33.650333,-16.112686],[33.65033,-16.111873],[33.650891,-16.111871],[33.65089,-16.1116],[33.651171,-16.111599],[33.651163,-16.109158],[33.650882,-16.109159],[33.6506,-16.108618],[33.650039,-16.108619],[33.650037,-16.108077],[33.650598,-16.108075],[33.650597,-16.107804],[33.650317,-16.107805],[33.650316,-16.107534],[33.648913,-16.107538],[33.648915,-16.10808],[33.648634,-16.108081],[33.648635,-16.108352],[33.648355,-16.108353],[33.648353,-16.107811],[33.647792,-16.107813],[33.647793,-16.108084],[33.647512,-16.108085],[33.64751,-16.107271],[33.64779,-16.10727],[33.647791,-16.107541],[33.648352,-16.10754],[33.648351,-16.107269],[33.648632,-16.107268],[33.648631,-16.106996],[33.64807,-16.106998],[33.647787,-16.106457],[33.648348,-16.106184],[33.64863,-16.106725],[33.649191,-16.106724],[33.649189,-16.106181],[33.648628,-16.106183],[33.648627,-16.105912],[33.648908,-16.105911],[33.648906,-16.105368],[33.649187,-16.105368],[33.649186,-16.105096],[33.650027,-16.105094],[33.650026,-16.104823],[33.650588,-16.105092],[33.650867,-16.104549],[33.650587,-16.10455],[33.650304,-16.104008],[33.649463,-16.104011],[33.649464,-16.104553],[33.649184,-16.104554],[33.649183,-16.104283],[33.648061,-16.104286],[33.64806,-16.104015],[33.646939,-16.10429],[33.646937,-16.103747],[33.647498,-16.103746],[33.647496,-16.103203],[33.647216,-16.103204],[33.647215,-16.102933],[33.646934,-16.102934],[33.646934,-16.102663],[33.646372,-16.102393],[33.646369,-16.101579],[33.646089,-16.10158],[33.646088,-16.101309],[33.646929,-16.101307],[33.646926,-16.100222],[33.646364,-16.099952],[33.646362,-16.09941],[33.645801,-16.099412]],[[33.645804,-16.100225],[33.646365,-16.100223],[33.646366,-16.100495],[33.645805,-16.100496],[33.645804,-16.100225]],[[33.645524,-16.100497],[33.645805,-16.100496],[33.645805,-16.100768],[33.645525,-16.100768],[33.645524,-16.100497]],[[33.646366,-16.100766],[33.646647,-16.100765],[33.646648,-16.101036],[33.646367,-16.101037],[33.646366,-16.100766]],[[33.645246,-16.101312],[33.645808,-16.101581],[33.64581,-16.102124],[33.645248,-16.101854],[33.645246,-16.101312]],[[33.646374,-16.103207],[33.646935,-16.103205],[33.646937,-16.103747],[33.646657,-16.103748],[33.646374,-16.103207]],[[33.645819,-16.104835],[33.646099,-16.104835],[33.6461,-16.105106],[33.645819,-16.105107],[33.645819,-16.104835]],[[33.645265,-16.107278],[33.645546,-16.107277],[33.645549,-16.108091],[33.644987,-16.107821],[33.645265,-16.107278]],[[33.645549,-16.108091],[33.645829,-16.10809],[33.64583,-16.108361],[33.645549,-16.108362],[33.645549,-16.108091]],[[33.648638,-16.109166],[33.648918,-16.109165],[33.64892,-16.109708],[33.64864,-16.109708],[33.648638,-16.109166]],[[33.649764,-16.110247],[33.650044,-16.110247],[33.650045,-16.110518],[33.649764,-16.110519],[33.649764,-16.110247]],[[33.647521,-16.110797],[33.648082,-16.110795],[33.648083,-16.111066],[33.647522,-16.111068],[33.647521,-16.110797]],[[33.648083,-16.111066],[33.648364,-16.111065],[33.648364,-16.111336],[33.648084,-16.111337],[33.648083,-16.111066]],[[33.649206,-16.111334],[33.649767,-16.111332],[33.64977,-16.112146],[33.648089,-16.112964],[33.648087,-16.112422],[33.647807,-16.112423],[33.647806,-16.112152],[33.648367,-16.11215],[33.648365,-16.111608],[33.649207,-16.111605],[33.649206,-16.111334]],[[33.650048,-16.111602],[33.650329,-16.111602],[33.65033,-16.111873],[33.650049,-16.111874],[33.650048,-16.111602]]]}},{"type":"Feature","properties":{"ano":2020,"camada":"urbano","area_km2":0.0099},"geometry":{"type":"Polygon","coordinates":[[[33.688495,-16.115279],[33.688497,-16.116092],[33.68962,-16.116089],[33.689618,-16.115546],[33.689337,-16.115547],[33.689336,-16.115276],[33.688495,-16.115279]]]}},{"type":"Feature","properties":{"ano":2020,"camada":"urbano","area_km2":0.0009},"geometry":{"type":"Polygon","coordinates":[[[33.69046,-16.115815],[33.690461,-16.116086],[33.690742,-16.116085],[33.690741,-16.115814],[33.69046,-16.115815]]]}},{"type":"Feature","properties":{"ano":2020,"camada":"urbano","area_km2":0.0018},"geometry":{"type":"Polygon","coordinates":[[[33.64333,-16.115962],[33.643331,-16.116504],[33.643612,-16.116503],[33.64361,-16.115961],[33.64333,-16.115962]]]}},{"type":"Feature","properties":{"ano":2020,"camada":"urbano","area_km2":0.0018},"geometry":{"type":"Polygon","coordinates":[[[33.648099,-16.115948],[33.648101,-16.11649],[33.648381,-16.116489],[33.648379,-16.115947],[33.648099,-16.115948]]]}},{"type":"Feature","properties":{"ano":2020,"camada":"urbano","area_km2":0.0009},"geometry":{"type":"Polygon","coordinates":[[[33.603215,-16.117164],[33.603216,-16.117435],[33.603497,-16.117434],[33.603496,-16.117163],[33.603215,-16.117164]]]}},{"type":"Feature","properties":{"ano":2020,"camada":"urbano","area_km2":0.0342},"geometry":{"type":"Polygon","coordinates":[[[33.753298,-16.11506],[33.753301,-16.115873],[33.75274,-16.115875],[33.752458,-16.115334],[33.751616,-16.115337],[33.751617,-16.115608],[33.751898,-16.115607],[33.751619,-16.116151],[33.75218,-16.116149],[33.752179,-16.115877],[33.75246,-16.115876],[33.752461,-16.116148],[33.752741,-16.116147],[33.752743,-16.116689],[33.753024,-16.116688],[33.753306,-16.117229],[33.754148,-16.117226],[33.754145,-16.116413],[33.754425,-16.116412],[33.754423,-16.11587],[33.753862,-16.115871],[33.75386,-16.115329],[33.753298,-16.11506]]]}},{"type":"Feature","properties":{"ano":2020,"camada":"urbano","area_km2":0.0036},"geometry":{"type":"Polygon","coordinates":[[[33.530273,-16.117086],[33.530275,-16.1179],[33.530555,-16.117899],[33.530835,-16.117356],[33.530273,-16.117086]]]}},{"type":"Feature","properties":{"ano":2020,"camada":"urbano","area_km2":0.0135},"geometry":{"type":"Polygon","coordinates":[[[33.509511,-16.116594],[33.509511,-16.116866],[33.509231,-16.116866],[33.509232,-16.117137],[33.508671,-16.11741],[33.508953,-16.117952],[33.509234,-16.117951],[33.509513,-16.117408],[33.510074,-16.117407],[33.510073,-16.117135],[33.510634,-16.116863],[33.510633,-16.116592],[33.509511,-16.116594]],[[33.509792,-16.116865],[33.510073,-16.116864],[33.510073,-16.117135],[33.509793,-16.117136],[33.509792,-16.116865]]]}},{"type":"Feature","properties":{"ano":2020,"camada":"urbano","area_km2":0.0072},"geometry":{"type":"Polygon","coordinates":[[[33.647261,-16.117035],[33.647262,-16.117306],[33.646701,-16.117308],[33.646983,-16.117849],[33.647544,-16.117848],[33.647543,-16.117576],[33.647824,-16.117576],[33.647822,-16.117033],[33.647261,-16.117035]]]}},{"type":"Feature","properties":{"ano":2020,"camada":"urbano","area_km2":0.0045},"geometry":{"type":"Polygon","coordinates":[[[33.569831,-16.117527],[33.569833,-16.118069],[33.570113,-16.118068],[33.570114,-16.11834],[33.570675,-16.118338],[33.570675,-16.118067],[33.570394,-16.118068],[33.570393,-16.117796],[33.569831,-16.117527]]]}},{"type":"Feature","properties":{"ano":2020,"camada":"urbano","area_km2":0.0027},"geometry":{"type":"Polygon","coordinates":[[[33.597606,-16.117722],[33.597608,-16.118264],[33.597888,-16.118264],[33.598167,-16.11772],[33.597606,-16.117722]]]}},{"type":"Feature","properties":{"ano":2020,"camada":"urbano","area_km2":0.0027},"geometry":{"type":"Polygon","coordinates":[[[33.531958,-16.117896],[33.531959,-16.118167],[33.531678,-16.118168],[33.531679,-16.118439],[33.53224,-16.118437],[33.532239,-16.117895],[33.531958,-16.117896]]]}},{"type":"Feature","properties":{"ano":2020,"camada":"urbano","area_km2":0.1071},"geometry":{"type":"Polygon","coordinates":[[[33.710085,-16.112225],[33.710086,-16.112496],[33.709525,-16.112498],[33.709247,-16.113041],[33.708685,-16.113043],[33.708685,-16.112772],[33.708404,-16.112773],[33.708409,-16.114129],[33.708689,-16.114128],[33.70869,-16.114399],[33.709251,-16.114397],[33.709252,-16.114668],[33.708411,-16.114671],[33.708128,-16.11413],[33.707567,-16.114132],[33.707291,-16.115217],[33.706167,-16.11495],[33.706168,-16.115221],[33.706449,-16.11522],[33.706451,-16.115762],[33.706731,-16.115762],[33.706736,-16.117117],[33.706456,-16.117118],[33.706457,-16.11739],[33.706737,-16.117389],[33.70674,-16.118202],[33.707301,-16.1182],[33.7073,-16.117929],[33.707581,-16.117928],[33.707577,-16.116843],[33.708138,-16.116842],[33.708137,-16.11657],[33.708697,-16.116297],[33.708695,-16.115755],[33.709256,-16.115753],[33.709255,-16.115482],[33.709536,-16.115481],[33.709535,-16.11521],[33.709254,-16.115211],[33.709253,-16.11494],[33.709813,-16.114667],[33.709811,-16.114124],[33.709531,-16.114125],[33.70953,-16.113854],[33.709811,-16.113853],[33.710089,-16.11331],[33.71065,-16.113308],[33.710649,-16.113037],[33.710369,-16.113038],[33.710647,-16.112494],[33.710085,-16.112225]],[[33.707291,-16.115488],[33.707572,-16.115488],[33.707574,-16.11603],[33.707013,-16.116032],[33.707291,-16.115488]]]}},{"type":"Feature","properties":{"ano":2020,"camada":"urbano","area_km2":0.0072},"geometry":{"type":"Polygon","coordinates":[[[33.596203,-16.117726],[33.596205,-16.118268],[33.596486,-16.118268],[33.596486,-16.118539],[33.596206,-16.11854],[33.596208,-16.119082],[33.596488,-16.119081],[33.596487,-16.11881],[33.596768,-16.118809],[33.597047,-16.118266],[33.596766,-16.118267],[33.596765,-16.117996],[33.596203,-16.117726]]]}},{"type":"Feature","properties":{"ano":2020,"camada":"urbano","area_km2":0.0036},"geometry":{"type":"Polygon","coordinates":[[[33.709265,-16.118194],[33.709267,-16.118736],[33.709828,-16.118734],[33.709826,-16.118192],[33.709265,-16.118194]]]}},{"type":"Feature","properties":{"ano":2020,"camada":"urbano","area_km2":0.0738},"geometry":{"type":"Polygon","coordinates":[[[33.565615,-16.114555],[33.565617,-16.115368],[33.565336,-16.115369],[33.565338,-16.115911],[33.5659,-16.116181],[33.565898,-16.115639],[33.566459,-16.115366],[33.566462,-16.116451],[33.565901,-16.116452],[33.565901,-16.116724],[33.565621,-16.116724],[33.565622,-16.117267],[33.566464,-16.117265],[33.566466,-16.117807],[33.567027,-16.118077],[33.567031,-16.119161],[33.567311,-16.119161],[33.567312,-16.119432],[33.567873,-16.11943],[33.567872,-16.119159],[33.567592,-16.11916],[33.567587,-16.117533],[33.568148,-16.117531],[33.568145,-16.116446],[33.567864,-16.116447],[33.567581,-16.115363],[33.56702,-16.115365],[33.56702,-16.115636],[33.56674,-16.115637],[33.566738,-16.114823],[33.566457,-16.114824],[33.566456,-16.114553],[33.565615,-16.114555]],[[33.566743,-16.116721],[33.567024,-16.116721],[33.567024,-16.116992],[33.566744,-16.116993],[33.566743,-16.116721]]]}},{"type":"Feature","properties":{"ano":2020,"camada":"urbano","area_km2":0.0108},"geometry":{"type":"Polygon","coordinates":[[[33.598449,-16.118262],[33.598171,-16.118805],[33.598451,-16.118804],[33.598452,-16.119076],[33.599013,-16.119074],[33.599014,-16.119345],[33.599575,-16.119344],[33.599573,-16.118801],[33.599293,-16.118802],[33.599011,-16.11826],[33.598449,-16.118262]]]}},{"type":"Feature","properties":{"ano":2020,"camada":"urbano","area_km2":0.0045},"geometry":{"type":"Polygon","coordinates":[[[33.59733,-16.119079],[33.597051,-16.119622],[33.597613,-16.119892],[33.597892,-16.119348],[33.59733,-16.119079]]]}},{"type":"Feature","properties":{"ano":2020,"camada":"urbano","area_km2":0.0027},"geometry":{"type":"Polygon","coordinates":[[[33.600417,-16.119341],[33.600418,-16.119884],[33.600979,-16.119882],[33.600978,-16.119611],[33.600417,-16.119341]]]}},{"type":"Feature","properties":{"ano":2020,"camada":"urbano","area_km2":0.0009},"geometry":{"type":"Polygon","coordinates":[[[33.593404,-16.119632],[33.593404,-16.119903],[33.593685,-16.119903],[33.593684,-16.119631],[33.593404,-16.119632]]]}},{"type":"Feature","properties":{"ano":2020,"camada":"urbano","area_km2":0.009},"geometry":{"type":"Polygon","coordinates":[[[33.566188,-16.118892],[33.56619,-16.119435],[33.56647,-16.119434],[33.566191,-16.119977],[33.566472,-16.119976],[33.566472,-16.120248],[33.567034,-16.120246],[33.567032,-16.119704],[33.566752,-16.119705],[33.566749,-16.118891],[33.566188,-16.118892]]]}},{"type":"Feature","properties":{"ano":2020,"camada":"urbano","area_km2":0.0009},"geometry":{"type":"Polygon","coordinates":[[[33.593685,-16.119903],[33.593686,-16.120174],[33.593966,-16.120173],[33.593966,-16.119902],[33.593685,-16.119903]]]}},{"type":"Feature","properties":{"ano":2020,"camada":"urbano","area_km2":0.0009},"geometry":{"type":"Polygon","coordinates":[[[33.728066,-16.119486],[33.728067,-16.119758],[33.728347,-16.119757],[33.728346,-16.119486],[33.728066,-16.119486]]]}},{"type":"Feature","properties":{"ano":2020,"camada":"urbano","area_km2":0.0009},"geometry":{"type":"Polygon","coordinates":[[[33.597614,-16.120163],[33.597614,-16.120434],[33.597895,-16.120433],[33.597894,-16.120162],[33.597614,-16.120163]]]}},{"type":"Feature","properties":{"ano":2020,"camada":"urbano","area_km2":0.0009},"geometry":{"type":"Polygon","coordinates":[[[33.595931,-16.120439],[33.595932,-16.12071],[33.596212,-16.120709],[33.596212,-16.120438],[33.595931,-16.120439]]]}},{"type":"Feature","properties":{"ano":2020,"camada":"urbano","area_km2":0.0018},"geometry":{"type":"Polygon","coordinates":[[[33.595651,-16.120711],[33.595653,-16.121253],[33.595933,-16.121252],[33.595932,-16.12071],[33.595651,-16.120711]]]}},{"type":"Feature","properties":{"ano":2020,"camada":"urbano","area_km2":0.0036},"geometry":{"type":"Polygon","coordinates":[[[33.730313,-16.120292],[33.730596,-16.120834],[33.731157,-16.120832],[33.730874,-16.12029],[33.730313,-16.120292]]]}},{"type":"Feature","properties":{"ano":2020,"camada":"urbano","area_km2":0.0009},"geometry":{"type":"Polygon","coordinates":[[[33.751074,-16.120492],[33.751075,-16.120763],[33.751356,-16.120762],[33.751355,-16.120491],[33.751074,-16.120492]]]}},{"type":"Feature","properties":{"ano":2020,"camada":"urbano","area_km2":0.0009},"geometry":{"type":"Polygon","coordinates":[[[33.595933,-16.121252],[33.595934,-16.121523],[33.596215,-16.121523],[33.596214,-16.121251],[33.595933,-16.121252]]]}},{"type":"Feature","properties":{"ano":2020,"camada":"urbano","area_km2":0.0009},"geometry":{"type":"Polygon","coordinates":[[[33.748831,-16.120771],[33.748832,-16.121042],[33.749113,-16.121041],[33.749112,-16.12077],[33.748831,-16.120771]]]}},{"type":"Feature","properties":{"ano":2020,"camada":"urbano","area_km2":0.0081},"geometry":{"type":"Polygon","coordinates":[[[33.597616,-16.120976],[33.597617,-16.121248],[33.597336,-16.121248],[33.597337,-16.12152],[33.597618,-16.121519],[33.597619,-16.122061],[33.598461,-16.122059],[33.59846,-16.121788],[33.597898,-16.121518],[33.598177,-16.120975],[33.597616,-16.120976]]]}},{"type":"Feature","properties":{"ano":2020,"camada":"urbano","area_km2":0.0027},"geometry":{"type":"Polygon","coordinates":[[[33.591727,-16.121806],[33.591728,-16.122078],[33.592569,-16.122075],[33.592568,-16.121804],[33.591727,-16.121806]]]}},{"type":"Feature","properties":{"ano":2020,"camada":"urbano","area_km2":0.009},"geometry":{"type":"Polygon","coordinates":[[[33.617257,-16.121734],[33.617259,-16.122548],[33.618101,-16.122545],[33.6181,-16.122274],[33.618381,-16.122273],[33.618099,-16.121732],[33.617257,-16.121734]]]}},{"type":"Feature","properties":{"ano":2020,"camada":"urbano","area_km2":0.0063},"geometry":{"type":"Polygon","coordinates":[[[33.599583,-16.122056],[33.599584,-16.122327],[33.599864,-16.122326],[33.599866,-16.122868],[33.600427,-16.122867],[33.600425,-16.122053],[33.599583,-16.122056]]]}},{"type":"Feature","properties":{"ano":2020,"camada":"urbano","area_km2":0.0045},"geometry":{"type":"Polygon","coordinates":[[[33.596498,-16.122335],[33.59678,-16.122877],[33.597341,-16.122875],[33.597339,-16.122333],[33.596498,-16.122335]]]}},{"type":"Feature","properties":{"ano":2020,"camada":"urbano","area_km2":0.0054},"geometry":{"type":"Polygon","coordinates":[[[33.732844,-16.121911],[33.733127,-16.122452],[33.733968,-16.122449],[33.733686,-16.121908],[33.732844,-16.121911]]]}},{"type":"Feature","properties":{"ano":2020,"camada":"urbano","area_km2":0.0009},"geometry":{"type":"Polygon","coordinates":[[[33.746872,-16.122133],[33.746873,-16.122405],[33.747154,-16.122404],[33.747153,-16.122132],[33.746872,-16.122133]]]}},{"type":"Feature","properties":{"ano":2020,"camada":"urbano","area_km2":0.0108},"geometry":{"type":"Polygon","coordinates":[[[33.749113,-16.121041],[33.749115,-16.121583],[33.748834,-16.121584],[33.748838,-16.122669],[33.749399,-16.122667],[33.749396,-16.121853],[33.749677,-16.121852],[33.749675,-16.12131],[33.749113,-16.121041]]]}},{"type":"Feature","properties":{"ano":2020,"camada":"urbano","area_km2":0.0009},"geometry":{"type":"Polygon","coordinates":[[[33.600427,-16.122867],[33.600428,-16.123138],[33.600709,-16.123137],[33.600708,-16.122866],[33.600427,-16.122867]]]}},{"type":"Feature","properties":{"ano":2020,"camada":"urbano","area_km2":0.0009},"geometry":{"type":"Polygon","coordinates":[[[33.627641,-16.122789],[33.627642,-16.12306],[33.627922,-16.123059],[33.627921,-16.122788],[33.627641,-16.122789]]]}},{"type":"Feature","properties":{"ano":2020,"camada":"urbano","area_km2":0.0009},"geometry":{"type":"Polygon","coordinates":[[[33.600709,-16.123137],[33.600709,-16.123408],[33.60099,-16.123408],[33.600989,-16.123136],[33.600709,-16.123137]]]}},{"type":"Feature","properties":{"ano":2020,"camada":"urbano","area_km2":0.0081},"geometry":{"type":"Polygon","coordinates":[[[33.598743,-16.1226],[33.598745,-16.123143],[33.599025,-16.123142],[33.599307,-16.123684],[33.599869,-16.123682],[33.599868,-16.123411],[33.599587,-16.123412],[33.599586,-16.122869],[33.599305,-16.12287],[33.599304,-16.122599],[33.598743,-16.1226]]]}},{"type":"Feature","properties":{"ano":2020,"camada":"urbano","area_km2":0.0009},"geometry":{"type":"Polygon","coordinates":[[[33.589207,-16.12344],[33.589207,-16.123712],[33.589488,-16.123711],[33.589487,-16.12344],[33.589207,-16.12344]]]}},{"type":"Feature","properties":{"ano":2020,"camada":"urbano","area_km2":0.0369},"geometry":{"type":"Polygon","coordinates":[[[33.548802,-16.121921],[33.548803,-16.122192],[33.548522,-16.122193],[33.548525,-16.123007],[33.548805,-16.123006],[33.548806,-16.123277],[33.549928,-16.123274],[33.549929,-16.123545],[33.55021,-16.123545],[33.55021,-16.123816],[33.550771,-16.123814],[33.550772,-16.124086],[33.551332,-16.123813],[33.551329,-16.122728],[33.551049,-16.122729],[33.551048,-16.122458],[33.550768,-16.122458],[33.550768,-16.12273],[33.549927,-16.122732],[33.549925,-16.122189],[33.548802,-16.121921]],[[33.548803,-16.122192],[33.549084,-16.122191],[33.549084,-16.122463],[33.548804,-16.122463],[33.548803,-16.122192]]]}},{"type":"Feature","properties":{"ano":2020,"camada":"urbano","area_km2":0.0018},"geometry":{"type":"Polygon","coordinates":[[[33.598745,-16.123414],[33.598747,-16.123956],[33.599028,-16.123956],[33.599026,-16.123413],[33.598745,-16.123414]]]}},{"type":"Feature","properties":{"ano":2020,"camada":"urbano","area_km2":0.0009},"geometry":{"type":"Polygon","coordinates":[[[33.589488,-16.123711],[33.589489,-16.123982],[33.589769,-16.123981],[33.589769,-16.12371],[33.589488,-16.123711]]]}},{"type":"Feature","properties":{"ano":2020,"camada":"urbano","area_km2":0.0009},"geometry":{"type":"Polygon","coordinates":[[[33.599869,-16.123682],[33.599869,-16.123953],[33.60015,-16.123952],[33.600149,-16.123681],[33.599869,-16.123682]]]}},{"type":"Feature","properties":{"ano":2020,"camada":"urbano","area_km2":0.0045},"geometry":{"type":"Polygon","coordinates":[[[33.547404,-16.123552],[33.547406,-16.124365],[33.547967,-16.124364],[33.547966,-16.123822],[33.547404,-16.123552]]]}},{"type":"Feature","properties":{"ano":2020,"camada":"urbano","area_km2":0.0054},"geometry":{"type":"Polygon","coordinates":[[[33.557505,-16.123797],[33.557506,-16.124339],[33.558348,-16.124337],[33.558346,-16.123795],[33.557505,-16.123797]]]}},{"type":"Feature","properties":{"ano":2020,"camada":"urbano","area_km2":0.0036},"geometry":{"type":"Polygon","coordinates":[[[33.593977,-16.123698],[33.593978,-16.124241],[33.59454,-16.124239],[33.594538,-16.123697],[33.593977,-16.123698]]]}},{"type":"Feature","properties":{"ano":2020,"camada":"urbano","area_km2":0.0009},"geometry":{"type":"Polygon","coordinates":[[[33.558628,-16.124065],[33.558628,-16.124336],[33.558909,-16.124336],[33.558908,-16.124064],[33.558628,-16.124065]]]}},{"type":"Feature","properties":{"ano":2020,"camada":"urbano","area_km2":0.0072},"geometry":{"type":"Polygon","coordinates":[[[33.589769,-16.123981],[33.590052,-16.124523],[33.591174,-16.12452],[33.590892,-16.123978],[33.589769,-16.123981]]]}},{"type":"Feature","properties":{"ano":2020,"camada":"urbano","area_km2":0.0018},"geometry":{"type":"Polygon","coordinates":[[[33.599028,-16.123956],[33.599029,-16.124498],[33.59931,-16.124497],[33.599308,-16.123955],[33.599028,-16.123956]]]}},{"type":"Feature","properties":{"ano":2020,"camada":"urbano","area_km2":0.0036},"geometry":{"type":"Polygon","coordinates":[[[33.601553,-16.123948],[33.601835,-16.12449],[33.602395,-16.124217],[33.602394,-16.123946],[33.601553,-16.123948]]]}},{"type":"Feature","properties":{"ano":2020,"camada":"urbano","area_km2":0.0423},"geometry":{"type":"Polygon","coordinates":[[[33.634931,-16.121411],[33.634652,-16.121954],[33.634932,-16.121953],[33.634934,-16.122496],[33.635215,-16.122495],[33.635217,-16.123309],[33.635498,-16.123308],[33.6355,-16.12385],[33.635219,-16.123851],[33.63522,-16.124122],[33.6355,-16.124121],[33.635501,-16.124392],[33.636343,-16.12439],[33.636342,-16.124119],[33.636623,-16.124118],[33.636618,-16.122762],[33.636056,-16.122492],[33.636055,-16.122221],[33.636336,-16.12222],[33.636334,-16.121678],[33.635493,-16.121681],[33.635492,-16.121409],[33.634931,-16.121411]]]}},{"type":"Feature","properties":{"ano":2020,"camada":"urbano","area_km2":0.0009},"geometry":{"type":"Polygon","coordinates":[[[33.73762,-16.123793],[33.737621,-16.124064],[33.737902,-16.124063],[33.737901,-16.123792],[33.73762,-16.123793]]]}},{"type":"Feature","properties":{"ano":2020,"camada":"urbano","area_km2":0.009},"geometry":{"type":"Polygon","coordinates":[[[33.736497,-16.123525],[33.736498,-16.123797],[33.735937,-16.123799],[33.735938,-16.12407],[33.736499,-16.124068],[33.736782,-16.124609],[33.737343,-16.124607],[33.737342,-16.124336],[33.737061,-16.124337],[33.737058,-16.123523],[33.736497,-16.123525]]]}},{"type":"Feature","properties":{"ano":2020,"camada":"urbano","area_km2":0.0036},"geometry":{"type":"Polygon","coordinates":[[[33.751648,-16.123744],[33.751649,-16.124015],[33.751368,-16.124016],[33.75137,-16.124558],[33.75193,-16.124285],[33.751928,-16.123743],[33.751648,-16.123744]]]}},{"type":"Feature","properties":{"ano":2020,"camada":"urbano","area_km2":0.0909},"geometry":{"type":"Polygon","coordinates":[[[33.745188,-16.121868],[33.745189,-16.122139],[33.744908,-16.12214],[33.74491,-16.122683],[33.745191,-16.122682],[33.745192,-16.122953],[33.745473,-16.122952],[33.745755,-16.123493],[33.746316,-16.123491],[33.746317,-16.123762],[33.746037,-16.123763],[33.745758,-16.124307],[33.746879,-16.124032],[33.747158,-16.123488],[33.748,-16.123485],[33.748001,-16.123757],[33.74744,-16.12403],[33.747443,-16.124572],[33.748004,-16.12457],[33.748003,-16.124299],[33.748844,-16.124296],[33.748846,-16.124838],[33.749406,-16.124565],[33.749404,-16.124023],[33.749965,-16.124021],[33.749963,-16.123479],[33.751087,-16.123746],[33.751086,-16.123475],[33.751366,-16.123474],[33.751365,-16.123202],[33.751925,-16.122929],[33.751643,-16.122388],[33.751081,-16.12239],[33.751082,-16.122661],[33.750802,-16.122662],[33.750801,-16.122391],[33.75024,-16.122393],[33.750241,-16.122664],[33.749399,-16.122667],[33.7494,-16.122938],[33.749681,-16.122937],[33.749683,-16.12348],[33.749122,-16.123481],[33.749123,-16.123753],[33.748281,-16.123756],[33.748278,-16.122942],[33.747997,-16.122943],[33.747715,-16.122402],[33.747154,-16.122404],[33.747157,-16.123217],[33.746596,-16.123219],[33.746594,-16.122677],[33.746313,-16.122678],[33.746312,-16.122407],[33.746593,-16.122406],[33.746871,-16.121862],[33.74631,-16.121864],[33.746311,-16.122135],[33.745188,-16.121868]],[[33.750803,-16.122933],[33.751083,-16.122932],[33.751084,-16.123203],[33.750804,-16.123204],[33.750803,-16.122933]]]}},{"type":"Feature","properties":{"ano":2020,"camada":"urbano","area_km2":0.0045},"geometry":{"type":"Polygon","coordinates":[[[33.596505,-16.124776],[33.596787,-16.125318],[33.597348,-16.125316],[33.597347,-16.124774],[33.596505,-16.124776]]]}},{"type":"Feature","properties":{"ano":2020,"camada":"urbano","area_km2":0.0018},"geometry":{"type":"Polygon","coordinates":[[[33.606325,-16.124749],[33.606326,-16.125291],[33.606607,-16.12529],[33.606605,-16.124748],[33.606325,-16.124749]]]}},{"type":"Feature","properties":{"ano":2020,"camada":"urbano","area_km2":0.0135},"geometry":{"type":"Polygon","coordinates":[[[33.614459,-16.124183],[33.61446,-16.124454],[33.6139,-16.124727],[33.613901,-16.125269],[33.614182,-16.125268],[33.614183,-16.12554],[33.614463,-16.125539],[33.614461,-16.124996],[33.615583,-16.124722],[33.615301,-16.12418],[33.614459,-16.124183]]]}},{"type":"Feature","properties":{"ano":2020,"camada":"urbano","area_km2":0.0036},"geometry":{"type":"Polygon","coordinates":[[[33.588089,-16.125071],[33.588091,-16.125613],[33.588652,-16.125612],[33.58865,-16.125069],[33.588089,-16.125071]]]}},{"type":"Feature","properties":{"ano":2020,"camada":"urbano","area_km2":0.0036},"geometry":{"type":"Polygon","coordinates":[[[33.627928,-16.124957],[33.62821,-16.125499],[33.628771,-16.125497],[33.628489,-16.124956],[33.627928,-16.124957]]]}},{"type":"Feature","properties":{"ano":2020,"camada":"urbano","area_km2":0.0009},"geometry":{"type":"Polygon","coordinates":[[[33.746321,-16.124847],[33.746322,-16.125118],[33.746603,-16.125117],[33.746602,-16.124846],[33.746321,-16.124847]]]}},{"type":"Feature","properties":{"ano":2020,"camada":"urbano","area_km2":0.009},"geometry":{"type":"Polygon","coordinates":[[[33.750247,-16.124291],[33.750251,-16.125376],[33.750812,-16.125374],[33.75081,-16.124831],[33.751371,-16.12483],[33.75137,-16.124558],[33.750247,-16.124291]]]}},{"type":"Feature","properties":{"ano":2020,"camada":"urbano","area_km2":0.0063},"geometry":{"type":"Polygon","coordinates":[[[33.615583,-16.124722],[33.615584,-16.124993],[33.615303,-16.124994],[33.615306,-16.125808],[33.615867,-16.125806],[33.615863,-16.124721],[33.615583,-16.124722]]]}},{"type":"Feature","properties":{"ano":2020,"camada":"urbano","area_km2":0.0036},"geometry":{"type":"Polygon","coordinates":[[[33.748284,-16.124569],[33.748286,-16.125112],[33.748848,-16.125381],[33.748846,-16.124838],[33.748284,-16.124569]]]}},{"type":"Feature","properties":{"ano":2020,"camada":"urbano","area_km2":0.0045},"geometry":{"type":"Polygon","coordinates":[[[33.593982,-16.125326],[33.594264,-16.125867],[33.594825,-16.125866],[33.594823,-16.125323],[33.593982,-16.125326]]]}},{"type":"Feature","properties":{"ano":2020,"camada":"urbano","area_km2":0.0009},"geometry":{"type":"Polygon","coordinates":[[[33.611658,-16.125547],[33.611658,-16.125818],[33.611939,-16.125817],[33.611938,-16.125546],[33.611658,-16.125547]]]}},{"type":"Feature","properties":{"ano":2020,"camada":"urbano","area_km2":0.0009},"geometry":{"type":"Polygon","coordinates":[[[33.612499,-16.125544],[33.6125,-16.125816],[33.612781,-16.125815],[33.61278,-16.125544],[33.612499,-16.125544]]]}},{"type":"Feature","properties":{"ano":2020,"camada":"urbano","area_km2":0.0009},"geometry":{"type":"Polygon","coordinates":[[[33.746603,-16.125117],[33.746604,-16.125389],[33.746884,-16.125388],[33.746883,-16.125116],[33.746603,-16.125117]]]}},{"type":"Feature","properties":{"ano":2020,"camada":"urbano","area_km2":0.0009},"geometry":{"type":"Polygon","coordinates":[[[33.751092,-16.125102],[33.751093,-16.125373],[33.751373,-16.125372],[33.751372,-16.125101],[33.751092,-16.125102]]]}},{"type":"Feature","properties":{"ano":2020,"camada":"urbano","area_km2":0.009},"geometry":{"type":"Polygon","coordinates":[[[33.560595,-16.125416],[33.560596,-16.125687],[33.560035,-16.125689],[33.560037,-16.126502],[33.560598,-16.126501],[33.560598,-16.12623],[33.561158,-16.125957],[33.561157,-16.125686],[33.560595,-16.125416]]]}},{"type":"Feature","properties":{"ano":2020,"camada":"urbano","area_km2":0.0288},"geometry":{"type":"Polygon","coordinates":[[[33.592293,-16.123432],[33.592295,-16.124246],[33.592857,-16.124515],[33.59286,-16.1256],[33.59258,-16.125601],[33.592581,-16.125872],[33.592861,-16.125871],[33.592862,-16.126142],[33.593424,-16.126412],[33.593421,-16.125598],[33.593982,-16.125326],[33.59398,-16.124783],[33.594261,-16.124782],[33.59426,-16.124511],[33.593699,-16.124513],[33.593698,-16.124242],[33.593417,-16.124242],[33.593135,-16.123701],[33.592574,-16.123702],[33.592573,-16.123431],[33.592293,-16.123432]],[[33.593137,-16.124243],[33.593417,-16.124242],[33.593419,-16.124785],[33.593138,-16.124786],[33.593137,-16.124243]]]}},{"type":"Feature","properties":{"ano":2020,"camada":"urbano","area_km2":0.0045},"geometry":{"type":"Polygon","coordinates":[[[33.589775,-16.12588],[33.589777,-16.126422],[33.590618,-16.12642],[33.590336,-16.125878],[33.589775,-16.12588]]]}},{"type":"Feature","properties":{"ano":2020,"camada":"urbano","area_km2":0.0018},"geometry":{"type":"Polygon","coordinates":[[[33.603243,-16.126113],[33.603243,-16.126384],[33.603804,-16.126383],[33.603804,-16.126112],[33.603243,-16.126113]]]}},{"type":"Feature","properties":{"ano":2020,"camada":"urbano","area_km2":0.0009},"geometry":{"type":"Polygon","coordinates":[[[33.748009,-16.125926],[33.74801,-16.126197],[33.74829,-16.126196],[33.748289,-16.125925],[33.748009,-16.125926]]]}},{"type":"Feature","properties":{"ano":2020,"camada":"urbano","area_km2":0.0045},"geometry":{"type":"Polygon","coordinates":[[[33.751094,-16.125644],[33.750815,-16.126187],[33.751377,-16.126457],[33.751656,-16.125913],[33.751094,-16.125644]]]}},{"type":"Feature","properties":{"ano":2020,"camada":"urbano","area_km2":0.0009},"geometry":{"type":"Polygon","coordinates":[[[33.589216,-16.126695],[33.589217,-16.126966],[33.589498,-16.126965],[33.589497,-16.126694],[33.589216,-16.126695]]]}},{"type":"Feature","properties":{"ano":2020,"camada":"urbano","area_km2":0.0027},"geometry":{"type":"Polygon","coordinates":[[[33.613624,-16.126355],[33.613625,-16.126626],[33.613344,-16.126627],[33.613345,-16.126898],[33.613906,-16.126896],[33.613905,-16.126354],[33.613624,-16.126355]]]}},{"type":"Feature","properties":{"ano":2020,"camada":"urbano","area_km2":0.0009},"geometry":{"type":"Polygon","coordinates":[[[33.741277,-16.126221],[33.741278,-16.126492],[33.741558,-16.126491],[33.741557,-16.12622],[33.741277,-16.126221]]]}},{"type":"Feature","properties":{"ano":2020,"camada":"urbano","area_km2":0.009},"geometry":{"type":"Polygon","coordinates":[[[33.532542,-16.126301],[33.532542,-16.126573],[33.532823,-16.126572],[33.533105,-16.127114],[33.533947,-16.127111],[33.533947,-16.127383],[33.534509,-16.127381],[33.534227,-16.12684],[33.533385,-16.126842],[33.533103,-16.1263],[33.532542,-16.126301]]]}},{"type":"Feature","properties":{"ano":2020,"camada":"urbano","area_km2":0.0027},"geometry":{"type":"Polygon","coordinates":[[[33.746046,-16.126204],[33.746047,-16.126475],[33.746609,-16.126745],[33.746607,-16.126202],[33.746046,-16.126204]]]}},{"type":"Feature","properties":{"ano":2020,"camada":"urbano","area_km2":0.0009},"geometry":{"type":"Polygon","coordinates":[[[33.53507,-16.12738],[33.53507,-16.127651],[33.535351,-16.12765],[33.53535,-16.127379],[33.53507,-16.12738]]]}},{"type":"Feature","properties":{"ano":2020,"camada":"urbano","area_km2":0.0009},"geometry":{"type":"Polygon","coordinates":[[[33.535631,-16.127378],[33.535632,-16.12765],[33.535912,-16.127649],[33.535911,-16.127378],[33.535631,-16.127378]]]}},{"type":"Feature","properties":{"ano":2020,"camada":"urbano","area_km2":0.0018},"geometry":{"type":"Polygon","coordinates":[[[33.553306,-16.127333],[33.553307,-16.127605],[33.553868,-16.127603],[33.553867,-16.127332],[33.553306,-16.127333]]]}},{"type":"Feature","properties":{"ano":2020,"camada":"urbano","area_km2":0.0162},"geometry":{"type":"Polygon","coordinates":[[[33.604365,-16.12611],[33.604366,-16.126652],[33.603805,-16.126654],[33.603807,-16.127196],[33.604369,-16.127466],[33.604368,-16.127195],[33.604928,-16.126922],[33.604929,-16.127193],[33.60521,-16.127192],[33.605211,-16.127735],[33.605772,-16.127733],[33.605771,-16.127191],[33.60549,-16.127192],[33.605489,-16.12692],[33.605209,-16.126921],[33.605208,-16.12665],[33.604928,-16.126651],[33.604927,-16.12638],[33.604365,-16.12611]]]}},{"type":"Feature","properties":{"ano":2020,"camada":"urbano","area_km2":6.0246},"geometry":{"type":"Polygon","coordinates":[[[33.721271,-16.102425],[33.721273,-16.102967],[33.721554,-16.102966],[33.721555,-16.103237],[33.721274,-16.103238],[33.721276,-16.10378],[33.721838,-16.10405],[33.72156,-16.104593],[33.720718,-16.104596],[33.720715,-16.103782],[33.720154,-16.103784],[33.720152,-16.103242],[33.719311,-16.103245],[33.719032,-16.103788],[33.718471,-16.10379],[33.718188,-16.103248],[33.717347,-16.103251],[33.717348,-16.103522],[33.717067,-16.103523],[33.71735,-16.104065],[33.717911,-16.104063],[33.717912,-16.104334],[33.717631,-16.104335],[33.717634,-16.105149],[33.717915,-16.105148],[33.717917,-16.10569],[33.717075,-16.105693],[33.71708,-16.107049],[33.718202,-16.107045],[33.718203,-16.107316],[33.717642,-16.107318],[33.717643,-16.107589],[33.716521,-16.107593],[33.716522,-16.107864],[33.716241,-16.107865],[33.71624,-16.107594],[33.715679,-16.107596],[33.715681,-16.108138],[33.716242,-16.108136],[33.716243,-16.108408],[33.716805,-16.108677],[33.716806,-16.108948],[33.716245,-16.10895],[33.716247,-16.109492],[33.716528,-16.109491],[33.716529,-16.109763],[33.715687,-16.109765],[33.715684,-16.108952],[33.715404,-16.108953],[33.715403,-16.108682],[33.714281,-16.108685],[33.714283,-16.109228],[33.714002,-16.109229],[33.714001,-16.108958],[33.713721,-16.108958],[33.713719,-16.108416],[33.713158,-16.108418],[33.713159,-16.108689],[33.712878,-16.10869],[33.71288,-16.109232],[33.712319,-16.109234],[33.712321,-16.109777],[33.71204,-16.109778],[33.712043,-16.110591],[33.712324,-16.11059],[33.712325,-16.110861],[33.712605,-16.110861],[33.712604,-16.110589],[33.713165,-16.110587],[33.713169,-16.111672],[33.71345,-16.111671],[33.713451,-16.111942],[33.71233,-16.112217],[33.71233,-16.112489],[33.71205,-16.11249],[33.712052,-16.113032],[33.711491,-16.113034],[33.711489,-16.112491],[33.710929,-16.112764],[33.71093,-16.113036],[33.71121,-16.113035],[33.711212,-16.113577],[33.710932,-16.113578],[33.710933,-16.113849],[33.711213,-16.113848],[33.711215,-16.114391],[33.710654,-16.114393],[33.710656,-16.114935],[33.710095,-16.114937],[33.710098,-16.11575],[33.710378,-16.115749],[33.710379,-16.116021],[33.711221,-16.116018],[33.711222,-16.116289],[33.710941,-16.11629],[33.710943,-16.116832],[33.710382,-16.116834],[33.710383,-16.117105],[33.709822,-16.117107],[33.709821,-16.116836],[33.70926,-16.116838],[33.709261,-16.117109],[33.70898,-16.11711],[33.708981,-16.117381],[33.709262,-16.11738],[33.709544,-16.117922],[33.710667,-16.117918],[33.710668,-16.118189],[33.710387,-16.11819],[33.710392,-16.119546],[33.710111,-16.119547],[33.710112,-16.119818],[33.709271,-16.119821],[33.709272,-16.120092],[33.708991,-16.120093],[33.708986,-16.118737],[33.708426,-16.11901],[33.708428,-16.119553],[33.708148,-16.119553],[33.708148,-16.119825],[33.707868,-16.119826],[33.707867,-16.119554],[33.707306,-16.119556],[33.707308,-16.120099],[33.706747,-16.120101],[33.706749,-16.120643],[33.707871,-16.120639],[33.707873,-16.121182],[33.707031,-16.121184],[33.707033,-16.121727],[33.708155,-16.121723],[33.708154,-16.121452],[33.708996,-16.121449],[33.708997,-16.12172],[33.708436,-16.121722],[33.708718,-16.122264],[33.709279,-16.122262],[33.709278,-16.12199],[33.710401,-16.121987],[33.710679,-16.121443],[33.711521,-16.121441],[33.71152,-16.121169],[33.710678,-16.121172],[33.710677,-16.120901],[33.710397,-16.120902],[33.710395,-16.12036],[33.710956,-16.120358],[33.710955,-16.120087],[33.711797,-16.120084],[33.711796,-16.119813],[33.712356,-16.119539],[33.712358,-16.120082],[33.71292,-16.120351],[33.712922,-16.120894],[33.71208,-16.120896],[33.712081,-16.121168],[33.7118,-16.121168],[33.711801,-16.12144],[33.712082,-16.121439],[33.712083,-16.12171],[33.711802,-16.121711],[33.711804,-16.122253],[33.712085,-16.122252],[33.712086,-16.122524],[33.712366,-16.122523],[33.712365,-16.122251],[33.712926,-16.12225],[33.712927,-16.122521],[33.712647,-16.122522],[33.712652,-16.123878],[33.712932,-16.123877],[33.712935,-16.12469],[33.713496,-16.124688],[33.713492,-16.123604],[33.714054,-16.123873],[33.714053,-16.123602],[33.714615,-16.1236],[33.714614,-16.123329],[33.714894,-16.123328],[33.714896,-16.12387],[33.715177,-16.123869],[33.715461,-16.124953],[33.715742,-16.124952],[33.715743,-16.125223],[33.716584,-16.12522],[33.716585,-16.125492],[33.717146,-16.12549],[33.717145,-16.125218],[33.717426,-16.125218],[33.717425,-16.124946],[33.717986,-16.124944],[33.718265,-16.124401],[33.718545,-16.1244],[33.718546,-16.124671],[33.719107,-16.124669],[33.719106,-16.124398],[33.719667,-16.124396],[33.719666,-16.124125],[33.720788,-16.12385],[33.720785,-16.123037],[33.721065,-16.123036],[33.721066,-16.123307],[33.721908,-16.123304],[33.721907,-16.123033],[33.722748,-16.12303],[33.722747,-16.122759],[33.723309,-16.122757],[33.723308,-16.122486],[33.725552,-16.122478],[33.725269,-16.121937],[33.725831,-16.121935],[33.725832,-16.122477],[33.726674,-16.122474],[33.726672,-16.121932],[33.727233,-16.12193],[33.727235,-16.122472],[33.730041,-16.122463],[33.730038,-16.121649],[33.729757,-16.12165],[33.729754,-16.120837],[33.730035,-16.120836],[33.730034,-16.120565],[33.728631,-16.120569],[33.728633,-16.121112],[33.728914,-16.121111],[33.728915,-16.121382],[33.727792,-16.121386],[33.72751,-16.120844],[33.726389,-16.121119],[33.726388,-16.120848],[33.725826,-16.120579],[33.725825,-16.120308],[33.726386,-16.120306],[33.726384,-16.119763],[33.725823,-16.119765],[33.725822,-16.119494],[33.725541,-16.119495],[33.72554,-16.119224],[33.72526,-16.119225],[33.725259,-16.118954],[33.724978,-16.118955],[33.724696,-16.118413],[33.724415,-16.118414],[33.724416,-16.118685],[33.723855,-16.118687],[33.724133,-16.118144],[33.723853,-16.118145],[33.72357,-16.117603],[33.723009,-16.117605],[33.723006,-16.116792],[33.723287,-16.116791],[33.723289,-16.117333],[33.72385,-16.117331],[33.723851,-16.117602],[33.724973,-16.117599],[33.724974,-16.11787],[33.725255,-16.117869],[33.725257,-16.118411],[33.725537,-16.11841],[33.725539,-16.118953],[33.727783,-16.118945],[33.727784,-16.119216],[33.728345,-16.119214],[33.728344,-16.118672],[33.728905,-16.11867],[33.728907,-16.119212],[33.729748,-16.11921],[33.730031,-16.119751],[33.730311,-16.11975],[33.73059,-16.119207],[33.731431,-16.119204],[33.73143,-16.118933],[33.731711,-16.118932],[33.731994,-16.119473],[33.733116,-16.119469],[33.733117,-16.11974],[33.733397,-16.119739],[33.733119,-16.120283],[33.732277,-16.120286],[33.732279,-16.120828],[33.731718,-16.12083],[33.731439,-16.121373],[33.730878,-16.121375],[33.730881,-16.122189],[33.731162,-16.122188],[33.731163,-16.122459],[33.732566,-16.122454],[33.732563,-16.121641],[33.733123,-16.121368],[33.733124,-16.121639],[33.734246,-16.121635],[33.734247,-16.121906],[33.734808,-16.121904],[33.73509,-16.122446],[33.734529,-16.122447],[33.734531,-16.12299],[33.734812,-16.122989],[33.735094,-16.12353],[33.735656,-16.123528],[33.735657,-16.1238],[33.735937,-16.123799],[33.735934,-16.122985],[33.737056,-16.122981],[33.737055,-16.12271],[33.737616,-16.122708],[33.737617,-16.122979],[33.738178,-16.122977],[33.7379,-16.123521],[33.738461,-16.123519],[33.738462,-16.12379],[33.738743,-16.123789],[33.738744,-16.12406],[33.739024,-16.124059],[33.739025,-16.12433],[33.739587,-16.124599],[33.739589,-16.125142],[33.73987,-16.125141],[33.740152,-16.125682],[33.740713,-16.12568],[33.740714,-16.125952],[33.741556,-16.125949],[33.741555,-16.125677],[33.741836,-16.125676],[33.742118,-16.126218],[33.741558,-16.126491],[33.74156,-16.127033],[33.742683,-16.127301],[33.742682,-16.127029],[33.742402,-16.12703],[33.742401,-16.126759],[33.742681,-16.126758],[33.742679,-16.126216],[33.742399,-16.126217],[33.742398,-16.125946],[33.742678,-16.125945],[33.742957,-16.125401],[33.743798,-16.125398],[33.743797,-16.125127],[33.744078,-16.125126],[33.744075,-16.124313],[33.744355,-16.124312],[33.744349,-16.122685],[33.744069,-16.122686],[33.744066,-16.121872],[33.743785,-16.121873],[33.743784,-16.121602],[33.743504,-16.121603],[33.743503,-16.121332],[33.742941,-16.121062],[33.742939,-16.12052],[33.7435,-16.120518],[33.743501,-16.120789],[33.744062,-16.120787],[33.744063,-16.121058],[33.744624,-16.121057],[33.744625,-16.121328],[33.745187,-16.121597],[33.745186,-16.121326],[33.745746,-16.121053],[33.745744,-16.12051],[33.745463,-16.120511],[33.745459,-16.119426],[33.74574,-16.119425],[33.745739,-16.119154],[33.745458,-16.119155],[33.745457,-16.118884],[33.746299,-16.118881],[33.746301,-16.119424],[33.746582,-16.119423],[33.746583,-16.119694],[33.747705,-16.11969],[33.747704,-16.119419],[33.747984,-16.119418],[33.747986,-16.11996],[33.748267,-16.119959],[33.748266,-16.119688],[33.748546,-16.119687],[33.748545,-16.119416],[33.749105,-16.119143],[33.749102,-16.118329],[33.749663,-16.118327],[33.749661,-16.117785],[33.749381,-16.117786],[33.749378,-16.116972],[33.750219,-16.116969],[33.750218,-16.116698],[33.750499,-16.116697],[33.750497,-16.116155],[33.750777,-16.116154],[33.750776,-16.115882],[33.751336,-16.115609],[33.751335,-16.115338],[33.750774,-16.11534],[33.750772,-16.114798],[33.751053,-16.114797],[33.751052,-16.114525],[33.749928,-16.113987],[33.749925,-16.113173],[33.749364,-16.113175],[33.749363,-16.112904],[33.748521,-16.112907],[33.74852,-16.112636],[33.748239,-16.112637],[33.748236,-16.111823],[33.747956,-16.111824],[33.747957,-16.112096],[33.747396,-16.112098],[33.747397,-16.112369],[33.747116,-16.11237],[33.747118,-16.112912],[33.74796,-16.112909],[33.747961,-16.11318],[33.7474,-16.113182],[33.747402,-16.113725],[33.746841,-16.113727],[33.74684,-16.113455],[33.746279,-16.113457],[33.746278,-16.113186],[33.745717,-16.113188],[33.745718,-16.113459],[33.745157,-16.113461],[33.745158,-16.113733],[33.744877,-16.113734],[33.744879,-16.114276],[33.74516,-16.114275],[33.745163,-16.115088],[33.746004,-16.115086],[33.746287,-16.115627],[33.744323,-16.115634],[33.744318,-16.114278],[33.743757,-16.11428],[33.743756,-16.114009],[33.743475,-16.11401],[33.743473,-16.113467],[33.742632,-16.11347],[33.742349,-16.112929],[33.741788,-16.112931],[33.741787,-16.11266],[33.741507,-16.11266],[33.741503,-16.111576],[33.741222,-16.111577],[33.74122,-16.111034],[33.740659,-16.111036],[33.740657,-16.110494],[33.740377,-16.110495],[33.740375,-16.110224],[33.740095,-16.110225],[33.739812,-16.109683],[33.739251,-16.109685],[33.73925,-16.109414],[33.739531,-16.109413],[33.739528,-16.108599],[33.738686,-16.108602],[33.738404,-16.108061],[33.737843,-16.108063],[33.737844,-16.108334],[33.737563,-16.108335],[33.737566,-16.109149],[33.737847,-16.109148],[33.737568,-16.109691],[33.73841,-16.109688],[33.738131,-16.110231],[33.73757,-16.110233],[33.737569,-16.109962],[33.737289,-16.109963],[33.737006,-16.109422],[33.736445,-16.109424],[33.736446,-16.109695],[33.736166,-16.109696],[33.735887,-16.110239],[33.735326,-16.110241],[33.735324,-16.109699],[33.734763,-16.109701],[33.734762,-16.10943],[33.733359,-16.109434],[33.73336,-16.109706],[33.732799,-16.109707],[33.732798,-16.109436],[33.732237,-16.109438],[33.732238,-16.109709],[33.731678,-16.109982],[33.731675,-16.109169],[33.731114,-16.109171],[33.73111,-16.108086],[33.731391,-16.108085],[33.731394,-16.108899],[33.731955,-16.108897],[33.731953,-16.108354],[33.731672,-16.108355],[33.731669,-16.107542],[33.731108,-16.107544],[33.731102,-16.105917],[33.730541,-16.105918],[33.730539,-16.105376],[33.730259,-16.105377],[33.730256,-16.104564],[33.729695,-16.104565],[33.729697,-16.105108],[33.729977,-16.105107],[33.729979,-16.105649],[33.729699,-16.10565],[33.7297,-16.105921],[33.728578,-16.105925],[33.728577,-16.105654],[33.728015,-16.105656],[33.728015,-16.105385],[33.728295,-16.105384],[33.728291,-16.104299],[33.728572,-16.104298],[33.72857,-16.103756],[33.728289,-16.103757],[33.728007,-16.103215],[33.727165,-16.103218],[33.727167,-16.10376],[33.726886,-16.103761],[33.726887,-16.104033],[33.726327,-16.104306],[33.726329,-16.104848],[33.72689,-16.104846],[33.726891,-16.105117],[33.727172,-16.105116],[33.727173,-16.105388],[33.726612,-16.10539],[33.726611,-16.105118],[33.72633,-16.105119],[33.726332,-16.105662],[33.726613,-16.105661],[33.726615,-16.106203],[33.726895,-16.106202],[33.726901,-16.107829],[33.726621,-16.10783],[33.726625,-16.108915],[33.727186,-16.108913],[33.727187,-16.109184],[33.726906,-16.109185],[33.726907,-16.109456],[33.726627,-16.109457],[33.726626,-16.109186],[33.726345,-16.109187],[33.726346,-16.109458],[33.725785,-16.10946],[33.725786,-16.109731],[33.725506,-16.109732],[33.725509,-16.110546],[33.725228,-16.110547],[33.724663,-16.109464],[33.725224,-16.109462],[33.725223,-16.109191],[33.725504,-16.10919],[33.725501,-16.108376],[33.726062,-16.108374],[33.726061,-16.108103],[33.726341,-16.108102],[33.72634,-16.107831],[33.72606,-16.107832],[33.726057,-16.107019],[33.726337,-16.107018],[33.726616,-16.106474],[33.726335,-16.106475],[33.726334,-16.106204],[33.725493,-16.106207],[33.725494,-16.106478],[33.724933,-16.10648],[33.724934,-16.106751],[33.724653,-16.106752],[33.724652,-16.106481],[33.724372,-16.106482],[33.72437,-16.10594],[33.725211,-16.105937],[33.72521,-16.105665],[33.72577,-16.105392],[33.725765,-16.104036],[33.725485,-16.104037],[33.725484,-16.103766],[33.724923,-16.103768],[33.724924,-16.104039],[33.724362,-16.10377],[33.724085,-16.104856],[33.723524,-16.104858],[33.723526,-16.1054],[33.722966,-16.105673],[33.722963,-16.10486],[33.723244,-16.104859],[33.723242,-16.104316],[33.723802,-16.104043],[33.723799,-16.10323],[33.724079,-16.103229],[33.724078,-16.102957],[33.723517,-16.102959],[33.723516,-16.102688],[33.721553,-16.102695],[33.721552,-16.102424],[33.721271,-16.102425]],[[33.722115,-16.102964],[33.722395,-16.102963],[33.722397,-16.103505],[33.722117,-16.103506],[33.722115,-16.102964]],[[33.721837,-16.103779],[33.722118,-16.103778],[33.722119,-16.104049],[33.721838,-16.10405],[33.721837,-16.103779]],[[33.722959,-16.103775],[33.72324,-16.103774],[33.723241,-16.104045],[33.72296,-16.104046],[33.722959,-16.103775]],[[33.72268,-16.104047],[33.72296,-16.104046],[33.722962,-16.104588],[33.722401,-16.10459],[33.72268,-16.104047]],[[33.726889,-16.104575],[33.727731,-16.104572],[33.727732,-16.104843],[33.72689,-16.104846],[33.726889,-16.104575]],[[33.721,-16.104866],[33.721561,-16.104864],[33.721843,-16.105406],[33.721283,-16.105679],[33.721281,-16.105136],[33.721001,-16.105137],[33.721,-16.104866]],[[33.724087,-16.105398],[33.724368,-16.105397],[33.724369,-16.105668],[33.724088,-16.105669],[33.724087,-16.105398]],[[33.717917,-16.10569],[33.718197,-16.105689],[33.718198,-16.10596],[33.717918,-16.105961],[33.717917,-16.10569]],[[33.727174,-16.105659],[33.727454,-16.105658],[33.727455,-16.105929],[33.727175,-16.10593],[33.727174,-16.105659]],[[33.717637,-16.105962],[33.717918,-16.105961],[33.7182,-16.106503],[33.717639,-16.106505],[33.717637,-16.105962]],[[33.719601,-16.105956],[33.719881,-16.105955],[33.719882,-16.106226],[33.719602,-16.106227],[33.719601,-16.105956]],[[33.721564,-16.105949],[33.721845,-16.105948],[33.722127,-16.106489],[33.721005,-16.106493],[33.721004,-16.106222],[33.721565,-16.10622],[33.721564,-16.105949]],[[33.722126,-16.105947],[33.722687,-16.105945],[33.722688,-16.106216],[33.722968,-16.106215],[33.722967,-16.105944],[33.724089,-16.10594],[33.72409,-16.106212],[33.72381,-16.106213],[33.723812,-16.106755],[33.723252,-16.107028],[33.723251,-16.106757],[33.72297,-16.106758],[33.722969,-16.106487],[33.722408,-16.106489],[33.722126,-16.105947]],[[33.719322,-16.106499],[33.719603,-16.106498],[33.719604,-16.106769],[33.719323,-16.10677],[33.719322,-16.106499]],[[33.720725,-16.106494],[33.721005,-16.106493],[33.721006,-16.106764],[33.720726,-16.106765],[33.720725,-16.106494]],[[33.720166,-16.107038],[33.720446,-16.107038],[33.720447,-16.107309],[33.720167,-16.10731],[33.720166,-16.107038]],[[33.723814,-16.107297],[33.724094,-16.107296],[33.724095,-16.107568],[33.723815,-16.107569],[33.723814,-16.107297]],[[33.728302,-16.107282],[33.728582,-16.107281],[33.728583,-16.107552],[33.728303,-16.107553],[33.728302,-16.107282]],[[33.720168,-16.107581],[33.721009,-16.107578],[33.72101,-16.107849],[33.72073,-16.10785],[33.720731,-16.108121],[33.72017,-16.108123],[33.720168,-16.107581]],[[33.724095,-16.107568],[33.724656,-16.107566],[33.724658,-16.108108],[33.724097,-16.10811],[33.724095,-16.107568]],[[33.724937,-16.107565],[33.725217,-16.107564],[33.725218,-16.107835],[33.724938,-16.107836],[33.724937,-16.107565]],[[33.725498,-16.107563],[33.725778,-16.107562],[33.725779,-16.107833],[33.725499,-16.107834],[33.725498,-16.107563]],[[33.723536,-16.108112],[33.723817,-16.108111],[33.723818,-16.108382],[33.723537,-16.108383],[33.723536,-16.108112]],[[33.727464,-16.10837],[33.728025,-16.108368],[33.728028,-16.109181],[33.727466,-16.108912],[33.727464,-16.10837]],[[33.738406,-16.108603],[33.738686,-16.108602],[33.738687,-16.108874],[33.738407,-16.108875],[33.738406,-16.108603]],[[33.728308,-16.108909],[33.728588,-16.108908],[33.728589,-16.109179],[33.728309,-16.10918],[33.728308,-16.108909]],[[33.722137,-16.109201],[33.722418,-16.1092],[33.722419,-16.109472],[33.722138,-16.109473],[33.722137,-16.109201]],[[33.728589,-16.109179],[33.72887,-16.109178],[33.728871,-16.10945],[33.72859,-16.109451],[33.728589,-16.109179]],[[33.732519,-16.109708],[33.732799,-16.109707],[33.7328,-16.109979],[33.73252,-16.10998],[33.732519,-16.109708]],[[33.723823,-16.110009],[33.724384,-16.110007],[33.724385,-16.110279],[33.723824,-16.11028],[33.723823,-16.110009]],[[33.725787,-16.110003],[33.726068,-16.110002],[33.726069,-16.110273],[33.725788,-16.110274],[33.725787,-16.110003]],[[33.726348,-16.110001],[33.726629,-16.11],[33.726911,-16.110541],[33.72607,-16.110544],[33.726348,-16.110001]],[[33.727751,-16.109996],[33.728031,-16.109995],[33.728032,-16.110266],[33.727752,-16.110267],[33.727751,-16.109996]],[[33.728592,-16.109993],[33.729153,-16.109991],[33.729154,-16.110262],[33.728593,-16.110264],[33.728592,-16.109993]],[[33.736167,-16.109967],[33.736447,-16.109966],[33.736448,-16.110237],[33.736168,-16.110238],[33.736167,-16.109967]],[[33.738131,-16.110231],[33.738412,-16.11023],[33.738413,-16.110502],[33.738132,-16.110503],[33.738131,-16.110231]],[[33.728875,-16.110534],[33.729155,-16.110533],[33.729159,-16.111618],[33.728598,-16.11162],[33.728595,-16.110807],[33.728876,-16.110806],[33.728875,-16.110534]],[[33.73701,-16.110507],[33.737291,-16.110506],[33.737292,-16.110777],[33.737011,-16.110778],[33.73701,-16.110507]],[[33.738413,-16.110502],[33.738693,-16.110501],[33.738694,-16.110772],[33.738414,-16.110773],[33.738413,-16.110502]],[[33.723826,-16.110823],[33.724107,-16.110822],[33.724108,-16.111093],[33.723827,-16.111094],[33.723826,-16.110823]],[[33.723266,-16.111096],[33.723827,-16.111094],[33.723828,-16.111365],[33.723267,-16.111367],[33.723266,-16.111096]],[[33.737015,-16.111862],[33.737296,-16.111861],[33.737297,-16.112133],[33.737016,-16.112134],[33.737015,-16.111862]],[[33.738418,-16.111858],[33.738979,-16.111856],[33.73898,-16.112127],[33.738419,-16.112129],[33.738418,-16.111858]],[[33.740943,-16.111849],[33.741223,-16.111848],[33.741224,-16.112119],[33.740944,-16.11212],[33.740943,-16.111849]],[[33.712891,-16.112216],[33.713171,-16.112215],[33.713172,-16.112486],[33.712892,-16.112487],[33.712891,-16.112216]],[[33.723831,-16.112179],[33.724112,-16.112178],[33.724113,-16.112449],[33.723832,-16.11245],[33.723831,-16.112179]],[[33.736175,-16.112137],[33.736455,-16.112136],[33.736456,-16.112407],[33.736176,-16.112408],[33.736175,-16.112137]],[[33.737858,-16.112131],[33.738138,-16.11213],[33.738139,-16.112401],[33.737859,-16.112402],[33.737858,-16.112131]],[[33.73898,-16.112127],[33.73926,-16.112126],[33.739261,-16.112397],[33.738981,-16.112398],[33.73898,-16.112127]],[[33.736737,-16.112406],[33.737017,-16.112405],[33.737018,-16.112676],[33.736738,-16.112677],[33.736737,-16.112406]],[[33.735616,-16.112681],[33.736457,-16.112678],[33.736458,-16.112949],[33.735617,-16.112952],[33.735616,-16.112681]],[[33.73814,-16.112672],[33.738421,-16.112671],[33.738422,-16.112942],[33.738983,-16.11294],[33.738985,-16.113483],[33.738424,-16.113485],[33.738423,-16.113214],[33.738142,-16.113215],[33.73814,-16.112672]],[[33.738982,-16.112669],[33.739262,-16.112668],[33.739263,-16.112939],[33.738983,-16.11294],[33.738982,-16.112669]],[[33.717383,-16.113285],[33.717664,-16.113284],[33.717665,-16.113827],[33.717385,-16.113828],[33.717383,-16.113285]],[[33.729165,-16.113245],[33.729726,-16.113243],[33.729729,-16.114057],[33.729449,-16.114058],[33.72945,-16.114329],[33.729169,-16.11433],[33.729165,-16.113245]],[[33.711493,-16.113576],[33.712054,-16.113574],[33.712056,-16.114117],[33.711495,-16.114119],[33.711493,-16.113576]],[[33.739827,-16.11348],[33.740389,-16.113749],[33.740394,-16.115105],[33.739833,-16.115107],[33.739834,-16.115378],[33.739553,-16.115379],[33.739555,-16.115922],[33.739836,-16.115921],[33.73984,-16.117005],[33.739559,-16.117006],[33.739558,-16.116735],[33.739278,-16.116736],[33.739274,-16.115922],[33.738994,-16.115923],[33.738993,-16.115652],[33.738712,-16.115653],[33.73843,-16.115112],[33.738991,-16.11511],[33.738987,-16.114025],[33.739548,-16.114023],[33.739827,-16.11348]],[[33.749084,-16.113448],[33.749645,-16.113446],[33.749646,-16.113717],[33.749085,-16.113719],[33.749084,-16.113448]],[[33.727204,-16.113794],[33.727484,-16.113793],[33.727486,-16.114336],[33.726925,-16.114338],[33.727204,-16.113794]],[[33.727765,-16.113793],[33.728326,-16.113791],[33.728328,-16.114333],[33.728047,-16.114334],[33.727765,-16.113793]],[[33.728606,-16.11379],[33.728887,-16.113789],[33.728888,-16.11406],[33.728607,-16.114061],[33.728606,-16.11379]],[[33.745719,-16.113731],[33.745999,-16.11373],[33.746,-16.114001],[33.74572,-16.114002],[33.745719,-16.113731]],[[33.748524,-16.113721],[33.749085,-16.113719],[33.749086,-16.11399],[33.748525,-16.113992],[33.748524,-16.113721]],[[33.738145,-16.114028],[33.738706,-16.114026],[33.738707,-16.114297],[33.738147,-16.11457],[33.738145,-16.114028]],[[33.749647,-16.113988],[33.749928,-16.113987],[33.749929,-16.114258],[33.749648,-16.114259],[33.749647,-16.113988]],[[33.717948,-16.114368],[33.718228,-16.114367],[33.718229,-16.114638],[33.717949,-16.114639],[33.717948,-16.114368]],[[33.718509,-16.114366],[33.71907,-16.114364],[33.719071,-16.114636],[33.71851,-16.114637],[33.718509,-16.114366]],[[33.723278,-16.11435],[33.723559,-16.114349],[33.723561,-16.114892],[33.72328,-16.114893],[33.723278,-16.11435]],[[33.742074,-16.114286],[33.742636,-16.114555],[33.742638,-16.115097],[33.742076,-16.114828],[33.742074,-16.114286]],[[33.71318,-16.114655],[33.71346,-16.114654],[33.713461,-16.114926],[33.713181,-16.114926],[33.71318,-16.114655]],[[33.727207,-16.114608],[33.727487,-16.114607],[33.72749,-16.115421],[33.727209,-16.115422],[33.727207,-16.114608]],[[33.728048,-16.114605],[33.728329,-16.114604],[33.728332,-16.115418],[33.728051,-16.115419],[33.728048,-16.114605]],[[33.741514,-16.114559],[33.741794,-16.114558],[33.741795,-16.114829],[33.741515,-16.11483],[33.741514,-16.114559]],[[33.747124,-16.114539],[33.747405,-16.114538],[33.747406,-16.114809],[33.747125,-16.11481],[33.747124,-16.114539]],[[33.719072,-16.114907],[33.719353,-16.114906],[33.719354,-16.115177],[33.719073,-16.115178],[33.719072,-16.114907]],[[33.721036,-16.1149],[33.72216,-16.115439],[33.722163,-16.116252],[33.721882,-16.116253],[33.721881,-16.115982],[33.72104,-16.115985],[33.721039,-16.115714],[33.720197,-16.115717],[33.720199,-16.116259],[33.72048,-16.116258],[33.720482,-16.1168],[33.720201,-16.116801],[33.7202,-16.11653],[33.719919,-16.116531],[33.719916,-16.115446],[33.720757,-16.115443],[33.721036,-16.1149]],[[33.734501,-16.114854],[33.734782,-16.114853],[33.734783,-16.115124],[33.734502,-16.115125],[33.734501,-16.114854]],[[33.746564,-16.114812],[33.746845,-16.114811],[33.746846,-16.115083],[33.74909,-16.115075],[33.749091,-16.115346],[33.750212,-16.115071],[33.750213,-16.115342],[33.749933,-16.115343],[33.749934,-16.115614],[33.749373,-16.115616],[33.749374,-16.115887],[33.749654,-16.115886],[33.749657,-16.1167],[33.749377,-16.116701],[33.749376,-16.11643],[33.748815,-16.116432],[33.748814,-16.11616],[33.748253,-16.116162],[33.748252,-16.115891],[33.747692,-16.116164],[33.747691,-16.115893],[33.74741,-16.115894],[33.747127,-16.115353],[33.746567,-16.115626],[33.746566,-16.115355],[33.746286,-16.115356],[33.746564,-16.114812]],[[33.722159,-16.115167],[33.722439,-16.115167],[33.72244,-16.115438],[33.72216,-16.115439],[33.722159,-16.115167]],[[33.723,-16.115165],[33.723281,-16.115164],[33.723282,-16.115435],[33.723001,-16.115436],[33.723,-16.115165]],[[33.731136,-16.115137],[33.731417,-16.115136],[33.731418,-16.115407],[33.731137,-16.115408],[33.731136,-16.115137]],[[33.735344,-16.115122],[33.735625,-16.115122],[33.735626,-16.115393],[33.735345,-16.115394],[33.735344,-16.115122]],[[33.718513,-16.115451],[33.719074,-16.115449],[33.719075,-16.11572],[33.718515,-16.115993],[33.718513,-16.115451]],[[33.722721,-16.115437],[33.723001,-16.115436],[33.723002,-16.115707],[33.722722,-16.115708],[33.722721,-16.115437]],[[33.726929,-16.115423],[33.727209,-16.115422],[33.72721,-16.115693],[33.72693,-16.115694],[33.726929,-16.115423]],[[33.742919,-16.115367],[33.7432,-16.115366],[33.743201,-16.115638],[33.74292,-16.115639],[33.742919,-16.115367]],[[33.750494,-16.115341],[33.750774,-16.11534],[33.750775,-16.115611],[33.750495,-16.115612],[33.750494,-16.115341]],[[33.726649,-16.115695],[33.72693,-16.115694],[33.726932,-16.116236],[33.726372,-16.116509],[33.72637,-16.115967],[33.72665,-16.115966],[33.726649,-16.115695]],[[33.721602,-16.116254],[33.721882,-16.116253],[33.721883,-16.116524],[33.721603,-16.116525],[33.721602,-16.116254]],[[33.730298,-16.116225],[33.730579,-16.116224],[33.730861,-16.116765],[33.73002,-16.116768],[33.730298,-16.116225]],[[33.723286,-16.11652],[33.723566,-16.116519],[33.723567,-16.11679],[33.723287,-16.116791],[33.723286,-16.11652]],[[33.728055,-16.116503],[33.728336,-16.116502],[33.728337,-16.116774],[33.728617,-16.116773],[33.7289,-16.117314],[33.728058,-16.117317],[33.728055,-16.116503]],[[33.720482,-16.1168],[33.721884,-16.116796],[33.721886,-16.117338],[33.720484,-16.117343],[33.720482,-16.1168]],[[33.731422,-16.116763],[33.731703,-16.116762],[33.731704,-16.117033],[33.731423,-16.117034],[33.731422,-16.116763]],[[33.742644,-16.116724],[33.743205,-16.116722],[33.743207,-16.117265],[33.742646,-16.117267],[33.742644,-16.116724]],[[33.729179,-16.117042],[33.72946,-16.117041],[33.729463,-16.117855],[33.728901,-16.117585],[33.729179,-16.117042]],[[33.730021,-16.117039],[33.730301,-16.117038],[33.730302,-16.117309],[33.730022,-16.11731],[33.730021,-16.117039]],[[33.731704,-16.117033],[33.732265,-16.117031],[33.732266,-16.117303],[33.731705,-16.117305],[33.731704,-16.117033]],[[33.744328,-16.11699],[33.744609,-16.116989],[33.74461,-16.11726],[33.745172,-16.117529],[33.744893,-16.118072],[33.744613,-16.118073],[33.744612,-16.117802],[33.74405,-16.117533],[33.744328,-16.11699]],[[33.747134,-16.11698],[33.747414,-16.116979],[33.747415,-16.11725],[33.747135,-16.117251],[33.747134,-16.11698]],[[33.732266,-16.117303],[33.732547,-16.117302],[33.732548,-16.117573],[33.732267,-16.117574],[33.732266,-16.117303]],[[33.737597,-16.117555],[33.737878,-16.117554],[33.737879,-16.117826],[33.737598,-16.117827],[33.737597,-16.117555]],[[33.739,-16.117551],[33.739281,-16.11755],[33.739282,-16.117821],[33.739001,-16.117822],[33.739,-16.117551]],[[33.739561,-16.117549],[33.740122,-16.117547],[33.740123,-16.117818],[33.739562,-16.11782],[33.739561,-16.117549]],[[33.743769,-16.117534],[33.74405,-16.117533],[33.744051,-16.117804],[33.74377,-16.117805],[33.743769,-16.117534]],[[33.745452,-16.117528],[33.745733,-16.117527],[33.745734,-16.117798],[33.745453,-16.117799],[33.745452,-16.117528]],[[33.747136,-16.117522],[33.747697,-16.11752],[33.747698,-16.117791],[33.747137,-16.117793],[33.747136,-16.117522]],[[33.731988,-16.117846],[33.732268,-16.117845],[33.732269,-16.118116],[33.731989,-16.118117],[33.731988,-16.117846]],[[33.73872,-16.117823],[33.739001,-16.117822],[33.739003,-16.118364],[33.738722,-16.118365],[33.73872,-16.117823]],[[33.742929,-16.117808],[33.743209,-16.117807],[33.74321,-16.118078],[33.74293,-16.118079],[33.742929,-16.117808]],[[33.712631,-16.118183],[33.713192,-16.118181],[33.713194,-16.118723],[33.712914,-16.118724],[33.712631,-16.118183]],[[33.735355,-16.118106],[33.735636,-16.118105],[33.735637,-16.118376],[33.735917,-16.118375],[33.735918,-16.118646],[33.736199,-16.118645],[33.736481,-16.119186],[33.734798,-16.119192],[33.734797,-16.118921],[33.735357,-16.118648],[33.735355,-16.118106]],[[33.74854,-16.11806],[33.748821,-16.118059],[33.748822,-16.11833],[33.748541,-16.118331],[33.74854,-16.11806]],[[33.717401,-16.118438],[33.718243,-16.118435],[33.718244,-16.118706],[33.717402,-16.118709],[33.717401,-16.118438]],[[33.718804,-16.118433],[33.719365,-16.118431],[33.719087,-16.118975],[33.719928,-16.118972],[33.71993,-16.119514],[33.71965,-16.119515],[33.719649,-16.119244],[33.718527,-16.119248],[33.718528,-16.119519],[33.717966,-16.119521],[33.717966,-16.11925],[33.717685,-16.11925],[33.717684,-16.118979],[33.718806,-16.118975],[33.718804,-16.118433]],[[33.740406,-16.118359],[33.740686,-16.118358],[33.740687,-16.11863],[33.741248,-16.118628],[33.741249,-16.118899],[33.742091,-16.118896],[33.742373,-16.119437],[33.742935,-16.119435],[33.742939,-16.12052],[33.742377,-16.120251],[33.742374,-16.119708],[33.740972,-16.119713],[33.740974,-16.120256],[33.740132,-16.120259],[33.740128,-16.119174],[33.740409,-16.119173],[33.740406,-16.118359]],[[33.746858,-16.118337],[33.747419,-16.118335],[33.74742,-16.118606],[33.747981,-16.118604],[33.747982,-16.118875],[33.747421,-16.118877],[33.747423,-16.11942],[33.747143,-16.119421],[33.747141,-16.118878],[33.74658,-16.11888],[33.746858,-16.118337]],[[33.71067,-16.118732],[33.712072,-16.118727],[33.712075,-16.11954],[33.711514,-16.119542],[33.711515,-16.119813],[33.711234,-16.119814],[33.71067,-16.118732]],[[33.717122,-16.11871],[33.717402,-16.118709],[33.717404,-16.119251],[33.717124,-16.119252],[33.717122,-16.11871]],[[33.719927,-16.118701],[33.720208,-16.1187],[33.720209,-16.118971],[33.719928,-16.118972],[33.719927,-16.118701]],[[33.721612,-16.118966],[33.721892,-16.118965],[33.721893,-16.119236],[33.721613,-16.119237],[33.721612,-16.118966]],[[33.714599,-16.119261],[33.715161,-16.11953],[33.715164,-16.120344],[33.714602,-16.120074],[33.714599,-16.119261]],[[33.738725,-16.119179],[33.739006,-16.119178],[33.739007,-16.119449],[33.738726,-16.11945],[33.738725,-16.119179]],[[33.743775,-16.119161],[33.744897,-16.119157],[33.744898,-16.119428],[33.745179,-16.119427],[33.745181,-16.11997],[33.744339,-16.119973],[33.744338,-16.119702],[33.743777,-16.119704],[33.743775,-16.119161]],[[33.712917,-16.119538],[33.713197,-16.119537],[33.713199,-16.120079],[33.712919,-16.12008],[33.712917,-16.119538]],[[33.733396,-16.119468],[33.733957,-16.119466],[33.733958,-16.119738],[33.733397,-16.119739],[33.733396,-16.119468]],[[33.734238,-16.119465],[33.734518,-16.119464],[33.73452,-16.120007],[33.73424,-16.120008],[33.734238,-16.119465]],[[33.719651,-16.119786],[33.720492,-16.119783],[33.720493,-16.120055],[33.719372,-16.12033],[33.719651,-16.119786]],[[33.722456,-16.119777],[33.722737,-16.119776],[33.722738,-16.120047],[33.722457,-16.120048],[33.722456,-16.119777]],[[33.724702,-16.120312],[33.724983,-16.120311],[33.724984,-16.120582],[33.724703,-16.120583],[33.724702,-16.120312]],[[33.736766,-16.12027],[33.737046,-16.120269],[33.737047,-16.12054],[33.736767,-16.120541],[33.736766,-16.12027]],[[33.739852,-16.12026],[33.740132,-16.120259],[33.740133,-16.12053],[33.739853,-16.120531],[33.739852,-16.12026]],[[33.708712,-16.120636],[33.708993,-16.120635],[33.708994,-16.120907],[33.708713,-16.120908],[33.708712,-16.120636]],[[33.709274,-16.120635],[33.709554,-16.120634],[33.709555,-16.120905],[33.709275,-16.120906],[33.709274,-16.120635]],[[33.723581,-16.120587],[33.723862,-16.120586],[33.723863,-16.120857],[33.723582,-16.120858],[33.723581,-16.120587]],[[33.724142,-16.120585],[33.724423,-16.120584],[33.724424,-16.120855],[33.724143,-16.120856],[33.724142,-16.120585]],[[33.734803,-16.120548],[33.735083,-16.120547],[33.735084,-16.120818],[33.734804,-16.120819],[33.734803,-16.120548]],[[33.744902,-16.120513],[33.745183,-16.120512],[33.745184,-16.120783],[33.744903,-16.120784],[33.744902,-16.120513]],[[33.733121,-16.120825],[33.733401,-16.120824],[33.733402,-16.121095],[33.733122,-16.121096],[33.733121,-16.120825]],[[33.734243,-16.120821],[33.734523,-16.12082],[33.734524,-16.121092],[33.734244,-16.121092],[33.734243,-16.120821]],[[33.735084,-16.120818],[33.735365,-16.120817],[33.735366,-16.121089],[33.735085,-16.12109],[33.735084,-16.120818]],[[33.740134,-16.120801],[33.740415,-16.1208],[33.740416,-16.121071],[33.740135,-16.121072],[33.740134,-16.120801]],[[33.73761,-16.121081],[33.737891,-16.12108],[33.737894,-16.121893],[33.738174,-16.121892],[33.738175,-16.122164],[33.737614,-16.122166],[33.737613,-16.121894],[33.736772,-16.121897],[33.736771,-16.121626],[33.737051,-16.121625],[33.73705,-16.121354],[33.737611,-16.121352],[33.73761,-16.121081]],[[33.738734,-16.121348],[33.739014,-16.121347],[33.739015,-16.121618],[33.738735,-16.121619],[33.738734,-16.121348]],[[33.740136,-16.121343],[33.740697,-16.121341],[33.740698,-16.121613],[33.740137,-16.121615],[33.740136,-16.121343]],[[33.719938,-16.121684],[33.720499,-16.121682],[33.7205,-16.121953],[33.719939,-16.121955],[33.719938,-16.121684]],[[33.722744,-16.121674],[33.723306,-16.121943],[33.723027,-16.122487],[33.722465,-16.122217],[33.722744,-16.121674]],[[33.734807,-16.121633],[33.735368,-16.121631],[33.735369,-16.121902],[33.734808,-16.121904],[33.734807,-16.121633]],[[33.739857,-16.121615],[33.740137,-16.121615],[33.740138,-16.121886],[33.739858,-16.121887],[33.739857,-16.121615]],[[33.736491,-16.121898],[33.736772,-16.121897],[33.736773,-16.122169],[33.736492,-16.122169],[33.736491,-16.121898]],[[33.738455,-16.121892],[33.738736,-16.121891],[33.738737,-16.122162],[33.738456,-16.122163],[33.738455,-16.121892]],[[33.715451,-16.122241],[33.715732,-16.12224],[33.715736,-16.123325],[33.715175,-16.123327],[33.715451,-16.122241]],[[33.718818,-16.12223],[33.719098,-16.122229],[33.719099,-16.1225],[33.718819,-16.122501],[33.718818,-16.12223]],[[33.73537,-16.122173],[33.735651,-16.122172],[33.735652,-16.122444],[33.735371,-16.122445],[33.73537,-16.122173]],[[33.739298,-16.12216],[33.739859,-16.122158],[33.73986,-16.122429],[33.739299,-16.122431],[33.739298,-16.12216]],[[33.740981,-16.122154],[33.741261,-16.122153],[33.741263,-16.122695],[33.740703,-16.122968],[33.740701,-16.122426],[33.740982,-16.122425],[33.740981,-16.122154]],[[33.737896,-16.122436],[33.738176,-16.122435],[33.738177,-16.122706],[33.737897,-16.122707],[33.737896,-16.122436]],[[33.717978,-16.122775],[33.718539,-16.122773],[33.71854,-16.123044],[33.717979,-16.123046],[33.717978,-16.122775]],[[33.739019,-16.122703],[33.7393,-16.122702],[33.739301,-16.122973],[33.73902,-16.122974],[33.739019,-16.122703]],[[33.717138,-16.123049],[33.717979,-16.123046],[33.71798,-16.123317],[33.717139,-16.12332],[33.717138,-16.123049]],[[33.738459,-16.122976],[33.73874,-16.122975],[33.738741,-16.123246],[33.73846,-16.123247],[33.738459,-16.122976]],[[33.740986,-16.12351],[33.741548,-16.123779],[33.741551,-16.124593],[33.741832,-16.124592],[33.741833,-16.124863],[33.742394,-16.124861],[33.742396,-16.125403],[33.740993,-16.125408],[33.740992,-16.125137],[33.740711,-16.125138],[33.74071,-16.124867],[33.74127,-16.124594],[33.740986,-16.12351]],[[33.716018,-16.123866],[33.716299,-16.123865],[33.7163,-16.124137],[33.716019,-16.124137],[33.716018,-16.123866]],[[33.743792,-16.123771],[33.744073,-16.12377],[33.744075,-16.124313],[33.743794,-16.124314],[33.743792,-16.123771]],[[33.716581,-16.124407],[33.716862,-16.124406],[33.716863,-16.124677],[33.716582,-16.124678],[33.716581,-16.124407]]]}},{"type":"Feature","properties":{"ano":2020,"camada":"urbano","area_km2":0.0036},"geometry":{"type":"Polygon","coordinates":[[[33.629618,-16.127122],[33.629901,-16.127663],[33.630461,-16.127391],[33.63046,-16.127119],[33.629618,-16.127122]]]}},{"type":"Feature","properties":{"ano":2020,"camada":"urbano","area_km2":0.0009},"geometry":{"type":"Polygon","coordinates":[[[33.523848,-16.127679],[33.523849,-16.12795],[33.524129,-16.127949],[33.524128,-16.127678],[33.523848,-16.127679]]]}},{"type":"Feature","properties":{"ano":2020,"camada":"urbano","area_km2":0.0486},"geometry":{"type":"Polygon","coordinates":[[[33.636344,-16.124661],[33.636346,-16.125475],[33.635785,-16.125476],[33.635508,-16.126562],[33.63607,-16.126831],[33.636354,-16.127915],[33.636915,-16.127914],[33.636914,-16.127371],[33.637194,-16.127371],[33.637195,-16.127642],[33.638037,-16.127639],[33.638036,-16.127368],[33.638316,-16.127367],[33.638315,-16.126825],[33.637754,-16.126826],[33.637753,-16.126555],[33.637191,-16.126286],[33.637469,-16.125743],[33.636908,-16.125473],[33.636905,-16.124659],[33.636344,-16.124661]],[[33.636067,-16.125747],[33.636347,-16.125746],[33.636348,-16.126017],[33.636068,-16.126018],[33.636067,-16.125747]],[[33.635787,-16.126019],[33.636068,-16.126018],[33.636068,-16.126289],[33.635788,-16.12629],[33.635787,-16.126019]],[[33.636348,-16.126017],[33.636629,-16.126016],[33.63663,-16.126287],[33.636349,-16.126288],[33.636348,-16.126017]],[[33.63663,-16.126287],[33.63691,-16.126287],[33.636912,-16.126829],[33.636631,-16.12683],[33.63663,-16.126287]],[[33.637192,-16.126828],[33.637473,-16.126827],[33.637474,-16.127099],[33.637193,-16.127099],[33.637192,-16.126828]]]}},{"type":"Feature","properties":{"ano":2020,"camada":"urbano","area_km2":0.0063},"geometry":{"type":"Polygon","coordinates":[[[33.537595,-16.127374],[33.537596,-16.127916],[33.537877,-16.127915],[33.537877,-16.128186],[33.538439,-16.128185],[33.538437,-16.127643],[33.538157,-16.127643],[33.538156,-16.127372],[33.537595,-16.127374]]]}},{"type":"Feature","properties":{"ano":2020,"camada":"urbano","area_km2":0.0657},"geometry":{"type":"Polygon","coordinates":[[[33.54965,-16.124088],[33.549652,-16.124902],[33.549933,-16.124901],[33.549934,-16.125444],[33.550495,-16.125442],[33.550777,-16.125984],[33.551338,-16.125982],[33.55134,-16.126525],[33.550218,-16.126528],[33.550218,-16.126799],[33.550499,-16.126798],[33.550501,-16.127341],[33.550781,-16.12734],[33.550782,-16.127611],[33.551344,-16.127881],[33.551345,-16.128423],[33.551906,-16.128422],[33.551906,-16.128151],[33.552186,-16.12815],[33.552182,-16.126794],[33.551902,-16.126795],[33.5519,-16.125981],[33.55218,-16.12598],[33.552179,-16.125438],[33.551898,-16.125439],[33.551896,-16.124625],[33.551615,-16.124626],[33.551615,-16.124355],[33.550773,-16.124357],[33.550774,-16.124899],[33.550494,-16.1249],[33.550493,-16.124629],[33.550213,-16.124629],[33.550212,-16.124358],[33.54965,-16.124088]],[[33.550774,-16.124899],[33.551055,-16.124898],[33.551056,-16.12517],[33.550775,-16.12517],[33.550774,-16.124899]]]}},{"type":"Feature","properties":{"ano":2020,"camada":"urbano","area_km2":0.0009},"geometry":{"type":"Polygon","coordinates":[[[33.593429,-16.128039],[33.593429,-16.12831],[33.59371,-16.12831],[33.593709,-16.128038],[33.593429,-16.128039]]]}},{"type":"Feature","properties":{"ano":2020,"camada":"urbano","area_km2":0.0009},"geometry":{"type":"Polygon","coordinates":[[[33.62906,-16.127937],[33.629061,-16.128208],[33.629341,-16.128207],[33.62934,-16.127936],[33.62906,-16.127937]]]}},{"type":"Feature","properties":{"ano":2020,"camada":"urbano","area_km2":0.0045},"geometry":{"type":"Polygon","coordinates":[[[33.523007,-16.127952],[33.523008,-16.128223],[33.523288,-16.128223],[33.523289,-16.128494],[33.523851,-16.128764],[33.523849,-16.128221],[33.523569,-16.128222],[33.523568,-16.127951],[33.523007,-16.127952]]]}},{"type":"Feature","properties":{"ano":2020,"camada":"urbano","area_km2":0.0108},"geometry":{"type":"Polygon","coordinates":[[[33.621763,-16.127416],[33.621764,-16.127687],[33.621484,-16.127688],[33.621486,-16.128502],[33.622328,-16.128499],[33.622607,-16.127956],[33.622326,-16.127957],[33.622325,-16.127414],[33.621763,-16.127416]]]}},{"type":"Feature","properties":{"ano":2020,"camada":"urbano","area_km2":0.0009},"geometry":{"type":"Polygon","coordinates":[[[33.59371,-16.12831],[33.593711,-16.128581],[33.593991,-16.12858],[33.593991,-16.128309],[33.59371,-16.12831]]]}},{"type":"Feature","properties":{"ano":2020,"camada":"urbano","area_km2":0.0045},"geometry":{"type":"Polygon","coordinates":[[[33.60381,-16.128281],[33.604092,-16.128823],[33.604654,-16.128821],[33.604652,-16.128279],[33.60381,-16.128281]]]}},{"type":"Feature","properties":{"ano":2020,"camada":"urbano","area_km2":0.0036},"geometry":{"type":"Polygon","coordinates":[[[33.524131,-16.128492],[33.523851,-16.129035],[33.524693,-16.129033],[33.524692,-16.128762],[33.524131,-16.128492]]]}},{"type":"Feature","properties":{"ano":2020,"camada":"urbano","area_km2":0.0153},"geometry":{"type":"Polygon","coordinates":[[[33.747169,-16.126471],[33.747171,-16.127014],[33.747452,-16.127013],[33.747453,-16.127284],[33.747172,-16.127285],[33.747175,-16.128099],[33.746895,-16.1281],[33.746896,-16.128371],[33.747737,-16.128368],[33.747455,-16.127826],[33.747735,-16.127825],[33.747733,-16.127283],[33.748294,-16.127281],[33.748292,-16.126739],[33.747169,-16.126471]]]}},{"type":"Feature","properties":{"ano":2020,"camada":"urbano","area_km2":0.0036},"geometry":{"type":"Polygon","coordinates":[[[33.746335,-16.128373],[33.746337,-16.128915],[33.746898,-16.128913],[33.746896,-16.128371],[33.746335,-16.128373]]]}},{"type":"Feature","properties":{"ano":2020,"camada":"urbano","area_km2":0.0027},"geometry":{"type":"Polygon","coordinates":[[[33.644774,-16.128975],[33.644775,-16.129246],[33.645617,-16.129244],[33.645616,-16.128972],[33.644774,-16.128975]]]}},{"type":"Feature","properties":{"ano":2020,"camada":"urbano","area_km2":0.0171},"geometry":{"type":"Polygon","coordinates":[[[33.620082,-16.127963],[33.620084,-16.128506],[33.620364,-16.128505],[33.620367,-16.129318],[33.621208,-16.129316],[33.621209,-16.129587],[33.62149,-16.129586],[33.621487,-16.128773],[33.621207,-16.128774],[33.621205,-16.128231],[33.620924,-16.128232],[33.620924,-16.127961],[33.620082,-16.127963]]]}},{"type":"Feature","properties":{"ano":2020,"camada":"urbano","area_km2":0.0009},"geometry":{"type":"Polygon","coordinates":[[[33.551348,-16.129508],[33.551349,-16.129779],[33.55163,-16.129778],[33.551629,-16.129507],[33.551348,-16.129508]]]}},{"type":"Feature","properties":{"ano":2020,"camada":"urbano","area_km2":0.0684},"geometry":{"type":"Polygon","coordinates":[[[33.591744,-16.127501],[33.591745,-16.127773],[33.591183,-16.127774],[33.590904,-16.128317],[33.590343,-16.128319],[33.590345,-16.128861],[33.589784,-16.128863],[33.589783,-16.128592],[33.589502,-16.128592],[33.5895,-16.127779],[33.588939,-16.12778],[33.58894,-16.128052],[33.588659,-16.128052],[33.588661,-16.128595],[33.5881,-16.128596],[33.587821,-16.129139],[33.585576,-16.129146],[33.585578,-16.129688],[33.586139,-16.129686],[33.58614,-16.129958],[33.58642,-16.129957],[33.586699,-16.129414],[33.58726,-16.129412],[33.587261,-16.129683],[33.587822,-16.129682],[33.587823,-16.129953],[33.588104,-16.129952],[33.588381,-16.128867],[33.588942,-16.128865],[33.588941,-16.128594],[33.589222,-16.128593],[33.589223,-16.129136],[33.588943,-16.129136],[33.589225,-16.129678],[33.590067,-16.129676],[33.590066,-16.129404],[33.590908,-16.129402],[33.590908,-16.129673],[33.59147,-16.129672],[33.591469,-16.129401],[33.590907,-16.129131],[33.590905,-16.128589],[33.591466,-16.128316],[33.591466,-16.128587],[33.592028,-16.128857],[33.592027,-16.128314],[33.592588,-16.128313],[33.592587,-16.128041],[33.592868,-16.128041],[33.592866,-16.127498],[33.592305,-16.1275],[33.592306,-16.127771],[33.591744,-16.127501]]]}},{"type":"Feature","properties":{"ano":2020,"camada":"urbano","area_km2":0.0018},"geometry":{"type":"Polygon","coordinates":[[[33.60578,-16.130174],[33.605781,-16.130445],[33.606342,-16.130444],[33.606341,-16.130172],[33.60578,-16.130174]]]}},{"type":"Feature","properties":{"ano":2020,"camada":"urbano","area_km2":0.0063},"geometry":{"type":"Polygon","coordinates":[[[33.604937,-16.129634],[33.604937,-16.129905],[33.605218,-16.129904],[33.60522,-16.130718],[33.605782,-16.130716],[33.605781,-16.130445],[33.6055,-16.130446],[33.605499,-16.129904],[33.605779,-16.129903],[33.605778,-16.129632],[33.604937,-16.129634]]]}},{"type":"Feature","properties":{"ano":2020,"camada":"urbano","area_km2":0.0018},"geometry":{"type":"Polygon","coordinates":[[[33.608866,-16.130165],[33.608868,-16.130708],[33.609148,-16.130707],[33.609147,-16.130164],[33.608866,-16.130165]]]}},{"type":"Feature","properties":{"ano":2020,"camada":"urbano","area_km2":0.0225},"geometry":{"type":"Polygon","coordinates":[[[33.618404,-16.129595],[33.618404,-16.129867],[33.617844,-16.130139],[33.618126,-16.130681],[33.618687,-16.130679],[33.618688,-16.130951],[33.619811,-16.130947],[33.61981,-16.130676],[33.62009,-16.130675],[33.620089,-16.130404],[33.619809,-16.130405],[33.619527,-16.129863],[33.618404,-16.129595]]]}},{"type":"Feature","properties":{"ano":2020,"camada":"urbano","area_km2":0.0045},"geometry":{"type":"Polygon","coordinates":[[[33.643375,-16.130064],[33.643376,-16.130335],[33.642815,-16.130337],[33.642816,-16.130608],[33.643377,-16.130606],[33.643378,-16.130878],[33.643658,-16.130877],[33.643656,-16.130063],[33.643375,-16.130064]]]}},{"type":"Feature","properties":{"ano":2020,"camada":"urbano","area_km2":0.0036},"geometry":{"type":"Polygon","coordinates":[[[33.608025,-16.130439],[33.608028,-16.131252],[33.608308,-16.131252],[33.608587,-16.130708],[33.608025,-16.130439]]]}},{"type":"Feature","properties":{"ano":2020,"camada":"urbano","area_km2":0.0036},"geometry":{"type":"Polygon","coordinates":[[[33.656563,-16.130566],[33.656565,-16.131109],[33.657126,-16.131107],[33.657124,-16.130564],[33.656563,-16.130566]]]}},{"type":"Feature","properties":{"ano":2020,"camada":"urbano","area_km2":0.0018},"geometry":{"type":"Polygon","coordinates":[[[33.605502,-16.130988],[33.605503,-16.13126],[33.606064,-16.131258],[33.606063,-16.130987],[33.605502,-16.130988]]]}},{"type":"Feature","properties":{"ano":2020,"camada":"urbano","area_km2":0.0027},"geometry":{"type":"Polygon","coordinates":[[[33.744098,-16.13055],[33.7441,-16.131092],[33.744381,-16.131091],[33.744659,-16.130548],[33.744098,-16.13055]]]}},{"type":"Feature","properties":{"ano":2020,"camada":"urbano","area_km2":0.0009},"geometry":{"type":"Polygon","coordinates":[[[33.747185,-16.13081],[33.747186,-16.131082],[33.747467,-16.131081],[33.747466,-16.130809],[33.747185,-16.13081]]]}},{"type":"Feature","properties":{"ano":2020,"camada":"urbano","area_km2":0.0207},"geometry":{"type":"Polygon","coordinates":[[[33.74634,-16.129729],[33.746341,-16.13],[33.74606,-16.130001],[33.746343,-16.130542],[33.748026,-16.130536],[33.748028,-16.131079],[33.748309,-16.131078],[33.74831,-16.131349],[33.748871,-16.131347],[33.748869,-16.130804],[33.748588,-16.130805],[33.748586,-16.130263],[33.748306,-16.130264],[33.748304,-16.129993],[33.747743,-16.129995],[33.747744,-16.130266],[33.747464,-16.130267],[33.747463,-16.129996],[33.746902,-16.129998],[33.746901,-16.129727],[33.74634,-16.129729]],[[33.746621,-16.129999],[33.746902,-16.129998],[33.746903,-16.130269],[33.746622,-16.13027],[33.746621,-16.129999]]]}},{"type":"Feature","properties":{"ano":2020,"camada":"urbano","area_km2":0.0009},"geometry":{"type":"Polygon","coordinates":[[[33.614764,-16.132047],[33.614765,-16.132318],[33.615045,-16.132317],[33.615044,-16.132046],[33.614764,-16.132047]]]}},{"type":"Feature","properties":{"ano":2020,"camada":"urbano","area_km2":0.0162},"geometry":{"type":"Polygon","coordinates":[[[33.745221,-16.130817],[33.745223,-16.13136],[33.744661,-16.13109],[33.744383,-16.131634],[33.744663,-16.131633],[33.744946,-16.132174],[33.745788,-16.132171],[33.745787,-16.1319],[33.746067,-16.131899],[33.746065,-16.131357],[33.745785,-16.131358],[33.745784,-16.131086],[33.745221,-16.130817]]]}},{"type":"Feature","properties":{"ano":2020,"camada":"urbano","area_km2":0.0108},"geometry":{"type":"Polygon","coordinates":[[[33.747467,-16.131081],[33.747468,-16.131352],[33.747187,-16.131353],[33.747189,-16.131895],[33.748031,-16.131892],[33.748032,-16.132163],[33.748593,-16.132161],[33.748592,-16.13189],[33.748873,-16.131889],[33.748872,-16.131618],[33.74803,-16.131621],[33.748029,-16.13135],[33.747467,-16.131081]]]}},{"type":"Feature","properties":{"ano":2020,"camada":"urbano","area_km2":0.0243},"geometry":{"type":"Polygon","coordinates":[[[33.636081,-16.130357],[33.636082,-16.130628],[33.635802,-16.130629],[33.635803,-16.1309],[33.635242,-16.131173],[33.635245,-16.131987],[33.634964,-16.131987],[33.634966,-16.13253],[33.636369,-16.132526],[33.636367,-16.131983],[33.636087,-16.131984],[33.636084,-16.131171],[33.636644,-16.130898],[33.636643,-16.130355],[33.636081,-16.130357]]]}},{"type":"Feature","properties":{"ano":2020,"camada":"urbano","area_km2":0.0027},"geometry":{"type":"Polygon","coordinates":[[[33.651518,-16.131938],[33.65152,-16.132751],[33.651801,-16.13275],[33.651798,-16.131937],[33.651518,-16.131938]]]}},{"type":"Feature","properties":{"ano":2020,"camada":"urbano","area_km2":0.0045},"geometry":{"type":"Polygon","coordinates":[[[33.61196,-16.132597],[33.611681,-16.13314],[33.612243,-16.13341],[33.612522,-16.132867],[33.61196,-16.132597]]]}},{"type":"Feature","properties":{"ano":2020,"camada":"urbano","area_km2":0.0009},"geometry":{"type":"Polygon","coordinates":[[[33.642544,-16.133321],[33.642545,-16.133592],[33.642825,-16.133591],[33.642825,-16.13332],[33.642544,-16.133321]]]}},{"type":"Feature","properties":{"ano":2020,"camada":"urbano","area_km2":0.0027},"geometry":{"type":"Polygon","coordinates":[[[33.499454,-16.133704],[33.499455,-16.134246],[33.500016,-16.134245],[33.500016,-16.133974],[33.499454,-16.133704]]]}},{"type":"Feature","properties":{"ano":2020,"camada":"urbano","area_km2":0.0531},"geometry":{"type":"Polygon","coordinates":[[[33.745508,-16.132443],[33.745509,-16.132715],[33.74579,-16.132714],[33.745792,-16.133256],[33.746072,-16.133255],[33.746073,-16.133526],[33.746634,-16.133524],[33.746917,-16.134066],[33.74832,-16.134061],[33.748319,-16.133789],[33.74916,-16.133787],[33.749161,-16.134058],[33.749442,-16.134057],[33.749439,-16.133243],[33.749158,-16.133244],[33.749156,-16.132702],[33.747754,-16.132707],[33.747753,-16.132436],[33.745508,-16.132443]],[[33.748597,-16.133246],[33.748878,-16.133245],[33.748879,-16.133516],[33.748598,-16.133517],[33.748597,-16.133246]]]}},{"type":"Feature","properties":{"ano":2020,"camada":"urbano","area_km2":0.0063},"geometry":{"type":"Polygon","coordinates":[[[33.651242,-16.133566],[33.650964,-16.134109],[33.651526,-16.134378],[33.651525,-16.134107],[33.651805,-16.134106],[33.652084,-16.133563],[33.651242,-16.133566]]]}},{"type":"Feature","properties":{"ano":2020,"camada":"urbano","area_km2":0.0297},"geometry":{"type":"Polygon","coordinates":[[[33.501977,-16.132884],[33.501698,-16.133427],[33.501137,-16.133429],[33.501137,-16.1337],[33.500857,-16.133701],[33.500859,-16.134514],[33.500578,-16.134515],[33.500579,-16.135057],[33.501421,-16.135055],[33.501421,-16.134784],[33.502262,-16.134782],[33.502262,-16.134511],[33.502542,-16.13451],[33.502541,-16.133968],[33.50198,-16.133969],[33.501978,-16.133427],[33.502539,-16.133425],[33.502538,-16.132883],[33.501977,-16.132884]]]}},{"type":"Feature","properties":{"ano":2020,"camada":"urbano","area_km2":0.0126},"geometry":{"type":"Polygon","coordinates":[[[33.608314,-16.13315],[33.608315,-16.133421],[33.608034,-16.133422],[33.608035,-16.133693],[33.608316,-16.133692],[33.608317,-16.134235],[33.608037,-16.134236],[33.608038,-16.134507],[33.6086,-16.134776],[33.608597,-16.133963],[33.609158,-16.133961],[33.609156,-16.133148],[33.608314,-16.13315]]]}},{"type":"Feature","properties":{"ano":2020,"camada":"urbano","area_km2":0.0018},"geometry":{"type":"Polygon","coordinates":[[[33.745513,-16.133799],[33.745515,-16.134342],[33.745796,-16.134341],[33.745794,-16.133798],[33.745513,-16.133799]]]}},{"type":"Feature","properties":{"ano":2020,"camada":"urbano","area_km2":0.0009},"geometry":{"type":"Polygon","coordinates":[[[33.634412,-16.134701],[33.634413,-16.134972],[33.634693,-16.134971],[33.634692,-16.1347],[33.634412,-16.134701]]]}},{"type":"Feature","properties":{"ano":2020,"camada":"urbano","area_km2":0.0009},"geometry":{"type":"Polygon","coordinates":[[[33.611126,-16.13504],[33.611126,-16.135311],[33.611407,-16.135311],[33.611406,-16.135039],[33.611126,-16.13504]]]}},{"type":"Feature","properties":{"ano":2020,"camada":"urbano","area_km2":0.0009},"geometry":{"type":"Polygon","coordinates":[[[33.641988,-16.13495],[33.641989,-16.135221],[33.64227,-16.13522],[33.642269,-16.134949],[33.641988,-16.13495]]]}},{"type":"Feature","properties":{"ano":2020,"camada":"urbano","area_km2":0.0036},"geometry":{"type":"Polygon","coordinates":[[[33.644796,-16.135755],[33.644798,-16.136297],[33.645359,-16.136295],[33.645358,-16.135753],[33.644796,-16.135755]]]}},{"type":"Feature","properties":{"ano":2020,"camada":"urbano","area_km2":0.0018},"geometry":{"type":"Polygon","coordinates":[[[33.618706,-16.136646],[33.618707,-16.136917],[33.619268,-16.136915],[33.619267,-16.136644],[33.618706,-16.136646]]]}},{"type":"Feature","properties":{"ano":2020,"camada":"urbano","area_km2":0.0045},"geometry":{"type":"Polygon","coordinates":[[[33.637787,-16.137403],[33.637509,-16.137946],[33.63835,-16.137944],[33.638349,-16.137401],[33.637787,-16.137403]]]}},{"type":"Feature","properties":{"ano":2020,"camada":"urbano","area_km2":0.0045},"geometry":{"type":"Polygon","coordinates":[[[33.567368,-16.139229],[33.56737,-16.139772],[33.568211,-16.139769],[33.567929,-16.139228],[33.567368,-16.139229]]]}},{"type":"Feature","properties":{"ano":2020,"camada":"urbano","area_km2":0.0009},"geometry":{"type":"Polygon","coordinates":[[[33.541837,-16.139838],[33.541838,-16.140109],[33.542118,-16.140108],[33.542118,-16.139837],[33.541837,-16.139838]]]}},{"type":"Feature","properties":{"ano":2020,"camada":"urbano","area_km2":0.0009},"geometry":{"type":"Polygon","coordinates":[[[33.6392,-16.140382],[33.639201,-16.140653],[33.639481,-16.140652],[33.63948,-16.140381],[33.6392,-16.140382]]]}},{"type":"Feature","properties":{"ano":2020,"camada":"urbano","area_km2":0.0027},"geometry":{"type":"Polygon","coordinates":[[[33.556711,-16.140884],[33.556712,-16.141427],[33.556993,-16.141426],[33.557272,-16.140883],[33.556711,-16.140884]]]}},{"type":"Feature","properties":{"ano":2020,"camada":"urbano","area_km2":0.0009},"geometry":{"type":"Polygon","coordinates":[[[33.644532,-16.140908],[33.644533,-16.141179],[33.644814,-16.141179],[33.644813,-16.140907],[33.644532,-16.140908]]]}},{"type":"Feature","properties":{"ano":2020,"camada":"urbano","area_km2":0.0036},"geometry":{"type":"Polygon","coordinates":[[[33.651266,-16.140888],[33.651268,-16.14143],[33.651829,-16.141428],[33.651827,-16.140886],[33.651266,-16.140888]]]}},{"type":"Feature","properties":{"ano":2020,"camada":"urbano","area_km2":0.0828},"geometry":{"type":"Polygon","coordinates":[[[33.516303,-16.139359],[33.516304,-16.139901],[33.516865,-16.1399],[33.516866,-16.140171],[33.517147,-16.14017],[33.516868,-16.140714],[33.515745,-16.140716],[33.515746,-16.140987],[33.515185,-16.140989],[33.515185,-16.14126],[33.514624,-16.141261],[33.514624,-16.14099],[33.514062,-16.140991],[33.514063,-16.141263],[33.513783,-16.141263],[33.513783,-16.141535],[33.514064,-16.141534],[33.514065,-16.142076],[33.514346,-16.142076],[33.514347,-16.142347],[33.514627,-16.142346],[33.514628,-16.142617],[33.514908,-16.142617],[33.51519,-16.143158],[33.516312,-16.142884],[33.516311,-16.142342],[33.517714,-16.142339],[33.517712,-16.141796],[33.517432,-16.141797],[33.51743,-16.141255],[33.51715,-16.141255],[33.517149,-16.140984],[33.517429,-16.140983],[33.517428,-16.140441],[33.517709,-16.14044],[33.517988,-16.139897],[33.517707,-16.139898],[33.517425,-16.139356],[33.516303,-16.139359]],[[33.516309,-16.141528],[33.516589,-16.141528],[33.51659,-16.141799],[33.516309,-16.1418],[33.516309,-16.141528]],[[33.515748,-16.141801],[33.516029,-16.1418],[33.516029,-16.142072],[33.515749,-16.142072],[33.515748,-16.141801]],[[33.515188,-16.142345],[33.515469,-16.142344],[33.51547,-16.142615],[33.515189,-16.142616],[33.515188,-16.142345]]]}},{"type":"Feature","properties":{"ano":2020,"camada":"urbano","area_km2":0.0009},"geometry":{"type":"Polygon","coordinates":[[[33.644539,-16.143078],[33.64454,-16.143349],[33.644821,-16.143348],[33.64482,-16.143077],[33.644539,-16.143078]]]}},{"type":"Feature","properties":{"ano":2020,"camada":"urbano","area_km2":0.0009},"geometry":{"type":"Polygon","coordinates":[[[33.645103,-16.14389],[33.645104,-16.144161],[33.645385,-16.14416],[33.645384,-16.143889],[33.645103,-16.14389]]]}},{"type":"Feature","properties":{"ano":2020,"camada":"urbano","area_km2":0.0054},"geometry":{"type":"Polygon","coordinates":[[[33.5671,-16.143569],[33.567101,-16.144111],[33.567382,-16.144111],[33.567383,-16.144382],[33.567945,-16.144652],[33.567943,-16.144109],[33.567663,-16.14411],[33.567662,-16.143839],[33.5671,-16.143569]]]}},{"type":"Feature","properties":{"ano":2020,"camada":"urbano","area_km2":0.0036},"geometry":{"type":"Polygon","coordinates":[[[33.557564,-16.14495],[33.557565,-16.145493],[33.558127,-16.145491],[33.558125,-16.144949],[33.557564,-16.14495]]]}},{"type":"Feature","properties":{"ano":2020,"camada":"urbano","area_km2":0.0018},"geometry":{"type":"Polygon","coordinates":[[[33.568508,-16.145192],[33.568509,-16.145735],[33.56879,-16.145734],[33.568788,-16.145192],[33.568508,-16.145192]]]}},{"type":"Feature","properties":{"ano":2020,"camada":"urbano","area_km2":0.0009},"geometry":{"type":"Polygon","coordinates":[[[33.638657,-16.146079],[33.638658,-16.14635],[33.638938,-16.146349],[33.638937,-16.146078],[33.638657,-16.146079]]]}},{"type":"Feature","properties":{"ano":2020,"camada":"urbano","area_km2":0.0018},"geometry":{"type":"Polygon","coordinates":[[[33.64006,-16.146074],[33.640062,-16.146617],[33.640342,-16.146616],[33.64034,-16.146074],[33.64006,-16.146074]]]}},{"type":"Feature","properties":{"ano":2020,"camada":"urbano","area_km2":0.0009},"geometry":{"type":"Polygon","coordinates":[[[33.622384,-16.146398],[33.622385,-16.146669],[33.622665,-16.146668],[33.622664,-16.146397],[33.622384,-16.146398]]]}},{"type":"Feature","properties":{"ano":2020,"camada":"urbano","area_km2":0.0027},"geometry":{"type":"Polygon","coordinates":[[[33.640065,-16.147702],[33.640066,-16.147973],[33.639785,-16.147974],[33.639786,-16.148245],[33.640347,-16.148243],[33.640346,-16.147701],[33.640065,-16.147702]]]}},{"type":"Feature","properties":{"ano":2020,"camada":"urbano","area_km2":0.0297},"geometry":{"type":"Polygon","coordinates":[[[33.567675,-16.148449],[33.567677,-16.149263],[33.567397,-16.149263],[33.567398,-16.149535],[33.566556,-16.149537],[33.566557,-16.149808],[33.567959,-16.149804],[33.567959,-16.149533],[33.568239,-16.149532],[33.56824,-16.149803],[33.569082,-16.149801],[33.569081,-16.14953],[33.569923,-16.149528],[33.569921,-16.148985],[33.56936,-16.148987],[33.569359,-16.148445],[33.569078,-16.148445],[33.568799,-16.148988],[33.568518,-16.148989],[33.568236,-16.148448],[33.567675,-16.148449]]]}},{"type":"Feature","properties":{"ano":2020,"camada":"urbano","area_km2":0.0126},"geometry":{"type":"Polygon","coordinates":[[[33.639508,-16.149059],[33.639229,-16.149602],[33.63951,-16.149602],[33.639792,-16.150143],[33.640634,-16.150141],[33.640631,-16.149327],[33.640351,-16.149328],[33.64035,-16.149057],[33.640069,-16.149057],[33.64007,-16.149329],[33.639508,-16.149059]]]}},{"type":"Feature","properties":{"ano":2020,"camada":"urbano","area_km2":0.0009},"geometry":{"type":"Polygon","coordinates":[[[33.637274,-16.15232],[33.637275,-16.152591],[33.637555,-16.152591],[33.637555,-16.152319],[33.637274,-16.15232]]]}},{"type":"Feature","properties":{"ano":2020,"camada":"urbano","area_km2":0.4554},"geometry":{"type":"Polygon","coordinates":[[[33.552792,-16.144149],[33.552796,-16.145776],[33.552516,-16.145777],[33.552517,-16.146319],[33.552798,-16.146319],[33.552798,-16.14659],[33.552238,-16.146862],[33.55224,-16.147676],[33.551679,-16.147677],[33.551678,-16.147406],[33.551117,-16.147408],[33.551116,-16.147136],[33.550555,-16.147138],[33.550555,-16.146867],[33.549993,-16.146868],[33.549993,-16.146597],[33.549151,-16.146599],[33.548593,-16.147685],[33.549155,-16.147955],[33.549156,-16.148498],[33.549437,-16.148497],[33.549437,-16.148768],[33.548876,-16.148769],[33.548878,-16.149312],[33.549158,-16.149311],[33.54916,-16.149854],[33.54944,-16.149853],[33.549442,-16.150395],[33.549722,-16.150394],[33.549723,-16.150666],[33.550004,-16.150665],[33.550003,-16.150394],[33.550284,-16.150393],[33.550284,-16.150664],[33.550846,-16.150663],[33.550846,-16.150934],[33.551127,-16.150933],[33.551126,-16.150662],[33.552249,-16.150659],[33.55225,-16.151202],[33.552811,-16.1512],[33.552812,-16.151471],[33.553935,-16.15174],[33.553937,-16.152282],[33.554217,-16.152281],[33.554221,-16.153637],[33.554502,-16.153636],[33.5545,-16.153094],[33.555623,-16.153091],[33.555622,-16.15282],[33.555902,-16.152819],[33.555903,-16.15309],[33.556465,-16.15336],[33.556464,-16.153089],[33.557025,-16.153087],[33.557023,-16.152274],[33.556743,-16.152275],[33.556742,-16.152003],[33.557022,-16.152003],[33.557021,-16.15146],[33.556459,-16.151191],[33.556738,-16.150647],[33.556176,-16.150378],[33.556175,-16.150107],[33.556736,-16.149834],[33.556734,-16.14902],[33.556453,-16.149021],[33.556452,-16.14875],[33.556733,-16.148749],[33.556731,-16.148207],[33.55617,-16.148208],[33.556169,-16.147937],[33.555889,-16.147938],[33.555886,-16.146853],[33.555325,-16.146854],[33.555324,-16.146583],[33.555043,-16.146584],[33.555042,-16.146313],[33.555604,-16.146311],[33.5556,-16.144955],[33.555319,-16.144956],[33.555318,-16.144414],[33.555037,-16.144414],[33.555036,-16.144143],[33.554195,-16.144145],[33.553916,-16.144688],[33.552792,-16.144149]],[[33.553916,-16.144688],[33.555038,-16.144686],[33.555039,-16.144957],[33.554758,-16.144957],[33.554759,-16.145229],[33.553917,-16.145231],[33.553916,-16.144688]],[[33.553637,-16.145503],[33.554198,-16.145501],[33.5542,-16.146044],[33.555042,-16.146042],[33.555042,-16.146313],[33.554762,-16.146313],[33.554763,-16.146856],[33.55308,-16.14686],[33.553079,-16.146589],[33.55336,-16.146588],[33.553357,-16.145775],[33.553638,-16.145774],[33.553637,-16.145503]],[[33.55476,-16.1455],[33.55504,-16.145499],[33.555041,-16.14577],[33.55476,-16.145771],[33.55476,-16.1455]],[[33.552796,-16.145776],[33.553077,-16.145775],[33.553078,-16.146047],[33.552797,-16.146047],[33.552796,-16.145776]],[[33.554772,-16.15011],[33.555053,-16.150109],[33.555055,-16.150652],[33.554774,-16.150653],[33.554772,-16.15011]],[[33.555896,-16.150378],[33.556176,-16.150378],[33.556177,-16.150649],[33.555896,-16.15065],[33.555896,-16.150378]],[[33.552811,-16.150929],[33.553091,-16.150928],[33.553092,-16.151199],[33.552811,-16.1512],[33.552811,-16.150929]],[[33.554775,-16.150924],[33.555055,-16.150923],[33.555056,-16.151194],[33.554775,-16.151195],[33.554775,-16.150924]],[[33.554496,-16.151467],[33.554776,-16.151466],[33.554777,-16.151737],[33.555338,-16.151736],[33.55562,-16.152278],[33.55534,-16.152278],[33.55534,-16.152549],[33.554217,-16.152281],[33.554216,-16.151739],[33.554496,-16.151738],[33.554496,-16.151467]]]}},{"type":"Feature","properties":{"ano":2020,"camada":"urbano","area_km2":0.0144},"geometry":{"type":"Polygon","coordinates":[[[33.551693,-16.152559],[33.551694,-16.153101],[33.551975,-16.153101],[33.551975,-16.153372],[33.552537,-16.15337],[33.552537,-16.153642],[33.552818,-16.153641],[33.552817,-16.15337],[33.553098,-16.153369],[33.553099,-16.15364],[33.55366,-16.153639],[33.553659,-16.153367],[33.553378,-16.153368],[33.553096,-16.152827],[33.552535,-16.152828],[33.552534,-16.152557],[33.551693,-16.152559]]]}},{"type":"Feature","properties":{"ano":2020,"camada":"urbano","area_km2":0.0027},"geometry":{"type":"Polygon","coordinates":[[[33.551133,-16.153103],[33.551134,-16.153645],[33.551415,-16.153644],[33.551694,-16.153101],[33.551133,-16.153103]]]}},{"type":"Feature","properties":{"ano":2020,"camada":"urbano","area_km2":0.0009},"geometry":{"type":"Polygon","coordinates":[[[33.640644,-16.153124],[33.640645,-16.153395],[33.640925,-16.153394],[33.640924,-16.153123],[33.640644,-16.153124]]]}},{"type":"Feature","properties":{"ano":2020,"camada":"urbano","area_km2":0.0054},"geometry":{"type":"Polygon","coordinates":[[[33.6384,-16.153402],[33.638402,-16.153944],[33.638963,-16.153942],[33.638964,-16.154213],[33.639244,-16.154213],[33.639242,-16.15367],[33.638962,-16.153671],[33.638961,-16.1534],[33.6384,-16.153402]]]}},{"type":"Feature","properties":{"ano":2020,"camada":"urbano","area_km2":0.0009},"geometry":{"type":"Polygon","coordinates":[[[33.573584,-16.154128],[33.573585,-16.1544],[33.573865,-16.154399],[33.573864,-16.154128],[33.573584,-16.154128]]]}},{"type":"Feature","properties":{"ano":2020,"camada":"urbano","area_km2":0.0027},"geometry":{"type":"Polygon","coordinates":[[[33.53823,-16.154763],[33.538231,-16.155034],[33.538793,-16.155304],[33.538791,-16.154762],[33.53823,-16.154763]]]}},{"type":"Feature","properties":{"ano":2020,"camada":"urbano","area_km2":0.0054},"geometry":{"type":"Polygon","coordinates":[[[33.638685,-16.154757],[33.638687,-16.15557],[33.639249,-16.155569],[33.639246,-16.154755],[33.638685,-16.154757]]]}},{"type":"Feature","properties":{"ano":2020,"camada":"urbano","area_km2":0.0063},"geometry":{"type":"Polygon","coordinates":[[[33.55114,-16.155544],[33.551141,-16.156086],[33.552264,-16.156083],[33.551982,-16.155541],[33.55114,-16.155544]]]}},{"type":"Feature","properties":{"ano":2020,"camada":"urbano","area_km2":0.0018},"geometry":{"type":"Polygon","coordinates":[[[33.573869,-16.155755],[33.573871,-16.156297],[33.574151,-16.156296],[33.57415,-16.155754],[33.573869,-16.155755]]]}},{"type":"Feature","properties":{"ano":2020,"camada":"urbano","area_km2":0.0009},"geometry":{"type":"Polygon","coordinates":[[[33.627745,-16.155874],[33.627746,-16.156145],[33.628026,-16.156144],[33.628026,-16.155873],[33.627745,-16.155874]]]}},{"type":"Feature","properties":{"ano":2020,"camada":"urbano","area_km2":0.0495},"geometry":{"type":"Polygon","coordinates":[[[33.55394,-16.153638],[33.553943,-16.154452],[33.553662,-16.154452],[33.55338,-16.153911],[33.552258,-16.154185],[33.552261,-16.154998],[33.552822,-16.154997],[33.552823,-16.155539],[33.553104,-16.155538],[33.553105,-16.15581],[33.553667,-16.156079],[33.553668,-16.156622],[33.554229,-16.15662],[33.554229,-16.156349],[33.554509,-16.156348],[33.554504,-16.15445],[33.555064,-16.154177],[33.555064,-16.153906],[33.554222,-16.153908],[33.554221,-16.153637],[33.55394,-16.153638]],[[33.553665,-16.155537],[33.554226,-16.155536],[33.554227,-16.155807],[33.553666,-16.155808],[33.553665,-16.155537]]]}},{"type":"Feature","properties":{"ano":2020,"camada":"urbano","area_km2":0.0027},"geometry":{"type":"Polygon","coordinates":[[[33.602492,-16.156218],[33.602494,-16.156761],[33.603055,-16.156759],[33.603054,-16.156488],[33.602492,-16.156218]]]}},{"type":"Feature","properties":{"ano":2020,"camada":"urbano","area_km2":0.0009},"geometry":{"type":"Polygon","coordinates":[[[33.567979,-16.156584],[33.56798,-16.156855],[33.56826,-16.156855],[33.568259,-16.156583],[33.567979,-16.156584]]]}},{"type":"Feature","properties":{"ano":2020,"camada":"urbano","area_km2":0.0027},"geometry":{"type":"Polygon","coordinates":[[[33.629149,-16.156141],[33.62915,-16.156412],[33.628869,-16.156413],[33.62887,-16.156684],[33.629431,-16.156683],[33.629429,-16.15614],[33.629149,-16.156141]]]}},{"type":"Feature","properties":{"ano":2020,"camada":"urbano","area_km2":0.0036},"geometry":{"type":"Polygon","coordinates":[[[33.603615,-16.156486],[33.603617,-16.157029],[33.604178,-16.157027],[33.604176,-16.156485],[33.603615,-16.156486]]]}},{"type":"Feature","properties":{"ano":2020,"camada":"urbano","area_km2":0.0036},"geometry":{"type":"Polygon","coordinates":[[[33.629431,-16.156683],[33.629432,-16.156954],[33.628871,-16.156955],[33.628872,-16.157227],[33.629713,-16.157224],[33.629712,-16.156682],[33.629431,-16.156683]]]}},{"type":"Feature","properties":{"ano":2020,"camada":"urbano","area_km2":0.0009},"geometry":{"type":"Polygon","coordinates":[[[33.628591,-16.157227],[33.628592,-16.157499],[33.628872,-16.157498],[33.628872,-16.157227],[33.628591,-16.157227]]]}},{"type":"Feature","properties":{"ano":2020,"camada":"urbano","area_km2":0.0009},"geometry":{"type":"Polygon","coordinates":[[[33.633081,-16.157485],[33.633082,-16.157757],[33.633363,-16.157756],[33.633362,-16.157485],[33.633081,-16.157485]]]}},{"type":"Feature","properties":{"ano":2020,"camada":"urbano","area_km2":0.0018},"geometry":{"type":"Polygon","coordinates":[[[33.632522,-16.158029],[33.632523,-16.158301],[33.633084,-16.158299],[33.633083,-16.158028],[33.632522,-16.158029]]]}},{"type":"Feature","properties":{"ano":2020,"camada":"urbano","area_km2":0.0018},"geometry":{"type":"Polygon","coordinates":[[[33.635889,-16.158019],[33.63589,-16.158291],[33.636451,-16.158289],[33.63645,-16.158018],[33.635889,-16.158019]]]}},{"type":"Feature","properties":{"ano":2020,"camada":"urbano","area_km2":0.0279},"geometry":{"type":"Polygon","coordinates":[[[33.6342,-16.156397],[33.634202,-16.15694],[33.634483,-16.156939],[33.634484,-16.15721],[33.634203,-16.157211],[33.634205,-16.157753],[33.633924,-16.157754],[33.633925,-16.158025],[33.634206,-16.158024],[33.634488,-16.158566],[33.63533,-16.158563],[33.635329,-16.158292],[33.635609,-16.158291],[33.635605,-16.156935],[33.635044,-16.156937],[33.634762,-16.156396],[33.6342,-16.156397]],[[33.634485,-16.157752],[33.635047,-16.157751],[33.635047,-16.158022],[33.634486,-16.158024],[33.634485,-16.157752]]]}},{"type":"Feature","properties":{"ano":2020,"camada":"urbano","area_km2":0.0009},"geometry":{"type":"Polygon","coordinates":[[[33.6314,-16.158304],[33.631401,-16.158575],[33.631682,-16.158574],[33.631681,-16.158303],[33.6314,-16.158304]]]}},{"type":"Feature","properties":{"ano":2020,"camada":"urbano","area_km2":0.0162},"geometry":{"type":"Polygon","coordinates":[[[33.627749,-16.15723],[33.627751,-16.157772],[33.62747,-16.157773],[33.627471,-16.158044],[33.626911,-16.158317],[33.627193,-16.158859],[33.627754,-16.158857],[33.627753,-16.158586],[33.628595,-16.158583],[33.628594,-16.158312],[33.628875,-16.158311],[33.628874,-16.15804],[33.627753,-16.158315],[33.627752,-16.158044],[33.628312,-16.157771],[33.62831,-16.157228],[33.627749,-16.15723]]]}},{"type":"Feature","properties":{"ano":2020,"camada":"urbano","area_km2":0.0522},"geometry":{"type":"Polygon","coordinates":[[[33.552264,-16.156083],[33.551985,-16.156626],[33.552265,-16.156625],[33.552267,-16.157439],[33.552548,-16.157438],[33.552549,-16.157981],[33.552269,-16.157981],[33.551987,-16.15744],[33.551426,-16.157441],[33.551703,-16.156356],[33.551142,-16.156357],[33.551145,-16.157442],[33.550864,-16.157443],[33.550864,-16.157171],[33.550303,-16.157444],[33.550304,-16.157715],[33.550585,-16.157715],[33.550586,-16.158257],[33.550867,-16.158256],[33.550868,-16.158799],[33.551149,-16.158798],[33.55115,-16.15934],[33.551992,-16.159338],[33.551991,-16.159067],[33.552272,-16.159066],[33.55199,-16.158525],[33.551429,-16.158526],[33.551427,-16.157984],[33.551988,-16.157982],[33.551989,-16.158253],[33.552831,-16.158251],[33.55283,-16.15798],[33.553391,-16.157707],[33.553389,-16.157165],[33.552828,-16.157166],[33.552827,-16.156895],[33.553108,-16.156894],[33.553106,-16.156352],[33.552826,-16.156353],[33.552825,-16.156082],[33.552264,-16.156083]]]}},{"type":"Feature","properties":{"ano":2020,"camada":"urbano","area_km2":0.0009},"geometry":{"type":"Polygon","coordinates":[[[33.57444,-16.159008],[33.574441,-16.159279],[33.574721,-16.159278],[33.57472,-16.159007],[33.57444,-16.159008]]]}},{"type":"Feature","properties":{"ano":2020,"camada":"urbano","area_km2":0.0315},"geometry":{"type":"Polygon","coordinates":[[[33.626904,-16.156148],[33.626905,-16.156419],[33.626624,-16.15642],[33.626626,-16.156962],[33.626345,-16.156963],[33.626346,-16.157234],[33.626066,-16.157235],[33.625787,-16.157778],[33.625226,-16.15778],[33.625226,-16.158051],[33.625507,-16.15805],[33.625508,-16.158321],[33.62607,-16.158591],[33.626072,-16.159133],[33.626352,-16.159132],[33.626353,-16.159404],[33.626634,-16.159403],[33.626632,-16.15886],[33.626351,-16.158861],[33.62635,-16.15859],[33.626911,-16.158317],[33.626909,-16.157775],[33.626348,-16.157776],[33.626347,-16.157505],[33.626908,-16.157504],[33.626907,-16.157232],[33.627188,-16.157232],[33.627187,-16.15696],[33.627747,-16.156688],[33.627465,-16.156146],[33.626904,-16.156148]]]}},{"type":"Feature","properties":{"ano":2020,"camada":"urbano","area_km2":0.0054},"geometry":{"type":"Polygon","coordinates":[[[33.550027,-16.159072],[33.550029,-16.159614],[33.550591,-16.159884],[33.55087,-16.159341],[33.550589,-16.159342],[33.550588,-16.159071],[33.550027,-16.159072]]]}},{"type":"Feature","properties":{"ano":2020,"camada":"urbano","area_km2":0.0009},"geometry":{"type":"Polygon","coordinates":[[[33.631685,-16.159659],[33.631686,-16.15993],[33.631967,-16.159929],[33.631966,-16.159658],[33.631685,-16.159659]]]}},{"type":"Feature","properties":{"ano":2020,"camada":"urbano","area_km2":0.0072},"geometry":{"type":"Polygon","coordinates":[[[33.633368,-16.159383],[33.63337,-16.159925],[33.633931,-16.159924],[33.633932,-16.160195],[33.634492,-16.159922],[33.63421,-16.15938],[33.633368,-16.159383]]]}},{"type":"Feature","properties":{"ano":2020,"camada":"urbano","area_km2":0.0009},"geometry":{"type":"Polygon","coordinates":[[[33.611764,-16.16026],[33.611765,-16.160531],[33.612046,-16.16053],[33.612045,-16.160259],[33.611764,-16.16026]]]}},{"type":"Feature","properties":{"ano":2020,"camada":"urbano","area_km2":0.0018},"geometry":{"type":"Polygon","coordinates":[[[33.615973,-16.160247],[33.615974,-16.160519],[33.616535,-16.160517],[33.616534,-16.160246],[33.615973,-16.160247]]]}},{"type":"Feature","properties":{"ano":2020,"camada":"urbano","area_km2":0.0009},"geometry":{"type":"Polygon","coordinates":[[[33.630565,-16.160205],[33.630566,-16.160476],[33.630846,-16.160475],[33.630845,-16.160204],[33.630565,-16.160205]]]}},{"type":"Feature","properties":{"ano":2020,"camada":"urbano","area_km2":0.0081},"geometry":{"type":"Polygon","coordinates":[[[33.629719,-16.159123],[33.629721,-16.159665],[33.629441,-16.159666],[33.629445,-16.161022],[33.629725,-16.161021],[33.629723,-16.160207],[33.630003,-16.160206],[33.63,-16.159122],[33.629719,-16.159123]]]}},{"type":"Feature","properties":{"ano":2020,"camada":"urbano","area_km2":0.0018},"geometry":{"type":"Polygon","coordinates":[[[33.612046,-16.16053],[33.612047,-16.161072],[33.612328,-16.161072],[33.612326,-16.160529],[33.612046,-16.16053]]]}},{"type":"Feature","properties":{"ano":2020,"camada":"urbano","area_km2":0.0036},"geometry":{"type":"Polygon","coordinates":[[[33.633652,-16.160467],[33.633373,-16.16101],[33.633935,-16.16128],[33.633933,-16.160466],[33.633652,-16.160467]]]}},{"type":"Feature","properties":{"ano":2020,"camada":"urbano","area_km2":0.0009},"geometry":{"type":"Polygon","coordinates":[[[33.631409,-16.161016],[33.63141,-16.161287],[33.631691,-16.161286],[33.63169,-16.161015],[33.631409,-16.161016]]]}},{"type":"Feature","properties":{"ano":2020,"camada":"urbano","area_km2":0.0036},"geometry":{"type":"Polygon","coordinates":[[[33.634215,-16.161008],[33.634497,-16.161549],[33.635059,-16.161547],[33.634776,-16.161006],[33.634215,-16.161008]]]}},{"type":"Feature","properties":{"ano":2020,"camada":"urbano","area_km2":0.0009},"geometry":{"type":"Polygon","coordinates":[[[33.551437,-16.161509],[33.551438,-16.16178],[33.551718,-16.16178],[33.551717,-16.161508],[33.551437,-16.161509]]]}},{"type":"Feature","properties":{"ano":2020,"camada":"urbano","area_km2":0.0009},"geometry":{"type":"Polygon","coordinates":[[[33.630007,-16.161291],[33.630008,-16.161562],[33.630288,-16.161562],[33.630287,-16.16129],[33.630007,-16.161291]]]}},{"type":"Feature","properties":{"ano":2020,"camada":"urbano","area_km2":0.0009},"geometry":{"type":"Polygon","coordinates":[[[33.632252,-16.161285],[33.632253,-16.161556],[33.632533,-16.161555],[33.632532,-16.161284],[33.632252,-16.161285]]]}},{"type":"Feature","properties":{"ano":2020,"camada":"urbano","area_km2":11.7657},"geometry":{"type":"Polygon","coordinates":[[[33.634939,-16.124123],[33.63494,-16.124394],[33.63466,-16.124395],[33.634661,-16.124937],[33.634381,-16.124938],[33.634102,-16.125481],[33.633541,-16.125483],[33.633542,-16.125754],[33.633261,-16.125755],[33.633262,-16.126026],[33.632981,-16.126027],[33.632703,-16.12657],[33.632142,-16.126572],[33.632142,-16.126843],[33.631582,-16.127116],[33.631584,-16.127658],[33.631303,-16.127659],[33.631304,-16.12793],[33.630462,-16.127933],[33.630462,-16.127662],[33.630181,-16.127663],[33.630182,-16.127934],[33.629901,-16.127935],[33.629623,-16.128478],[33.629061,-16.128479],[33.629061,-16.128208],[33.62878,-16.128209],[33.628781,-16.12848],[33.6285,-16.128481],[33.628502,-16.129023],[33.627941,-16.129025],[33.627942,-16.129296],[33.627381,-16.129298],[33.627381,-16.129569],[33.625979,-16.129573],[33.625978,-16.129302],[33.625417,-16.129304],[33.625138,-16.129847],[33.623735,-16.129851],[33.623736,-16.130122],[33.623175,-16.130124],[33.623173,-16.129582],[33.622612,-16.129583],[33.622614,-16.130126],[33.622894,-16.130125],[33.622895,-16.130396],[33.622335,-16.130669],[33.622617,-16.13121],[33.622336,-16.131211],[33.622058,-16.131754],[33.621777,-16.131755],[33.621776,-16.131484],[33.620654,-16.131487],[33.620655,-16.131758],[33.620374,-16.131759],[33.620376,-16.132302],[33.619814,-16.132032],[33.619815,-16.132303],[33.619534,-16.132304],[33.619536,-16.132846],[33.619816,-16.132846],[33.619539,-16.133931],[33.618136,-16.133935],[33.618136,-16.133664],[33.617855,-16.133665],[33.617854,-16.133394],[33.618414,-16.133121],[33.618409,-16.131494],[33.618129,-16.131495],[33.618126,-16.130681],[33.617285,-16.130683],[33.617281,-16.129599],[33.617001,-16.129599],[33.617,-16.129328],[33.616719,-16.129329],[33.616722,-16.130143],[33.616441,-16.130143],[33.616443,-16.130686],[33.615881,-16.130416],[33.61588,-16.130145],[33.616161,-16.130144],[33.61616,-16.129873],[33.615879,-16.129874],[33.615874,-16.128247],[33.616155,-16.128246],[33.616153,-16.127704],[33.615311,-16.127706],[33.615595,-16.12879],[33.615315,-16.128791],[33.615314,-16.12852],[33.614472,-16.128522],[33.614473,-16.128793],[33.614193,-16.128794],[33.614195,-16.129608],[33.613635,-16.12988],[33.613636,-16.130423],[33.613917,-16.130422],[33.613918,-16.130693],[33.61504,-16.13069],[33.615041,-16.130961],[33.615322,-16.13096],[33.615324,-16.131774],[33.615043,-16.131775],[33.615326,-16.132316],[33.615045,-16.132317],[33.615046,-16.132588],[33.614765,-16.132589],[33.614765,-16.132318],[33.614203,-16.132319],[33.614206,-16.133133],[33.613645,-16.133135],[33.613646,-16.133406],[33.613365,-16.133407],[33.613368,-16.13422],[33.613648,-16.134219],[33.613649,-16.134491],[33.613368,-16.134491],[33.613369,-16.134763],[33.613089,-16.134763],[33.61281,-16.135307],[33.612529,-16.135307],[33.612528,-16.134765],[33.611966,-16.134767],[33.611966,-16.134495],[33.610842,-16.134227],[33.610845,-16.135041],[33.611405,-16.134768],[33.611406,-16.135039],[33.611687,-16.135039],[33.611689,-16.135852],[33.610566,-16.135584],[33.610568,-16.136127],[33.610287,-16.136127],[33.610288,-16.136399],[33.609166,-16.136402],[33.609167,-16.136673],[33.608886,-16.136674],[33.608888,-16.137487],[33.608327,-16.137489],[33.608331,-16.138574],[33.60805,-16.138575],[33.608048,-16.138032],[33.607768,-16.138033],[33.607767,-16.137762],[33.607205,-16.137492],[33.607203,-16.136679],[33.606922,-16.136679],[33.60692,-16.136137],[33.607762,-16.136135],[33.607761,-16.135863],[33.608042,-16.135863],[33.60804,-16.13532],[33.608602,-16.13559],[33.6086,-16.135047],[33.608039,-16.135049],[33.608038,-16.134507],[33.607757,-16.134508],[33.607756,-16.134236],[33.607194,-16.133967],[33.607193,-16.133424],[33.607473,-16.133424],[33.607472,-16.133152],[33.608034,-16.133151],[33.608033,-16.13288],[33.609155,-16.132876],[33.609154,-16.132605],[33.609435,-16.132604],[33.609433,-16.132062],[33.608591,-16.132064],[33.608309,-16.131523],[33.607748,-16.131524],[33.607749,-16.131796],[33.607468,-16.131796],[33.607186,-16.131255],[33.606625,-16.131256],[33.606907,-16.131798],[33.606065,-16.1318],[33.60607,-16.133428],[33.606351,-16.133427],[33.606352,-16.133698],[33.606914,-16.133968],[33.606915,-16.13451],[33.606635,-16.134511],[33.606636,-16.134782],[33.606074,-16.134783],[33.606074,-16.134512],[33.605793,-16.134513],[33.605792,-16.134242],[33.605512,-16.134243],[33.605511,-16.133972],[33.604949,-16.133702],[33.604947,-16.13316],[33.604667,-16.13316],[33.604666,-16.132889],[33.604104,-16.13262],[33.604102,-16.132077],[33.603822,-16.132078],[33.603821,-16.131807],[33.60354,-16.131808],[33.60354,-16.131536],[33.603259,-16.131537],[33.603258,-16.131266],[33.602978,-16.131267],[33.602695,-16.130725],[33.602134,-16.130727],[33.602133,-16.130456],[33.601853,-16.130456],[33.601854,-16.130727],[33.601293,-16.130729],[33.60129,-16.129915],[33.60185,-16.129643],[33.60185,-16.129372],[33.601569,-16.129372],[33.601287,-16.128831],[33.601567,-16.12883],[33.601567,-16.128559],[33.602127,-16.128286],[33.602124,-16.127201],[33.601562,-16.127203],[33.60156,-16.126389],[33.600999,-16.126391],[33.601,-16.126662],[33.600719,-16.126663],[33.60044,-16.127206],[33.599599,-16.127208],[33.599598,-16.126937],[33.599037,-16.126939],[33.599036,-16.126667],[33.598755,-16.126668],[33.598754,-16.126397],[33.599035,-16.126396],[33.599033,-16.125583],[33.598752,-16.125583],[33.599029,-16.124498],[33.598468,-16.1245],[33.598469,-16.124771],[33.597909,-16.125043],[33.59791,-16.125586],[33.59763,-16.125587],[33.597631,-16.125858],[33.59735,-16.125859],[33.597071,-16.126402],[33.59651,-16.126403],[33.596509,-16.126132],[33.596229,-16.126133],[33.596231,-16.126947],[33.596512,-16.126946],[33.596512,-16.127217],[33.597354,-16.127215],[33.597355,-16.127486],[33.597916,-16.127484],[33.597917,-16.127755],[33.596514,-16.127759],[33.596513,-16.127488],[33.59511,-16.127492],[33.59511,-16.127221],[33.594548,-16.127222],[33.594551,-16.128036],[33.59427,-16.128037],[33.594273,-16.12885],[33.594553,-16.12885],[33.594554,-16.129121],[33.595115,-16.129119],[33.595119,-16.130204],[33.594557,-16.129934],[33.594278,-16.130478],[33.595401,-16.130746],[33.595399,-16.130203],[33.59596,-16.130202],[33.595962,-16.130744],[33.596242,-16.130743],[33.596243,-16.131014],[33.596804,-16.130742],[33.596804,-16.131013],[33.597366,-16.131283],[33.597368,-16.131825],[33.597087,-16.131826],[33.597087,-16.131554],[33.596525,-16.131556],[33.596525,-16.131285],[33.595683,-16.131287],[33.595684,-16.131558],[33.595122,-16.131289],[33.595123,-16.131831],[33.594843,-16.131832],[33.594845,-16.132646],[33.594565,-16.132646],[33.594564,-16.132375],[33.593442,-16.132378],[33.593441,-16.132107],[33.593721,-16.132106],[33.593721,-16.131835],[33.594281,-16.131562],[33.594279,-16.13102],[33.593438,-16.131022],[33.593717,-16.130479],[33.593436,-16.13048],[33.593435,-16.130209],[33.592874,-16.13021],[33.592872,-16.129668],[33.592592,-16.129669],[33.59259,-16.129126],[33.592871,-16.129125],[33.592872,-16.129397],[33.593434,-16.129666],[33.59315,-16.128582],[33.592589,-16.128584],[33.592589,-16.128855],[33.592028,-16.128857],[33.592029,-16.129128],[33.591749,-16.129129],[33.59175,-16.129671],[33.59147,-16.129672],[33.591472,-16.130485],[33.591191,-16.130486],[33.591192,-16.130757],[33.590912,-16.130758],[33.590911,-16.130487],[33.590349,-16.130217],[33.59035,-16.130488],[33.589508,-16.130491],[33.589509,-16.130762],[33.588386,-16.130494],[33.588387,-16.130765],[33.587826,-16.131038],[33.587828,-16.13158],[33.586705,-16.131312],[33.586706,-16.131583],[33.587268,-16.131853],[33.587551,-16.132937],[33.587832,-16.132936],[33.587833,-16.133207],[33.588395,-16.133477],[33.588396,-16.134019],[33.588677,-16.134019],[33.588678,-16.13429],[33.589239,-16.134288],[33.589238,-16.134017],[33.589798,-16.133744],[33.589801,-16.134558],[33.590081,-16.134557],[33.590082,-16.134828],[33.590363,-16.134828],[33.590364,-16.13537],[33.590645,-16.135369],[33.590646,-16.13564],[33.591208,-16.13591],[33.59121,-16.136724],[33.590649,-16.136725],[33.590648,-16.136454],[33.590367,-16.136455],[33.590367,-16.136184],[33.589805,-16.136185],[33.589805,-16.135914],[33.588682,-16.135917],[33.588681,-16.135375],[33.5884,-16.135375],[33.588399,-16.135104],[33.588119,-16.135105],[33.587837,-16.134563],[33.587276,-16.134565],[33.587276,-16.134836],[33.587838,-16.135106],[33.587841,-16.135919],[33.588121,-16.135919],[33.588124,-16.137003],[33.588405,-16.137003],[33.588687,-16.137544],[33.589529,-16.137542],[33.58953,-16.137813],[33.590091,-16.137811],[33.590092,-16.138354],[33.590373,-16.138353],[33.590374,-16.138624],[33.589813,-16.138626],[33.589814,-16.139168],[33.590095,-16.139167],[33.590096,-16.139439],[33.590657,-16.139437],[33.590656,-16.139166],[33.590937,-16.139165],[33.590937,-16.139436],[33.591499,-16.139435],[33.591499,-16.139706],[33.59178,-16.139705],[33.592062,-16.140247],[33.592343,-16.140246],[33.592342,-16.139975],[33.592903,-16.139973],[33.592904,-16.140244],[33.592623,-16.140245],[33.592624,-16.140516],[33.592064,-16.140789],[33.592065,-16.141332],[33.591785,-16.141332],[33.591789,-16.142688],[33.592351,-16.142958],[33.592352,-16.1435],[33.592914,-16.143499],[33.592913,-16.143228],[33.593193,-16.143227],[33.593193,-16.142956],[33.592912,-16.142956],[33.59291,-16.142414],[33.59263,-16.142415],[33.592628,-16.141872],[33.592909,-16.141872],[33.592908,-16.1416],[33.59375,-16.141598],[33.59375,-16.141869],[33.594031,-16.141868],[33.594032,-16.14214],[33.594594,-16.142409],[33.594595,-16.142952],[33.594876,-16.142951],[33.594877,-16.143222],[33.595719,-16.14322],[33.595719,-16.143491],[33.596281,-16.143761],[33.596284,-16.144574],[33.594881,-16.144578],[33.59488,-16.144307],[33.594319,-16.144308],[33.594316,-16.143495],[33.593755,-16.143496],[33.593758,-16.14431],[33.593197,-16.144583],[33.593199,-16.145125],[33.592357,-16.145127],[33.592358,-16.145399],[33.592077,-16.145399],[33.592083,-16.147298],[33.592364,-16.147297],[33.592365,-16.147839],[33.592646,-16.147839],[33.592647,-16.14811],[33.593209,-16.148379],[33.59321,-16.148922],[33.593491,-16.148921],[33.593494,-16.150006],[33.593775,-16.150005],[33.594059,-16.151089],[33.59462,-16.151088],[33.594902,-16.151629],[33.595744,-16.151627],[33.595462,-16.151085],[33.596303,-16.151083],[33.596306,-16.151896],[33.596025,-16.151897],[33.595746,-16.15244],[33.596027,-16.15244],[33.596028,-16.152711],[33.596589,-16.152709],[33.59659,-16.15298],[33.59687,-16.15298],[33.596871,-16.153251],[33.597152,-16.15325],[33.597152,-16.153521],[33.597433,-16.15352],[33.597715,-16.154062],[33.598276,-16.15406],[33.598277,-16.154332],[33.598558,-16.154331],[33.59884,-16.154872],[33.599682,-16.15487],[33.599683,-16.155141],[33.600805,-16.155138],[33.600806,-16.155409],[33.601367,-16.155408],[33.601366,-16.155137],[33.601086,-16.155137],[33.601085,-16.154866],[33.600804,-16.154867],[33.600522,-16.154325],[33.5994,-16.154328],[33.599399,-16.154057],[33.599118,-16.154058],[33.599116,-16.153244],[33.597993,-16.153248],[33.597993,-16.152976],[33.597712,-16.152977],[33.59771,-16.152435],[33.597991,-16.152434],[33.59799,-16.152163],[33.598551,-16.152161],[33.598552,-16.152432],[33.598833,-16.152432],[33.598834,-16.152703],[33.599396,-16.152973],[33.599398,-16.153786],[33.60024,-16.153784],[33.600239,-16.153513],[33.6008,-16.153511],[33.600801,-16.153782],[33.601643,-16.15378],[33.601641,-16.153237],[33.601922,-16.153237],[33.601923,-16.153508],[33.603046,-16.153776],[33.603047,-16.154318],[33.603328,-16.154317],[33.603329,-16.154589],[33.60389,-16.154587],[33.603891,-16.154858],[33.604733,-16.154856],[33.605015,-16.155397],[33.605576,-16.155396],[33.605575,-16.155125],[33.605856,-16.155124],[33.606138,-16.155665],[33.606699,-16.155664],[33.606698,-16.155393],[33.607821,-16.155389],[33.608103,-16.155931],[33.608664,-16.155929],[33.608663,-16.155658],[33.608944,-16.155657],[33.609226,-16.156199],[33.61035,-16.156467],[33.610354,-16.157823],[33.610916,-16.158092],[33.610917,-16.158635],[33.611198,-16.158634],[33.61148,-16.159176],[33.612041,-16.159174],[33.612043,-16.159716],[33.612324,-16.159716],[33.612326,-16.160529],[33.613449,-16.160797],[33.613449,-16.160526],[33.614009,-16.160253],[33.61401,-16.160524],[33.614571,-16.160523],[33.614292,-16.161066],[33.614853,-16.161064],[33.614854,-16.161336],[33.615135,-16.161335],[33.615131,-16.159979],[33.615411,-16.159978],[33.615409,-16.159164],[33.61625,-16.159162],[33.616251,-16.159433],[33.616532,-16.159432],[33.616531,-16.159161],[33.616812,-16.15916],[33.61681,-16.158618],[33.617091,-16.158617],[33.617089,-16.158075],[33.616527,-16.157805],[33.616526,-16.157534],[33.617086,-16.157261],[33.617085,-16.156719],[33.616804,-16.15672],[33.616803,-16.156448],[33.617084,-16.156448],[33.617082,-16.155905],[33.618763,-16.155087],[33.618764,-16.155358],[33.619326,-16.155627],[33.619328,-16.15617],[33.619047,-16.156171],[33.61905,-16.156984],[33.619611,-16.156983],[33.619612,-16.157254],[33.619331,-16.157255],[33.619334,-16.158068],[33.619053,-16.158069],[33.619054,-16.15834],[33.618493,-16.158342],[33.618494,-16.158613],[33.618774,-16.158612],[33.618775,-16.158883],[33.619336,-16.158882],[33.619337,-16.159153],[33.619618,-16.159152],[33.619619,-16.159695],[33.619058,-16.159696],[33.619057,-16.159154],[33.618495,-16.159155],[33.618496,-16.159427],[33.618216,-16.159427],[33.618218,-16.160241],[33.618779,-16.160239],[33.61878,-16.160511],[33.619061,-16.16051],[33.61906,-16.160239],[33.619621,-16.160237],[33.619622,-16.160508],[33.620184,-16.160778],[33.619905,-16.161321],[33.620466,-16.161319],[33.620464,-16.160506],[33.621025,-16.160504],[33.621026,-16.160775],[33.621588,-16.161045],[33.62159,-16.161587],[33.62187,-16.161586],[33.621871,-16.161858],[33.622713,-16.161855],[33.622712,-16.161584],[33.622993,-16.161583],[33.622991,-16.161041],[33.623552,-16.161039],[33.623551,-16.160768],[33.622989,-16.160498],[33.622988,-16.159956],[33.623829,-16.159953],[33.623828,-16.159682],[33.623548,-16.159683],[33.623827,-16.15914],[33.624107,-16.159139],[33.62439,-16.159681],[33.624951,-16.159679],[33.624949,-16.159137],[33.623826,-16.158869],[33.623825,-16.158597],[33.624106,-16.158597],[33.624104,-16.158054],[33.625225,-16.157509],[33.625222,-16.156695],[33.624942,-16.156696],[33.62494,-16.156153],[33.62522,-16.156153],[33.625218,-16.155339],[33.624937,-16.15534],[33.624938,-16.155611],[33.624378,-16.155884],[33.624374,-16.154528],[33.624935,-16.154526],[33.624932,-16.153713],[33.624652,-16.153714],[33.62465,-16.153171],[33.62493,-16.15317],[33.62493,-16.152899],[33.625771,-16.152897],[33.625769,-16.152083],[33.62633,-16.152081],[33.626609,-16.151538],[33.62717,-16.151537],[33.627169,-16.151265],[33.62745,-16.151265],[33.627451,-16.151536],[33.628012,-16.151534],[33.628011,-16.151263],[33.628292,-16.151262],[33.62857,-16.150719],[33.629132,-16.150988],[33.629134,-16.151531],[33.629976,-16.151528],[33.629975,-16.151257],[33.630256,-16.151256],[33.630258,-16.15207],[33.629697,-16.152072],[33.629699,-16.152614],[33.629979,-16.152613],[33.629982,-16.153427],[33.630263,-16.153426],[33.630264,-16.153968],[33.630545,-16.153967],[33.630548,-16.155052],[33.63111,-16.155322],[33.631111,-16.155593],[33.630831,-16.155594],[33.630832,-16.155865],[33.631112,-16.155864],[33.631114,-16.156406],[33.630833,-16.156407],[33.630832,-16.156136],[33.629991,-16.156139],[33.629712,-16.156682],[33.629992,-16.156681],[33.629993,-16.156952],[33.630274,-16.156951],[33.630273,-16.15668],[33.631115,-16.156678],[33.631116,-16.15722],[33.631397,-16.157219],[33.631398,-16.15749],[33.631678,-16.15749],[33.631678,-16.157218],[33.632519,-16.157216],[33.63252,-16.157487],[33.632801,-16.157486],[33.6328,-16.157215],[33.633081,-16.157214],[33.632798,-16.156673],[33.63364,-16.15667],[33.633639,-16.156399],[33.633359,-16.1564],[33.633358,-16.156129],[33.633077,-16.156129],[33.633076,-16.155858],[33.632796,-16.155859],[33.632791,-16.154503],[33.633353,-16.154773],[33.633355,-16.155315],[33.633636,-16.155314],[33.633638,-16.156128],[33.6342,-16.156126],[33.634199,-16.155855],[33.63504,-16.155852],[33.635038,-16.155039],[33.635318,-16.155038],[33.635317,-16.154496],[33.634475,-16.154498],[33.634474,-16.154227],[33.635035,-16.154225],[33.635034,-16.153954],[33.635315,-16.153953],[33.635312,-16.152868],[33.635592,-16.152868],[33.63559,-16.152325],[33.635871,-16.152324],[33.636153,-16.152866],[33.636434,-16.152865],[33.636713,-16.152322],[33.637274,-16.15232],[33.637273,-16.152049],[33.637835,-16.152319],[33.638114,-16.151775],[33.637833,-16.151776],[33.637833,-16.151505],[33.63727,-16.151235],[33.637269,-16.150693],[33.63783,-16.150691],[33.637829,-16.15042],[33.63811,-16.150419],[33.638111,-16.150962],[33.638673,-16.151231],[33.638669,-16.149875],[33.638107,-16.149606],[33.638105,-16.149063],[33.638667,-16.149333],[33.638666,-16.148791],[33.638385,-16.148791],[33.638384,-16.14852],[33.638104,-16.148521],[33.638103,-16.14825],[33.637822,-16.148251],[33.637821,-16.147979],[33.637259,-16.14771],[33.637257,-16.146896],[33.636976,-16.146897],[33.636974,-16.146355],[33.637535,-16.146353],[33.637536,-16.146624],[33.638097,-16.146351],[33.638096,-16.14608],[33.637815,-16.146081],[33.637813,-16.145539],[33.638374,-16.145266],[33.638372,-16.144723],[33.638933,-16.144722],[33.638935,-16.145264],[33.639215,-16.145263],[33.639216,-16.145535],[33.639497,-16.145534],[33.639496,-16.145262],[33.640338,-16.14526],[33.640335,-16.144446],[33.640896,-16.144445],[33.640895,-16.144174],[33.641176,-16.144173],[33.641174,-16.14363],[33.641455,-16.143629],[33.641453,-16.143087],[33.641173,-16.143088],[33.641171,-16.142546],[33.64089,-16.142546],[33.640889,-16.142275],[33.639768,-16.14255],[33.639766,-16.142007],[33.640047,-16.142007],[33.640042,-16.140651],[33.639481,-16.140652],[33.639483,-16.141195],[33.639202,-16.141195],[33.639201,-16.140653],[33.63864,-16.140655],[33.638641,-16.141197],[33.638361,-16.141198],[33.638355,-16.1393],[33.638074,-16.1393],[33.637792,-16.138759],[33.637231,-16.138761],[33.637233,-16.139574],[33.636672,-16.139576],[33.636669,-16.138491],[33.636107,-16.138493],[33.636108,-16.138764],[33.635828,-16.138765],[33.635827,-16.138494],[33.635266,-16.138495],[33.635265,-16.138224],[33.634984,-16.138225],[33.634983,-16.137954],[33.635264,-16.137953],[33.635263,-16.137682],[33.635544,-16.137681],[33.635543,-16.13741],[33.636103,-16.137137],[33.636099,-16.135781],[33.635818,-16.135782],[33.635819,-16.136053],[33.635259,-16.136326],[33.635255,-16.135241],[33.636097,-16.135238],[33.636094,-16.134425],[33.635814,-16.134426],[33.635532,-16.133884],[33.63497,-16.133886],[33.634971,-16.134157],[33.634409,-16.133888],[33.63441,-16.134159],[33.63413,-16.13416],[33.633851,-16.134703],[33.634412,-16.134701],[33.634411,-16.13443],[33.634692,-16.134429],[33.634692,-16.1347],[33.635254,-16.134699],[33.635254,-16.13497],[33.634974,-16.134971],[33.634975,-16.135242],[33.634414,-16.135243],[33.634414,-16.135515],[33.634134,-16.135515],[33.634133,-16.135244],[33.633291,-16.135247],[33.63329,-16.134704],[33.632728,-16.134706],[33.632726,-16.133893],[33.633287,-16.133891],[33.633285,-16.133348],[33.633846,-16.133347],[33.633846,-16.133076],[33.634126,-16.133075],[33.634125,-16.132804],[33.633564,-16.132805],[33.633562,-16.132263],[33.633282,-16.132264],[33.633283,-16.132535],[33.632722,-16.132537],[33.632721,-16.132265],[33.633001,-16.132265],[33.632999,-16.131451],[33.632718,-16.131452],[33.632717,-16.131181],[33.63384,-16.131448],[33.633839,-16.130906],[33.6344,-16.130904],[33.634397,-16.130091],[33.634678,-16.13009],[33.634677,-16.129819],[33.634115,-16.129549],[33.634111,-16.128464],[33.634392,-16.128464],[33.634389,-16.127379],[33.634949,-16.127106],[33.634945,-16.126021],[33.635226,-16.12602],[33.635225,-16.125749],[33.634663,-16.12548],[33.634662,-16.125209],[33.635222,-16.124936],[33.63522,-16.124122],[33.634939,-16.124123]],[[33.634102,-16.125481],[33.634383,-16.125481],[33.634383,-16.125752],[33.634103,-16.125753],[33.634102,-16.125481]],[[33.633262,-16.126026],[33.633543,-16.126025],[33.633543,-16.126297],[33.633263,-16.126297],[33.633262,-16.126026]],[[33.597632,-16.1264],[33.597913,-16.126399],[33.597914,-16.126671],[33.597633,-16.126671],[33.597632,-16.1264]],[[33.598193,-16.126399],[33.598474,-16.126398],[33.598475,-16.126669],[33.598194,-16.12667],[33.598193,-16.126399]],[[33.633824,-16.126296],[33.634105,-16.126295],[33.634106,-16.126837],[33.633826,-16.126838],[33.633824,-16.126296]],[[33.596791,-16.126674],[33.597072,-16.126673],[33.597073,-16.126944],[33.596792,-16.126945],[33.596791,-16.126674]],[[33.598196,-16.127212],[33.598476,-16.127211],[33.598477,-16.127483],[33.598197,-16.127483],[33.598196,-16.127212]],[[33.595672,-16.127762],[33.595953,-16.127761],[33.596235,-16.128303],[33.595674,-16.128304],[33.595672,-16.127762]],[[33.631864,-16.127658],[33.632706,-16.127655],[33.632707,-16.127926],[33.632426,-16.127927],[33.632427,-16.128198],[33.631866,-16.1282],[33.631864,-16.127658]],[[33.597076,-16.128029],[33.597357,-16.128028],[33.597357,-16.128299],[33.597077,-16.1283],[33.597076,-16.128029]],[[33.594832,-16.128306],[33.595113,-16.128306],[33.595114,-16.128577],[33.594833,-16.128578],[33.594832,-16.128306]],[[33.596796,-16.128301],[33.597077,-16.1283],[33.597078,-16.128571],[33.596797,-16.128572],[33.596796,-16.128301]],[[33.599041,-16.128295],[33.599321,-16.128294],[33.599323,-16.128836],[33.599042,-16.128837],[33.599041,-16.128295]],[[33.600163,-16.128291],[33.600443,-16.128291],[33.600446,-16.129104],[33.600165,-16.129105],[33.600163,-16.128291]],[[33.597639,-16.12857],[33.597919,-16.128569],[33.597922,-16.129383],[33.597641,-16.129383],[33.597639,-16.12857]],[[33.599323,-16.128836],[33.599603,-16.128835],[33.599604,-16.129107],[33.599324,-16.129107],[33.599323,-16.128836]],[[33.633272,-16.129009],[33.633552,-16.129009],[33.633554,-16.129551],[33.633834,-16.12955],[33.633835,-16.129821],[33.633555,-16.129822],[33.633839,-16.130906],[33.633558,-16.130907],[33.633557,-16.130636],[33.632996,-16.130637],[33.632997,-16.130909],[33.632716,-16.130909],[33.632714,-16.130096],[33.632994,-16.130095],[33.633272,-16.129009]],[[33.598202,-16.129382],[33.598483,-16.129381],[33.598484,-16.129652],[33.598203,-16.129653],[33.598202,-16.129382]],[[33.600166,-16.129376],[33.600447,-16.129375],[33.600448,-16.129647],[33.600167,-16.129647],[33.600166,-16.129376]],[[33.595959,-16.12993],[33.59624,-16.12993],[33.596241,-16.130201],[33.59596,-16.130202],[33.595959,-16.12993]],[[33.596801,-16.129928],[33.597362,-16.129927],[33.597646,-16.131011],[33.597365,-16.131011],[33.597365,-16.13074],[33.596804,-16.130742],[33.596801,-16.129928]],[[33.598204,-16.129924],[33.598765,-16.129923],[33.598766,-16.130194],[33.598205,-16.130195],[33.598204,-16.129924]],[[33.599046,-16.129922],[33.599326,-16.129921],[33.599327,-16.130192],[33.599888,-16.130191],[33.599889,-16.130462],[33.598767,-16.130465],[33.599046,-16.129922]],[[33.63131,-16.129829],[33.632152,-16.129826],[33.632153,-16.130097],[33.632433,-16.130097],[33.632434,-16.130368],[33.631873,-16.13037],[33.631874,-16.130641],[33.631593,-16.130642],[33.631596,-16.131455],[33.632158,-16.131725],[33.63216,-16.132538],[33.632441,-16.132537],[33.632442,-16.132809],[33.632161,-16.132809],[33.631882,-16.133353],[33.630758,-16.132814],[33.630758,-16.132542],[33.631319,-16.132541],[33.631318,-16.13227],[33.631037,-16.13227],[33.630755,-16.131729],[33.629913,-16.131731],[33.629913,-16.13146],[33.630193,-16.131459],[33.630191,-16.130917],[33.630472,-16.130916],[33.630469,-16.130102],[33.631311,-16.1301],[33.63131,-16.129829]],[[33.592313,-16.130212],[33.592874,-16.13021],[33.592875,-16.130481],[33.592594,-16.130482],[33.592596,-16.131025],[33.592315,-16.131025],[33.592313,-16.130212]],[[33.625139,-16.130118],[33.625419,-16.130117],[33.62542,-16.130389],[33.62514,-16.130389],[33.625139,-16.130118]],[[33.627664,-16.130111],[33.627944,-16.13011],[33.627946,-16.130652],[33.627665,-16.130653],[33.627664,-16.130111]],[[33.590631,-16.130759],[33.590912,-16.130758],[33.590912,-16.131029],[33.590632,-16.13103],[33.590631,-16.130759]],[[33.599329,-16.130735],[33.599609,-16.130734],[33.599891,-16.131275],[33.59933,-16.131277],[33.599329,-16.130735]],[[33.627946,-16.130652],[33.628227,-16.130651],[33.628227,-16.130923],[33.627947,-16.130923],[33.627946,-16.130652]],[[33.58951,-16.131033],[33.590632,-16.13103],[33.590633,-16.131301],[33.590072,-16.131303],[33.590072,-16.131574],[33.589792,-16.131575],[33.589793,-16.131846],[33.590634,-16.131844],[33.590635,-16.132115],[33.590355,-16.132116],[33.590355,-16.132387],[33.590075,-16.132388],[33.589796,-16.132931],[33.588112,-16.132935],[33.58811,-16.132122],[33.587829,-16.132123],[33.587829,-16.131851],[33.588109,-16.131851],[33.588108,-16.131579],[33.58867,-16.131849],[33.58867,-16.131578],[33.58895,-16.131577],[33.588949,-16.131306],[33.58951,-16.131304],[33.58951,-16.131033]],[[33.622897,-16.130938],[33.623458,-16.130937],[33.62346,-16.131479],[33.623179,-16.13148],[33.622897,-16.130938]],[[33.6243,-16.130934],[33.62458,-16.130933],[33.624581,-16.131205],[33.6243,-16.131205],[33.6243,-16.130934]],[[33.626825,-16.130927],[33.627948,-16.131195],[33.627949,-16.131737],[33.62823,-16.131736],[33.628231,-16.132007],[33.62767,-16.132009],[33.627387,-16.131468],[33.626827,-16.13174],[33.626826,-16.131469],[33.626546,-16.13147],[33.626825,-16.130927]],[[33.590913,-16.1313],[33.591194,-16.1313],[33.591195,-16.131571],[33.590914,-16.131572],[33.590913,-16.1313]],[[33.600733,-16.131273],[33.601014,-16.131272],[33.601014,-16.131543],[33.600734,-16.131544],[33.600733,-16.131273]],[[33.601294,-16.131271],[33.601575,-16.131271],[33.601576,-16.131813],[33.601015,-16.131815],[33.601294,-16.131271]],[[33.615884,-16.13123],[33.616164,-16.131229],[33.616166,-16.131771],[33.615885,-16.131772],[33.615884,-16.13123]],[[33.597928,-16.131552],[33.598209,-16.131551],[33.59821,-16.131823],[33.597929,-16.131823],[33.597928,-16.131552]],[[33.600453,-16.131545],[33.600734,-16.131544],[33.600735,-16.131815],[33.600454,-16.131816],[33.600453,-16.131545]],[[33.592318,-16.131839],[33.592879,-16.131837],[33.59288,-16.132109],[33.592599,-16.132109],[33.592601,-16.132652],[33.59232,-16.132653],[33.592318,-16.131839]],[[33.595685,-16.13183],[33.595965,-16.131829],[33.595966,-16.1321],[33.595685,-16.132101],[33.595685,-16.13183]],[[33.597648,-16.131824],[33.597929,-16.131823],[33.59793,-16.132095],[33.597649,-16.132095],[33.597648,-16.131824]],[[33.607188,-16.131797],[33.607468,-16.131796],[33.60775,-16.132338],[33.607189,-16.13234],[33.607188,-16.131797]],[[33.615605,-16.131773],[33.615885,-16.131772],[33.615886,-16.132043],[33.615605,-16.132044],[33.615605,-16.131773]],[[33.622619,-16.131753],[33.622899,-16.131752],[33.6229,-16.132023],[33.62262,-16.132024],[33.622619,-16.131753]],[[33.591196,-16.132113],[33.591477,-16.132113],[33.591478,-16.132384],[33.591197,-16.132384],[33.591196,-16.132113]],[[33.595405,-16.132102],[33.595685,-16.132101],[33.595686,-16.132372],[33.595406,-16.132373],[33.595405,-16.132102]],[[33.597088,-16.132097],[33.597649,-16.132095],[33.59765,-16.132366],[33.59737,-16.132367],[33.597091,-16.13291],[33.596529,-16.132912],[33.596529,-16.132641],[33.596809,-16.13264],[33.597088,-16.132097]],[[33.600736,-16.132087],[33.601577,-16.132084],[33.601578,-16.132355],[33.602139,-16.132354],[33.60214,-16.132625],[33.601859,-16.132626],[33.60186,-16.132897],[33.6013,-16.13317],[33.601297,-16.132356],[33.600736,-16.132358],[33.600736,-16.132087]],[[33.615886,-16.132043],[33.616167,-16.132043],[33.616167,-16.132314],[33.615887,-16.132315],[33.615886,-16.132043]],[[33.622339,-16.132025],[33.62262,-16.132024],[33.62262,-16.132295],[33.62234,-16.132296],[33.622339,-16.132025]],[[33.595125,-16.132374],[33.595406,-16.132373],[33.595406,-16.132644],[33.595126,-16.132645],[33.595125,-16.132374]],[[33.597931,-16.132366],[33.598211,-16.132365],[33.598213,-16.132907],[33.597932,-16.132908],[33.597931,-16.132366]],[[33.600175,-16.132359],[33.600456,-16.132359],[33.600457,-16.13263],[33.600176,-16.132631],[33.600175,-16.132359]],[[33.606628,-16.132341],[33.606909,-16.13234],[33.60691,-16.132612],[33.606629,-16.132612],[33.606628,-16.132341]],[[33.61729,-16.132311],[33.61757,-16.13231],[33.617571,-16.132581],[33.617291,-16.132582],[33.61729,-16.132311]],[[33.629073,-16.132276],[33.629354,-16.132275],[33.629355,-16.132547],[33.629074,-16.132547],[33.629073,-16.132276]],[[33.590917,-16.132656],[33.591478,-16.132655],[33.591761,-16.133197],[33.590919,-16.133199],[33.590917,-16.132656]],[[33.60214,-16.132625],[33.602421,-16.132624],[33.602421,-16.132895],[33.602141,-16.132896],[33.60214,-16.132625]],[[33.629916,-16.132545],[33.630478,-16.132814],[33.63048,-16.133357],[33.629918,-16.133087],[33.629916,-16.132545]],[[33.594285,-16.132918],[33.595127,-16.132916],[33.595127,-16.133187],[33.594566,-16.133189],[33.594287,-16.133732],[33.593165,-16.133735],[33.593164,-16.133464],[33.594006,-16.133461],[33.594285,-16.132918]],[[33.607191,-16.132882],[33.607472,-16.132881],[33.607472,-16.133152],[33.607192,-16.133153],[33.607191,-16.132882]],[[33.617011,-16.132854],[33.617291,-16.132853],[33.617293,-16.133395],[33.617855,-16.133665],[33.617857,-16.134207],[33.617576,-16.134208],[33.617577,-16.134479],[33.617015,-16.13421],[33.617014,-16.133939],[33.617295,-16.133938],[33.617294,-16.133667],[33.617013,-16.133667],[33.617011,-16.132854]],[[33.622622,-16.132837],[33.622903,-16.132837],[33.622904,-16.133108],[33.622623,-16.133109],[33.622622,-16.132837]],[[33.629075,-16.132819],[33.629356,-16.132818],[33.629357,-16.133089],[33.629076,-16.13309],[33.629075,-16.132819]],[[33.632442,-16.132809],[33.632722,-16.132808],[33.632723,-16.133079],[33.632443,-16.13308],[33.632442,-16.132809]],[[33.592322,-16.133195],[33.592602,-16.133194],[33.592604,-16.133737],[33.592323,-16.133737],[33.592322,-16.133195]],[[33.595127,-16.133187],[33.595408,-16.133186],[33.595409,-16.133458],[33.595128,-16.133458],[33.595127,-16.133187]],[[33.59653,-16.133183],[33.596811,-16.133182],[33.596812,-16.133454],[33.596531,-16.133454],[33.59653,-16.133183]],[[33.606631,-16.133155],[33.606911,-16.133154],[33.606912,-16.133425],[33.606632,-16.133426],[33.606631,-16.133155]],[[33.595409,-16.133458],[33.59597,-16.133456],[33.595971,-16.133727],[33.59541,-16.133729],[33.595409,-16.133458]],[[33.601301,-16.133441],[33.601581,-16.13344],[33.601582,-16.133711],[33.601302,-16.133712],[33.601301,-16.133441]],[[33.615329,-16.133401],[33.61561,-16.1334],[33.61561,-16.133671],[33.61533,-16.133672],[33.615329,-16.133401]],[[33.63048,-16.133357],[33.631321,-16.133354],[33.631323,-16.133897],[33.631042,-16.133897],[33.631042,-16.133626],[33.630481,-16.133628],[33.63048,-16.133357]],[[33.622064,-16.133653],[33.622625,-16.133651],[33.622627,-16.134465],[33.622347,-16.134465],[33.622345,-16.133923],[33.622064,-16.133924],[33.622064,-16.133653]],[[33.623466,-16.133649],[33.623747,-16.133648],[33.623748,-16.133919],[33.623467,-16.13392],[33.623466,-16.133649]],[[33.631883,-16.133624],[33.632444,-16.133622],[33.632446,-16.134165],[33.631885,-16.134166],[33.631883,-16.133624]],[[33.600741,-16.133985],[33.601022,-16.133984],[33.601023,-16.134255],[33.600742,-16.134256],[33.600741,-16.133985]],[[33.61505,-16.133944],[33.615331,-16.133943],[33.615332,-16.134215],[33.615051,-16.134215],[33.61505,-16.133944]],[[33.628798,-16.133904],[33.629079,-16.133903],[33.629079,-16.134174],[33.628799,-16.134175],[33.628798,-16.133904]],[[33.617857,-16.134207],[33.618137,-16.134206],[33.618138,-16.134478],[33.617858,-16.134478],[33.617857,-16.134207]],[[33.629922,-16.134443],[33.630203,-16.134442],[33.630203,-16.134714],[33.629923,-16.134714],[33.629922,-16.134443]],[[33.631044,-16.13444],[33.631325,-16.134439],[33.631326,-16.13471],[33.631045,-16.134711],[33.631044,-16.13444]],[[33.619822,-16.134744],[33.620383,-16.134742],[33.620384,-16.135014],[33.620665,-16.135013],[33.620666,-16.135284],[33.620946,-16.135283],[33.620947,-16.135554],[33.621509,-16.135824],[33.621512,-16.136637],[33.622074,-16.136907],[33.622075,-16.137449],[33.622637,-16.137448],[33.622638,-16.13799],[33.622358,-16.137991],[33.622358,-16.138262],[33.622078,-16.138263],[33.622079,-16.138534],[33.621518,-16.138807],[33.621801,-16.139349],[33.62124,-16.139621],[33.621242,-16.140164],[33.622084,-16.140161],[33.622083,-16.13989],[33.622644,-16.139888],[33.62264,-16.138533],[33.623201,-16.138531],[33.623204,-16.139616],[33.623485,-16.139615],[33.623487,-16.140157],[33.623206,-16.140158],[33.623208,-16.1407],[33.622647,-16.140702],[33.622648,-16.140973],[33.622086,-16.140704],[33.621807,-16.141247],[33.620685,-16.141521],[33.620687,-16.142064],[33.620127,-16.142337],[33.620127,-16.142608],[33.620689,-16.142606],[33.620689,-16.142877],[33.620409,-16.142878],[33.62041,-16.143149],[33.620129,-16.14315],[33.62013,-16.143421],[33.619849,-16.143422],[33.61957,-16.143965],[33.618729,-16.143968],[33.61873,-16.144239],[33.618168,-16.144241],[33.618168,-16.143969],[33.617887,-16.14397],[33.617886,-16.143699],[33.617324,-16.143429],[33.617322,-16.142887],[33.617884,-16.142885],[33.617883,-16.142614],[33.618163,-16.142613],[33.618442,-16.14207],[33.619284,-16.142068],[33.619283,-16.141797],[33.619844,-16.141795],[33.619843,-16.141524],[33.620124,-16.141523],[33.620123,-16.141252],[33.620683,-16.140979],[33.620682,-16.140437],[33.620121,-16.140438],[33.62012,-16.140167],[33.6204,-16.140166],[33.620399,-16.139624],[33.619838,-16.139625],[33.619559,-16.140169],[33.618997,-16.14017],[33.618998,-16.140441],[33.618157,-16.140444],[33.618157,-16.140715],[33.617877,-16.140716],[33.617598,-16.141259],[33.617037,-16.141261],[33.617036,-16.14099],[33.617317,-16.140989],[33.617315,-16.140446],[33.616754,-16.140448],[33.616753,-16.140177],[33.616191,-16.139907],[33.616189,-16.139365],[33.616751,-16.139634],[33.616749,-16.138821],[33.617029,-16.13882],[33.616745,-16.137736],[33.617026,-16.137735],[33.617025,-16.137464],[33.616183,-16.137466],[33.616184,-16.137738],[33.615624,-16.13801],[33.615621,-16.136926],[33.615901,-16.136925],[33.6159,-16.136654],[33.616742,-16.136651],[33.617024,-16.137193],[33.617866,-16.13719],[33.617868,-16.137733],[33.618429,-16.137731],[33.61843,-16.138002],[33.61871,-16.138002],[33.618711,-16.138273],[33.61843,-16.138274],[33.618432,-16.138816],[33.618993,-16.138814],[33.619272,-16.138271],[33.619833,-16.138269],[33.619832,-16.137727],[33.618709,-16.13773],[33.618708,-16.137459],[33.618428,-16.13746],[33.618425,-16.136646],[33.617584,-16.136649],[33.61758,-16.135564],[33.618141,-16.135562],[33.618141,-16.135291],[33.618703,-16.135561],[33.618702,-16.13529],[33.619263,-16.135288],[33.619262,-16.135017],[33.619823,-16.135015],[33.619822,-16.134744]],[[33.631887,-16.134709],[33.632448,-16.134707],[33.63245,-16.135249],[33.631888,-16.135251],[33.631887,-16.134709]],[[33.622348,-16.135008],[33.622629,-16.135007],[33.62263,-16.135278],[33.622349,-16.135279],[33.622348,-16.135008]],[[33.607198,-16.135323],[33.607479,-16.135322],[33.60748,-16.135593],[33.607199,-16.135594],[33.607198,-16.135323]],[[33.614213,-16.135303],[33.615054,-16.1353],[33.615056,-16.135843],[33.614775,-16.135843],[33.614497,-16.136387],[33.614216,-16.136387],[33.614213,-16.135303]],[[33.63273,-16.135248],[33.633291,-16.135247],[33.633293,-16.135789],[33.633574,-16.135788],[33.633577,-16.136873],[33.632735,-16.136876],[33.632734,-16.136333],[33.632453,-16.136334],[33.63273,-16.135248]],[[33.606638,-16.135595],[33.606919,-16.135595],[33.60692,-16.136137],[33.606359,-16.136139],[33.606638,-16.135595]],[[33.631328,-16.135524],[33.631609,-16.135523],[33.631611,-16.136065],[33.631049,-16.136067],[33.631328,-16.135524]],[[33.61197,-16.135851],[33.61225,-16.135851],[33.612251,-16.136122],[33.611971,-16.136123],[33.61197,-16.135851]],[[33.591769,-16.13618],[33.59205,-16.136179],[33.592051,-16.13645],[33.59177,-16.136451],[33.591769,-16.13618]],[[33.606079,-16.136139],[33.606359,-16.136139],[33.606361,-16.136681],[33.60608,-16.136682],[33.606079,-16.136139]],[[33.610849,-16.136397],[33.611411,-16.136667],[33.611413,-16.137209],[33.610851,-16.136939],[33.610849,-16.136397]],[[33.614777,-16.136386],[33.615058,-16.136385],[33.615059,-16.136656],[33.614778,-16.136657],[33.614777,-16.136386]],[[33.591491,-16.136723],[33.592893,-16.136719],[33.592896,-16.137532],[33.592054,-16.137535],[33.592053,-16.137264],[33.591492,-16.137265],[33.591491,-16.136723]],[[33.597383,-16.136706],[33.597663,-16.136706],[33.597664,-16.136977],[33.597383,-16.136978],[33.597383,-16.136706]],[[33.613936,-16.136659],[33.614217,-16.136659],[33.614218,-16.13693],[33.613937,-16.136931],[33.613936,-16.136659]],[[33.617303,-16.13665],[33.617584,-16.136649],[33.617585,-16.13692],[33.617304,-16.136921],[33.617303,-16.13665]],[[33.631332,-16.136609],[33.631612,-16.136608],[33.631613,-16.136879],[33.631333,-16.13688],[33.631332,-16.136609]],[[33.634698,-16.136599],[33.634979,-16.136598],[33.635263,-16.137682],[33.634702,-16.137683],[33.634701,-16.137412],[33.634421,-16.137413],[33.634419,-16.136871],[33.634699,-16.13687],[33.634698,-16.136599]],[[33.591212,-16.137266],[33.591492,-16.137265],[33.591494,-16.137808],[33.591213,-16.137808],[33.591212,-16.137266]],[[33.611413,-16.137209],[33.611693,-16.137208],[33.611694,-16.137479],[33.611414,-16.13748],[33.611413,-16.137209]],[[33.633017,-16.137146],[33.633579,-16.137416],[33.633581,-16.138229],[33.63274,-16.138232],[33.632739,-16.13796],[33.632458,-16.137961],[33.632457,-16.13769],[33.632738,-16.137689],[33.633017,-16.137146]],[[33.633859,-16.137143],[33.634139,-16.137143],[33.63414,-16.137414],[33.633859,-16.137415],[33.633859,-16.137143]],[[33.592896,-16.137532],[33.593176,-16.137532],[33.593177,-16.137803],[33.592897,-16.137804],[33.592896,-16.137532]],[[33.593457,-16.137531],[33.594299,-16.137529],[33.594299,-16.1378],[33.59458,-16.137799],[33.594583,-16.138884],[33.594303,-16.138885],[33.594302,-16.138613],[33.59346,-16.138616],[33.593459,-16.138073],[33.593178,-16.138074],[33.593457,-16.137531]],[[33.610572,-16.137483],[33.611133,-16.137481],[33.611135,-16.138023],[33.610014,-16.138569],[33.610012,-16.138027],[33.610293,-16.138026],[33.610572,-16.137483]],[[33.615061,-16.13747],[33.615342,-16.137469],[33.615342,-16.13774],[33.615062,-16.137741],[33.615061,-16.13747]],[[33.594861,-16.137798],[33.595141,-16.137797],[33.595142,-16.138069],[33.594861,-16.138069],[33.594861,-16.137798]],[[33.597105,-16.137792],[33.597666,-16.13779],[33.597667,-16.138062],[33.597106,-16.138063],[33.597105,-16.137792]],[[33.61394,-16.137744],[33.614501,-16.137743],[33.614503,-16.138556],[33.615064,-16.138554],[33.615065,-16.138826],[33.614504,-16.138827],[33.614505,-16.139098],[33.614224,-16.139099],[33.614224,-16.138828],[33.613662,-16.13883],[33.613666,-16.139915],[33.613946,-16.139914],[33.613949,-16.140727],[33.613668,-16.140728],[33.61367,-16.14127],[33.61395,-16.14127],[33.613952,-16.141812],[33.612831,-16.142086],[33.612831,-16.142358],[33.612551,-16.142358],[33.612552,-16.14263],[33.612271,-16.14263],[33.611992,-16.143174],[33.611431,-16.143175],[33.611432,-16.143446],[33.610871,-16.143448],[33.610872,-16.143719],[33.610591,-16.14372],[33.610592,-16.143991],[33.611154,-16.144261],[33.611155,-16.144532],[33.610874,-16.144533],[33.610877,-16.145346],[33.610596,-16.145347],[33.610594,-16.144805],[33.610314,-16.144806],[33.61031,-16.143721],[33.609748,-16.143451],[33.609465,-16.142367],[33.608903,-16.142369],[33.608905,-16.142911],[33.608344,-16.142913],[33.608343,-16.142642],[33.608062,-16.142643],[33.608061,-16.1421],[33.608341,-16.142099],[33.60834,-16.141557],[33.60862,-16.141556],[33.608621,-16.141827],[33.609463,-16.141825],[33.60946,-16.141011],[33.610021,-16.140739],[33.610019,-16.140196],[33.6103,-16.140195],[33.610299,-16.139924],[33.61142,-16.13965],[33.611419,-16.139107],[33.612542,-16.139375],[33.612541,-16.139104],[33.612821,-16.139103],[33.612819,-16.13829],[33.613661,-16.138287],[33.61394,-16.137744]],[[33.630774,-16.137695],[33.631055,-16.137694],[33.631056,-16.138237],[33.630495,-16.138238],[33.630774,-16.137695]],[[33.63386,-16.137686],[33.634141,-16.137685],[33.634142,-16.137956],[33.633861,-16.137957],[33.63386,-16.137686]],[[33.634142,-16.137956],[33.634422,-16.137955],[33.634424,-16.138498],[33.634143,-16.138499],[33.634142,-16.137956]],[[33.606366,-16.138308],[33.606646,-16.138307],[33.606647,-16.138579],[33.606367,-16.138579],[33.606366,-16.138308]],[[33.60861,-16.138302],[33.608891,-16.138301],[33.608893,-16.138843],[33.608612,-16.138844],[33.608613,-16.139115],[33.608052,-16.139117],[33.608051,-16.138846],[33.608331,-16.138845],[33.60861,-16.138302]],[[33.609172,-16.1383],[33.609452,-16.138299],[33.609453,-16.138571],[33.609172,-16.138571],[33.609172,-16.1383]],[[33.607208,-16.138577],[33.607489,-16.138576],[33.607491,-16.139119],[33.608053,-16.139388],[33.608053,-16.139659],[33.607492,-16.139661],[33.607493,-16.139932],[33.606931,-16.139663],[33.607208,-16.138577]],[[33.626848,-16.13852],[33.62741,-16.138519],[33.62741,-16.13879],[33.626849,-16.138791],[33.626848,-16.13852]],[[33.594865,-16.139154],[33.595426,-16.139153],[33.595427,-16.139424],[33.594865,-16.139425],[33.594865,-16.139154]],[[33.596268,-16.13915],[33.596829,-16.139149],[33.59683,-16.139691],[33.595989,-16.139693],[33.596268,-16.13915]],[[33.598512,-16.139144],[33.598793,-16.139143],[33.598794,-16.139414],[33.598513,-16.139415],[33.598512,-16.139144]],[[33.614505,-16.139098],[33.614786,-16.139098],[33.614786,-16.139369],[33.615347,-16.139367],[33.615348,-16.139638],[33.615068,-16.139639],[33.615071,-16.140724],[33.614791,-16.140725],[33.61479,-16.140454],[33.614228,-16.140184],[33.614227,-16.139913],[33.614507,-16.139912],[33.614505,-16.139098]],[[33.634145,-16.139041],[33.634706,-16.139039],[33.634707,-16.139311],[33.634427,-16.139311],[33.634428,-16.139854],[33.633866,-16.139584],[33.634145,-16.139041]],[[33.634987,-16.139038],[33.635267,-16.139038],[33.635268,-16.139309],[33.634988,-16.13931],[33.634987,-16.139038]],[[33.595427,-16.139424],[33.595707,-16.139423],[33.595708,-16.139694],[33.595427,-16.139695],[33.595427,-16.139424]],[[33.597391,-16.139418],[33.598513,-16.139415],[33.598514,-16.139686],[33.597953,-16.139959],[33.597953,-16.139688],[33.597391,-16.13969],[33.597391,-16.139418]],[[33.635549,-16.139308],[33.635829,-16.139307],[33.635831,-16.13985],[33.635551,-16.13985],[33.635549,-16.139308]],[[33.627694,-16.139602],[33.628255,-16.139601],[33.628256,-16.139872],[33.627694,-16.139874],[33.627694,-16.139602]],[[33.631061,-16.139593],[33.631341,-16.139592],[33.631342,-16.139863],[33.631061,-16.139864],[33.631061,-16.139593]],[[33.597392,-16.139961],[33.597673,-16.13996],[33.597674,-16.140231],[33.597393,-16.140232],[33.597392,-16.139961]],[[33.599076,-16.139956],[33.599637,-16.139954],[33.599639,-16.140497],[33.599358,-16.140498],[33.599076,-16.139956]],[[33.607774,-16.139931],[33.608054,-16.139931],[33.608055,-16.140202],[33.607774,-16.140203],[33.607774,-16.139931]],[[33.605811,-16.140479],[33.606092,-16.140479],[33.606093,-16.141021],[33.605813,-16.141022],[33.605811,-16.140479]],[[33.615631,-16.140451],[33.616473,-16.140449],[33.616474,-16.14072],[33.615632,-16.140722],[33.615631,-16.140451]],[[33.628538,-16.140414],[33.628818,-16.140413],[33.628819,-16.140684],[33.628539,-16.140685],[33.628538,-16.140414]],[[33.632466,-16.140402],[33.632747,-16.140401],[33.632747,-16.140672],[33.632467,-16.140673],[33.632466,-16.140402]],[[33.633869,-16.140398],[33.634149,-16.140397],[33.63415,-16.140668],[33.63387,-16.140669],[33.633869,-16.140398]],[[33.61451,-16.140726],[33.614791,-16.140725],[33.614792,-16.141267],[33.614231,-16.141269],[33.61451,-16.140726]],[[33.626855,-16.14069],[33.627136,-16.140689],[33.627137,-16.14096],[33.626856,-16.140961],[33.626855,-16.14069]],[[33.602727,-16.14103],[33.603007,-16.14103],[33.603008,-16.141301],[33.602727,-16.141302],[33.602727,-16.14103]],[[33.618439,-16.140985],[33.618719,-16.140985],[33.61872,-16.141256],[33.61844,-16.141257],[33.618439,-16.140985]],[[33.616195,-16.141263],[33.616476,-16.141262],[33.616477,-16.141534],[33.616196,-16.141534],[33.616195,-16.141263]],[[33.62349,-16.141242],[33.624052,-16.141512],[33.623778,-16.143682],[33.623217,-16.143684],[33.623216,-16.143412],[33.623497,-16.143412],[33.623495,-16.142869],[33.623215,-16.14287],[33.62349,-16.141242]],[[33.614232,-16.14154],[33.614512,-16.141539],[33.614513,-16.14181],[33.614233,-16.141811],[33.614232,-16.14154]],[[33.616477,-16.141534],[33.616757,-16.141533],[33.61676,-16.142346],[33.616198,-16.142348],[33.616197,-16.141806],[33.616477,-16.141805],[33.616477,-16.141534]],[[33.631348,-16.141761],[33.631629,-16.14176],[33.631629,-16.142032],[33.631349,-16.142032],[33.631348,-16.141761]],[[33.636398,-16.141746],[33.636679,-16.141745],[33.63668,-16.142017],[33.636399,-16.142017],[33.636398,-16.141746]],[[33.600486,-16.142393],[33.600767,-16.142392],[33.600767,-16.142663],[33.600487,-16.142664],[33.600486,-16.142393]],[[33.601047,-16.142391],[33.601608,-16.14239],[33.60161,-16.142932],[33.600768,-16.142934],[33.601047,-16.142391]],[[33.614234,-16.142354],[33.614796,-16.142352],[33.614796,-16.142623],[33.614235,-16.142625],[33.614234,-16.142354]],[[33.615076,-16.142351],[33.615357,-16.14235],[33.615359,-16.143164],[33.614797,-16.142894],[33.615076,-16.142351]],[[33.630789,-16.142305],[33.63135,-16.142304],[33.631351,-16.142846],[33.63051,-16.142849],[33.630789,-16.142305]],[[33.637242,-16.142286],[33.638084,-16.142284],[33.638084,-16.142555],[33.637243,-16.142557],[33.637242,-16.142286]],[[33.612552,-16.14263],[33.612832,-16.142629],[33.612833,-16.1429],[33.612553,-16.142901],[33.612552,-16.14263]],[[33.61648,-16.142618],[33.61676,-16.142618],[33.616762,-16.14316],[33.616482,-16.143161],[33.61648,-16.142618]],[[33.622372,-16.142601],[33.622933,-16.1426],[33.622934,-16.142871],[33.622374,-16.143144],[33.622372,-16.142601]],[[33.636401,-16.14256],[33.636682,-16.142559],[33.636683,-16.143101],[33.636403,-16.143102],[33.636401,-16.14256]],[[33.608905,-16.142911],[33.609186,-16.142911],[33.609186,-16.143182],[33.608906,-16.143182],[33.608905,-16.142911]],[[33.621812,-16.142874],[33.622092,-16.142873],[33.622094,-16.143416],[33.621813,-16.143416],[33.621812,-16.142874]],[[33.637524,-16.142828],[33.637805,-16.142827],[33.637806,-16.143098],[33.637525,-16.143099],[33.637524,-16.142828]],[[33.604978,-16.143194],[33.605258,-16.143193],[33.605259,-16.143464],[33.604979,-16.143465],[33.604978,-16.143194]],[[33.606661,-16.143189],[33.606942,-16.143188],[33.606943,-16.143459],[33.606662,-16.14346],[33.606661,-16.143189]],[[33.612834,-16.143171],[33.613115,-16.14317],[33.613115,-16.143442],[33.612835,-16.143442],[33.612834,-16.143171]],[[33.616762,-16.14316],[33.617043,-16.143159],[33.617325,-16.143701],[33.616764,-16.143702],[33.616765,-16.143973],[33.616484,-16.143974],[33.616482,-16.143432],[33.616763,-16.143431],[33.616762,-16.14316]],[[33.620971,-16.143148],[33.621251,-16.143147],[33.621252,-16.143418],[33.620972,-16.143419],[33.620971,-16.143148]],[[33.622654,-16.143143],[33.622935,-16.143142],[33.622937,-16.143956],[33.622657,-16.143956],[33.622659,-16.144499],[33.622378,-16.1445],[33.622099,-16.145043],[33.622661,-16.145312],[33.622664,-16.146126],[33.622944,-16.146125],[33.623227,-16.146667],[33.622665,-16.146668],[33.622386,-16.147211],[33.621264,-16.147215],[33.621262,-16.146401],[33.621822,-16.146128],[33.621819,-16.145315],[33.621539,-16.145316],[33.621537,-16.144773],[33.621818,-16.144772],[33.621817,-16.144501],[33.621536,-16.144502],[33.621535,-16.144231],[33.621816,-16.14423],[33.621815,-16.143959],[33.622096,-16.143958],[33.622095,-16.143687],[33.622375,-16.143686],[33.622654,-16.143143]],[[33.637244,-16.1431],[33.637525,-16.143099],[33.637526,-16.14337],[33.637245,-16.143371],[33.637244,-16.1431]],[[33.613677,-16.14344],[33.613957,-16.143439],[33.613958,-16.14371],[33.613677,-16.143711],[33.613677,-16.14344]],[[33.61536,-16.143435],[33.615641,-16.143434],[33.615641,-16.143706],[33.615361,-16.143706],[33.61536,-16.143435]],[[33.61985,-16.143693],[33.620131,-16.143693],[33.620132,-16.143964],[33.619851,-16.143965],[33.61985,-16.143693]],[[33.62462,-16.143679],[33.624901,-16.143679],[33.624902,-16.144221],[33.624341,-16.144223],[33.62462,-16.143679]],[[33.606944,-16.144002],[33.607225,-16.144001],[33.607226,-16.144272],[33.606945,-16.144273],[33.606944,-16.144002]],[[33.608628,-16.143997],[33.610031,-16.143993],[33.610032,-16.144535],[33.609191,-16.144538],[33.609191,-16.144809],[33.608069,-16.144812],[33.60807,-16.145083],[33.607509,-16.145085],[33.607508,-16.144814],[33.607789,-16.144813],[33.607787,-16.14427],[33.608629,-16.144268],[33.608628,-16.143997]],[[33.612837,-16.143985],[33.613398,-16.143983],[33.613399,-16.144254],[33.612837,-16.144256],[33.612837,-16.143985]],[[33.615642,-16.143977],[33.615923,-16.143976],[33.615925,-16.144518],[33.616205,-16.144518],[33.616207,-16.14506],[33.616487,-16.145059],[33.616489,-16.145601],[33.616209,-16.145602],[33.616209,-16.145873],[33.615648,-16.145875],[33.615646,-16.145062],[33.614804,-16.145064],[33.614806,-16.145606],[33.614525,-16.145607],[33.614524,-16.145336],[33.613963,-16.145338],[33.613962,-16.145066],[33.613682,-16.145067],[33.613681,-16.144796],[33.614242,-16.144794],[33.614521,-16.144251],[33.614801,-16.14425],[33.614802,-16.144522],[33.615363,-16.14452],[33.615642,-16.143977]],[[33.623779,-16.143953],[33.62406,-16.143952],[33.624062,-16.144766],[33.623782,-16.144767],[33.623779,-16.143953]],[[33.611715,-16.144259],[33.611996,-16.144258],[33.611996,-16.14453],[33.611716,-16.14453],[33.611715,-16.144259]],[[33.635284,-16.14419],[33.635564,-16.144189],[33.635565,-16.144461],[33.635285,-16.144461],[33.635284,-16.14419]],[[33.596845,-16.144573],[33.597126,-16.144572],[33.597126,-16.144843],[33.596846,-16.144844],[33.596845,-16.144573]],[[33.611996,-16.14453],[33.612277,-16.144529],[33.612278,-16.1448],[33.611997,-16.144801],[33.611996,-16.14453]],[[33.619292,-16.144509],[33.620694,-16.144504],[33.620695,-16.144776],[33.619292,-16.14478],[33.619292,-16.144509]],[[33.624342,-16.144494],[33.624623,-16.144493],[33.624623,-16.144764],[33.624343,-16.144765],[33.624342,-16.144494]],[[33.593759,-16.144852],[33.594321,-16.144851],[33.594321,-16.145122],[33.593761,-16.145395],[33.593759,-16.144852]],[[33.61817,-16.144783],[33.619012,-16.144781],[33.619014,-16.145594],[33.618734,-16.145595],[33.618735,-16.145866],[33.619296,-16.145865],[33.619575,-16.145321],[33.620136,-16.14532],[33.620138,-16.145862],[33.620418,-16.145861],[33.620697,-16.145318],[33.621258,-16.145316],[33.62126,-16.145859],[33.620699,-16.14586],[33.620702,-16.146945],[33.61986,-16.146948],[33.619858,-16.146134],[33.618735,-16.146137],[33.618737,-16.14668],[33.619018,-16.146679],[33.619019,-16.14695],[33.61958,-16.146948],[33.619581,-16.14722],[33.6193,-16.14722],[33.619301,-16.147492],[33.618741,-16.147765],[33.618743,-16.148578],[33.618462,-16.148579],[33.618464,-16.149121],[33.618184,-16.149122],[33.618184,-16.149393],[33.617623,-16.149395],[33.617622,-16.148853],[33.617902,-16.148852],[33.6179,-16.148038],[33.617338,-16.147769],[33.617336,-16.147226],[33.617896,-16.146953],[33.617895,-16.146411],[33.617614,-16.146412],[33.617613,-16.146141],[33.618174,-16.146139],[33.618172,-16.145325],[33.617891,-16.145326],[33.61817,-16.144783]],[[33.620695,-16.144776],[33.620976,-16.144775],[33.620977,-16.145046],[33.620696,-16.145047],[33.620695,-16.144776]],[[33.623501,-16.144767],[33.623782,-16.144767],[33.623783,-16.145038],[33.623502,-16.145039],[33.623501,-16.144767]],[[33.593199,-16.145125],[33.59348,-16.145124],[33.59348,-16.145396],[33.5932,-16.145396],[33.593199,-16.145125]],[[33.625466,-16.145033],[33.625747,-16.145032],[33.625748,-16.145303],[33.625467,-16.145304],[33.625466,-16.145033]],[[33.62715,-16.145028],[33.62743,-16.145027],[33.627431,-16.145298],[33.62715,-16.145299],[33.62715,-16.145028]],[[33.594042,-16.145394],[33.594322,-16.145393],[33.594323,-16.145664],[33.594042,-16.145665],[33.594042,-16.145394]],[[33.613682,-16.145338],[33.613963,-16.145338],[33.613965,-16.14588],[33.614245,-16.145879],[33.614246,-16.14615],[33.612843,-16.146154],[33.612842,-16.145883],[33.613684,-16.145881],[33.613682,-16.145338]],[[33.634726,-16.145277],[33.635287,-16.145275],[33.635288,-16.145546],[33.635569,-16.145545],[33.63557,-16.146088],[33.635851,-16.146087],[33.635853,-16.146629],[33.636414,-16.146628],[33.636416,-16.14717],[33.635574,-16.147173],[33.635578,-16.148529],[33.636139,-16.148527],[33.63614,-16.148798],[33.635299,-16.148801],[33.6353,-16.149343],[33.634739,-16.149345],[33.63474,-16.149616],[33.633617,-16.149348],[33.633618,-16.14989],[33.633338,-16.149891],[33.633337,-16.14962],[33.633056,-16.149621],[33.633054,-16.148807],[33.632773,-16.148808],[33.632772,-16.148266],[33.633332,-16.147993],[33.63333,-16.14745],[33.633611,-16.14745],[33.633888,-16.146364],[33.634168,-16.146363],[33.634168,-16.146092],[33.635009,-16.146089],[33.635008,-16.145547],[33.634727,-16.145548],[33.634726,-16.145277]],[[33.597971,-16.145654],[33.598251,-16.145653],[33.598252,-16.145925],[33.597971,-16.145925],[33.597971,-16.145654]],[[33.624345,-16.145579],[33.624626,-16.145578],[33.624628,-16.14612],[33.624347,-16.146121],[33.624345,-16.145579]],[[33.627712,-16.145569],[33.627993,-16.145568],[33.627994,-16.145839],[33.627713,-16.14584],[33.627712,-16.145569]],[[33.628554,-16.145566],[33.629115,-16.145565],[33.629116,-16.145836],[33.628555,-16.145837],[33.628554,-16.145566]],[[33.635849,-16.145545],[33.63613,-16.145544],[33.636131,-16.145815],[33.63585,-16.145816],[33.635849,-16.145545]],[[33.636972,-16.145541],[33.637252,-16.14554],[33.637253,-16.145812],[33.636973,-16.145812],[33.636972,-16.145541]],[[33.610037,-16.145891],[33.610317,-16.14589],[33.610318,-16.146162],[33.610599,-16.146161],[33.610881,-16.146702],[33.61032,-16.146704],[33.610319,-16.146433],[33.610038,-16.146434],[33.610037,-16.145891]],[[33.612281,-16.145885],[33.612562,-16.145884],[33.612563,-16.146426],[33.612283,-16.146427],[33.612284,-16.146698],[33.612003,-16.146699],[33.612004,-16.14697],[33.611444,-16.147243],[33.61144,-16.146158],[33.612282,-16.146156],[33.612281,-16.145885]],[[33.627152,-16.145842],[33.627433,-16.145841],[33.627434,-16.146112],[33.627153,-16.146113],[33.627152,-16.145842]],[[33.630519,-16.145832],[33.6308,-16.145831],[33.630801,-16.146102],[33.63052,-16.146103],[33.630519,-16.145832]],[[33.636692,-16.145813],[33.636973,-16.145812],[33.636973,-16.146084],[33.636693,-16.146084],[33.636692,-16.145813]],[[33.615369,-16.146418],[33.61565,-16.146417],[33.615651,-16.146689],[33.61537,-16.146689],[33.615369,-16.146418]],[[33.62547,-16.146389],[33.626031,-16.146387],[33.626033,-16.14693],[33.626314,-16.146929],[33.626035,-16.147472],[33.626315,-16.147471],[33.626316,-16.147742],[33.626877,-16.14747],[33.626875,-16.146927],[33.627436,-16.146925],[33.627439,-16.147739],[33.627719,-16.147738],[33.62772,-16.148009],[33.62716,-16.148282],[33.627162,-16.148825],[33.626881,-16.148825],[33.62688,-16.148554],[33.625758,-16.148558],[33.625759,-16.148829],[33.625197,-16.148559],[33.6252,-16.149644],[33.625481,-16.149643],[33.625481,-16.149914],[33.624358,-16.149646],[33.624359,-16.149918],[33.624078,-16.149918],[33.624081,-16.150732],[33.6238,-16.150733],[33.6238,-16.150462],[33.623519,-16.150463],[33.623517,-16.14992],[33.624078,-16.149647],[33.624077,-16.149376],[33.623796,-16.149377],[33.623793,-16.148292],[33.623231,-16.148023],[33.622952,-16.148566],[33.62211,-16.148568],[33.622108,-16.147755],[33.622388,-16.147754],[33.622386,-16.147211],[33.623509,-16.147208],[33.623508,-16.146937],[33.624069,-16.146935],[33.624068,-16.146664],[33.625471,-16.14666],[33.62547,-16.146389]],[[33.616492,-16.146686],[33.616773,-16.146685],[33.616774,-16.146957],[33.616493,-16.146957],[33.616492,-16.146686]],[[33.630241,-16.146646],[33.630522,-16.146645],[33.630523,-16.146916],[33.630242,-16.146917],[33.630241,-16.146646]],[[33.633048,-16.146909],[33.633328,-16.146908],[33.633329,-16.147179],[33.633049,-16.14718],[33.633048,-16.146909]],[[33.615933,-16.14723],[33.616494,-16.147229],[33.616495,-16.1475],[33.615934,-16.147501],[33.615933,-16.14723]],[[33.620703,-16.147216],[33.621264,-16.147215],[33.621265,-16.147486],[33.620704,-16.147488],[33.620703,-16.147216]],[[33.628559,-16.147193],[33.62884,-16.147193],[33.628841,-16.147464],[33.62856,-16.147465],[33.628559,-16.147193]],[[33.613689,-16.147508],[33.61397,-16.147507],[33.613971,-16.147778],[33.61369,-16.147779],[33.613689,-16.147508]],[[33.615935,-16.147773],[33.616496,-16.147771],[33.616497,-16.148042],[33.615935,-16.148044],[33.615935,-16.147773]],[[33.620985,-16.147758],[33.621546,-16.147756],[33.621547,-16.148028],[33.620986,-16.148029],[33.620985,-16.147758]],[[33.62828,-16.147737],[33.628561,-16.147736],[33.628564,-16.148549],[33.628002,-16.14828],[33.62828,-16.147737]],[[33.635856,-16.147714],[33.636137,-16.147713],[33.636138,-16.147984],[33.635857,-16.147985],[33.635856,-16.147714]],[[33.615094,-16.148046],[33.615935,-16.148044],[33.615936,-16.148315],[33.615095,-16.148317],[33.615094,-16.148046]],[[33.63249,-16.147995],[33.632771,-16.147995],[33.632772,-16.148266],[33.632491,-16.148267],[33.63249,-16.147995]],[[33.636138,-16.147984],[33.636979,-16.147982],[33.636981,-16.148524],[33.636139,-16.148527],[33.636138,-16.147984]],[[33.594331,-16.148376],[33.594612,-16.148376],[33.594612,-16.148647],[33.594332,-16.148648],[33.594331,-16.148376]],[[33.599101,-16.148363],[33.599662,-16.148361],[33.599663,-16.148633],[33.599102,-16.148634],[33.599101,-16.148363]],[[33.616497,-16.148313],[33.616778,-16.148313],[33.616779,-16.148584],[33.616498,-16.148585],[33.616497,-16.148313]],[[33.594612,-16.148647],[33.594893,-16.148646],[33.594894,-16.148917],[33.594613,-16.148918],[33.594612,-16.148647]],[[33.622952,-16.148566],[33.623232,-16.148565],[33.623235,-16.149379],[33.622954,-16.149379],[33.622952,-16.148566]],[[33.628564,-16.148549],[33.628844,-16.148549],[33.628847,-16.149362],[33.628566,-16.149363],[33.628568,-16.149905],[33.628287,-16.149906],[33.628284,-16.148821],[33.628564,-16.148821],[33.628564,-16.148549]],[[33.615657,-16.148858],[33.616499,-16.148856],[33.6165,-16.149127],[33.615658,-16.149129],[33.615657,-16.148858]],[[33.619024,-16.148848],[33.619305,-16.148848],[33.619306,-16.149119],[33.619025,-16.14912],[33.619024,-16.148848]],[[33.632212,-16.14881],[33.632493,-16.148809],[33.632494,-16.14908],[33.632213,-16.149081],[33.632212,-16.14881]],[[33.636982,-16.148796],[33.637544,-16.149065],[33.637546,-16.149607],[33.636984,-16.149338],[33.636982,-16.148796]],[[33.615097,-16.149131],[33.615658,-16.149129],[33.615659,-16.149401],[33.615098,-16.149402],[33.615097,-16.149131]],[[33.629688,-16.149088],[33.629968,-16.149088],[33.629969,-16.149359],[33.629689,-16.14936],[33.629688,-16.149088]],[[33.621271,-16.149384],[33.621551,-16.149383],[33.621553,-16.149926],[33.621273,-16.149927],[33.621271,-16.149384]],[[33.626883,-16.149368],[33.627163,-16.149367],[33.627164,-16.149638],[33.626883,-16.149639],[33.626883,-16.149368]],[[33.63025,-16.149358],[33.63053,-16.149357],[33.630531,-16.149628],[33.630251,-16.149629],[33.63025,-16.149358]],[[33.618466,-16.149664],[33.618746,-16.149663],[33.618749,-16.150476],[33.61903,-16.150476],[33.619031,-16.151018],[33.619312,-16.151017],[33.619591,-16.150474],[33.620432,-16.150472],[33.620432,-16.1502],[33.621835,-16.150196],[33.621838,-16.151281],[33.621557,-16.151282],[33.62184,-16.151823],[33.621278,-16.151825],[33.620996,-16.151283],[33.620154,-16.151286],[33.620155,-16.151557],[33.619313,-16.15156],[33.619314,-16.151831],[33.619034,-16.151832],[33.619032,-16.151289],[33.618471,-16.151291],[33.618473,-16.151833],[33.617911,-16.151835],[33.61791,-16.151292],[33.617629,-16.151293],[33.617627,-16.15048],[33.618188,-16.150478],[33.618187,-16.150207],[33.618468,-16.150206],[33.618466,-16.149664]],[[33.619308,-16.149661],[33.619588,-16.14966],[33.61959,-16.150203],[33.619309,-16.150204],[33.619308,-16.149661]],[[33.622394,-16.149652],[33.622675,-16.149651],[33.622676,-16.149923],[33.622395,-16.149923],[33.622394,-16.149652]],[[33.637826,-16.149607],[33.638107,-16.149606],[33.638108,-16.149877],[33.637827,-16.149878],[33.637826,-16.149607]],[[33.627446,-16.149909],[33.627726,-16.149908],[33.628008,-16.150449],[33.627728,-16.15045],[33.627729,-16.150721],[33.626887,-16.150724],[33.626885,-16.150181],[33.627446,-16.15018],[33.627446,-16.149909]],[[33.628007,-16.149907],[33.628287,-16.149906],[33.628288,-16.150177],[33.628008,-16.150178],[33.628007,-16.149907]],[[33.635583,-16.149884],[33.635863,-16.149884],[33.635867,-16.150968],[33.636428,-16.150967],[33.636429,-16.151238],[33.636148,-16.151239],[33.63615,-16.151781],[33.63643,-16.15178],[33.636431,-16.152052],[33.63559,-16.152054],[33.635588,-16.151512],[33.635027,-16.151513],[33.635027,-16.151785],[33.634747,-16.151785],[33.634743,-16.150429],[33.635304,-16.150428],[33.635583,-16.149884]],[[33.626043,-16.150184],[33.626324,-16.150183],[33.626325,-16.150454],[33.626044,-16.150455],[33.626043,-16.150184]],[[33.624922,-16.150458],[33.625203,-16.150458],[33.625203,-16.150729],[33.624923,-16.15073],[33.624922,-16.150458]],[[33.62352,-16.150734],[33.6238,-16.150733],[33.623801,-16.151004],[33.623521,-16.151005],[33.62352,-16.150734]],[[33.626045,-16.150726],[33.626606,-16.150725],[33.626608,-16.151267],[33.626327,-16.151268],[33.626045,-16.150726]],[[33.603319,-16.151334],[33.603599,-16.151333],[33.6036,-16.151605],[33.60332,-16.151605],[33.603319,-16.151334]],[[33.613981,-16.151304],[33.614543,-16.151302],[33.614545,-16.152116],[33.613703,-16.152118],[33.613702,-16.151847],[33.613983,-16.151846],[33.613981,-16.151304]],[[33.611738,-16.151581],[33.612018,-16.151581],[33.612019,-16.151852],[33.611738,-16.151853],[33.611738,-16.151581]],[[33.622961,-16.151549],[33.623242,-16.151548],[33.623243,-16.151819],[33.622962,-16.15182],[33.622961,-16.151549]],[[33.611459,-16.152125],[33.611739,-16.152124],[33.61174,-16.152395],[33.611459,-16.152396],[33.611459,-16.152125]],[[33.613423,-16.152119],[33.613703,-16.152118],[33.613704,-16.152389],[33.613424,-16.15239],[33.613423,-16.152119]],[[33.620999,-16.152097],[33.621279,-16.152096],[33.62128,-16.152367],[33.621,-16.152368],[33.620999,-16.152097]],[[33.633065,-16.152333],[33.633626,-16.152331],[33.633627,-16.152602],[33.633066,-16.152604],[33.633065,-16.152333]],[[33.632505,-16.152606],[33.632785,-16.152605],[33.632787,-16.153147],[33.632506,-16.153148],[33.632505,-16.152606]],[[33.617073,-16.152922],[33.617634,-16.15292],[33.617637,-16.153734],[33.617356,-16.153735],[33.617355,-16.153464],[33.616794,-16.153465],[33.617073,-16.152922]],[[33.622124,-16.152907],[33.622404,-16.152907],[33.622405,-16.153178],[33.622124,-16.153179],[33.622124,-16.152907]],[[33.633909,-16.152873],[33.634189,-16.152872],[33.63419,-16.153143],[33.633909,-16.153144],[33.633909,-16.152873]],[[33.609778,-16.153214],[33.610059,-16.153213],[33.61006,-16.153485],[33.609779,-16.153485],[33.609778,-16.153214]],[[33.614268,-16.153201],[33.614548,-16.153201],[33.614549,-16.153472],[33.614269,-16.153473],[33.614268,-16.153201]],[[33.620441,-16.153183],[33.620722,-16.153183],[33.620723,-16.153725],[33.620443,-16.153726],[33.620441,-16.153183]],[[33.631384,-16.153151],[33.632226,-16.153149],[33.632227,-16.15342],[33.632507,-16.153419],[33.632509,-16.153962],[33.631387,-16.153965],[33.631386,-16.153694],[33.631105,-16.153695],[33.631384,-16.153151]],[[33.633068,-16.153146],[33.633629,-16.153145],[33.633631,-16.153687],[33.633069,-16.153689],[33.633068,-16.153146]],[[33.616513,-16.153466],[33.616794,-16.153465],[33.616795,-16.153736],[33.616514,-16.153737],[33.616513,-16.153466]],[[33.633911,-16.153686],[33.634192,-16.153685],[33.634193,-16.153957],[33.633912,-16.153957],[33.633911,-16.153686]],[[33.60922,-16.154029],[33.609781,-16.154028],[33.609782,-16.154299],[33.60922,-16.154301],[33.60922,-16.154029]],[[33.620443,-16.153997],[33.620724,-16.153996],[33.620725,-16.154267],[33.621286,-16.154266],[33.621287,-16.154537],[33.621006,-16.154538],[33.621007,-16.154809],[33.620446,-16.154811],[33.620443,-16.153997]],[[33.633351,-16.153959],[33.633631,-16.153958],[33.633633,-16.154501],[33.633353,-16.154501],[33.633351,-16.153959]],[[33.609782,-16.154299],[33.610904,-16.154296],[33.610905,-16.154567],[33.610063,-16.154569],[33.610347,-16.155653],[33.609505,-16.155656],[33.609503,-16.154842],[33.609783,-16.154841],[33.609782,-16.154299]],[[33.611185,-16.154295],[33.611465,-16.154294],[33.611466,-16.154565],[33.611185,-16.154566],[33.611185,-16.154295]],[[33.619603,-16.154271],[33.619883,-16.15427],[33.619884,-16.154541],[33.619603,-16.154542],[33.619603,-16.154271]],[[33.621567,-16.154265],[33.621847,-16.154264],[33.621848,-16.154535],[33.621568,-16.154536],[33.621567,-16.154265]],[[33.632229,-16.154234],[33.63251,-16.154233],[33.632511,-16.154504],[33.63223,-16.154505],[33.632229,-16.154234]],[[33.617639,-16.154548],[33.61792,-16.154547],[33.617921,-16.154818],[33.61764,-16.154819],[33.617639,-16.154548]],[[33.631108,-16.154508],[33.63223,-16.154505],[33.632232,-16.155047],[33.631671,-16.155049],[33.631672,-16.15532],[33.631391,-16.155321],[33.631389,-16.154778],[33.631109,-16.154779],[33.631108,-16.154508]],[[33.608661,-16.154845],[33.608942,-16.154844],[33.608942,-16.155115],[33.608662,-16.155116],[33.608661,-16.154845]],[[33.613431,-16.154831],[33.613712,-16.15483],[33.613713,-16.155101],[33.613432,-16.155102],[33.613431,-16.154831]],[[33.615116,-16.155097],[33.615677,-16.155096],[33.615678,-16.155367],[33.615397,-16.155368],[33.615398,-16.155639],[33.61596,-16.155908],[33.615681,-16.156452],[33.6154,-16.156452],[33.615399,-16.156181],[33.615119,-16.156182],[33.615117,-16.15564],[33.614837,-16.15564],[33.615116,-16.155097]],[[33.619886,-16.155083],[33.621569,-16.155079],[33.621852,-16.15562],[33.62129,-16.155622],[33.621291,-16.155893],[33.620168,-16.155625],[33.62017,-16.156439],[33.61989,-16.156439],[33.619886,-16.155083]],[[33.634477,-16.15504],[33.634757,-16.15504],[33.634758,-16.155311],[33.634478,-16.155312],[33.634477,-16.15504]],[[33.621852,-16.155891],[33.622133,-16.15589],[33.622134,-16.156162],[33.621853,-16.156162],[33.621852,-16.155891]],[[33.623536,-16.155886],[33.623817,-16.155886],[33.623818,-16.156428],[33.623257,-16.15643],[33.623536,-16.155886]],[[33.632797,-16.15613],[33.633077,-16.156129],[33.633078,-16.156401],[33.632797,-16.156401],[33.632797,-16.15613]],[[33.621013,-16.156707],[33.621294,-16.156707],[33.621295,-16.157249],[33.621857,-16.157247],[33.62186,-16.158332],[33.621299,-16.158334],[33.6213,-16.158605],[33.621019,-16.158606],[33.621013,-16.156707]],[[33.623819,-16.156699],[33.62438,-16.156697],[33.624381,-16.156969],[33.624662,-16.156968],[33.624663,-16.157239],[33.624382,-16.15724],[33.624384,-16.157782],[33.624103,-16.157783],[33.624101,-16.156969],[33.62382,-16.15697],[33.623819,-16.156699]],[[33.610913,-16.157279],[33.611194,-16.157278],[33.611195,-16.157549],[33.610914,-16.15755],[33.610913,-16.157279]],[[33.615965,-16.157536],[33.616245,-16.157535],[33.616246,-16.157806],[33.615966,-16.157807],[33.615965,-16.157536]],[[33.622699,-16.157516],[33.62298,-16.157515],[33.623262,-16.158057],[33.622701,-16.158058],[33.622699,-16.157516]],[[33.616246,-16.157806],[33.616527,-16.157805],[33.616528,-16.158076],[33.616247,-16.158077],[33.616246,-16.157806]],[[33.615405,-16.15808],[33.615686,-16.158079],[33.615687,-16.15835],[33.615406,-16.158351],[33.615405,-16.15808]],[[33.613442,-16.158356],[33.614003,-16.158355],[33.614006,-16.159168],[33.613444,-16.158899],[33.613442,-16.158356]],[[33.614564,-16.158353],[33.614845,-16.158352],[33.615127,-16.158894],[33.614566,-16.158896],[33.614564,-16.158353]],[[33.622982,-16.158329],[33.623263,-16.158328],[33.623264,-16.158599],[33.622983,-16.1586],[33.622982,-16.158329]],[[33.619617,-16.158881],[33.620178,-16.158879],[33.62046,-16.159421],[33.619899,-16.159423],[33.619617,-16.158881]],[[33.622704,-16.158872],[33.622984,-16.158871],[33.622988,-16.159956],[33.622426,-16.159958],[33.622425,-16.159686],[33.622145,-16.159687],[33.622143,-16.159145],[33.622704,-16.159143],[33.622704,-16.158872]],[[33.62074,-16.159149],[33.621582,-16.159146],[33.621584,-16.159689],[33.621864,-16.159688],[33.621865,-16.159959],[33.620742,-16.159691],[33.62074,-16.159149]],[[33.618778,-16.159697],[33.619058,-16.159696],[33.619059,-16.159967],[33.618778,-16.159968],[33.618778,-16.159697]],[[33.614569,-16.15998],[33.61485,-16.15998],[33.614851,-16.160251],[33.61457,-16.160252],[33.614569,-16.15998]],[[33.613167,-16.160256],[33.613448,-16.160255],[33.613449,-16.160526],[33.613168,-16.160527],[33.613167,-16.160256]],[[33.620182,-16.160235],[33.620463,-16.160234],[33.620464,-16.160506],[33.620183,-16.160506],[33.620182,-16.160235]],[[33.621305,-16.160232],[33.621585,-16.160231],[33.621587,-16.160774],[33.621306,-16.160774],[33.621305,-16.160232]],[[33.622148,-16.160772],[33.622429,-16.160771],[33.62243,-16.161042],[33.622149,-16.161043],[33.622148,-16.160772]]]}},{"type":"Feature","properties":{"ano":2020,"camada":"urbano","area_km2":0.0018},"geometry":{"type":"Polygon","coordinates":[[[33.611488,-16.161616],[33.611489,-16.162159],[33.61177,-16.162158],[33.611768,-16.161616],[33.611488,-16.161616]]]}},{"type":"Feature","properties":{"ano":2020,"camada":"urbano","area_km2":0.0063},"geometry":{"type":"Polygon","coordinates":[[[33.630288,-16.161562],[33.630291,-16.162375],[33.630852,-16.162373],[33.631131,-16.16183],[33.63085,-16.161831],[33.63085,-16.16156],[33.630288,-16.161562]]]}},{"type":"Feature","properties":{"ano":2020,"camada":"urbano","area_km2":0.0009},"geometry":{"type":"Polygon","coordinates":[[[33.572485,-16.162267],[33.572486,-16.162538],[33.572766,-16.162538],[33.572765,-16.162266],[33.572485,-16.162267]]]}},{"type":"Feature","properties":{"ano":2020,"camada":"urbano","area_km2":0.0702},"geometry":{"type":"Polygon","coordinates":[[[33.627756,-16.1594],[33.627757,-16.159671],[33.627476,-16.159672],[33.627479,-16.160485],[33.626637,-16.160488],[33.626636,-16.160216],[33.626074,-16.159947],[33.625797,-16.161032],[33.626078,-16.161032],[33.626078,-16.161303],[33.62664,-16.161301],[33.62664,-16.161572],[33.626079,-16.161574],[33.62608,-16.161845],[33.626361,-16.161844],[33.626643,-16.162386],[33.627204,-16.162384],[33.627203,-16.162113],[33.628045,-16.162111],[33.628047,-16.162653],[33.628328,-16.162652],[33.628326,-16.16211],[33.629729,-16.162106],[33.629727,-16.161563],[33.629447,-16.161564],[33.629446,-16.161293],[33.629165,-16.161294],[33.629166,-16.161565],[33.628044,-16.161568],[33.628322,-16.161025],[33.628884,-16.161023],[33.628882,-16.160481],[33.628321,-16.160483],[33.628319,-16.15994],[33.6286,-16.159939],[33.628878,-16.159396],[33.628317,-16.159398],[33.628318,-16.159669],[33.627756,-16.1594]],[[33.626919,-16.160758],[33.627199,-16.160757],[33.6272,-16.161028],[33.626919,-16.161029],[33.626919,-16.160758]],[[33.62748,-16.160756],[33.628041,-16.160755],[33.628042,-16.161026],[33.627481,-16.161027],[33.62748,-16.160756]]]}},{"type":"Feature","properties":{"ano":2020,"camada":"urbano","area_km2":0.0045},"geometry":{"type":"Polygon","coordinates":[[[33.645443,-16.162059],[33.645445,-16.162601],[33.646286,-16.162598],[33.646004,-16.162057],[33.645443,-16.162059]]]}},{"type":"Feature","properties":{"ano":2020,"camada":"urbano","area_km2":0.0009},"geometry":{"type":"Polygon","coordinates":[[[33.572205,-16.162539],[33.572206,-16.16281],[33.572486,-16.16281],[33.572486,-16.162538],[33.572205,-16.162539]]]}},{"type":"Feature","properties":{"ano":2020,"camada":"urbano","area_km2":0.0027},"geometry":{"type":"Polygon","coordinates":[[[33.646286,-16.162598],[33.646288,-16.163141],[33.646849,-16.163139],[33.646848,-16.162868],[33.646286,-16.162598]]]}},{"type":"Feature","properties":{"ano":2020,"camada":"urbano","area_km2":0.0009},"geometry":{"type":"Polygon","coordinates":[[[33.558457,-16.163118],[33.558457,-16.163389],[33.558738,-16.163388],[33.558737,-16.163117],[33.558457,-16.163118]]]}},{"type":"Feature","properties":{"ano":2020,"camada":"urbano","area_km2":0.0063},"geometry":{"type":"Polygon","coordinates":[[[33.631695,-16.162642],[33.631697,-16.163185],[33.632258,-16.163183],[33.632259,-16.163725],[33.63254,-16.163724],[33.632538,-16.162911],[33.632257,-16.162912],[33.632256,-16.162641],[33.631695,-16.162642]]]}},{"type":"Feature","properties":{"ano":2020,"camada":"urbano","area_km2":0.0063},"geometry":{"type":"Polygon","coordinates":[[[33.551441,-16.163136],[33.551443,-16.163679],[33.551723,-16.163678],[33.551724,-16.163949],[33.552285,-16.163948],[33.552284,-16.163405],[33.552003,-16.163406],[33.552003,-16.163135],[33.551441,-16.163136]]]}},{"type":"Feature","properties":{"ano":2020,"camada":"urbano","area_km2":0.0162},"geometry":{"type":"Polygon","coordinates":[[[33.626364,-16.162929],[33.626365,-16.1632],[33.626646,-16.1632],[33.626368,-16.164285],[33.627491,-16.164282],[33.627488,-16.163468],[33.627769,-16.163467],[33.627768,-16.163196],[33.627207,-16.163198],[33.627206,-16.162927],[33.626364,-16.162929]]]}},{"type":"Feature","properties":{"ano":2020,"camada":"urbano","area_km2":0.0045},"geometry":{"type":"Polygon","coordinates":[[[33.551165,-16.164493],[33.551166,-16.165035],[33.551728,-16.165305],[33.551726,-16.164492],[33.551165,-16.164493]]]}},{"type":"Feature","properties":{"ano":2020,"camada":"urbano","area_km2":0.0072},"geometry":{"type":"Polygon","coordinates":[[[33.625806,-16.164016],[33.625809,-16.164829],[33.625247,-16.16456],[33.625249,-16.165102],[33.62609,-16.165099],[33.626089,-16.164557],[33.626369,-16.164556],[33.626368,-16.164285],[33.625806,-16.164016]]]}},{"type":"Feature","properties":{"ano":2020,"camada":"urbano","area_km2":0.0027},"geometry":{"type":"Polygon","coordinates":[[[33.624409,-16.165918],[33.624411,-16.16646],[33.624692,-16.16646],[33.62497,-16.165916],[33.624409,-16.165918]]]}},{"type":"Feature","properties":{"ano":2020,"camada":"urbano","area_km2":0.0063},"geometry":{"type":"Polygon","coordinates":[[[33.544434,-16.166138],[33.544435,-16.166409],[33.544154,-16.166409],[33.543875,-16.166953],[33.544997,-16.166678],[33.544995,-16.166136],[33.544434,-16.166138]]]}},{"type":"Feature","properties":{"ano":2020,"camada":"urbano","area_km2":0.0009},"geometry":{"type":"Polygon","coordinates":[[[33.544159,-16.168037],[33.54416,-16.168308],[33.54444,-16.168307],[33.544439,-16.168036],[33.544159,-16.168037]]]}},{"type":"Feature","properties":{"ano":2020,"camada":"urbano","area_km2":0.0009},"geometry":{"type":"Polygon","coordinates":[[[33.56184,-16.168804],[33.561841,-16.169075],[33.562121,-16.169075],[33.562121,-16.168804],[33.56184,-16.168804]]]}},{"type":"Feature","properties":{"ano":2020,"camada":"urbano","area_km2":0.0099},"geometry":{"type":"Polygon","coordinates":[[[33.557069,-16.168546],[33.55707,-16.169088],[33.557351,-16.169087],[33.557352,-16.169358],[33.558194,-16.169356],[33.558191,-16.168543],[33.557069,-16.168546]]]}},{"type":"Feature","properties":{"ano":2020,"camada":"urbano","area_km2":0.0009},"geometry":{"type":"Polygon","coordinates":[[[33.55679,-16.169089],[33.55679,-16.16936],[33.557071,-16.169359],[33.55707,-16.169088],[33.55679,-16.169089]]]}},{"type":"Feature","properties":{"ano":2020,"camada":"urbano","area_km2":0.0009},"geometry":{"type":"Polygon","coordinates":[[[33.562121,-16.169075],[33.562122,-16.169346],[33.562403,-16.169345],[33.562402,-16.169074],[33.562121,-16.169075]]]}},{"type":"Feature","properties":{"ano":2020,"camada":"urbano","area_km2":0.0027},"geometry":{"type":"Polygon","coordinates":[[[33.55651,-16.169361],[33.556511,-16.169632],[33.55623,-16.169633],[33.556231,-16.169904],[33.556792,-16.169902],[33.55679,-16.16936],[33.55651,-16.169361]]]}},{"type":"Feature","properties":{"ano":2020,"camada":"urbano","area_km2":0.0018},"geometry":{"type":"Polygon","coordinates":[[[33.628073,-16.170789],[33.628073,-16.17106],[33.628635,-16.171058],[33.628634,-16.170787],[33.628073,-16.170789]]]}},{"type":"Feature","properties":{"ano":2020,"camada":"urbano","area_km2":0.0018},"geometry":{"type":"Polygon","coordinates":[[[33.541085,-16.172655],[33.541086,-16.173197],[33.541367,-16.173196],[33.541365,-16.172654],[33.541085,-16.172655]]]}},{"type":"Feature","properties":{"ano":2020,"camada":"urbano","area_km2":0.0009},"geometry":{"type":"Polygon","coordinates":[[[33.540805,-16.173198],[33.540806,-16.173469],[33.541087,-16.173468],[33.541086,-16.173197],[33.540805,-16.173198]]]}},{"type":"Feature","properties":{"ano":2020,"camada":"urbano","area_km2":0.0009},"geometry":{"type":"Polygon","coordinates":[[[33.561011,-16.173417],[33.561012,-16.173688],[33.561293,-16.173687],[33.561292,-16.173416],[33.561011,-16.173417]]]}},{"type":"Feature","properties":{"ano":2020,"camada":"urbano","area_km2":0.0063},"geometry":{"type":"Polygon","coordinates":[[[33.554555,-16.17262],[33.554555,-16.172891],[33.554836,-16.172891],[33.554839,-16.173975],[33.5554,-16.173974],[33.555399,-16.173703],[33.555119,-16.173703],[33.555116,-16.172619],[33.554555,-16.17262]]]}},{"type":"Feature","properties":{"ano":2020,"camada":"urbano","area_km2":0.0009},"geometry":{"type":"Polygon","coordinates":[[[33.555961,-16.173701],[33.555961,-16.173972],[33.556242,-16.173972],[33.556241,-16.173701],[33.555961,-16.173701]]]}},{"type":"Feature","properties":{"ano":2020,"camada":"urbano","area_km2":0.0045},"geometry":{"type":"Polygon","coordinates":[[[33.540526,-16.17347],[33.540526,-16.173741],[33.540246,-16.173742],[33.540247,-16.174284],[33.540808,-16.174283],[33.540806,-16.173469],[33.540526,-16.17347]]]}},{"type":"Feature","properties":{"ano":2020,"camada":"urbano","area_km2":0.0009},"geometry":{"type":"Polygon","coordinates":[[[33.554558,-16.173976],[33.554559,-16.174247],[33.55484,-16.174247],[33.554839,-16.173975],[33.554558,-16.173976]]]}},{"type":"Feature","properties":{"ano":2020,"camada":"urbano","area_km2":0.0018},"geometry":{"type":"Polygon","coordinates":[[[33.556242,-16.173972],[33.556243,-16.174243],[33.556804,-16.174241],[33.556803,-16.17397],[33.556242,-16.173972]]]}},{"type":"Feature","properties":{"ano":2020,"camada":"urbano","area_km2":0.0027},"geometry":{"type":"Polygon","coordinates":[[[33.561294,-16.17423],[33.561296,-16.174772],[33.561857,-16.174771],[33.561856,-16.174499],[33.561294,-16.17423]]]}},{"type":"Feature","properties":{"ano":2020,"camada":"urbano","area_km2":0.0009},"geometry":{"type":"Polygon","coordinates":[[[33.55456,-16.174519],[33.554561,-16.17479],[33.554841,-16.174789],[33.55484,-16.174518],[33.55456,-16.174519]]]}},{"type":"Feature","properties":{"ano":2020,"camada":"urbano","area_km2":0.0009},"geometry":{"type":"Polygon","coordinates":[[[33.539687,-16.174828],[33.539688,-16.175099],[33.539969,-16.175098],[33.539968,-16.174827],[33.539687,-16.174828]]]}},{"type":"Feature","properties":{"ano":2020,"camada":"urbano","area_km2":0.0009},"geometry":{"type":"Polygon","coordinates":[[[33.557368,-16.175054],[33.557368,-16.175325],[33.557649,-16.175324],[33.557648,-16.175053],[33.557368,-16.175054]]]}},{"type":"Feature","properties":{"ano":2020,"camada":"urbano","area_km2":0.0045},"geometry":{"type":"Polygon","coordinates":[[[33.539127,-16.175101],[33.539128,-16.175372],[33.538847,-16.175372],[33.538848,-16.175915],[33.539129,-16.175914],[33.539128,-16.175643],[33.539689,-16.17537],[33.539688,-16.175099],[33.539127,-16.175101]]]}},{"type":"Feature","properties":{"ano":2020,"camada":"urbano","area_km2":5.0643},"geometry":{"type":"Polygon","coordinates":[[[33.570734,-16.138949],[33.570455,-16.139492],[33.568772,-16.139497],[33.568773,-16.139768],[33.569334,-16.139766],[33.569336,-16.14058],[33.569617,-16.140579],[33.5699,-16.141663],[33.570462,-16.141933],[33.570464,-16.142475],[33.569622,-16.142477],[33.569621,-16.142206],[33.569902,-16.142206],[33.569901,-16.141934],[33.569621,-16.141935],[33.569619,-16.141393],[33.568777,-16.141395],[33.568779,-16.141937],[33.569341,-16.142207],[33.569343,-16.143021],[33.569624,-16.14302],[33.569625,-16.143562],[33.569906,-16.143562],[33.569909,-16.144646],[33.570471,-16.144916],[33.570474,-16.146001],[33.570193,-16.146002],[33.570195,-16.146544],[33.569914,-16.146545],[33.569632,-16.146003],[33.569071,-16.146005],[33.569073,-16.146547],[33.569353,-16.146546],[33.569635,-16.147088],[33.570196,-16.147086],[33.570196,-16.146815],[33.570476,-16.146814],[33.570481,-16.148442],[33.571043,-16.148711],[33.571044,-16.148982],[33.570763,-16.148983],[33.570765,-16.149526],[33.571606,-16.149523],[33.571607,-16.149794],[33.571888,-16.149794],[33.571889,-16.150065],[33.572451,-16.150335],[33.572453,-16.151148],[33.572172,-16.151149],[33.572173,-16.15142],[33.572454,-16.151419],[33.572455,-16.151962],[33.572736,-16.151961],[33.572737,-16.152232],[33.573298,-16.152231],[33.573297,-16.15196],[33.573578,-16.151959],[33.573579,-16.152501],[33.573299,-16.152502],[33.5733,-16.153044],[33.573581,-16.153044],[33.573581,-16.153315],[33.573301,-16.153316],[33.573303,-16.154129],[33.573584,-16.154128],[33.573583,-16.153857],[33.574706,-16.154125],[33.574708,-16.154668],[33.574988,-16.154667],[33.574991,-16.155481],[33.575271,-16.15548],[33.575273,-16.156022],[33.575835,-16.156292],[33.575836,-16.156563],[33.575555,-16.156564],[33.575556,-16.156835],[33.576118,-16.157105],[33.575839,-16.157648],[33.574997,-16.15765],[33.574998,-16.157921],[33.574717,-16.157922],[33.574715,-16.157108],[33.574154,-16.15711],[33.574158,-16.158466],[33.574438,-16.158465],[33.574439,-16.158736],[33.575001,-16.159006],[33.575005,-16.160362],[33.576128,-16.16063],[33.576127,-16.160359],[33.576688,-16.160086],[33.576688,-16.160357],[33.57725,-16.160627],[33.577534,-16.161711],[33.577815,-16.16171],[33.578097,-16.162252],[33.578658,-16.162251],[33.578659,-16.162522],[33.578378,-16.162522],[33.578381,-16.163336],[33.579223,-16.163334],[33.579222,-16.163063],[33.579502,-16.163062],[33.579503,-16.163333],[33.579784,-16.163332],[33.579785,-16.163603],[33.580065,-16.163603],[33.580066,-16.163874],[33.580628,-16.164144],[33.580629,-16.164415],[33.580348,-16.164415],[33.58035,-16.164958],[33.581192,-16.164956],[33.581193,-16.165498],[33.581474,-16.165497],[33.581756,-16.166039],[33.582317,-16.166037],[33.58232,-16.166851],[33.5826,-16.16685],[33.582601,-16.167121],[33.583162,-16.16712],[33.583163,-16.167391],[33.584005,-16.167389],[33.584007,-16.167931],[33.584287,-16.16793],[33.584569,-16.168472],[33.585131,-16.16847],[33.585413,-16.169012],[33.585974,-16.16901],[33.585975,-16.169282],[33.585694,-16.169282],[33.585697,-16.170096],[33.586258,-16.170094],[33.586259,-16.170366],[33.586539,-16.170365],[33.586541,-16.170907],[33.587102,-16.170906],[33.587105,-16.171719],[33.587385,-16.171718],[33.587388,-16.172803],[33.587108,-16.172804],[33.587109,-16.173346],[33.58767,-16.173074],[33.587665,-16.171447],[33.588226,-16.171445],[33.588227,-16.171716],[33.58935,-16.171713],[33.58935,-16.171984],[33.590192,-16.171982],[33.590471,-16.171439],[33.591032,-16.171437],[33.591034,-16.17198],[33.591595,-16.171978],[33.591878,-16.17252],[33.592439,-16.172518],[33.592438,-16.172247],[33.592999,-16.172245],[33.593,-16.172517],[33.593842,-16.172514],[33.593841,-16.172243],[33.595805,-16.172237],[33.595807,-16.17278],[33.595526,-16.172781],[33.595529,-16.173594],[33.59609,-16.173593],[33.596089,-16.173321],[33.59637,-16.173321],[33.596368,-16.172778],[33.596649,-16.172778],[33.59665,-16.173049],[33.597211,-16.173047],[33.597213,-16.173861],[33.597494,-16.17386],[33.597495,-16.174131],[33.598056,-16.17413],[33.598338,-16.174671],[33.599461,-16.174668],[33.599743,-16.17521],[33.600304,-16.175208],[33.600305,-16.175479],[33.601429,-16.175747],[33.601429,-16.176018],[33.60171,-16.176018],[33.601992,-16.176559],[33.602834,-16.176557],[33.602833,-16.176286],[33.603395,-16.176284],[33.603394,-16.176013],[33.603954,-16.17574],[33.603952,-16.174926],[33.603671,-16.174927],[33.603669,-16.174385],[33.603389,-16.174386],[33.603388,-16.174114],[33.603669,-16.174114],[33.603667,-16.173571],[33.602544,-16.173574],[33.602823,-16.173031],[33.602261,-16.172762],[33.60226,-16.172219],[33.601979,-16.17222],[33.601978,-16.171949],[33.601698,-16.17195],[33.601415,-16.171408],[33.600574,-16.17141],[33.600573,-16.171139],[33.600292,-16.17114],[33.60029,-16.170327],[33.60057,-16.170326],[33.600569,-16.169783],[33.601129,-16.169511],[33.601127,-16.168968],[33.600847,-16.168969],[33.600846,-16.168698],[33.600565,-16.168699],[33.600565,-16.168427],[33.600284,-16.168428],[33.600283,-16.168157],[33.599721,-16.167887],[33.59972,-16.167616],[33.600001,-16.167615],[33.60028,-16.167072],[33.599158,-16.167347],[33.599157,-16.167075],[33.599718,-16.166803],[33.599716,-16.16626],[33.598874,-16.166263],[33.598875,-16.166534],[33.598314,-16.166535],[33.598316,-16.167078],[33.598035,-16.167079],[33.598034,-16.166807],[33.59635,-16.166812],[33.59635,-16.166541],[33.596069,-16.166542],[33.596067,-16.165999],[33.595787,-16.166],[33.595784,-16.165186],[33.596065,-16.165186],[33.596067,-16.165728],[33.596628,-16.165726],[33.596629,-16.165998],[33.59719,-16.165996],[33.597187,-16.165183],[33.59831,-16.165179],[33.598309,-16.164908],[33.59859,-16.164907],[33.598872,-16.165449],[33.599433,-16.165447],[33.599149,-16.164363],[33.598869,-16.164364],[33.598868,-16.164093],[33.598587,-16.164094],[33.598305,-16.163552],[33.597744,-16.163554],[33.597745,-16.164096],[33.597184,-16.164098],[33.597185,-16.164369],[33.596343,-16.164371],[33.596341,-16.163829],[33.59578,-16.16383],[33.595779,-16.163559],[33.595499,-16.16356],[33.595497,-16.163018],[33.595778,-16.163017],[33.595775,-16.162203],[33.596617,-16.162201],[33.596619,-16.162743],[33.596899,-16.162743],[33.5969,-16.163014],[33.597461,-16.163012],[33.59746,-16.16247],[33.597179,-16.162471],[33.597178,-16.162199],[33.596616,-16.16193],[33.596615,-16.161387],[33.596334,-16.161388],[33.596333,-16.161117],[33.595772,-16.161119],[33.595771,-16.160576],[33.59549,-16.160577],[33.595489,-16.160306],[33.594928,-16.160307],[33.594927,-16.160036],[33.593805,-16.160039],[33.593803,-16.159497],[33.593522,-16.159498],[33.593522,-16.159226],[33.593241,-16.159227],[33.592959,-16.158686],[33.592117,-16.158688],[33.592115,-16.157874],[33.591834,-16.157875],[33.59155,-16.156791],[33.59127,-16.156792],[33.591269,-16.156521],[33.590708,-16.156522],[33.590425,-16.155981],[33.589864,-16.155982],[33.589863,-16.155711],[33.589583,-16.155712],[33.589582,-16.155441],[33.589301,-16.155441],[33.589301,-16.15517],[33.58902,-16.155171],[33.589019,-16.1549],[33.588739,-16.154901],[33.588738,-16.154629],[33.588457,-16.15463],[33.588456,-16.154359],[33.588176,-16.15436],[33.588175,-16.154089],[33.587894,-16.154089],[33.587894,-16.153818],[33.587613,-16.153819],[33.587331,-16.153277],[33.585647,-16.153282],[33.585365,-16.15274],[33.584242,-16.152472],[33.58396,-16.151931],[33.583118,-16.151933],[33.583117,-16.151662],[33.582555,-16.151392],[33.582553,-16.15085],[33.582273,-16.15085],[33.582272,-16.150579],[33.581991,-16.15058],[33.581991,-16.150309],[33.581429,-16.150039],[33.581427,-16.149497],[33.580303,-16.148957],[33.580302,-16.148415],[33.580021,-16.148416],[33.580019,-16.147602],[33.579738,-16.147603],[33.579456,-16.147061],[33.578614,-16.147064],[33.578613,-16.146792],[33.578333,-16.146793],[33.57833,-16.14598],[33.57805,-16.14598],[33.578048,-16.145438],[33.577486,-16.145168],[33.577485,-16.144626],[33.576924,-16.144627],[33.576923,-16.144356],[33.576361,-16.144087],[33.576359,-16.143544],[33.575798,-16.143546],[33.575797,-16.143274],[33.574674,-16.143006],[33.574673,-16.142464],[33.574392,-16.142465],[33.574108,-16.141381],[33.573828,-16.141381],[33.573827,-16.14111],[33.573546,-16.141111],[33.573264,-16.140569],[33.572703,-16.140571],[33.572701,-16.139757],[33.57242,-16.139758],[33.572419,-16.139487],[33.572139,-16.139488],[33.571857,-16.138946],[33.570734,-16.138949]],[[33.576648,-16.146255],[33.576928,-16.146255],[33.576929,-16.146526],[33.576648,-16.146527],[33.576648,-16.146255]],[[33.576935,-16.148695],[33.577216,-16.148695],[33.577498,-16.149236],[33.576937,-16.149238],[33.576935,-16.148695]],[[33.57806,-16.149506],[33.578341,-16.149505],[33.578342,-16.150048],[33.578062,-16.150048],[33.57806,-16.149506]],[[33.581434,-16.151937],[33.581715,-16.151937],[33.581997,-16.152478],[33.581436,-16.15248],[33.581434,-16.151937]],[[33.573579,-16.152501],[33.57386,-16.1525],[33.573861,-16.152772],[33.57358,-16.152772],[33.573579,-16.152501]],[[33.580034,-16.152755],[33.580314,-16.152754],[33.580315,-16.153025],[33.580034,-16.153026],[33.580034,-16.152755]],[[33.580315,-16.153025],[33.580596,-16.153025],[33.580596,-16.153296],[33.580316,-16.153297],[33.580315,-16.153025]],[[33.580596,-16.153296],[33.580877,-16.153295],[33.580878,-16.153566],[33.580597,-16.153567],[33.580596,-16.153296]],[[33.585649,-16.153824],[33.585929,-16.153824],[33.585931,-16.154366],[33.58565,-16.154367],[33.585651,-16.154638],[33.585371,-16.154639],[33.585372,-16.155181],[33.585092,-16.155182],[33.585088,-16.154097],[33.58565,-16.154096],[33.585649,-16.153824]],[[33.583967,-16.154371],[33.584247,-16.154371],[33.584248,-16.154642],[33.583968,-16.154643],[33.583967,-16.154371]],[[33.585373,-16.155452],[33.585654,-16.155451],[33.585654,-16.155723],[33.585374,-16.155723],[33.585373,-16.155452]],[[33.587621,-16.156531],[33.587902,-16.15653],[33.587902,-16.156801],[33.587622,-16.156802],[33.587621,-16.156531]],[[33.589588,-16.15761],[33.589869,-16.157609],[33.590151,-16.158151],[33.58959,-16.158153],[33.589588,-16.15761]],[[33.590714,-16.158692],[33.590995,-16.158691],[33.590995,-16.158962],[33.590715,-16.158963],[33.590714,-16.158692]],[[33.575563,-16.159276],[33.575844,-16.159275],[33.575844,-16.159546],[33.575564,-16.159547],[33.575563,-16.159276]],[[33.594649,-16.16085],[33.59493,-16.16085],[33.59493,-16.161121],[33.59465,-16.161122],[33.594649,-16.16085]],[[33.59297,-16.162482],[33.593532,-16.162752],[33.593534,-16.163294],[33.592972,-16.163025],[33.59297,-16.162482]],[[33.594098,-16.164378],[33.594659,-16.164376],[33.594942,-16.164918],[33.59438,-16.164919],[33.594098,-16.164378]],[[33.597746,-16.164367],[33.598027,-16.164367],[33.598028,-16.164638],[33.597747,-16.164639],[33.597746,-16.164367]],[[33.594942,-16.164918],[33.595503,-16.164916],[33.595504,-16.165187],[33.594942,-16.165189],[33.594942,-16.164918]],[[33.596906,-16.164912],[33.597187,-16.164911],[33.597187,-16.165183],[33.596907,-16.165183],[33.596906,-16.164912]],[[33.594947,-16.166816],[33.595228,-16.166815],[33.595229,-16.167086],[33.594948,-16.167087],[33.594947,-16.166816]],[[33.598597,-16.167348],[33.598878,-16.167347],[33.598878,-16.167619],[33.598598,-16.167619],[33.598597,-16.167348]],[[33.598317,-16.16762],[33.598598,-16.167619],[33.598599,-16.168162],[33.59888,-16.168161],[33.598601,-16.168704],[33.598039,-16.168434],[33.598037,-16.167892],[33.598318,-16.167891],[33.598317,-16.16762]],[[33.594955,-16.169257],[33.595235,-16.169256],[33.595237,-16.169798],[33.595799,-16.170068],[33.595801,-16.170882],[33.595521,-16.170882],[33.59552,-16.170611],[33.595239,-16.170612],[33.595238,-16.170069],[33.594676,-16.1698],[33.594955,-16.169257]],[[33.593556,-16.170617],[33.594117,-16.170615],[33.594681,-16.171698],[33.59412,-16.1717],[33.594119,-16.171429],[33.593557,-16.171159],[33.593556,-16.170617]],[[33.595803,-16.171424],[33.596084,-16.171423],[33.596084,-16.171694],[33.595804,-16.171695],[33.595803,-16.171424]],[[33.596927,-16.171963],[33.597488,-16.171962],[33.59749,-16.172504],[33.596648,-16.172506],[33.596927,-16.171963]],[[33.601418,-16.172222],[33.601699,-16.172221],[33.601699,-16.172492],[33.601419,-16.172493],[33.601418,-16.172222]],[[33.601699,-16.172492],[33.60198,-16.172491],[33.601982,-16.173034],[33.601701,-16.173034],[33.601699,-16.172492]],[[33.602267,-16.17466],[33.602548,-16.174659],[33.602549,-16.175202],[33.601989,-16.175474],[33.601987,-16.174932],[33.602268,-16.174931],[33.602267,-16.17466]],[[33.602828,-16.174658],[33.603109,-16.174658],[33.60311,-16.174929],[33.602829,-16.17493],[33.602828,-16.174658]]]}},{"type":"Feature","properties":{"ano":2020,"camada":"urbano","area_km2":0.0036},"geometry":{"type":"Polygon","coordinates":[[[33.533518,-16.176471],[33.533519,-16.177013],[33.534081,-16.177283],[33.53408,-16.17674],[33.533518,-16.176471]]]}},{"type":"Feature","properties":{"ano":2020,"camada":"urbano","area_km2":0.0018},"geometry":{"type":"Polygon","coordinates":[[[33.53773,-16.177545],[33.537731,-16.177816],[33.538292,-16.177815],[33.538292,-16.177543],[33.53773,-16.177545]]]}},{"type":"Feature","properties":{"ano":2020,"camada":"urbano","area_km2":0.0225},"geometry":{"type":"Polygon","coordinates":[[[33.557371,-16.176138],[33.557095,-16.177766],[33.557656,-16.177765],[33.557659,-16.17885],[33.558221,-16.179119],[33.558218,-16.178035],[33.557937,-16.178035],[33.557933,-16.176679],[33.558214,-16.176679],[33.558213,-16.176136],[33.557371,-16.176138]]]}},{"type":"Feature","properties":{"ano":2020,"camada":"urbano","area_km2":0.0036},"geometry":{"type":"Polygon","coordinates":[[[33.561871,-16.179652],[33.561592,-16.180195],[33.562154,-16.180465],[33.562151,-16.179651],[33.561871,-16.179652]]]}},{"type":"Feature","properties":{"ano":2020,"camada":"urbano","area_km2":0.0027},"geometry":{"type":"Polygon","coordinates":[[[33.602003,-16.180085],[33.602004,-16.180356],[33.601723,-16.180357],[33.601724,-16.180628],[33.602285,-16.180626],[33.602284,-16.180084],[33.602003,-16.180085]]]}},{"type":"Feature","properties":{"ano":2020,"camada":"urbano","area_km2":0.0081},"geometry":{"type":"Polygon","coordinates":[[[33.531563,-16.180001],[33.531565,-16.180815],[33.531846,-16.180814],[33.531846,-16.181085],[33.532408,-16.181084],[33.532405,-16.18027],[33.532125,-16.180271],[33.532124,-16.18],[33.531563,-16.180001]],[[33.531844,-16.180272],[33.532125,-16.180271],[33.532126,-16.180542],[33.531845,-16.180543],[33.531844,-16.180272]]]}},{"type":"Feature","properties":{"ano":2020,"camada":"urbano","area_km2":0.0009},"geometry":{"type":"Polygon","coordinates":[[[33.625579,-16.18083],[33.625579,-16.181101],[33.62586,-16.181101],[33.625859,-16.180829],[33.625579,-16.18083]]]}},{"type":"Feature","properties":{"ano":2020,"camada":"urbano","area_km2":0.0036},"geometry":{"type":"Polygon","coordinates":[[[33.560191,-16.181012],[33.560193,-16.181826],[33.560474,-16.181825],[33.560753,-16.181282],[33.560191,-16.181012]]]}},{"type":"Feature","properties":{"ano":2020,"camada":"urbano","area_km2":0.009},"geometry":{"type":"Polygon","coordinates":[[[33.628386,-16.181093],[33.628387,-16.181364],[33.628106,-16.181365],[33.628108,-16.181908],[33.62867,-16.182177],[33.628669,-16.181906],[33.62895,-16.181905],[33.629229,-16.181362],[33.628948,-16.181363],[33.628947,-16.181092],[33.628386,-16.181093]]]}},{"type":"Feature","properties":{"ano":2020,"camada":"urbano","area_km2":0.0189},"geometry":{"type":"Polygon","coordinates":[[[33.567207,-16.181265],[33.567209,-16.181807],[33.56777,-16.181806],[33.567772,-16.182348],[33.568052,-16.182348],[33.568053,-16.182619],[33.569456,-16.182615],[33.569455,-16.182073],[33.568894,-16.182074],[33.568894,-16.182345],[33.568614,-16.182346],[33.568611,-16.181533],[33.568331,-16.181533],[33.56833,-16.181262],[33.567207,-16.181265]],[[33.568051,-16.181805],[33.568332,-16.181804],[33.568332,-16.182076],[33.568052,-16.182076],[33.568051,-16.181805]]]}},{"type":"Feature","properties":{"ano":2020,"camada":"urbano","area_km2":0.0009},"geometry":{"type":"Polygon","coordinates":[[[33.56272,-16.182362],[33.562721,-16.182633],[33.563002,-16.182632],[33.563001,-16.182361],[33.56272,-16.182362]]]}},{"type":"Feature","properties":{"ano":2020,"camada":"urbano","area_km2":0.0117},"geometry":{"type":"Polygon","coordinates":[[[33.736712,-16.181559],[33.736713,-16.18183],[33.736994,-16.181829],[33.737276,-16.182371],[33.738118,-16.182368],[33.738119,-16.182639],[33.738679,-16.182366],[33.738678,-16.182095],[33.738117,-16.182097],[33.738116,-16.181826],[33.737555,-16.181827],[33.737554,-16.181556],[33.736712,-16.181559]]]}},{"type":"Feature","properties":{"ano":2020,"camada":"urbano","area_km2":0.0009},"geometry":{"type":"Polygon","coordinates":[[[33.738679,-16.182366],[33.73868,-16.182637],[33.738961,-16.182636],[33.73896,-16.182365],[33.738679,-16.182366]]]}},{"type":"Feature","properties":{"ano":2020,"camada":"urbano","area_km2":0.0126},"geometry":{"type":"Polygon","coordinates":[[[33.525675,-16.182185],[33.525677,-16.182728],[33.525957,-16.182727],[33.525958,-16.182998],[33.5268,-16.182996],[33.527082,-16.183538],[33.527643,-16.183265],[33.527361,-16.182724],[33.526519,-16.182726],[33.526237,-16.182184],[33.525675,-16.182185]]]}},{"type":"Feature","properties":{"ano":2020,"camada":"urbano","area_km2":0.0171},"geometry":{"type":"Polygon","coordinates":[[[33.565527,-16.182354],[33.565528,-16.182897],[33.564967,-16.182898],[33.564968,-16.183169],[33.564406,-16.1829],[33.564406,-16.183171],[33.563845,-16.183172],[33.563847,-16.183715],[33.564408,-16.183713],[33.564407,-16.183442],[33.564688,-16.183441],[33.564689,-16.183713],[33.565531,-16.18371],[33.56553,-16.183439],[33.56581,-16.183438],[33.565808,-16.182625],[33.566089,-16.182624],[33.566088,-16.182353],[33.565527,-16.182354]]]}},{"type":"Feature","properties":{"ano":2020,"camada":"urbano","area_km2":0.0036},"geometry":{"type":"Polygon","coordinates":[[[33.628672,-16.182991],[33.628674,-16.183533],[33.629236,-16.183803],[33.629235,-16.18326],[33.628672,-16.182991]]]}},{"type":"Feature","properties":{"ano":2020,"camada":"urbano","area_km2":0.0009},"geometry":{"type":"Polygon","coordinates":[[[33.527925,-16.183807],[33.527925,-16.184078],[33.528206,-16.184077],[33.528205,-16.183806],[33.527925,-16.183807]]]}},{"type":"Feature","properties":{"ano":2020,"camada":"urbano","area_km2":0.0009},"geometry":{"type":"Polygon","coordinates":[[[33.598646,-16.18362],[33.598647,-16.183891],[33.598927,-16.18389],[33.598927,-16.183619],[33.598646,-16.18362]]]}},{"type":"Feature","properties":{"ano":2020,"camada":"urbano","area_km2":0.0009},"geometry":{"type":"Polygon","coordinates":[[[33.628675,-16.183804],[33.628676,-16.184075],[33.628957,-16.184075],[33.628956,-16.183803],[33.628675,-16.183804]]]}},{"type":"Feature","properties":{"ano":2020,"camada":"urbano","area_km2":0.0036},"geometry":{"type":"Polygon","coordinates":[[[33.56946,-16.183971],[33.569461,-16.184242],[33.56918,-16.184243],[33.569181,-16.184514],[33.569742,-16.184513],[33.569742,-16.184241],[33.570022,-16.184241],[33.570022,-16.18397],[33.56946,-16.183971]]]}},{"type":"Feature","properties":{"ano":2020,"camada":"urbano","area_km2":0.0972},"geometry":{"type":"Polygon","coordinates":[[[33.747937,-16.18152],[33.747938,-16.181791],[33.747096,-16.181794],[33.747097,-16.182065],[33.746817,-16.182066],[33.746818,-16.182338],[33.746537,-16.182339],[33.746538,-16.18261],[33.745978,-16.182883],[33.74598,-16.183425],[33.745699,-16.183426],[33.745701,-16.183969],[33.745982,-16.183968],[33.745983,-16.184239],[33.746544,-16.184237],[33.746545,-16.184508],[33.747387,-16.184505],[33.747386,-16.184234],[33.748228,-16.184231],[33.748227,-16.18396],[33.74935,-16.184227],[33.749349,-16.183956],[33.74991,-16.183683],[33.749907,-16.182869],[33.749626,-16.18287],[33.749625,-16.182599],[33.749063,-16.18233],[33.749061,-16.181787],[33.74878,-16.181788],[33.748779,-16.181517],[33.747937,-16.18152]],[[33.748503,-16.182874],[33.748784,-16.182873],[33.748785,-16.183144],[33.748504,-16.183145],[33.748503,-16.182874]],[[33.749065,-16.182872],[33.749345,-16.182871],[33.749346,-16.183142],[33.749066,-16.183143],[33.749065,-16.182872]]]}},{"type":"Feature","properties":{"ano":2020,"camada":"urbano","area_km2":0.0045},"geometry":{"type":"Polygon","coordinates":[[[33.531013,-16.184342],[33.531015,-16.185155],[33.531296,-16.185155],[33.531295,-16.184883],[33.531576,-16.184883],[33.531574,-16.18434],[33.531013,-16.184342]]]}},{"type":"Feature","properties":{"ano":2020,"camada":"urbano","area_km2":0.0531},"geometry":{"type":"Polygon","coordinates":[[[33.566928,-16.181808],[33.566929,-16.182079],[33.566648,-16.18208],[33.566651,-16.182894],[33.567493,-16.182892],[33.567495,-16.183705],[33.566092,-16.183709],[33.566093,-16.184251],[33.565531,-16.183982],[33.565532,-16.184253],[33.565251,-16.184253],[33.565254,-16.185067],[33.564973,-16.185068],[33.564974,-16.185339],[33.566096,-16.185065],[33.566378,-16.185606],[33.566939,-16.185605],[33.566938,-16.185334],[33.567219,-16.185333],[33.567216,-16.184248],[33.568058,-16.184246],[33.568055,-16.183161],[33.568335,-16.18316],[33.568335,-16.182889],[33.568054,-16.18289],[33.567772,-16.182348],[33.567211,-16.18235],[33.567209,-16.181807],[33.566928,-16.181808]],[[33.566373,-16.183979],[33.566935,-16.183978],[33.566936,-16.18452],[33.566375,-16.184522],[33.566373,-16.183979]]]}},{"type":"Feature","properties":{"ano":2020,"camada":"urbano","area_km2":0.0009},"geometry":{"type":"Polygon","coordinates":[[[33.564413,-16.18534],[33.564413,-16.185612],[33.564694,-16.185611],[33.564693,-16.18534],[33.564413,-16.18534]]]}},{"type":"Feature","properties":{"ano":2020,"camada":"urbano","area_km2":0.0342},"geometry":{"type":"Polygon","coordinates":[[[33.60061,-16.183343],[33.60061,-16.183614],[33.600049,-16.183616],[33.599772,-16.184701],[33.599211,-16.184974],[33.599213,-16.185516],[33.599494,-16.185516],[33.599494,-16.185787],[33.600336,-16.185784],[33.600332,-16.184429],[33.600613,-16.184428],[33.600614,-16.184699],[33.601736,-16.184696],[33.601734,-16.183882],[33.601173,-16.183884],[33.601172,-16.183613],[33.60061,-16.183343]]]}},{"type":"Feature","properties":{"ano":2020,"camada":"urbano","area_km2":0.0027},"geometry":{"type":"Polygon","coordinates":[[[33.530455,-16.185428],[33.530456,-16.18597],[33.530737,-16.18597],[33.531016,-16.185426],[33.530455,-16.185428]]]}},{"type":"Feature","properties":{"ano":2020,"camada":"urbano","area_km2":0.0018},"geometry":{"type":"Polygon","coordinates":[[[33.56722,-16.185604],[33.567221,-16.185875],[33.567782,-16.185874],[33.567781,-16.185603],[33.56722,-16.185604]]]}},{"type":"Feature","properties":{"ano":2020,"camada":"urbano","area_km2":0.0099},"geometry":{"type":"Polygon","coordinates":[[[33.744862,-16.184785],[33.744863,-16.185056],[33.744583,-16.185057],[33.744865,-16.185599],[33.745988,-16.185595],[33.745986,-16.185052],[33.744862,-16.184785]]]}},{"type":"Feature","properties":{"ano":2020,"camada":"urbano","area_km2":0.0072},"geometry":{"type":"Polygon","coordinates":[[[33.749633,-16.184768],[33.749354,-16.185312],[33.749635,-16.185311],[33.749636,-16.185582],[33.750197,-16.18558],[33.750476,-16.185037],[33.750195,-16.185038],[33.750194,-16.184766],[33.749633,-16.184768]]]}},{"type":"Feature","properties":{"ano":2020,"camada":"urbano","area_km2":0.0009},"geometry":{"type":"Polygon","coordinates":[[[33.565256,-16.185881],[33.565257,-16.186152],[33.565538,-16.186151],[33.565537,-16.18588],[33.565256,-16.185881]]]}},{"type":"Feature","properties":{"ano":2020,"camada":"urbano","area_km2":0.0054},"geometry":{"type":"Polygon","coordinates":[[[33.628679,-16.18516],[33.628683,-16.186245],[33.628963,-16.186244],[33.629241,-16.185159],[33.628679,-16.18516]]]}},{"type":"Feature","properties":{"ano":2020,"camada":"urbano","area_km2":0.0126},"geometry":{"type":"Polygon","coordinates":[[[33.513056,-16.185742],[33.513056,-16.186013],[33.512776,-16.186014],[33.512776,-16.186285],[33.512216,-16.186557],[33.512218,-16.187371],[33.512779,-16.18737],[33.512777,-16.186556],[33.513898,-16.186011],[33.513897,-16.18574],[33.513056,-16.185742]]]}},{"type":"Feature","properties":{"ano":2020,"camada":"urbano","area_km2":0.0009},"geometry":{"type":"Polygon","coordinates":[[[33.50436,-16.18739],[33.50436,-16.187661],[33.504641,-16.18766],[33.50464,-16.187389],[33.50436,-16.18739]]]}},{"type":"Feature","properties":{"ano":2020,"camada":"urbano","area_km2":0.0027},"geometry":{"type":"Polygon","coordinates":[[[33.571716,-16.187762],[33.571718,-16.188304],[33.571999,-16.188303],[33.572278,-16.18776],[33.571716,-16.187762]]]}},{"type":"Feature","properties":{"ano":2020,"camada":"urbano","area_km2":0.0036},"geometry":{"type":"Polygon","coordinates":[[[33.50408,-16.187933],[33.503801,-16.188476],[33.504643,-16.188474],[33.504642,-16.188203],[33.50408,-16.187933]]]}},{"type":"Feature","properties":{"ano":2020,"camada":"urbano","area_km2":0.0009},"geometry":{"type":"Polygon","coordinates":[[[33.50352,-16.188477],[33.503521,-16.188748],[33.503802,-16.188747],[33.503801,-16.188476],[33.50352,-16.188477]]]}},{"type":"Feature","properties":{"ano":2020,"camada":"urbano","area_km2":0.018},"geometry":{"type":"Polygon","coordinates":[[[33.628969,-16.188142],[33.628972,-16.188956],[33.629814,-16.188954],[33.629815,-16.189225],[33.630657,-16.189222],[33.630658,-16.189493],[33.630938,-16.189493],[33.630936,-16.188679],[33.630655,-16.18868],[33.630653,-16.188138],[33.630092,-16.188139],[33.629813,-16.188682],[33.629532,-16.188683],[33.629532,-16.188412],[33.628969,-16.188142]]]}},{"type":"Feature","properties":{"ano":2020,"camada":"urbano","area_km2":0.0018},"geometry":{"type":"Polygon","coordinates":[[[33.626168,-16.189778],[33.626169,-16.190049],[33.62673,-16.190047],[33.626729,-16.189776],[33.626168,-16.189778]]]}},{"type":"Feature","properties":{"ano":2020,"camada":"urbano","area_km2":0.0009},"geometry":{"type":"Polygon","coordinates":[[[33.581546,-16.190176],[33.581547,-16.190447],[33.581828,-16.190446],[33.581827,-16.190175],[33.581546,-16.190176]]]}},{"type":"Feature","properties":{"ano":2020,"camada":"urbano","area_km2":0.0099},"geometry":{"type":"Polygon","coordinates":[[[33.624484,-16.189783],[33.624485,-16.190054],[33.624766,-16.190053],[33.625048,-16.190595],[33.625609,-16.190593],[33.625609,-16.190322],[33.625889,-16.190321],[33.62589,-16.190592],[33.626451,-16.190591],[33.626169,-16.190049],[33.625046,-16.190052],[33.625046,-16.189781],[33.624484,-16.189783]]]}},{"type":"Feature","properties":{"ano":2020,"camada":"urbano","area_km2":0.0054},"geometry":{"type":"Polygon","coordinates":[[[33.780801,-16.189266],[33.780802,-16.189538],[33.780522,-16.189539],[33.780525,-16.190352],[33.781085,-16.190079],[33.781082,-16.189265],[33.780801,-16.189266]]]}},{"type":"Feature","properties":{"ano":2020,"camada":"urbano","area_km2":0.0018},"geometry":{"type":"Polygon","coordinates":[[[33.571448,-16.192102],[33.57145,-16.192644],[33.57173,-16.192643],[33.571729,-16.192101],[33.571448,-16.192102]]]}},{"type":"Feature","properties":{"ano":2020,"camada":"urbano","area_km2":0.0072},"geometry":{"type":"Polygon","coordinates":[[[33.600355,-16.192022],[33.600357,-16.192564],[33.600638,-16.192564],[33.600638,-16.192835],[33.6012,-16.192833],[33.601197,-16.19202],[33.600355,-16.192022]]]}},{"type":"Feature","properties":{"ano":2020,"camada":"urbano","area_km2":0.099},"geometry":{"type":"Polygon","coordinates":[[[33.627846,-16.187875],[33.627847,-16.188146],[33.627286,-16.188147],[33.627286,-16.188419],[33.627006,-16.188419],[33.62701,-16.189775],[33.627572,-16.190045],[33.627295,-16.191131],[33.627856,-16.191129],[33.627857,-16.1914],[33.628138,-16.191399],[33.628139,-16.19167],[33.627858,-16.191671],[33.62786,-16.192214],[33.62814,-16.192213],[33.628141,-16.192484],[33.628422,-16.192483],[33.628421,-16.192212],[33.628982,-16.19221],[33.628981,-16.191939],[33.629262,-16.191938],[33.629263,-16.19221],[33.630666,-16.192205],[33.630667,-16.192477],[33.630106,-16.192478],[33.630107,-16.193021],[33.630949,-16.193018],[33.630947,-16.192205],[33.631227,-16.192204],[33.631227,-16.191933],[33.630946,-16.191933],[33.630662,-16.190849],[33.630101,-16.190851],[33.6301,-16.19058],[33.629819,-16.190581],[33.629818,-16.19031],[33.629257,-16.190311],[33.629256,-16.19004],[33.628696,-16.190313],[33.628697,-16.190855],[33.628136,-16.190857],[33.628135,-16.190586],[33.628416,-16.190585],[33.628413,-16.189771],[33.628133,-16.189772],[33.62785,-16.189231],[33.628412,-16.189229],[33.628129,-16.188687],[33.62869,-16.188415],[33.628688,-16.187872],[33.627846,-16.187875]],[[33.627847,-16.188146],[33.628127,-16.188145],[33.628128,-16.188416],[33.627848,-16.188417],[33.627847,-16.188146]],[[33.627571,-16.189774],[33.627852,-16.189773],[33.627853,-16.190044],[33.627572,-16.190045],[33.627571,-16.189774]],[[33.629259,-16.190854],[33.629539,-16.190853],[33.62954,-16.191124],[33.62926,-16.191125],[33.629259,-16.190854]],[[33.629823,-16.191665],[33.630103,-16.191665],[33.630104,-16.191936],[33.629823,-16.191937],[33.629823,-16.191665]]]}},{"type":"Feature","properties":{"ano":2020,"camada":"urbano","area_km2":0.0099},"geometry":{"type":"Polygon","coordinates":[[[33.583518,-16.192611],[33.583519,-16.193154],[33.5838,-16.193153],[33.583802,-16.193966],[33.584364,-16.193965],[33.584361,-16.19288],[33.58408,-16.192881],[33.584079,-16.19261],[33.583518,-16.192611]]]}},{"type":"Feature","properties":{"ano":2020,"camada":"urbano","area_km2":0.0009},"geometry":{"type":"Polygon","coordinates":[[[33.630953,-16.194103],[33.630954,-16.194374],[33.631234,-16.194373],[33.631234,-16.194102],[33.630953,-16.194103]]]}},{"type":"Feature","properties":{"ano":2020,"camada":"urbano","area_km2":0.0009},"geometry":{"type":"Polygon","coordinates":[[[33.631514,-16.194101],[33.631515,-16.194372],[33.631796,-16.194372],[33.631795,-16.1941],[33.631514,-16.194101]]]}},{"type":"Feature","properties":{"ano":2020,"camada":"urbano","area_km2":0.0036},"geometry":{"type":"Polygon","coordinates":[[[33.606539,-16.194988],[33.606821,-16.195529],[33.607381,-16.195256],[33.607381,-16.194985],[33.606539,-16.194988]]]}},{"type":"Feature","properties":{"ano":2020,"camada":"urbano","area_km2":0.0009},"geometry":{"type":"Polygon","coordinates":[[[33.59391,-16.195294],[33.593911,-16.195566],[33.594191,-16.195565],[33.594191,-16.195294],[33.59391,-16.195294]]]}},{"type":"Feature","properties":{"ano":2020,"camada":"urbano","area_km2":0.0207},"geometry":{"type":"Polygon","coordinates":[[[33.598117,-16.194469],[33.598118,-16.19474],[33.597838,-16.194741],[33.597839,-16.195283],[33.59812,-16.195283],[33.598121,-16.195554],[33.598682,-16.195552],[33.598683,-16.195823],[33.598402,-16.195824],[33.598404,-16.196367],[33.598965,-16.196365],[33.598964,-16.196094],[33.599245,-16.196093],[33.599524,-16.19555],[33.598962,-16.19528],[33.598959,-16.194467],[33.598117,-16.194469]]]}},{"type":"Feature","properties":{"ano":2020,"camada":"urbano","area_km2":0.0018},"geometry":{"type":"Polygon","coordinates":[[[33.603455,-16.196081],[33.603456,-16.196352],[33.604017,-16.196351],[33.604016,-16.196079],[33.603455,-16.196081]]]}},{"type":"Feature","properties":{"ano":2020,"camada":"urbano","area_km2":0.0378},"geometry":{"type":"Polygon","coordinates":[[[33.592783,-16.193942],[33.592784,-16.194213],[33.592503,-16.194214],[33.592786,-16.194755],[33.592505,-16.194756],[33.592228,-16.195841],[33.592508,-16.195841],[33.592509,-16.196112],[33.59307,-16.19611],[33.593072,-16.196653],[33.593633,-16.196651],[33.593632,-16.196109],[33.593912,-16.196108],[33.593912,-16.195837],[33.593631,-16.195838],[33.593629,-16.195024],[33.594189,-16.194751],[33.594187,-16.194209],[33.593907,-16.19421],[33.593906,-16.193938],[33.592783,-16.193942]],[[33.593069,-16.195568],[33.59335,-16.195567],[33.59335,-16.195838],[33.59307,-16.195839],[33.593069,-16.195568]]]}},{"type":"Feature","properties":{"ano":2020,"camada":"urbano","area_km2":0.0054},"geometry":{"type":"Polygon","coordinates":[[[33.60486,-16.196891],[33.604862,-16.197433],[33.605984,-16.197159],[33.605983,-16.196887],[33.60486,-16.196891]]]}},{"type":"Feature","properties":{"ano":2020,"camada":"urbano","area_km2":0.0216},"geometry":{"type":"Polygon","coordinates":[[[33.607664,-16.195798],[33.607665,-16.196069],[33.606543,-16.196343],[33.606544,-16.196886],[33.606825,-16.196885],[33.606826,-16.197156],[33.607107,-16.197155],[33.607389,-16.197697],[33.60767,-16.197696],[33.607666,-16.196611],[33.608787,-16.196066],[33.608786,-16.195795],[33.607664,-16.195798]]]}},{"type":"Feature","properties":{"ano":2020,"camada":"urbano","area_km2":0.0027},"geometry":{"type":"Polygon","coordinates":[[[33.60767,-16.197696],[33.607671,-16.198239],[33.608233,-16.198237],[33.608232,-16.197966],[33.60767,-16.197696]]]}},{"type":"Feature","properties":{"ano":2020,"camada":"urbano","area_km2":0.0153},"geometry":{"type":"Polygon","coordinates":[[[33.587742,-16.197481],[33.587743,-16.197752],[33.587462,-16.197753],[33.587464,-16.198295],[33.587744,-16.198295],[33.587745,-16.198566],[33.588868,-16.198563],[33.588865,-16.197749],[33.588585,-16.19775],[33.588584,-16.197479],[33.587742,-16.197481]]]}},{"type":"Feature","properties":{"ano":2020,"camada":"urbano","area_km2":0.0009},"geometry":{"type":"Polygon","coordinates":[[[33.634057,-16.199518],[33.634058,-16.199789],[33.634339,-16.199788],[33.634338,-16.199517],[33.634057,-16.199518]]]}},{"type":"Feature","properties":{"ano":2020,"camada":"urbano","area_km2":0.0081},"geometry":{"type":"Polygon","coordinates":[[[33.590553,-16.198829],[33.590555,-16.199643],[33.590836,-16.199642],[33.590837,-16.200184],[33.591399,-16.200183],[33.591115,-16.199099],[33.590553,-16.198829]]]}},{"type":"Feature","properties":{"ano":2020,"camada":"urbano","area_km2":0.0018},"geometry":{"type":"Polygon","coordinates":[[[33.589994,-16.199644],[33.589995,-16.200187],[33.590276,-16.200186],[33.590274,-16.199644],[33.589994,-16.199644]]]}},{"type":"Feature","properties":{"ano":2020,"camada":"urbano","area_km2":0.0009},"geometry":{"type":"Polygon","coordinates":[[[33.590839,-16.200727],[33.59084,-16.200998],[33.59112,-16.200997],[33.59112,-16.200726],[33.590839,-16.200727]]]}},{"type":"Feature","properties":{"ano":2020,"camada":"urbano","area_km2":0.0018},"geometry":{"type":"Polygon","coordinates":[[[33.601224,-16.200969],[33.601226,-16.201511],[33.601507,-16.20151],[33.601505,-16.200968],[33.601224,-16.200969]]]}},{"type":"Feature","properties":{"ano":2020,"camada":"urbano","area_km2":0.0009},"geometry":{"type":"Polygon","coordinates":[[[33.579053,-16.201302],[33.579053,-16.201573],[33.579334,-16.201572],[33.579333,-16.201301],[33.579053,-16.201302]]]}},{"type":"Feature","properties":{"ano":2020,"camada":"urbano","area_km2":0.0477},"geometry":{"type":"Polygon","coordinates":[[[33.6029,-16.198252],[33.602621,-16.198795],[33.601779,-16.198798],[33.601781,-16.19934],[33.602903,-16.199337],[33.602904,-16.199608],[33.602343,-16.19961],[33.602344,-16.200152],[33.602064,-16.200153],[33.602065,-16.200424],[33.602626,-16.200423],[33.602627,-16.200694],[33.602907,-16.200693],[33.602908,-16.200964],[33.602347,-16.200966],[33.602349,-16.201779],[33.60263,-16.201779],[33.602629,-16.201507],[33.603191,-16.201777],[33.603185,-16.199607],[33.603465,-16.199607],[33.603465,-16.199335],[33.603745,-16.199335],[33.603748,-16.200148],[33.60459,-16.200146],[33.604587,-16.199332],[33.604307,-16.199333],[33.604306,-16.199062],[33.603744,-16.199063],[33.603742,-16.19825],[33.6029,-16.198252]],[[33.602902,-16.199066],[33.603183,-16.199065],[33.603184,-16.199336],[33.602903,-16.199337],[33.602902,-16.199066]],[[33.602625,-16.200151],[33.602906,-16.200151],[33.602907,-16.200422],[33.602626,-16.200423],[33.602625,-16.200151]]]}},{"type":"Feature","properties":{"ano":2020,"camada":"urbano","area_km2":0.0117},"geometry":{"type":"Polygon","coordinates":[[[33.598139,-16.201791],[33.598422,-16.202333],[33.599825,-16.202329],[33.599824,-16.202058],[33.600386,-16.202056],[33.600385,-16.201785],[33.598139,-16.201791]]]}},{"type":"Feature","properties":{"ano":2020,"camada":"urbano","area_km2":0.0027},"geometry":{"type":"Polygon","coordinates":[[[33.600666,-16.202055],[33.600668,-16.202598],[33.601229,-16.202596],[33.601228,-16.202325],[33.600666,-16.202055]]]}},{"type":"Feature","properties":{"ano":2020,"camada":"urbano","area_km2":0.0009},"geometry":{"type":"Polygon","coordinates":[[[33.587757,-16.202634],[33.587758,-16.202905],[33.588039,-16.202904],[33.588038,-16.202633],[33.587757,-16.202634]]]}},{"type":"Feature","properties":{"ano":2020,"camada":"urbano","area_km2":0.0063},"geometry":{"type":"Polygon","coordinates":[[[33.599546,-16.202872],[33.599267,-16.203415],[33.599828,-16.203414],[33.599829,-16.203685],[33.60011,-16.203684],[33.600389,-16.203141],[33.600108,-16.203142],[33.600107,-16.20287],[33.599546,-16.202872]]]}},{"type":"Feature","properties":{"ano":2020,"camada":"urbano","area_km2":0.0018},"geometry":{"type":"Polygon","coordinates":[[[33.567271,-16.203503],[33.567273,-16.204045],[33.567553,-16.204045],[33.567552,-16.203502],[33.567271,-16.203503]]]}},{"type":"Feature","properties":{"ano":2020,"camada":"urbano","area_km2":0.0027},"geometry":{"type":"Polygon","coordinates":[[[33.601514,-16.203951],[33.601516,-16.204494],[33.602077,-16.204492],[33.602076,-16.204221],[33.601514,-16.203951]]]}},{"type":"Feature","properties":{"ano":2020,"camada":"urbano","area_km2":0.0036},"geometry":{"type":"Polygon","coordinates":[[[33.600676,-16.20531],[33.600677,-16.205581],[33.600396,-16.205582],[33.600398,-16.206124],[33.600958,-16.205851],[33.600957,-16.205309],[33.600676,-16.20531]]]}},{"type":"Feature","properties":{"ano":2020,"camada":"urbano","area_km2":0.0054},"geometry":{"type":"Polygon","coordinates":[[[33.594784,-16.20614],[33.594505,-16.206683],[33.594786,-16.206682],[33.594787,-16.206953],[33.595348,-16.206952],[33.595347,-16.206409],[33.594784,-16.20614]]]}},{"type":"Feature","properties":{"ano":2020,"camada":"urbano","area_km2":0.0072},"geometry":{"type":"Polygon","coordinates":[[[33.601521,-16.206392],[33.601524,-16.207206],[33.602085,-16.207204],[33.602084,-16.206933],[33.602365,-16.206932],[33.602363,-16.20639],[33.601521,-16.206392]]]}},{"type":"Feature","properties":{"ano":2020,"camada":"urbano","area_km2":0.0027},"geometry":{"type":"Polygon","coordinates":[[[33.593383,-16.206686],[33.593384,-16.207228],[33.593665,-16.207228],[33.593944,-16.206684],[33.593383,-16.206686]]]}},{"type":"Feature","properties":{"ano":2020,"camada":"urbano","area_km2":0.0045},"geometry":{"type":"Polygon","coordinates":[[[33.615275,-16.206624],[33.615277,-16.207166],[33.615839,-16.207436],[33.615836,-16.206622],[33.615275,-16.206624]]]}},{"type":"Feature","properties":{"ano":2020,"camada":"urbano","area_km2":0.0009},"geometry":{"type":"Polygon","coordinates":[[[33.601243,-16.207206],[33.601244,-16.207478],[33.601525,-16.207477],[33.601524,-16.207206],[33.601243,-16.207206]]]}},{"type":"Feature","properties":{"ano":2020,"camada":"urbano","area_km2":0.0027},"geometry":{"type":"Polygon","coordinates":[[[33.594788,-16.207224],[33.594789,-16.207767],[33.595351,-16.207765],[33.59535,-16.207494],[33.594788,-16.207224]]]}},{"type":"Feature","properties":{"ano":2020,"camada":"urbano","area_km2":0.0009},"geometry":{"type":"Polygon","coordinates":[[[33.591701,-16.207504],[33.591702,-16.207775],[33.591983,-16.207775],[33.591982,-16.207504],[33.591701,-16.207504]]]}},{"type":"Feature","properties":{"ano":2020,"camada":"urbano","area_km2":0.0036},"geometry":{"type":"Polygon","coordinates":[[[33.593666,-16.207499],[33.593667,-16.208041],[33.594229,-16.20804],[33.594227,-16.207497],[33.593666,-16.207499]]]}},{"type":"Feature","properties":{"ano":2020,"camada":"urbano","area_km2":10.9017},"geometry":{"type":"Polygon","coordinates":[[[33.558127,-16.145762],[33.558128,-16.146033],[33.557848,-16.146034],[33.557848,-16.146305],[33.558129,-16.146305],[33.55813,-16.146576],[33.557849,-16.146577],[33.557851,-16.147119],[33.558411,-16.146846],[33.558415,-16.148202],[33.558134,-16.148203],[33.558139,-16.14983],[33.557858,-16.149831],[33.557862,-16.151187],[33.558143,-16.151186],[33.558147,-16.152813],[33.557867,-16.152814],[33.557868,-16.153356],[33.557587,-16.153357],[33.557588,-16.153628],[33.557028,-16.153901],[33.557029,-16.154443],[33.556749,-16.154444],[33.556752,-16.155529],[33.557032,-16.155528],[33.557033,-16.155799],[33.556752,-16.1558],[33.556753,-16.156071],[33.556473,-16.156072],[33.556194,-16.156615],[33.555632,-16.156617],[33.555633,-16.156888],[33.555353,-16.156889],[33.555355,-16.157702],[33.555074,-16.157703],[33.555075,-16.157974],[33.554794,-16.157975],[33.554796,-16.158517],[33.554515,-16.158518],[33.554516,-16.158789],[33.553956,-16.159062],[33.553678,-16.160147],[33.552557,-16.160693],[33.552841,-16.161777],[33.551718,-16.16178],[33.55172,-16.162322],[33.552562,-16.16232],[33.552562,-16.162591],[33.552282,-16.162592],[33.552283,-16.163134],[33.552564,-16.163133],[33.552565,-16.163405],[33.552845,-16.163404],[33.552846,-16.163675],[33.553127,-16.163674],[33.553409,-16.164216],[33.55425,-16.164214],[33.554251,-16.164485],[33.554813,-16.164755],[33.554816,-16.165568],[33.553693,-16.165571],[33.553692,-16.1653],[33.553412,-16.165301],[33.553414,-16.166114],[33.553695,-16.166114],[33.553695,-16.166385],[33.553976,-16.166384],[33.553975,-16.166113],[33.554536,-16.166111],[33.554539,-16.167196],[33.554259,-16.167197],[33.55426,-16.167739],[33.554541,-16.167739],[33.554542,-16.168281],[33.554262,-16.168282],[33.554263,-16.168824],[33.554544,-16.168823],[33.554545,-16.169366],[33.554265,-16.169367],[33.554268,-16.170451],[33.55483,-16.170721],[33.554831,-16.171263],[33.555393,-16.171262],[33.555392,-16.170991],[33.555111,-16.170992],[33.555108,-16.169907],[33.55567,-16.170176],[33.555667,-16.169092],[33.555387,-16.169092],[33.555383,-16.167736],[33.554821,-16.167467],[33.554819,-16.166653],[33.555099,-16.166652],[33.5551,-16.166924],[33.555662,-16.167193],[33.555663,-16.167736],[33.556225,-16.167734],[33.556222,-16.166921],[33.555942,-16.166921],[33.555939,-16.166108],[33.55622,-16.166107],[33.556219,-16.165565],[33.556499,-16.165564],[33.556781,-16.166106],[33.557343,-16.166104],[33.557625,-16.166646],[33.558185,-16.166373],[33.558184,-16.165831],[33.558745,-16.165829],[33.558747,-16.166643],[33.559028,-16.166642],[33.559029,-16.166913],[33.558748,-16.166914],[33.558749,-16.167185],[33.558188,-16.167458],[33.558191,-16.168543],[33.558472,-16.168542],[33.558473,-16.168813],[33.559034,-16.168812],[33.559035,-16.169083],[33.558754,-16.169084],[33.558755,-16.169355],[33.558194,-16.169356],[33.558476,-16.169898],[33.557353,-16.169901],[33.557355,-16.170714],[33.557636,-16.170714],[33.557637,-16.170985],[33.557076,-16.170986],[33.557358,-16.171528],[33.5582,-16.171526],[33.5582,-16.171797],[33.558762,-16.171796],[33.558763,-16.172338],[33.557921,-16.17234],[33.557922,-16.172611],[33.557641,-16.172612],[33.557644,-16.173697],[33.557083,-16.173698],[33.557084,-16.17397],[33.557646,-16.174239],[33.557645,-16.173968],[33.557926,-16.173967],[33.557925,-16.173696],[33.558206,-16.173695],[33.558205,-16.173424],[33.558765,-16.173152],[33.558764,-16.172609],[33.559325,-16.172608],[33.559326,-16.172879],[33.559607,-16.172878],[33.55961,-16.173963],[33.560172,-16.174233],[33.560173,-16.174775],[33.559893,-16.174776],[33.559893,-16.175047],[33.560735,-16.175045],[33.561013,-16.173959],[33.560732,-16.17396],[33.560731,-16.173689],[33.560451,-16.173689],[33.560169,-16.173148],[33.56073,-16.173146],[33.560731,-16.173418],[33.561011,-16.173417],[33.561009,-16.172603],[33.560728,-16.172604],[33.560728,-16.172333],[33.560166,-16.172063],[33.55988,-16.170437],[33.560441,-16.170164],[33.560443,-16.170978],[33.561846,-16.170974],[33.561845,-16.170431],[33.561283,-16.170433],[33.561001,-16.169891],[33.561562,-16.169619],[33.561278,-16.168535],[33.561559,-16.168534],[33.561559,-16.168805],[33.56212,-16.168532],[33.562121,-16.168804],[33.562401,-16.168803],[33.562402,-16.169074],[33.562964,-16.169344],[33.562966,-16.169886],[33.563246,-16.169885],[33.563247,-16.170157],[33.562686,-16.170158],[33.562687,-16.1707],[33.562126,-16.170702],[33.562128,-16.171515],[33.561848,-16.171516],[33.561849,-16.172059],[33.56213,-16.172058],[33.562412,-16.1726],[33.563815,-16.172596],[33.563816,-16.172867],[33.563535,-16.172868],[33.563537,-16.17341],[33.563817,-16.173409],[33.563818,-16.173681],[33.563258,-16.173953],[33.563259,-16.174496],[33.56382,-16.174223],[33.563822,-16.175037],[33.56326,-16.174767],[33.562981,-16.17531],[33.562139,-16.175312],[33.562141,-16.175855],[33.562421,-16.175854],[33.562144,-16.176939],[33.562986,-16.176937],[33.562986,-16.177208],[33.562706,-16.177209],[33.562708,-16.178023],[33.562989,-16.178022],[33.562989,-16.178293],[33.56327,-16.178292],[33.563269,-16.178021],[33.563831,-16.17802],[33.563831,-16.178291],[33.564112,-16.17829],[33.564113,-16.178833],[33.564394,-16.178832],[33.564395,-16.179103],[33.564956,-16.179102],[33.564958,-16.179644],[33.565238,-16.179643],[33.565521,-16.180185],[33.566643,-16.180182],[33.566645,-16.180724],[33.566925,-16.180723],[33.566926,-16.180995],[33.567207,-16.180994],[33.567206,-16.180723],[33.568048,-16.18072],[33.568049,-16.180992],[33.56861,-16.18099],[33.568608,-16.180448],[33.568328,-16.180449],[33.568327,-16.180177],[33.56973,-16.180174],[33.569732,-16.180716],[33.570012,-16.180715],[33.570013,-16.180986],[33.570855,-16.180984],[33.570856,-16.181527],[33.570295,-16.181528],[33.570294,-16.181257],[33.569453,-16.181259],[33.569453,-16.18153],[33.569734,-16.18153],[33.569735,-16.182072],[33.570297,-16.18207],[33.570298,-16.182342],[33.570578,-16.182341],[33.570579,-16.182612],[33.570298,-16.182613],[33.5703,-16.183155],[33.570861,-16.183154],[33.570863,-16.183696],[33.571143,-16.183695],[33.571144,-16.183967],[33.570863,-16.183967],[33.570864,-16.184238],[33.570303,-16.18424],[33.570305,-16.184782],[33.569743,-16.184784],[33.569744,-16.185055],[33.569463,-16.185056],[33.569181,-16.184514],[33.56862,-16.184516],[33.568619,-16.184244],[33.5689,-16.184244],[33.568898,-16.183701],[33.569179,-16.183701],[33.569177,-16.183158],[33.568335,-16.18316],[33.568618,-16.183702],[33.568337,-16.183703],[33.568339,-16.184516],[33.567778,-16.184518],[33.56778,-16.185332],[33.568342,-16.18533],[33.568621,-16.184787],[33.568901,-16.184786],[33.568903,-16.185329],[33.569184,-16.185328],[33.569184,-16.185599],[33.568904,-16.1856],[33.569186,-16.186141],[33.568905,-16.186142],[33.568907,-16.186684],[33.568346,-16.186957],[33.568348,-16.1875],[33.568628,-16.187499],[33.568629,-16.18777],[33.567226,-16.187774],[33.566944,-16.187232],[33.567224,-16.187231],[33.567504,-16.186688],[33.566662,-16.18669],[33.566661,-16.186419],[33.56638,-16.18642],[33.566383,-16.187234],[33.566102,-16.187234],[33.566103,-16.187506],[33.566383,-16.187505],[33.566385,-16.188047],[33.566665,-16.188046],[33.566948,-16.188588],[33.567509,-16.188587],[33.567507,-16.188044],[33.568069,-16.188043],[33.56779,-16.188586],[33.569474,-16.188581],[33.569475,-16.189124],[33.570317,-16.189121],[33.570319,-16.189935],[33.5706,-16.189934],[33.570598,-16.189392],[33.570879,-16.189391],[33.57088,-16.189662],[33.571161,-16.189662],[33.571443,-16.190203],[33.572004,-16.190202],[33.572005,-16.190473],[33.573126,-16.189928],[33.572848,-16.191013],[33.573969,-16.190468],[33.574253,-16.191552],[33.573972,-16.191552],[33.573974,-16.192095],[33.573414,-16.192367],[33.573416,-16.193181],[33.573978,-16.193451],[33.57398,-16.194264],[33.574542,-16.194263],[33.574541,-16.193992],[33.574822,-16.193991],[33.57482,-16.193448],[33.575662,-16.193446],[33.57566,-16.192904],[33.576222,-16.192902],[33.576224,-16.193716],[33.577347,-16.193713],[33.577349,-16.194526],[33.576788,-16.194528],[33.576789,-16.19507],[33.57707,-16.19507],[33.577071,-16.195341],[33.577632,-16.195339],[33.577631,-16.195068],[33.577351,-16.195069],[33.57763,-16.194526],[33.578472,-16.194523],[33.578471,-16.194252],[33.579032,-16.194251],[33.579031,-16.193708],[33.57875,-16.193709],[33.578749,-16.193438],[33.57903,-16.193437],[33.579028,-16.192895],[33.579309,-16.192894],[33.579305,-16.191538],[33.579024,-16.191539],[33.579023,-16.191268],[33.579584,-16.190995],[33.579582,-16.190181],[33.579862,-16.19018],[33.579861,-16.189909],[33.580984,-16.189906],[33.580985,-16.190177],[33.581546,-16.190176],[33.581545,-16.189905],[33.581826,-16.189904],[33.581824,-16.189361],[33.581263,-16.189363],[33.581264,-16.189634],[33.580983,-16.189635],[33.581259,-16.188007],[33.580978,-16.188008],[33.580977,-16.187465],[33.580415,-16.187196],[33.580414,-16.186925],[33.580975,-16.186923],[33.580972,-16.185838],[33.580691,-16.185839],[33.580691,-16.185568],[33.580971,-16.185567],[33.58097,-16.185296],[33.581812,-16.185294],[33.581814,-16.185836],[33.582095,-16.185835],[33.582095,-16.186106],[33.581815,-16.186107],[33.581817,-16.186921],[33.581256,-16.186922],[33.581257,-16.187465],[33.581538,-16.187464],[33.581541,-16.188549],[33.582103,-16.188818],[33.582387,-16.189902],[33.582949,-16.190172],[33.582952,-16.190986],[33.583232,-16.190985],[33.583233,-16.191256],[33.583514,-16.191255],[33.583515,-16.191526],[33.584077,-16.191796],[33.584079,-16.19261],[33.584921,-16.192607],[33.584923,-16.19315],[33.585203,-16.193149],[33.585204,-16.19342],[33.584923,-16.193421],[33.584925,-16.193963],[33.585206,-16.193963],[33.585206,-16.194234],[33.584645,-16.194235],[33.584648,-16.195049],[33.584367,-16.19505],[33.584368,-16.195321],[33.583806,-16.195051],[33.583806,-16.195322],[33.582685,-16.195597],[33.582684,-16.195325],[33.582964,-16.195325],[33.582963,-16.194782],[33.582682,-16.194783],[33.582683,-16.195054],[33.582122,-16.195056],[33.582121,-16.194785],[33.58156,-16.194786],[33.58156,-16.195057],[33.58128,-16.195058],[33.581281,-16.195329],[33.581561,-16.195329],[33.581843,-16.19587],[33.582405,-16.195869],[33.582406,-16.19614],[33.582966,-16.195867],[33.582968,-16.196409],[33.583248,-16.196409],[33.583249,-16.19668],[33.582968,-16.196681],[33.582973,-16.198308],[33.582693,-16.198309],[33.582696,-16.199393],[33.582976,-16.199393],[33.582977,-16.199664],[33.582697,-16.199665],[33.582699,-16.200478],[33.58298,-16.200477],[33.583262,-16.201019],[33.584384,-16.201016],[33.584385,-16.201287],[33.584947,-16.201286],[33.584668,-16.201829],[33.583826,-16.201831],[33.583827,-16.202373],[33.584108,-16.202373],[33.584109,-16.202644],[33.584951,-16.202641],[33.58495,-16.20237],[33.58523,-16.20237],[33.58523,-16.202098],[33.58579,-16.201826],[33.585795,-16.203453],[33.585514,-16.203454],[33.585515,-16.203725],[33.584955,-16.203997],[33.584955,-16.204269],[33.585518,-16.204538],[33.585521,-16.205623],[33.584959,-16.205625],[33.584961,-16.206167],[33.585522,-16.206165],[33.585522,-16.205894],[33.585802,-16.205893],[33.585803,-16.206165],[33.586084,-16.206164],[33.586083,-16.205893],[33.586364,-16.205892],[33.586364,-16.206163],[33.586926,-16.206162],[33.587205,-16.205618],[33.587766,-16.205617],[33.587765,-16.205346],[33.588607,-16.205343],[33.588607,-16.205072],[33.588887,-16.205071],[33.58889,-16.205885],[33.58917,-16.205884],[33.589169,-16.205613],[33.58945,-16.205612],[33.589449,-16.20507],[33.589729,-16.205069],[33.589726,-16.203984],[33.589445,-16.203985],[33.589444,-16.203714],[33.590567,-16.203711],[33.590849,-16.204252],[33.591411,-16.204251],[33.591412,-16.204522],[33.591131,-16.204523],[33.591133,-16.205336],[33.59001,-16.205068],[33.590011,-16.205339],[33.590291,-16.205339],[33.590293,-16.205881],[33.589451,-16.205883],[33.589452,-16.206155],[33.589171,-16.206155],[33.589173,-16.206698],[33.588892,-16.206699],[33.588891,-16.206427],[33.58833,-16.206429],[33.588328,-16.205887],[33.587767,-16.205888],[33.587769,-16.206702],[33.58805,-16.206701],[33.588051,-16.206972],[33.588613,-16.207242],[33.588616,-16.208326],[33.588897,-16.208326],[33.588895,-16.207783],[33.589176,-16.207783],[33.589175,-16.207511],[33.589456,-16.207511],[33.589458,-16.208324],[33.59002,-16.208323],[33.590019,-16.208051],[33.590299,-16.208051],[33.590298,-16.207508],[33.590578,-16.207507],[33.59058,-16.20805],[33.591141,-16.208048],[33.59114,-16.207506],[33.591701,-16.207504],[33.5917,-16.206962],[33.59198,-16.206961],[33.591982,-16.207504],[33.592544,-16.207773],[33.592543,-16.207502],[33.593104,-16.207229],[33.593103,-16.206958],[33.592542,-16.20696],[33.59254,-16.206417],[33.593382,-16.206415],[33.593381,-16.206144],[33.594784,-16.20614],[33.594784,-16.205869],[33.594503,-16.205869],[33.594221,-16.205328],[33.595906,-16.205594],[33.595905,-16.205323],[33.596466,-16.205321],[33.596745,-16.204778],[33.597307,-16.205048],[33.597305,-16.204234],[33.597585,-16.204233],[33.597585,-16.203962],[33.597865,-16.203962],[33.597866,-16.204233],[33.599269,-16.204229],[33.59927,-16.2045],[33.599551,-16.204499],[33.599549,-16.203957],[33.599269,-16.203958],[33.599268,-16.203686],[33.598987,-16.203687],[33.598986,-16.203416],[33.598424,-16.203146],[33.598422,-16.202333],[33.59786,-16.202334],[33.597859,-16.201792],[33.597578,-16.201793],[33.597577,-16.201522],[33.596455,-16.201525],[33.596454,-16.201254],[33.595893,-16.201255],[33.595892,-16.200984],[33.596172,-16.200983],[33.596172,-16.200712],[33.595891,-16.200713],[33.595889,-16.20017],[33.595047,-16.200173],[33.595046,-16.199902],[33.595608,-16.1999],[33.595606,-16.199358],[33.595044,-16.199088],[33.594758,-16.197462],[33.59532,-16.19746],[33.595319,-16.197189],[33.5956,-16.197188],[33.5956,-16.197459],[33.596723,-16.197456],[33.596724,-16.197727],[33.597285,-16.197726],[33.597284,-16.197454],[33.597846,-16.197453],[33.597845,-16.197182],[33.598126,-16.197181],[33.598124,-16.196639],[33.597563,-16.19664],[33.597563,-16.196911],[33.597283,-16.196912],[33.597279,-16.195556],[33.596717,-16.195558],[33.596435,-16.195016],[33.595874,-16.195018],[33.595871,-16.194204],[33.594749,-16.194207],[33.59475,-16.19475],[33.594189,-16.194751],[33.59419,-16.195022],[33.595032,-16.19502],[33.595035,-16.196105],[33.594754,-16.196106],[33.594754,-16.195834],[33.594192,-16.195836],[33.594194,-16.196378],[33.594475,-16.196378],[33.594475,-16.196649],[33.593914,-16.19665],[33.593916,-16.197193],[33.593354,-16.197194],[33.593356,-16.197737],[33.594198,-16.197734],[33.5942,-16.198548],[33.593639,-16.198549],[33.593638,-16.198278],[33.593077,-16.19828],[33.593075,-16.197737],[33.592514,-16.197739],[33.592516,-16.198553],[33.591956,-16.198825],[33.591957,-16.199097],[33.592237,-16.199096],[33.592241,-16.200181],[33.592802,-16.200179],[33.592804,-16.200721],[33.593365,-16.20072],[33.593364,-16.200449],[33.593926,-16.200718],[33.593925,-16.200447],[33.594206,-16.200446],[33.594207,-16.200717],[33.595049,-16.200715],[33.59505,-16.200986],[33.594769,-16.200987],[33.59477,-16.201258],[33.594489,-16.201259],[33.594488,-16.200988],[33.593927,-16.200989],[33.593928,-16.201261],[33.592805,-16.201264],[33.592807,-16.201806],[33.592245,-16.201808],[33.592246,-16.202079],[33.591685,-16.20208],[33.591683,-16.201538],[33.592245,-16.201537],[33.592244,-16.201265],[33.592525,-16.201265],[33.592242,-16.200723],[33.591681,-16.200724],[33.591402,-16.201268],[33.589718,-16.201272],[33.589717,-16.201001],[33.590559,-16.200999],[33.590277,-16.200457],[33.589716,-16.20073],[33.589714,-16.199916],[33.589433,-16.199917],[33.589435,-16.20046],[33.589154,-16.20046],[33.589157,-16.201274],[33.589437,-16.201273],[33.589439,-16.201815],[33.589158,-16.201816],[33.589159,-16.202087],[33.588878,-16.202088],[33.588878,-16.201817],[33.588597,-16.201818],[33.588598,-16.202089],[33.588036,-16.201819],[33.588036,-16.202091],[33.587476,-16.202363],[33.587475,-16.202092],[33.586913,-16.201822],[33.586912,-16.201551],[33.587193,-16.201551],[33.587191,-16.201008],[33.588314,-16.201005],[33.588311,-16.200191],[33.588592,-16.200191],[33.588591,-16.199919],[33.588311,-16.19992],[33.58831,-16.199649],[33.587748,-16.199651],[33.587748,-16.199379],[33.587187,-16.199652],[33.587188,-16.199923],[33.587469,-16.199923],[33.58747,-16.200465],[33.58719,-16.200466],[33.587189,-16.200195],[33.586908,-16.200195],[33.586907,-16.199924],[33.586345,-16.199654],[33.586342,-16.19857],[33.586903,-16.198568],[33.586904,-16.198839],[33.587465,-16.198567],[33.587464,-16.198295],[33.586902,-16.198297],[33.5869,-16.197483],[33.587461,-16.197211],[33.586896,-16.196127],[33.587177,-16.196127],[33.587176,-16.195855],[33.587737,-16.195854],[33.58774,-16.196667],[33.58802,-16.196667],[33.588021,-16.196938],[33.588583,-16.197208],[33.588582,-16.196936],[33.588863,-16.196936],[33.588862,-16.196664],[33.589423,-16.196392],[33.589422,-16.19612],[33.58886,-16.195851],[33.588857,-16.195037],[33.588577,-16.195038],[33.588576,-16.194767],[33.588295,-16.194768],[33.588294,-16.194496],[33.588575,-16.194496],[33.588574,-16.193953],[33.589135,-16.193952],[33.589136,-16.194223],[33.589978,-16.194221],[33.589978,-16.194492],[33.59054,-16.19449],[33.590539,-16.194219],[33.59082,-16.194218],[33.590818,-16.193676],[33.590257,-16.193677],[33.590254,-16.192864],[33.589974,-16.192865],[33.589972,-16.192322],[33.590532,-16.192049],[33.590528,-16.190422],[33.590808,-16.190422],[33.590805,-16.189337],[33.591928,-16.189334],[33.591928,-16.189605],[33.592209,-16.189604],[33.592212,-16.190418],[33.592774,-16.190687],[33.592775,-16.19123],[33.592495,-16.19123],[33.592494,-16.190959],[33.591652,-16.190962],[33.591653,-16.191504],[33.592495,-16.191502],[33.592778,-16.192043],[33.593058,-16.192042],[33.593056,-16.191229],[33.593898,-16.191226],[33.593897,-16.190955],[33.593616,-16.190956],[33.593615,-16.190414],[33.594176,-16.190412],[33.594458,-16.190954],[33.5953,-16.190951],[33.595301,-16.191223],[33.596423,-16.190948],[33.596705,-16.19149],[33.596144,-16.191491],[33.595866,-16.192577],[33.596147,-16.192576],[33.596149,-16.193119],[33.596429,-16.193118],[33.596429,-16.192847],[33.596991,-16.193116],[33.596991,-16.193387],[33.59643,-16.193389],[33.596433,-16.194203],[33.596713,-16.194202],[33.596715,-16.194744],[33.597276,-16.194743],[33.596992,-16.193659],[33.597554,-16.193657],[33.597555,-16.194199],[33.597836,-16.194199],[33.597837,-16.19447],[33.598117,-16.194469],[33.598396,-16.193926],[33.598958,-16.193924],[33.59924,-16.194466],[33.599801,-16.194464],[33.5998,-16.193922],[33.599238,-16.193652],[33.599236,-16.19311],[33.599517,-16.193109],[33.599516,-16.192838],[33.599796,-16.192837],[33.599797,-16.193108],[33.600358,-16.192836],[33.600357,-16.192564],[33.600076,-16.192565],[33.599794,-16.192024],[33.599233,-16.192025],[33.59895,-16.191484],[33.59867,-16.191484],[33.598671,-16.191755],[33.598109,-16.191757],[33.598108,-16.191486],[33.597828,-16.191487],[33.597545,-16.190945],[33.598387,-16.190943],[33.598386,-16.1904],[33.598947,-16.190399],[33.598948,-16.19067],[33.600351,-16.190666],[33.600349,-16.190124],[33.600069,-16.190124],[33.600068,-16.189853],[33.600349,-16.189852],[33.600348,-16.189581],[33.600628,-16.18958],[33.600907,-16.189037],[33.601188,-16.189036],[33.60119,-16.189579],[33.60147,-16.189578],[33.601468,-16.188764],[33.601749,-16.188764],[33.601754,-16.190662],[33.602035,-16.190661],[33.602036,-16.190932],[33.602598,-16.191202],[33.6026,-16.191744],[33.603161,-16.191743],[33.603163,-16.192285],[33.602601,-16.192287],[33.602602,-16.192558],[33.602883,-16.192557],[33.602884,-16.1931],[33.602323,-16.193101],[33.602322,-16.19283],[33.602042,-16.192831],[33.602042,-16.193102],[33.601481,-16.193104],[33.601484,-16.194188],[33.601765,-16.194188],[33.601767,-16.19473],[33.602047,-16.194729],[33.602048,-16.195],[33.601487,-16.195002],[33.601488,-16.195273],[33.601207,-16.195274],[33.601209,-16.195816],[33.600928,-16.195817],[33.600932,-16.197173],[33.601213,-16.197172],[33.601211,-16.19663],[33.601772,-16.196628],[33.602051,-16.196085],[33.602613,-16.196083],[33.602612,-16.195812],[33.603172,-16.195539],[33.603171,-16.194997],[33.602609,-16.194999],[33.602888,-16.194456],[33.603169,-16.194455],[33.60317,-16.194726],[33.603731,-16.194724],[33.60373,-16.194453],[33.604853,-16.19445],[33.604852,-16.194179],[33.605413,-16.193906],[33.605411,-16.193364],[33.60485,-16.193365],[33.604851,-16.193636],[33.60457,-16.193637],[33.604288,-16.193096],[33.603726,-16.193097],[33.603727,-16.193368],[33.603446,-16.193369],[33.603445,-16.192827],[33.604848,-16.192823],[33.604847,-16.192552],[33.605128,-16.192551],[33.605125,-16.191737],[33.604564,-16.191739],[33.604566,-16.192281],[33.604285,-16.192282],[33.604284,-16.192011],[33.603442,-16.192013],[33.603442,-16.191742],[33.604283,-16.19174],[33.604282,-16.191197],[33.604562,-16.191196],[33.604562,-16.190925],[33.605122,-16.190652],[33.605121,-16.190381],[33.604841,-16.190382],[33.604839,-16.18984],[33.604558,-16.18984],[33.604276,-16.189299],[33.603715,-16.1893],[33.603714,-16.189029],[33.602872,-16.189032],[33.602874,-16.189574],[33.602312,-16.189576],[33.602311,-16.189033],[33.602591,-16.189032],[33.60287,-16.188489],[33.60259,-16.18849],[33.602589,-16.188219],[33.602028,-16.18822],[33.602028,-16.188492],[33.601748,-16.188492],[33.601466,-16.187951],[33.600904,-16.187952],[33.600905,-16.188224],[33.600063,-16.188226],[33.599784,-16.188769],[33.599223,-16.188771],[33.599224,-16.189042],[33.598662,-16.189044],[33.598663,-16.189315],[33.598383,-16.189316],[33.598381,-16.188773],[33.5981,-16.188774],[33.598097,-16.187689],[33.597816,-16.18769],[33.597815,-16.187148],[33.597534,-16.187148],[33.597532,-16.186335],[33.597251,-16.186336],[33.59753,-16.185792],[33.596968,-16.185523],[33.596962,-16.183624],[33.596682,-16.183625],[33.596679,-16.182812],[33.596117,-16.182542],[33.596394,-16.181456],[33.595833,-16.181458],[33.595832,-16.181187],[33.595552,-16.181188],[33.595552,-16.181459],[33.594991,-16.18146],[33.59499,-16.180918],[33.594148,-16.18092],[33.594147,-16.180649],[33.592463,-16.180654],[33.592464,-16.180925],[33.592183,-16.180926],[33.592182,-16.180655],[33.591902,-16.180655],[33.591901,-16.180384],[33.592182,-16.180383],[33.59218,-16.179841],[33.591619,-16.179843],[33.591336,-16.179301],[33.591617,-16.1793],[33.591615,-16.178758],[33.592738,-16.178755],[33.592736,-16.177941],[33.592455,-16.177942],[33.592453,-16.1774],[33.591331,-16.177403],[33.59133,-16.177131],[33.590769,-16.177133],[33.590768,-16.176862],[33.589365,-16.176866],[33.589364,-16.176595],[33.588803,-16.176596],[33.588802,-16.176325],[33.588521,-16.176326],[33.588521,-16.176054],[33.58824,-16.176055],[33.587958,-16.175514],[33.587396,-16.175515],[33.587396,-16.175244],[33.585992,-16.175248],[33.585992,-16.174977],[33.58515,-16.174979],[33.585149,-16.174708],[33.584026,-16.17444],[33.584025,-16.174168],[33.583744,-16.174169],[33.583462,-16.173628],[33.582901,-16.173629],[33.5829,-16.173358],[33.582619,-16.173359],[33.582617,-16.172545],[33.581775,-16.172547],[33.581774,-16.172276],[33.581494,-16.172277],[33.581493,-16.172006],[33.581212,-16.172007],[33.581211,-16.171735],[33.580931,-16.171736],[33.58093,-16.171465],[33.580649,-16.171466],[33.580649,-16.171195],[33.580368,-16.171195],[33.580367,-16.170924],[33.580087,-16.170925],[33.580086,-16.170654],[33.579805,-16.170654],[33.579804,-16.170383],[33.579242,-16.170114],[33.579241,-16.169571],[33.578679,-16.169302],[33.578677,-16.168759],[33.578397,-16.16876],[33.578396,-16.168489],[33.577835,-16.16849],[33.577832,-16.167677],[33.577552,-16.167677],[33.577269,-16.167136],[33.576708,-16.167137],[33.576707,-16.166866],[33.576427,-16.166867],[33.576426,-16.166596],[33.576145,-16.166596],[33.576145,-16.166325],[33.575864,-16.166326],[33.575582,-16.165784],[33.575021,-16.165786],[33.57502,-16.165515],[33.574739,-16.165515],[33.574457,-16.164974],[33.573896,-16.164975],[33.573895,-16.164704],[33.572773,-16.164978],[33.57277,-16.163894],[33.573051,-16.163893],[33.573048,-16.163079],[33.572207,-16.163082],[33.572206,-16.16281],[33.571644,-16.162541],[33.571923,-16.161998],[33.572485,-16.162267],[33.572483,-16.161725],[33.572764,-16.161724],[33.572763,-16.161453],[33.572202,-16.161454],[33.572203,-16.161726],[33.571922,-16.161726],[33.571921,-16.161184],[33.57164,-16.161185],[33.571358,-16.160643],[33.569955,-16.160647],[33.569673,-16.160105],[33.568831,-16.160107],[33.568829,-16.159565],[33.56911,-16.159564],[33.569107,-16.158479],[33.568826,-16.15848],[33.568825,-16.158209],[33.568545,-16.15821],[33.568545,-16.158481],[33.567984,-16.158482],[33.567983,-16.158211],[33.567703,-16.158212],[33.5677,-16.157127],[33.567138,-16.156858],[33.567132,-16.154959],[33.566852,-16.15496],[33.566851,-16.154689],[33.567132,-16.154688],[33.567411,-16.154145],[33.56713,-16.154146],[33.567129,-16.153874],[33.565726,-16.153878],[33.565726,-16.153607],[33.565164,-16.153337],[33.565162,-16.152795],[33.564881,-16.152796],[33.564877,-16.151168],[33.564596,-16.151169],[33.564595,-16.150627],[33.564033,-16.150357],[33.56403,-16.149272],[33.562907,-16.149275],[33.562907,-16.149004],[33.563187,-16.149003],[33.563186,-16.148732],[33.563467,-16.148731],[33.563746,-16.148188],[33.563185,-16.14819],[33.563186,-16.148461],[33.562905,-16.148462],[33.562903,-16.147648],[33.562061,-16.14765],[33.56206,-16.147379],[33.561499,-16.147381],[33.561498,-16.147109],[33.560656,-16.147112],[33.560653,-16.146027],[33.560092,-16.146028],[33.560094,-16.146571],[33.559813,-16.146571],[33.559812,-16.1463],[33.559251,-16.146302],[33.55925,-16.146031],[33.558409,-16.146033],[33.558408,-16.145762],[33.558127,-16.145762]],[[33.561512,-16.151991],[33.561793,-16.15199],[33.561794,-16.152533],[33.562075,-16.152532],[33.562357,-16.153073],[33.561515,-16.153076],[33.561514,-16.152533],[33.561233,-16.152534],[33.561512,-16.151991]],[[33.562922,-16.154428],[33.563202,-16.154427],[33.563203,-16.154698],[33.562923,-16.154699],[33.562922,-16.154428]],[[33.556197,-16.1577],[33.557319,-16.157697],[33.557321,-16.158239],[33.556479,-16.158242],[33.556197,-16.1577]],[[33.566579,-16.157673],[33.56686,-16.157672],[33.56686,-16.157943],[33.56658,-16.157944],[33.566579,-16.157673]],[[33.555922,-16.15987],[33.556203,-16.15987],[33.556203,-16.160141],[33.555923,-16.160141],[33.555922,-16.15987]],[[33.556483,-16.159869],[33.556764,-16.159868],[33.556765,-16.160139],[33.556484,-16.16014],[33.556483,-16.159869]],[[33.556765,-16.160139],[33.557327,-16.160409],[33.557328,-16.160951],[33.556486,-16.160954],[33.556486,-16.160682],[33.555924,-16.160684],[33.555924,-16.160413],[33.556765,-16.16041],[33.556765,-16.160139]],[[33.555363,-16.160685],[33.555644,-16.160685],[33.555644,-16.160956],[33.555364,-16.160957],[33.555363,-16.160685]],[[33.569393,-16.160648],[33.569674,-16.160648],[33.569675,-16.160919],[33.569394,-16.160919],[33.569393,-16.160648]],[[33.556487,-16.161225],[33.556768,-16.161224],[33.556768,-16.161495],[33.55733,-16.161494],[33.55733,-16.161765],[33.558452,-16.161491],[33.558454,-16.162033],[33.559015,-16.162032],[33.559016,-16.162574],[33.558736,-16.162575],[33.558736,-16.162846],[33.559298,-16.162845],[33.559299,-16.163387],[33.558738,-16.163388],[33.55874,-16.163931],[33.55902,-16.16393],[33.559021,-16.164201],[33.55846,-16.164203],[33.55846,-16.164474],[33.557899,-16.164475],[33.557898,-16.164204],[33.558179,-16.164204],[33.558178,-16.163661],[33.557336,-16.163663],[33.557336,-16.163935],[33.557056,-16.163935],[33.557057,-16.164478],[33.556777,-16.164478],[33.556778,-16.16475],[33.556216,-16.164751],[33.556218,-16.165293],[33.555937,-16.165294],[33.555938,-16.165565],[33.555377,-16.165567],[33.555656,-16.165024],[33.555375,-16.165024],[33.555374,-16.164482],[33.554812,-16.164212],[33.554808,-16.162856],[33.554527,-16.162857],[33.554245,-16.162315],[33.554806,-16.162314],[33.554806,-16.162043],[33.555367,-16.162041],[33.555365,-16.161499],[33.555927,-16.161769],[33.555927,-16.161497],[33.556488,-16.161496],[33.556487,-16.161225]],[[33.560978,-16.161484],[33.561819,-16.161482],[33.562103,-16.162566],[33.561822,-16.162567],[33.561822,-16.162296],[33.56126,-16.162297],[33.561259,-16.161755],[33.560978,-16.161755],[33.560978,-16.161484]],[[33.5708,-16.161729],[33.57108,-16.161729],[33.571081,-16.162],[33.5708,-16.162001],[33.5708,-16.161729]],[[33.5607,-16.16257],[33.560981,-16.162569],[33.560981,-16.16284],[33.560701,-16.162841],[33.5607,-16.16257]],[[33.553124,-16.162861],[33.553405,-16.16286],[33.553406,-16.163131],[33.553125,-16.163132],[33.553124,-16.162861]],[[33.560981,-16.16284],[33.561262,-16.162839],[33.561263,-16.163111],[33.560982,-16.163111],[33.560981,-16.16284]],[[33.570242,-16.162816],[33.570522,-16.162815],[33.570523,-16.163086],[33.570242,-16.163087],[33.570242,-16.162816]],[[33.569962,-16.163088],[33.570242,-16.163087],[33.570243,-16.163358],[33.569962,-16.163359],[33.569962,-16.163088]],[[33.564632,-16.163915],[33.566316,-16.163911],[33.566317,-16.164182],[33.568001,-16.164178],[33.568001,-16.164449],[33.566598,-16.164453],[33.5666,-16.164995],[33.566319,-16.164996],[33.566318,-16.164453],[33.566037,-16.164454],[33.566036,-16.164183],[33.565194,-16.164185],[33.565195,-16.164456],[33.564353,-16.164458],[33.564074,-16.165002],[33.563513,-16.165003],[33.563511,-16.164461],[33.563792,-16.16446],[33.563791,-16.164189],[33.564633,-16.164187],[33.564632,-16.163915]],[[33.568281,-16.164177],[33.569404,-16.164174],[33.569404,-16.164445],[33.568282,-16.164448],[33.568281,-16.164177]],[[33.562108,-16.164464],[33.562389,-16.164464],[33.56239,-16.164735],[33.562109,-16.164736],[33.562108,-16.164464]],[[33.56239,-16.164735],[33.56267,-16.164734],[33.562671,-16.165005],[33.562391,-16.165006],[33.56239,-16.164735]],[[33.55762,-16.165019],[33.557901,-16.165018],[33.557902,-16.165289],[33.557621,-16.16529],[33.55762,-16.165019]],[[33.560426,-16.165011],[33.560707,-16.165011],[33.560708,-16.165282],[33.560427,-16.165282],[33.560426,-16.165011]],[[33.561829,-16.165008],[33.56211,-16.165007],[33.562111,-16.165278],[33.56183,-16.165279],[33.561829,-16.165008]],[[33.559866,-16.165284],[33.560146,-16.165283],[33.560147,-16.165554],[33.559867,-16.165555],[33.559866,-16.165284]],[[33.554816,-16.16584],[33.555097,-16.165839],[33.555098,-16.16611],[33.554817,-16.166111],[33.554816,-16.16584]],[[33.557342,-16.165833],[33.557622,-16.165832],[33.557623,-16.166103],[33.557343,-16.166104],[33.557342,-16.165833]],[[33.569128,-16.165802],[33.569408,-16.165801],[33.569409,-16.166072],[33.569128,-16.166073],[33.569128,-16.165802]],[[33.562674,-16.16609],[33.563516,-16.166088],[33.563518,-16.16663],[33.563237,-16.166631],[33.563236,-16.16636],[33.562675,-16.166361],[33.562674,-16.16609]],[[33.56043,-16.166367],[33.560711,-16.166366],[33.560712,-16.166909],[33.560993,-16.166908],[33.560994,-16.167179],[33.561555,-16.167178],[33.561556,-16.167449],[33.561836,-16.167448],[33.561837,-16.167719],[33.561276,-16.167721],[33.561277,-16.167992],[33.560996,-16.167993],[33.560998,-16.168806],[33.560718,-16.168807],[33.560715,-16.167994],[33.560435,-16.167994],[33.56043,-16.166367]],[[33.56941,-16.166343],[33.56969,-16.166343],[33.569697,-16.168512],[33.568574,-16.168515],[33.568573,-16.168244],[33.569134,-16.167971],[33.569131,-16.166887],[33.569411,-16.166886],[33.56941,-16.166343]],[[33.562395,-16.166633],[33.562676,-16.166632],[33.562678,-16.167446],[33.562117,-16.167448],[33.562115,-16.166905],[33.562396,-16.166904],[33.562395,-16.166633]],[[33.55959,-16.166912],[33.55987,-16.166911],[33.559871,-16.167182],[33.559591,-16.167183],[33.55959,-16.166912]],[[33.55931,-16.167184],[33.559591,-16.167183],[33.559591,-16.167454],[33.559311,-16.167455],[33.55931,-16.167184]],[[33.562118,-16.167719],[33.562398,-16.167718],[33.5624,-16.16826],[33.562119,-16.168261],[33.562118,-16.167719]],[[33.563801,-16.167714],[33.564082,-16.167714],[33.564083,-16.167985],[33.563802,-16.167985],[33.563801,-16.167714]],[[33.562682,-16.168802],[33.562963,-16.168801],[33.562963,-16.169073],[33.562683,-16.169073],[33.562682,-16.168802]],[[33.563524,-16.1688],[33.563804,-16.168799],[33.563805,-16.16907],[33.564086,-16.16907],[33.564368,-16.169611],[33.563807,-16.169613],[33.563806,-16.169341],[33.563525,-16.169342],[33.563524,-16.1688]],[[33.559035,-16.169083],[33.559315,-16.169082],[33.559316,-16.169353],[33.559597,-16.169353],[33.559879,-16.169894],[33.558756,-16.169897],[33.558756,-16.169626],[33.559036,-16.169625],[33.559035,-16.169083]],[[33.564366,-16.169069],[33.564647,-16.169068],[33.564648,-16.169339],[33.564367,-16.16934],[33.564366,-16.169069]],[[33.569418,-16.169055],[33.569698,-16.169055],[33.5697,-16.169597],[33.569419,-16.169598],[33.569418,-16.169055]],[[33.574749,-16.169041],[33.57503,-16.16904],[33.575031,-16.169311],[33.57475,-16.169312],[33.574749,-16.169041]],[[33.567735,-16.169602],[33.568297,-16.169601],[33.568297,-16.169872],[33.568578,-16.169871],[33.56858,-16.170414],[33.568299,-16.170414],[33.5683,-16.170686],[33.56858,-16.170685],[33.568583,-16.171498],[33.568302,-16.171499],[33.568301,-16.171228],[33.567179,-16.171231],[33.567176,-16.170417],[33.567457,-16.170417],[33.567456,-16.169874],[33.567736,-16.169873],[33.567735,-16.169602]],[[33.56886,-16.170413],[33.569141,-16.170412],[33.569142,-16.170683],[33.568861,-16.170684],[33.56886,-16.170413]],[[33.563529,-16.170698],[33.56381,-16.170697],[33.563811,-16.170969],[33.56353,-16.170969],[33.563529,-16.170698]],[[33.558759,-16.170982],[33.559321,-16.17098],[33.559321,-16.171252],[33.558761,-16.171524],[33.558759,-16.170982]],[[33.562969,-16.170971],[33.563249,-16.17097],[33.56325,-16.171241],[33.562969,-16.171242],[33.562969,-16.170971]],[[33.574474,-16.17094],[33.575035,-16.170939],[33.575037,-16.171481],[33.574195,-16.171483],[33.574474,-16.17094]],[[33.565776,-16.171506],[33.566057,-16.171505],[33.566058,-16.171776],[33.565777,-16.171777],[33.565776,-16.171506]],[[33.569706,-16.171767],[33.569987,-16.171766],[33.569988,-16.172308],[33.569708,-16.172309],[33.569706,-16.171767]],[[33.562972,-16.172056],[33.563533,-16.172054],[33.563534,-16.172325],[33.562973,-16.172327],[33.562972,-16.172056]],[[33.570269,-16.172307],[33.570549,-16.172307],[33.57055,-16.172578],[33.57027,-16.172579],[33.570269,-16.172307]],[[33.559606,-16.172607],[33.560448,-16.172605],[33.560448,-16.172876],[33.559607,-16.172878],[33.559606,-16.172607]],[[33.564377,-16.172866],[33.564938,-16.172864],[33.564941,-16.173678],[33.564379,-16.173679],[33.564377,-16.172866]],[[33.567745,-16.172857],[33.568025,-16.172856],[33.568028,-16.173941],[33.567467,-16.173942],[33.567466,-16.173671],[33.566625,-16.173673],[33.566624,-16.173402],[33.567185,-16.1734],[33.567184,-16.173129],[33.567745,-16.173128],[33.567745,-16.172857]],[[33.577287,-16.173373],[33.579252,-16.173368],[33.579253,-16.173639],[33.57813,-16.173642],[33.578131,-16.173913],[33.57757,-16.174186],[33.57757,-16.173915],[33.577289,-16.173916],[33.577287,-16.173373]],[[33.579813,-16.173366],[33.580094,-16.173366],[33.580095,-16.173637],[33.579814,-16.173638],[33.579813,-16.173366]],[[33.582621,-16.173901],[33.582902,-16.1739],[33.582902,-16.174172],[33.582622,-16.174172],[33.582621,-16.173901]],[[33.567749,-16.174213],[33.568311,-16.174482],[33.568312,-16.175025],[33.568593,-16.175024],[33.568594,-16.175295],[33.568313,-16.175296],[33.568316,-16.176381],[33.567755,-16.176382],[33.567757,-16.177196],[33.568038,-16.177195],[33.568038,-16.177466],[33.567758,-16.177467],[33.567759,-16.177738],[33.567478,-16.177739],[33.567479,-16.17801],[33.567198,-16.178011],[33.567199,-16.178282],[33.566638,-16.178555],[33.566638,-16.178283],[33.566076,-16.178285],[33.566076,-16.178014],[33.566356,-16.178013],[33.566355,-16.177742],[33.566917,-16.17774],[33.567196,-16.177197],[33.566915,-16.177198],[33.566914,-16.176927],[33.566353,-16.176928],[33.566351,-16.176115],[33.56607,-16.176115],[33.565788,-16.175574],[33.566349,-16.175572],[33.56635,-16.175843],[33.566912,-16.176113],[33.56691,-16.1753],[33.56719,-16.175299],[33.56719,-16.175028],[33.56775,-16.174755],[33.567749,-16.174213]],[[33.57224,-16.174743],[33.572521,-16.174742],[33.572522,-16.175013],[33.572241,-16.175014],[33.57224,-16.174743]],[[33.562981,-16.17531],[33.563262,-16.175309],[33.563262,-16.17558],[33.562982,-16.175581],[33.562981,-16.17531]],[[33.573364,-16.175282],[33.573926,-16.175552],[33.573929,-16.176366],[33.573648,-16.176366],[33.573369,-16.176909],[33.57365,-16.176909],[33.573652,-16.177722],[33.573933,-16.177722],[33.573936,-16.179077],[33.574217,-16.179077],[33.57422,-16.180161],[33.574501,-16.180161],[33.574503,-16.180974],[33.574784,-16.180974],[33.574785,-16.181516],[33.575066,-16.181515],[33.575067,-16.181786],[33.573944,-16.181789],[33.573943,-16.181518],[33.573663,-16.181519],[33.573664,-16.18179],[33.573102,-16.181792],[33.573102,-16.18152],[33.573382,-16.18152],[33.57338,-16.180706],[33.572819,-16.180708],[33.572818,-16.180436],[33.572537,-16.180437],[33.572536,-16.179895],[33.571974,-16.179896],[33.571974,-16.179625],[33.572815,-16.179623],[33.573098,-16.180165],[33.573658,-16.179892],[33.573655,-16.178807],[33.573093,-16.178537],[33.573091,-16.177724],[33.57281,-16.177725],[33.572808,-16.176911],[33.572527,-16.176912],[33.572525,-16.176369],[33.572806,-16.176369],[33.572805,-16.175826],[33.573085,-16.175825],[33.573364,-16.175282]],[[33.564946,-16.175576],[33.565227,-16.175575],[33.565228,-16.176118],[33.565509,-16.176117],[33.56551,-16.176388],[33.564668,-16.17639],[33.564667,-16.176119],[33.564948,-16.176118],[33.564946,-16.175576]],[[33.574488,-16.17555],[33.574768,-16.17555],[33.574769,-16.175821],[33.574488,-16.175822],[33.574488,-16.17555]],[[33.563263,-16.175852],[33.563825,-16.176121],[33.563827,-16.176664],[33.564107,-16.176663],[33.564108,-16.176934],[33.563547,-16.176936],[33.563546,-16.176664],[33.563265,-16.176665],[33.563263,-16.175852]],[[33.571402,-16.176101],[33.571683,-16.1761],[33.571684,-16.176643],[33.571404,-16.176644],[33.571402,-16.176101]],[[33.562703,-16.176396],[33.562984,-16.176395],[33.562985,-16.176666],[33.562704,-16.176667],[33.562703,-16.176396]],[[33.564387,-16.176391],[33.564668,-16.17639],[33.564669,-16.176661],[33.564388,-16.176662],[33.564387,-16.176391]],[[33.568597,-16.17638],[33.568877,-16.176379],[33.568878,-16.17665],[33.568597,-16.176651],[33.568597,-16.17638]],[[33.569158,-16.176378],[33.569439,-16.176378],[33.569725,-16.178546],[33.570287,-16.178545],[33.570285,-16.178003],[33.570566,-16.178002],[33.570567,-16.178273],[33.570847,-16.178272],[33.570848,-16.178543],[33.571129,-16.178543],[33.571129,-16.178814],[33.57141,-16.178813],[33.571411,-16.179084],[33.571691,-16.179084],[33.571974,-16.179625],[33.571132,-16.179627],[33.571132,-16.179899],[33.570571,-16.1799],[33.570289,-16.179358],[33.570008,-16.179359],[33.570009,-16.17963],[33.569728,-16.179631],[33.569726,-16.178818],[33.569165,-16.178819],[33.569164,-16.178548],[33.568322,-16.17855],[33.56832,-16.177737],[33.568039,-16.177737],[33.568038,-16.177466],[33.5686,-16.177465],[33.568601,-16.177736],[33.569163,-16.178006],[33.569159,-16.176921],[33.568879,-16.176921],[33.569158,-16.176378]],[[33.565511,-16.17693],[33.566073,-16.176929],[33.566073,-16.1772],[33.565512,-16.177202],[33.565511,-16.17693]],[[33.566074,-16.177471],[33.566355,-16.177471],[33.566355,-16.177742],[33.566075,-16.177743],[33.566074,-16.177471]],[[33.570004,-16.177732],[33.570284,-16.177731],[33.570285,-16.178003],[33.570004,-16.178003],[33.570004,-16.177732]],[[33.589929,-16.177949],[33.590491,-16.177947],[33.590492,-16.17849],[33.590212,-16.178491],[33.590212,-16.178762],[33.590493,-16.178761],[33.590495,-16.179303],[33.591056,-16.179302],[33.591058,-16.180115],[33.590778,-16.180116],[33.590778,-16.180387],[33.590498,-16.180388],[33.590497,-16.180117],[33.590216,-16.180118],[33.590216,-16.179847],[33.589653,-16.179577],[33.589652,-16.179035],[33.58881,-16.179037],[33.588809,-16.178766],[33.587687,-16.17904],[33.587685,-16.178226],[33.58937,-16.178493],[33.589369,-16.178222],[33.58993,-16.17822],[33.589929,-16.177949]],[[33.591053,-16.178488],[33.591334,-16.178487],[33.591335,-16.178759],[33.591054,-16.178759],[33.591053,-16.178488]],[[33.564955,-16.17883],[33.565236,-16.17883],[33.565237,-16.179101],[33.564956,-16.179102],[33.564955,-16.17883]],[[33.565797,-16.178828],[33.566359,-16.178827],[33.566359,-16.179098],[33.565798,-16.179099],[33.565797,-16.178828]],[[33.565237,-16.179101],[33.565517,-16.1791],[33.565518,-16.179371],[33.565238,-16.179372],[33.565237,-16.179101]],[[33.577304,-16.179068],[33.577585,-16.179068],[33.577586,-16.17961],[33.577306,-16.179611],[33.577304,-16.179068]],[[33.566922,-16.179639],[33.567203,-16.179638],[33.567204,-16.179909],[33.566923,-16.17991],[33.566922,-16.179639]],[[33.569448,-16.179632],[33.569728,-16.179631],[33.569729,-16.179902],[33.569449,-16.179903],[33.569448,-16.179632]],[[33.568045,-16.179907],[33.568326,-16.179906],[33.568327,-16.180177],[33.568046,-16.180178],[33.568045,-16.179907]],[[33.571132,-16.179899],[33.571413,-16.179898],[33.571414,-16.180169],[33.571133,-16.18017],[33.571132,-16.179899]],[[33.577026,-16.179883],[33.577306,-16.179882],[33.577307,-16.180153],[33.577027,-16.180154],[33.577026,-16.179883]],[[33.571975,-16.180168],[33.572256,-16.180167],[33.572257,-16.180438],[33.571976,-16.180439],[33.571975,-16.180168]],[[33.571136,-16.181255],[33.571417,-16.181254],[33.571418,-16.181525],[33.571137,-16.181526],[33.571136,-16.181255]],[[33.587974,-16.181209],[33.588816,-16.181206],[33.588819,-16.18202],[33.588538,-16.182021],[33.588539,-16.182292],[33.587978,-16.182293],[33.58798,-16.183107],[33.587419,-16.183109],[33.58742,-16.18338],[33.587139,-16.183381],[33.587138,-16.183109],[33.586577,-16.183111],[33.586578,-16.183382],[33.585455,-16.183385],[33.585454,-16.182843],[33.585173,-16.182844],[33.585452,-16.1823],[33.586575,-16.182297],[33.586854,-16.181754],[33.587695,-16.181752],[33.587974,-16.181209]],[[33.570296,-16.181799],[33.570577,-16.181798],[33.570577,-16.18207],[33.570297,-16.18207],[33.570296,-16.181799]],[[33.572541,-16.181793],[33.572822,-16.181792],[33.572823,-16.182064],[33.572542,-16.182064],[33.572541,-16.181793]],[[33.575067,-16.181786],[33.575628,-16.181785],[33.57563,-16.182327],[33.575349,-16.182328],[33.575067,-16.181786]],[[33.577593,-16.18178],[33.578154,-16.181778],[33.578155,-16.18232],[33.577875,-16.182321],[33.577876,-16.182592],[33.577595,-16.182593],[33.577593,-16.18178]],[[33.57591,-16.182055],[33.57619,-16.182055],[33.576191,-16.182326],[33.57591,-16.182326],[33.57591,-16.182055]],[[33.590222,-16.182016],[33.590784,-16.182286],[33.590786,-16.182828],[33.591066,-16.182827],[33.591068,-16.18337],[33.591349,-16.183369],[33.591349,-16.18364],[33.590226,-16.183372],[33.590222,-16.182016]],[[33.574508,-16.182601],[33.574789,-16.182601],[33.574789,-16.182872],[33.57507,-16.182871],[33.575352,-16.183413],[33.576194,-16.183411],[33.576193,-16.183139],[33.576474,-16.183139],[33.576475,-16.18341],[33.576755,-16.183409],[33.576757,-16.183951],[33.577318,-16.18395],[33.577034,-16.182866],[33.577315,-16.182865],[33.577316,-16.183136],[33.578719,-16.183132],[33.57872,-16.183404],[33.579562,-16.183401],[33.57956,-16.182859],[33.580121,-16.182857],[33.580122,-16.183129],[33.581245,-16.183126],[33.581246,-16.183668],[33.580966,-16.183669],[33.580967,-16.18394],[33.580686,-16.183941],[33.580407,-16.184484],[33.579845,-16.184214],[33.579846,-16.184485],[33.579004,-16.184488],[33.578725,-16.185031],[33.577603,-16.185305],[33.577604,-16.185576],[33.577323,-16.185577],[33.577327,-16.186933],[33.577608,-16.186932],[33.577608,-16.187203],[33.577328,-16.187204],[33.577328,-16.187475],[33.576767,-16.187477],[33.576766,-16.186935],[33.576485,-16.186935],[33.576484,-16.186664],[33.575642,-16.186666],[33.575643,-16.186938],[33.575082,-16.186939],[33.57508,-16.186397],[33.575641,-16.186395],[33.57564,-16.185853],[33.575359,-16.185854],[33.575077,-16.185312],[33.574516,-16.185313],[33.574515,-16.185042],[33.574234,-16.185043],[33.574234,-16.184772],[33.574514,-16.184771],[33.574513,-16.184229],[33.573671,-16.184231],[33.57367,-16.18396],[33.573389,-16.18396],[33.573388,-16.183418],[33.573668,-16.183417],[33.573947,-16.182874],[33.574509,-16.182873],[33.574508,-16.182601]],[[33.583488,-16.182577],[33.584891,-16.182573],[33.585174,-16.183115],[33.584613,-16.183388],[33.584615,-16.18393],[33.584334,-16.183931],[33.584335,-16.184202],[33.584054,-16.184203],[33.584053,-16.18366],[33.583491,-16.183662],[33.583492,-16.183933],[33.583212,-16.183934],[33.583213,-16.184476],[33.582652,-16.184478],[33.58265,-16.183935],[33.582089,-16.183937],[33.582088,-16.183394],[33.581526,-16.183396],[33.581525,-16.183125],[33.581806,-16.183124],[33.581805,-16.182853],[33.583489,-16.182848],[33.583488,-16.182577]],[[33.57086,-16.182882],[33.571141,-16.182882],[33.571142,-16.183153],[33.570861,-16.183154],[33.57086,-16.182882]],[[33.571984,-16.183151],[33.572264,-16.18315],[33.572265,-16.183421],[33.571984,-16.183422],[33.571984,-16.183151]],[[33.571424,-16.183695],[33.571705,-16.183694],[33.571705,-16.183965],[33.572547,-16.183963],[33.572549,-16.184505],[33.572268,-16.184506],[33.572267,-16.184235],[33.571426,-16.184237],[33.571424,-16.183695]],[[33.591349,-16.18364],[33.59163,-16.183639],[33.591632,-16.184182],[33.591351,-16.184182],[33.591349,-16.18364]],[[33.581528,-16.183938],[33.582089,-16.183937],[33.582091,-16.18475],[33.582372,-16.18475],[33.582374,-16.185292],[33.581812,-16.185022],[33.581809,-16.184209],[33.581529,-16.18421],[33.581528,-16.183938]],[[33.591913,-16.184452],[33.592194,-16.184451],[33.592195,-16.184994],[33.591915,-16.184995],[33.591913,-16.184452]],[[33.584618,-16.185015],[33.584899,-16.185014],[33.584899,-16.185285],[33.584619,-16.185286],[33.584618,-16.185015]],[[33.592477,-16.185264],[33.593038,-16.185263],[33.59304,-16.185805],[33.59332,-16.185804],[33.593321,-16.186075],[33.59276,-16.186077],[33.592758,-16.185535],[33.592478,-16.185535],[33.592477,-16.185264]],[[33.571711,-16.185863],[33.571992,-16.185863],[33.571992,-16.186134],[33.571712,-16.186135],[33.571711,-16.185863]],[[33.572833,-16.18586],[33.573395,-16.185859],[33.573396,-16.18613],[33.572834,-16.186132],[33.572833,-16.18586]],[[33.574517,-16.185856],[33.575079,-16.185854],[33.575079,-16.186125],[33.574518,-16.186127],[33.574517,-16.185856]],[[33.569747,-16.18614],[33.570028,-16.186139],[33.570029,-16.18641],[33.569748,-16.186411],[33.569747,-16.18614]],[[33.572554,-16.186132],[33.572834,-16.186132],[33.572835,-16.186403],[33.572554,-16.186403],[33.572554,-16.186132]],[[33.573676,-16.186129],[33.574237,-16.186128],[33.574238,-16.186399],[33.574519,-16.186398],[33.574801,-16.18694],[33.573959,-16.186942],[33.573961,-16.187484],[33.57368,-16.187485],[33.573681,-16.187756],[33.57312,-16.187758],[33.573118,-16.187216],[33.573399,-16.187215],[33.573396,-16.186401],[33.573677,-16.1864],[33.573676,-16.186129]],[[33.584341,-16.186371],[33.585465,-16.18664],[33.585466,-16.187182],[33.585747,-16.187181],[33.585749,-16.187724],[33.586311,-16.187993],[33.586312,-16.188536],[33.584909,-16.188539],[33.584908,-16.188268],[33.584347,-16.18827],[33.584345,-16.187727],[33.584065,-16.187728],[33.584064,-16.187457],[33.583502,-16.187187],[33.583501,-16.186916],[33.584062,-16.186915],[33.584341,-16.186371]],[[33.569468,-16.186683],[33.569749,-16.186682],[33.569749,-16.186953],[33.569469,-16.186954],[33.569468,-16.186683]],[[33.570029,-16.186681],[33.571152,-16.186678],[33.571153,-16.18695],[33.57003,-16.186953],[33.570029,-16.186681]],[[33.572275,-16.186675],[33.572836,-16.186674],[33.572837,-16.186945],[33.572556,-16.186946],[33.57284,-16.18803],[33.572559,-16.188031],[33.57256,-16.188302],[33.572279,-16.188303],[33.572,-16.188846],[33.571439,-16.188847],[33.571157,-16.188306],[33.570595,-16.188307],[33.570596,-16.188578],[33.569754,-16.188581],[33.569753,-16.188309],[33.570034,-16.188309],[33.570313,-16.187765],[33.571435,-16.187491],[33.571434,-16.18722],[33.571715,-16.187219],[33.571714,-16.186948],[33.572275,-16.186947],[33.572275,-16.186675]],[[33.572837,-16.186945],[33.573117,-16.186944],[33.573118,-16.187216],[33.572837,-16.187216],[33.572837,-16.186945]],[[33.575644,-16.187209],[33.575924,-16.187208],[33.575925,-16.187479],[33.575645,-16.18748],[33.575644,-16.187209]],[[33.577608,-16.187203],[33.577889,-16.187203],[33.57789,-16.187474],[33.577609,-16.187475],[33.577608,-16.187203]],[[33.579854,-16.187468],[33.580416,-16.187467],[33.580416,-16.187738],[33.579855,-16.18774],[33.579854,-16.187468]],[[33.582661,-16.187461],[33.582941,-16.18746],[33.582942,-16.187731],[33.582662,-16.187732],[33.582661,-16.187461]],[[33.575926,-16.18775],[33.576207,-16.18775],[33.576207,-16.188021],[33.575927,-16.188022],[33.575926,-16.18775]],[[33.57761,-16.187746],[33.578733,-16.188014],[33.578735,-16.188556],[33.578454,-16.188557],[33.578455,-16.188828],[33.578174,-16.188829],[33.578174,-16.188558],[33.577612,-16.188559],[33.577611,-16.188288],[33.577331,-16.188289],[33.57761,-16.187746]],[[33.588274,-16.187717],[33.588555,-16.187716],[33.588556,-16.187987],[33.588275,-16.187988],[33.588274,-16.187717]],[[33.596975,-16.187964],[33.597536,-16.187962],[33.597539,-16.188776],[33.597258,-16.188776],[33.597257,-16.188234],[33.596976,-16.188235],[33.596975,-16.187964]],[[33.575647,-16.188294],[33.575928,-16.188293],[33.57621,-16.188834],[33.575649,-16.188836],[33.575647,-16.188294]],[[33.583786,-16.188271],[33.584347,-16.18827],[33.584348,-16.188541],[33.583786,-16.188543],[33.583786,-16.188271]],[[33.587434,-16.188261],[33.587715,-16.188261],[33.587716,-16.188532],[33.587435,-16.188532],[33.587434,-16.188261]],[[33.589399,-16.188527],[33.58968,-16.188526],[33.589681,-16.188797],[33.5894,-16.188798],[33.589399,-16.188527]],[[33.584629,-16.188811],[33.58491,-16.188811],[33.584911,-16.189082],[33.58463,-16.189083],[33.584629,-16.188811]],[[33.574246,-16.189111],[33.574527,-16.18911],[33.574528,-16.189381],[33.574247,-16.189382],[33.574246,-16.189111]],[[33.575369,-16.189108],[33.575649,-16.189107],[33.57565,-16.189378],[33.575369,-16.189379],[33.575369,-16.189108]],[[33.583788,-16.189085],[33.58463,-16.189083],[33.584631,-16.189354],[33.58407,-16.189627],[33.583788,-16.189085]],[[33.586875,-16.189076],[33.587156,-16.189076],[33.587157,-16.189347],[33.586876,-16.189348],[33.586875,-16.189076]],[[33.593049,-16.189059],[33.593611,-16.189058],[33.593612,-16.1896],[33.593051,-16.189602],[33.593049,-16.189059]],[[33.578457,-16.189371],[33.579018,-16.189369],[33.57902,-16.190183],[33.578459,-16.190184],[33.578457,-16.189371]],[[33.586595,-16.189348],[33.586876,-16.189348],[33.586877,-16.189619],[33.586596,-16.18962],[33.586595,-16.189348]],[[33.574528,-16.189653],[33.574809,-16.189652],[33.574811,-16.190194],[33.57453,-16.190195],[33.574528,-16.189653]],[[33.587999,-16.189616],[33.589122,-16.189613],[33.589123,-16.189884],[33.589684,-16.189882],[33.589685,-16.190153],[33.589124,-16.190155],[33.589125,-16.190697],[33.589406,-16.190697],[33.589407,-16.190968],[33.588565,-16.19097],[33.588564,-16.190699],[33.588003,-16.1907],[33.588002,-16.190429],[33.58744,-16.190431],[33.587441,-16.190702],[33.587161,-16.190703],[33.587159,-16.19016],[33.58744,-16.19016],[33.587439,-16.189888],[33.588,-16.189887],[33.587999,-16.189616]],[[33.603154,-16.189573],[33.603716,-16.189843],[33.603718,-16.190385],[33.603999,-16.190384],[33.604281,-16.190926],[33.602878,-16.19093],[33.602877,-16.190659],[33.603158,-16.190658],[33.603154,-16.189573]],[[33.586316,-16.189892],[33.586878,-16.18989],[33.586878,-16.190161],[33.586317,-16.190163],[33.586316,-16.189892]],[[33.593052,-16.189873],[33.593332,-16.189872],[33.593333,-16.190143],[33.593053,-16.190144],[33.593052,-16.189873]],[[33.574249,-16.190196],[33.57453,-16.190195],[33.574531,-16.190466],[33.57425,-16.190467],[33.574249,-16.190196]],[[33.576775,-16.190189],[33.577056,-16.190188],[33.577057,-16.19073],[33.577338,-16.19073],[33.57762,-16.191271],[33.57734,-16.191272],[33.577341,-16.191814],[33.576219,-16.192089],[33.576218,-16.191818],[33.576499,-16.191817],[33.576497,-16.191003],[33.576777,-16.191002],[33.576775,-16.190189]],[[33.584915,-16.190438],[33.585195,-16.190437],[33.585196,-16.190708],[33.584915,-16.190709],[33.584915,-16.190438]],[[33.602316,-16.19066],[33.602596,-16.19066],[33.602597,-16.190931],[33.602316,-16.190932],[33.602316,-16.19066]],[[33.578744,-16.191539],[33.579024,-16.191539],[33.579026,-16.192081],[33.578745,-16.192082],[33.578744,-16.191539]],[[33.577341,-16.191814],[33.577622,-16.191814],[33.577623,-16.192085],[33.577342,-16.192086],[33.577341,-16.191814]],[[33.588006,-16.191785],[33.588567,-16.191784],[33.588568,-16.192055],[33.58941,-16.192053],[33.589411,-16.192595],[33.58885,-16.192596],[33.588851,-16.192868],[33.58857,-16.192868],[33.588569,-16.192326],[33.587727,-16.192328],[33.588006,-16.191785]],[[33.576501,-16.192359],[33.576781,-16.192358],[33.576783,-16.192901],[33.576222,-16.192902],[33.576501,-16.192359]],[[33.603724,-16.192284],[33.604004,-16.192283],[33.604005,-16.192554],[33.603725,-16.192555],[33.603724,-16.192284]],[[33.573976,-16.192637],[33.574256,-16.192636],[33.574257,-16.192908],[33.573976,-16.192908],[33.573976,-16.192637]],[[33.575098,-16.192634],[33.575379,-16.192633],[33.57538,-16.193176],[33.5751,-16.193177],[33.575098,-16.192634]],[[33.597833,-16.193385],[33.598114,-16.193384],[33.598115,-16.193655],[33.597834,-16.193656],[33.597833,-16.193385]],[[33.602605,-16.193372],[33.602885,-16.193371],[33.602888,-16.194456],[33.602047,-16.194458],[33.602044,-16.193644],[33.602605,-16.193643],[33.602605,-16.193372]],[[33.603727,-16.193368],[33.604008,-16.193368],[33.604009,-16.193639],[33.603728,-16.19364],[33.603727,-16.193368]],[[33.578469,-16.19371],[33.57875,-16.193709],[33.578751,-16.19398],[33.57847,-16.193981],[33.578469,-16.19371]],[[33.586889,-16.193687],[33.588011,-16.193684],[33.588014,-16.194497],[33.586891,-16.1945],[33.586889,-16.193687]],[[33.595031,-16.194749],[33.595312,-16.194748],[33.595312,-16.195019],[33.595032,-16.19502],[33.595031,-16.194749]],[[33.588296,-16.195039],[33.588577,-16.195038],[33.588578,-16.195309],[33.588297,-16.19531],[33.588296,-16.195039]],[[33.581842,-16.195328],[33.582122,-16.195327],[33.582123,-16.195598],[33.581843,-16.195599],[33.581842,-16.195328]],[[33.584368,-16.195321],[33.584648,-16.19532],[33.584931,-16.195862],[33.584089,-16.195864],[33.584368,-16.195321]],[[33.601489,-16.195544],[33.60205,-16.195543],[33.602051,-16.195814],[33.601489,-16.195815],[33.601489,-16.195544]],[[33.596157,-16.19583],[33.596438,-16.19583],[33.596438,-16.196101],[33.596158,-16.196102],[33.596157,-16.19583]],[[33.583247,-16.196137],[33.583528,-16.196137],[33.583529,-16.196408],[33.583248,-16.196409],[33.583247,-16.196137]],[[33.585774,-16.196402],[33.586336,-16.196671],[33.586338,-16.197214],[33.586057,-16.197215],[33.586061,-16.19857],[33.585781,-16.198571],[33.585779,-16.198029],[33.585498,-16.19803],[33.585497,-16.197487],[33.585777,-16.197486],[33.585774,-16.196402]],[[33.595317,-16.196375],[33.595597,-16.196374],[33.595598,-16.196646],[33.595317,-16.196646],[33.595317,-16.196375]],[[33.596439,-16.196372],[33.59672,-16.196371],[33.596721,-16.196642],[33.59644,-16.196643],[33.596439,-16.196372]],[[33.586617,-16.196671],[33.586898,-16.19667],[33.5869,-16.197483],[33.586619,-16.197484],[33.586617,-16.196671]],[[33.595598,-16.196646],[33.596159,-16.196644],[33.59616,-16.196915],[33.595599,-16.196917],[33.595598,-16.196646]],[[33.59616,-16.196915],[33.596441,-16.196914],[33.596442,-16.197186],[33.596161,-16.197186],[33.59616,-16.196915]],[[33.594197,-16.197463],[33.594478,-16.197462],[33.594479,-16.197734],[33.594198,-16.197734],[33.594197,-16.197463]],[[33.592516,-16.198553],[33.592797,-16.198552],[33.592799,-16.199094],[33.592518,-16.199095],[33.592516,-16.198553]],[[33.593078,-16.198551],[33.593358,-16.19855],[33.593641,-16.199092],[33.593079,-16.199093],[33.593078,-16.198551]],[[33.5942,-16.198548],[33.594762,-16.198546],[33.594763,-16.199089],[33.594483,-16.19909],[33.594483,-16.199361],[33.594203,-16.199361],[33.5942,-16.198548]],[[33.593361,-16.199364],[33.594203,-16.199361],[33.594204,-16.199904],[33.593643,-16.199905],[33.593361,-16.199364]],[[33.584943,-16.19993],[33.585223,-16.199929],[33.585225,-16.200471],[33.584944,-16.200472],[33.584943,-16.19993]],[[33.586349,-16.20101],[33.58663,-16.20101],[33.586631,-16.201552],[33.586351,-16.201553],[33.586349,-16.20101]],[[33.591122,-16.20154],[33.591403,-16.201539],[33.591404,-16.20181],[33.591123,-16.201811],[33.591122,-16.20154]],[[33.596175,-16.201797],[33.596736,-16.201795],[33.596737,-16.202066],[33.596176,-16.202068],[33.596175,-16.201797]],[[33.589159,-16.202087],[33.589721,-16.202357],[33.589723,-16.202899],[33.589442,-16.2029],[33.589443,-16.203171],[33.589162,-16.203172],[33.589159,-16.202087]],[[33.593088,-16.202077],[33.593369,-16.202076],[33.59337,-16.202347],[33.593089,-16.202348],[33.593088,-16.202077]],[[33.587756,-16.202363],[33.588037,-16.202362],[33.588319,-16.202903],[33.588881,-16.202902],[33.588882,-16.203444],[33.588602,-16.203445],[33.588602,-16.203716],[33.588041,-16.203718],[33.58804,-16.203447],[33.58776,-16.203447],[33.587761,-16.20399],[33.586639,-16.204264],[33.586637,-16.20345],[33.586356,-16.203451],[33.586356,-16.20318],[33.586636,-16.203179],[33.586915,-16.202636],[33.587757,-16.202634],[33.587756,-16.202363]],[[33.597299,-16.202336],[33.59786,-16.202334],[33.597862,-16.202877],[33.597301,-16.202878],[33.597299,-16.202336]],[[33.596458,-16.202609],[33.597019,-16.202608],[33.59702,-16.202879],[33.596459,-16.202881],[33.596458,-16.202609]],[[33.59281,-16.202891],[33.593091,-16.20289],[33.593092,-16.203161],[33.592811,-16.203162],[33.59281,-16.202891]],[[33.594494,-16.202886],[33.594775,-16.202885],[33.594776,-16.203157],[33.594495,-16.203157],[33.594494,-16.202886]],[[33.593372,-16.203161],[33.593653,-16.20316],[33.593654,-16.203431],[33.593373,-16.203432],[33.593372,-16.203161]],[[33.593092,-16.203433],[33.593373,-16.203432],[33.593374,-16.203703],[33.593093,-16.203704],[33.593092,-16.203433]],[[33.594777,-16.203699],[33.595058,-16.203698],[33.595059,-16.203969],[33.594778,-16.20397],[33.594777,-16.203699]],[[33.587761,-16.20399],[33.588042,-16.203989],[33.588043,-16.20426],[33.587762,-16.204261],[33.587761,-16.20399]],[[33.593936,-16.203973],[33.594217,-16.203972],[33.594217,-16.204243],[33.593937,-16.204244],[33.593936,-16.203973]],[[33.595061,-16.204783],[33.595342,-16.204782],[33.595343,-16.205053],[33.595062,-16.205054],[33.595061,-16.204783]],[[33.586081,-16.20535],[33.586362,-16.20535],[33.586363,-16.205621],[33.586082,-16.205622],[33.586081,-16.20535]],[[33.590573,-16.205609],[33.590853,-16.205608],[33.590854,-16.205879],[33.590574,-16.20588],[33.590573,-16.205609]],[[33.591979,-16.20669],[33.59226,-16.206689],[33.592261,-16.20696],[33.59198,-16.206961],[33.591979,-16.20669]],[[33.589454,-16.206968],[33.589735,-16.206967],[33.589736,-16.20751],[33.589456,-16.207511],[33.589454,-16.206968]]]}},{"type":"Feature","properties":{"ano":2020,"camada":"urbano","area_km2":0.0027},"geometry":{"type":"Polygon","coordinates":[[[33.592544,-16.207773],[33.592546,-16.208316],[33.593107,-16.208314],[33.593106,-16.208043],[33.592544,-16.207773]]]}},{"type":"Feature","properties":{"ano":2020,"camada":"urbano","area_km2":0.009},"geometry":{"type":"Polygon","coordinates":[[[33.584403,-16.207253],[33.584404,-16.207525],[33.584123,-16.207525],[33.584125,-16.208339],[33.584686,-16.208066],[33.584688,-16.208609],[33.584968,-16.208608],[33.584965,-16.207523],[33.584403,-16.207253]]]}},{"type":"Feature","properties":{"ano":2020,"camada":"urbano","area_km2":0.0027},"geometry":{"type":"Polygon","coordinates":[[[33.591422,-16.208047],[33.591423,-16.208319],[33.591142,-16.208319],[33.591143,-16.208591],[33.591704,-16.208589],[33.591703,-16.208047],[33.591422,-16.208047]]]}},{"type":"Feature","properties":{"ano":2020,"camada":"urbano","area_km2":0.0018},"geometry":{"type":"Polygon","coordinates":[[[33.593668,-16.208312],[33.593669,-16.208584],[33.59423,-16.208582],[33.59423,-16.208311],[33.593668,-16.208312]]]}},{"type":"Feature","properties":{"ano":2020,"camada":"urbano","area_km2":0.0018},"geometry":{"type":"Polygon","coordinates":[[[33.580757,-16.208348],[33.580759,-16.20889],[33.58104,-16.20889],[33.581038,-16.208347],[33.580757,-16.208348]]]}},{"type":"Feature","properties":{"ano":2020,"camada":"urbano","area_km2":0.0009},"geometry":{"type":"Polygon","coordinates":[[[33.590582,-16.208592],[33.590583,-16.208863],[33.590863,-16.208863],[33.590862,-16.208591],[33.590582,-16.208592]]]}},{"type":"Feature","properties":{"ano":2020,"camada":"urbano","area_km2":0.0009},"geometry":{"type":"Polygon","coordinates":[[[33.586655,-16.209417],[33.586655,-16.209688],[33.586936,-16.209687],[33.586935,-16.209416],[33.586655,-16.209417]]]}},{"type":"Feature","properties":{"ano":2020,"camada":"urbano","area_km2":0.0009},"geometry":{"type":"Polygon","coordinates":[[[33.591427,-16.209675],[33.591428,-16.209946],[33.591708,-16.209945],[33.591708,-16.209674],[33.591427,-16.209675]]]}},{"type":"Feature","properties":{"ano":2020,"camada":"urbano","area_km2":0.0486},"geometry":{"type":"Polygon","coordinates":[[[33.586647,-16.206976],[33.586648,-16.207247],[33.586368,-16.207248],[33.586369,-16.20779],[33.585527,-16.207793],[33.585528,-16.208064],[33.585247,-16.208065],[33.585249,-16.208607],[33.584968,-16.208608],[33.584969,-16.208879],[33.58525,-16.208878],[33.585252,-16.209692],[33.585533,-16.209691],[33.585534,-16.210233],[33.585254,-16.210234],[33.585254,-16.210505],[33.586658,-16.210501],[33.586657,-16.21023],[33.586376,-16.210231],[33.586376,-16.20996],[33.586656,-16.209959],[33.586655,-16.209688],[33.586375,-16.209689],[33.586654,-16.209145],[33.586092,-16.208876],[33.58609,-16.208333],[33.586651,-16.208061],[33.586652,-16.208603],[33.586933,-16.208602],[33.586932,-16.208331],[33.587213,-16.20833],[33.587211,-16.207788],[33.587492,-16.207787],[33.58749,-16.207245],[33.586929,-16.207246],[33.586928,-16.206975],[33.586647,-16.206976]]]}},{"type":"Feature","properties":{"ano":2020,"camada":"urbano","area_km2":0.0054},"geometry":{"type":"Polygon","coordinates":[[[33.580201,-16.209977],[33.579922,-16.21052],[33.580202,-16.210519],[33.580203,-16.21079],[33.580764,-16.210789],[33.580763,-16.210246],[33.580201,-16.209977]]]}},{"type":"Feature","properties":{"ano":2020,"camada":"urbano","area_km2":0.0009},"geometry":{"type":"Polygon","coordinates":[[[33.586658,-16.210501],[33.586659,-16.210773],[33.586939,-16.210772],[33.586939,-16.210501],[33.586658,-16.210501]]]}},{"type":"Feature","properties":{"ano":2020,"camada":"urbano","area_km2":0.0081},"geometry":{"type":"Polygon","coordinates":[[[33.581044,-16.210517],[33.581047,-16.21133],[33.581608,-16.211329],[33.581607,-16.211058],[33.582168,-16.210785],[33.582167,-16.210514],[33.581044,-16.210517]]]}},{"type":"Feature","properties":{"ano":2020,"camada":"urbano","area_km2":0.0018},"geometry":{"type":"Polygon","coordinates":[[[33.543154,-16.210888],[33.543155,-16.211431],[33.543436,-16.21143],[33.543434,-16.210888],[33.543154,-16.210888]]]}},{"type":"Feature","properties":{"ano":2020,"camada":"urbano","area_km2":0.0036},"geometry":{"type":"Polygon","coordinates":[[[33.57908,-16.210793],[33.579082,-16.211336],[33.579643,-16.211334],[33.579642,-16.210792],[33.57908,-16.210793]]]}},{"type":"Feature","properties":{"ano":2020,"camada":"urbano","area_km2":0.0009},"geometry":{"type":"Polygon","coordinates":[[[33.578239,-16.211067],[33.57824,-16.211338],[33.578521,-16.211337],[33.57852,-16.211066],[33.578239,-16.211067]]]}},{"type":"Feature","properties":{"ano":2020,"camada":"urbano","area_km2":0.0117},"geometry":{"type":"Polygon","coordinates":[[[33.584412,-16.210508],[33.584415,-16.211321],[33.585539,-16.21186],[33.585818,-16.211317],[33.585257,-16.211319],[33.585255,-16.210777],[33.584975,-16.210777],[33.584974,-16.210506],[33.584412,-16.210508]]]}},{"type":"Feature","properties":{"ano":2020,"camada":"urbano","area_km2":0.0009},"geometry":{"type":"Polygon","coordinates":[[[33.590872,-16.211846],[33.590873,-16.212117],[33.591154,-16.212116],[33.591153,-16.211845],[33.590872,-16.211846]]]}},{"type":"Feature","properties":{"ano":2020,"camada":"urbano","area_km2":0.0027},"geometry":{"type":"Polygon","coordinates":[[[33.589189,-16.212122],[33.58919,-16.212664],[33.589752,-16.212662],[33.589751,-16.212391],[33.589189,-16.212122]]]}},{"type":"Feature","properties":{"ano":2020,"camada":"urbano","area_km2":0.0036},"geometry":{"type":"Polygon","coordinates":[[[33.5847,-16.212948],[33.584983,-16.213489],[33.585544,-16.213488],[33.585262,-16.212946],[33.5847,-16.212948]]]}},{"type":"Feature","properties":{"ano":2020,"camada":"urbano","area_km2":0.009},"geometry":{"type":"Polygon","coordinates":[[[33.611925,-16.2126],[33.612209,-16.213684],[33.612771,-16.213682],[33.612767,-16.212597],[33.611925,-16.2126]]]}},{"type":"Feature","properties":{"ano":2020,"camada":"urbano","area_km2":0.0027},"geometry":{"type":"Polygon","coordinates":[[[33.614734,-16.213134],[33.614736,-16.213676],[33.615297,-16.213675],[33.615296,-16.213404],[33.614734,-16.213134]]]}},{"type":"Feature","properties":{"ano":2020,"camada":"urbano","area_km2":0.0009},"geometry":{"type":"Polygon","coordinates":[[[33.535303,-16.214163],[33.535304,-16.214434],[33.535585,-16.214433],[33.535584,-16.214162],[33.535303,-16.214163]]]}},{"type":"Feature","properties":{"ano":2020,"camada":"urbano","area_km2":0.0009},"geometry":{"type":"Polygon","coordinates":[[[33.584985,-16.214303],[33.584986,-16.214574],[33.585266,-16.214573],[33.585266,-16.214302],[33.584985,-16.214303]]]}},{"type":"Feature","properties":{"ano":2020,"camada":"urbano","area_km2":0.0018},"geometry":{"type":"Polygon","coordinates":[[[33.585827,-16.2143],[33.585828,-16.214572],[33.586389,-16.21457],[33.586388,-16.214299],[33.585827,-16.2143]]]}},{"type":"Feature","properties":{"ano":2020,"camada":"urbano","area_km2":0.0018},"geometry":{"type":"Polygon","coordinates":[[[33.535585,-16.214433],[33.535586,-16.214976],[33.535867,-16.214975],[33.535865,-16.214432],[33.535585,-16.214433]]]}},{"type":"Feature","properties":{"ano":2020,"camada":"urbano","area_km2":0.0027},"geometry":{"type":"Polygon","coordinates":[[[33.585266,-16.214573],[33.585268,-16.215116],[33.585549,-16.215115],[33.585828,-16.214572],[33.585266,-16.214573]]]}},{"type":"Feature","properties":{"ano":2020,"camada":"urbano","area_km2":0.0018},"geometry":{"type":"Polygon","coordinates":[[[33.583866,-16.215662],[33.583868,-16.216204],[33.584149,-16.216203],[33.584147,-16.215661],[33.583866,-16.215662]]]}},{"type":"Feature","properties":{"ano":2020,"camada":"urbano","area_km2":0.0018},"geometry":{"type":"Polygon","coordinates":[[[33.582464,-16.216208],[33.582466,-16.21675],[33.582747,-16.21675],[33.582745,-16.216207],[33.582464,-16.216208]]]}},{"type":"Feature","properties":{"ano":2020,"camada":"urbano","area_km2":0.0009},"geometry":{"type":"Polygon","coordinates":[[[33.579945,-16.218385],[33.579945,-16.218656],[33.580226,-16.218655],[33.580225,-16.218384],[33.579945,-16.218385]]]}},{"type":"Feature","properties":{"ano":2020,"camada":"urbano","area_km2":0.0324},"geometry":{"type":"Polygon","coordinates":[[[33.581063,-16.216754],[33.581064,-16.217297],[33.580784,-16.217297],[33.580504,-16.217841],[33.580785,-16.21784],[33.580786,-16.218111],[33.581067,-16.21811],[33.581349,-16.218652],[33.58163,-16.218651],[33.581628,-16.218109],[33.58247,-16.218106],[33.582471,-16.218378],[33.58219,-16.218378],[33.582192,-16.218921],[33.582753,-16.218919],[33.582752,-16.218648],[33.583033,-16.218647],[33.583031,-16.217834],[33.583311,-16.217833],[33.58331,-16.217291],[33.583029,-16.217291],[33.58303,-16.217562],[33.582188,-16.217565],[33.581905,-16.217023],[33.581344,-16.217025],[33.581343,-16.216754],[33.581063,-16.216754]],[[33.581064,-16.217297],[33.581345,-16.217296],[33.581346,-16.217567],[33.581065,-16.217568],[33.581064,-16.217297]],[[33.581346,-16.217838],[33.581627,-16.217838],[33.581628,-16.218109],[33.581347,-16.218109],[33.581346,-16.217838]]]}},{"type":"Feature","properties":{"ano":2020,"camada":"urbano","area_km2":0.0009},"geometry":{"type":"Polygon","coordinates":[[[33.581911,-16.218922],[33.581912,-16.219193],[33.582193,-16.219192],[33.582192,-16.218921],[33.581911,-16.218922]]]}},{"type":"Feature","properties":{"ano":2020,"camada":"urbano","area_km2":0.0036},"geometry":{"type":"Polygon","coordinates":[[[33.581923,-16.222989],[33.581924,-16.223261],[33.581643,-16.223261],[33.581644,-16.223533],[33.582205,-16.223531],[33.582204,-16.22326],[33.582485,-16.223259],[33.582484,-16.222988],[33.581923,-16.222989]]]}},{"type":"Feature","properties":{"ano":2020,"camada":"urbano","area_km2":0.0324},"geometry":{"type":"Polygon","coordinates":[[[33.580795,-16.221094],[33.580795,-16.221365],[33.580515,-16.221366],[33.580518,-16.222451],[33.580237,-16.222452],[33.579958,-16.222995],[33.579116,-16.222997],[33.579118,-16.223539],[33.579398,-16.223539],[33.5794,-16.224081],[33.579681,-16.22408],[33.579681,-16.224352],[33.579401,-16.224352],[33.579402,-16.224895],[33.580244,-16.224892],[33.580244,-16.224621],[33.580524,-16.22462],[33.580523,-16.224078],[33.580242,-16.224079],[33.580239,-16.222994],[33.58052,-16.222993],[33.580519,-16.222722],[33.581079,-16.222449],[33.581078,-16.221907],[33.580797,-16.221908],[33.580796,-16.221637],[33.581077,-16.221636],[33.581075,-16.221093],[33.580795,-16.221094]]]}},{"type":"Feature","properties":{"ano":2020,"camada":"urbano","area_km2":0.0009},"geometry":{"type":"Polygon","coordinates":[[[33.578563,-16.225711],[33.578563,-16.225982],[33.578844,-16.225981],[33.578843,-16.22571],[33.578563,-16.225711]]]}},{"type":"Feature","properties":{"ano":2020,"camada":"urbano","area_km2":0.0009},"geometry":{"type":"Polygon","coordinates":[[[33.576886,-16.228427],[33.576887,-16.228698],[33.577168,-16.228698],[33.577167,-16.228426],[33.576886,-16.228427]]]}},{"type":"Feature","properties":{"ano":2020,"camada":"urbano","area_km2":0.0009},"geometry":{"type":"Polygon","coordinates":[[[33.580256,-16.228689],[33.580256,-16.22896],[33.580537,-16.22896],[33.580536,-16.228688],[33.580256,-16.228689]]]}},{"type":"Feature","properties":{"ano":2020,"camada":"urbano","area_km2":0.0342},"geometry":{"type":"Polygon","coordinates":[[[33.578844,-16.225981],[33.578846,-16.226523],[33.578285,-16.226796],[33.578009,-16.228424],[33.577448,-16.228697],[33.577449,-16.228968],[33.57773,-16.228967],[33.577731,-16.229238],[33.578292,-16.229237],[33.578293,-16.229508],[33.578574,-16.229507],[33.578573,-16.229236],[33.579135,-16.229506],[33.579134,-16.229235],[33.579696,-16.229233],[33.579695,-16.228962],[33.579976,-16.228961],[33.579975,-16.22869],[33.579413,-16.228691],[33.579414,-16.228963],[33.578853,-16.228964],[33.578852,-16.228693],[33.578571,-16.228694],[33.578569,-16.22788],[33.57885,-16.227879],[33.578848,-16.227337],[33.579129,-16.227336],[33.579125,-16.22598],[33.578844,-16.225981]]]}},{"type":"Feature","properties":{"ano":2020,"camada":"urbano","area_km2":0.0045},"geometry":{"type":"Polygon","coordinates":[[[33.59683,-16.232982],[33.596832,-16.233525],[33.597393,-16.233523],[33.597392,-16.233252],[33.597673,-16.233251],[33.597672,-16.23298],[33.59683,-16.232982]]]}},{"type":"Feature","properties":{"ano":2020,"camada":"urbano","area_km2":0.0081},"geometry":{"type":"Polygon","coordinates":[[[33.553326,-16.23527],[33.553327,-16.235541],[33.553046,-16.235542],[33.553048,-16.236355],[33.553611,-16.236625],[33.55389,-16.236082],[33.553609,-16.236083],[33.553607,-16.235269],[33.553326,-16.23527]]]}},{"type":"Feature","properties":{"ano":2020,"camada":"urbano","area_km2":0.0027},"geometry":{"type":"Polygon","coordinates":[[[33.657239,-16.249889],[33.65724,-16.250431],[33.657521,-16.25043],[33.6578,-16.249887],[33.657239,-16.249889]]]}},{"type":"Feature","properties":{"ano":2020,"camada":"urbano","area_km2":0.0009},"geometry":{"type":"Polygon","coordinates":[[[33.553936,-16.252625],[33.553937,-16.252896],[33.554218,-16.252895],[33.554217,-16.252624],[33.553936,-16.252625]]]}},{"type":"Feature","properties":{"ano":2020,"camada":"urbano","area_km2":0.0099},"geometry":{"type":"Polygon","coordinates":[[[33.552814,-16.252899],[33.552815,-16.25317],[33.552254,-16.253443],[33.552256,-16.253985],[33.551975,-16.253986],[33.551976,-16.254257],[33.552537,-16.254255],[33.552536,-16.253984],[33.552817,-16.253984],[33.552815,-16.253441],[33.553377,-16.25344],[33.553375,-16.252897],[33.552814,-16.252899]]]}},{"type":"Feature","properties":{"ano":2020,"camada":"urbano","area_km2":0.0009},"geometry":{"type":"Polygon","coordinates":[[[33.641546,-16.258615],[33.641547,-16.258886],[33.641828,-16.258885],[33.641827,-16.258614],[33.641546,-16.258615]]]}},{"type":"Feature","properties":{"ano":2020,"camada":"urbano","area_km2":0.0009},"geometry":{"type":"Polygon","coordinates":[[[33.647722,-16.258596],[33.647723,-16.258867],[33.648004,-16.258866],[33.648003,-16.258595],[33.647722,-16.258596]]]}},{"type":"Feature","properties":{"ano":2020,"camada":"urbano","area_km2":0.0009},"geometry":{"type":"Polygon","coordinates":[[[33.641828,-16.258885],[33.641828,-16.259156],[33.642109,-16.259156],[33.642108,-16.258884],[33.641828,-16.258885]]]}},{"type":"Feature","properties":{"ano":2020,"camada":"urbano","area_km2":0.0018},"geometry":{"type":"Polygon","coordinates":[[[33.60505,-16.258993],[33.605052,-16.259536],[33.605333,-16.259535],[33.605331,-16.258993],[33.60505,-16.258993]]]}},{"type":"Feature","properties":{"ano":2020,"camada":"urbano","area_km2":0.0018},"geometry":{"type":"Polygon","coordinates":[[[33.638181,-16.259981],[33.638183,-16.260523],[33.638464,-16.260523],[33.638462,-16.25998],[33.638181,-16.259981]]]}},{"type":"Feature","properties":{"ano":2020,"camada":"urbano","area_km2":0.0009},"geometry":{"type":"Polygon","coordinates":[[[33.703596,-16.260316],[33.703597,-16.260587],[33.703878,-16.260586],[33.703877,-16.260315],[33.703596,-16.260316]]]}},{"type":"Feature","properties":{"ano":2020,"camada":"urbano","area_km2":0.0081},"geometry":{"type":"Polygon","coordinates":[[[33.701349,-16.260053],[33.701352,-16.260866],[33.701633,-16.260865],[33.701634,-16.261136],[33.702196,-16.261134],[33.701911,-16.260051],[33.701349,-16.260053]]]}},{"type":"Feature","properties":{"ano":2020,"camada":"urbano","area_km2":0.0234},"geometry":{"type":"Polygon","coordinates":[[[33.600275,-16.258193],[33.600276,-16.258465],[33.599995,-16.258465],[33.599997,-16.259008],[33.599716,-16.259009],[33.599717,-16.25928],[33.599436,-16.259281],[33.599437,-16.259552],[33.598876,-16.259825],[33.598599,-16.26091],[33.598318,-16.260911],[33.598319,-16.261182],[33.598038,-16.261183],[33.597759,-16.261726],[33.598321,-16.261725],[33.59832,-16.261453],[33.59888,-16.261181],[33.598879,-16.260638],[33.599439,-16.260365],[33.599438,-16.259823],[33.599718,-16.259822],[33.599718,-16.259551],[33.599998,-16.25955],[33.599998,-16.259279],[33.600278,-16.259278],[33.600278,-16.259007],[33.600838,-16.258734],[33.600837,-16.258192],[33.600275,-16.258193]]]}},{"type":"Feature","properties":{"ano":2020,"camada":"urbano","area_km2":0.0036},"geometry":{"type":"Polygon","coordinates":[[[33.6059,-16.261432],[33.606182,-16.261973],[33.606744,-16.261972],[33.606461,-16.26143],[33.6059,-16.261432]]]}},{"type":"Feature","properties":{"ano":2020,"camada":"urbano","area_km2":0.0018},"geometry":{"type":"Polygon","coordinates":[[[33.671035,-16.261778],[33.671036,-16.262049],[33.671597,-16.262047],[33.671596,-16.261776],[33.671035,-16.261778]]]}},{"type":"Feature","properties":{"ano":2020,"camada":"urbano","area_km2":0.0036},"geometry":{"type":"Polygon","coordinates":[[[33.628923,-16.261907],[33.628925,-16.262449],[33.629486,-16.262448],[33.629484,-16.261905],[33.628923,-16.261907]]]}},{"type":"Feature","properties":{"ano":2020,"camada":"urbano","area_km2":0.0063},"geometry":{"type":"Polygon","coordinates":[[[33.67244,-16.262045],[33.672441,-16.262587],[33.672722,-16.262586],[33.672723,-16.262857],[33.673285,-16.262855],[33.673283,-16.262313],[33.673002,-16.262314],[33.673001,-16.262043],[33.67244,-16.262045]]]}},{"type":"Feature","properties":{"ano":2020,"camada":"urbano","area_km2":0.0081},"geometry":{"type":"Polygon","coordinates":[[[33.703883,-16.261942],[33.703604,-16.262486],[33.703885,-16.262485],[33.703886,-16.262756],[33.704728,-16.262753],[33.704726,-16.262211],[33.704445,-16.262212],[33.704444,-16.261941],[33.703883,-16.261942]]]}},{"type":"Feature","properties":{"ano":2020,"camada":"urbano","area_km2":0.0009},"geometry":{"type":"Polygon","coordinates":[[[33.673847,-16.263125],[33.673848,-16.263396],[33.674129,-16.263395],[33.674128,-16.263124],[33.673847,-16.263125]]]}},{"type":"Feature","properties":{"ano":2020,"camada":"urbano","area_km2":0.0036},"geometry":{"type":"Polygon","coordinates":[[[33.620506,-16.263559],[33.620507,-16.264101],[33.621069,-16.2641],[33.621067,-16.263557],[33.620506,-16.263559]]]}},{"type":"Feature","properties":{"ano":2020,"camada":"urbano","area_km2":0.0018},"geometry":{"type":"Polygon","coordinates":[[[33.67076,-16.263406],[33.670761,-16.263948],[33.671042,-16.263947],[33.67104,-16.263405],[33.67076,-16.263406]]]}},{"type":"Feature","properties":{"ano":2020,"camada":"urbano","area_km2":0.0009},"geometry":{"type":"Polygon","coordinates":[[[33.675253,-16.263934],[33.675254,-16.264205],[33.675535,-16.264204],[33.675534,-16.263933],[33.675253,-16.263934]]]}},{"type":"Feature","properties":{"ano":2020,"camada":"urbano","area_km2":0.0054},"geometry":{"type":"Polygon","coordinates":[[[33.675532,-16.263391],[33.675534,-16.263933],[33.675815,-16.263932],[33.675816,-16.264203],[33.676378,-16.264473],[33.676376,-16.26393],[33.676096,-16.263931],[33.676095,-16.26366],[33.675532,-16.263391]]]}},{"type":"Feature","properties":{"ano":2020,"camada":"urbano","area_km2":0.0027},"geometry":{"type":"Polygon","coordinates":[[[33.623317,-16.264636],[33.623317,-16.264907],[33.62388,-16.265176],[33.623878,-16.264634],[33.623317,-16.264636]]]}},{"type":"Feature","properties":{"ano":2020,"camada":"urbano","area_km2":0.0036},"geometry":{"type":"Polygon","coordinates":[[[33.675536,-16.264475],[33.675538,-16.265018],[33.676099,-16.265016],[33.676098,-16.264474],[33.675536,-16.264475]]]}},{"type":"Feature","properties":{"ano":2020,"camada":"urbano","area_km2":0.0009},"geometry":{"type":"Polygon","coordinates":[[[33.593278,-16.265535],[33.593279,-16.265807],[33.59356,-16.265806],[33.593559,-16.265535],[33.593278,-16.265535]]]}},{"type":"Feature","properties":{"ano":2020,"camada":"urbano","area_km2":0.0027},"geometry":{"type":"Polygon","coordinates":[[[33.794865,-16.267044],[33.794867,-16.267587],[33.795147,-16.267586],[33.795426,-16.267042],[33.794865,-16.267044]]]}},{"type":"Feature","properties":{"ano":2020,"camada":"urbano","area_km2":0.0009},"geometry":{"type":"Polygon","coordinates":[[[33.582342,-16.269905],[33.582343,-16.270176],[33.582623,-16.270175],[33.582623,-16.269904],[33.582342,-16.269905]]]}},{"type":"Feature","properties":{"ano":2020,"camada":"urbano","area_km2":0.0009},"geometry":{"type":"Polygon","coordinates":[[[33.582062,-16.270177],[33.582063,-16.270448],[33.582343,-16.270447],[33.582343,-16.270176],[33.582062,-16.270177]]]}},{"type":"Feature","properties":{"ano":2020,"camada":"urbano","area_km2":0.0009},"geometry":{"type":"Polygon","coordinates":[[[33.584869,-16.270169],[33.58487,-16.27044],[33.585151,-16.27044],[33.58515,-16.270168],[33.584869,-16.270169]]]}},{"type":"Feature","properties":{"ano":2020,"camada":"urbano","area_km2":0.0009},"geometry":{"type":"Polygon","coordinates":[[[33.585151,-16.27044],[33.585152,-16.270711],[33.585433,-16.27071],[33.585432,-16.270439],[33.585151,-16.27044]]]}},{"type":"Feature","properties":{"ano":2020,"camada":"urbano","area_km2":0.0054},"geometry":{"type":"Polygon","coordinates":[[[33.552307,-16.272426],[33.552308,-16.272697],[33.551746,-16.272699],[33.551748,-16.273241],[33.552309,-16.27324],[33.552309,-16.272969],[33.552589,-16.272968],[33.552588,-16.272425],[33.552307,-16.272426]]]}},{"type":"Feature","properties":{"ano":2020,"camada":"urbano","area_km2":0.0045},"geometry":{"type":"Polygon","coordinates":[[[33.523391,-16.273584],[33.523112,-16.274127],[33.523674,-16.274397],[33.523953,-16.273854],[33.523391,-16.273584]]]}},{"type":"Feature","properties":{"ano":2020,"camada":"urbano","area_km2":0.0018},"geometry":{"type":"Polygon","coordinates":[[[33.550067,-16.274602],[33.550068,-16.274873],[33.550629,-16.274871],[33.550628,-16.2746],[33.550067,-16.274602]]]}},{"type":"Feature","properties":{"ano":2020,"camada":"urbano","area_km2":0.018},"geometry":{"type":"Polygon","coordinates":[[[33.551469,-16.273784],[33.551469,-16.274055],[33.551189,-16.274056],[33.55119,-16.274599],[33.550909,-16.274599],[33.55091,-16.274871],[33.550349,-16.275143],[33.550632,-16.275685],[33.551193,-16.275683],[33.551192,-16.275412],[33.551754,-16.275411],[33.551753,-16.27514],[33.552034,-16.275139],[33.552033,-16.274868],[33.551752,-16.274868],[33.551749,-16.273784],[33.551469,-16.273784]]]}},{"type":"Feature","properties":{"ano":2020,"camada":"urbano","area_km2":0.0063},"geometry":{"type":"Polygon","coordinates":[[[33.717421,-16.278982],[33.717422,-16.279253],[33.71686,-16.279255],[33.717143,-16.279796],[33.717704,-16.279794],[33.717703,-16.279523],[33.717984,-16.279522],[33.717983,-16.279251],[33.717421,-16.278982]]]}},{"type":"Feature","properties":{"ano":2020,"camada":"urbano","area_km2":0.0009},"geometry":{"type":"Polygon","coordinates":[[[33.680642,-16.279646],[33.680643,-16.279917],[33.680924,-16.279916],[33.680923,-16.279645],[33.680642,-16.279646]]]}},{"type":"Feature","properties":{"ano":2020,"camada":"urbano","area_km2":0.0018},"geometry":{"type":"Polygon","coordinates":[[[33.60933,-16.281219],[33.609332,-16.281761],[33.609612,-16.281761],[33.609611,-16.281218],[33.60933,-16.281219]]]}},{"type":"Feature","properties":{"ano":2020,"camada":"urbano","area_km2":0.018},"geometry":{"type":"Polygon","coordinates":[[[33.713213,-16.280081],[33.713216,-16.280894],[33.712655,-16.281167],[33.712657,-16.28171],[33.712938,-16.281709],[33.712939,-16.28198],[33.714062,-16.281976],[33.71406,-16.281434],[33.713779,-16.281435],[33.713776,-16.280621],[33.713496,-16.280622],[33.713775,-16.280079],[33.713213,-16.280081]],[[33.713216,-16.280894],[33.713497,-16.280893],[33.713498,-16.281165],[33.713217,-16.281166],[33.713216,-16.280894]]]}},{"type":"Feature","properties":{"ano":2020,"camada":"urbano","area_km2":0.0045},"geometry":{"type":"Polygon","coordinates":[[[33.543911,-16.282211],[33.543913,-16.283024],[33.544194,-16.283024],[33.544193,-16.282753],[33.544474,-16.282752],[33.544473,-16.282209],[33.543911,-16.282211]]]}},{"type":"Feature","properties":{"ano":2020,"camada":"urbano","area_km2":0.0081},"geometry":{"type":"Polygon","coordinates":[[[33.543072,-16.283298],[33.543072,-16.283569],[33.542792,-16.28357],[33.542793,-16.284112],[33.543355,-16.284382],[33.543355,-16.284111],[33.543635,-16.28411],[33.543633,-16.283296],[33.543072,-16.283298]]]}},{"type":"Feature","properties":{"ano":2020,"camada":"urbano","area_km2":0.0054},"geometry":{"type":"Polygon","coordinates":[[[33.542238,-16.286554],[33.542239,-16.286825],[33.541958,-16.286826],[33.54196,-16.287369],[33.542521,-16.287367],[33.54252,-16.287096],[33.542801,-16.287095],[33.5428,-16.286824],[33.542238,-16.286554]]]}},{"type":"Feature","properties":{"ano":2020,"camada":"urbano","area_km2":0.0018},"geometry":{"type":"Polygon","coordinates":[[[33.5414,-16.287912],[33.541401,-16.288455],[33.541682,-16.288454],[33.54168,-16.287912],[33.5414,-16.287912]]]}},{"type":"Feature","properties":{"ano":2020,"camada":"urbano","area_km2":0.0009},"geometry":{"type":"Polygon","coordinates":[[[33.673935,-16.288888],[33.673936,-16.289159],[33.674217,-16.289158],[33.674216,-16.288887],[33.673935,-16.288888]]]}},{"type":"Feature","properties":{"ano":2020,"camada":"urbano","area_km2":0.0009},"geometry":{"type":"Polygon","coordinates":[[[33.676181,-16.28888],[33.676182,-16.289152],[33.676463,-16.289151],[33.676462,-16.28888],[33.676181,-16.28888]]]}},{"type":"Feature","properties":{"ano":2020,"camada":"urbano","area_km2":0.0099},"geometry":{"type":"Polygon","coordinates":[[[33.503792,-16.295056],[33.503793,-16.295599],[33.503231,-16.295329],[33.503232,-16.295871],[33.503513,-16.295871],[33.503234,-16.296414],[33.504076,-16.296412],[33.503794,-16.29587],[33.504075,-16.295869],[33.504073,-16.295327],[33.504354,-16.295326],[33.504353,-16.295055],[33.503792,-16.295056]]]}},{"type":"Feature","properties":{"ano":2020,"camada":"urbano","area_km2":0.0009},"geometry":{"type":"Polygon","coordinates":[[[33.504638,-16.29641],[33.504638,-16.296682],[33.504919,-16.296681],[33.504918,-16.29641],[33.504638,-16.29641]]]}},{"type":"Feature","properties":{"ano":2020,"camada":"urbano","area_km2":0.0027},"geometry":{"type":"Polygon","coordinates":[[[33.504076,-16.296412],[33.504077,-16.296954],[33.504639,-16.296953],[33.504638,-16.296682],[33.504076,-16.296412]]]}},{"type":"Feature","properties":{"ano":2020,"camada":"urbano","area_km2":0.0009},"geometry":{"type":"Polygon","coordinates":[[[33.636333,-16.296326],[33.636334,-16.296597],[33.636615,-16.296597],[33.636614,-16.296325],[33.636333,-16.296326]]]}},{"type":"Feature","properties":{"ano":2020,"camada":"urbano","area_km2":0.0009},"geometry":{"type":"Polygon","coordinates":[[[33.643072,-16.296306],[33.643073,-16.296577],[33.643354,-16.296576],[33.643353,-16.296305],[33.643072,-16.296306]]]}},{"type":"Feature","properties":{"ano":2020,"camada":"urbano","area_km2":0.0009},"geometry":{"type":"Polygon","coordinates":[[[33.643354,-16.296576],[33.643355,-16.296847],[33.643636,-16.296846],[33.643635,-16.296575],[33.643354,-16.296576]]]}},{"type":"Feature","properties":{"ano":2020,"camada":"urbano","area_km2":0.0081},"geometry":{"type":"Polygon","coordinates":[[[33.539187,-16.300393],[33.539188,-16.300664],[33.538907,-16.300665],[33.538909,-16.301479],[33.539471,-16.301477],[33.53947,-16.300935],[33.53975,-16.300934],[33.539749,-16.300392],[33.539187,-16.300393]]]}},{"type":"Feature","properties":{"ano":2020,"camada":"urbano","area_km2":0.0045},"geometry":{"type":"Polygon","coordinates":[[[33.525431,-16.301784],[33.525432,-16.302055],[33.525151,-16.302056],[33.525153,-16.302598],[33.525434,-16.302597],[33.525433,-16.302326],[33.525994,-16.302053],[33.525993,-16.301782],[33.525431,-16.301784]]]}},{"type":"Feature","properties":{"ano":2020,"camada":"urbano","area_km2":0.0027},"geometry":{"type":"Polygon","coordinates":[[[33.52403,-16.302872],[33.524032,-16.303414],[33.524312,-16.303414],[33.524592,-16.30287],[33.52403,-16.302872]]]}},{"type":"Feature","properties":{"ano":2020,"camada":"urbano","area_km2":0.0081},"geometry":{"type":"Polygon","coordinates":[[[33.739968,-16.301955],[33.73997,-16.302497],[33.73969,-16.302498],[33.739691,-16.302769],[33.739971,-16.302769],[33.739972,-16.30304],[33.740534,-16.303038],[33.74053,-16.301953],[33.739968,-16.301955]]]}},{"type":"Feature","properties":{"ano":2020,"camada":"urbano","area_km2":0.0018},"geometry":{"type":"Polygon","coordinates":[[[33.58807,-16.307856],[33.588071,-16.308127],[33.588633,-16.308126],[33.588632,-16.307854],[33.58807,-16.307856]]]}},{"type":"Feature","properties":{"ano":2020,"camada":"urbano","area_km2":0.0009},"geometry":{"type":"Polygon","coordinates":[[[33.523487,-16.309924],[33.523488,-16.310195],[33.523769,-16.310195],[33.523768,-16.309924],[33.523487,-16.309924]]]}},{"type":"Feature","properties":{"ano":2020,"camada":"urbano","area_km2":0.0153},"geometry":{"type":"Polygon","coordinates":[[[33.743944,-16.313602],[33.743945,-16.313873],[33.743383,-16.313875],[33.743666,-16.314416],[33.743104,-16.314418],[33.743105,-16.31469],[33.742824,-16.314691],[33.742826,-16.315233],[33.743107,-16.315232],[33.743108,-16.315503],[33.743389,-16.315502],[33.743388,-16.315231],[33.743949,-16.314958],[33.743947,-16.314416],[33.744227,-16.314415],[33.744224,-16.313601],[33.743944,-16.313602]]]}},{"type":"Feature","properties":{"ano":2020,"camada":"urbano","area_km2":0.0018},"geometry":{"type":"Polygon","coordinates":[[[33.553837,-16.31744],[33.553838,-16.317712],[33.5544,-16.31771],[33.554399,-16.317439],[33.553837,-16.31744]]]}},{"type":"Feature","properties":{"ano":2020,"camada":"urbano","area_km2":0.0018},"geometry":{"type":"Polygon","coordinates":[[[33.69658,-16.34034],[33.696581,-16.340611],[33.697142,-16.340609],[33.697141,-16.340338],[33.69658,-16.34034]]]}},{"type":"Feature","properties":{"ano":2020,"camada":"urbano","area_km2":0.0009},"geometry":{"type":"Polygon","coordinates":[[[33.6963,-16.340612],[33.696301,-16.340883],[33.696582,-16.340882],[33.696581,-16.340611],[33.6963,-16.340612]]]}}]}