ano,unidade,variante_mascara,classe,soma_radiancia_aoi_total,soma_radiancia_piso_por_area,soma_radiancia_teto_por_presenca,share_piso,share_teto,razao_teto_sobre_piso,fracao_area_aoi_da_classe,n_pixels_luz_com_a_classe,n_pixels_luz_total,ano_mascara_usada,distancia_anos_ate_ancora,selo,janela_homogenea_E4,catraca_R2_na_classe,fracao_estoque_urbano_herdada_da_uniao,acuracia_usuario_construido_do_ano_ancora,nota
2000,tete_aoi,mascara_ancora_mais_proxima,industrial,400.007,0.0,0.0,0.0,0.0,,0.0,0,10452,2000,0,observado (luz) / classificado (mascara do proprio ano),False,False,,,"Decomposicao de §2.3, executada sob docs/ADR/0015 decisao 4. NAO e particao unica: piso e teto sao as duas envoltorias de uma reparticao sub-pixel indeterminada (luz ~500 m x camadas 30 m, ~278 pixels de camada por pixel de luz). Publicar SEMPRE os dois. `urbano` herda a catraca R2 (ADR 0013; fracao herdada ate 18,0 % em 2025) e a comissao medida em `construido`: acurácia do usuário de `construido` = 0,286–0,625 (docs/ADR/0009; reexecutado em docs/ADR/0014): entre 37,5 % e 71,4 % do que o mapa chama de construído não é. Essa comissao entra inteira na parcela de luz atribuida a urbano. `industrial` e `reassentamento` nao tem R2 (ADR 0014), mas o limiar de `industrial` foi calibrado contra Maus em 2020. Fora dos seis anos-ancora a mascara e de outro ano: selo `interpolado`. Nenhuma quebra anual pode ser lida nesta tabela."
2000,tete_aoi,mascara_ancora_mais_proxima,urbano,400.007,186.994,359.134,0.46748,0.89782,1.92,0.00554,280,10452,2000,0,observado (luz) / classificado (mascara do proprio ano),False,True,0.0,0.5238,"Decomposicao de §2.3, executada sob docs/ADR/0015 decisao 4. NAO e particao unica: piso e teto sao as duas envoltorias de uma reparticao sub-pixel indeterminada (luz ~500 m x camadas 30 m, ~278 pixels de camada por pixel de luz). Publicar SEMPRE os dois. `urbano` herda a catraca R2 (ADR 0013; fracao herdada ate 18,0 % em 2025) e a comissao medida em `construido`: acurácia do usuário de `construido` = 0,286–0,625 (docs/ADR/0009; reexecutado em docs/ADR/0014): entre 37,5 % e 71,4 % do que o mapa chama de construído não é. Essa comissao entra inteira na parcela de luz atribuida a urbano. `industrial` e `reassentamento` nao tem R2 (ADR 0014), mas o limiar de `industrial` foi calibrado contra Maus em 2020. Fora dos seis anos-ancora a mascara e de outro ano: selo `interpolado`. Nenhuma quebra anual pode ser lida nesta tabela."
2000,tete_aoi,mascara_ancora_mais_proxima,reassentamento,400.007,0.0,0.0,0.0,0.0,,0.0,0,10452,2000,0,observado (luz) / classificado (mascara do proprio ano),False,False,,,"Decomposicao de §2.3, executada sob docs/ADR/0015 decisao 4. NAO e particao unica: piso e teto sao as duas envoltorias de uma reparticao sub-pixel indeterminada (luz ~500 m x camadas 30 m, ~278 pixels de camada por pixel de luz). Publicar SEMPRE os dois. `urbano` herda a catraca R2 (ADR 0013; fracao herdada ate 18,0 % em 2025) e a comissao medida em `construido`: acurácia do usuário de `construido` = 0,286–0,625 (docs/ADR/0009; reexecutado em docs/ADR/0014): entre 37,5 % e 71,4 % do que o mapa chama de construído não é. Essa comissao entra inteira na parcela de luz atribuida a urbano. `industrial` e `reassentamento` nao tem R2 (ADR 0014), mas o limiar de `industrial` foi calibrado contra Maus em 2020. Fora dos seis anos-ancora a mascara e de outro ano: selo `interpolado`. Nenhuma quebra anual pode ser lida nesta tabela."
2000,tete_aoi,mascara_ancora_mais_proxima,resto,400.007,213.013,40.873,0.53252,0.10218,0.19,0.99446,10172,10452,2000,0,observado (luz) / classificado (mascara do proprio ano),False,False,,,"Decomposicao de §2.3, executada sob docs/ADR/0015 decisao 4. NAO e particao unica: piso e teto sao as duas envoltorias de uma reparticao sub-pixel indeterminada (luz ~500 m x camadas 30 m, ~278 pixels de camada por pixel de luz). Publicar SEMPRE os dois. `urbano` herda a catraca R2 (ADR 0013; fracao herdada ate 18,0 % em 2025) e a comissao medida em `construido`: acurácia do usuário de `construido` = 0,286–0,625 (docs/ADR/0009; reexecutado em docs/ADR/0014): entre 37,5 % e 71,4 % do que o mapa chama de construído não é. Essa comissao entra inteira na parcela de luz atribuida a urbano. `industrial` e `reassentamento` nao tem R2 (ADR 0014), mas o limiar de `industrial` foi calibrado contra Maus em 2020. Fora dos seis anos-ancora a mascara e de outro ano: selo `interpolado`. Nenhuma quebra anual pode ser lida nesta tabela."
2000,tete_aoi,mascara_fixa_2020,industrial,400.007,6.293,20.198,0.01573,0.05049,3.21,0.01664,435,10452,2020,20,"interpolado (mascara de outro ano-ancora, nao do ano)",False,False,,,"Decomposicao de §2.3, executada sob docs/ADR/0015 decisao 4. NAO e particao unica: piso e teto sao as duas envoltorias de uma reparticao sub-pixel indeterminada (luz ~500 m x camadas 30 m, ~278 pixels de camada por pixel de luz). Publicar SEMPRE os dois. `urbano` herda a catraca R2 (ADR 0013; fracao herdada ate 18,0 % em 2025) e a comissao medida em `construido`: acurácia do usuário de `construido` = 0,286–0,625 (docs/ADR/0009; reexecutado em docs/ADR/0014): entre 37,5 % e 71,4 % do que o mapa chama de construído não é. Essa comissao entra inteira na parcela de luz atribuida a urbano. `industrial` e `reassentamento` nao tem R2 (ADR 0014), mas o limiar de `industrial` foi calibrado contra Maus em 2020. Fora dos seis anos-ancora a mascara e de outro ano: selo `interpolado`. Nenhuma quebra anual pode ser lida nesta tabela."
2000,tete_aoi,mascara_fixa_2020,urbano,400.007,241.063,350.79,0.60265,0.87696,1.46,0.01582,528,10452,2020,20,"interpolado (mascara de outro ano-ancora, nao do ano)",False,True,0.127,0.4762,"Decomposicao de §2.3, executada sob docs/ADR/0015 decisao 4. NAO e particao unica: piso e teto sao as duas envoltorias de uma reparticao sub-pixel indeterminada (luz ~500 m x camadas 30 m, ~278 pixels de camada por pixel de luz). Publicar SEMPRE os dois. `urbano` herda a catraca R2 (ADR 0013; fracao herdada ate 18,0 % em 2025) e a comissao medida em `construido`: acurácia do usuário de `construido` = 0,286–0,625 (docs/ADR/0009; reexecutado em docs/ADR/0014): entre 37,5 % e 71,4 % do que o mapa chama de construído não é. Essa comissao entra inteira na parcela de luz atribuida a urbano. `industrial` e `reassentamento` nao tem R2 (ADR 0014), mas o limiar de `industrial` foi calibrado contra Maus em 2020. Fora dos seis anos-ancora a mascara e de outro ano: selo `interpolado`. Nenhuma quebra anual pode ser lida nesta tabela."
2000,tete_aoi,mascara_fixa_2020,reassentamento,400.007,0.0,0.0,0.0,0.0,,0.00028,28,10452,2020,20,"interpolado (mascara de outro ano-ancora, nao do ano)",False,False,,,"Decomposicao de §2.3, executada sob docs/ADR/0015 decisao 4. NAO e particao unica: piso e teto sao as duas envoltorias de uma reparticao sub-pixel indeterminada (luz ~500 m x camadas 30 m, ~278 pixels de camada por pixel de luz). Publicar SEMPRE os dois. `urbano` herda a catraca R2 (ADR 0013; fracao herdada ate 18,0 % em 2025) e a comissao medida em `construido`: acurácia do usuário de `construido` = 0,286–0,625 (docs/ADR/0009; reexecutado em docs/ADR/0014): entre 37,5 % e 71,4 % do que o mapa chama de construído não é. Essa comissao entra inteira na parcela de luz atribuida a urbano. `industrial` e `reassentamento` nao tem R2 (ADR 0014), mas o limiar de `industrial` foi calibrado contra Maus em 2020. Fora dos seis anos-ancora a mascara e de outro ano: selo `interpolado`. Nenhuma quebra anual pode ser lida nesta tabela."
2000,tete_aoi,mascara_fixa_2020,resto,400.007,152.652,29.02,0.38162,0.07255,0.19,0.96726,9461,10452,2020,20,"interpolado (mascara de outro ano-ancora, nao do ano)",False,False,,,"Decomposicao de §2.3, executada sob docs/ADR/0015 decisao 4. NAO e particao unica: piso e teto sao as duas envoltorias de uma reparticao sub-pixel indeterminada (luz ~500 m x camadas 30 m, ~278 pixels de camada por pixel de luz). Publicar SEMPRE os dois. `urbano` herda a catraca R2 (ADR 0013; fracao herdada ate 18,0 % em 2025) e a comissao medida em `construido`: acurácia do usuário de `construido` = 0,286–0,625 (docs/ADR/0009; reexecutado em docs/ADR/0014): entre 37,5 % e 71,4 % do que o mapa chama de construído não é. Essa comissao entra inteira na parcela de luz atribuida a urbano. `industrial` e `reassentamento` nao tem R2 (ADR 0014), mas o limiar de `industrial` foi calibrado contra Maus em 2020. Fora dos seis anos-ancora a mascara e de outro ano: selo `interpolado`. Nenhuma quebra anual pode ser lida nesta tabela."
2005,tete_aoi,mascara_ancora_mais_proxima,industrial,410.59,0.0,0.0,0.0,0.0,,0.0,0,10452,2005,0,observado (luz) / classificado (mascara do proprio ano),False,False,,,"Decomposicao de §2.3, executada sob docs/ADR/0015 decisao 4. NAO e particao unica: piso e teto sao as duas envoltorias de uma reparticao sub-pixel indeterminada (luz ~500 m x camadas 30 m, ~278 pixels de camada por pixel de luz). Publicar SEMPRE os dois. `urbano` herda a catraca R2 (ADR 0013; fracao herdada ate 18,0 % em 2025) e a comissao medida em `construido`: acurácia do usuário de `construido` = 0,286–0,625 (docs/ADR/0009; reexecutado em docs/ADR/0014): entre 37,5 % e 71,4 % do que o mapa chama de construído não é. Essa comissao entra inteira na parcela de luz atribuida a urbano. `industrial` e `reassentamento` nao tem R2 (ADR 0014), mas o limiar de `industrial` foi calibrado contra Maus em 2020. Fora dos seis anos-ancora a mascara e de outro ano: selo `interpolado`. Nenhuma quebra anual pode ser lida nesta tabela."
2005,tete_aoi,mascara_ancora_mais_proxima,urbano,410.59,144.096,314.669,0.35095,0.76638,2.18,0.00821,393,10452,2005,0,observado (luz) / classificado (mascara do proprio ano),False,True,0.0,0.6087,"Decomposicao de §2.3, executada sob docs/ADR/0015 decisao 4. NAO e particao unica: piso e teto sao as duas envoltorias de uma reparticao sub-pixel indeterminada (luz ~500 m x camadas 30 m, ~278 pixels de camada por pixel de luz). Publicar SEMPRE os dois. `urbano` herda a catraca R2 (ADR 0013; fracao herdada ate 18,0 % em 2025) e a comissao medida em `construido`: acurácia do usuário de `construido` = 0,286–0,625 (docs/ADR/0009; reexecutado em docs/ADR/0014): entre 37,5 % e 71,4 % do que o mapa chama de construído não é. Essa comissao entra inteira na parcela de luz atribuida a urbano. `industrial` e `reassentamento` nao tem R2 (ADR 0014), mas o limiar de `industrial` foi calibrado contra Maus em 2020. Fora dos seis anos-ancora a mascara e de outro ano: selo `interpolado`. Nenhuma quebra anual pode ser lida nesta tabela."
2005,tete_aoi,mascara_ancora_mais_proxima,reassentamento,410.59,0.0,0.0,0.0,0.0,,0.0,0,10452,2005,0,observado (luz) / classificado (mascara do proprio ano),False,False,,,"Decomposicao de §2.3, executada sob docs/ADR/0015 decisao 4. NAO e particao unica: piso e teto sao as duas envoltorias de uma reparticao sub-pixel indeterminada (luz ~500 m x camadas 30 m, ~278 pixels de camada por pixel de luz). Publicar SEMPRE os dois. `urbano` herda a catraca R2 (ADR 0013; fracao herdada ate 18,0 % em 2025) e a comissao medida em `construido`: acurácia do usuário de `construido` = 0,286–0,625 (docs/ADR/0009; reexecutado em docs/ADR/0014): entre 37,5 % e 71,4 % do que o mapa chama de construído não é. Essa comissao entra inteira na parcela de luz atribuida a urbano. `industrial` e `reassentamento` nao tem R2 (ADR 0014), mas o limiar de `industrial` foi calibrado contra Maus em 2020. Fora dos seis anos-ancora a mascara e de outro ano: selo `interpolado`. Nenhuma quebra anual pode ser lida nesta tabela."
2005,tete_aoi,mascara_ancora_mais_proxima,resto,410.59,266.494,95.921,0.64905,0.23362,0.36,0.99179,10059,10452,2005,0,observado (luz) / classificado (mascara do proprio ano),False,False,,,"Decomposicao de §2.3, executada sob docs/ADR/0015 decisao 4. NAO e particao unica: piso e teto sao as duas envoltorias de uma reparticao sub-pixel indeterminada (luz ~500 m x camadas 30 m, ~278 pixels de camada por pixel de luz). Publicar SEMPRE os dois. `urbano` herda a catraca R2 (ADR 0013; fracao herdada ate 18,0 % em 2025) e a comissao medida em `construido`: acurácia do usuário de `construido` = 0,286–0,625 (docs/ADR/0009; reexecutado em docs/ADR/0014): entre 37,5 % e 71,4 % do que o mapa chama de construído não é. Essa comissao entra inteira na parcela de luz atribuida a urbano. `industrial` e `reassentamento` nao tem R2 (ADR 0014), mas o limiar de `industrial` foi calibrado contra Maus em 2020. Fora dos seis anos-ancora a mascara e de outro ano: selo `interpolado`. Nenhuma quebra anual pode ser lida nesta tabela."
2005,tete_aoi,mascara_fixa_2020,industrial,410.59,0.0,0.0,0.0,0.0,,0.01664,435,10452,2020,15,"interpolado (mascara de outro ano-ancora, nao do ano)",False,False,,,"Decomposicao de §2.3, executada sob docs/ADR/0015 decisao 4. NAO e particao unica: piso e teto sao as duas envoltorias de uma reparticao sub-pixel indeterminada (luz ~500 m x camadas 30 m, ~278 pixels de camada por pixel de luz). Publicar SEMPRE os dois. `urbano` herda a catraca R2 (ADR 0013; fracao herdada ate 18,0 % em 2025) e a comissao medida em `construido`: acurácia do usuário de `construido` = 0,286–0,625 (docs/ADR/0009; reexecutado em docs/ADR/0014): entre 37,5 % e 71,4 % do que o mapa chama de construído não é. Essa comissao entra inteira na parcela de luz atribuida a urbano. `industrial` e `reassentamento` nao tem R2 (ADR 0014), mas o limiar de `industrial` foi calibrado contra Maus em 2020. Fora dos seis anos-ancora a mascara e de outro ano: selo `interpolado`. Nenhuma quebra anual pode ser lida nesta tabela."
2005,tete_aoi,mascara_fixa_2020,urbano,410.59,206.93,336.147,0.50398,0.81869,1.62,0.01582,528,10452,2020,15,"interpolado (mascara de outro ano-ancora, nao do ano)",False,True,0.127,0.4762,"Decomposicao de §2.3, executada sob docs/ADR/0015 decisao 4. NAO e particao unica: piso e teto sao as duas envoltorias de uma reparticao sub-pixel indeterminada (luz ~500 m x camadas 30 m, ~278 pixels de camada por pixel de luz). Publicar SEMPRE os dois. `urbano` herda a catraca R2 (ADR 0013; fracao herdada ate 18,0 % em 2025) e a comissao medida em `construido`: acurácia do usuário de `construido` = 0,286–0,625 (docs/ADR/0009; reexecutado em docs/ADR/0014): entre 37,5 % e 71,4 % do que o mapa chama de construído não é. Essa comissao entra inteira na parcela de luz atribuida a urbano. `industrial` e `reassentamento` nao tem R2 (ADR 0014), mas o limiar de `industrial` foi calibrado contra Maus em 2020. Fora dos seis anos-ancora a mascara e de outro ano: selo `interpolado`. Nenhuma quebra anual pode ser lida nesta tabela."
2005,tete_aoi,mascara_fixa_2020,reassentamento,410.59,0.0,0.0,0.0,0.0,,0.00028,28,10452,2020,15,"interpolado (mascara de outro ano-ancora, nao do ano)",False,False,,,"Decomposicao de §2.3, executada sob docs/ADR/0015 decisao 4. NAO e particao unica: piso e teto sao as duas envoltorias de uma reparticao sub-pixel indeterminada (luz ~500 m x camadas 30 m, ~278 pixels de camada por pixel de luz). Publicar SEMPRE os dois. `urbano` herda a catraca R2 (ADR 0013; fracao herdada ate 18,0 % em 2025) e a comissao medida em `construido`: acurácia do usuário de `construido` = 0,286–0,625 (docs/ADR/0009; reexecutado em docs/ADR/0014): entre 37,5 % e 71,4 % do que o mapa chama de construído não é. Essa comissao entra inteira na parcela de luz atribuida a urbano. `industrial` e `reassentamento` nao tem R2 (ADR 0014), mas o limiar de `industrial` foi calibrado contra Maus em 2020. Fora dos seis anos-ancora a mascara e de outro ano: selo `interpolado`. Nenhuma quebra anual pode ser lida nesta tabela."
2005,tete_aoi,mascara_fixa_2020,resto,410.59,203.66,74.443,0.49602,0.18131,0.37,0.96726,9461,10452,2020,15,"interpolado (mascara de outro ano-ancora, nao do ano)",False,False,,,"Decomposicao de §2.3, executada sob docs/ADR/0015 decisao 4. NAO e particao unica: piso e teto sao as duas envoltorias de uma reparticao sub-pixel indeterminada (luz ~500 m x camadas 30 m, ~278 pixels de camada por pixel de luz). Publicar SEMPRE os dois. `urbano` herda a catraca R2 (ADR 0013; fracao herdada ate 18,0 % em 2025) e a comissao medida em `construido`: acurácia do usuário de `construido` = 0,286–0,625 (docs/ADR/0009; reexecutado em docs/ADR/0014): entre 37,5 % e 71,4 % do que o mapa chama de construído não é. Essa comissao entra inteira na parcela de luz atribuida a urbano. `industrial` e `reassentamento` nao tem R2 (ADR 0014), mas o limiar de `industrial` foi calibrado contra Maus em 2020. Fora dos seis anos-ancora a mascara e de outro ano: selo `interpolado`. Nenhuma quebra anual pode ser lida nesta tabela."
2008,tete_aoi,mascara_ancora_mais_proxima,industrial,862.931,4.07,18.76,0.00472,0.02174,4.61,0.00298,234,10452,2010,2,"interpolado (mascara de outro ano-ancora, nao do ano)",False,False,,,"Decomposicao de §2.3, executada sob docs/ADR/0015 decisao 4. NAO e particao unica: piso e teto sao as duas envoltorias de uma reparticao sub-pixel indeterminada (luz ~500 m x camadas 30 m, ~278 pixels de camada por pixel de luz). Publicar SEMPRE os dois. `urbano` herda a catraca R2 (ADR 0013; fracao herdada ate 18,0 % em 2025) e a comissao medida em `construido`: acurácia do usuário de `construido` = 0,286–0,625 (docs/ADR/0009; reexecutado em docs/ADR/0014): entre 37,5 % e 71,4 % do que o mapa chama de construído não é. Essa comissao entra inteira na parcela de luz atribuida a urbano. `industrial` e `reassentamento` nao tem R2 (ADR 0014), mas o limiar de `industrial` foi calibrado contra Maus em 2020. Fora dos seis anos-ancora a mascara e de outro ano: selo `interpolado`. Nenhuma quebra anual pode ser lida nesta tabela."
2008,tete_aoi,mascara_ancora_mais_proxima,urbano,862.931,389.578,732.564,0.45146,0.84892,1.88,0.01129,447,10452,2010,2,"interpolado (mascara de outro ano-ancora, nao do ano)",False,True,0.034,0.2857,"Decomposicao de §2.3, executada sob docs/ADR/0015 decisao 4. NAO e particao unica: piso e teto sao as duas envoltorias de uma reparticao sub-pixel indeterminada (luz ~500 m x camadas 30 m, ~278 pixels de camada por pixel de luz). Publicar SEMPRE os dois. `urbano` herda a catraca R2 (ADR 0013; fracao herdada ate 18,0 % em 2025) e a comissao medida em `construido`: acurácia do usuário de `construido` = 0,286–0,625 (docs/ADR/0009; reexecutado em docs/ADR/0014): entre 37,5 % e 71,4 % do que o mapa chama de construído não é. Essa comissao entra inteira na parcela de luz atribuida a urbano. `industrial` e `reassentamento` nao tem R2 (ADR 0014), mas o limiar de `industrial` foi calibrado contra Maus em 2020. Fora dos seis anos-ancora a mascara e de outro ano: selo `interpolado`. Nenhuma quebra anual pode ser lida nesta tabela."
2008,tete_aoi,mascara_ancora_mais_proxima,reassentamento,862.931,0.0,0.0,0.0,0.0,,0.00048,16,10452,2010,2,"interpolado (mascara de outro ano-ancora, nao do ano)",False,False,,,"Decomposicao de §2.3, executada sob docs/ADR/0015 decisao 4. NAO e particao unica: piso e teto sao as duas envoltorias de uma reparticao sub-pixel indeterminada (luz ~500 m x camadas 30 m, ~278 pixels de camada por pixel de luz). Publicar SEMPRE os dois. `urbano` herda a catraca R2 (ADR 0013; fracao herdada ate 18,0 % em 2025) e a comissao medida em `construido`: acurácia do usuário de `construido` = 0,286–0,625 (docs/ADR/0009; reexecutado em docs/ADR/0014): entre 37,5 % e 71,4 % do que o mapa chama de construído não é. Essa comissao entra inteira na parcela de luz atribuida a urbano. `industrial` e `reassentamento` nao tem R2 (ADR 0014), mas o limiar de `industrial` foi calibrado contra Maus em 2020. Fora dos seis anos-ancora a mascara e de outro ano: selo `interpolado`. Nenhuma quebra anual pode ser lida nesta tabela."
2008,tete_aoi,mascara_ancora_mais_proxima,resto,862.931,469.284,111.607,0.54383,0.12934,0.24,0.98525,9755,10452,2010,2,"interpolado (mascara de outro ano-ancora, nao do ano)",False,False,,,"Decomposicao de §2.3, executada sob docs/ADR/0015 decisao 4. NAO e particao unica: piso e teto sao as duas envoltorias de uma reparticao sub-pixel indeterminada (luz ~500 m x camadas 30 m, ~278 pixels de camada por pixel de luz). Publicar SEMPRE os dois. `urbano` herda a catraca R2 (ADR 0013; fracao herdada ate 18,0 % em 2025) e a comissao medida em `construido`: acurácia do usuário de `construido` = 0,286–0,625 (docs/ADR/0009; reexecutado em docs/ADR/0014): entre 37,5 % e 71,4 % do que o mapa chama de construído não é. Essa comissao entra inteira na parcela de luz atribuida a urbano. `industrial` e `reassentamento` nao tem R2 (ADR 0014), mas o limiar de `industrial` foi calibrado contra Maus em 2020. Fora dos seis anos-ancora a mascara e de outro ano: selo `interpolado`. Nenhuma quebra anual pode ser lida nesta tabela."
2008,tete_aoi,mascara_fixa_2020,industrial,862.931,4.796,22.077,0.00556,0.02558,4.6,0.01664,435,10452,2020,12,"interpolado (mascara de outro ano-ancora, nao do ano)",False,False,,,"Decomposicao de §2.3, executada sob docs/ADR/0015 decisao 4. NAO e particao unica: piso e teto sao as duas envoltorias de uma reparticao sub-pixel indeterminada (luz ~500 m x camadas 30 m, ~278 pixels de camada por pixel de luz). Publicar SEMPRE os dois. `urbano` herda a catraca R2 (ADR 0013; fracao herdada ate 18,0 % em 2025) e a comissao medida em `construido`: acurácia do usuário de `construido` = 0,286–0,625 (docs/ADR/0009; reexecutado em docs/ADR/0014): entre 37,5 % e 71,4 % do que o mapa chama de construído não é. Essa comissao entra inteira na parcela de luz atribuida a urbano. `industrial` e `reassentamento` nao tem R2 (ADR 0014), mas o limiar de `industrial` foi calibrado contra Maus em 2020. Fora dos seis anos-ancora a mascara e de outro ano: selo `interpolado`. Nenhuma quebra anual pode ser lida nesta tabela."
2008,tete_aoi,mascara_fixa_2020,urbano,862.931,453.741,743.416,0.52581,0.8615,1.64,0.01582,528,10452,2020,12,"interpolado (mascara de outro ano-ancora, nao do ano)",False,True,0.127,0.4762,"Decomposicao de §2.3, executada sob docs/ADR/0015 decisao 4. NAO e particao unica: piso e teto sao as duas envoltorias de uma reparticao sub-pixel indeterminada (luz ~500 m x camadas 30 m, ~278 pixels de camada por pixel de luz). Publicar SEMPRE os dois. `urbano` herda a catraca R2 (ADR 0013; fracao herdada ate 18,0 % em 2025) e a comissao medida em `construido`: acurácia do usuário de `construido` = 0,286–0,625 (docs/ADR/0009; reexecutado em docs/ADR/0014): entre 37,5 % e 71,4 % do que o mapa chama de construído não é. Essa comissao entra inteira na parcela de luz atribuida a urbano. `industrial` e `reassentamento` nao tem R2 (ADR 0014), mas o limiar de `industrial` foi calibrado contra Maus em 2020. Fora dos seis anos-ancora a mascara e de outro ano: selo `interpolado`. Nenhuma quebra anual pode ser lida nesta tabela."
2008,tete_aoi,mascara_fixa_2020,reassentamento,862.931,0.0,0.0,0.0,0.0,,0.00028,28,10452,2020,12,"interpolado (mascara de outro ano-ancora, nao do ano)",False,False,,,"Decomposicao de §2.3, executada sob docs/ADR/0015 decisao 4. NAO e particao unica: piso e teto sao as duas envoltorias de uma reparticao sub-pixel indeterminada (luz ~500 m x camadas 30 m, ~278 pixels de camada por pixel de luz). Publicar SEMPRE os dois. `urbano` herda a catraca R2 (ADR 0013; fracao herdada ate 18,0 % em 2025) e a comissao medida em `construido`: acurácia do usuário de `construido` = 0,286–0,625 (docs/ADR/0009; reexecutado em docs/ADR/0014): entre 37,5 % e 71,4 % do que o mapa chama de construído não é. Essa comissao entra inteira na parcela de luz atribuida a urbano. `industrial` e `reassentamento` nao tem R2 (ADR 0014), mas o limiar de `industrial` foi calibrado contra Maus em 2020. Fora dos seis anos-ancora a mascara e de outro ano: selo `interpolado`. Nenhuma quebra anual pode ser lida nesta tabela."
2008,tete_aoi,mascara_fixa_2020,resto,862.931,404.395,97.439,0.46863,0.11292,0.24,0.96726,9461,10452,2020,12,"interpolado (mascara de outro ano-ancora, nao do ano)",False,False,,,"Decomposicao de §2.3, executada sob docs/ADR/0015 decisao 4. NAO e particao unica: piso e teto sao as duas envoltorias de uma reparticao sub-pixel indeterminada (luz ~500 m x camadas 30 m, ~278 pixels de camada por pixel de luz). Publicar SEMPRE os dois. `urbano` herda a catraca R2 (ADR 0013; fracao herdada ate 18,0 % em 2025) e a comissao medida em `construido`: acurácia do usuário de `construido` = 0,286–0,625 (docs/ADR/0009; reexecutado em docs/ADR/0014): entre 37,5 % e 71,4 % do que o mapa chama de construído não é. Essa comissao entra inteira na parcela de luz atribuida a urbano. `industrial` e `reassentamento` nao tem R2 (ADR 0014), mas o limiar de `industrial` foi calibrado contra Maus em 2020. Fora dos seis anos-ancora a mascara e de outro ano: selo `interpolado`. Nenhuma quebra anual pode ser lida nesta tabela."
2010,tete_aoi,mascara_ancora_mais_proxima,industrial,1739.848,105.084,296.083,0.0604,0.17018,2.82,0.00298,234,10452,2010,0,observado (luz) / classificado (mascara do proprio ano),False,False,,,"Decomposicao de §2.3, executada sob docs/ADR/0015 decisao 4. NAO e particao unica: piso e teto sao as duas envoltorias de uma reparticao sub-pixel indeterminada (luz ~500 m x camadas 30 m, ~278 pixels de camada por pixel de luz). Publicar SEMPRE os dois. `urbano` herda a catraca R2 (ADR 0013; fracao herdada ate 18,0 % em 2025) e a comissao medida em `construido`: acurácia do usuário de `construido` = 0,286–0,625 (docs/ADR/0009; reexecutado em docs/ADR/0014): entre 37,5 % e 71,4 % do que o mapa chama de construído não é. Essa comissao entra inteira na parcela de luz atribuida a urbano. `industrial` e `reassentamento` nao tem R2 (ADR 0014), mas o limiar de `industrial` foi calibrado contra Maus em 2020. Fora dos seis anos-ancora a mascara e de outro ano: selo `interpolado`. Nenhuma quebra anual pode ser lida nesta tabela."
2010,tete_aoi,mascara_ancora_mais_proxima,urbano,1739.848,684.539,1233.089,0.39345,0.70873,1.8,0.01129,447,10452,2010,0,observado (luz) / classificado (mascara do proprio ano),False,True,0.034,0.2857,"Decomposicao de §2.3, executada sob docs/ADR/0015 decisao 4. NAO e particao unica: piso e teto sao as duas envoltorias de uma reparticao sub-pixel indeterminada (luz ~500 m x camadas 30 m, ~278 pixels de camada por pixel de luz). Publicar SEMPRE os dois. `urbano` herda a catraca R2 (ADR 0013; fracao herdada ate 18,0 % em 2025) e a comissao medida em `construido`: acurácia do usuário de `construido` = 0,286–0,625 (docs/ADR/0009; reexecutado em docs/ADR/0014): entre 37,5 % e 71,4 % do que o mapa chama de construído não é. Essa comissao entra inteira na parcela de luz atribuida a urbano. `industrial` e `reassentamento` nao tem R2 (ADR 0014), mas o limiar de `industrial` foi calibrado contra Maus em 2020. Fora dos seis anos-ancora a mascara e de outro ano: selo `interpolado`. Nenhuma quebra anual pode ser lida nesta tabela."
2010,tete_aoi,mascara_ancora_mais_proxima,reassentamento,1739.848,0.0,0.0,0.0,0.0,,0.00048,16,10452,2010,0,observado (luz) / classificado (mascara do proprio ano),False,False,,,"Decomposicao de §2.3, executada sob docs/ADR/0015 decisao 4. NAO e particao unica: piso e teto sao as duas envoltorias de uma reparticao sub-pixel indeterminada (luz ~500 m x camadas 30 m, ~278 pixels de camada por pixel de luz). Publicar SEMPRE os dois. `urbano` herda a catraca R2 (ADR 0013; fracao herdada ate 18,0 % em 2025) e a comissao medida em `construido`: acurácia do usuário de `construido` = 0,286–0,625 (docs/ADR/0009; reexecutado em docs/ADR/0014): entre 37,5 % e 71,4 % do que o mapa chama de construído não é. Essa comissao entra inteira na parcela de luz atribuida a urbano. `industrial` e `reassentamento` nao tem R2 (ADR 0014), mas o limiar de `industrial` foi calibrado contra Maus em 2020. Fora dos seis anos-ancora a mascara e de outro ano: selo `interpolado`. Nenhuma quebra anual pode ser lida nesta tabela."
2010,tete_aoi,mascara_ancora_mais_proxima,resto,1739.848,950.225,210.676,0.54615,0.12109,0.22,0.98525,9755,10452,2010,0,observado (luz) / classificado (mascara do proprio ano),False,False,,,"Decomposicao de §2.3, executada sob docs/ADR/0015 decisao 4. NAO e particao unica: piso e teto sao as duas envoltorias de uma reparticao sub-pixel indeterminada (luz ~500 m x camadas 30 m, ~278 pixels de camada por pixel de luz). Publicar SEMPRE os dois. `urbano` herda a catraca R2 (ADR 0013; fracao herdada ate 18,0 % em 2025) e a comissao medida em `construido`: acurácia do usuário de `construido` = 0,286–0,625 (docs/ADR/0009; reexecutado em docs/ADR/0014): entre 37,5 % e 71,4 % do que o mapa chama de construído não é. Essa comissao entra inteira na parcela de luz atribuida a urbano. `industrial` e `reassentamento` nao tem R2 (ADR 0014), mas o limiar de `industrial` foi calibrado contra Maus em 2020. Fora dos seis anos-ancora a mascara e de outro ano: selo `interpolado`. Nenhuma quebra anual pode ser lida nesta tabela."
2010,tete_aoi,mascara_fixa_2020,industrial,1739.848,176.922,343.176,0.10169,0.19725,1.94,0.01664,435,10452,2020,10,"interpolado (mascara de outro ano-ancora, nao do ano)",False,False,,,"Decomposicao de §2.3, executada sob docs/ADR/0015 decisao 4. NAO e particao unica: piso e teto sao as duas envoltorias de uma reparticao sub-pixel indeterminada (luz ~500 m x camadas 30 m, ~278 pixels de camada por pixel de luz). Publicar SEMPRE os dois. `urbano` herda a catraca R2 (ADR 0013; fracao herdada ate 18,0 % em 2025) e a comissao medida em `construido`: acurácia do usuário de `construido` = 0,286–0,625 (docs/ADR/0009; reexecutado em docs/ADR/0014): entre 37,5 % e 71,4 % do que o mapa chama de construído não é. Essa comissao entra inteira na parcela de luz atribuida a urbano. `industrial` e `reassentamento` nao tem R2 (ADR 0014), mas o limiar de `industrial` foi calibrado contra Maus em 2020. Fora dos seis anos-ancora a mascara e de outro ano: selo `interpolado`. Nenhuma quebra anual pode ser lida nesta tabela."
2010,tete_aoi,mascara_fixa_2020,urbano,1739.848,786.808,1254.211,0.45223,0.72087,1.59,0.01582,528,10452,2020,10,"interpolado (mascara de outro ano-ancora, nao do ano)",False,True,0.127,0.4762,"Decomposicao de §2.3, executada sob docs/ADR/0015 decisao 4. NAO e particao unica: piso e teto sao as duas envoltorias de uma reparticao sub-pixel indeterminada (luz ~500 m x camadas 30 m, ~278 pixels de camada por pixel de luz). Publicar SEMPRE os dois. `urbano` herda a catraca R2 (ADR 0013; fracao herdada ate 18,0 % em 2025) e a comissao medida em `construido`: acurácia do usuário de `construido` = 0,286–0,625 (docs/ADR/0009; reexecutado em docs/ADR/0014): entre 37,5 % e 71,4 % do que o mapa chama de construído não é. Essa comissao entra inteira na parcela de luz atribuida a urbano. `industrial` e `reassentamento` nao tem R2 (ADR 0014), mas o limiar de `industrial` foi calibrado contra Maus em 2020. Fora dos seis anos-ancora a mascara e de outro ano: selo `interpolado`. Nenhuma quebra anual pode ser lida nesta tabela."
2010,tete_aoi,mascara_fixa_2020,reassentamento,1739.848,0.0,0.0,0.0,0.0,,0.00028,28,10452,2020,10,"interpolado (mascara de outro ano-ancora, nao do ano)",False,False,,,"Decomposicao de §2.3, executada sob docs/ADR/0015 decisao 4. NAO e particao unica: piso e teto sao as duas envoltorias de uma reparticao sub-pixel indeterminada (luz ~500 m x camadas 30 m, ~278 pixels de camada por pixel de luz). Publicar SEMPRE os dois. `urbano` herda a catraca R2 (ADR 0013; fracao herdada ate 18,0 % em 2025) e a comissao medida em `construido`: acurácia do usuário de `construido` = 0,286–0,625 (docs/ADR/0009; reexecutado em docs/ADR/0014): entre 37,5 % e 71,4 % do que o mapa chama de construído não é. Essa comissao entra inteira na parcela de luz atribuida a urbano. `industrial` e `reassentamento` nao tem R2 (ADR 0014), mas o limiar de `industrial` foi calibrado contra Maus em 2020. Fora dos seis anos-ancora a mascara e de outro ano: selo `interpolado`. Nenhuma quebra anual pode ser lida nesta tabela."
2010,tete_aoi,mascara_fixa_2020,resto,1739.848,776.117,142.461,0.44608,0.08188,0.18,0.96726,9461,10452,2020,10,"interpolado (mascara de outro ano-ancora, nao do ano)",False,False,,,"Decomposicao de §2.3, executada sob docs/ADR/0015 decisao 4. NAO e particao unica: piso e teto sao as duas envoltorias de uma reparticao sub-pixel indeterminada (luz ~500 m x camadas 30 m, ~278 pixels de camada por pixel de luz). Publicar SEMPRE os dois. `urbano` herda a catraca R2 (ADR 0013; fracao herdada ate 18,0 % em 2025) e a comissao medida em `construido`: acurácia do usuário de `construido` = 0,286–0,625 (docs/ADR/0009; reexecutado em docs/ADR/0014): entre 37,5 % e 71,4 % do que o mapa chama de construído não é. Essa comissao entra inteira na parcela de luz atribuida a urbano. `industrial` e `reassentamento` nao tem R2 (ADR 0014), mas o limiar de `industrial` foi calibrado contra Maus em 2020. Fora dos seis anos-ancora a mascara e de outro ano: selo `interpolado`. Nenhuma quebra anual pode ser lida nesta tabela."
2011,tete_aoi,mascara_ancora_mais_proxima,industrial,3640.648,123.077,551.484,0.03381,0.15148,4.48,0.00298,234,10452,2010,1,"interpolado (mascara de outro ano-ancora, nao do ano)",False,False,,,"Decomposicao de §2.3, executada sob docs/ADR/0015 decisao 4. NAO e particao unica: piso e teto sao as duas envoltorias de uma reparticao sub-pixel indeterminada (luz ~500 m x camadas 30 m, ~278 pixels de camada por pixel de luz). Publicar SEMPRE os dois. `urbano` herda a catraca R2 (ADR 0013; fracao herdada ate 18,0 % em 2025) e a comissao medida em `construido`: acurácia do usuário de `construido` = 0,286–0,625 (docs/ADR/0009; reexecutado em docs/ADR/0014): entre 37,5 % e 71,4 % do que o mapa chama de construído não é. Essa comissao entra inteira na parcela de luz atribuida a urbano. `industrial` e `reassentamento` nao tem R2 (ADR 0014), mas o limiar de `industrial` foi calibrado contra Maus em 2020. Fora dos seis anos-ancora a mascara e de outro ano: selo `interpolado`. Nenhuma quebra anual pode ser lida nesta tabela."
2011,tete_aoi,mascara_ancora_mais_proxima,urbano,3640.648,761.873,1707.613,0.20927,0.46904,2.24,0.01129,447,10452,2010,1,"interpolado (mascara de outro ano-ancora, nao do ano)",False,True,0.034,0.2857,"Decomposicao de §2.3, executada sob docs/ADR/0015 decisao 4. NAO e particao unica: piso e teto sao as duas envoltorias de uma reparticao sub-pixel indeterminada (luz ~500 m x camadas 30 m, ~278 pixels de camada por pixel de luz). Publicar SEMPRE os dois. `urbano` herda a catraca R2 (ADR 0013; fracao herdada ate 18,0 % em 2025) e a comissao medida em `construido`: acurácia do usuário de `construido` = 0,286–0,625 (docs/ADR/0009; reexecutado em docs/ADR/0014): entre 37,5 % e 71,4 % do que o mapa chama de construído não é. Essa comissao entra inteira na parcela de luz atribuida a urbano. `industrial` e `reassentamento` nao tem R2 (ADR 0014), mas o limiar de `industrial` foi calibrado contra Maus em 2020. Fora dos seis anos-ancora a mascara e de outro ano: selo `interpolado`. Nenhuma quebra anual pode ser lida nesta tabela."
2011,tete_aoi,mascara_ancora_mais_proxima,reassentamento,3640.648,23.535,84.84,0.00646,0.0233,3.6,0.00048,16,10452,2010,1,"interpolado (mascara de outro ano-ancora, nao do ano)",False,False,,,"Decomposicao de §2.3, executada sob docs/ADR/0015 decisao 4. NAO e particao unica: piso e teto sao as duas envoltorias de uma reparticao sub-pixel indeterminada (luz ~500 m x camadas 30 m, ~278 pixels de camada por pixel de luz). Publicar SEMPRE os dois. `urbano` herda a catraca R2 (ADR 0013; fracao herdada ate 18,0 % em 2025) e a comissao medida em `construido`: acurácia do usuário de `construido` = 0,286–0,625 (docs/ADR/0009; reexecutado em docs/ADR/0014): entre 37,5 % e 71,4 % do que o mapa chama de construído não é. Essa comissao entra inteira na parcela de luz atribuida a urbano. `industrial` e `reassentamento` nao tem R2 (ADR 0014), mas o limiar de `industrial` foi calibrado contra Maus em 2020. Fora dos seis anos-ancora a mascara e de outro ano: selo `interpolado`. Nenhuma quebra anual pode ser lida nesta tabela."
2011,tete_aoi,mascara_ancora_mais_proxima,resto,3640.648,2732.163,1296.71,0.75046,0.35618,0.47,0.98525,9755,10452,2010,1,"interpolado (mascara de outro ano-ancora, nao do ano)",False,False,,,"Decomposicao de §2.3, executada sob docs/ADR/0015 decisao 4. NAO e particao unica: piso e teto sao as duas envoltorias de uma reparticao sub-pixel indeterminada (luz ~500 m x camadas 30 m, ~278 pixels de camada por pixel de luz). Publicar SEMPRE os dois. `urbano` herda a catraca R2 (ADR 0013; fracao herdada ate 18,0 % em 2025) e a comissao medida em `construido`: acurácia do usuário de `construido` = 0,286–0,625 (docs/ADR/0009; reexecutado em docs/ADR/0014): entre 37,5 % e 71,4 % do que o mapa chama de construído não é. Essa comissao entra inteira na parcela de luz atribuida a urbano. `industrial` e `reassentamento` nao tem R2 (ADR 0014), mas o limiar de `industrial` foi calibrado contra Maus em 2020. Fora dos seis anos-ancora a mascara e de outro ano: selo `interpolado`. Nenhuma quebra anual pode ser lida nesta tabela."
2011,tete_aoi,mascara_fixa_2020,industrial,3640.648,436.438,787.314,0.11988,0.21626,1.8,0.01664,435,10452,2020,9,"interpolado (mascara de outro ano-ancora, nao do ano)",False,False,,,"Decomposicao de §2.3, executada sob docs/ADR/0015 decisao 4. NAO e particao unica: piso e teto sao as duas envoltorias de uma reparticao sub-pixel indeterminada (luz ~500 m x camadas 30 m, ~278 pixels de camada por pixel de luz). Publicar SEMPRE os dois. `urbano` herda a catraca R2 (ADR 0013; fracao herdada ate 18,0 % em 2025) e a comissao medida em `construido`: acurácia do usuário de `construido` = 0,286–0,625 (docs/ADR/0009; reexecutado em docs/ADR/0014): entre 37,5 % e 71,4 % do que o mapa chama de construído não é. Essa comissao entra inteira na parcela de luz atribuida a urbano. `industrial` e `reassentamento` nao tem R2 (ADR 0014), mas o limiar de `industrial` foi calibrado contra Maus em 2020. Fora dos seis anos-ancora a mascara e de outro ano: selo `interpolado`. Nenhuma quebra anual pode ser lida nesta tabela."
2011,tete_aoi,mascara_fixa_2020,urbano,3640.648,959.308,1851.714,0.2635,0.50862,1.93,0.01582,528,10452,2020,9,"interpolado (mascara de outro ano-ancora, nao do ano)",False,True,0.127,0.4762,"Decomposicao de §2.3, executada sob docs/ADR/0015 decisao 4. NAO e particao unica: piso e teto sao as duas envoltorias de uma reparticao sub-pixel indeterminada (luz ~500 m x camadas 30 m, ~278 pixels de camada por pixel de luz). Publicar SEMPRE os dois. `urbano` herda a catraca R2 (ADR 0013; fracao herdada ate 18,0 % em 2025) e a comissao medida em `construido`: acurácia do usuário de `construido` = 0,286–0,625 (docs/ADR/0009; reexecutado em docs/ADR/0014): entre 37,5 % e 71,4 % do que o mapa chama de construído não é. Essa comissao entra inteira na parcela de luz atribuida a urbano. `industrial` e `reassentamento` nao tem R2 (ADR 0014), mas o limiar de `industrial` foi calibrado contra Maus em 2020. Fora dos seis anos-ancora a mascara e de outro ano: selo `interpolado`. Nenhuma quebra anual pode ser lida nesta tabela."
2011,tete_aoi,mascara_fixa_2020,reassentamento,3640.648,13.121,81.029,0.0036,0.02226,6.18,0.00028,28,10452,2020,9,"interpolado (mascara de outro ano-ancora, nao do ano)",False,False,,,"Decomposicao de §2.3, executada sob docs/ADR/0015 decisao 4. NAO e particao unica: piso e teto sao as duas envoltorias de uma reparticao sub-pixel indeterminada (luz ~500 m x camadas 30 m, ~278 pixels de camada por pixel de luz). Publicar SEMPRE os dois. `urbano` herda a catraca R2 (ADR 0013; fracao herdada ate 18,0 % em 2025) e a comissao medida em `construido`: acurácia do usuário de `construido` = 0,286–0,625 (docs/ADR/0009; reexecutado em docs/ADR/0014): entre 37,5 % e 71,4 % do que o mapa chama de construído não é. Essa comissao entra inteira na parcela de luz atribuida a urbano. `industrial` e `reassentamento` nao tem R2 (ADR 0014), mas o limiar de `industrial` foi calibrado contra Maus em 2020. Fora dos seis anos-ancora a mascara e de outro ano: selo `interpolado`. Nenhuma quebra anual pode ser lida nesta tabela."
2011,tete_aoi,mascara_fixa_2020,resto,3640.648,2231.781,920.591,0.61302,0.25286,0.41,0.96726,9461,10452,2020,9,"interpolado (mascara de outro ano-ancora, nao do ano)",False,False,,,"Decomposicao de §2.3, executada sob docs/ADR/0015 decisao 4. NAO e particao unica: piso e teto sao as duas envoltorias de uma reparticao sub-pixel indeterminada (luz ~500 m x camadas 30 m, ~278 pixels de camada por pixel de luz). Publicar SEMPRE os dois. `urbano` herda a catraca R2 (ADR 0013; fracao herdada ate 18,0 % em 2025) e a comissao medida em `construido`: acurácia do usuário de `construido` = 0,286–0,625 (docs/ADR/0009; reexecutado em docs/ADR/0014): entre 37,5 % e 71,4 % do que o mapa chama de construído não é. Essa comissao entra inteira na parcela de luz atribuida a urbano. `industrial` e `reassentamento` nao tem R2 (ADR 0014), mas o limiar de `industrial` foi calibrado contra Maus em 2020. Fora dos seis anos-ancora a mascara e de outro ano: selo `interpolado`. Nenhuma quebra anual pode ser lida nesta tabela."
2012,tete_aoi,mascara_ancora_mais_proxima,industrial,4385.317,250.718,888.288,0.05717,0.20256,3.54,0.00298,234,10452,2010,2,"interpolado (mascara de outro ano-ancora, nao do ano)",False,False,,,"Decomposicao de §2.3, executada sob docs/ADR/0015 decisao 4. NAO e particao unica: piso e teto sao as duas envoltorias de uma reparticao sub-pixel indeterminada (luz ~500 m x camadas 30 m, ~278 pixels de camada por pixel de luz). Publicar SEMPRE os dois. `urbano` herda a catraca R2 (ADR 0013; fracao herdada ate 18,0 % em 2025) e a comissao medida em `construido`: acurácia do usuário de `construido` = 0,286–0,625 (docs/ADR/0009; reexecutado em docs/ADR/0014): entre 37,5 % e 71,4 % do que o mapa chama de construído não é. Essa comissao entra inteira na parcela de luz atribuida a urbano. `industrial` e `reassentamento` nao tem R2 (ADR 0014), mas o limiar de `industrial` foi calibrado contra Maus em 2020. Fora dos seis anos-ancora a mascara e de outro ano: selo `interpolado`. Nenhuma quebra anual pode ser lida nesta tabela."
2012,tete_aoi,mascara_ancora_mais_proxima,urbano,4385.317,1355.975,2599.802,0.30921,0.59284,1.92,0.01129,447,10452,2010,2,"interpolado (mascara de outro ano-ancora, nao do ano)",False,True,0.034,0.2857,"Decomposicao de §2.3, executada sob docs/ADR/0015 decisao 4. NAO e particao unica: piso e teto sao as duas envoltorias de uma reparticao sub-pixel indeterminada (luz ~500 m x camadas 30 m, ~278 pixels de camada por pixel de luz). Publicar SEMPRE os dois. `urbano` herda a catraca R2 (ADR 0013; fracao herdada ate 18,0 % em 2025) e a comissao medida em `construido`: acurácia do usuário de `construido` = 0,286–0,625 (docs/ADR/0009; reexecutado em docs/ADR/0014): entre 37,5 % e 71,4 % do que o mapa chama de construído não é. Essa comissao entra inteira na parcela de luz atribuida a urbano. `industrial` e `reassentamento` nao tem R2 (ADR 0014), mas o limiar de `industrial` foi calibrado contra Maus em 2020. Fora dos seis anos-ancora a mascara e de outro ano: selo `interpolado`. Nenhuma quebra anual pode ser lida nesta tabela."
2012,tete_aoi,mascara_ancora_mais_proxima,reassentamento,4385.317,20.797,49.742,0.00474,0.01134,2.39,0.00048,16,10452,2010,2,"interpolado (mascara de outro ano-ancora, nao do ano)",False,False,,,"Decomposicao de §2.3, executada sob docs/ADR/0015 decisao 4. NAO e particao unica: piso e teto sao as duas envoltorias de uma reparticao sub-pixel indeterminada (luz ~500 m x camadas 30 m, ~278 pixels de camada por pixel de luz). Publicar SEMPRE os dois. `urbano` herda a catraca R2 (ADR 0013; fracao herdada ate 18,0 % em 2025) e a comissao medida em `construido`: acurácia do usuário de `construido` = 0,286–0,625 (docs/ADR/0009; reexecutado em docs/ADR/0014): entre 37,5 % e 71,4 % do que o mapa chama de construído não é. Essa comissao entra inteira na parcela de luz atribuida a urbano. `industrial` e `reassentamento` nao tem R2 (ADR 0014), mas o limiar de `industrial` foi calibrado contra Maus em 2020. Fora dos seis anos-ancora a mascara e de outro ano: selo `interpolado`. Nenhuma quebra anual pode ser lida nesta tabela."
2012,tete_aoi,mascara_ancora_mais_proxima,resto,4385.317,2757.827,847.486,0.62888,0.19326,0.31,0.98525,9755,10452,2010,2,"interpolado (mascara de outro ano-ancora, nao do ano)",False,False,,,"Decomposicao de §2.3, executada sob docs/ADR/0015 decisao 4. NAO e particao unica: piso e teto sao as duas envoltorias de uma reparticao sub-pixel indeterminada (luz ~500 m x camadas 30 m, ~278 pixels de camada por pixel de luz). Publicar SEMPRE os dois. `urbano` herda a catraca R2 (ADR 0013; fracao herdada ate 18,0 % em 2025) e a comissao medida em `construido`: acurácia do usuário de `construido` = 0,286–0,625 (docs/ADR/0009; reexecutado em docs/ADR/0014): entre 37,5 % e 71,4 % do que o mapa chama de construído não é. Essa comissao entra inteira na parcela de luz atribuida a urbano. `industrial` e `reassentamento` nao tem R2 (ADR 0014), mas o limiar de `industrial` foi calibrado contra Maus em 2020. Fora dos seis anos-ancora a mascara e de outro ano: selo `interpolado`. Nenhuma quebra anual pode ser lida nesta tabela."
2012,tete_aoi,mascara_fixa_2020,industrial,4385.317,486.847,1046.903,0.11102,0.23873,2.15,0.01664,435,10452,2020,8,"interpolado (mascara de outro ano-ancora, nao do ano)",False,False,,,"Decomposicao de §2.3, executada sob docs/ADR/0015 decisao 4. NAO e particao unica: piso e teto sao as duas envoltorias de uma reparticao sub-pixel indeterminada (luz ~500 m x camadas 30 m, ~278 pixels de camada por pixel de luz). Publicar SEMPRE os dois. `urbano` herda a catraca R2 (ADR 0013; fracao herdada ate 18,0 % em 2025) e a comissao medida em `construido`: acurácia do usuário de `construido` = 0,286–0,625 (docs/ADR/0009; reexecutado em docs/ADR/0014): entre 37,5 % e 71,4 % do que o mapa chama de construído não é. Essa comissao entra inteira na parcela de luz atribuida a urbano. `industrial` e `reassentamento` nao tem R2 (ADR 0014), mas o limiar de `industrial` foi calibrado contra Maus em 2020. Fora dos seis anos-ancora a mascara e de outro ano: selo `interpolado`. Nenhuma quebra anual pode ser lida nesta tabela."
2012,tete_aoi,mascara_fixa_2020,urbano,4385.317,1632.892,2702.017,0.37235,0.61615,1.65,0.01582,528,10452,2020,8,"interpolado (mascara de outro ano-ancora, nao do ano)",False,True,0.127,0.4762,"Decomposicao de §2.3, executada sob docs/ADR/0015 decisao 4. NAO e particao unica: piso e teto sao as duas envoltorias de uma reparticao sub-pixel indeterminada (luz ~500 m x camadas 30 m, ~278 pixels de camada por pixel de luz). Publicar SEMPRE os dois. `urbano` herda a catraca R2 (ADR 0013; fracao herdada ate 18,0 % em 2025) e a comissao medida em `construido`: acurácia do usuário de `construido` = 0,286–0,625 (docs/ADR/0009; reexecutado em docs/ADR/0014): entre 37,5 % e 71,4 % do que o mapa chama de construído não é. Essa comissao entra inteira na parcela de luz atribuida a urbano. `industrial` e `reassentamento` nao tem R2 (ADR 0014), mas o limiar de `industrial` foi calibrado contra Maus em 2020. Fora dos seis anos-ancora a mascara e de outro ano: selo `interpolado`. Nenhuma quebra anual pode ser lida nesta tabela."
2012,tete_aoi,mascara_fixa_2020,reassentamento,4385.317,12.797,47.197,0.00292,0.01076,3.69,0.00028,28,10452,2020,8,"interpolado (mascara de outro ano-ancora, nao do ano)",False,False,,,"Decomposicao de §2.3, executada sob docs/ADR/0015 decisao 4. NAO e particao unica: piso e teto sao as duas envoltorias de uma reparticao sub-pixel indeterminada (luz ~500 m x camadas 30 m, ~278 pixels de camada por pixel de luz). Publicar SEMPRE os dois. `urbano` herda a catraca R2 (ADR 0013; fracao herdada ate 18,0 % em 2025) e a comissao medida em `construido`: acurácia do usuário de `construido` = 0,286–0,625 (docs/ADR/0009; reexecutado em docs/ADR/0014): entre 37,5 % e 71,4 % do que o mapa chama de construído não é. Essa comissao entra inteira na parcela de luz atribuida a urbano. `industrial` e `reassentamento` nao tem R2 (ADR 0014), mas o limiar de `industrial` foi calibrado contra Maus em 2020. Fora dos seis anos-ancora a mascara e de outro ano: selo `interpolado`. Nenhuma quebra anual pode ser lida nesta tabela."
2012,tete_aoi,mascara_fixa_2020,resto,4385.317,2252.78,589.2,0.51371,0.13436,0.26,0.96726,9461,10452,2020,8,"interpolado (mascara de outro ano-ancora, nao do ano)",False,False,,,"Decomposicao de §2.3, executada sob docs/ADR/0015 decisao 4. NAO e particao unica: piso e teto sao as duas envoltorias de uma reparticao sub-pixel indeterminada (luz ~500 m x camadas 30 m, ~278 pixels de camada por pixel de luz). Publicar SEMPRE os dois. `urbano` herda a catraca R2 (ADR 0013; fracao herdada ate 18,0 % em 2025) e a comissao medida em `construido`: acurácia do usuário de `construido` = 0,286–0,625 (docs/ADR/0009; reexecutado em docs/ADR/0014): entre 37,5 % e 71,4 % do que o mapa chama de construído não é. Essa comissao entra inteira na parcela de luz atribuida a urbano. `industrial` e `reassentamento` nao tem R2 (ADR 0014), mas o limiar de `industrial` foi calibrado contra Maus em 2020. Fora dos seis anos-ancora a mascara e de outro ano: selo `interpolado`. Nenhuma quebra anual pode ser lida nesta tabela."
2013,tete_aoi,mascara_ancora_mais_proxima,industrial,4199.879,636.462,1202.384,0.15154,0.28629,1.89,0.01265,375,10452,2015,2,"interpolado (mascara de outro ano-ancora, nao do ano)",True,False,,,"Decomposicao de §2.3, executada sob docs/ADR/0015 decisao 4. NAO e particao unica: piso e teto sao as duas envoltorias de uma reparticao sub-pixel indeterminada (luz ~500 m x camadas 30 m, ~278 pixels de camada por pixel de luz). Publicar SEMPRE os dois. `urbano` herda a catraca R2 (ADR 0013; fracao herdada ate 18,0 % em 2025) e a comissao medida em `construido`: acurácia do usuário de `construido` = 0,286–0,625 (docs/ADR/0009; reexecutado em docs/ADR/0014): entre 37,5 % e 71,4 % do que o mapa chama de construído não é. Essa comissao entra inteira na parcela de luz atribuida a urbano. `industrial` e `reassentamento` nao tem R2 (ADR 0014), mas o limiar de `industrial` foi calibrado contra Maus em 2020. Fora dos seis anos-ancora a mascara e de outro ano: selo `interpolado`. Nenhuma quebra anual pode ser lida nesta tabela."
2013,tete_aoi,mascara_ancora_mais_proxima,urbano,4199.879,1471.714,2594.996,0.35042,0.61787,1.76,0.01495,512,10452,2015,2,"interpolado (mascara de outro ano-ancora, nao do ano)",True,True,0.061,0.5909,"Decomposicao de §2.3, executada sob docs/ADR/0015 decisao 4. NAO e particao unica: piso e teto sao as duas envoltorias de uma reparticao sub-pixel indeterminada (luz ~500 m x camadas 30 m, ~278 pixels de camada por pixel de luz). Publicar SEMPRE os dois. `urbano` herda a catraca R2 (ADR 0013; fracao herdada ate 18,0 % em 2025) e a comissao medida em `construido`: acurácia do usuário de `construido` = 0,286–0,625 (docs/ADR/0009; reexecutado em docs/ADR/0014): entre 37,5 % e 71,4 % do que o mapa chama de construído não é. Essa comissao entra inteira na parcela de luz atribuida a urbano. `industrial` e `reassentamento` nao tem R2 (ADR 0014), mas o limiar de `industrial` foi calibrado contra Maus em 2020. Fora dos seis anos-ancora a mascara e de outro ano: selo `interpolado`. Nenhuma quebra anual pode ser lida nesta tabela."
2013,tete_aoi,mascara_ancora_mais_proxima,reassentamento,4199.879,9.076,19.163,0.00216,0.00456,2.11,0.00066,33,10452,2015,2,"interpolado (mascara de outro ano-ancora, nao do ano)",True,False,,,"Decomposicao de §2.3, executada sob docs/ADR/0015 decisao 4. NAO e particao unica: piso e teto sao as duas envoltorias de uma reparticao sub-pixel indeterminada (luz ~500 m x camadas 30 m, ~278 pixels de camada por pixel de luz). Publicar SEMPRE os dois. `urbano` herda a catraca R2 (ADR 0013; fracao herdada ate 18,0 % em 2025) e a comissao medida em `construido`: acurácia do usuário de `construido` = 0,286–0,625 (docs/ADR/0009; reexecutado em docs/ADR/0014): entre 37,5 % e 71,4 % do que o mapa chama de construído não é. Essa comissao entra inteira na parcela de luz atribuida a urbano. `industrial` e `reassentamento` nao tem R2 (ADR 0014), mas o limiar de `industrial` foi calibrado contra Maus em 2020. Fora dos seis anos-ancora a mascara e de outro ano: selo `interpolado`. Nenhuma quebra anual pode ser lida nesta tabela."
2013,tete_aoi,mascara_ancora_mais_proxima,resto,4199.879,2082.626,383.336,0.49588,0.09127,0.18,0.97175,9532,10452,2015,2,"interpolado (mascara de outro ano-ancora, nao do ano)",True,False,,,"Decomposicao de §2.3, executada sob docs/ADR/0015 decisao 4. NAO e particao unica: piso e teto sao as duas envoltorias de uma reparticao sub-pixel indeterminada (luz ~500 m x camadas 30 m, ~278 pixels de camada por pixel de luz). Publicar SEMPRE os dois. `urbano` herda a catraca R2 (ADR 0013; fracao herdada ate 18,0 % em 2025) e a comissao medida em `construido`: acurácia do usuário de `construido` = 0,286–0,625 (docs/ADR/0009; reexecutado em docs/ADR/0014): entre 37,5 % e 71,4 % do que o mapa chama de construído não é. Essa comissao entra inteira na parcela de luz atribuida a urbano. `industrial` e `reassentamento` nao tem R2 (ADR 0014), mas o limiar de `industrial` foi calibrado contra Maus em 2020. Fora dos seis anos-ancora a mascara e de outro ano: selo `interpolado`. Nenhuma quebra anual pode ser lida nesta tabela."
2013,tete_aoi,mascara_fixa_2020,industrial,4199.879,554.119,1179.696,0.13194,0.28089,2.13,0.01664,435,10452,2020,7,"interpolado (mascara de outro ano-ancora, nao do ano)",True,False,,,"Decomposicao de §2.3, executada sob docs/ADR/0015 decisao 4. NAO e particao unica: piso e teto sao as duas envoltorias de uma reparticao sub-pixel indeterminada (luz ~500 m x camadas 30 m, ~278 pixels de camada por pixel de luz). Publicar SEMPRE os dois. `urbano` herda a catraca R2 (ADR 0013; fracao herdada ate 18,0 % em 2025) e a comissao medida em `construido`: acurácia do usuário de `construido` = 0,286–0,625 (docs/ADR/0009; reexecutado em docs/ADR/0014): entre 37,5 % e 71,4 % do que o mapa chama de construído não é. Essa comissao entra inteira na parcela de luz atribuida a urbano. `industrial` e `reassentamento` nao tem R2 (ADR 0014), mas o limiar de `industrial` foi calibrado contra Maus em 2020. Fora dos seis anos-ancora a mascara e de outro ano: selo `interpolado`. Nenhuma quebra anual pode ser lida nesta tabela."
2013,tete_aoi,mascara_fixa_2020,urbano,4199.879,1532.019,2604.219,0.36478,0.62007,1.7,0.01582,528,10452,2020,7,"interpolado (mascara de outro ano-ancora, nao do ano)",True,True,0.127,0.4762,"Decomposicao de §2.3, executada sob docs/ADR/0015 decisao 4. NAO e particao unica: piso e teto sao as duas envoltorias de uma reparticao sub-pixel indeterminada (luz ~500 m x camadas 30 m, ~278 pixels de camada por pixel de luz). Publicar SEMPRE os dois. `urbano` herda a catraca R2 (ADR 0013; fracao herdada ate 18,0 % em 2025) e a comissao medida em `construido`: acurácia do usuário de `construido` = 0,286–0,625 (docs/ADR/0009; reexecutado em docs/ADR/0014): entre 37,5 % e 71,4 % do que o mapa chama de construído não é. Essa comissao entra inteira na parcela de luz atribuida a urbano. `industrial` e `reassentamento` nao tem R2 (ADR 0014), mas o limiar de `industrial` foi calibrado contra Maus em 2020. Fora dos seis anos-ancora a mascara e de outro ano: selo `interpolado`. Nenhuma quebra anual pode ser lida nesta tabela."
2013,tete_aoi,mascara_fixa_2020,reassentamento,4199.879,4.713,19.163,0.00112,0.00456,4.07,0.00028,28,10452,2020,7,"interpolado (mascara de outro ano-ancora, nao do ano)",True,False,,,"Decomposicao de §2.3, executada sob docs/ADR/0015 decisao 4. NAO e particao unica: piso e teto sao as duas envoltorias de uma reparticao sub-pixel indeterminada (luz ~500 m x camadas 30 m, ~278 pixels de camada por pixel de luz). Publicar SEMPRE os dois. `urbano` herda a catraca R2 (ADR 0013; fracao herdada ate 18,0 % em 2025) e a comissao medida em `construido`: acurácia do usuário de `construido` = 0,286–0,625 (docs/ADR/0009; reexecutado em docs/ADR/0014): entre 37,5 % e 71,4 % do que o mapa chama de construído não é. Essa comissao entra inteira na parcela de luz atribuida a urbano. `industrial` e `reassentamento` nao tem R2 (ADR 0014), mas o limiar de `industrial` foi calibrado contra Maus em 2020. Fora dos seis anos-ancora a mascara e de outro ano: selo `interpolado`. Nenhuma quebra anual pode ser lida nesta tabela."
2013,tete_aoi,mascara_fixa_2020,resto,4199.879,2109.027,396.801,0.50216,0.09448,0.19,0.96726,9461,10452,2020,7,"interpolado (mascara de outro ano-ancora, nao do ano)",True,False,,,"Decomposicao de §2.3, executada sob docs/ADR/0015 decisao 4. NAO e particao unica: piso e teto sao as duas envoltorias de uma reparticao sub-pixel indeterminada (luz ~500 m x camadas 30 m, ~278 pixels de camada por pixel de luz). Publicar SEMPRE os dois. `urbano` herda a catraca R2 (ADR 0013; fracao herdada ate 18,0 % em 2025) e a comissao medida em `construido`: acurácia do usuário de `construido` = 0,286–0,625 (docs/ADR/0009; reexecutado em docs/ADR/0014): entre 37,5 % e 71,4 % do que o mapa chama de construído não é. Essa comissao entra inteira na parcela de luz atribuida a urbano. `industrial` e `reassentamento` nao tem R2 (ADR 0014), mas o limiar de `industrial` foi calibrado contra Maus em 2020. Fora dos seis anos-ancora a mascara e de outro ano: selo `interpolado`. Nenhuma quebra anual pode ser lida nesta tabela."
2014,tete_aoi,mascara_ancora_mais_proxima,industrial,5168.963,804.192,1556.409,0.15558,0.30111,1.94,0.01265,375,10452,2015,1,"interpolado (mascara de outro ano-ancora, nao do ano)",True,False,,,"Decomposicao de §2.3, executada sob docs/ADR/0015 decisao 4. NAO e particao unica: piso e teto sao as duas envoltorias de uma reparticao sub-pixel indeterminada (luz ~500 m x camadas 30 m, ~278 pixels de camada por pixel de luz). Publicar SEMPRE os dois. `urbano` herda a catraca R2 (ADR 0013; fracao herdada ate 18,0 % em 2025) e a comissao medida em `construido`: acurácia do usuário de `construido` = 0,286–0,625 (docs/ADR/0009; reexecutado em docs/ADR/0014): entre 37,5 % e 71,4 % do que o mapa chama de construído não é. Essa comissao entra inteira na parcela de luz atribuida a urbano. `industrial` e `reassentamento` nao tem R2 (ADR 0014), mas o limiar de `industrial` foi calibrado contra Maus em 2020. Fora dos seis anos-ancora a mascara e de outro ano: selo `interpolado`. Nenhuma quebra anual pode ser lida nesta tabela."
2014,tete_aoi,mascara_ancora_mais_proxima,urbano,5168.963,1646.681,3014.335,0.31857,0.58316,1.83,0.01495,512,10452,2015,1,"interpolado (mascara de outro ano-ancora, nao do ano)",True,True,0.061,0.5909,"Decomposicao de §2.3, executada sob docs/ADR/0015 decisao 4. NAO e particao unica: piso e teto sao as duas envoltorias de uma reparticao sub-pixel indeterminada (luz ~500 m x camadas 30 m, ~278 pixels de camada por pixel de luz). Publicar SEMPRE os dois. `urbano` herda a catraca R2 (ADR 0013; fracao herdada ate 18,0 % em 2025) e a comissao medida em `construido`: acurácia do usuário de `construido` = 0,286–0,625 (docs/ADR/0009; reexecutado em docs/ADR/0014): entre 37,5 % e 71,4 % do que o mapa chama de construído não é. Essa comissao entra inteira na parcela de luz atribuida a urbano. `industrial` e `reassentamento` nao tem R2 (ADR 0014), mas o limiar de `industrial` foi calibrado contra Maus em 2020. Fora dos seis anos-ancora a mascara e de outro ano: selo `interpolado`. Nenhuma quebra anual pode ser lida nesta tabela."
2014,tete_aoi,mascara_ancora_mais_proxima,reassentamento,5168.963,7.576,13.467,0.00147,0.00261,1.78,0.00066,33,10452,2015,1,"interpolado (mascara de outro ano-ancora, nao do ano)",True,False,,,"Decomposicao de §2.3, executada sob docs/ADR/0015 decisao 4. NAO e particao unica: piso e teto sao as duas envoltorias de uma reparticao sub-pixel indeterminada (luz ~500 m x camadas 30 m, ~278 pixels de camada por pixel de luz). Publicar SEMPRE os dois. `urbano` herda a catraca R2 (ADR 0013; fracao herdada ate 18,0 % em 2025) e a comissao medida em `construido`: acurácia do usuário de `construido` = 0,286–0,625 (docs/ADR/0009; reexecutado em docs/ADR/0014): entre 37,5 % e 71,4 % do que o mapa chama de construído não é. Essa comissao entra inteira na parcela de luz atribuida a urbano. `industrial` e `reassentamento` nao tem R2 (ADR 0014), mas o limiar de `industrial` foi calibrado contra Maus em 2020. Fora dos seis anos-ancora a mascara e de outro ano: selo `interpolado`. Nenhuma quebra anual pode ser lida nesta tabela."
2014,tete_aoi,mascara_ancora_mais_proxima,resto,5168.963,2710.514,584.752,0.52438,0.11313,0.22,0.97175,9532,10452,2015,1,"interpolado (mascara de outro ano-ancora, nao do ano)",True,False,,,"Decomposicao de §2.3, executada sob docs/ADR/0015 decisao 4. NAO e particao unica: piso e teto sao as duas envoltorias de uma reparticao sub-pixel indeterminada (luz ~500 m x camadas 30 m, ~278 pixels de camada por pixel de luz). Publicar SEMPRE os dois. `urbano` herda a catraca R2 (ADR 0013; fracao herdada ate 18,0 % em 2025) e a comissao medida em `construido`: acurácia do usuário de `construido` = 0,286–0,625 (docs/ADR/0009; reexecutado em docs/ADR/0014): entre 37,5 % e 71,4 % do que o mapa chama de construído não é. Essa comissao entra inteira na parcela de luz atribuida a urbano. `industrial` e `reassentamento` nao tem R2 (ADR 0014), mas o limiar de `industrial` foi calibrado contra Maus em 2020. Fora dos seis anos-ancora a mascara e de outro ano: selo `interpolado`. Nenhuma quebra anual pode ser lida nesta tabela."
2014,tete_aoi,mascara_fixa_2020,industrial,5168.963,727.509,1543.202,0.14075,0.29855,2.12,0.01664,435,10452,2020,6,"interpolado (mascara de outro ano-ancora, nao do ano)",True,False,,,"Decomposicao de §2.3, executada sob docs/ADR/0015 decisao 4. NAO e particao unica: piso e teto sao as duas envoltorias de uma reparticao sub-pixel indeterminada (luz ~500 m x camadas 30 m, ~278 pixels de camada por pixel de luz). Publicar SEMPRE os dois. `urbano` herda a catraca R2 (ADR 0013; fracao herdada ate 18,0 % em 2025) e a comissao medida em `construido`: acurácia do usuário de `construido` = 0,286–0,625 (docs/ADR/0009; reexecutado em docs/ADR/0014): entre 37,5 % e 71,4 % do que o mapa chama de construído não é. Essa comissao entra inteira na parcela de luz atribuida a urbano. `industrial` e `reassentamento` nao tem R2 (ADR 0014), mas o limiar de `industrial` foi calibrado contra Maus em 2020. Fora dos seis anos-ancora a mascara e de outro ano: selo `interpolado`. Nenhuma quebra anual pode ser lida nesta tabela."
2014,tete_aoi,mascara_fixa_2020,urbano,5168.963,1717.696,3031.082,0.33231,0.5864,1.76,0.01582,528,10452,2020,6,"interpolado (mascara de outro ano-ancora, nao do ano)",True,True,0.127,0.4762,"Decomposicao de §2.3, executada sob docs/ADR/0015 decisao 4. NAO e particao unica: piso e teto sao as duas envoltorias de uma reparticao sub-pixel indeterminada (luz ~500 m x camadas 30 m, ~278 pixels de camada por pixel de luz). Publicar SEMPRE os dois. `urbano` herda a catraca R2 (ADR 0013; fracao herdada ate 18,0 % em 2025) e a comissao medida em `construido`: acurácia do usuário de `construido` = 0,286–0,625 (docs/ADR/0009; reexecutado em docs/ADR/0014): entre 37,5 % e 71,4 % do que o mapa chama de construído não é. Essa comissao entra inteira na parcela de luz atribuida a urbano. `industrial` e `reassentamento` nao tem R2 (ADR 0014), mas o limiar de `industrial` foi calibrado contra Maus em 2020. Fora dos seis anos-ancora a mascara e de outro ano: selo `interpolado`. Nenhuma quebra anual pode ser lida nesta tabela."
2014,tete_aoi,mascara_fixa_2020,reassentamento,5168.963,4.034,13.467,0.00078,0.00261,3.34,0.00028,28,10452,2020,6,"interpolado (mascara de outro ano-ancora, nao do ano)",True,False,,,"Decomposicao de §2.3, executada sob docs/ADR/0015 decisao 4. NAO e particao unica: piso e teto sao as duas envoltorias de uma reparticao sub-pixel indeterminada (luz ~500 m x camadas 30 m, ~278 pixels de camada por pixel de luz). Publicar SEMPRE os dois. `urbano` herda a catraca R2 (ADR 0013; fracao herdada ate 18,0 % em 2025) e a comissao medida em `construido`: acurácia do usuário de `construido` = 0,286–0,625 (docs/ADR/0009; reexecutado em docs/ADR/0014): entre 37,5 % e 71,4 % do que o mapa chama de construído não é. Essa comissao entra inteira na parcela de luz atribuida a urbano. `industrial` e `reassentamento` nao tem R2 (ADR 0014), mas o limiar de `industrial` foi calibrado contra Maus em 2020. Fora dos seis anos-ancora a mascara e de outro ano: selo `interpolado`. Nenhuma quebra anual pode ser lida nesta tabela."
2014,tete_aoi,mascara_fixa_2020,resto,5168.963,2719.724,581.213,0.52616,0.11244,0.21,0.96726,9461,10452,2020,6,"interpolado (mascara de outro ano-ancora, nao do ano)",True,False,,,"Decomposicao de §2.3, executada sob docs/ADR/0015 decisao 4. NAO e particao unica: piso e teto sao as duas envoltorias de uma reparticao sub-pixel indeterminada (luz ~500 m x camadas 30 m, ~278 pixels de camada por pixel de luz). Publicar SEMPRE os dois. `urbano` herda a catraca R2 (ADR 0013; fracao herdada ate 18,0 % em 2025) e a comissao medida em `construido`: acurácia do usuário de `construido` = 0,286–0,625 (docs/ADR/0009; reexecutado em docs/ADR/0014): entre 37,5 % e 71,4 % do que o mapa chama de construído não é. Essa comissao entra inteira na parcela de luz atribuida a urbano. `industrial` e `reassentamento` nao tem R2 (ADR 0014), mas o limiar de `industrial` foi calibrado contra Maus em 2020. Fora dos seis anos-ancora a mascara e de outro ano: selo `interpolado`. Nenhuma quebra anual pode ser lida nesta tabela."
2015,tete_aoi,mascara_ancora_mais_proxima,industrial,5894.015,824.392,1664.587,0.13987,0.28242,2.02,0.01265,375,10452,2015,0,observado (luz) / classificado (mascara do proprio ano),True,False,,,"Decomposicao de §2.3, executada sob docs/ADR/0015 decisao 4. NAO e particao unica: piso e teto sao as duas envoltorias de uma reparticao sub-pixel indeterminada (luz ~500 m x camadas 30 m, ~278 pixels de camada por pixel de luz). Publicar SEMPRE os dois. `urbano` herda a catraca R2 (ADR 0013; fracao herdada ate 18,0 % em 2025) e a comissao medida em `construido`: acurácia do usuário de `construido` = 0,286–0,625 (docs/ADR/0009; reexecutado em docs/ADR/0014): entre 37,5 % e 71,4 % do que o mapa chama de construído não é. Essa comissao entra inteira na parcela de luz atribuida a urbano. `industrial` e `reassentamento` nao tem R2 (ADR 0014), mas o limiar de `industrial` foi calibrado contra Maus em 2020. Fora dos seis anos-ancora a mascara e de outro ano: selo `interpolado`. Nenhuma quebra anual pode ser lida nesta tabela."
2015,tete_aoi,mascara_ancora_mais_proxima,urbano,5894.015,1927.453,3525.445,0.32702,0.59814,1.83,0.01495,512,10452,2015,0,observado (luz) / classificado (mascara do proprio ano),True,True,0.061,0.5909,"Decomposicao de §2.3, executada sob docs/ADR/0015 decisao 4. NAO e particao unica: piso e teto sao as duas envoltorias de uma reparticao sub-pixel indeterminada (luz ~500 m x camadas 30 m, ~278 pixels de camada por pixel de luz). Publicar SEMPRE os dois. `urbano` herda a catraca R2 (ADR 0013; fracao herdada ate 18,0 % em 2025) e a comissao medida em `construido`: acurácia do usuário de `construido` = 0,286–0,625 (docs/ADR/0009; reexecutado em docs/ADR/0014): entre 37,5 % e 71,4 % do que o mapa chama de construído não é. Essa comissao entra inteira na parcela de luz atribuida a urbano. `industrial` e `reassentamento` nao tem R2 (ADR 0014), mas o limiar de `industrial` foi calibrado contra Maus em 2020. Fora dos seis anos-ancora a mascara e de outro ano: selo `interpolado`. Nenhuma quebra anual pode ser lida nesta tabela."
2015,tete_aoi,mascara_ancora_mais_proxima,reassentamento,5894.015,7.896,18.146,0.00134,0.00308,2.3,0.00066,33,10452,2015,0,observado (luz) / classificado (mascara do proprio ano),True,False,,,"Decomposicao de §2.3, executada sob docs/ADR/0015 decisao 4. NAO e particao unica: piso e teto sao as duas envoltorias de uma reparticao sub-pixel indeterminada (luz ~500 m x camadas 30 m, ~278 pixels de camada por pixel de luz). Publicar SEMPRE os dois. `urbano` herda a catraca R2 (ADR 0013; fracao herdada ate 18,0 % em 2025) e a comissao medida em `construido`: acurácia do usuário de `construido` = 0,286–0,625 (docs/ADR/0009; reexecutado em docs/ADR/0014): entre 37,5 % e 71,4 % do que o mapa chama de construído não é. Essa comissao entra inteira na parcela de luz atribuida a urbano. `industrial` e `reassentamento` nao tem R2 (ADR 0014), mas o limiar de `industrial` foi calibrado contra Maus em 2020. Fora dos seis anos-ancora a mascara e de outro ano: selo `interpolado`. Nenhuma quebra anual pode ser lida nesta tabela."
2015,tete_aoi,mascara_ancora_mais_proxima,resto,5894.015,3134.274,685.837,0.53177,0.11636,0.22,0.97175,9532,10452,2015,0,observado (luz) / classificado (mascara do proprio ano),True,False,,,"Decomposicao de §2.3, executada sob docs/ADR/0015 decisao 4. NAO e particao unica: piso e teto sao as duas envoltorias de uma reparticao sub-pixel indeterminada (luz ~500 m x camadas 30 m, ~278 pixels de camada por pixel de luz). Publicar SEMPRE os dois. `urbano` herda a catraca R2 (ADR 0013; fracao herdada ate 18,0 % em 2025) e a comissao medida em `construido`: acurácia do usuário de `construido` = 0,286–0,625 (docs/ADR/0009; reexecutado em docs/ADR/0014): entre 37,5 % e 71,4 % do que o mapa chama de construído não é. Essa comissao entra inteira na parcela de luz atribuida a urbano. `industrial` e `reassentamento` nao tem R2 (ADR 0014), mas o limiar de `industrial` foi calibrado contra Maus em 2020. Fora dos seis anos-ancora a mascara e de outro ano: selo `interpolado`. Nenhuma quebra anual pode ser lida nesta tabela."
2015,tete_aoi,mascara_fixa_2020,industrial,5894.015,777.873,1672.472,0.13198,0.28376,2.15,0.01664,435,10452,2020,5,"interpolado (mascara de outro ano-ancora, nao do ano)",True,False,,,"Decomposicao de §2.3, executada sob docs/ADR/0015 decisao 4. NAO e particao unica: piso e teto sao as duas envoltorias de uma reparticao sub-pixel indeterminada (luz ~500 m x camadas 30 m, ~278 pixels de camada por pixel de luz). Publicar SEMPRE os dois. `urbano` herda a catraca R2 (ADR 0013; fracao herdada ate 18,0 % em 2025) e a comissao medida em `construido`: acurácia do usuário de `construido` = 0,286–0,625 (docs/ADR/0009; reexecutado em docs/ADR/0014): entre 37,5 % e 71,4 % do que o mapa chama de construído não é. Essa comissao entra inteira na parcela de luz atribuida a urbano. `industrial` e `reassentamento` nao tem R2 (ADR 0014), mas o limiar de `industrial` foi calibrado contra Maus em 2020. Fora dos seis anos-ancora a mascara e de outro ano: selo `interpolado`. Nenhuma quebra anual pode ser lida nesta tabela."
2015,tete_aoi,mascara_fixa_2020,urbano,5894.015,2010.647,3547.916,0.34113,0.60195,1.76,0.01582,528,10452,2020,5,"interpolado (mascara de outro ano-ancora, nao do ano)",True,True,0.127,0.4762,"Decomposicao de §2.3, executada sob docs/ADR/0015 decisao 4. NAO e particao unica: piso e teto sao as duas envoltorias de uma reparticao sub-pixel indeterminada (luz ~500 m x camadas 30 m, ~278 pixels de camada por pixel de luz). Publicar SEMPRE os dois. `urbano` herda a catraca R2 (ADR 0013; fracao herdada ate 18,0 % em 2025) e a comissao medida em `construido`: acurácia do usuário de `construido` = 0,286–0,625 (docs/ADR/0009; reexecutado em docs/ADR/0014): entre 37,5 % e 71,4 % do que o mapa chama de construído não é. Essa comissao entra inteira na parcela de luz atribuida a urbano. `industrial` e `reassentamento` nao tem R2 (ADR 0014), mas o limiar de `industrial` foi calibrado contra Maus em 2020. Fora dos seis anos-ancora a mascara e de outro ano: selo `interpolado`. Nenhuma quebra anual pode ser lida nesta tabela."
2015,tete_aoi,mascara_fixa_2020,reassentamento,5894.015,4.093,18.146,0.00069,0.00308,4.43,0.00028,28,10452,2020,5,"interpolado (mascara de outro ano-ancora, nao do ano)",True,False,,,"Decomposicao de §2.3, executada sob docs/ADR/0015 decisao 4. NAO e particao unica: piso e teto sao as duas envoltorias de uma reparticao sub-pixel indeterminada (luz ~500 m x camadas 30 m, ~278 pixels de camada por pixel de luz). Publicar SEMPRE os dois. `urbano` herda a catraca R2 (ADR 0013; fracao herdada ate 18,0 % em 2025) e a comissao medida em `construido`: acurácia do usuário de `construido` = 0,286–0,625 (docs/ADR/0009; reexecutado em docs/ADR/0014): entre 37,5 % e 71,4 % do que o mapa chama de construído não é. Essa comissao entra inteira na parcela de luz atribuida a urbano. `industrial` e `reassentamento` nao tem R2 (ADR 0014), mas o limiar de `industrial` foi calibrado contra Maus em 2020. Fora dos seis anos-ancora a mascara e de outro ano: selo `interpolado`. Nenhuma quebra anual pode ser lida nesta tabela."
2015,tete_aoi,mascara_fixa_2020,resto,5894.015,3101.401,655.481,0.5262,0.11121,0.21,0.96726,9461,10452,2020,5,"interpolado (mascara de outro ano-ancora, nao do ano)",True,False,,,"Decomposicao de §2.3, executada sob docs/ADR/0015 decisao 4. NAO e particao unica: piso e teto sao as duas envoltorias de uma reparticao sub-pixel indeterminada (luz ~500 m x camadas 30 m, ~278 pixels de camada por pixel de luz). Publicar SEMPRE os dois. `urbano` herda a catraca R2 (ADR 0013; fracao herdada ate 18,0 % em 2025) e a comissao medida em `construido`: acurácia do usuário de `construido` = 0,286–0,625 (docs/ADR/0009; reexecutado em docs/ADR/0014): entre 37,5 % e 71,4 % do que o mapa chama de construído não é. Essa comissao entra inteira na parcela de luz atribuida a urbano. `industrial` e `reassentamento` nao tem R2 (ADR 0014), mas o limiar de `industrial` foi calibrado contra Maus em 2020. Fora dos seis anos-ancora a mascara e de outro ano: selo `interpolado`. Nenhuma quebra anual pode ser lida nesta tabela."
2016,tete_aoi,mascara_ancora_mais_proxima,industrial,5597.993,789.215,1671.999,0.14098,0.29868,2.12,0.01265,375,10452,2015,1,"interpolado (mascara de outro ano-ancora, nao do ano)",True,False,,,"Decomposicao de §2.3, executada sob docs/ADR/0015 decisao 4. NAO e particao unica: piso e teto sao as duas envoltorias de uma reparticao sub-pixel indeterminada (luz ~500 m x camadas 30 m, ~278 pixels de camada por pixel de luz). Publicar SEMPRE os dois. `urbano` herda a catraca R2 (ADR 0013; fracao herdada ate 18,0 % em 2025) e a comissao medida em `construido`: acurácia do usuário de `construido` = 0,286–0,625 (docs/ADR/0009; reexecutado em docs/ADR/0014): entre 37,5 % e 71,4 % do que o mapa chama de construído não é. Essa comissao entra inteira na parcela de luz atribuida a urbano. `industrial` e `reassentamento` nao tem R2 (ADR 0014), mas o limiar de `industrial` foi calibrado contra Maus em 2020. Fora dos seis anos-ancora a mascara e de outro ano: selo `interpolado`. Nenhuma quebra anual pode ser lida nesta tabela."
2016,tete_aoi,mascara_ancora_mais_proxima,urbano,5597.993,1715.595,3185.962,0.30647,0.56913,1.86,0.01495,512,10452,2015,1,"interpolado (mascara de outro ano-ancora, nao do ano)",True,True,0.061,0.5909,"Decomposicao de §2.3, executada sob docs/ADR/0015 decisao 4. NAO e particao unica: piso e teto sao as duas envoltorias de uma reparticao sub-pixel indeterminada (luz ~500 m x camadas 30 m, ~278 pixels de camada por pixel de luz). Publicar SEMPRE os dois. `urbano` herda a catraca R2 (ADR 0013; fracao herdada ate 18,0 % em 2025) e a comissao medida em `construido`: acurácia do usuário de `construido` = 0,286–0,625 (docs/ADR/0009; reexecutado em docs/ADR/0014): entre 37,5 % e 71,4 % do que o mapa chama de construído não é. Essa comissao entra inteira na parcela de luz atribuida a urbano. `industrial` e `reassentamento` nao tem R2 (ADR 0014), mas o limiar de `industrial` foi calibrado contra Maus em 2020. Fora dos seis anos-ancora a mascara e de outro ano: selo `interpolado`. Nenhuma quebra anual pode ser lida nesta tabela."
2016,tete_aoi,mascara_ancora_mais_proxima,reassentamento,5597.993,4.716,13.713,0.00084,0.00245,2.91,0.00066,33,10452,2015,1,"interpolado (mascara de outro ano-ancora, nao do ano)",True,False,,,"Decomposicao de §2.3, executada sob docs/ADR/0015 decisao 4. NAO e particao unica: piso e teto sao as duas envoltorias de uma reparticao sub-pixel indeterminada (luz ~500 m x camadas 30 m, ~278 pixels de camada por pixel de luz). Publicar SEMPRE os dois. `urbano` herda a catraca R2 (ADR 0013; fracao herdada ate 18,0 % em 2025) e a comissao medida em `construido`: acurácia do usuário de `construido` = 0,286–0,625 (docs/ADR/0009; reexecutado em docs/ADR/0014): entre 37,5 % e 71,4 % do que o mapa chama de construído não é. Essa comissao entra inteira na parcela de luz atribuida a urbano. `industrial` e `reassentamento` nao tem R2 (ADR 0014), mas o limiar de `industrial` foi calibrado contra Maus em 2020. Fora dos seis anos-ancora a mascara e de outro ano: selo `interpolado`. Nenhuma quebra anual pode ser lida nesta tabela."
2016,tete_aoi,mascara_ancora_mais_proxima,resto,5597.993,3088.467,726.319,0.55171,0.12975,0.24,0.97175,9532,10452,2015,1,"interpolado (mascara de outro ano-ancora, nao do ano)",True,False,,,"Decomposicao de §2.3, executada sob docs/ADR/0015 decisao 4. NAO e particao unica: piso e teto sao as duas envoltorias de uma reparticao sub-pixel indeterminada (luz ~500 m x camadas 30 m, ~278 pixels de camada por pixel de luz). Publicar SEMPRE os dois. `urbano` herda a catraca R2 (ADR 0013; fracao herdada ate 18,0 % em 2025) e a comissao medida em `construido`: acurácia do usuário de `construido` = 0,286–0,625 (docs/ADR/0009; reexecutado em docs/ADR/0014): entre 37,5 % e 71,4 % do que o mapa chama de construído não é. Essa comissao entra inteira na parcela de luz atribuida a urbano. `industrial` e `reassentamento` nao tem R2 (ADR 0014), mas o limiar de `industrial` foi calibrado contra Maus em 2020. Fora dos seis anos-ancora a mascara e de outro ano: selo `interpolado`. Nenhuma quebra anual pode ser lida nesta tabela."
2016,tete_aoi,mascara_fixa_2020,industrial,5597.993,800.222,1721.091,0.14295,0.30745,2.15,0.01664,435,10452,2020,4,"interpolado (mascara de outro ano-ancora, nao do ano)",True,False,,,"Decomposicao de §2.3, executada sob docs/ADR/0015 decisao 4. NAO e particao unica: piso e teto sao as duas envoltorias de uma reparticao sub-pixel indeterminada (luz ~500 m x camadas 30 m, ~278 pixels de camada por pixel de luz). Publicar SEMPRE os dois. `urbano` herda a catraca R2 (ADR 0013; fracao herdada ate 18,0 % em 2025) e a comissao medida em `construido`: acurácia do usuário de `construido` = 0,286–0,625 (docs/ADR/0009; reexecutado em docs/ADR/0014): entre 37,5 % e 71,4 % do que o mapa chama de construído não é. Essa comissao entra inteira na parcela de luz atribuida a urbano. `industrial` e `reassentamento` nao tem R2 (ADR 0014), mas o limiar de `industrial` foi calibrado contra Maus em 2020. Fora dos seis anos-ancora a mascara e de outro ano: selo `interpolado`. Nenhuma quebra anual pode ser lida nesta tabela."
2016,tete_aoi,mascara_fixa_2020,urbano,5597.993,1789.774,3205.867,0.31972,0.57268,1.79,0.01582,528,10452,2020,4,"interpolado (mascara de outro ano-ancora, nao do ano)",True,True,0.127,0.4762,"Decomposicao de §2.3, executada sob docs/ADR/0015 decisao 4. NAO e particao unica: piso e teto sao as duas envoltorias de uma reparticao sub-pixel indeterminada (luz ~500 m x camadas 30 m, ~278 pixels de camada por pixel de luz). Publicar SEMPRE os dois. `urbano` herda a catraca R2 (ADR 0013; fracao herdada ate 18,0 % em 2025) e a comissao medida em `construido`: acurácia do usuário de `construido` = 0,286–0,625 (docs/ADR/0009; reexecutado em docs/ADR/0014): entre 37,5 % e 71,4 % do que o mapa chama de construído não é. Essa comissao entra inteira na parcela de luz atribuida a urbano. `industrial` e `reassentamento` nao tem R2 (ADR 0014), mas o limiar de `industrial` foi calibrado contra Maus em 2020. Fora dos seis anos-ancora a mascara e de outro ano: selo `interpolado`. Nenhuma quebra anual pode ser lida nesta tabela."
2016,tete_aoi,mascara_fixa_2020,reassentamento,5597.993,2.382,13.713,0.00043,0.00245,5.76,0.00028,28,10452,2020,4,"interpolado (mascara de outro ano-ancora, nao do ano)",True,False,,,"Decomposicao de §2.3, executada sob docs/ADR/0015 decisao 4. NAO e particao unica: piso e teto sao as duas envoltorias de uma reparticao sub-pixel indeterminada (luz ~500 m x camadas 30 m, ~278 pixels de camada por pixel de luz). Publicar SEMPRE os dois. `urbano` herda a catraca R2 (ADR 0013; fracao herdada ate 18,0 % em 2025) e a comissao medida em `construido`: acurácia do usuário de `construido` = 0,286–0,625 (docs/ADR/0009; reexecutado em docs/ADR/0014): entre 37,5 % e 71,4 % do que o mapa chama de construído não é. Essa comissao entra inteira na parcela de luz atribuida a urbano. `industrial` e `reassentamento` nao tem R2 (ADR 0014), mas o limiar de `industrial` foi calibrado contra Maus em 2020. Fora dos seis anos-ancora a mascara e de outro ano: selo `interpolado`. Nenhuma quebra anual pode ser lida nesta tabela."
2016,tete_aoi,mascara_fixa_2020,resto,5597.993,3005.615,657.322,0.53691,0.11742,0.22,0.96726,9461,10452,2020,4,"interpolado (mascara de outro ano-ancora, nao do ano)",True,False,,,"Decomposicao de §2.3, executada sob docs/ADR/0015 decisao 4. NAO e particao unica: piso e teto sao as duas envoltorias de uma reparticao sub-pixel indeterminada (luz ~500 m x camadas 30 m, ~278 pixels de camada por pixel de luz). Publicar SEMPRE os dois. `urbano` herda a catraca R2 (ADR 0013; fracao herdada ate 18,0 % em 2025) e a comissao medida em `construido`: acurácia do usuário de `construido` = 0,286–0,625 (docs/ADR/0009; reexecutado em docs/ADR/0014): entre 37,5 % e 71,4 % do que o mapa chama de construído não é. Essa comissao entra inteira na parcela de luz atribuida a urbano. `industrial` e `reassentamento` nao tem R2 (ADR 0014), mas o limiar de `industrial` foi calibrado contra Maus em 2020. Fora dos seis anos-ancora a mascara e de outro ano: selo `interpolado`. Nenhuma quebra anual pode ser lida nesta tabela."
2017,tete_aoi,mascara_ancora_mais_proxima,industrial,6312.871,769.387,1618.81,0.12188,0.25643,2.1,0.01265,375,10452,2015,2,"interpolado (mascara de outro ano-ancora, nao do ano)",True,False,,,"Decomposicao de §2.3, executada sob docs/ADR/0015 decisao 4. NAO e particao unica: piso e teto sao as duas envoltorias de uma reparticao sub-pixel indeterminada (luz ~500 m x camadas 30 m, ~278 pixels de camada por pixel de luz). Publicar SEMPRE os dois. `urbano` herda a catraca R2 (ADR 0013; fracao herdada ate 18,0 % em 2025) e a comissao medida em `construido`: acurácia do usuário de `construido` = 0,286–0,625 (docs/ADR/0009; reexecutado em docs/ADR/0014): entre 37,5 % e 71,4 % do que o mapa chama de construído não é. Essa comissao entra inteira na parcela de luz atribuida a urbano. `industrial` e `reassentamento` nao tem R2 (ADR 0014), mas o limiar de `industrial` foi calibrado contra Maus em 2020. Fora dos seis anos-ancora a mascara e de outro ano: selo `interpolado`. Nenhuma quebra anual pode ser lida nesta tabela."
2017,tete_aoi,mascara_ancora_mais_proxima,urbano,6312.871,2010.136,3736.249,0.31842,0.59185,1.86,0.01495,512,10452,2015,2,"interpolado (mascara de outro ano-ancora, nao do ano)",True,True,0.061,0.5909,"Decomposicao de §2.3, executada sob docs/ADR/0015 decisao 4. NAO e particao unica: piso e teto sao as duas envoltorias de uma reparticao sub-pixel indeterminada (luz ~500 m x camadas 30 m, ~278 pixels de camada por pixel de luz). Publicar SEMPRE os dois. `urbano` herda a catraca R2 (ADR 0013; fracao herdada ate 18,0 % em 2025) e a comissao medida em `construido`: acurácia do usuário de `construido` = 0,286–0,625 (docs/ADR/0009; reexecutado em docs/ADR/0014): entre 37,5 % e 71,4 % do que o mapa chama de construído não é. Essa comissao entra inteira na parcela de luz atribuida a urbano. `industrial` e `reassentamento` nao tem R2 (ADR 0014), mas o limiar de `industrial` foi calibrado contra Maus em 2020. Fora dos seis anos-ancora a mascara e de outro ano: selo `interpolado`. Nenhuma quebra anual pode ser lida nesta tabela."
2017,tete_aoi,mascara_ancora_mais_proxima,reassentamento,6312.871,6.975,23.324,0.0011,0.00369,3.34,0.00066,33,10452,2015,2,"interpolado (mascara de outro ano-ancora, nao do ano)",True,False,,,"Decomposicao de §2.3, executada sob docs/ADR/0015 decisao 4. NAO e particao unica: piso e teto sao as duas envoltorias de uma reparticao sub-pixel indeterminada (luz ~500 m x camadas 30 m, ~278 pixels de camada por pixel de luz). Publicar SEMPRE os dois. `urbano` herda a catraca R2 (ADR 0013; fracao herdada ate 18,0 % em 2025) e a comissao medida em `construido`: acurácia do usuário de `construido` = 0,286–0,625 (docs/ADR/0009; reexecutado em docs/ADR/0014): entre 37,5 % e 71,4 % do que o mapa chama de construído não é. Essa comissao entra inteira na parcela de luz atribuida a urbano. `industrial` e `reassentamento` nao tem R2 (ADR 0014), mas o limiar de `industrial` foi calibrado contra Maus em 2020. Fora dos seis anos-ancora a mascara e de outro ano: selo `interpolado`. Nenhuma quebra anual pode ser lida nesta tabela."
2017,tete_aoi,mascara_ancora_mais_proxima,resto,6312.871,3526.373,934.488,0.5586,0.14803,0.26,0.97175,9532,10452,2015,2,"interpolado (mascara de outro ano-ancora, nao do ano)",True,False,,,"Decomposicao de §2.3, executada sob docs/ADR/0015 decisao 4. NAO e particao unica: piso e teto sao as duas envoltorias de uma reparticao sub-pixel indeterminada (luz ~500 m x camadas 30 m, ~278 pixels de camada por pixel de luz). Publicar SEMPRE os dois. `urbano` herda a catraca R2 (ADR 0013; fracao herdada ate 18,0 % em 2025) e a comissao medida em `construido`: acurácia do usuário de `construido` = 0,286–0,625 (docs/ADR/0009; reexecutado em docs/ADR/0014): entre 37,5 % e 71,4 % do que o mapa chama de construído não é. Essa comissao entra inteira na parcela de luz atribuida a urbano. `industrial` e `reassentamento` nao tem R2 (ADR 0014), mas o limiar de `industrial` foi calibrado contra Maus em 2020. Fora dos seis anos-ancora a mascara e de outro ano: selo `interpolado`. Nenhuma quebra anual pode ser lida nesta tabela."
2017,tete_aoi,mascara_fixa_2020,industrial,6312.871,769.296,1651.589,0.12186,0.26162,2.15,0.01664,435,10452,2020,3,"interpolado (mascara de outro ano-ancora, nao do ano)",True,False,,,"Decomposicao de §2.3, executada sob docs/ADR/0015 decisao 4. NAO e particao unica: piso e teto sao as duas envoltorias de uma reparticao sub-pixel indeterminada (luz ~500 m x camadas 30 m, ~278 pixels de camada por pixel de luz). Publicar SEMPRE os dois. `urbano` herda a catraca R2 (ADR 0013; fracao herdada ate 18,0 % em 2025) e a comissao medida em `construido`: acurácia do usuário de `construido` = 0,286–0,625 (docs/ADR/0009; reexecutado em docs/ADR/0014): entre 37,5 % e 71,4 % do que o mapa chama de construído não é. Essa comissao entra inteira na parcela de luz atribuida a urbano. `industrial` e `reassentamento` nao tem R2 (ADR 0014), mas o limiar de `industrial` foi calibrado contra Maus em 2020. Fora dos seis anos-ancora a mascara e de outro ano: selo `interpolado`. Nenhuma quebra anual pode ser lida nesta tabela."
2017,tete_aoi,mascara_fixa_2020,urbano,6312.871,2101.847,3765.749,0.33295,0.59652,1.79,0.01582,528,10452,2020,3,"interpolado (mascara de outro ano-ancora, nao do ano)",True,True,0.127,0.4762,"Decomposicao de §2.3, executada sob docs/ADR/0015 decisao 4. NAO e particao unica: piso e teto sao as duas envoltorias de uma reparticao sub-pixel indeterminada (luz ~500 m x camadas 30 m, ~278 pixels de camada por pixel de luz). Publicar SEMPRE os dois. `urbano` herda a catraca R2 (ADR 0013; fracao herdada ate 18,0 % em 2025) e a comissao medida em `construido`: acurácia do usuário de `construido` = 0,286–0,625 (docs/ADR/0009; reexecutado em docs/ADR/0014): entre 37,5 % e 71,4 % do que o mapa chama de construído não é. Essa comissao entra inteira na parcela de luz atribuida a urbano. `industrial` e `reassentamento` nao tem R2 (ADR 0014), mas o limiar de `industrial` foi calibrado contra Maus em 2020. Fora dos seis anos-ancora a mascara e de outro ano: selo `interpolado`. Nenhuma quebra anual pode ser lida nesta tabela."
2017,tete_aoi,mascara_fixa_2020,reassentamento,6312.871,3.499,23.324,0.00055,0.00369,6.67,0.00028,28,10452,2020,3,"interpolado (mascara de outro ano-ancora, nao do ano)",True,False,,,"Decomposicao de §2.3, executada sob docs/ADR/0015 decisao 4. NAO e particao unica: piso e teto sao as duas envoltorias de uma reparticao sub-pixel indeterminada (luz ~500 m x camadas 30 m, ~278 pixels de camada por pixel de luz). Publicar SEMPRE os dois. `urbano` herda a catraca R2 (ADR 0013; fracao herdada ate 18,0 % em 2025) e a comissao medida em `construido`: acurácia do usuário de `construido` = 0,286–0,625 (docs/ADR/0009; reexecutado em docs/ADR/0014): entre 37,5 % e 71,4 % do que o mapa chama de construído não é. Essa comissao entra inteira na parcela de luz atribuida a urbano. `industrial` e `reassentamento` nao tem R2 (ADR 0014), mas o limiar de `industrial` foi calibrado contra Maus em 2020. Fora dos seis anos-ancora a mascara e de outro ano: selo `interpolado`. Nenhuma quebra anual pode ser lida nesta tabela."
2017,tete_aoi,mascara_fixa_2020,resto,6312.871,3438.229,872.21,0.54464,0.13816,0.25,0.96726,9461,10452,2020,3,"interpolado (mascara de outro ano-ancora, nao do ano)",True,False,,,"Decomposicao de §2.3, executada sob docs/ADR/0015 decisao 4. NAO e particao unica: piso e teto sao as duas envoltorias de uma reparticao sub-pixel indeterminada (luz ~500 m x camadas 30 m, ~278 pixels de camada por pixel de luz). Publicar SEMPRE os dois. `urbano` herda a catraca R2 (ADR 0013; fracao herdada ate 18,0 % em 2025) e a comissao medida em `construido`: acurácia do usuário de `construido` = 0,286–0,625 (docs/ADR/0009; reexecutado em docs/ADR/0014): entre 37,5 % e 71,4 % do que o mapa chama de construído não é. Essa comissao entra inteira na parcela de luz atribuida a urbano. `industrial` e `reassentamento` nao tem R2 (ADR 0014), mas o limiar de `industrial` foi calibrado contra Maus em 2020. Fora dos seis anos-ancora a mascara e de outro ano: selo `interpolado`. Nenhuma quebra anual pode ser lida nesta tabela."
2018,tete_aoi,mascara_ancora_mais_proxima,industrial,7197.74,959.685,2019.04,0.13333,0.28051,2.1,0.01664,435,10452,2020,2,"interpolado (mascara de outro ano-ancora, nao do ano)",True,False,,,"Decomposicao de §2.3, executada sob docs/ADR/0015 decisao 4. NAO e particao unica: piso e teto sao as duas envoltorias de uma reparticao sub-pixel indeterminada (luz ~500 m x camadas 30 m, ~278 pixels de camada por pixel de luz). Publicar SEMPRE os dois. `urbano` herda a catraca R2 (ADR 0013; fracao herdada ate 18,0 % em 2025) e a comissao medida em `construido`: acurácia do usuário de `construido` = 0,286–0,625 (docs/ADR/0009; reexecutado em docs/ADR/0014): entre 37,5 % e 71,4 % do que o mapa chama de construído não é. Essa comissao entra inteira na parcela de luz atribuida a urbano. `industrial` e `reassentamento` nao tem R2 (ADR 0014), mas o limiar de `industrial` foi calibrado contra Maus em 2020. Fora dos seis anos-ancora a mascara e de outro ano: selo `interpolado`. Nenhuma quebra anual pode ser lida nesta tabela."
2018,tete_aoi,mascara_ancora_mais_proxima,urbano,7197.74,2242.635,4057.47,0.31157,0.56371,1.81,0.01582,528,10452,2020,2,"interpolado (mascara de outro ano-ancora, nao do ano)",True,True,0.127,0.4762,"Decomposicao de §2.3, executada sob docs/ADR/0015 decisao 4. NAO e particao unica: piso e teto sao as duas envoltorias de uma reparticao sub-pixel indeterminada (luz ~500 m x camadas 30 m, ~278 pixels de camada por pixel de luz). Publicar SEMPRE os dois. `urbano` herda a catraca R2 (ADR 0013; fracao herdada ate 18,0 % em 2025) e a comissao medida em `construido`: acurácia do usuário de `construido` = 0,286–0,625 (docs/ADR/0009; reexecutado em docs/ADR/0014): entre 37,5 % e 71,4 % do que o mapa chama de construído não é. Essa comissao entra inteira na parcela de luz atribuida a urbano. `industrial` e `reassentamento` nao tem R2 (ADR 0014), mas o limiar de `industrial` foi calibrado contra Maus em 2020. Fora dos seis anos-ancora a mascara e de outro ano: selo `interpolado`. Nenhuma quebra anual pode ser lida nesta tabela."
2018,tete_aoi,mascara_ancora_mais_proxima,reassentamento,7197.74,3.376,20.38,0.00047,0.00283,6.04,0.00028,28,10452,2020,2,"interpolado (mascara de outro ano-ancora, nao do ano)",True,False,,,"Decomposicao de §2.3, executada sob docs/ADR/0015 decisao 4. NAO e particao unica: piso e teto sao as duas envoltorias de uma reparticao sub-pixel indeterminada (luz ~500 m x camadas 30 m, ~278 pixels de camada por pixel de luz). Publicar SEMPRE os dois. `urbano` herda a catraca R2 (ADR 0013; fracao herdada ate 18,0 % em 2025) e a comissao medida em `construido`: acurácia do usuário de `construido` = 0,286–0,625 (docs/ADR/0009; reexecutado em docs/ADR/0014): entre 37,5 % e 71,4 % do que o mapa chama de construído não é. Essa comissao entra inteira na parcela de luz atribuida a urbano. `industrial` e `reassentamento` nao tem R2 (ADR 0014), mas o limiar de `industrial` foi calibrado contra Maus em 2020. Fora dos seis anos-ancora a mascara e de outro ano: selo `interpolado`. Nenhuma quebra anual pode ser lida nesta tabela."
2018,tete_aoi,mascara_ancora_mais_proxima,resto,7197.74,3992.044,1100.85,0.55462,0.15294,0.28,0.96726,9461,10452,2020,2,"interpolado (mascara de outro ano-ancora, nao do ano)",True,False,,,"Decomposicao de §2.3, executada sob docs/ADR/0015 decisao 4. NAO e particao unica: piso e teto sao as duas envoltorias de uma reparticao sub-pixel indeterminada (luz ~500 m x camadas 30 m, ~278 pixels de camada por pixel de luz). Publicar SEMPRE os dois. `urbano` herda a catraca R2 (ADR 0013; fracao herdada ate 18,0 % em 2025) e a comissao medida em `construido`: acurácia do usuário de `construido` = 0,286–0,625 (docs/ADR/0009; reexecutado em docs/ADR/0014): entre 37,5 % e 71,4 % do que o mapa chama de construído não é. Essa comissao entra inteira na parcela de luz atribuida a urbano. `industrial` e `reassentamento` nao tem R2 (ADR 0014), mas o limiar de `industrial` foi calibrado contra Maus em 2020. Fora dos seis anos-ancora a mascara e de outro ano: selo `interpolado`. Nenhuma quebra anual pode ser lida nesta tabela."
2018,tete_aoi,mascara_fixa_2020,industrial,7197.74,959.685,2019.04,0.13333,0.28051,2.1,0.01664,435,10452,2020,2,"interpolado (mascara de outro ano-ancora, nao do ano)",True,False,,,"Decomposicao de §2.3, executada sob docs/ADR/0015 decisao 4. NAO e particao unica: piso e teto sao as duas envoltorias de uma reparticao sub-pixel indeterminada (luz ~500 m x camadas 30 m, ~278 pixels de camada por pixel de luz). Publicar SEMPRE os dois. `urbano` herda a catraca R2 (ADR 0013; fracao herdada ate 18,0 % em 2025) e a comissao medida em `construido`: acurácia do usuário de `construido` = 0,286–0,625 (docs/ADR/0009; reexecutado em docs/ADR/0014): entre 37,5 % e 71,4 % do que o mapa chama de construído não é. Essa comissao entra inteira na parcela de luz atribuida a urbano. `industrial` e `reassentamento` nao tem R2 (ADR 0014), mas o limiar de `industrial` foi calibrado contra Maus em 2020. Fora dos seis anos-ancora a mascara e de outro ano: selo `interpolado`. Nenhuma quebra anual pode ser lida nesta tabela."
2018,tete_aoi,mascara_fixa_2020,urbano,7197.74,2242.635,4057.47,0.31157,0.56371,1.81,0.01582,528,10452,2020,2,"interpolado (mascara de outro ano-ancora, nao do ano)",True,True,0.127,0.4762,"Decomposicao de §2.3, executada sob docs/ADR/0015 decisao 4. NAO e particao unica: piso e teto sao as duas envoltorias de uma reparticao sub-pixel indeterminada (luz ~500 m x camadas 30 m, ~278 pixels de camada por pixel de luz). Publicar SEMPRE os dois. `urbano` herda a catraca R2 (ADR 0013; fracao herdada ate 18,0 % em 2025) e a comissao medida em `construido`: acurácia do usuário de `construido` = 0,286–0,625 (docs/ADR/0009; reexecutado em docs/ADR/0014): entre 37,5 % e 71,4 % do que o mapa chama de construído não é. Essa comissao entra inteira na parcela de luz atribuida a urbano. `industrial` e `reassentamento` nao tem R2 (ADR 0014), mas o limiar de `industrial` foi calibrado contra Maus em 2020. Fora dos seis anos-ancora a mascara e de outro ano: selo `interpolado`. Nenhuma quebra anual pode ser lida nesta tabela."
2018,tete_aoi,mascara_fixa_2020,reassentamento,7197.74,3.376,20.38,0.00047,0.00283,6.04,0.00028,28,10452,2020,2,"interpolado (mascara de outro ano-ancora, nao do ano)",True,False,,,"Decomposicao de §2.3, executada sob docs/ADR/0015 decisao 4. NAO e particao unica: piso e teto sao as duas envoltorias de uma reparticao sub-pixel indeterminada (luz ~500 m x camadas 30 m, ~278 pixels de camada por pixel de luz). Publicar SEMPRE os dois. `urbano` herda a catraca R2 (ADR 0013; fracao herdada ate 18,0 % em 2025) e a comissao medida em `construido`: acurácia do usuário de `construido` = 0,286–0,625 (docs/ADR/0009; reexecutado em docs/ADR/0014): entre 37,5 % e 71,4 % do que o mapa chama de construído não é. Essa comissao entra inteira na parcela de luz atribuida a urbano. `industrial` e `reassentamento` nao tem R2 (ADR 0014), mas o limiar de `industrial` foi calibrado contra Maus em 2020. Fora dos seis anos-ancora a mascara e de outro ano: selo `interpolado`. Nenhuma quebra anual pode ser lida nesta tabela."
2018,tete_aoi,mascara_fixa_2020,resto,7197.74,3992.044,1100.85,0.55462,0.15294,0.28,0.96726,9461,10452,2020,2,"interpolado (mascara de outro ano-ancora, nao do ano)",True,False,,,"Decomposicao de §2.3, executada sob docs/ADR/0015 decisao 4. NAO e particao unica: piso e teto sao as duas envoltorias de uma reparticao sub-pixel indeterminada (luz ~500 m x camadas 30 m, ~278 pixels de camada por pixel de luz). Publicar SEMPRE os dois. `urbano` herda a catraca R2 (ADR 0013; fracao herdada ate 18,0 % em 2025) e a comissao medida em `construido`: acurácia do usuário de `construido` = 0,286–0,625 (docs/ADR/0009; reexecutado em docs/ADR/0014): entre 37,5 % e 71,4 % do que o mapa chama de construído não é. Essa comissao entra inteira na parcela de luz atribuida a urbano. `industrial` e `reassentamento` nao tem R2 (ADR 0014), mas o limiar de `industrial` foi calibrado contra Maus em 2020. Fora dos seis anos-ancora a mascara e de outro ano: selo `interpolado`. Nenhuma quebra anual pode ser lida nesta tabela."
2019,tete_aoi,mascara_ancora_mais_proxima,industrial,7334.805,984.967,2039.855,0.13429,0.27811,2.07,0.01664,435,10452,2020,1,"interpolado (mascara de outro ano-ancora, nao do ano)",True,False,,,"Decomposicao de §2.3, executada sob docs/ADR/0015 decisao 4. NAO e particao unica: piso e teto sao as duas envoltorias de uma reparticao sub-pixel indeterminada (luz ~500 m x camadas 30 m, ~278 pixels de camada por pixel de luz). Publicar SEMPRE os dois. `urbano` herda a catraca R2 (ADR 0013; fracao herdada ate 18,0 % em 2025) e a comissao medida em `construido`: acurácia do usuário de `construido` = 0,286–0,625 (docs/ADR/0009; reexecutado em docs/ADR/0014): entre 37,5 % e 71,4 % do que o mapa chama de construído não é. Essa comissao entra inteira na parcela de luz atribuida a urbano. `industrial` e `reassentamento` nao tem R2 (ADR 0014), mas o limiar de `industrial` foi calibrado contra Maus em 2020. Fora dos seis anos-ancora a mascara e de outro ano: selo `interpolado`. Nenhuma quebra anual pode ser lida nesta tabela."
2019,tete_aoi,mascara_ancora_mais_proxima,urbano,7334.805,2273.392,4158.91,0.30995,0.56701,1.83,0.01582,528,10452,2020,1,"interpolado (mascara de outro ano-ancora, nao do ano)",True,True,0.127,0.4762,"Decomposicao de §2.3, executada sob docs/ADR/0015 decisao 4. NAO e particao unica: piso e teto sao as duas envoltorias de uma reparticao sub-pixel indeterminada (luz ~500 m x camadas 30 m, ~278 pixels de camada por pixel de luz). Publicar SEMPRE os dois. `urbano` herda a catraca R2 (ADR 0013; fracao herdada ate 18,0 % em 2025) e a comissao medida em `construido`: acurácia do usuário de `construido` = 0,286–0,625 (docs/ADR/0009; reexecutado em docs/ADR/0014): entre 37,5 % e 71,4 % do que o mapa chama de construído não é. Essa comissao entra inteira na parcela de luz atribuida a urbano. `industrial` e `reassentamento` nao tem R2 (ADR 0014), mas o limiar de `industrial` foi calibrado contra Maus em 2020. Fora dos seis anos-ancora a mascara e de outro ano: selo `interpolado`. Nenhuma quebra anual pode ser lida nesta tabela."
2019,tete_aoi,mascara_ancora_mais_proxima,reassentamento,7334.805,3.964,23.43,0.00054,0.00319,5.91,0.00028,28,10452,2020,1,"interpolado (mascara de outro ano-ancora, nao do ano)",True,False,,,"Decomposicao de §2.3, executada sob docs/ADR/0015 decisao 4. NAO e particao unica: piso e teto sao as duas envoltorias de uma reparticao sub-pixel indeterminada (luz ~500 m x camadas 30 m, ~278 pixels de camada por pixel de luz). Publicar SEMPRE os dois. `urbano` herda a catraca R2 (ADR 0013; fracao herdada ate 18,0 % em 2025) e a comissao medida em `construido`: acurácia do usuário de `construido` = 0,286–0,625 (docs/ADR/0009; reexecutado em docs/ADR/0014): entre 37,5 % e 71,4 % do que o mapa chama de construído não é. Essa comissao entra inteira na parcela de luz atribuida a urbano. `industrial` e `reassentamento` nao tem R2 (ADR 0014), mas o limiar de `industrial` foi calibrado contra Maus em 2020. Fora dos seis anos-ancora a mascara e de outro ano: selo `interpolado`. Nenhuma quebra anual pode ser lida nesta tabela."
2019,tete_aoi,mascara_ancora_mais_proxima,resto,7334.805,4072.483,1112.61,0.55523,0.15169,0.27,0.96726,9461,10452,2020,1,"interpolado (mascara de outro ano-ancora, nao do ano)",True,False,,,"Decomposicao de §2.3, executada sob docs/ADR/0015 decisao 4. NAO e particao unica: piso e teto sao as duas envoltorias de uma reparticao sub-pixel indeterminada (luz ~500 m x camadas 30 m, ~278 pixels de camada por pixel de luz). Publicar SEMPRE os dois. `urbano` herda a catraca R2 (ADR 0013; fracao herdada ate 18,0 % em 2025) e a comissao medida em `construido`: acurácia do usuário de `construido` = 0,286–0,625 (docs/ADR/0009; reexecutado em docs/ADR/0014): entre 37,5 % e 71,4 % do que o mapa chama de construído não é. Essa comissao entra inteira na parcela de luz atribuida a urbano. `industrial` e `reassentamento` nao tem R2 (ADR 0014), mas o limiar de `industrial` foi calibrado contra Maus em 2020. Fora dos seis anos-ancora a mascara e de outro ano: selo `interpolado`. Nenhuma quebra anual pode ser lida nesta tabela."
2019,tete_aoi,mascara_fixa_2020,industrial,7334.805,984.967,2039.855,0.13429,0.27811,2.07,0.01664,435,10452,2020,1,"interpolado (mascara de outro ano-ancora, nao do ano)",True,False,,,"Decomposicao de §2.3, executada sob docs/ADR/0015 decisao 4. NAO e particao unica: piso e teto sao as duas envoltorias de uma reparticao sub-pixel indeterminada (luz ~500 m x camadas 30 m, ~278 pixels de camada por pixel de luz). Publicar SEMPRE os dois. `urbano` herda a catraca R2 (ADR 0013; fracao herdada ate 18,0 % em 2025) e a comissao medida em `construido`: acurácia do usuário de `construido` = 0,286–0,625 (docs/ADR/0009; reexecutado em docs/ADR/0014): entre 37,5 % e 71,4 % do que o mapa chama de construído não é. Essa comissao entra inteira na parcela de luz atribuida a urbano. `industrial` e `reassentamento` nao tem R2 (ADR 0014), mas o limiar de `industrial` foi calibrado contra Maus em 2020. Fora dos seis anos-ancora a mascara e de outro ano: selo `interpolado`. Nenhuma quebra anual pode ser lida nesta tabela."
2019,tete_aoi,mascara_fixa_2020,urbano,7334.805,2273.392,4158.91,0.30995,0.56701,1.83,0.01582,528,10452,2020,1,"interpolado (mascara de outro ano-ancora, nao do ano)",True,True,0.127,0.4762,"Decomposicao de §2.3, executada sob docs/ADR/0015 decisao 4. NAO e particao unica: piso e teto sao as duas envoltorias de uma reparticao sub-pixel indeterminada (luz ~500 m x camadas 30 m, ~278 pixels de camada por pixel de luz). Publicar SEMPRE os dois. `urbano` herda a catraca R2 (ADR 0013; fracao herdada ate 18,0 % em 2025) e a comissao medida em `construido`: acurácia do usuário de `construido` = 0,286–0,625 (docs/ADR/0009; reexecutado em docs/ADR/0014): entre 37,5 % e 71,4 % do que o mapa chama de construído não é. Essa comissao entra inteira na parcela de luz atribuida a urbano. `industrial` e `reassentamento` nao tem R2 (ADR 0014), mas o limiar de `industrial` foi calibrado contra Maus em 2020. Fora dos seis anos-ancora a mascara e de outro ano: selo `interpolado`. Nenhuma quebra anual pode ser lida nesta tabela."
2019,tete_aoi,mascara_fixa_2020,reassentamento,7334.805,3.964,23.43,0.00054,0.00319,5.91,0.00028,28,10452,2020,1,"interpolado (mascara de outro ano-ancora, nao do ano)",True,False,,,"Decomposicao de §2.3, executada sob docs/ADR/0015 decisao 4. NAO e particao unica: piso e teto sao as duas envoltorias de uma reparticao sub-pixel indeterminada (luz ~500 m x camadas 30 m, ~278 pixels de camada por pixel de luz). Publicar SEMPRE os dois. `urbano` herda a catraca R2 (ADR 0013; fracao herdada ate 18,0 % em 2025) e a comissao medida em `construido`: acurácia do usuário de `construido` = 0,286–0,625 (docs/ADR/0009; reexecutado em docs/ADR/0014): entre 37,5 % e 71,4 % do que o mapa chama de construído não é. Essa comissao entra inteira na parcela de luz atribuida a urbano. `industrial` e `reassentamento` nao tem R2 (ADR 0014), mas o limiar de `industrial` foi calibrado contra Maus em 2020. Fora dos seis anos-ancora a mascara e de outro ano: selo `interpolado`. Nenhuma quebra anual pode ser lida nesta tabela."
2019,tete_aoi,mascara_fixa_2020,resto,7334.805,4072.483,1112.61,0.55523,0.15169,0.27,0.96726,9461,10452,2020,1,"interpolado (mascara de outro ano-ancora, nao do ano)",True,False,,,"Decomposicao de §2.3, executada sob docs/ADR/0015 decisao 4. NAO e particao unica: piso e teto sao as duas envoltorias de uma reparticao sub-pixel indeterminada (luz ~500 m x camadas 30 m, ~278 pixels de camada por pixel de luz). Publicar SEMPRE os dois. `urbano` herda a catraca R2 (ADR 0013; fracao herdada ate 18,0 % em 2025) e a comissao medida em `construido`: acurácia do usuário de `construido` = 0,286–0,625 (docs/ADR/0009; reexecutado em docs/ADR/0014): entre 37,5 % e 71,4 % do que o mapa chama de construído não é. Essa comissao entra inteira na parcela de luz atribuida a urbano. `industrial` e `reassentamento` nao tem R2 (ADR 0014), mas o limiar de `industrial` foi calibrado contra Maus em 2020. Fora dos seis anos-ancora a mascara e de outro ano: selo `interpolado`. Nenhuma quebra anual pode ser lida nesta tabela."
2020,tete_aoi,mascara_ancora_mais_proxima,industrial,7664.665,999.293,2061.365,0.13038,0.26894,2.06,0.01664,435,10452,2020,0,observado (luz) / classificado (mascara do proprio ano),True,False,,,"Decomposicao de §2.3, executada sob docs/ADR/0015 decisao 4. NAO e particao unica: piso e teto sao as duas envoltorias de uma reparticao sub-pixel indeterminada (luz ~500 m x camadas 30 m, ~278 pixels de camada por pixel de luz). Publicar SEMPRE os dois. `urbano` herda a catraca R2 (ADR 0013; fracao herdada ate 18,0 % em 2025) e a comissao medida em `construido`: acurácia do usuário de `construido` = 0,286–0,625 (docs/ADR/0009; reexecutado em docs/ADR/0014): entre 37,5 % e 71,4 % do que o mapa chama de construído não é. Essa comissao entra inteira na parcela de luz atribuida a urbano. `industrial` e `reassentamento` nao tem R2 (ADR 0014), mas o limiar de `industrial` foi calibrado contra Maus em 2020. Fora dos seis anos-ancora a mascara e de outro ano: selo `interpolado`. Nenhuma quebra anual pode ser lida nesta tabela."
2020,tete_aoi,mascara_ancora_mais_proxima,urbano,7664.665,2261.638,4221.695,0.29507,0.5508,1.87,0.01582,528,10452,2020,0,observado (luz) / classificado (mascara do proprio ano),True,True,0.127,0.4762,"Decomposicao de §2.3, executada sob docs/ADR/0015 decisao 4. NAO e particao unica: piso e teto sao as duas envoltorias de uma reparticao sub-pixel indeterminada (luz ~500 m x camadas 30 m, ~278 pixels de camada por pixel de luz). Publicar SEMPRE os dois. `urbano` herda a catraca R2 (ADR 0013; fracao herdada ate 18,0 % em 2025) e a comissao medida em `construido`: acurácia do usuário de `construido` = 0,286–0,625 (docs/ADR/0009; reexecutado em docs/ADR/0014): entre 37,5 % e 71,4 % do que o mapa chama de construído não é. Essa comissao entra inteira na parcela de luz atribuida a urbano. `industrial` e `reassentamento` nao tem R2 (ADR 0014), mas o limiar de `industrial` foi calibrado contra Maus em 2020. Fora dos seis anos-ancora a mascara e de outro ano: selo `interpolado`. Nenhuma quebra anual pode ser lida nesta tabela."
2020,tete_aoi,mascara_ancora_mais_proxima,reassentamento,7664.665,3.552,21.435,0.00046,0.0028,6.03,0.00028,28,10452,2020,0,observado (luz) / classificado (mascara do proprio ano),True,False,,,"Decomposicao de §2.3, executada sob docs/ADR/0015 decisao 4. NAO e particao unica: piso e teto sao as duas envoltorias de uma reparticao sub-pixel indeterminada (luz ~500 m x camadas 30 m, ~278 pixels de camada por pixel de luz). Publicar SEMPRE os dois. `urbano` herda a catraca R2 (ADR 0013; fracao herdada ate 18,0 % em 2025) e a comissao medida em `construido`: acurácia do usuário de `construido` = 0,286–0,625 (docs/ADR/0009; reexecutado em docs/ADR/0014): entre 37,5 % e 71,4 % do que o mapa chama de construído não é. Essa comissao entra inteira na parcela de luz atribuida a urbano. `industrial` e `reassentamento` nao tem R2 (ADR 0014), mas o limiar de `industrial` foi calibrado contra Maus em 2020. Fora dos seis anos-ancora a mascara e de outro ano: selo `interpolado`. Nenhuma quebra anual pode ser lida nesta tabela."
2020,tete_aoi,mascara_ancora_mais_proxima,resto,7664.665,4400.182,1360.17,0.57409,0.17746,0.31,0.96726,9461,10452,2020,0,observado (luz) / classificado (mascara do proprio ano),True,False,,,"Decomposicao de §2.3, executada sob docs/ADR/0015 decisao 4. NAO e particao unica: piso e teto sao as duas envoltorias de uma reparticao sub-pixel indeterminada (luz ~500 m x camadas 30 m, ~278 pixels de camada por pixel de luz). Publicar SEMPRE os dois. `urbano` herda a catraca R2 (ADR 0013; fracao herdada ate 18,0 % em 2025) e a comissao medida em `construido`: acurácia do usuário de `construido` = 0,286–0,625 (docs/ADR/0009; reexecutado em docs/ADR/0014): entre 37,5 % e 71,4 % do que o mapa chama de construído não é. Essa comissao entra inteira na parcela de luz atribuida a urbano. `industrial` e `reassentamento` nao tem R2 (ADR 0014), mas o limiar de `industrial` foi calibrado contra Maus em 2020. Fora dos seis anos-ancora a mascara e de outro ano: selo `interpolado`. Nenhuma quebra anual pode ser lida nesta tabela."
2020,tete_aoi,mascara_fixa_2020,industrial,7664.665,999.293,2061.365,0.13038,0.26894,2.06,0.01664,435,10452,2020,0,observado (luz) / classificado (mascara do proprio ano),True,False,,,"Decomposicao de §2.3, executada sob docs/ADR/0015 decisao 4. NAO e particao unica: piso e teto sao as duas envoltorias de uma reparticao sub-pixel indeterminada (luz ~500 m x camadas 30 m, ~278 pixels de camada por pixel de luz). Publicar SEMPRE os dois. `urbano` herda a catraca R2 (ADR 0013; fracao herdada ate 18,0 % em 2025) e a comissao medida em `construido`: acurácia do usuário de `construido` = 0,286–0,625 (docs/ADR/0009; reexecutado em docs/ADR/0014): entre 37,5 % e 71,4 % do que o mapa chama de construído não é. Essa comissao entra inteira na parcela de luz atribuida a urbano. `industrial` e `reassentamento` nao tem R2 (ADR 0014), mas o limiar de `industrial` foi calibrado contra Maus em 2020. Fora dos seis anos-ancora a mascara e de outro ano: selo `interpolado`. Nenhuma quebra anual pode ser lida nesta tabela."
2020,tete_aoi,mascara_fixa_2020,urbano,7664.665,2261.638,4221.695,0.29507,0.5508,1.87,0.01582,528,10452,2020,0,observado (luz) / classificado (mascara do proprio ano),True,True,0.127,0.4762,"Decomposicao de §2.3, executada sob docs/ADR/0015 decisao 4. NAO e particao unica: piso e teto sao as duas envoltorias de uma reparticao sub-pixel indeterminada (luz ~500 m x camadas 30 m, ~278 pixels de camada por pixel de luz). Publicar SEMPRE os dois. `urbano` herda a catraca R2 (ADR 0013; fracao herdada ate 18,0 % em 2025) e a comissao medida em `construido`: acurácia do usuário de `construido` = 0,286–0,625 (docs/ADR/0009; reexecutado em docs/ADR/0014): entre 37,5 % e 71,4 % do que o mapa chama de construído não é. Essa comissao entra inteira na parcela de luz atribuida a urbano. `industrial` e `reassentamento` nao tem R2 (ADR 0014), mas o limiar de `industrial` foi calibrado contra Maus em 2020. Fora dos seis anos-ancora a mascara e de outro ano: selo `interpolado`. Nenhuma quebra anual pode ser lida nesta tabela."
2020,tete_aoi,mascara_fixa_2020,reassentamento,7664.665,3.552,21.435,0.00046,0.0028,6.03,0.00028,28,10452,2020,0,observado (luz) / classificado (mascara do proprio ano),True,False,,,"Decomposicao de §2.3, executada sob docs/ADR/0015 decisao 4. NAO e particao unica: piso e teto sao as duas envoltorias de uma reparticao sub-pixel indeterminada (luz ~500 m x camadas 30 m, ~278 pixels de camada por pixel de luz). Publicar SEMPRE os dois. `urbano` herda a catraca R2 (ADR 0013; fracao herdada ate 18,0 % em 2025) e a comissao medida em `construido`: acurácia do usuário de `construido` = 0,286–0,625 (docs/ADR/0009; reexecutado em docs/ADR/0014): entre 37,5 % e 71,4 % do que o mapa chama de construído não é. Essa comissao entra inteira na parcela de luz atribuida a urbano. `industrial` e `reassentamento` nao tem R2 (ADR 0014), mas o limiar de `industrial` foi calibrado contra Maus em 2020. Fora dos seis anos-ancora a mascara e de outro ano: selo `interpolado`. Nenhuma quebra anual pode ser lida nesta tabela."
2020,tete_aoi,mascara_fixa_2020,resto,7664.665,4400.182,1360.17,0.57409,0.17746,0.31,0.96726,9461,10452,2020,0,observado (luz) / classificado (mascara do proprio ano),True,False,,,"Decomposicao de §2.3, executada sob docs/ADR/0015 decisao 4. NAO e particao unica: piso e teto sao as duas envoltorias de uma reparticao sub-pixel indeterminada (luz ~500 m x camadas 30 m, ~278 pixels de camada por pixel de luz). Publicar SEMPRE os dois. `urbano` herda a catraca R2 (ADR 0013; fracao herdada ate 18,0 % em 2025) e a comissao medida em `construido`: acurácia do usuário de `construido` = 0,286–0,625 (docs/ADR/0009; reexecutado em docs/ADR/0014): entre 37,5 % e 71,4 % do que o mapa chama de construído não é. Essa comissao entra inteira na parcela de luz atribuida a urbano. `industrial` e `reassentamento` nao tem R2 (ADR 0014), mas o limiar de `industrial` foi calibrado contra Maus em 2020. Fora dos seis anos-ancora a mascara e de outro ano: selo `interpolado`. Nenhuma quebra anual pode ser lida nesta tabela."
2021,tete_aoi,mascara_ancora_mais_proxima,industrial,7725.575,979.149,2003.705,0.12674,0.25936,2.05,0.01664,435,10452,2020,1,"interpolado (mascara de outro ano-ancora, nao do ano)",True,False,,,"Decomposicao de §2.3, executada sob docs/ADR/0015 decisao 4. NAO e particao unica: piso e teto sao as duas envoltorias de uma reparticao sub-pixel indeterminada (luz ~500 m x camadas 30 m, ~278 pixels de camada por pixel de luz). Publicar SEMPRE os dois. `urbano` herda a catraca R2 (ADR 0013; fracao herdada ate 18,0 % em 2025) e a comissao medida em `construido`: acurácia do usuário de `construido` = 0,286–0,625 (docs/ADR/0009; reexecutado em docs/ADR/0014): entre 37,5 % e 71,4 % do que o mapa chama de construído não é. Essa comissao entra inteira na parcela de luz atribuida a urbano. `industrial` e `reassentamento` nao tem R2 (ADR 0014), mas o limiar de `industrial` foi calibrado contra Maus em 2020. Fora dos seis anos-ancora a mascara e de outro ano: selo `interpolado`. Nenhuma quebra anual pode ser lida nesta tabela."
2021,tete_aoi,mascara_ancora_mais_proxima,urbano,7725.575,2085.228,4024.785,0.26991,0.52097,1.93,0.01582,528,10452,2020,1,"interpolado (mascara de outro ano-ancora, nao do ano)",True,True,0.127,0.4762,"Decomposicao de §2.3, executada sob docs/ADR/0015 decisao 4. NAO e particao unica: piso e teto sao as duas envoltorias de uma reparticao sub-pixel indeterminada (luz ~500 m x camadas 30 m, ~278 pixels de camada por pixel de luz). Publicar SEMPRE os dois. `urbano` herda a catraca R2 (ADR 0013; fracao herdada ate 18,0 % em 2025) e a comissao medida em `construido`: acurácia do usuário de `construido` = 0,286–0,625 (docs/ADR/0009; reexecutado em docs/ADR/0014): entre 37,5 % e 71,4 % do que o mapa chama de construído não é. Essa comissao entra inteira na parcela de luz atribuida a urbano. `industrial` e `reassentamento` nao tem R2 (ADR 0014), mas o limiar de `industrial` foi calibrado contra Maus em 2020. Fora dos seis anos-ancora a mascara e de outro ano: selo `interpolado`. Nenhuma quebra anual pode ser lida nesta tabela."
2021,tete_aoi,mascara_ancora_mais_proxima,reassentamento,7725.575,3.772,24.395,0.00049,0.00316,6.47,0.00028,28,10452,2020,1,"interpolado (mascara de outro ano-ancora, nao do ano)",True,False,,,"Decomposicao de §2.3, executada sob docs/ADR/0015 decisao 4. NAO e particao unica: piso e teto sao as duas envoltorias de uma reparticao sub-pixel indeterminada (luz ~500 m x camadas 30 m, ~278 pixels de camada por pixel de luz). Publicar SEMPRE os dois. `urbano` herda a catraca R2 (ADR 0013; fracao herdada ate 18,0 % em 2025) e a comissao medida em `construido`: acurácia do usuário de `construido` = 0,286–0,625 (docs/ADR/0009; reexecutado em docs/ADR/0014): entre 37,5 % e 71,4 % do que o mapa chama de construído não é. Essa comissao entra inteira na parcela de luz atribuida a urbano. `industrial` e `reassentamento` nao tem R2 (ADR 0014), mas o limiar de `industrial` foi calibrado contra Maus em 2020. Fora dos seis anos-ancora a mascara e de outro ano: selo `interpolado`. Nenhuma quebra anual pode ser lida nesta tabela."
2021,tete_aoi,mascara_ancora_mais_proxima,resto,7725.575,4657.426,1672.69,0.60286,0.21651,0.36,0.96726,9461,10452,2020,1,"interpolado (mascara de outro ano-ancora, nao do ano)",True,False,,,"Decomposicao de §2.3, executada sob docs/ADR/0015 decisao 4. NAO e particao unica: piso e teto sao as duas envoltorias de uma reparticao sub-pixel indeterminada (luz ~500 m x camadas 30 m, ~278 pixels de camada por pixel de luz). Publicar SEMPRE os dois. `urbano` herda a catraca R2 (ADR 0013; fracao herdada ate 18,0 % em 2025) e a comissao medida em `construido`: acurácia do usuário de `construido` = 0,286–0,625 (docs/ADR/0009; reexecutado em docs/ADR/0014): entre 37,5 % e 71,4 % do que o mapa chama de construído não é. Essa comissao entra inteira na parcela de luz atribuida a urbano. `industrial` e `reassentamento` nao tem R2 (ADR 0014), mas o limiar de `industrial` foi calibrado contra Maus em 2020. Fora dos seis anos-ancora a mascara e de outro ano: selo `interpolado`. Nenhuma quebra anual pode ser lida nesta tabela."
2021,tete_aoi,mascara_fixa_2020,industrial,7725.575,979.149,2003.705,0.12674,0.25936,2.05,0.01664,435,10452,2020,1,"interpolado (mascara de outro ano-ancora, nao do ano)",True,False,,,"Decomposicao de §2.3, executada sob docs/ADR/0015 decisao 4. NAO e particao unica: piso e teto sao as duas envoltorias de uma reparticao sub-pixel indeterminada (luz ~500 m x camadas 30 m, ~278 pixels de camada por pixel de luz). Publicar SEMPRE os dois. `urbano` herda a catraca R2 (ADR 0013; fracao herdada ate 18,0 % em 2025) e a comissao medida em `construido`: acurácia do usuário de `construido` = 0,286–0,625 (docs/ADR/0009; reexecutado em docs/ADR/0014): entre 37,5 % e 71,4 % do que o mapa chama de construído não é. Essa comissao entra inteira na parcela de luz atribuida a urbano. `industrial` e `reassentamento` nao tem R2 (ADR 0014), mas o limiar de `industrial` foi calibrado contra Maus em 2020. Fora dos seis anos-ancora a mascara e de outro ano: selo `interpolado`. Nenhuma quebra anual pode ser lida nesta tabela."
2021,tete_aoi,mascara_fixa_2020,urbano,7725.575,2085.228,4024.785,0.26991,0.52097,1.93,0.01582,528,10452,2020,1,"interpolado (mascara de outro ano-ancora, nao do ano)",True,True,0.127,0.4762,"Decomposicao de §2.3, executada sob docs/ADR/0015 decisao 4. NAO e particao unica: piso e teto sao as duas envoltorias de uma reparticao sub-pixel indeterminada (luz ~500 m x camadas 30 m, ~278 pixels de camada por pixel de luz). Publicar SEMPRE os dois. `urbano` herda a catraca R2 (ADR 0013; fracao herdada ate 18,0 % em 2025) e a comissao medida em `construido`: acurácia do usuário de `construido` = 0,286–0,625 (docs/ADR/0009; reexecutado em docs/ADR/0014): entre 37,5 % e 71,4 % do que o mapa chama de construído não é. Essa comissao entra inteira na parcela de luz atribuida a urbano. `industrial` e `reassentamento` nao tem R2 (ADR 0014), mas o limiar de `industrial` foi calibrado contra Maus em 2020. Fora dos seis anos-ancora a mascara e de outro ano: selo `interpolado`. Nenhuma quebra anual pode ser lida nesta tabela."
2021,tete_aoi,mascara_fixa_2020,reassentamento,7725.575,3.772,24.395,0.00049,0.00316,6.47,0.00028,28,10452,2020,1,"interpolado (mascara de outro ano-ancora, nao do ano)",True,False,,,"Decomposicao de §2.3, executada sob docs/ADR/0015 decisao 4. NAO e particao unica: piso e teto sao as duas envoltorias de uma reparticao sub-pixel indeterminada (luz ~500 m x camadas 30 m, ~278 pixels de camada por pixel de luz). Publicar SEMPRE os dois. `urbano` herda a catraca R2 (ADR 0013; fracao herdada ate 18,0 % em 2025) e a comissao medida em `construido`: acurácia do usuário de `construido` = 0,286–0,625 (docs/ADR/0009; reexecutado em docs/ADR/0014): entre 37,5 % e 71,4 % do que o mapa chama de construído não é. Essa comissao entra inteira na parcela de luz atribuida a urbano. `industrial` e `reassentamento` nao tem R2 (ADR 0014), mas o limiar de `industrial` foi calibrado contra Maus em 2020. Fora dos seis anos-ancora a mascara e de outro ano: selo `interpolado`. Nenhuma quebra anual pode ser lida nesta tabela."
2021,tete_aoi,mascara_fixa_2020,resto,7725.575,4657.426,1672.69,0.60286,0.21651,0.36,0.96726,9461,10452,2020,1,"interpolado (mascara de outro ano-ancora, nao do ano)",True,False,,,"Decomposicao de §2.3, executada sob docs/ADR/0015 decisao 4. NAO e particao unica: piso e teto sao as duas envoltorias de uma reparticao sub-pixel indeterminada (luz ~500 m x camadas 30 m, ~278 pixels de camada por pixel de luz). Publicar SEMPRE os dois. `urbano` herda a catraca R2 (ADR 0013; fracao herdada ate 18,0 % em 2025) e a comissao medida em `construido`: acurácia do usuário de `construido` = 0,286–0,625 (docs/ADR/0009; reexecutado em docs/ADR/0014): entre 37,5 % e 71,4 % do que o mapa chama de construído não é. Essa comissao entra inteira na parcela de luz atribuida a urbano. `industrial` e `reassentamento` nao tem R2 (ADR 0014), mas o limiar de `industrial` foi calibrado contra Maus em 2020. Fora dos seis anos-ancora a mascara e de outro ano: selo `interpolado`. Nenhuma quebra anual pode ser lida nesta tabela."
2022,tete_aoi,mascara_ancora_mais_proxima,industrial,7259.21,829.133,1807.36,0.11422,0.24897,2.18,0.01664,435,10452,2020,2,"interpolado (mascara de outro ano-ancora, nao do ano)",True,False,,,"Decomposicao de §2.3, executada sob docs/ADR/0015 decisao 4. NAO e particao unica: piso e teto sao as duas envoltorias de uma reparticao sub-pixel indeterminada (luz ~500 m x camadas 30 m, ~278 pixels de camada por pixel de luz). Publicar SEMPRE os dois. `urbano` herda a catraca R2 (ADR 0013; fracao herdada ate 18,0 % em 2025) e a comissao medida em `construido`: acurácia do usuário de `construido` = 0,286–0,625 (docs/ADR/0009; reexecutado em docs/ADR/0014): entre 37,5 % e 71,4 % do que o mapa chama de construído não é. Essa comissao entra inteira na parcela de luz atribuida a urbano. `industrial` e `reassentamento` nao tem R2 (ADR 0014), mas o limiar de `industrial` foi calibrado contra Maus em 2020. Fora dos seis anos-ancora a mascara e de outro ano: selo `interpolado`. Nenhuma quebra anual pode ser lida nesta tabela."
2022,tete_aoi,mascara_ancora_mais_proxima,urbano,7259.21,2144.352,3955.84,0.2954,0.54494,1.84,0.01582,528,10452,2020,2,"interpolado (mascara de outro ano-ancora, nao do ano)",True,True,0.127,0.4762,"Decomposicao de §2.3, executada sob docs/ADR/0015 decisao 4. NAO e particao unica: piso e teto sao as duas envoltorias de uma reparticao sub-pixel indeterminada (luz ~500 m x camadas 30 m, ~278 pixels de camada por pixel de luz). Publicar SEMPRE os dois. `urbano` herda a catraca R2 (ADR 0013; fracao herdada ate 18,0 % em 2025) e a comissao medida em `construido`: acurácia do usuário de `construido` = 0,286–0,625 (docs/ADR/0009; reexecutado em docs/ADR/0014): entre 37,5 % e 71,4 % do que o mapa chama de construído não é. Essa comissao entra inteira na parcela de luz atribuida a urbano. `industrial` e `reassentamento` nao tem R2 (ADR 0014), mas o limiar de `industrial` foi calibrado contra Maus em 2020. Fora dos seis anos-ancora a mascara e de outro ano: selo `interpolado`. Nenhuma quebra anual pode ser lida nesta tabela."
2022,tete_aoi,mascara_ancora_mais_proxima,reassentamento,7259.21,4.675,27.105,0.00064,0.00373,5.8,0.00028,28,10452,2020,2,"interpolado (mascara de outro ano-ancora, nao do ano)",True,False,,,"Decomposicao de §2.3, executada sob docs/ADR/0015 decisao 4. NAO e particao unica: piso e teto sao as duas envoltorias de uma reparticao sub-pixel indeterminada (luz ~500 m x camadas 30 m, ~278 pixels de camada por pixel de luz). Publicar SEMPRE os dois. `urbano` herda a catraca R2 (ADR 0013; fracao herdada ate 18,0 % em 2025) e a comissao medida em `construido`: acurácia do usuário de `construido` = 0,286–0,625 (docs/ADR/0009; reexecutado em docs/ADR/0014): entre 37,5 % e 71,4 % do que o mapa chama de construído não é. Essa comissao entra inteira na parcela de luz atribuida a urbano. `industrial` e `reassentamento` nao tem R2 (ADR 0014), mas o limiar de `industrial` foi calibrado contra Maus em 2020. Fora dos seis anos-ancora a mascara e de outro ano: selo `interpolado`. Nenhuma quebra anual pode ser lida nesta tabela."
2022,tete_aoi,mascara_ancora_mais_proxima,resto,7259.21,4281.049,1468.905,0.58974,0.20235,0.34,0.96726,9461,10452,2020,2,"interpolado (mascara de outro ano-ancora, nao do ano)",True,False,,,"Decomposicao de §2.3, executada sob docs/ADR/0015 decisao 4. NAO e particao unica: piso e teto sao as duas envoltorias de uma reparticao sub-pixel indeterminada (luz ~500 m x camadas 30 m, ~278 pixels de camada por pixel de luz). Publicar SEMPRE os dois. `urbano` herda a catraca R2 (ADR 0013; fracao herdada ate 18,0 % em 2025) e a comissao medida em `construido`: acurácia do usuário de `construido` = 0,286–0,625 (docs/ADR/0009; reexecutado em docs/ADR/0014): entre 37,5 % e 71,4 % do que o mapa chama de construído não é. Essa comissao entra inteira na parcela de luz atribuida a urbano. `industrial` e `reassentamento` nao tem R2 (ADR 0014), mas o limiar de `industrial` foi calibrado contra Maus em 2020. Fora dos seis anos-ancora a mascara e de outro ano: selo `interpolado`. Nenhuma quebra anual pode ser lida nesta tabela."
2022,tete_aoi,mascara_fixa_2020,industrial,7259.21,829.133,1807.36,0.11422,0.24897,2.18,0.01664,435,10452,2020,2,"interpolado (mascara de outro ano-ancora, nao do ano)",True,False,,,"Decomposicao de §2.3, executada sob docs/ADR/0015 decisao 4. NAO e particao unica: piso e teto sao as duas envoltorias de uma reparticao sub-pixel indeterminada (luz ~500 m x camadas 30 m, ~278 pixels de camada por pixel de luz). Publicar SEMPRE os dois. `urbano` herda a catraca R2 (ADR 0013; fracao herdada ate 18,0 % em 2025) e a comissao medida em `construido`: acurácia do usuário de `construido` = 0,286–0,625 (docs/ADR/0009; reexecutado em docs/ADR/0014): entre 37,5 % e 71,4 % do que o mapa chama de construído não é. Essa comissao entra inteira na parcela de luz atribuida a urbano. `industrial` e `reassentamento` nao tem R2 (ADR 0014), mas o limiar de `industrial` foi calibrado contra Maus em 2020. Fora dos seis anos-ancora a mascara e de outro ano: selo `interpolado`. Nenhuma quebra anual pode ser lida nesta tabela."
2022,tete_aoi,mascara_fixa_2020,urbano,7259.21,2144.352,3955.84,0.2954,0.54494,1.84,0.01582,528,10452,2020,2,"interpolado (mascara de outro ano-ancora, nao do ano)",True,True,0.127,0.4762,"Decomposicao de §2.3, executada sob docs/ADR/0015 decisao 4. NAO e particao unica: piso e teto sao as duas envoltorias de uma reparticao sub-pixel indeterminada (luz ~500 m x camadas 30 m, ~278 pixels de camada por pixel de luz). Publicar SEMPRE os dois. `urbano` herda a catraca R2 (ADR 0013; fracao herdada ate 18,0 % em 2025) e a comissao medida em `construido`: acurácia do usuário de `construido` = 0,286–0,625 (docs/ADR/0009; reexecutado em docs/ADR/0014): entre 37,5 % e 71,4 % do que o mapa chama de construído não é. Essa comissao entra inteira na parcela de luz atribuida a urbano. `industrial` e `reassentamento` nao tem R2 (ADR 0014), mas o limiar de `industrial` foi calibrado contra Maus em 2020. Fora dos seis anos-ancora a mascara e de outro ano: selo `interpolado`. Nenhuma quebra anual pode ser lida nesta tabela."
2022,tete_aoi,mascara_fixa_2020,reassentamento,7259.21,4.675,27.105,0.00064,0.00373,5.8,0.00028,28,10452,2020,2,"interpolado (mascara de outro ano-ancora, nao do ano)",True,False,,,"Decomposicao de §2.3, executada sob docs/ADR/0015 decisao 4. NAO e particao unica: piso e teto sao as duas envoltorias de uma reparticao sub-pixel indeterminada (luz ~500 m x camadas 30 m, ~278 pixels de camada por pixel de luz). Publicar SEMPRE os dois. `urbano` herda a catraca R2 (ADR 0013; fracao herdada ate 18,0 % em 2025) e a comissao medida em `construido`: acurácia do usuário de `construido` = 0,286–0,625 (docs/ADR/0009; reexecutado em docs/ADR/0014): entre 37,5 % e 71,4 % do que o mapa chama de construído não é. Essa comissao entra inteira na parcela de luz atribuida a urbano. `industrial` e `reassentamento` nao tem R2 (ADR 0014), mas o limiar de `industrial` foi calibrado contra Maus em 2020. Fora dos seis anos-ancora a mascara e de outro ano: selo `interpolado`. Nenhuma quebra anual pode ser lida nesta tabela."
2022,tete_aoi,mascara_fixa_2020,resto,7259.21,4281.049,1468.905,0.58974,0.20235,0.34,0.96726,9461,10452,2020,2,"interpolado (mascara de outro ano-ancora, nao do ano)",True,False,,,"Decomposicao de §2.3, executada sob docs/ADR/0015 decisao 4. NAO e particao unica: piso e teto sao as duas envoltorias de uma reparticao sub-pixel indeterminada (luz ~500 m x camadas 30 m, ~278 pixels de camada por pixel de luz). Publicar SEMPRE os dois. `urbano` herda a catraca R2 (ADR 0013; fracao herdada ate 18,0 % em 2025) e a comissao medida em `construido`: acurácia do usuário de `construido` = 0,286–0,625 (docs/ADR/0009; reexecutado em docs/ADR/0014): entre 37,5 % e 71,4 % do que o mapa chama de construído não é. Essa comissao entra inteira na parcela de luz atribuida a urbano. `industrial` e `reassentamento` nao tem R2 (ADR 0014), mas o limiar de `industrial` foi calibrado contra Maus em 2020. Fora dos seis anos-ancora a mascara e de outro ano: selo `interpolado`. Nenhuma quebra anual pode ser lida nesta tabela."
2023,tete_aoi,mascara_ancora_mais_proxima,industrial,8384.54,1228.685,2120.435,0.14654,0.2529,1.73,0.02273,489,10452,2025,2,"interpolado (mascara de outro ano-ancora, nao do ano)",True,False,,,"Decomposicao de §2.3, executada sob docs/ADR/0015 decisao 4. NAO e particao unica: piso e teto sao as duas envoltorias de uma reparticao sub-pixel indeterminada (luz ~500 m x camadas 30 m, ~278 pixels de camada por pixel de luz). Publicar SEMPRE os dois. `urbano` herda a catraca R2 (ADR 0013; fracao herdada ate 18,0 % em 2025) e a comissao medida em `construido`: acurácia do usuário de `construido` = 0,286–0,625 (docs/ADR/0009; reexecutado em docs/ADR/0014): entre 37,5 % e 71,4 % do que o mapa chama de construído não é. Essa comissao entra inteira na parcela de luz atribuida a urbano. `industrial` e `reassentamento` nao tem R2 (ADR 0014), mas o limiar de `industrial` foi calibrado contra Maus em 2020. Fora dos seis anos-ancora a mascara e de outro ano: selo `interpolado`. Nenhuma quebra anual pode ser lida nesta tabela."
2023,tete_aoi,mascara_ancora_mais_proxima,urbano,8384.54,2658.291,4772.685,0.31705,0.56922,1.8,0.01728,586,10452,2025,2,"interpolado (mascara de outro ano-ancora, nao do ano)",True,True,0.18,0.625,"Decomposicao de §2.3, executada sob docs/ADR/0015 decisao 4. NAO e particao unica: piso e teto sao as duas envoltorias de uma reparticao sub-pixel indeterminada (luz ~500 m x camadas 30 m, ~278 pixels de camada por pixel de luz). Publicar SEMPRE os dois. `urbano` herda a catraca R2 (ADR 0013; fracao herdada ate 18,0 % em 2025) e a comissao medida em `construido`: acurácia do usuário de `construido` = 0,286–0,625 (docs/ADR/0009; reexecutado em docs/ADR/0014): entre 37,5 % e 71,4 % do que o mapa chama de construído não é. Essa comissao entra inteira na parcela de luz atribuida a urbano. `industrial` e `reassentamento` nao tem R2 (ADR 0014), mas o limiar de `industrial` foi calibrado contra Maus em 2020. Fora dos seis anos-ancora a mascara e de outro ano: selo `interpolado`. Nenhuma quebra anual pode ser lida nesta tabela."
2023,tete_aoi,mascara_ancora_mais_proxima,reassentamento,8384.54,5.803,27.185,0.00069,0.00324,4.68,0.00044,33,10452,2025,2,"interpolado (mascara de outro ano-ancora, nao do ano)",True,False,,,"Decomposicao de §2.3, executada sob docs/ADR/0015 decisao 4. NAO e particao unica: piso e teto sao as duas envoltorias de uma reparticao sub-pixel indeterminada (luz ~500 m x camadas 30 m, ~278 pixels de camada por pixel de luz). Publicar SEMPRE os dois. `urbano` herda a catraca R2 (ADR 0013; fracao herdada ate 18,0 % em 2025) e a comissao medida em `construido`: acurácia do usuário de `construido` = 0,286–0,625 (docs/ADR/0009; reexecutado em docs/ADR/0014): entre 37,5 % e 71,4 % do que o mapa chama de construído não é. Essa comissao entra inteira na parcela de luz atribuida a urbano. `industrial` e `reassentamento` nao tem R2 (ADR 0014), mas o limiar de `industrial` foi calibrado contra Maus em 2020. Fora dos seis anos-ancora a mascara e de outro ano: selo `interpolado`. Nenhuma quebra anual pode ser lida nesta tabela."
2023,tete_aoi,mascara_ancora_mais_proxima,resto,8384.54,4491.761,1464.235,0.53572,0.17464,0.33,0.95956,9344,10452,2025,2,"interpolado (mascara de outro ano-ancora, nao do ano)",True,False,,,"Decomposicao de §2.3, executada sob docs/ADR/0015 decisao 4. NAO e particao unica: piso e teto sao as duas envoltorias de uma reparticao sub-pixel indeterminada (luz ~500 m x camadas 30 m, ~278 pixels de camada por pixel de luz). Publicar SEMPRE os dois. `urbano` herda a catraca R2 (ADR 0013; fracao herdada ate 18,0 % em 2025) e a comissao medida em `construido`: acurácia do usuário de `construido` = 0,286–0,625 (docs/ADR/0009; reexecutado em docs/ADR/0014): entre 37,5 % e 71,4 % do que o mapa chama de construído não é. Essa comissao entra inteira na parcela de luz atribuida a urbano. `industrial` e `reassentamento` nao tem R2 (ADR 0014), mas o limiar de `industrial` foi calibrado contra Maus em 2020. Fora dos seis anos-ancora a mascara e de outro ano: selo `interpolado`. Nenhuma quebra anual pode ser lida nesta tabela."
2023,tete_aoi,mascara_fixa_2020,industrial,8384.54,884.336,2014.25,0.10547,0.24023,2.28,0.01664,435,10452,2020,3,"interpolado (mascara de outro ano-ancora, nao do ano)",True,False,,,"Decomposicao de §2.3, executada sob docs/ADR/0015 decisao 4. NAO e particao unica: piso e teto sao as duas envoltorias de uma reparticao sub-pixel indeterminada (luz ~500 m x camadas 30 m, ~278 pixels de camada por pixel de luz). Publicar SEMPRE os dois. `urbano` herda a catraca R2 (ADR 0013; fracao herdada ate 18,0 % em 2025) e a comissao medida em `construido`: acurácia do usuário de `construido` = 0,286–0,625 (docs/ADR/0009; reexecutado em docs/ADR/0014): entre 37,5 % e 71,4 % do que o mapa chama de construído não é. Essa comissao entra inteira na parcela de luz atribuida a urbano. `industrial` e `reassentamento` nao tem R2 (ADR 0014), mas o limiar de `industrial` foi calibrado contra Maus em 2020. Fora dos seis anos-ancora a mascara e de outro ano: selo `interpolado`. Nenhuma quebra anual pode ser lida nesta tabela."
2023,tete_aoi,mascara_fixa_2020,urbano,8384.54,2478.977,4631.685,0.29566,0.55241,1.87,0.01582,528,10452,2020,3,"interpolado (mascara de outro ano-ancora, nao do ano)",True,True,0.127,0.4762,"Decomposicao de §2.3, executada sob docs/ADR/0015 decisao 4. NAO e particao unica: piso e teto sao as duas envoltorias de uma reparticao sub-pixel indeterminada (luz ~500 m x camadas 30 m, ~278 pixels de camada por pixel de luz). Publicar SEMPRE os dois. `urbano` herda a catraca R2 (ADR 0013; fracao herdada ate 18,0 % em 2025) e a comissao medida em `construido`: acurácia do usuário de `construido` = 0,286–0,625 (docs/ADR/0009; reexecutado em docs/ADR/0014): entre 37,5 % e 71,4 % do que o mapa chama de construído não é. Essa comissao entra inteira na parcela de luz atribuida a urbano. `industrial` e `reassentamento` nao tem R2 (ADR 0014), mas o limiar de `industrial` foi calibrado contra Maus em 2020. Fora dos seis anos-ancora a mascara e de outro ano: selo `interpolado`. Nenhuma quebra anual pode ser lida nesta tabela."
2023,tete_aoi,mascara_fixa_2020,reassentamento,8384.54,5.305,27.185,0.00063,0.00324,5.12,0.00028,28,10452,2020,3,"interpolado (mascara de outro ano-ancora, nao do ano)",True,False,,,"Decomposicao de §2.3, executada sob docs/ADR/0015 decisao 4. NAO e particao unica: piso e teto sao as duas envoltorias de uma reparticao sub-pixel indeterminada (luz ~500 m x camadas 30 m, ~278 pixels de camada por pixel de luz). Publicar SEMPRE os dois. `urbano` herda a catraca R2 (ADR 0013; fracao herdada ate 18,0 % em 2025) e a comissao medida em `construido`: acurácia do usuário de `construido` = 0,286–0,625 (docs/ADR/0009; reexecutado em docs/ADR/0014): entre 37,5 % e 71,4 % do que o mapa chama de construído não é. Essa comissao entra inteira na parcela de luz atribuida a urbano. `industrial` e `reassentamento` nao tem R2 (ADR 0014), mas o limiar de `industrial` foi calibrado contra Maus em 2020. Fora dos seis anos-ancora a mascara e de outro ano: selo `interpolado`. Nenhuma quebra anual pode ser lida nesta tabela."
2023,tete_aoi,mascara_fixa_2020,resto,8384.54,5015.922,1711.42,0.59823,0.20412,0.34,0.96726,9461,10452,2020,3,"interpolado (mascara de outro ano-ancora, nao do ano)",True,False,,,"Decomposicao de §2.3, executada sob docs/ADR/0015 decisao 4. NAO e particao unica: piso e teto sao as duas envoltorias de uma reparticao sub-pixel indeterminada (luz ~500 m x camadas 30 m, ~278 pixels de camada por pixel de luz). Publicar SEMPRE os dois. `urbano` herda a catraca R2 (ADR 0013; fracao herdada ate 18,0 % em 2025) e a comissao medida em `construido`: acurácia do usuário de `construido` = 0,286–0,625 (docs/ADR/0009; reexecutado em docs/ADR/0014): entre 37,5 % e 71,4 % do que o mapa chama de construído não é. Essa comissao entra inteira na parcela de luz atribuida a urbano. `industrial` e `reassentamento` nao tem R2 (ADR 0014), mas o limiar de `industrial` foi calibrado contra Maus em 2020. Fora dos seis anos-ancora a mascara e de outro ano: selo `interpolado`. Nenhuma quebra anual pode ser lida nesta tabela."
2024,tete_aoi,mascara_ancora_mais_proxima,industrial,8694.23,1313.333,2179.76,0.15106,0.25071,1.66,0.02273,489,10452,2025,1,"interpolado (mascara de outro ano-ancora, nao do ano)",True,False,,,"Decomposicao de §2.3, executada sob docs/ADR/0015 decisao 4. NAO e particao unica: piso e teto sao as duas envoltorias de uma reparticao sub-pixel indeterminada (luz ~500 m x camadas 30 m, ~278 pixels de camada por pixel de luz). Publicar SEMPRE os dois. `urbano` herda a catraca R2 (ADR 0013; fracao herdada ate 18,0 % em 2025) e a comissao medida em `construido`: acurácia do usuário de `construido` = 0,286–0,625 (docs/ADR/0009; reexecutado em docs/ADR/0014): entre 37,5 % e 71,4 % do que o mapa chama de construído não é. Essa comissao entra inteira na parcela de luz atribuida a urbano. `industrial` e `reassentamento` nao tem R2 (ADR 0014), mas o limiar de `industrial` foi calibrado contra Maus em 2020. Fora dos seis anos-ancora a mascara e de outro ano: selo `interpolado`. Nenhuma quebra anual pode ser lida nesta tabela."
2024,tete_aoi,mascara_ancora_mais_proxima,urbano,8694.23,2713.302,4926.11,0.31208,0.5666,1.82,0.01728,586,10452,2025,1,"interpolado (mascara de outro ano-ancora, nao do ano)",True,True,0.18,0.625,"Decomposicao de §2.3, executada sob docs/ADR/0015 decisao 4. NAO e particao unica: piso e teto sao as duas envoltorias de uma reparticao sub-pixel indeterminada (luz ~500 m x camadas 30 m, ~278 pixels de camada por pixel de luz). Publicar SEMPRE os dois. `urbano` herda a catraca R2 (ADR 0013; fracao herdada ate 18,0 % em 2025) e a comissao medida em `construido`: acurácia do usuário de `construido` = 0,286–0,625 (docs/ADR/0009; reexecutado em docs/ADR/0014): entre 37,5 % e 71,4 % do que o mapa chama de construído não é. Essa comissao entra inteira na parcela de luz atribuida a urbano. `industrial` e `reassentamento` nao tem R2 (ADR 0014), mas o limiar de `industrial` foi calibrado contra Maus em 2020. Fora dos seis anos-ancora a mascara e de outro ano: selo `interpolado`. Nenhuma quebra anual pode ser lida nesta tabela."
2024,tete_aoi,mascara_ancora_mais_proxima,reassentamento,8694.23,5.144,24.075,0.00059,0.00277,4.68,0.00044,33,10452,2025,1,"interpolado (mascara de outro ano-ancora, nao do ano)",True,False,,,"Decomposicao de §2.3, executada sob docs/ADR/0015 decisao 4. NAO e particao unica: piso e teto sao as duas envoltorias de uma reparticao sub-pixel indeterminada (luz ~500 m x camadas 30 m, ~278 pixels de camada por pixel de luz). Publicar SEMPRE os dois. `urbano` herda a catraca R2 (ADR 0013; fracao herdada ate 18,0 % em 2025) e a comissao medida em `construido`: acurácia do usuário de `construido` = 0,286–0,625 (docs/ADR/0009; reexecutado em docs/ADR/0014): entre 37,5 % e 71,4 % do que o mapa chama de construído não é. Essa comissao entra inteira na parcela de luz atribuida a urbano. `industrial` e `reassentamento` nao tem R2 (ADR 0014), mas o limiar de `industrial` foi calibrado contra Maus em 2020. Fora dos seis anos-ancora a mascara e de outro ano: selo `interpolado`. Nenhuma quebra anual pode ser lida nesta tabela."
2024,tete_aoi,mascara_ancora_mais_proxima,resto,8694.23,4662.451,1564.285,0.53627,0.17992,0.34,0.95956,9344,10452,2025,1,"interpolado (mascara de outro ano-ancora, nao do ano)",True,False,,,"Decomposicao de §2.3, executada sob docs/ADR/0015 decisao 4. NAO e particao unica: piso e teto sao as duas envoltorias de uma reparticao sub-pixel indeterminada (luz ~500 m x camadas 30 m, ~278 pixels de camada por pixel de luz). Publicar SEMPRE os dois. `urbano` herda a catraca R2 (ADR 0013; fracao herdada ate 18,0 % em 2025) e a comissao medida em `construido`: acurácia do usuário de `construido` = 0,286–0,625 (docs/ADR/0009; reexecutado em docs/ADR/0014): entre 37,5 % e 71,4 % do que o mapa chama de construído não é. Essa comissao entra inteira na parcela de luz atribuida a urbano. `industrial` e `reassentamento` nao tem R2 (ADR 0014), mas o limiar de `industrial` foi calibrado contra Maus em 2020. Fora dos seis anos-ancora a mascara e de outro ano: selo `interpolado`. Nenhuma quebra anual pode ser lida nesta tabela."
2024,tete_aoi,mascara_fixa_2020,industrial,8694.23,944.367,2069.625,0.10862,0.23805,2.19,0.01664,435,10452,2020,4,"interpolado (mascara de outro ano-ancora, nao do ano)",True,False,,,"Decomposicao de §2.3, executada sob docs/ADR/0015 decisao 4. NAO e particao unica: piso e teto sao as duas envoltorias de uma reparticao sub-pixel indeterminada (luz ~500 m x camadas 30 m, ~278 pixels de camada por pixel de luz). Publicar SEMPRE os dois. `urbano` herda a catraca R2 (ADR 0013; fracao herdada ate 18,0 % em 2025) e a comissao medida em `construido`: acurácia do usuário de `construido` = 0,286–0,625 (docs/ADR/0009; reexecutado em docs/ADR/0014): entre 37,5 % e 71,4 % do que o mapa chama de construído não é. Essa comissao entra inteira na parcela de luz atribuida a urbano. `industrial` e `reassentamento` nao tem R2 (ADR 0014), mas o limiar de `industrial` foi calibrado contra Maus em 2020. Fora dos seis anos-ancora a mascara e de outro ano: selo `interpolado`. Nenhuma quebra anual pode ser lida nesta tabela."
2024,tete_aoi,mascara_fixa_2020,urbano,8694.23,2527.678,4780.04,0.29073,0.54979,1.89,0.01582,528,10452,2020,4,"interpolado (mascara de outro ano-ancora, nao do ano)",True,True,0.127,0.4762,"Decomposicao de §2.3, executada sob docs/ADR/0015 decisao 4. NAO e particao unica: piso e teto sao as duas envoltorias de uma reparticao sub-pixel indeterminada (luz ~500 m x camadas 30 m, ~278 pixels de camada por pixel de luz). Publicar SEMPRE os dois. `urbano` herda a catraca R2 (ADR 0013; fracao herdada ate 18,0 % em 2025) e a comissao medida em `construido`: acurácia do usuário de `construido` = 0,286–0,625 (docs/ADR/0009; reexecutado em docs/ADR/0014): entre 37,5 % e 71,4 % do que o mapa chama de construído não é. Essa comissao entra inteira na parcela de luz atribuida a urbano. `industrial` e `reassentamento` nao tem R2 (ADR 0014), mas o limiar de `industrial` foi calibrado contra Maus em 2020. Fora dos seis anos-ancora a mascara e de outro ano: selo `interpolado`. Nenhuma quebra anual pode ser lida nesta tabela."
2024,tete_aoi,mascara_fixa_2020,reassentamento,8694.23,4.779,24.075,0.00055,0.00277,5.04,0.00028,28,10452,2020,4,"interpolado (mascara de outro ano-ancora, nao do ano)",True,False,,,"Decomposicao de §2.3, executada sob docs/ADR/0015 decisao 4. NAO e particao unica: piso e teto sao as duas envoltorias de uma reparticao sub-pixel indeterminada (luz ~500 m x camadas 30 m, ~278 pixels de camada por pixel de luz). Publicar SEMPRE os dois. `urbano` herda a catraca R2 (ADR 0013; fracao herdada ate 18,0 % em 2025) e a comissao medida em `construido`: acurácia do usuário de `construido` = 0,286–0,625 (docs/ADR/0009; reexecutado em docs/ADR/0014): entre 37,5 % e 71,4 % do que o mapa chama de construído não é. Essa comissao entra inteira na parcela de luz atribuida a urbano. `industrial` e `reassentamento` nao tem R2 (ADR 0014), mas o limiar de `industrial` foi calibrado contra Maus em 2020. Fora dos seis anos-ancora a mascara e de outro ano: selo `interpolado`. Nenhuma quebra anual pode ser lida nesta tabela."
2024,tete_aoi,mascara_fixa_2020,resto,8694.23,5217.406,1820.49,0.6001,0.20939,0.35,0.96726,9461,10452,2020,4,"interpolado (mascara de outro ano-ancora, nao do ano)",True,False,,,"Decomposicao de §2.3, executada sob docs/ADR/0015 decisao 4. NAO e particao unica: piso e teto sao as duas envoltorias de uma reparticao sub-pixel indeterminada (luz ~500 m x camadas 30 m, ~278 pixels de camada por pixel de luz). Publicar SEMPRE os dois. `urbano` herda a catraca R2 (ADR 0013; fracao herdada ate 18,0 % em 2025) e a comissao medida em `construido`: acurácia do usuário de `construido` = 0,286–0,625 (docs/ADR/0009; reexecutado em docs/ADR/0014): entre 37,5 % e 71,4 % do que o mapa chama de construído não é. Essa comissao entra inteira na parcela de luz atribuida a urbano. `industrial` e `reassentamento` nao tem R2 (ADR 0014), mas o limiar de `industrial` foi calibrado contra Maus em 2020. Fora dos seis anos-ancora a mascara e de outro ano: selo `interpolado`. Nenhuma quebra anual pode ser lida nesta tabela."
2025,tete_aoi,mascara_ancora_mais_proxima,industrial,9366.065,1204.999,2066.91,0.12866,0.22068,1.72,0.02273,489,10452,2025,0,observado (luz) / classificado (mascara do proprio ano),True,False,,,"Decomposicao de §2.3, executada sob docs/ADR/0015 decisao 4. NAO e particao unica: piso e teto sao as duas envoltorias de uma reparticao sub-pixel indeterminada (luz ~500 m x camadas 30 m, ~278 pixels de camada por pixel de luz). Publicar SEMPRE os dois. `urbano` herda a catraca R2 (ADR 0013; fracao herdada ate 18,0 % em 2025) e a comissao medida em `construido`: acurácia do usuário de `construido` = 0,286–0,625 (docs/ADR/0009; reexecutado em docs/ADR/0014): entre 37,5 % e 71,4 % do que o mapa chama de construído não é. Essa comissao entra inteira na parcela de luz atribuida a urbano. `industrial` e `reassentamento` nao tem R2 (ADR 0014), mas o limiar de `industrial` foi calibrado contra Maus em 2020. Fora dos seis anos-ancora a mascara e de outro ano: selo `interpolado`. Nenhuma quebra anual pode ser lida nesta tabela."
2025,tete_aoi,mascara_ancora_mais_proxima,urbano,9366.065,3017.208,5489.325,0.32214,0.58609,1.82,0.01728,586,10452,2025,0,observado (luz) / classificado (mascara do proprio ano),True,True,0.18,0.625,"Decomposicao de §2.3, executada sob docs/ADR/0015 decisao 4. NAO e particao unica: piso e teto sao as duas envoltorias de uma reparticao sub-pixel indeterminada (luz ~500 m x camadas 30 m, ~278 pixels de camada por pixel de luz). Publicar SEMPRE os dois. `urbano` herda a catraca R2 (ADR 0013; fracao herdada ate 18,0 % em 2025) e a comissao medida em `construido`: acurácia do usuário de `construido` = 0,286–0,625 (docs/ADR/0009; reexecutado em docs/ADR/0014): entre 37,5 % e 71,4 % do que o mapa chama de construído não é. Essa comissao entra inteira na parcela de luz atribuida a urbano. `industrial` e `reassentamento` nao tem R2 (ADR 0014), mas o limiar de `industrial` foi calibrado contra Maus em 2020. Fora dos seis anos-ancora a mascara e de outro ano: selo `interpolado`. Nenhuma quebra anual pode ser lida nesta tabela."
2025,tete_aoi,mascara_ancora_mais_proxima,reassentamento,9366.065,5.383,28.54,0.00057,0.00305,5.3,0.00044,33,10452,2025,0,observado (luz) / classificado (mascara do proprio ano),True,False,,,"Decomposicao de §2.3, executada sob docs/ADR/0015 decisao 4. NAO e particao unica: piso e teto sao as duas envoltorias de uma reparticao sub-pixel indeterminada (luz ~500 m x camadas 30 m, ~278 pixels de camada por pixel de luz). Publicar SEMPRE os dois. `urbano` herda a catraca R2 (ADR 0013; fracao herdada ate 18,0 % em 2025) e a comissao medida em `construido`: acurácia do usuário de `construido` = 0,286–0,625 (docs/ADR/0009; reexecutado em docs/ADR/0014): entre 37,5 % e 71,4 % do que o mapa chama de construído não é. Essa comissao entra inteira na parcela de luz atribuida a urbano. `industrial` e `reassentamento` nao tem R2 (ADR 0014), mas o limiar de `industrial` foi calibrado contra Maus em 2020. Fora dos seis anos-ancora a mascara e de outro ano: selo `interpolado`. Nenhuma quebra anual pode ser lida nesta tabela."
2025,tete_aoi,mascara_ancora_mais_proxima,resto,9366.065,5138.476,1781.29,0.54863,0.19019,0.35,0.95956,9344,10452,2025,0,observado (luz) / classificado (mascara do proprio ano),True,False,,,"Decomposicao de §2.3, executada sob docs/ADR/0015 decisao 4. NAO e particao unica: piso e teto sao as duas envoltorias de uma reparticao sub-pixel indeterminada (luz ~500 m x camadas 30 m, ~278 pixels de camada por pixel de luz). Publicar SEMPRE os dois. `urbano` herda a catraca R2 (ADR 0013; fracao herdada ate 18,0 % em 2025) e a comissao medida em `construido`: acurácia do usuário de `construido` = 0,286–0,625 (docs/ADR/0009; reexecutado em docs/ADR/0014): entre 37,5 % e 71,4 % do que o mapa chama de construído não é. Essa comissao entra inteira na parcela de luz atribuida a urbano. `industrial` e `reassentamento` nao tem R2 (ADR 0014), mas o limiar de `industrial` foi calibrado contra Maus em 2020. Fora dos seis anos-ancora a mascara e de outro ano: selo `interpolado`. Nenhuma quebra anual pode ser lida nesta tabela."
2025,tete_aoi,mascara_fixa_2020,industrial,9366.065,842.719,1918.44,0.08998,0.20483,2.28,0.01664,435,10452,2020,5,"interpolado (mascara de outro ano-ancora, nao do ano)",True,False,,,"Decomposicao de §2.3, executada sob docs/ADR/0015 decisao 4. NAO e particao unica: piso e teto sao as duas envoltorias de uma reparticao sub-pixel indeterminada (luz ~500 m x camadas 30 m, ~278 pixels de camada por pixel de luz). Publicar SEMPRE os dois. `urbano` herda a catraca R2 (ADR 0013; fracao herdada ate 18,0 % em 2025) e a comissao medida em `construido`: acurácia do usuário de `construido` = 0,286–0,625 (docs/ADR/0009; reexecutado em docs/ADR/0014): entre 37,5 % e 71,4 % do que o mapa chama de construído não é. Essa comissao entra inteira na parcela de luz atribuida a urbano. `industrial` e `reassentamento` nao tem R2 (ADR 0014), mas o limiar de `industrial` foi calibrado contra Maus em 2020. Fora dos seis anos-ancora a mascara e de outro ano: selo `interpolado`. Nenhuma quebra anual pode ser lida nesta tabela."
2025,tete_aoi,mascara_fixa_2020,urbano,9366.065,2808.363,5328.13,0.29984,0.56888,1.9,0.01582,528,10452,2020,5,"interpolado (mascara de outro ano-ancora, nao do ano)",True,True,0.127,0.4762,"Decomposicao de §2.3, executada sob docs/ADR/0015 decisao 4. NAO e particao unica: piso e teto sao as duas envoltorias de uma reparticao sub-pixel indeterminada (luz ~500 m x camadas 30 m, ~278 pixels de camada por pixel de luz). Publicar SEMPRE os dois. `urbano` herda a catraca R2 (ADR 0013; fracao herdada ate 18,0 % em 2025) e a comissao medida em `construido`: acurácia do usuário de `construido` = 0,286–0,625 (docs/ADR/0009; reexecutado em docs/ADR/0014): entre 37,5 % e 71,4 % do que o mapa chama de construído não é. Essa comissao entra inteira na parcela de luz atribuida a urbano. `industrial` e `reassentamento` nao tem R2 (ADR 0014), mas o limiar de `industrial` foi calibrado contra Maus em 2020. Fora dos seis anos-ancora a mascara e de outro ano: selo `interpolado`. Nenhuma quebra anual pode ser lida nesta tabela."
2025,tete_aoi,mascara_fixa_2020,reassentamento,9366.065,4.264,28.54,0.00046,0.00305,6.69,0.00028,28,10452,2020,5,"interpolado (mascara de outro ano-ancora, nao do ano)",True,False,,,"Decomposicao de §2.3, executada sob docs/ADR/0015 decisao 4. NAO e particao unica: piso e teto sao as duas envoltorias de uma reparticao sub-pixel indeterminada (luz ~500 m x camadas 30 m, ~278 pixels de camada por pixel de luz). Publicar SEMPRE os dois. `urbano` herda a catraca R2 (ADR 0013; fracao herdada ate 18,0 % em 2025) e a comissao medida em `construido`: acurácia do usuário de `construido` = 0,286–0,625 (docs/ADR/0009; reexecutado em docs/ADR/0014): entre 37,5 % e 71,4 % do que o mapa chama de construído não é. Essa comissao entra inteira na parcela de luz atribuida a urbano. `industrial` e `reassentamento` nao tem R2 (ADR 0014), mas o limiar de `industrial` foi calibrado contra Maus em 2020. Fora dos seis anos-ancora a mascara e de outro ano: selo `interpolado`. Nenhuma quebra anual pode ser lida nesta tabela."
2025,tete_aoi,mascara_fixa_2020,resto,9366.065,5710.718,2090.955,0.60972,0.22325,0.37,0.96726,9461,10452,2020,5,"interpolado (mascara de outro ano-ancora, nao do ano)",True,False,,,"Decomposicao de §2.3, executada sob docs/ADR/0015 decisao 4. NAO e particao unica: piso e teto sao as duas envoltorias de uma reparticao sub-pixel indeterminada (luz ~500 m x camadas 30 m, ~278 pixels de camada por pixel de luz). Publicar SEMPRE os dois. `urbano` herda a catraca R2 (ADR 0013; fracao herdada ate 18,0 % em 2025) e a comissao medida em `construido`: acurácia do usuário de `construido` = 0,286–0,625 (docs/ADR/0009; reexecutado em docs/ADR/0014): entre 37,5 % e 71,4 % do que o mapa chama de construído não é. Essa comissao entra inteira na parcela de luz atribuida a urbano. `industrial` e `reassentamento` nao tem R2 (ADR 0014), mas o limiar de `industrial` foi calibrado contra Maus em 2020. Fora dos seis anos-ancora a mascara e de outro ano: selo `interpolado`. Nenhuma quebra anual pode ser lida nesta tabela."
